step,time,q0,q1,q2,q3,q4,q5,current0,current1,current2,current3,current4,current5,ctrl_output0,ctrl_output1,ctrl_output2,ctrl_output3,ctrl_output4,ctrl_output5,tcp_force0,tcp_force1,tcp_force2,tcp_force3,tcp_force4,tcp_force5,ctrl_pre_alpha0,ctrl_pre_alpha1,ctrl_pre_alpha2,ctrl_pre_alpha3,ctrl_pre_alpha4,ctrl_pre_alpha5,ctrl0,ctrl1,ctrl2,ctrl3,ctrl4,ctrl5,obs_q0,obs_q1,obs_q2,obs_q3,obs_q4,obs_q5,action0,action1,action2,action3,action4,action5,action6,gripper_norm,gripper_ctrl,finger_pos_est,gripper_obs,gripper_fb_pos,gripper_fb_pct,grasped,obj_flag,tcp_x,tcp_y,tcp_z,box_x,box_y,box_z,box_qw,box_qx,box_qy,box_qz,target_x,target_y,target_z,box_to_target_dist,recv_time_s,mocap_time_s,obs_time_s,policy_time_s,ctrl_time_s,send_time_s,compute_time_s,sleep_time_s,loop_dt_true_s,loop_hz_true,overrun_count
0,0.020131224999204278,-0.4639981428729456,-1.0362463754466553,0.6556032339679163,-1.821252008477682,-2.0628836790667933,-0.7132023016559046,-0.09678992629051208,-1.7207475900650024,-1.3430819511413574,-0.7428168654441833,-0.2414076179265976,0.04966548830270767,3.292209939952082e-17,-1.1941921710968018,-0.7850141525268555,-0.2433202564716339,-0.02634856104850769,0.0,1.3301453524348417,-4.642496773054449,-1.7042501852777368,-0.24429861533266284,-0.08770165116493758,0.09053146183804311,-0.45505697,-1.0386556,0.6503463,-1.8110381,-2.0557523,-0.7171649,-0.45505697,-1.0386556,0.6503463,-1.8110381,-2.0557523,-0.7171649,-0.46399813890457153,-1.036246418952942,0.6556032299995422,-1.8212519884109497,-2.0628836154937744,-0.7132022976875305,0.22352947,-0.06023165,-0.13142347,0.2553458,0.17828135,-0.09906514,-0.030453734,0.0,0.0,0.0,0.0,,,False,0,0.4678997522345313,-0.21295938809996257,0.32184565693482736,0.5018788726066262,0.19172051563606995,0.11964868104294901,0.9995922769778579,0.005735907340883386,0.0015313785140431688,0.027929832351451845,0.28938544,-0.09596676,0.28934506,0.39587155219446557,3.352000203449279e-05,0.00013884800137020648,0.00067709299037233,0.0003627920086728409,0.00017731900152284652,0.00011613300011958927,0.0018642100039869547,0.018265746999531984,0.02012995700351894,49.67720496497777,0
1,0.040099244986777194,-0.46389896074403936,-1.0363091987422486,0.6555760542498987,-1.8211695156493128,-2.062878433858053,-0.7132023016559046,0.24701638519763947,-1.890256404876709,-1.6082696914672852,-0.5451878905296326,-0.06150564178824425,-0.07895726710557938,0.38190919160842896,-1.3857678174972534,-0.9971697926521301,-0.09046847373247147,0.12675733864307404,-0.08478964120149612,1.3338932842255908,-3.783371134404734,-1.4990871842453755,-0.22906234716695653,-0.08776806455720268,0.08116325271696459,-0.4544495,-1.0385584,0.64957136,-1.810629,-2.05545,-0.7170731,-0.4544495,-1.0385584,0.64957136,-1.810629,-2.05545,-0.7170731,-0.4638989567756653,-1.0363092422485352,0.6555760502815247,-1.8211694955825806,-2.062878370285034,-0.7132022976875305,0.23623613,-0.056227617,-0.15011697,0.2635136,0.18571217,-0.0967692,-0.020613518,0.0,0.0,0.0,0.0,,,False,0,0.46790435433993255,-0.21290349002114733,0.3218722061170555,0.5019340253254079,0.19175582768439364,0.11976123637382266,0.9995967513517262,0.00546975057394817,0.0003081204444404789,0.027863439815862947,0.28938544,-0.09596676,0.28934506,0.3958785914470334,3.9238002500496805e-05,0.00011601099686231464,0.00048796999908518046,0.0003161049971822649,0.00015324499690905213,9.78479947661981e-05,0.0015524059999734163,0.018264065991388634,0.01981647199136205,50.46306933120575,0
2,0.06013034399074968,-0.4633677641498011,-1.0364528459361573,0.6551926771747034,-1.8204952679076136,-2.0623696486102503,-0.7134698073016565,0.4048091471195221,-1.952194094657898,-1.6096107959747314,-0.46283668279647827,-0.008846159093081951,-0.12586282193660736,0.3338373601436615,-1.4883613586425781,-1.0623703002929688,-0.08535048365592957,0.1386290192604065,-0.15281450748443604,1.368650447524042,-3.461364272454513,-1.9624373960017922,-0.24065883928287674,-0.07710370845271189,0.04046407985802636,-0.45366797,-1.038636,0.64910823,-1.8098086,-2.0551105,-0.7172538,-0.45366797,-1.038636,0.64910823,-1.8098086,-2.0551105,-0.7172538,-0.463367760181427,-1.0364528894424438,0.6551926732063293,-1.8204952478408813,-2.0623695850372314,-0.7134698033332825,0.24249461,-0.054576717,-0.15211171,0.26716682,0.18148,-0.09460073,-0.018871596,0.0,0.0,0.0,0.0,,,False,0,0.46801535117800624,-0.21253500210553045,0.3219198511786653,0.5018845840504259,0.1917563364489778,0.119728375422131,0.9995879135998301,0.005822381384270704,0.0004297472732919129,0.028105003318694154,0.28938544,-0.09596676,0.28934506,0.3958664970439366,5.6271004723384976e-05,0.00011497399827931076,0.0005424580012913793,0.00032938900403678417,0.00023784600489307195,0.000108509004348889,0.0016985050024231896,0.01817591999133583,0.01987442499375902,50.31592110534119,0
3,0.08008551399689168,-0.4624283949481409,-1.0368341964534302,0.6545146147357386,-1.8193208179869593,-2.0615232626544397,-0.7139504591571253,0.39713385701179504,-1.8983218669891357,-1.60256826877594,-0.40739864110946655,-0.029077161103487015,-0.14650258421897888,0.2910236418247223,-1.4592783451080322,-1.0469502210617065,-0.09612900018692017,0.12824521958827972,-0.14649023115634918,1.4183228973777975,-3.8249878067515257,-1.7907124593342234,-0.2545661097664711,-0.03185489431079582,-0.012768790814854446,-0.4524521,-1.0389537,0.64835155,-1.8084353,-2.0543735,-0.71765524,-0.4524521,-1.0389537,0.64835155,-1.8084353,-2.0543735,-0.71765524,-0.46242839097976685,-1.0368342399597168,0.6545146107673645,-1.819320797920227,-2.061523199081421,-0.7139504551887512,0.24940743,-0.052985486,-0.15407594,0.27213585,0.1787439,-0.09262015,-0.015910614,0.0,0.0,0.0,0.0,,,False,0,0.46818520391025725,-0.21188275517341787,0.3220778074258832,0.501920374645135,0.1916952704661236,0.11973640889780406,0.9995921183079421,0.005932018849587354,0.0006834549357215997,0.027926823590600395,0.28938544,-0.09596676,0.28934506,0.3958378886465619,3.9260004996322095e-05,0.00011575200187508017,0.00046374999510589987,0.00037112699646968395,0.00017350200505461544,9.979400783777237e-05,0.0015902529994491488,0.018216341006336734,0.019806594005785882,50.48823637763671,0
4,0.10051422099058982,-0.46099883714784795,-1.0371974271586915,0.6536935011493128,-1.8178097210326136,-2.0604222456561487,-0.7145169417010706,0.2839820981025696,-1.8581962585449219,-1.5457262992858887,-0.42543187737464905,-0.0646037757396698,-0.13261830806732178,0.2731345295906067,-1.4458317756652832,-1.0411754846572876,-0.09806779026985168,0.12449613958597183,-0.14430274069309235,1.1036428016330948,-5.009630683006073,-1.6761783643387855,-0.27690852832344226,-0.02221161413456523,0.015503190088198816,-0.45091668,-1.039288,0.64756143,-1.8068081,-2.0533493,-0.71819276,-0.45091668,-1.039288,0.64756143,-1.8068081,-2.0533493,-0.71819276,-0.4609988331794739,-1.037197470664978,0.6536934971809387,-1.8178097009658813,-2.06042218208313,-0.7145169377326965,0.2520539,-0.052265134,-0.15330105,0.27503827,0.17682554,-0.09189518,-0.014500538,0.0,0.0,0.0,0.0,,,False,0,0.46846818071902196,-0.2109463721745584,0.32219454706097694,0.5019461027421771,0.19166028123195106,0.1197834759409733,0.9995975016715153,0.005187996303599017,0.000236583907978044,0.027889902086178822,0.28938544,-0.09596676,0.28934506,0.39580611203663496,5.004699050914496e-05,0.0001742089953040704,0.0006252930033951998,0.000360819001798518,0.0002398570068180561,0.00013006299559492618,0.001981957000680268,0.018264544996782206,0.020246501997462474,49.39124793632656,0
5,0.12013446498895064,-0.4593442122088831,-1.037572519188263,0.6526621023761194,-1.8160273037352503,-2.0592568556415003,-0.7151659170733851,0.2130630910396576,-1.7931666374206543,-1.4531821012496948,-0.38868749141693115,-0.059329863637685776,-0.127069890499115,0.22901220619678497,-1.422086477279663,-1.0262078046798706,-0.10249581933021545,0.11873967200517654,-0.14189118146896362,1.130861391791085,-5.086665226708155,-1.3989603534954722,-0.2710067153723617,-0.0326314579829201,0.016271799589721036,-0.44928628,-1.0396602,0.6466353,-1.8049817,-2.0522518,-0.7188482,-0.44928628,-1.0396602,0.6466353,-1.8049817,-2.0522518,-0.7188482,-0.45934420824050903,-1.0375725030899048,0.6526620984077454,-1.816027283668518,-2.0592567920684814,-0.715165913105011,0.25144842,-0.0521924,-0.15067032,0.27613926,0.17512481,-0.092058145,-0.014607105,0.0,0.0,0.0,0.0,,,False,0,0.4687827646452325,-0.20988202922784605,0.3223413519875836,0.5019328886766906,0.1916322933708909,0.11980080635840511,0.9995944542474072,0.005601636258854973,0.0002519552087290043,0.027918985300886857,0.28938544,-0.09596676,0.28934506,0.3957712530309586,4.360599268693477e-05,0.0001700610009720549,0.0005446959985420108,0.0003835800016531721,0.0001950229925569147,0.0001244899904122576,0.0018757249927148223,0.017553498997585848,0.01942922399030067,51.46885951282529,0
6,0.14015331398695707,-0.4580772558795374,-1.0378157061389466,0.6518400351153772,-1.8146301708617152,-2.058314625416891,-0.7156317869769495,0.22853490710258484,-1.8536863327026367,-1.4679036140441895,-0.3993929326534271,-0.043557897210121155,-0.1593969315290451,0.22899873554706573,-1.4214558601379395,-1.0237305164337158,-0.10364788770675659,0.11784140765666962,-0.14159171283245087,1.0486855113474967,-5.052293640849556,-1.0728570548023248,-0.2702353498811903,-0.023837108605467807,0.02843225088882929,-0.44806314,-1.039931,0.6458822,-1.8035734,-2.0513167,-0.7193318,-0.44806314,-1.039931,0.6458822,-1.8035734,-2.0513167,-0.7193318,-0.45807725191116333,-1.0378156900405884,0.6518400311470032,-1.814630150794983,-2.058314561843872,-0.7156317830085754,0.25035298,-0.05288564,-0.14894618,0.27642098,0.17494763,-0.09250063,-0.014509301,0.0,0.0,0.0,0.0,,,False,0,0.46903373523159286,-0.20906069764358937,0.32243306263211813,0.5019561007278214,0.19167050790386758,0.11975872753319779,0.9995993974909724,0.005677512938996206,0.00022765290427485067,0.027727041784479198,0.28938544,-0.09596676,0.28934506,0.3958295153124314,4.290801007300615e-05,0.00012662001245189458,0.000552329991478473,0.00028337100229691714,0.00016790399968158454,0.00017452599422540516,0.0017057060031220317,0.01812857399636414,0.01983427999948617,50.41776157369494,0
7,0.1601279509923188,-0.4567225615130823,-1.0380727809718628,0.6510422865497034,-1.8130580387511195,-2.057340447102682,-0.7161577383624476,0.2848474979400635,-1.9203925132751465,-1.5194611549377441,-0.40541931986808777,-0.01885799691081047,-0.1573379933834076,0.23282188177108765,-1.4237734079360962,-1.0245673656463623,-0.10221412032842636,0.11905507743358612,-0.14252837002277374,1.4161523097575794,-4.736408339398636,-1.818096551950076,-0.2735028333918868,-0.037641367479000085,0.01597678778721792,-0.44672677,-1.040196,0.6451446,-1.8019764,-2.050386,-0.71986485,-0.44672677,-1.040196,0.6451446,-1.8019764,-2.050386,-0.71986485,-0.45672255754470825,-1.0380728244781494,0.6510422825813293,-1.8130580186843872,-2.057340383529663,-0.7161577343940735,0.24989471,-0.053077456,-0.147442,0.2770408,0.17386068,-0.09267771,-0.014777118,0.0,0.0,0.0,0.0,,,False,0,0.4692843908282372,-0.20818184199667175,0.3224859727697574,0.5019327440912553,0.19171572708879334,0.11976768660964524,0.9995883191105979,0.005666301135437884,0.0004214137748764836,0.02812248646830361,0.28938544,-0.09596676,0.28934506,0.39584599627019734,3.859499702230096e-05,0.00011480400280561298,0.0004637139936676249,0.00027093499375041574,0.00015408800391014665,0.00010225000733043998,0.0014550010091625154,0.018352721992414445,0.01980772300157696,50.485358661386094,0
8,0.18007822000072338,-0.4553630987750452,-1.0383103650859375,0.6502073446856897,-1.811537881890768,-2.0563276449786585,-0.7166717688189905,0.28147080540657043,-1.8788529634475708,-1.5066105127334595,-0.39140161871910095,-0.04122419282793999,-0.14604288339614868,0.23085902631282806,-1.4229376316070557,-1.0240600109100342,-0.1020679697394371,0.11940326541662216,-0.14278998970985413,1.4950072746350669,-4.6169236253374075,-1.7167626957874729,-0.2675868792560337,-0.04172840735627234,0.016306111053233076,-0.4453711,-1.0404248,0.6443727,-1.8004107,-2.049425,-0.72037923,-0.4453711,-1.0404248,0.6443727,-1.8004107,-2.049425,-0.72037923,-0.45536309480667114,-1.0383104085922241,0.6502073407173157,-1.8115378618240356,-2.0563275814056396,-0.7166717648506165,0.24980006,-0.05286181,-0.14586614,0.2781782,0.17256562,-0.09268716,-0.014702062,0.0,0.0,0.0,0.0,,,False,0,0.46954983968748804,-0.2072988196754575,0.3225499068550444,0.5019471239209792,0.19176585486770012,0.11977330347389861,0.9996024543920042,0.005966833034427778,0.0011101848677671207,0.02753340241640896,0.28938544,-0.09596676,0.28934506,0.39588774303346624,3.9556995034217834e-05,0.00011098899994976819,0.0004597749939421192,0.0002789050049614161,0.0001525859988760203,0.00016999099170789123,0.0015348469896707684,0.018272552013513632,0.0198073990031844,50.48618447274333,0
9,0.2000740959920222,-0.453893009816305,-1.0386570256999512,0.6493361631976526,-1.810010095635885,-2.05536920229067,-0.717170540486471,0.23883286118507385,-1.848647117614746,-1.4613633155822754,-0.4013482928276062,-0.04320954903960228,-0.15253660082817078,0.23039497435092926,-1.4215362071990967,-1.0230315923690796,-0.10192012786865234,0.11939742416143417,-0.14282986521720886,1.169478992026666,-4.860668137158752,-1.4373336310091087,-0.26683131322258274,-0.03712241451014061,0.022935675484988226,-0.44392022,-1.0407766,0.64359564,-1.7988352,-2.0485184,-0.72088367,-0.44392022,-1.0407766,0.64359564,-1.7988352,-2.0485184,-0.72088367,-0.4538930058479309,-1.0386570692062378,0.6493361592292786,-1.8100100755691528,-2.0553691387176514,-0.7171705365180969,0.24931954,-0.052988153,-0.1435138,0.2793722,0.17126936,-0.092828915,-0.0144831175,0.0,0.0,0.0,0.0,,,False,0,0.46981177047100864,-0.20636394487830856,0.3226872897210545,0.5018709561641784,0.19166917000374345,0.11980063235812957,0.9995975749990583,0.00566242620452538,0.00027078424307780825,0.02779554622178288,0.28938544,-0.09596676,0.28934506,0.3957648709733706,3.767501038964838e-05,0.0001130170130636543,0.0004774109984282404,0.00025862199254333973,0.00016294200031552464,9.539100574329495e-05,0.001460981002310291,0.01839172499603592,0.01985270599834621,50.37096706531105,0
10,0.22012182899925392,-0.45251399675478154,-1.0390073221972962,0.6485102812396448,-1.8084365330138148,-2.0543888250934046,-0.7176912466632288,0.2368641495704651,-1.7957764863967896,-1.488383412361145,-0.46312785148620605,-0.02510744147002697,-0.1514270007610321,0.23027347028255463,-1.4198237657546997,-1.0222978591918945,-0.1016574278473854,0.1195259764790535,-0.1428779512643814,1.69866362462716,-4.7140476430006455,-1.682589034032279,-0.2678297919360885,-0.0421967756862526,0.02216631749924093,-0.44255167,-1.0411384,0.6428197,-1.797237,-2.0475802,-0.7214084,-0.44255167,-1.0411384,0.6428197,-1.797237,-2.0475802,-0.7214084,-0.45251399278640747,-1.039007306098938,0.6485102772712708,-1.8084365129470825,-2.0543887615203857,-0.7176912426948547,0.24905786,-0.053276762,-0.14226471,0.27998576,0.17021431,-0.09292977,-0.014536531,0.0,0.0,0.0,0.0,,,False,0,0.47004904544198994,-0.20546427944632317,0.32279815291574004,0.501904486268962,0.19168467316185225,0.1197846959398473,0.9995999921692409,0.005299432579381363,0.0004392330185849409,0.02777764990468111,0.28938544,-0.09596676,0.28934506,0.3958009682033656,5.3373994887806475e-05,0.00011678299051709473,0.0005427249998319894,0.00028545199893414974,0.00015456498658750206,9.850999049376696e-05,0.0015855020028539002,0.018309867999050766,0.019895370001904666,50.26295062138909,0
11,0.24012026499258354,-0.4510992209063929,-1.0392559927752991,0.6477130095111292,-1.8069449863829554,-2.053422753010885,-0.7181938330279749,0.23602426052093506,-1.8208104372024536,-1.5125291347503662,-0.41165074706077576,-0.05705171450972557,-0.21021242439746857,0.23260359466075897,-1.4217215776443481,-1.0229064226150513,-0.10189137607812881,0.11952304095029831,-0.14284531772136688,0.8803228208666556,-4.658266509480333,-0.967135324936893,-0.2234665417173061,-0.022900068363184298,0.024482409891879466,-0.4411556,-1.0413969,0.6420886,-1.7957168,-2.0466487,-0.7219197,-0.4411556,-1.0413969,0.6420886,-1.7957168,-2.0466487,-0.7219197,-0.4510992169380188,-1.039255976676941,0.6477130055427551,-1.8069449663162231,-2.053422689437866,-0.7181938290596008,0.24858987,-0.05352197,-0.14061031,0.28070465,0.16935052,-0.09314676,-0.014540717,0.0,0.0,0.0,0.0,,,False,0,0.47031297503926917,-0.20456089215791634,0.32286284644702756,0.5019436093351834,0.19169108771605634,0.11978937392139975,0.9995926406058232,0.005606504217527461,0.0004878410785653882,0.027980849240985078,0.28938544,-0.09596676,0.28934506,0.39582463380753347,3.959100286010653e-05,0.00011438899673521519,0.0004604239948093891,0.00028065498918294907,0.00016014599532354623,0.00021389599714893848,0.0015962780016707256,0.01825348699640017,0.019849764998070896,50.37843017774696,0
12,0.2601635779865319,-0.44975215593446904,-1.0396509331515809,0.6469100157367151,-1.8053542576231898,-2.052528683339254,-0.7187464872943323,0.2469225525856018,-1.829108476638794,-1.5258846282958984,-0.43455612659454346,-0.0073487162590026855,-0.1514391005039215,0.23289339244365692,-1.4234812259674072,-1.0233176946640015,-0.10208945721387863,0.11950508505105972,-0.14287075400352478,1.3041164419243736,-4.701419028548758,-1.2198531872117255,-0.25153362629862314,-0.03526603124171111,0.021335312835006656,-0.43982694,-1.0417975,0.64135766,-1.7940829,-2.0458019,-0.72247946,-0.43982694,-1.0417975,0.64135766,-1.7940829,-2.0458019,-0.72247946,-0.44975215196609497,-1.0396509170532227,0.6469100117683411,-1.8053542375564575,-2.0525286197662354,-0.7187464833259583,0.24813029,-0.053664807,-0.13880813,0.28178373,0.16816626,-0.09332401,-0.01415144,0.0,0.0,0.0,0.0,,,False,0,0.4705173169038803,-0.20368439309251274,0.32299206810976694,0.5019628275306326,0.1916855610116392,0.11970909825721353,0.9995880946952651,0.005798714451644875,0.0008703241754978654,0.028093802290340093,0.28938544,-0.09596676,0.28934506,0.3958653310560347,3.794700023718178e-05,0.00011269000242464244,0.0004802839976036921,0.00026406800316181034,0.0001528389984741807,9.638599294703454e-05,0.001494124997407198,0.01840538099349942,0.01989950599090662,50.25250377858451,0
13,0.2800783610000508,-0.4483893553363245,-1.0397964876941224,0.6461308638202112,-1.8037783108153285,-2.0515554586993616,-0.7192414442645472,0.27897146344184875,-1.850494146347046,-1.5421570539474487,-0.4643952548503876,-0.026272684335708618,-0.1630488932132721,0.23314444720745087,-1.4221314191818237,-1.022616982460022,-0.1022154688835144,0.1195853129029274,-0.14287716150283813,1.5078993785933705,-4.475864478804894,-1.4769981941112929,-0.2660222182247166,-0.03987495468212307,0.0161403700009546,-0.43846965,-1.0419571,0.64063233,-1.7924943,-2.0448618,-0.72297686,-0.43846965,-1.0419571,0.64063233,-1.7924943,-2.0448618,-0.72297686,-0.44838935136795044,-1.0397964715957642,0.6461308598518372,-1.8037782907485962,-2.0515553951263428,-0.7192414402961731,0.24799232,-0.05401785,-0.13746388,0.28210112,0.16734222,-0.09338517,-0.014496112,0.0,0.0,0.0,0.0,,,False,0,0.47077394007788964,-0.20280608259238198,0.32298007619425617,0.5019401002717099,0.19170037211112317,0.11983407280166648,0.9995968012889632,0.005334748648010697,-0.00023659600297841203,0.027886903671996553,0.28938544,-0.09596676,0.28934506,0.39581035184167473,3.888100036419928e-05,0.00011503600399009883,0.00046840700088068843,0.00030034199880901724,0.00015902800078038126,9.935800335370004e-05,0.001490676004323177,0.018257557007018477,0.019748233011341654,50.637441811917434,0
14,0.30022019999159966,-0.4469664732562464,-1.0401432675174256,0.6453354994403284,-1.8022457561888636,-2.0505855719195765,-0.7197402159320276,0.21089579164981842,-1.8335065841674805,-1.4962786436080933,-0.47206684947013855,-0.03567055985331535,-0.16986103355884552,0.23235386610031128,-1.4232488870620728,-1.0227402448654175,-0.10228865593671799,0.11932490020990372,-0.14300748705863953,1.37322324089262,-4.780920404762878,-1.564666636404848,-0.27375944321438667,-0.04260938079228295,0.02203378413013431,-0.43704528,-1.0422925,0.6399039,-1.7909026,-2.043956,-0.7234747,-0.43704528,-1.0422925,0.6399039,-1.7909026,-2.043956,-0.7234747,-0.4469664692878723,-1.0401432514190674,0.6453354954719543,-1.8022457361221313,-2.0505855083465576,-0.7197402119636536,0.24802949,-0.053730592,-0.13578969,0.28357825,0.16573921,-0.09336153,-0.014234468,0.0,0.0,0.0,0.0,,,False,0,0.47101455174341633,-0.20188705360005754,0.323086105614761,0.5019054842766334,0.19168309771601316,0.11979138050609382,0.9995933367887488,0.005722570453879702,0.0005582470041267203,0.027931364049486852,0.28938544,-0.09596676,0.28934506,0.395797495490752,3.8906000554561615e-05,0.00011242000618949533,0.00047561200335621834,0.0009044799953699112,0.00015285999688785523,0.0002798400091705844,0.0022963119990890846,0.017702051001833752,0.019998363000922836,50.00409283269108,0
15,0.3200830919959117,-0.4456079641925257,-1.040461317901947,0.6445334593402308,-1.8006860218443812,-2.049664322529928,-0.7202490011798304,0.21145769953727722,-1.7930279970169067,-1.470425009727478,-0.4984961450099945,-0.008002405986189842,-0.1646622270345688,0.23159383237361908,-1.4190409183502197,-1.0210639238357544,-0.10186851024627686,0.11939593404531479,-0.1429700404405594,1.407830205407667,-4.898142749120295,-1.497168809883421,-0.26918386683837187,-0.038297417576435955,0.0273296467701734,-0.43497863,-1.042634,0.63882864,-1.7890593,-2.0430882,-0.7238461,-0.43497863,-1.042634,0.63882864,-1.7890593,-2.0430882,-0.7238461,-0.4456079602241516,-1.0404613018035889,0.6445334553718567,-1.800686001777649,-2.049664258956909,-0.7202489972114563,0.265733,-0.05431638,-0.14262083,0.29066887,0.16439922,-0.089926906,-0.008749461,0.0,0.0,0.0,0.0005882349796593189,0.0002941175,1.17647,False,3,0.4712346622053376,-0.20100649866605552,0.32317910541224903,0.5019520252082449,0.1916643074449468,0.11979018067552685,0.999585318972956,0.005771075395778526,0.00016442102330313307,0.028211012175375347,0.28938544,-0.09596676,0.28934506,0.39580934621748354,5.514700023923069e-05,0.0001986270071938634,0.000510482001118362,0.00033326700213365257,0.00015980600437615067,0.00012586000957526267,0.002034410004853271,0.017666797997662798,0.01970120800251607,50.758308824123304,0
16,0.340089936988079,-0.44421369234193975,-1.0407525461963196,0.6437748114215296,-1.7991296253600062,-2.0487073103534144,-0.7207868734942835,0.23471108078956604,-1.813991904258728,-1.4851484298706055,-0.4874655604362488,-0.02213338389992714,-0.1662435084581375,0.23291055858135223,-1.419311761856079,-1.021243691444397,-0.10203611105680466,0.11950574070215225,-0.14284242689609528,1.393305811246564,-4.7934855860913785,-1.4930671327485485,-0.27140426025276404,-0.04506935277874237,0.02136873278956276,-0.43430892,-1.0429713,0.63840616,-1.7877477,-2.0421617,-0.7245382,-0.43430892,-1.0429713,0.63840616,-1.7877477,-2.0421617,-0.7245382,-0.4442136883735657,-1.0407525300979614,0.6437748074531555,-1.799129605293274,-2.0487072467803955,-0.7207868695259094,0.24761935,-0.055468705,-0.13421586,0.28454626,0.16364072,-0.09378327,-0.013603284,0.0,0.0,0.0,0.0005882349796593189,0.0002941175,1.17647,False,3,0.4714682917400591,-0.20010416812329107,0.32323900062068167,0.5019522298300713,0.19164448048246882,0.11977262245066504,0.999590868056069,0.005645438582677002,0.00027390750361306026,0.028038762556611644,0.28938544,-0.09596676,0.28934506,0.3958025703690033,5.5415992392227054e-05,0.00011652700777631253,0.00048447299923282117,0.0003315189969725907,0.0001682150032138452,0.00010693099466152489,0.0015843930013943464,0.018268522995640524,0.01985291599703487,50.37043425506635,0
17,0.3601329979865113,-0.44284326234926397,-1.0410328668406983,0.6430400053607386,-1.7975665531554164,-2.04783279100527,-0.7212818304644983,0.26199251413345337,-1.7922543287277222,-1.4782142639160156,-0.4893221855163574,-0.025525223463773727,-0.1674042046070099,0.24523845314979553,-1.423430323600769,-1.0242253541946411,-0.10204735398292542,0.11962120980024338,-0.1423759162425995,1.6253965628570302,-4.760350972878466,-1.3810237617634913,-0.26392762278735915,-0.04779611359177423,0.021897015298943497,-0.43296075,-1.0432473,0.6377744,-1.7861625,-2.0413566,-0.7250322,-0.43296075,-1.0432473,0.6377744,-1.7861625,-2.0413566,-0.7250322,-0.4428432583808899,-1.0410329103469849,0.6430400013923645,-1.797566533088684,-2.047832727432251,-0.7212818264961243,0.24706239,-0.055359345,-0.13164021,0.2851007,0.16190206,-0.09375936,-0.014027204,0.0,0.0,0.0,0.0005882349796593189,0.0002941175,1.17647,False,3,0.4716831032791002,-0.19922603459143695,0.3232900788510553,0.5019200355584712,0.19172221092085182,0.11977565150445134,0.9995957016047732,0.005399721225118476,0.00041108777818373336,0.0279117399448825,0.28938544,-0.09596676,0.28934506,0.39584047284141927,5.616700218524784e-05,0.00014716699661221355,0.0007138010114431381,0.00039977401320356876,0.00020466699788812548,0.00013188998855184764,0.002134933994966559,0.017687029991066083,0.019821963986032642,50.44908772433652,0
18,0.380135198996868,-0.4414752165423792,-1.04133494318042,0.6422331968890589,-1.7959863148131312,-2.046899143849508,-0.7218030134784144,0.241781085729599,-1.8180577754974365,-1.4177876710891724,-0.4483048915863037,-0.033264949917793274,-0.1830071061849594,0.22936318814754486,-1.419441819190979,-1.0213119983673096,-0.10246791690587997,0.11938498914241791,-0.14288230240345,1.5035607617505915,-4.871808127448299,-1.278662870067689,-0.26764604690449406,-0.05087605679585884,0.022251744803754196,-0.43156904,-1.043545,0.63703066,-1.7845308,-2.0404809,-0.7255463,-0.43156904,-1.043545,0.63703066,-1.7845308,-2.0404809,-0.7255463,-0.4414752125740051,-1.0413349866867065,0.6422331929206848,-1.795986294746399,-2.0468990802764893,-0.7218030095100403,0.2476543,-0.055251267,-0.13006291,0.2863887,0.16045567,-0.093582034,-0.013548421,0.0,0.0,0.0,0.0005882349796593189,0.0002941175,1.17647,False,3,0.4719015724436278,-0.19833760834567843,0.3233717230629744,0.5019325794047117,0.19170853353028997,0.11972400946631467,0.9995903930638711,0.005737554163443317,0.001129528563955033,0.028015337181499796,0.28938544,-0.09596676,0.28934506,0.395859393097879,4.3719992390833795e-05,0.00012800900731235743,0.0005608580104308203,0.0002752419968601316,0.00016741100989747792,0.00010534400644246489,0.0016364050097763538,0.018183963999035768,0.019820369008812122,50.45314744419747,0
19,0.40013975399779156,-0.44003612199892217,-1.041598157291748,0.641517464314596,-1.7943626842894496,-2.0459898153888147,-0.7223132292376917,0.2147645652294159,-1.805877447128296,-1.4852514266967773,-0.46803465485572815,-0.037221185863018036,-0.15944190323352814,0.22792929410934448,-1.4177722930908203,-1.0193082094192505,-0.10272231698036194,0.11912442743778229,-0.14310933649539948,1.5797022582536104,-4.80971886256529,-1.670628498835365,-0.2691984550317993,-0.051528210562936605,0.019532055089652,-0.43013924,-1.0438316,0.6363493,-1.7828779,-2.0395815,-0.7260665,-0.43013924,-1.0438316,0.6363493,-1.7828779,-2.0395815,-0.7260665,-0.4400361180305481,-1.0415982007980347,0.6415174603462219,-1.7943626642227173,-2.045989751815796,-0.7223132252693176,0.24742198,-0.055833727,-0.12920406,0.28711984,0.16020556,-0.09383219,-0.013337528,0.0,0.0,0.0,0.0005882349796593189,0.0002941175,1.17647,False,3,0.472126574442592,-0.1974181774524229,0.32339195863262526,0.5019682901667143,0.19163053640550115,0.11979421486053696,0.9995872303982615,0.00541008832466839,0.00011208905933945519,0.02821465492847971,0.28938544,-0.09596676,0.28934506,0.39579181335188324,6.0834005125798285e-05,0.00013105598918627948,0.0005415479972725734,0.0002692419948289171,0.00016898399917408824,0.00011036499927286059,0.0017046330031007528,0.018125514005078003,0.019830147008178756,50.4282696233951,0
20,0.4201303469890263,-0.4385946432696741,-1.0419360560229798,0.6408074537860315,-1.792826314965719,-2.045107666646139,-0.7228391806231897,0.2211063653230667,-1.8399620056152344,-1.5148688554763794,-0.44826164841651917,-0.020107997581362724,-0.17109890282154083,0.22862806916236877,-1.4169963598251343,-1.0192623138427734,-0.10255187749862671,0.1190672293305397,-0.1429814100265503,1.3054378680567669,-4.831487867094545,-1.5895721631530124,-0.2672337997075621,-0.0442584182604895,0.027588837889943558,-0.42872614,-1.0441657,0.63573074,-1.7813157,-2.0387633,-0.72659504,-0.42872614,-1.0441657,0.63573074,-1.7813157,-2.0387633,-0.72659504,-0.43859463930130005,-1.0419360399246216,0.6408074498176575,-1.7928262948989868,-2.04510760307312,-0.7228391766548157,0.24671285,-0.055741128,-0.12691781,0.28776455,0.15861024,-0.0938963,-0.013484879,0.0,0.0,0.0,0.0005882349796593189,0.0002941175,1.17647,False,3,0.47234380951519644,-0.19650053845171894,0.32346732556378144,0.501922871119524,0.19169131080227858,0.11977523580038293,0.9995933947126613,0.006183110034522831,0.0013230797100164497,0.02780322214853657,0.28938544,-0.09596676,0.28934506,0.3958197164707497,4.339301085565239e-05,0.00015564600471407175,0.0006851359939901158,0.00027149599918629974,0.0001727439957903698,0.00010914000449702144,0.0017879570077639073,0.018024103992502205,0.019812061000266112,50.474304515141974,0
21,0.4401278209988959,-0.4372904936419886,-1.0422546428493042,0.6400736013995569,-1.7912312946715296,-2.0441749731646937,-0.7233336607562464,0.2738911509513855,-1.8098193407058716,-1.5133885145187378,-0.43960195779800415,-0.020592879503965378,-0.16967912018299103,0.23128023743629456,-1.4164111614227295,-1.0190986394882202,-0.10232599079608917,0.11929361522197723,-0.14294852316379547,1.3978351586675257,-4.642044210713007,-1.3484989200453756,-0.2638055204179698,-0.047690304399345004,0.02638866926875801,-0.4274491,-1.0444906,0.635063,-1.7797,-2.0378702,-0.7270964,-0.4274491,-1.0444906,0.635063,-1.7797,-2.0378702,-0.7270964,-0.4372904896736145,-1.0422546863555908,0.6400735974311829,-1.7912312746047974,-2.044174909591675,-0.7233336567878723,0.24603453,-0.055898633,-0.12526494,0.2882823,0.15761773,-0.094068676,-0.0136033315,0.0,0.0,0.0,0.0005882349796593189,0.0002941175,1.17647,False,3,0.4725369236219585,-0.19563776876931252,0.3235263580018518,0.5019121919729792,0.1917333673306043,0.11974054879752721,0.9995906570279149,0.005285604203501702,0.0007921599892792698,0.028106937387291735,0.28938544,-0.09596676,0.28934506,0.39585940829180666,8.266200893558562e-05,0.00011753100261557847,0.0004892120050499216,0.00024211700656451285,0.0001579569943714887,9.537099685985595e-05,0.0015359609969891608,0.01831161200243514,0.0198475729994243,50.38399405453785,0
22,0.46008153998991475,-0.4359038511859339,-1.0425459307483216,0.6393378416644495,-1.7896625004210414,-2.043300453816549,-0.7238667646991175,0.23883771896362305,-1.8363473415374756,-1.5043432712554932,-0.46946924924850464,-0.037777259945869446,-0.1683182567358017,0.2329120934009552,-1.4167367219924927,-1.0187619924545288,-0.10252725332975388,0.1192326545715332,-0.14296047389507294,1.2847113333058404,-4.624750346347723,-1.4767019582695275,-0.2539369908365992,-0.04369604246202016,0.02307800243215023,-0.4260524,-1.0447903,0.63438517,-1.7780949,-2.0370374,-0.7276278,-0.4260524,-1.0447903,0.63438517,-1.7780949,-2.0370374,-0.7276278,-0.4359038472175598,-1.0425459146499634,0.6393378376960754,-1.789662480354309,-2.0433003902435303,-0.7238667607307434,0.24628654,-0.056109138,-0.12381613,0.2891896,0.15657519,-0.094026595,-0.0132745635,0.0,0.0,0.0,0.0005882349796593189,0.0002941175,1.17647,False,3,0.47274297233960244,-0.19474849612015305,0.323582336148597,0.5018925792385895,0.19173169145729127,0.11975628583268219,0.9995969115079587,0.005531568268956666,0.00023262943176219057,0.02784622310360235,0.28938544,-0.09596676,0.28934506,0.3958409186334955,3.89749911846593e-05,0.00011532999633345753,0.0004837320011574775,0.0003127819945802912,0.0001595759968040511,0.00010650900367181748,0.0015660469944123179,0.01819048699690029,0.019756533991312608,50.61616579303447,0
23,0.48008633599965833,-0.43458778062929326,-1.0428874653628846,0.6386149565326136,-1.7880555591978968,-2.0424349943744105,-0.7243688742267054,0.24767711758613586,-1.841234564781189,-1.4573960304260254,-0.42108070850372314,0.007502488326281309,-0.16816695034503937,0.2314210683107376,-1.416698932647705,-1.0185625553131104,-0.10268991440534592,0.11924390494823456,-0.14289388060569763,1.5148552607694277,-4.645239127026824,-1.438366974768869,-0.26322789375648553,-0.04896474468959475,0.02451216795090246,-0.42475814,-1.0451312,0.6337132,-1.7764581,-2.0362067,-0.7281372,-0.42475814,-1.0451312,0.6337132,-1.7764581,-2.0362067,-0.7281372,-0.4345877766609192,-1.0428874492645264,0.6386149525642395,-1.7880555391311646,-2.0424349308013916,-0.7243688702583313,0.24574125,-0.056095105,-0.12254361,0.28993568,0.15570587,-0.09420847,-0.013220511,0.0,0.0,0.0,0.0005882349796593189,0.0002941175,1.17647,False,3,0.4729195760168935,-0.19388783019052777,0.32365244605940735,0.5019619984759028,0.19178844189428734,0.11975923477754792,0.9995854916637035,0.0056688836742278675,0.000594949544379672,0.028219542579138578,0.28938544,-0.09596676,0.28934506,0.39591817196195567,3.8497004425153136e-05,0.00011335599992889911,0.00047031199210323393,0.000312601012410596,0.00016126599803101271,9.254401084035635e-05,0.0015115690039237961,0.018348397003137507,0.019859966007061303,50.352553455753416,0
24,0.5001259049895452,-0.43315440813173467,-1.043171302681305,0.6378925482379358,-1.786511083642477,-2.0415456930743616,-0.7249153296100062,0.25213623046875,-1.800112247467041,-1.470811367034912,-0.4321058392524719,-0.00465063750743866,-0.16019532084465027,0.23211570084095,-1.4161708354949951,-1.0184775590896606,-0.10276495665311813,0.11924852430820465,-0.14290137588977814,1.4094362308550734,-4.695100810985203,-1.2735230824957122,-0.2582975788425631,-0.04803427015392179,0.02422423085706666,-0.42331454,-1.0454262,0.6330416,-1.7748797,-2.0353587,-0.72868186,-0.42331454,-1.0454262,0.6330416,-1.7748797,-2.0353587,-0.72868186,-0.4331544041633606,-1.0431712865829468,0.6378925442695618,-1.7865110635757446,-2.0415456295013428,-0.7249153256416321,0.2459965,-0.056373447,-0.121272564,0.290783,0.1546761,-0.09416319,-0.0129885785,0.0,0.0,0.0,0.0005882349796593189,0.0002941175,1.17647,False,3,0.4731363692498503,-0.1929746851430763,0.3237028219597472,0.5019228351019901,0.19175420957889633,0.11977910908945143,0.9995996734261927,0.005494668771331961,-0.00018395638636826752,0.02775313848777389,0.28938544,-0.09596676,0.28934506,0.3958637514388643,5.155400140210986e-05,0.0001138179941335693,0.00046232499880716205,0.0002961710124509409,0.00015157999587245286,9.944399062078446e-05,0.0014866249985061586,0.01840979600092396,0.01989642099943012,50.26029555911801,0
25,0.5201501899864525,-0.43180686632265264,-1.0434864920428772,0.6372335592852991,-1.784879823724264,-2.0406439940081995,-0.725417439137594,0.2455226480960846,-1.7891584634780884,-1.4669264554977417,-0.4162105619907379,-0.024995751678943634,-0.17798790335655212,0.23109027743339539,-1.416261911392212,-1.0185847282409668,-0.10283849388360977,0.11912011355161667,-0.14288637042045593,1.3075670626066431,-4.71270421092649,-1.512438681838644,-0.2634972770258972,-0.048693986646957975,0.021757499549508726,-0.4219705,-1.0457518,0.6324322,-1.7732214,-2.0344956,-0.72918695,-0.4219705,-1.0457518,0.6324322,-1.7732214,-2.0344956,-0.72918695,-0.43180686235427856,-1.043486475944519,0.637233555316925,-1.7848798036575317,-2.0406439304351807,-0.72541743516922,0.24590917,-0.056632593,-0.12003377,0.29146162,0.15370944,-0.09423745,-0.012941539,0.0,0.0,0.0,0.0005882349796593189,0.0002941175,1.17647,False,3,0.47331965320059294,-0.1920918789141084,0.32372687849292703,0.5019511460073033,0.19165540144796644,0.1197844988232471,0.9995954468777144,0.005431552580709433,0.00021365480573693054,0.027918420884760254,0.28938544,-0.09596676,0.28934506,0.3958048362220127,6.411300273612142e-05,0.0001303530007135123,0.0007173549965955317,0.0003366739983903244,0.00026113000058103353,0.00012904500181321055,0.0020070610044058412,0.017860096995718777,0.01986715800012462,50.33432562391296,0
26,0.540081178987748,-0.4304760138141077,-1.0438123506358643,0.6365426222430628,-1.7833038769164027,-2.039801899586813,-0.7259424368487757,0.2337316870689392,-1.82713782787323,-1.4500285387039185,-0.40275126695632935,-0.02267463691532612,-0.1645262986421585,0.23289217054843903,-1.415574550628662,-1.0183550119400024,-0.10300605744123459,0.11917243897914886,-0.1429511308670044,1.4374670422655478,-4.788000950919689,-1.4494585500149266,-0.26419856415369297,-0.04625639986854497,0.026083984103587705,-0.42067477,-1.0460755,0.6318382,-1.771617,-2.0337064,-0.72971815,-0.42067477,-1.0460755,0.6318382,-1.771617,-2.0337064,-0.72971815,-0.43047600984573364,-1.0438123941421509,0.6365426182746887,-1.7833038568496704,-2.039801836013794,-0.7259424328804016,0.24503095,-0.056575336,-0.11760976,0.29216897,0.15238781,-0.094392635,-0.012842374,0.0,0.0,0.0,0.0005882349796593189,0.0002941175,1.17647,False,3,0.4734948337541298,-0.1912290531226641,0.32378459628339507,0.5019475176447896,0.19165432304248853,0.11972785090989455,0.9995899028776708,0.006064726685898178,0.0007916469368034329,0.027974841577633407,0.28938544,-0.09596676,0.28934506,0.3958263751015275,4.2827989091165364e-05,0.00012778499512933195,0.0005588650092249736,0.0003556459996616468,0.000165099001605995,0.00011964900477323681,0.001722101995255798,0.018025154000497423,0.01974725599575322,50.639947150888034,0
27,0.5601082629873417,-0.429117504750387,-1.044123188858368,0.6358798185931605,-1.7817236385741175,-2.038943592702047,-0.7264726797686976,0.26107192039489746,-1.8061461448669434,-1.4851109981536865,-0.3993097245693207,-0.0343887135386467,-0.16754050552845,0.23262733221054077,-1.414801001548767,-1.0177470445632935,-0.10291466861963272,0.11928189545869827,-0.14292480051517487,1.3869937593958308,-4.4813018160952005,-1.346709035838763,-0.25248237305911436,-0.04008538317838535,0.028259757471238607,-0.41929412,-1.0463955,0.63120216,-1.7700043,-2.032874,-0.73024553,-0.41929412,-1.0463955,0.63120216,-1.7700043,-2.032874,-0.73024553,-0.42911750078201294,-1.0441231727600098,0.6358798146247864,-1.7817236185073853,-2.0389435291290283,-0.7264726758003235,0.2455847,-0.05680799,-0.116942,0.2929832,0.15173717,-0.09432133,-0.012581691,0.0,0.0,0.0,0.0005882349796593189,0.0002941175,1.17647,False,3,0.47367665823601923,-0.19035044303010434,0.3238215151889347,0.5019258840227595,0.19172066251621528,0.11978503794488964,0.9996004411084921,0.005486929352511576,0.0002823201910233088,0.027727314703188788,0.28938544,-0.09596676,0.28934506,0.39583846685478247,8.255799184553325e-05,0.0001270100037800148,0.0005571250076172873,0.00032012500741984695,0.0001736799895297736,0.00012543900811579078,0.001750408991938457,0.018116781997377984,0.01986719098931644,50.33424204447165,0
28,0.5800899199966807,-0.4277589956866663,-1.0443719190410157,0.6352399031268519,-1.780053278008932,-2.0380972067462366,-0.7269743124591272,0.25231701135635376,-1.8045884370803833,-1.4744696617126465,-0.42483633756637573,-0.043074026703834534,-0.2000742256641388,0.23143263161182404,-1.4139727354049683,-1.0170023441314697,-0.10291678458452225,0.11912968754768372,-0.14292337000370026,1.7044190710960139,-4.675451698991645,-1.5794042974296267,-0.27046388229672436,-0.054760301101336874,0.02482656791677206,-0.41793248,-1.0466536,0.63060343,-1.7683012,-2.032066,-0.73074883,-0.41793248,-1.0466536,0.63060343,-1.7683012,-2.032066,-0.73074883,-0.42775899171829224,-1.0443719625473022,0.6352398991584778,-1.7800532579421997,-2.0380971431732178,-0.7269743084907532,0.245663,-0.05704097,-0.11591122,0.29379874,0.15077719,-0.094363436,-0.012475996,0.0,0.0,0.0,0.0005882349796593189,0.0002941175,1.17647,False,3,0.4738536657839047,-0.18947287331828566,0.3238016530811077,0.5019075416158432,0.1916312542255992,0.11974880743419887,0.9995916811424626,0.00497782817204942,-0.0003237239309803746,0.02813556568273773,0.28938544,-0.09596676,0.28934506,0.39577916530504986,4.3235995690338314e-05,0.00012987799709662795,0.000561230001039803,0.000293427990982309,0.00016408300143666565,0.00010563900286797434,0.0016740780120017007,0.018133639998268336,0.019807718010270037,50.485371383089834,0
29,0.6002607359987451,-0.4263995329486292,-1.0447181028178711,0.6346052328692835,-1.7784654102721156,-2.0372474829303187,-0.7275040785418909,0.2588347792625427,-1.790598750114441,-1.5072886943817139,-0.39850690960884094,-0.03992375731468201,-0.1822335124015808,0.23196890950202942,-1.413641333580017,-1.0167901515960693,-0.10308182239532471,0.11908618360757828,-0.14295274019241333,1.4023146941677367,-4.644125337171547,-1.5575301017985077,-0.2628233631473873,-0.05320186626333919,0.02548989928032709,-0.4165782,-1.0469897,0.6300492,-1.766667,-2.0312881,-0.7312754,-0.4165782,-1.0469897,0.6300492,-1.766667,-2.0312881,-0.7312754,-0.4263995289802551,-1.0447181463241577,0.6346052289009094,-1.7784653902053833,-2.0372474193573,-0.7275040745735168,0.24553335,-0.056787483,-0.11390023,0.29495993,0.14898339,-0.09428308,-0.011990198,0.0,0.0,0.0,0.0005882349796593189,0.0002941175,1.17647,False,3,0.4740232558609341,-0.18859109646019873,0.32384500477770384,0.5019421456095096,0.1915039353034256,0.11946694474429764,0.9996323593046346,0.005511156528906846,0.0043590589637046775,0.026187068129310723,0.28938544,-0.09596676,0.28934506,0.3958261299394258,5.9609010349959135e-05,0.00012653099838644266,0.0005424559931270778,0.00026839200290851295,0.00016363100439775735,0.00010608100274112076,0.0016224989958573133,0.018383725007879548,0.02000622400373686,49.984444831429215,0
30,0.6201036969869165,-0.4250443617450159,-1.04502226532016,0.6339576880084437,-1.7767859898009242,-2.0363906065570276,-0.7280142943011683,0.23164525628089905,-1.8066022396087646,-1.514314889907837,-0.4657268524169922,-0.035066839307546616,-0.2006165236234665,0.232055202126503,-1.4115747213363647,-1.0159502029418945,-0.10275042802095413,0.11909786611795425,-0.1428893655538559,1.531830455487716,-4.673103678392279,-1.6103651341591152,-0.26574258405492474,-0.05519402842747258,0.024797488217665437,-0.41522515,-1.0473061,0.62945324,-1.7649648,-2.0304573,-0.7317888,-0.41522515,-1.0473061,0.62945324,-1.7649648,-2.0304573,-0.7317888,-0.42504435777664185,-1.0450222492218018,0.6339576840400696,-1.776785969734192,-2.036390542984009,-0.7280142903327942,0.24548022,-0.057096668,-0.11261179,0.2955298,0.14833361,-0.09436375,-0.011889955,0.0,0.0,0.0,0.0005882349796593189,0.0002941175,1.17647,False,3,0.47418789320461574,-0.18770830744439143,0.323853738165473,0.5019699848209669,0.191472836304898,0.11951395376445374,0.9996314647955278,0.004906482045789826,0.0028903989636243246,0.026541488145759667,0.28938544,-0.09596676,0.28934506,0.3957983226452261,4.2180006857961416e-05,0.00012433399388100952,0.0005476540100062266,0.0003207139961887151,0.00016281500575132668,0.0001999910018639639,0.00173566400189884,0.017928707995451987,0.019664371997350827,50.8533911042122,0
31,0.6401357199938502,-0.4236705938922327,-1.0453554552844544,0.6333263556109827,-1.7751857242979945,-2.035529915486471,-0.7285402456866663,0.2279731035232544,-1.798566222190857,-1.5346691608428955,-0.4203726649284363,-0.044873785227537155,-0.19186191260814667,0.2322477400302887,-1.411412239074707,-1.0155316591262817,-0.1027594730257988,0.11896762996912003,-0.14358098804950714,1.532821165012781,-4.660785984046559,-1.687065017673816,-0.2588340614830927,-0.05611966265621992,0.02054432035478567,-0.4138696,-1.0476391,0.6288874,-1.763334,-2.0296454,-0.73231846,-0.4138696,-1.0476391,0.6288874,-1.763334,-2.0296454,-0.73231846,-0.42367058992385864,-1.0453554391860962,0.6333263516426086,-1.7751857042312622,-2.035529851913452,-0.7285402417182922,0.24502505,-0.057092525,-0.11097288,0.29629022,0.14710908,-0.09445491,-0.011867533,0.0,0.0,0.0,0.0005882349796593189,0.0002941175,1.17647,False,3,0.4743584254395329,-0.18681740276465886,0.3238858607724213,0.5019588264459864,0.19142225169607713,0.11947248961552925,0.9996277693778615,0.005081525149160214,0.0033454394921735913,0.026594740322791983,0.28938544,-0.09596676,0.28934506,0.3957733899350637,5.5886994232423604e-05,0.00012311099271755666,0.0005038090021116659,0.0003291489992989227,0.00015245900431182235,9.616999886929989e-05,0.0016441940097138286,0.018164937995607033,0.019809132005320862,50.48176768832645,0
32,0.6601373789890204,-0.42233115831484014,-1.0456357163241883,0.6326568762408655,-1.7735473118224085,-2.0347302595721644,-0.7290819326983851,0.24393311142921448,-1.7825287580490112,-1.4831743240356445,-0.43747225403785706,-0.052945345640182495,-0.18403726816177368,0.2322176992893219,-1.4113399982452393,-1.0152740478515625,-0.10275956243276596,0.1190161183476448,-0.1435752809047699,1.5890128926014828,-4.674772785853847,-1.2686528260201244,-0.25581384750150754,-0.052109717954119505,0.024264726997925014,-0.41253445,-1.0479213,0.62827134,-1.7616687,-2.028884,-0.73286116,-0.41253445,-1.0479213,0.62827134,-1.7616687,-2.028884,-0.73286116,-0.42233115434646606,-1.04563570022583,0.6326568722724915,-1.7735472917556763,-2.0347301959991455,-0.729081928730011,0.24491803,-0.057140313,-0.10963855,0.29696578,0.14615798,-0.09448108,-0.011697712,0.0,0.0,0.0,0.0005882349796593189,0.0002941175,1.17647,False,3,0.4745172658239554,-0.1859550934270306,0.32390376837852936,0.5019888281289706,0.19146410226094682,0.11944873640315636,0.999629610864353,0.005732574543854995,0.004161561367476627,0.026276690503711682,0.28938544,-0.09596676,0.28934506,0.3958300889753485,8.278799941763282e-05,0.00011311301204841584,0.0005353630112949759,0.0002990320062963292,0.0002675849973456934,0.00010756299889180809,0.0017523959977552295,0.01810197099985089,0.01985436699760612,50.36675307354658,0
33,0.6801435979868984,-0.4209559599505823,-1.045972542171814,0.6320064703570765,-1.771884103814596,-2.0338767210589808,-0.7295764128314417,0.20591886341571808,-1.7852668762207031,-1.4565902948379517,-0.46973809599876404,-0.055091217160224915,-0.19672083854675293,0.23229767382144928,-1.4113423824310303,-1.0151418447494507,-0.10296925157308578,0.11909274011850357,-0.14360147714614868,1.5518559397347038,-4.689784882007215,-1.6723176784021718,-0.2596149352298367,-0.05416218238474924,0.024748252889600177,-0.41115162,-1.048266,0.62766814,-1.7599789,-2.028065,-0.7333544,-0.41115162,-1.048266,0.62766814,-1.7599789,-2.028065,-0.7333544,-0.42095595598220825,-1.0459725856781006,0.6320064663887024,-1.7718840837478638,-2.033876657485962,-0.7295764088630676,0.24510856,-0.057335373,-0.10845759,0.29763046,0.14529218,-0.09444997,-0.011506925,0.0,0.0,0.0,0.0005882349796593189,0.0002941175,1.17647,False,3,0.4746761905442093,-0.18506084555199265,0.32393367565491354,0.5019521102418422,0.1915194531711606,0.1194777284321412,0.9996306015490848,0.0055909772449147495,0.004103516665200551,0.026278100346417067,0.28938544,-0.09596676,0.28934506,0.39583812314807554,4.2786006815731525e-05,0.00012536199938040227,0.0005682579940184951,0.0003527939988998696,0.0001845920050982386,0.00010823299817275256,0.0017265499918721616,0.018082921000313945,0.019809470992186107,50.48090382597559,0
34,0.7001931649865583,-0.4195926825152796,-1.0463576477817078,0.6313818136798304,-1.770294805566305,-2.0330594221698206,-0.7301061789142054,0.21859073638916016,-1.7525473833084106,-1.4827725887298584,-0.457977294921875,-0.031675077974796295,-0.1870761215686798,0.2318904548883438,-1.410407543182373,-1.0149818658828735,-0.10311219841241837,0.1189628541469574,-0.14368467032909393,1.3899437995095654,-4.694157599150224,-1.4360373363577064,-0.2596513318219957,-0.05005984546287986,0.025115628274230646,-0.40981096,-1.0486609,0.6271076,-1.7583747,-2.0272882,-0.733889,-0.40981096,-1.0486609,0.6271076,-1.7583747,-2.0272882,-0.733889,-0.4195926785469055,-1.0463576316833496,0.6313818097114563,-1.7702947854995728,-2.0330593585968018,-0.7301061749458313,0.24454287,-0.05758227,-0.106854506,0.29800317,0.1442778,-0.094570175,-0.011624175,0.0,0.0,0.0,0.0005882349796593189,0.0002941175,1.17647,False,3,0.4748256931176416,-0.18417798463834456,0.32399550443440905,0.5019152286437065,0.1915139488711406,0.11949865476336446,0.99961847567192,0.0057387733945913,0.003785307559641925,0.02675232595018775,0.28938544,-0.09596676,0.28934506,0.39580534072707096,4.3719002860598266e-05,0.0001309549988945946,0.0005392239982029423,0.0003138920001219958,0.00016797399439383298,0.00017120499978773296,0.0017725810030242428,0.018092122991220094,0.019864703994244337,50.34054372467585,0
35,0.7201026659895433,-0.41824609438051397,-1.046618179684021,0.6307490507708948,-1.768604417840475,-2.0322769323932093,-0.7306354681598108,0.19788888096809387,-1.7913427352905273,-1.455366849899292,-0.48413631319999695,-0.035121992230415344,-0.20637860894203186,0.23260527849197388,-1.4107325077056885,-1.0152406692504883,-0.1032225713133812,0.11899928748607635,-0.14360222220420837,1.5413984027244638,-4.589229183066951,-1.3361856423282883,-0.260594923591088,-0.05318534954769279,0.025696427108049723,-0.4084601,-1.0489305,0.62651527,-1.7566578,-2.0265305,-0.73442,-0.4084601,-1.0489305,0.62651527,-1.7566578,-2.0265305,-0.73442,-0.4182460904121399,-1.0466182231903076,0.6307490468025208,-1.7686043977737427,-2.0322768688201904,-0.7306354641914368,0.24464929,-0.057807393,-0.10584423,0.29866266,0.14366136,-0.09461334,-0.011377976,0.0,0.0,0.0,0.0005882349796593189,0.0002941175,1.17647,False,3,0.4749736572962952,-0.18331235251522882,0.3239807202537125,0.5019372612644135,0.1915627693179802,0.11950082457437912,0.9996189267220343,0.005798544605939624,0.0036803152967344855,0.026735716409758744,0.28938544,-0.09596676,0.28934506,0.3958517002640967,4.272100341040641e-05,0.00012494399561546743,0.0005430260061984882,0.0002489930047886446,0.00016544200479984283,0.000150656996993348,0.0016181929968297482,0.01810941399889998,0.01972760699572973,50.6903853172086,0
36,0.7401360019866843,-0.41687518755068,-1.0469482702067872,0.6301801840411585,-1.766937871972555,-2.03147536913027,-0.7311542669879358,0.21950435638427734,-1.7808666229248047,-1.4575310945510864,-0.4660997688770294,-0.03334695100784302,-0.17977052927017212,0.23247908055782318,-1.4119517803192139,-1.0153950452804565,-0.1036851778626442,0.11897362023591995,-0.14359766244888306,1.5341375109698214,-4.7065980129954665,-1.2337899479622274,-0.2540911833498978,-0.05334213746730976,0.024491220601590015,-0.40706706,-1.0492803,0.6259599,-1.7549741,-2.0257547,-0.73493797,-0.40706706,-1.0492803,0.6259599,-1.7549741,-2.0257547,-0.73493797,-0.4168751835823059,-1.0469483137130737,0.6301801800727844,-1.7669378519058228,-2.031475305557251,-0.7311542630195618,0.24520306,-0.058299314,-0.10550799,0.2990922,0.1430178,-0.09459224,-0.011350651,0.0,0.0,0.0,0.0005882349796593189,0.0002941175,1.17647,False,3,0.47511637273454044,-0.18242696200580027,0.32397956678769224,0.5019640549995223,0.19153050984848047,0.11963250040384041,0.9996292514206707,0.00558379929126708,0.0023235506362551134,0.026548647754413873,0.28938544,-0.09596676,0.28934506,0.3957861770623064,0.00013898799079470336,0.00013297799159772694,0.0005683760100509971,0.0004787350044352934,0.00016920700727496296,0.00014603699673898518,0.002023341992753558,0.01776075099769514,0.0197840929904487,50.54565809424657,0
37,0.7601346569863381,-0.4155085722552698,-1.047220842247345,0.629620377217428,-1.7652937374510707,-2.030649487172262,-0.7316907087909144,0.1969718486070633,-1.7853174209594727,-1.4791998863220215,-0.4737717807292938,-0.03796526789665222,-0.19190239906311035,0.23221786320209503,-1.41010320186615,-1.0146666765213013,-0.10353465378284454,0.11887454241514206,-0.14365217089653015,1.4608715809421646,-4.551320709973632,-1.4783971107120593,-0.25585091812510896,-0.05110093089453212,0.024220466635992338,-0.40571722,-1.0495623,0.6254553,-1.7533091,-2.0249553,-0.7354799,-0.40571722,-1.0495623,0.6254553,-1.7533091,-2.0249553,-0.7354799,-0.41550856828689575,-1.0472208261489868,0.629620373249054,-1.7652937173843384,-2.030649423599243,-0.7316907048225403,0.24478334,-0.058536947,-0.10412619,0.2996132,0.14235471,-0.0947294,-0.011233078,0.0,0.0,0.0,0.0005882349796593189,0.0002941175,1.17647,False,3,0.4752710932395159,-0.18154415945159652,0.32394790898873027,0.5020117193549273,0.19149727253258833,0.11962709079559958,0.9996233927108656,0.005464433329589459,0.002227993287139119,0.026800116158858148,0.28938544,-0.09596676,0.28934506,0.3957899582947303,5.923899880144745e-05,0.00012855500972364098,0.0005714720027754083,0.0004577570070978254,0.0001732300006551668,0.0001280069991480559,0.0018887199985329062,0.017921020989888348,0.019809740988421254,50.480215798101426,0
38,0.7800916879932629,-0.41415340105165654,-1.0475083154490967,0.6290233770953577,-1.7636624775328578,-2.0298660437213343,-0.7321975866900843,0.22972853481769562,-1.8304790258407593,-1.4828522205352783,-0.4791877269744873,-0.05172668769955635,-0.1919335126876831,0.23299367725849152,-1.40963613986969,-1.0144319534301758,-0.10347165912389755,0.11886493116617203,-0.14363877475261688,1.4242500800741114,-4.54742690733494,-1.5433385332804364,-0.2560122594962141,-0.050638707010543446,0.026371902402403218,-0.40437847,-1.0498581,0.6249254,-1.7516606,-2.0242095,-0.73599106,-0.40437847,-1.0498581,0.6249254,-1.7516606,-2.0242095,-0.73599106,-0.41415339708328247,-1.0475083589553833,0.6290233731269836,-1.7636624574661255,-2.0298659801483154,-0.7321975827217102,0.24437292,-0.05874322,-0.10244963,0.300048,0.14141107,-0.094836436,-0.011192619,0.0,0.0,0.0,0.0005882349796593189,0.0002941175,1.17647,False,3,0.4754163202947299,-0.18067389937610784,0.3239443401400496,0.5019830162457511,0.19153518048477808,0.11961488952181273,0.9996228455420694,0.005732807335262703,0.002579136877521012,0.026733031670039417,0.28938544,-0.09596676,0.28934506,0.3958073057966481,4.2822008254006505e-05,0.00012843099830206484,0.0005301210039760917,0.00032804100192151964,0.0002594520046841353,0.00012775800132658333,0.001765516004525125,0.018009833001997322,0.019775349006522447,50.568007657926685,0
39,0.8000740449933801,-0.4128029982196253,-1.047877387409546,0.6284340063678187,-1.7620288334288539,-2.0290654341327112,-0.7327354590045374,0.21771575510501862,-1.8020150661468506,-1.438722014427185,-0.4584434926509857,-0.03883127123117447,-0.17710646986961365,0.23258015513420105,-1.4076404571533203,-1.0132256746292114,-0.10341020673513412,0.11898462474346161,-0.14368237555027008,1.6110171428598505,-4.590300645603567,-1.571183088727036,-0.2611377189384732,-0.058327853055220064,0.02304443261256347,-0.4030397,-1.0502173,0.6243941,-1.7499949,-2.0234578,-0.7365287,-0.4030397,-1.0502173,0.6243941,-1.7499949,-2.0234578,-0.7365287,-0.4128029942512512,-1.0478774309158325,0.6284340023994446,-1.7620288133621216,-2.0290653705596924,-0.7327354550361633,0.24408278,-0.058494616,-0.10099675,0.3008488,0.1401887,-0.094831154,-0.011109823,0.0,0.0,0.0,0.0005882349796593189,0.0002941175,1.17647,False,3,0.47554783088480984,-0.17979680986212013,0.3239773473730438,0.5019891005750435,0.1915568080819818,0.1195835566743789,0.999619203493816,0.005544175556008991,0.002700500260727926,0.02689563345223446,0.28938544,-0.09596676,0.28934506,0.39583972014800095,6.463700265157968e-05,0.00012939600856043398,0.0005621159943984821,0.00038812600541859865,0.00019098399206995964,0.00012598799366969615,0.0018365010037086904,0.017978853997192346,0.019815355000901036,50.465913931621635,0
40,0.8201349579903763,-0.4114597479449671,-1.0481856626323243,0.6278317610370081,-1.7603985271849574,-2.028290573750631,-0.7332642714129847,0.19247591495513916,-1.773207664489746,-1.4634997844696045,-0.4463634490966797,-0.035148221999406815,-0.1682760864496231,0.23212340474128723,-1.406463861465454,-1.012643814086914,-0.10353628545999527,0.11893491446971893,-0.1436510682106018,1.58209811841701,-4.644288280812017,-1.2723979399792393,-0.25206143466573244,-0.05600322996646237,0.021296420084719495,-0.40167835,-1.0505413,0.6238209,-1.7483441,-2.022705,-0.73705536,-0.40167835,-1.0505413,0.6238209,-1.7483441,-2.022705,-0.73705536,-0.411459743976593,-1.0481857061386108,0.627831757068634,-1.760398507118225,-2.0282905101776123,-0.7332642674446106,0.24453495,-0.058888678,-0.100271255,0.30136046,0.13963693,-0.09477787,-0.010927298,0.0,0.0,0.0,0.0005882349796593189,0.0002941175,1.17647,False,3,0.47568299817378734,-0.17893181076495052,0.3239873103811704,0.5019680098168555,0.1915618710343624,0.11961002483437065,0.999617568797918,0.005560467963562974,0.0023761316222269137,0.026985160693762812,0.28938544,-0.09596676,0.28934506,0.3958207197206574,3.9116013795137405e-05,0.0001212920033140108,0.0005399060028139502,0.0003516209981171414,0.0001696679973974824,0.00010486099927220494,0.0016867180092958733,0.018234556991956197,0.01992127500125207,50.19759026152438,0
41,0.8400721729994984,-0.41007692018617803,-1.0485240382007142,0.6273167769061487,-1.7587267361082972,-2.027500931416647,-0.7337668577777308,0.2084721326828003,-1.810519814491272,-1.5051785707473755,-0.4319412112236023,-0.043797556310892105,-0.1847284436225891,0.23187920451164246,-1.4069950580596924,-1.0127190351486206,-0.10380079597234726,0.11882171779870987,-0.14366202056407928,1.7449117297583827,-4.544142662115885,-1.53207274594494,-0.2547408206728147,-0.05863130982108111,0.02034814051899456,-0.40029564,-1.0508943,0.62335205,-1.7466516,-2.0219421,-0.73756075,-0.40029564,-1.0508943,0.62335205,-1.7466516,-2.0219421,-0.73756075,-0.41007691621780396,-1.048524022102356,0.6273167729377747,-1.758726716041565,-2.027500867843628,-0.7337668538093567,0.24453193,-0.059255414,-0.09911875,0.30187517,0.1389699,-0.09484763,-0.010720017,0.0,0.0,0.0,0.0005882349796593189,0.0002941175,1.17647,False,3,0.4758127352256497,-0.17803965528833982,0.3239696936170757,0.5019759905813935,0.1915270482406653,0.11962236432471991,0.9996245997361068,0.005615150769841301,0.002403649772064688,0.026709265917366127,0.28938544,-0.09596676,0.28934506,0.39579441979891977,4.2696003220044076e-05,0.0001290200016228482,0.0005390629958128557,0.000327675006701611,0.00017374500748701394,0.0001061590010067448,0.0016683909925632179,0.018080856010783464,0.01974924700334668,50.634841917291396,0
42,0.8601325329946121,-0.4087136427508753,-1.0488074582866211,0.6267417112933558,-1.7570396862425746,-2.026703659688131,-0.7342889944659632,0.17795774340629578,-1.8127723932266235,-1.508712887763977,-0.42781907320022583,-0.04009362310171127,-0.17469492554664612,0.23209042847156525,-1.407202959060669,-1.0129270553588867,-0.10406921058893204,0.11878485232591629,-0.14367693662643433,1.675932957114079,-4.6635521455075475,-1.6412342649125256,-0.2598037176618995,-0.0625289325968164,0.022505136811049143,-0.3989259,-1.0511842,0.6228143,-1.7449427,-2.0211775,-0.7380823,-0.3989259,-1.0511842,0.6228143,-1.7449427,-2.0211775,-0.7380823,-0.4087136387825012,-1.0488075017929077,0.6267417073249817,-1.7570396661758423,-2.0267035961151123,-0.7342889904975891,0.24469374,-0.059417903,-0.098185875,0.30242586,0.13815445,-0.09483321,-0.010599032,0.0,0.0,0.0,0.0005882349796593189,0.0002941175,1.17647,False,3,0.4759471948829574,-0.1771591669415556,0.32394382125367793,0.5019749032080042,0.19158562828099723,0.11965424844838016,0.9996193054394708,0.005672306052814174,0.0019097979685699304,0.02693465662023999,0.28938544,-0.09596676,0.28934506,0.395822718829419,7.516800542362034e-05,0.00011511800403241068,0.0004726389888674021,0.00028218199440743774,0.00020657299319282174,9.884600876830518e-05,0.0015886600012890995,0.018312988002435304,0.019901648003724404,50.24709510553395,0
43,0.8801303559885127,-0.407386604939596,-1.0491033357432862,0.626197640095846,-1.7554246387877406,-2.0259369055377405,-0.7348197142230433,0.18480832874774933,-1.809769868850708,-1.5087963342666626,-0.4257735013961792,-0.054997518658638,-0.18083903193473816,0.23273636400699615,-1.4069864749908447,-1.0124667882919312,-0.10406137257814407,0.11883733421564102,-0.14360150694847107,1.3793877311152873,-4.5689519462181085,-1.3794572083714733,-0.25305410737701567,-0.05383173093593303,0.025246757365500024,-0.39760232,-1.0514882,0.6223251,-1.7433116,-2.020442,-0.7386136,-0.39760232,-1.0514882,0.6223251,-1.7433116,-2.020442,-0.7386136,-0.4073866009712219,-1.0491033792495728,0.6261976361274719,-1.7554246187210083,-2.0259368419647217,-0.7348197102546692,0.24460688,-0.05961982,-0.09681243,0.30282494,0.13736786,-0.09484756,-0.010538826,0.0,0.0,0.0,0.0005882349796593189,0.0002941175,1.17647,False,3,0.47607435805831727,-0.1763031663282751,0.3239287502361645,0.5019584109809533,0.19159460860732982,0.11969327514275906,0.999620738798771,0.005384586552864032,0.0012967748430356698,0.026975410979287844,0.28938544,-0.09596676,0.28934506,0.3958036560666464,0.00019484999938867986,0.00012003499432466924,0.00048073800280690193,0.00030198799504432827,0.00014775099407415837,0.0001899350027088076,0.0018006979953497648,0.01801266499387566,0.019813362989225425,50.47098771388802,0
44,0.9001548839878524,-0.4060481230365198,-1.049460307960846,0.6256426016436976,-1.7537414036192835,-2.0252187887774866,-0.7353528181659144,0.21781229972839355,-1.8196665048599243,-1.4861774444580078,-0.4338253140449524,-0.010809924453496933,-0.17569419741630554,0.23285053670406342,-1.4057058095932007,-1.0119457244873047,-0.10390374809503555,0.11891072988510132,-0.1435708850622177,1.5795056019874112,-4.400946858993031,-1.5545673315431947,-0.25064141451413,-0.05535523258546894,0.023884203163339474,-0.3962875,-1.051847,0.6218338,-1.7416081,-2.0197558,-0.7391515,-0.3962875,-1.051847,0.6218338,-1.7416081,-2.0197558,-0.7391515,-0.40604811906814575,-1.0494602918624878,0.6256425976753235,-1.7537413835525513,-2.0252187252044678,-0.7353528141975403,0.24401526,-0.05966714,-0.09521995,0.30333063,0.13657075,-0.094965965,-0.010414716,0.0,0.0,0.0,0.0005882349796593189,0.0002941175,1.17647,False,3,0.47617779410585875,-0.1754424572299178,0.3239400058800501,0.5019699796377053,0.19163660866165594,0.11963843640006153,0.9996078291140833,0.005750985505004182,0.0016809872791299495,0.027355669526659174,0.28938544,-0.09596676,0.28934506,0.39586389023876223,3.936099528800696e-05,0.00011511499178595841,0.00047047599218785763,0.000294477998977527,0.00015700800577178597,9.715399937704206e-05,0.0015140420000534505,0.018363672992563806,0.019877714992617257,50.30759322041835,0
45,0.9200954479892971,-0.4046972433673304,-1.0497914117625733,0.6250675360309046,-1.7520982227721156,-2.024440590535299,-0.7358668486224573,0.24872887134552002,-1.753934621810913,-1.4673365354537964,-0.39803871512413025,-0.04526867717504501,-0.16259099543094635,0.23208415508270264,-1.4043653011322021,-1.0114136934280396,-0.10403694957494736,0.11886686831712723,-0.14361028373241425,1.5394301813359035,-4.464374228288149,-1.4849393730251614,-0.24242669834846567,-0.054375432612433584,0.023117122484152205,-0.39490518,-1.0521749,0.62129915,-1.739935,-2.0190334,-0.73965496,-0.39490518,-1.0521749,0.62129915,-1.739935,-2.0190334,-0.73965496,-0.4046972393989563,-1.0497914552688599,0.6250675320625305,-1.7520982027053833,-2.0244405269622803,-0.7358668446540833,0.24480167,-0.05958566,-0.09421023,0.30407783,0.13517612,-0.0947031,-0.010236488,0.0,0.0,0.0,0.0005882349796593189,0.0002941175,1.17647,False,3,0.4762993525345126,-0.17456934879563005,0.32394839977577683,0.5019285315715526,0.1916238153554442,0.1196095829727014,0.9996046986466716,0.0055978291384299,0.0022583046712574594,0.027459176886043542,0.28938544,-0.09596676,0.28934506,0.3958447098449152,4.039700434077531e-05,0.00011109199840575457,0.00046269000449683517,0.00035073800245299935,0.00014930400357116014,9.443200542591512e-05,0.0015147420053835958,0.018255535993375815,0.01977027799875941,50.58097817657143,0
46,0.9400988479901571,-0.4033263365374964,-1.0502132338336487,0.6244929472552698,-1.7504240475096644,-2.0236194769488733,-0.7364047209369105,0.20259937644004822,-1.7980287075042725,-1.4635956287384033,-0.38308876752853394,-0.041940558701753616,-0.1562379002571106,0.2314043641090393,-1.4046318531036377,-1.0112935304641724,-0.10417725890874863,0.1186215877532959,-0.14367178082466125,1.299490911716875,-4.601563192218509,-0.9969754651036271,-0.24441505282484774,-0.045731187504556334,0.029063548761465396,-0.3935445,-1.0526142,0.62077284,-1.7382439,-2.0182297,-0.7401987,-0.3935445,-1.0526142,0.62077284,-1.7382439,-2.0182297,-0.7401987,-0.4033263325691223,-1.0502132177352905,0.6244929432868958,-1.7504240274429321,-2.0236194133758545,-0.7364047169685364,0.24454598,-0.060024995,-0.093003176,0.30450156,0.13474149,-0.094848596,-0.010031126,0.0,0.0,0.0,0.0005882349796593189,0.0002941175,1.17647,False,3,0.47641044777795216,-0.17367135928783828,0.32399296900022273,0.501947998401381,0.19157865240438257,0.11962062462764994,0.999603438790133,0.005718756826224292,0.0024349704860565837,0.027466101322814976,0.28938544,-0.09596676,0.28934506,0.3958176180191623,5.680900358129293e-05,0.00012398599938023835,0.0005347260012058541,0.0002673819981282577,0.0001516009942861274,9.576500451657921e-05,0.001614223001524806,0.018154220000724308,0.019768443002249114,50.585673332301745,0
47,0.9601270839921199,-0.4019716421710413,-1.0504620236209412,0.6239946524249476,-1.7487274609007777,-2.0228689352618616,-0.7369425932513636,0.21454380452632904,-1.766083002090454,-1.4727696180343628,-0.4221186935901642,-0.04535746946930885,-0.15169237554073334,0.23210056126117706,-1.4046080112457275,-1.0113836526870728,-0.10433413833379745,0.11853682994842529,-0.14361314475536346,1.734845412649559,-4.691996599151025,-1.4767380249014137,-0.25803214565868027,-0.0607857919696017,0.02301017702192947,-0.3921822,-1.0528796,0.6203015,-1.7365296,-2.01749,-0.7407392,-0.3921822,-1.0528796,0.6203015,-1.7365296,-2.01749,-0.7407392,-0.40197163820266724,-1.050462007522583,0.6239946484565735,-1.7487274408340454,-2.0228688716888428,-0.7369425892829895,0.24473616,-0.06044002,-0.092329316,0.3049466,0.134473,-0.094916165,-0.009832438,0.0,0.0,0.0,0.0005882349796593189,0.0002941175,1.17647,False,3,0.4765290204869689,-0.1728024380238125,0.3239223140024491,0.5019420190981968,0.19164387102110841,0.1196686338987609,0.9996126668017047,0.0055479681961663856,0.0019516474924774633,0.027200774841860887,0.28938544,-0.09596676,0.28934506,0.39584120719251953,4.8066998715512455e-05,0.00013593399489764124,0.0006550050020450726,0.00029890399309806526,0.0002525930030969903,0.0001114309998229146,0.0019122619996778667,0.017937504992005415,0.019849766991683282,50.37842511798668,0
48,0.9801370589993894,-0.4006407896624964,-1.0507484835437317,0.6234982649432581,-1.7470361195006312,-2.0221508185016077,-0.7374170462237757,0.27224308252334595,-1.7766400575637817,-1.474960446357727,-0.4428409934043884,-0.030902747064828873,-0.169913187623024,0.23268823325634003,-1.406776785850525,-1.0121980905532837,-0.10469375550746918,0.11879295855760574,-0.14364507794380188,1.5925754333906572,-4.456309479792334,-1.659861231065196,-0.24992297586652246,-0.05868581512129993,0.02078440742436676,-0.3908673,-1.0531664,0.61986464,-1.7348236,-2.0168123,-0.7412152,-0.3908673,-1.0531664,0.61986464,-1.7348236,-2.0168123,-0.7412152,-0.4006407856941223,-1.0507484674453735,0.623498260974884,-1.747036099433899,-2.022150754928589,-0.7374170422554016,0.24433762,-0.060447466,-0.09084055,0.30531344,0.13346149,-0.094954215,-0.009886573,0.0,0.0,0.0,0.0005882349796593189,0.0002941175,1.17647,False,3,0.47663172984563135,-0.17194797408961993,0.323873816214563,0.5019589604854747,0.19165115978709554,0.11963515603183487,0.9996024294421391,0.005806484248743513,0.0019367537146034502,0.027523666122026343,0.28938544,-0.09596676,0.28934506,0.3958699511730058,0.00010009600373450667,0.0001332669926341623,0.000539441010914743,0.0002554059901740402,0.00016337398847099394,0.0001996119972318411,0.001757723992341198,0.018067381010041572,0.01982510500238277,50.44109475737004,0
49,1.000133718989673,-0.39930993715395147,-1.051102952366211,0.6230023542987269,-1.7452441654601039,-2.0214083830462855,-0.7379310766803187,0.26568514108657837,-1.7960801124572754,-1.4813967943191528,-0.47936713695526123,-0.01585768163204193,-0.17378883063793182,0.23257048428058624,-1.4040594100952148,-1.0109587907791138,-0.10442906618118286,0.11895730346441269,-0.14372093975543976,1.6960937907817364,-4.401452125264189,-1.5657013886129105,-0.2549236784377145,-0.06322778456886771,0.023260096501006553,-0.38951802,-1.0535324,0.6193986,-1.7330086,-2.0160952,-0.74172735,-0.38951802,-1.0535324,0.6193986,-1.7330086,-2.0160952,-0.74172735,-0.3993099331855774,-1.0511029958724976,0.6230023503303528,-1.7452441453933716,-2.0214083194732666,-0.7379310727119446,0.24479778,-0.06073379,-0.090094574,0.30588678,0.13282928,-0.0949064,-0.009641722,0.0,0.0,0.0,0.0005882349796593189,0.0002941175,1.17647,False,3,0.4767133137703531,-0.17107953952400753,0.3238382892540369,0.5019096773212571,0.19165203865533,0.1196433015339644,0.9996069657328462,0.0055728769254878435,0.0019092706474588105,0.027408331895691425,0.28938544,-0.09596676,0.28934506,0.39584063580920104,9.410199709236622e-05,0.00012605098891071975,0.0005336739995982498,0.00026529400201980025,0.00016572800814174116,0.00010138200013898313,0.0016378639993490651,0.018175199002143927,0.019813063001492992,50.47175189038899,0
50,1.0201032629993279,-0.39796239534486944,-1.0514496129802247,0.6224725882159632,-1.7436462841429652,-2.0206382910357874,-0.7384961287127894,0.2602522373199463,-1.7943172454833984,-1.4865833520889282,-0.46007874608039856,-0.03503093495965004,-0.17102792859077454,0.23174002766609192,-1.40145742893219,-1.0097858905792236,-0.10416676104068756,0.11875951290130615,-0.14356034994125366,1.630377240018799,-4.4383800504660265,-1.5562751380304143,-0.2541636031616486,-0.060693095174287046,0.02183884268764128,-0.38817236,-1.0538918,0.6189068,-1.7313999,-2.0153518,-0.74229467,-0.38817236,-1.0538918,0.6189068,-1.7313999,-2.0153518,-0.74229467,-0.39796239137649536,-1.0514496564865112,0.6224725842475891,-1.743646264076233,-2.0206382274627686,-0.7384961247444153,0.24475054,-0.061053827,-0.08914472,0.3061599,0.13215905,-0.09496323,-0.009637521,0.0,0.0,0.0,0.0005882349796593189,0.0002941175,1.17647,False,3,0.47682497346217373,-0.17020883294838973,0.3238465761392001,0.5019315966020504,0.19166717758361249,0.11973881575534083,0.9996048024435321,0.0056646892290244145,0.0008117079603194082,0.027523021126133182,0.28938544,-0.09596676,0.28934506,0.3958224679905926,3.9503007428720593e-05,0.00011219400039408356,0.000470484999823384,0.00031669499003328383,0.00015921899466775358,9.620499622542411e-05,0.0015257029881468043,0.018295612011570483,0.019821314999717288,50.450739520272144,0
51,1.0401287209970178,-0.3965643087970179,-1.0518081945231934,0.6219337622271937,-1.7419358692564906,-2.019900147114889,-0.7390306631671351,0.25136232376098633,-1.7672700881958008,-1.4600186347961426,-0.45746394991874695,-0.040499262511730194,-0.14023129642009735,0.23183223605155945,-1.401486873626709,-1.0095442533493042,-0.10392336547374725,0.11865012347698212,-0.14346909523010254,1.732889200018568,-4.61585566140615,-1.4815727294371643,-0.24928946935821897,-0.057712196598727714,0.021903248811340776,-0.3867686,-1.0542527,0.61841434,-1.7296665,-2.0146487,-0.7428276,-0.3867686,-1.0542527,0.61841434,-1.7296665,-2.0146487,-0.7428276,-0.3965643048286438,-1.05180823802948,0.6219337582588196,-1.7419358491897583,-2.01990008354187,-0.739030659198761,0.24489264,-0.061112367,-0.087985195,0.30673352,0.13128226,-0.09492321,-0.009427258,0.0,0.0,0.0,0.0005882349796593189,0.0002941175,1.17647,False,3,0.4769241326117465,-0.16931316450659178,0.3238456098894876,0.5019796076477564,0.191646346873536,0.11975139504724752,0.9996094982879201,0.0062956244449404635,0.0012753763705110198,0.027194561647296677,0.28938544,-0.09596676,0.28934506,0.3958277250257713,0.00012226399849168956,0.00012202400830574334,0.0004939649952575564,0.0003023549943463877,0.00015174600412137806,0.0001862880017142743,0.0017343669896945357,0.01805871500982903,0.019793081999523565,50.52270283243766,0
52,1.0601343999878736,-0.3952258268939417,-1.0521543783000489,0.6214020887957972,-1.7402011356749476,-2.0191906134234827,-0.7395518461810511,0.2548656165599823,-1.7786372900009155,-1.4277667999267578,-0.5027979612350464,0.0008610129589214921,-0.1653556376695633,0.2319309413433075,-1.402180552482605,-1.0098148584365845,-0.10447724163532257,0.11872732639312744,-0.14364677667617798,1.6585607041835866,-4.601977008700507,-1.2853974678142284,-0.24936904525167597,-0.05646445084002893,0.02350198899895882,-0.38542295,-1.0546093,0.6179243,-1.7279115,-2.0139608,-0.7433486,-0.38542295,-1.0546093,0.6179243,-1.7279115,-2.0139608,-0.7433486,-0.3952258229255676,-1.0521544218063354,0.6214020848274231,-1.7402011156082153,-2.019190549850464,-0.739551842212677,0.2450721,-0.061372157,-0.086944744,0.3072398,0.13074382,-0.09491903,-0.009163902,0.0,0.0,0.0,0.0005882349796593189,0.0002941175,1.17647,False,3,0.47700620622422935,-0.16845026486422027,0.3238334328213195,0.501990919098253,0.19162076548823648,0.11972623513940511,0.9995999957029515,0.00588120475746604,0.0011044237001639093,0.02764186861652045,0.28938544,-0.09596676,0.28934506,0.3958259941563178,4.007799725513905e-05,0.00011537800310179591,0.0005538010009331629,0.00035597500391304493,0.0002509140031179413,0.00010031899728346616,0.0017747250094544142,0.018084771989379078,0.019859496998833492,50.35374259774747,0
53,1.0801297629950568,-0.39391881624330694,-1.0523871344378968,0.6209667364703577,-1.738572736779684,-2.018451992665426,-0.7400777975665491,0.2319781333208084,-1.8074009418487549,-1.5049195289611816,-0.48098206520080566,-0.020474029704928398,-0.18787123262882233,0.233086496591568,-1.4025529623031616,-1.0100525617599487,-0.10481967777013779,0.1187344416975975,-0.14374111592769623,1.5718751817657073,-4.346543729898759,-1.39502486551441,-0.24436605912180873,-0.058065396153562265,0.020501829328944923,-0.38408118,-1.0548574,0.61750567,-1.7262548,-2.0132346,-0.7438708,-0.38408118,-1.0548574,0.61750567,-1.7262548,-2.0132346,-0.7438708,-0.39391881227493286,-1.0523871183395386,0.6209667325019836,-1.7385727167129517,-2.0184519290924072,-0.740077793598175,0.24594098,-0.06175639,-0.08652603,0.3079466,0.13043012,-0.09482546,-0.0087363105,0.0,0.0,0.0,0.0005882349796593189,0.0002941175,1.17647,False,3,0.4771121266502247,-0.16760838255209176,0.3237448393760392,0.5019442295878715,0.19157746582331392,0.1197295157377358,0.9996043602773339,0.00600347136552712,0.0008702603778840039,0.027464569999942626,0.28938544,-0.09596676,0.28934506,0.3957680520641246,6.0008998843841255e-05,0.00011390898725949228,0.00045912798668723553,0.00026597701071295887,0.00015949799853842705,0.00010139199730474502,0.0014964479923946783,0.018347457007621415,0.019843905000016093,50.39330716404805,0
54,1.1001319200004218,-0.3925364653216761,-1.0527444642833252,0.6204875151263636,-1.7368389568724574,-2.0176942984210413,-0.7405722776996058,0.25670450925827026,-1.8397231101989746,-1.532052993774414,-0.49231770634651184,-0.009585116058588028,-0.1636124700307846,0.2328941971063614,-1.4022271633148193,-1.0100178718566895,-0.10475907474756241,0.11861851811408997,-0.1437027007341385,1.5260480868330755,-4.433819509639566,-1.4025631578766427,-0.25317176923272194,-0.060174882754366416,0.023687654142688867,-0.38271332,-1.0552256,0.6170644,-1.7245167,-2.012505,-0.7443695,-0.38271332,-1.0552256,0.6170644,-1.7245167,-2.012505,-0.7443695,-0.392536461353302,-1.0527445077896118,0.6204875111579895,-1.736838936805725,-2.0176942348480225,-0.7405722737312317,0.24557829,-0.062027946,-0.085577436,0.30805537,0.12973234,-0.09493043,-0.008915447,0.0,0.0,0.0,0.0005882349796593189,0.0002941175,1.17647,False,3,0.4772007307559096,-0.16671428496666768,0.3237143290891811,0.501955296545929,0.19166605909150705,0.1197659934431288,0.9996072874020931,0.00535648527818642,0.0006211128752288596,0.027498670888782214,0.28938544,-0.09596676,0.28934506,0.39582273771013204,4.515399632509798e-05,0.00013314800162333995,0.0005708429962396622,0.00024555200070608407,0.0001622480049263686,0.00010829299571923912,0.0016737709956942126,0.018168992013670504,0.019842763009364717,50.39620739954682,0
55,1.1200855219940422,-0.3911541144000452,-1.0530840319446106,0.6200240294085901,-1.7351166210570277,-2.016979996358053,-0.7411173025714319,0.2270190417766571,-1.8058509826660156,-1.5104460716247559,-0.4715426564216614,0.008966512978076935,-0.17698146402835846,0.23225978016853333,-1.3989951610565186,-1.0086368322372437,-0.10471446812152863,0.11868266016244888,-0.14366024732589722,1.505894651281273,-4.64204686519437,-1.3640238254479937,-0.2525315695116534,-0.058680207411410126,0.023796646112311973,-0.38134587,-1.0555643,0.61666644,-1.7227721,-2.0118227,-0.74491686,-0.38134587,-1.0555643,0.61666644,-1.7227721,-2.0118227,-0.74491686,-0.39115411043167114,-1.0530840158462524,0.6200240254402161,-1.7351166009902954,-2.016979932785034,-0.7411172986030579,0.24520591,-0.062008087,-0.08393944,0.30861065,0.12893035,-0.094988205,-0.008735528,0.0,0.0,0.0,0.0005882349796593189,0.0002941175,1.17647,False,3,0.4772850952745997,-0.16582913596201104,0.32367471105498974,0.5019630760539026,0.19162596403453883,0.11973594742949555,0.9995947326730698,0.0056901671696024695,0.0012433864307144207,0.027863969765923435,0.28938544,-0.09596676,0.28934506,0.39581065508454827,4.4961998355574906e-05,0.00012838499969802797,0.0005770059942733496,0.0003125590010313317,0.0001694999955361709,0.0002145369944628328,0.0018040350114461035,0.017961360994377173,0.019765396005823277,50.59347152495099,0
56,1.1400969179958338,-0.38978749910463506,-1.0534191888621827,0.6195257345782679,-1.7334643803038539,-2.016273323689596,-0.7416551748858851,0.24077174067497253,-1.8298896551132202,-1.5175197124481201,-0.46703317761421204,0.014677666127681732,-0.15700992941856384,0.2325512021780014,-1.3990663290023804,-1.0084683895111084,-0.10483809560537338,0.11879649758338928,-0.14356207847595215,1.6015703192614288,-4.362906338879316,-1.3249037827297117,-0.24820211985745888,-0.05992439403767255,0.023227631101606732,-0.37995782,-1.0559051,0.61620027,-1.721101,-2.011147,-0.74544966,-0.37995782,-1.0559051,0.61620027,-1.721101,-2.011147,-0.74544966,-0.389787495136261,-1.0534192323684692,0.6195257306098938,-1.7334643602371216,-2.016273260116577,-0.741655170917511,0.24574167,-0.062147904,-0.08313704,0.30908188,0.1281548,-0.09486175,-0.008586316,0.0,0.0,0.0,0.0005882349796593189,0.0002941175,1.17647,False,3,0.47737427186539294,-0.16495696676658428,0.32366026331572983,0.5019205511227138,0.19169011531505745,0.11976215319699457,0.9995949748458364,0.005468773428886073,0.0007837394872567421,0.02791811294445429,0.28938544,-0.09596676,0.28934506,0.39582320674631244,6.57780037727207e-05,0.00014044299314264208,0.0009146030060946941,0.00039896399539429694,0.0003795730008278042,0.00011529000767040998,0.0026425519899930805,0.017184994008857757,0.019827545998850837,50.43488488479401,0
57,1.160160300991265,-0.3884637991534632,-1.0538122814944764,0.6190169493304651,-1.7317573032774867,-2.015524212514059,-0.7421653906451624,0.2590089440345764,-1.7917392253875732,-1.4988385438919067,-0.45444706082344055,-0.002373259514570236,-0.17226320505142212,0.23262374103069305,-1.3985333442687988,-1.0078238248825073,-0.10476583987474442,0.11874821037054062,-0.14361584186553955,1.5495467202484017,-4.376197387499371,-1.1824703834061954,-0.24434684790114458,-0.057455799106842495,0.022385280989702567,-0.3786468,-1.0563039,0.6157474,-1.7193886,-2.0104327,-0.74596107,-0.3786468,-1.0563039,0.6157474,-1.7193886,-2.0104327,-0.74596107,-0.3884637951850891,-1.0538122653961182,0.6190169453620911,-1.7317572832107544,-2.01552414894104,-0.7421653866767883,0.24542522,-0.06228876,-0.081739426,0.30921665,0.12728548,-0.09489199,-0.008653108,0.0,0.0,0.0,0.0005882349796593189,0.0002941175,1.17647,False,3,0.477444838629167,-0.16409135898501248,0.32366503291153426,0.5019463530405456,0.19170395930774087,0.11977932158368444,0.9995946617401025,0.005482561424479344,0.0005531211177625999,0.027930806865932113,0.28938544,-0.09596676,0.28934506,0.39583976744093247,4.8906003939919174e-05,0.0001552090106997639,0.0010884610092034563,0.0005572539957938716,0.00033255798916798085,0.00012690600124187768,0.0028900209872517735,0.016964309004833922,0.019854329992085695,50.36684694968899,0
58,1.1801689909916604,-0.38710099855531865,-1.054124431019165,0.6185496489154261,-1.7300416431822718,-2.0148213545428675,-0.7426913420306605,0.23708343505859375,-1.8022922277450562,-1.469208836555481,-0.43643566966056824,0.020531628280878067,-0.15375186502933502,0.2331572026014328,-1.3987088203430176,-1.0080002546310425,-0.10511115938425064,0.11861515790224075,-0.1436842828989029,1.6495447458519075,-4.36005192024255,-1.4987712070220867,-0.2494892348303021,-0.06451398705641237,0.0183718482292335,-0.37727666,-1.0566275,0.6153187,-1.7176489,-2.009743,-0.7464886,-0.37727666,-1.0566275,0.6153187,-1.7176489,-2.009743,-0.7464886,-0.3871009945869446,-1.0541244745254517,0.618549644947052,-1.7300416231155396,-2.0148212909698486,-0.7426913380622864,0.24560872,-0.062576905,-0.08077391,0.30981877,0.12695618,-0.09493126,-0.008278029,0.0,0.0,0.0,0.0005882349796593189,0.0002941175,1.17647,False,3,0.4775240136437837,-0.1632193184091988,0.32361540007903533,0.5019239773017511,0.19168935700727918,0.11975164159348077,0.9996000920697365,0.005680150835380938,0.0006176895867972652,0.027694258452578877,0.28938544,-0.09596676,0.28934506,0.39582899893770285,0.00019533600425347686,0.00014993899094406515,0.0006350030016619712,0.00036405799619387835,0.0002195029956055805,0.00030273899028543383,0.002282625006046146,0.0175113019940909,0.019793927000137046,50.52054602369082,0
59,1.200102816990693,-0.38572627702821904,-1.0544579786113282,0.6180604139911097,-1.7283393345274867,-2.0141428152667444,-0.7432139555560511,0.22102098166942596,-1.839036226272583,-1.4558095932006836,-0.4535386860370636,0.027353674173355103,-0.15393272042274475,0.23226337134838104,-1.3995790481567383,-1.008396863937378,-0.10545844584703445,0.11861161142587662,-0.14363496005535126,1.5334913971609134,-4.35274429008232,-1.4670954158156224,-0.24909688990045956,-0.06009868585707515,0.02471141283007883,-0.3759107,-1.0569875,0.6148692,-1.7159476,-2.0090792,-0.74701744,-0.3759107,-1.0569875,0.6148692,-1.7159476,-2.0090792,-0.74701744,-0.38572627305984497,-1.0544580221176147,0.6180604100227356,-1.7283393144607544,-2.0141427516937256,-0.743213951587677,0.24538928,-0.06323789,-0.0797801,0.3097936,0.12658542,-0.09508769,-0.008238826,0.0,0.0,0.0,0.0005882349796593189,0.0002941175,1.17647,False,3,0.4775990099457627,-0.16234536446486747,0.3235895893830942,0.5020804961977661,0.19146290886569764,0.11981394009964622,0.9995891192678038,0.0030589057199670866,-0.003490452983520586,0.028284305687959588,0.28938544,-0.09596676,0.28934506,0.395721871313476,0.00020061800023540854,0.0001473649899708107,0.0007132300088414922,0.0007407439989037812,0.00020208099158480763,0.00011562899453565478,0.002545622002799064,0.017168924998259172,0.019714547001058236,50.72396540211257,0
60,1.2200949719990604,-0.3843486944781702,-1.0547891420177002,0.6176546255694788,-1.726593633691305,-2.0134556929217737,-0.7437313238727015,0.20542678236961365,-1.7918192148208618,-1.4609339237213135,-0.46291401982307434,0.002913054544478655,-0.15101245045661926,0.23231199383735657,-1.3984836339950562,-1.0079163312911987,-0.10538576543331146,0.11864856630563736,-0.14361947774887085,1.4641700975804324,-4.357439500010373,-1.2213366660118155,-0.24432280833644954,-0.05644061443795899,0.027784614452580653,-0.3744991,-1.0573269,0.6144889,-1.7141813,-2.008424,-0.747527,-0.3744991,-1.0573269,0.6144889,-1.7141813,-2.008424,-0.747527,-0.38434869050979614,-1.0547891855239868,0.6176546216011047,-1.7265936136245728,-2.013455629348755,-0.7437313199043274,0.24623968,-0.063441895,-0.07914343,0.3103084,0.12578927,-0.09489146,-0.008037923,0.0,0.0,0.0,0.0005882349796593189,0.0002941175,1.17647,False,3,0.4776657066018768,-0.16146517500425564,0.32352167305592466,0.5019929982588001,0.1914811825315351,0.1197636216101747,0.9995808422998474,0.002268828830986544,-0.0036972649301452594,0.0286230356481585,0.28938544,-0.09596676,0.28934506,0.3957096853575726,5.134700040798634e-05,0.00016146899724844843,0.0007361780008068308,0.0003448589995969087,0.0002537729887990281,0.0005531320057343692,0.00273729300533887,0.01702145900344476,0.01975875200878363,50.61048387850894,0
61,1.2400888219999615,-0.3830016295062464,-1.055151717071869,0.6172426382647913,-1.7249123058714808,-2.012698475514547,-0.7442730108844202,0.24058282375335693,-1.797123670578003,-1.4757442474365234,-0.4408746361732483,-0.014317730441689491,-0.16030928492546082,0.23251734673976898,-1.3981680870056152,-1.0078991651535034,-0.10552211105823517,0.11855717748403549,-0.14364077150821686,1.6493506015896204,-4.367809065666108,-1.5092940990056902,-0.24925766135926988,-0.06119461358305992,0.02111687994687908,-0.373155,-1.0576992,0.614114,-1.7124847,-2.0076861,-0.74807096,-0.373155,-1.0576992,0.614114,-1.7124847,-2.0076861,-0.74807096,-0.3830016255378723,-1.0551517009735107,0.6172426342964172,-1.7249122858047485,-2.0126984119415283,-0.7442730069160461,0.24616565,-0.06368643,-0.078215934,0.31068814,0.12530501,-0.09494938,-0.007893045,0.0,0.0,0.0,0.0005882349796593189,0.0002941175,1.17647,False,3,0.4777378756505291,-0.16058822913739673,0.32347834076166315,0.5020140649255085,0.1914888450210554,0.11973135771155596,0.9995911893226004,0.0032040615942370487,-0.003486893723958557,0.0281960720398264,0.28938544,-0.09596676,0.28934506,0.39574039766560554,6.34869938949123e-05,0.00021897499391343445,0.0008907309966161847,0.0005010570021113381,0.00018189899856224656,0.00016913800209295005,0.0029909239965490997,0.016733891010517254,0.019724815007066354,50.69756038988214,0
62,1.260210037988145,-0.38165456453432256,-1.0554983776858826,0.6167476812945765,-1.7232290707030238,-2.01197320619692,-0.7447798887835901,0.23526649177074432,-1.7861731052398682,-1.4333926439285278,-0.4174588620662689,-0.004007652401924133,-0.1557895988225937,0.23336023092269897,-1.3969526290893555,-1.0071015357971191,-0.10536868125200272,0.11847607046365738,-0.14359699189662933,1.507856613168593,-4.335102260504394,-1.3059448989163909,-0.23992191641660338,-0.05832185812872433,0.022030749184705854,-0.37182018,-1.0580444,0.6136842,-1.71079,-2.0069995,-0.74857783,-0.37182018,-1.0580444,0.6136842,-1.71079,-2.0069995,-0.74857783,-0.3816545605659485,-1.0554983615875244,0.6167476773262024,-1.7232290506362915,-2.0119731426239014,-0.7447798848152161,0.2458593,-0.06365281,-0.076586924,0.3109753,0.12434395,-0.0949482,-0.007899612,0.0,0.0,0.0,0.0005882349796593189,0.0002941175,1.17647,False,3,0.4778093555742319,-0.1597190254945782,0.3234611287754979,0.5019984761470566,0.19147818792606316,0.11972873604550237,0.999587569003773,0.002703435686240945,-0.0035436511103156096,0.02836872669684511,0.28938544,-0.09596676,0.28934506,0.39572540469942225,0.0003431130026001483,0.00012861800496466458,0.0006349759933073074,0.000312821997795254,0.00024172599660232663,0.00032044199178926647,0.002343058993574232,0.01762102299835533,0.01996408199192956,50.089956573222246,0
63,1.2800929369986989,-0.3802602926837366,-1.0558105272105713,0.6163128058062952,-1.7214957676329554,-2.011310402547018,-0.7453210989581507,0.23840448260307312,-1.803851842880249,-1.4492082595825195,-0.3975923955440521,0.018639709800481796,-0.15959583222866058,0.2329041212797165,-1.3965561389923096,-1.0065908432006836,-0.10547710210084915,0.11865296214818954,-0.14364539086818695,1.5241035729101555,-4.50730366857376,-1.3514404137701899,-0.25155330404284704,-0.06087795621802494,0.0243273947943437,-0.37042642,-1.0583799,0.61328053,-1.7090551,-2.0063448,-0.7491234,-0.37042642,-1.0583799,0.61328053,-1.7090551,-2.0063448,-0.7491234,-0.38026028871536255,-1.055810570716858,0.6163128018379211,-1.7214957475662231,-2.011310338973999,-0.7453210949897766,0.2458472,-0.06423159,-0.07580602,0.3110177,0.12413913,-0.09505733,-0.007866702,0.0,0.0,0.0,0.0005882349796593189,0.0002941175,1.17647,False,3,0.4778753459858224,-0.15883713285826495,0.32339934758831757,0.5019951352749542,0.19151550799349593,0.11980091875987102,0.9995968474727717,0.003161462657586604,-0.0036053216769019866,0.0279845478482552,0.28938544,-0.09596676,0.28934506,0.3957197873616642,4.510900180321187e-05,0.00012717700155917555,0.0006195519963512197,0.0002778589987428859,0.00020575099915731698,0.00011606900079641491,0.0018594830034999177,0.01784327600034885,0.01970275900384877,50.75431312968191,0
64,1.3000940319907386,-0.37888986269106084,-1.0561779898456116,0.6159089247332972,-1.7198034725584925,-2.010599915181295,-0.7458503882037562,0.2155245542526245,-1.7795956134796143,-1.4487208127975464,-0.42678648233413696,-0.010602442547678947,-0.15630602836608887,0.2321873903274536,-1.3959989547729492,-1.0064657926559448,-0.10575317591428757,0.11874111741781235,-0.14361631870269775,1.7844066868278476,-4.648320083496233,-1.623953248071637,-0.2569438628706534,-0.06515670796074577,0.02418909811615946,-0.36902195,-1.0587441,0.61291003,-1.7073432,-2.005673,-0.7496418,-0.36902195,-1.0587441,0.61291003,-1.7073432,-2.005673,-0.7496418,-0.37888985872268677,-1.0561779737472534,0.6159089207649231,-1.7198034524917603,-2.0105998516082764,-0.7458503842353821,0.24669798,-0.064152375,-0.0749715,0.31150645,0.1231717,-0.094784886,-0.007602002,0.0,0.0,0.0,0.0005882349796593189,0.0002941175,1.17647,False,3,0.47793690362582175,-0.15795604492326432,0.32335735458657966,0.5020093624688765,0.19159793751128015,0.11975475593351154,0.9996044002899322,0.0033705195367548595,-0.0023868497598576845,0.02781977822010813,0.28938544,-0.09596676,0.28934506,0.39580709472968373,6.406700413208455e-05,0.0001314670080319047,0.0005573530070250854,0.00023820099886506796,0.00016109699208755046,0.00022245998843573034,0.0018454949895385653,0.017992487002629787,0.019837981992168352,50.40835304693695,0
65,1.3200884429970756,-0.37751943269838506,-1.0565666121295472,0.615455452595846,-1.7180801830687464,-2.0099266211139124,-0.7463725248919886,0.22181853652000427,-1.7449579238891602,-1.4503473043441772,-0.4406343698501587,0.0038436129689216614,-0.16928631067276,0.23264281451702118,-1.3950517177581787,-1.0062127113342285,-0.10578709095716476,0.11864745616912842,-0.1436583399772644,1.7992128247753612,-4.28398362941763,-1.4856734331172545,-0.2448741457503978,-0.059502526672547816,0.021056097361039118,-0.36765534,-1.0591363,0.6125202,-1.7056061,-2.0050294,-0.75016344,-0.36765534,-1.0591363,0.6125202,-1.7056061,-2.0050294,-0.75016344,-0.377519428730011,-1.056566596031189,0.6154554486274719,-1.7180801630020142,-2.0099265575408936,-0.7463725209236145,0.24660222,-0.06424267,-0.07338106,0.31185213,0.12242622,-0.094772644,-0.0073706447,0.0,0.0,0.0,0.0005882349796593189,0.0002941175,1.17647,False,3,0.47798639604895454,-0.15707943782611394,0.32334222403512036,0.5019833439951321,0.19153469838501447,0.11971390393521471,0.9995963812815953,0.003453868072223691,-0.0014657844377894986,0.028159759840177108,0.28938544,-0.09596676,0.28934506,0.3957646823665649,6.699499499518424e-05,0.00012874799722339958,0.0005542979924939573,0.0002751179999904707,0.00016711800708435476,0.0001019040064420551,0.0017650539957685396,0.01806846700492315,0.01983352100069169,50.41969098503111,0
66,1.3400969319918659,-0.3761990706073206,-1.056886689071991,0.6150549093829554,-1.7163464031615199,-2.009235684071676,-0.7469142119037073,0.2363843023777008,-1.8195831775665283,-1.4558124542236328,-0.4012809693813324,0.010469630360603333,-0.1626308560371399,0.23334841430187225,-1.394715428352356,-1.0059000253677368,-0.10587655752897263,0.1186031773686409,-0.1436627358198166,1.709974477335565,-4.268444446788391,-1.4448320423986154,-0.24868310992796405,-0.06725133769287084,0.02062369211626491,-0.36631942,-1.0594748,0.6121329,-1.7038629,-2.0043457,-0.75070596,-0.36631942,-1.0594748,0.6121329,-1.7038629,-2.0043457,-0.75070596,-0.37619906663894653,-1.0568866729736328,0.6150549054145813,-1.7163463830947876,-2.0092356204986572,-0.7469142079353333,0.24699159,-0.06470446,-0.073049374,0.31208768,0.12224784,-0.094794475,-0.007323474,0.0,0.0,0.0,0.0005882349796593189,0.0002941175,1.17647,False,3,0.4780360717805341,-0.1562265602040004,0.32326901337294656,0.5019958639185257,0.19158908844574246,0.11979501731731224,0.9995979333389168,0.0035242802401854794,-0.002409672318472073,0.028030475783957433,0.28938544,-0.09596676,0.28934506,0.39577616483613265,0.00024374600616283715,0.00024575799761805683,0.0012717110075755045,0.0003749899915419519,0.00032385499798692763,0.00020367999968584627,0.0033139139995910227,0.01639189600246027,0.019705810002051294,50.74645497423877,0
67,1.3601292879902758,-0.3748129049884241,-1.0572723311236878,0.6146119276629847,-1.7146111927428187,-2.0085366407977503,-0.7474163214312952,0.23959103226661682,-1.768531084060669,-1.4461700916290283,-0.4253424406051636,-0.0009652860462665558,-0.15833117067813873,0.23323360085487366,-1.395064353942871,-1.0058820247650146,-0.106012724339962,0.11849933117628098,-0.14363005757331848,1.5163201147495524,-4.394418789052401,-1.272375062880462,-0.23793331668095308,-0.05699055103423191,0.02531220892775371,-0.36493254,-1.0598656,0.61173487,-1.7021132,-2.0036705,-0.75120795,-0.36493254,-1.0598656,0.61173487,-1.7021132,-2.0036705,-0.75120795,-0.37481290102005005,-1.0572723150253296,0.6146119236946106,-1.7146111726760864,-2.0085365772247314,-0.7474163174629211,0.24700919,-0.06483216,-0.0719262,0.31245115,0.1216541,-0.09479085,-0.0071015847,0.0,0.0,0.0,0.0005882349796593189,0.0002941175,1.17647,False,3,0.4780861879612635,-0.15533715249525962,0.3232440319254627,0.5019981732845861,0.1916189532422379,0.11977662439636205,0.9996018254664921,0.0036090115785106305,-0.00251823167716312,0.027871688845812186,0.28938544,-0.09596676,0.28934506,0.3958069839113781,5.508100730367005e-05,0.0001355279964627698,0.0005817460041726008,0.0003508869995130226,0.00017546900198794901,0.00012248499842826277,0.0019426590006332844,0.01791687199147418,0.019859530992107466,50.35365640796945,0
68,1.3801417429931462,-0.3734381834613245,-1.0576117199710389,0.6142314116107386,-1.7128650150694789,-2.0078161398517054,-0.7479503790484827,0.19158491492271423,-1.7514755725860596,-1.450210452079773,-0.3982822597026825,-0.008284760639071465,-0.16453461349010468,0.23233452439308167,-1.3939552307128906,-1.00546133518219,-0.1059664860367775,0.11852061003446579,-0.14367957413196564,1.623936537069432,-4.332823818866603,-1.3466151882613724,-0.24011094565542884,-0.057456559330997414,0.022933848239218763,-0.3635355,-1.0602148,0.6113693,-1.7003449,-2.0029597,-0.7517393,-0.3635355,-1.0602148,0.6113693,-1.7003449,-2.0029597,-0.7517393,-0.37343817949295044,-1.0576117038726807,0.6142314076423645,-1.7128649950027466,-2.0078160762786865,-0.7479503750801086,0.24756715,-0.0650768,-0.071553126,0.3130028,0.12140622,-0.094724335,-0.006853567,0.0,0.0,0.0,0.0005882349796593189,0.0002941175,1.17647,False,3,0.47813897728924803,-0.15445071990011844,0.3231681647350457,0.5019529431144896,0.1916764163343164,0.11976882544361911,0.9996011300179376,0.003946698051124851,-0.001740778943298092,0.027910006696610402,0.28938544,-0.09596676,0.28934506,0.3958277869753992,4.351401003077626e-05,0.0001308069913648069,0.0005411430029198527,0.00038038200000301003,0.00020667699573095888,0.00011648799409158528,0.0019246830051997676,0.01790093099407386,0.019825613999273628,50.43979974777266,0
69,1.4001255439943634,-0.3720606009112757,-1.0579541486552735,0.6138103644000452,-1.7111178837218226,-2.0071924368487757,-0.7484610716449183,0.21792040765285492,-1.8010807037353516,-1.4548420906066895,-0.4613076150417328,0.025247422978281975,-0.16564790904521942,0.23267725110054016,-1.3941049575805664,-1.0056102275848389,-0.10606303811073303,0.11859233677387238,-0.14361782371997833,1.528175456353293,-4.323402317475544,-1.205594347570519,-0.2487824792880329,-0.06343386811851037,0.02280100639346829,-0.36215955,-1.0605645,0.6110093,-1.6985867,-2.0023532,-0.75225085,-0.36215955,-1.0605645,0.6110093,-1.6985867,-2.0023532,-0.75225085,-0.3720605969429016,-1.05795419216156,0.6138103604316711,-1.7111178636550903,-2.007192373275757,-0.7484610676765442,0.24752651,-0.0652568,-0.07002671,0.31328043,0.12098024,-0.09474495,-0.0065373867,0.0,0.0,0.0,0.0005882349796593189,0.0002941175,1.17647,False,3,0.47817864240517416,-0.15358065022761933,0.32311727647471405,0.5019609458381438,0.19166034355818137,0.119761595572397,0.9995952780194071,0.004406317452909305,-0.0019526288077410744,0.028036726466287097,0.28938544,-0.09596676,0.28934506,0.39582350250391574,4.313899262342602e-05,0.00013458100147545338,0.0006404919986380264,0.0003206309920642525,0.00020801500068046153,0.00013413700798992068,0.001984085000003688,0.017819917004089803,0.01980400200409349,50.49484441545198,0
70,1.4200931709929137,-0.37073260942568,-1.058296577339508,0.6134532133685511,-1.709372182885641,-2.0065224806415003,-0.7489751021014612,0.2545977532863617,-1.8218344449996948,-1.4639922380447388,-0.45924636721611023,0.026989771053195,-0.1708914339542389,0.2330484688282013,-1.3931337594985962,-1.0051153898239136,-0.10599580407142639,0.11876968294382095,-0.1436050832271576,1.5928648526835145,-4.177650914191439,-1.2431762230256147,-0.23934952628792733,-0.06263662697988347,0.017651476403925444,-0.36082864,-1.060922,0.61068535,-1.6968421,-2.0017085,-0.7527652,-0.36082864,-1.060922,0.61068535,-1.6968421,-2.0017085,-0.7527652,-0.3707326054573059,-1.05829656124115,0.613453209400177,-1.7093721628189087,-2.0065224170684814,-0.7489750981330872,0.24759924,-0.06563688,-0.069196485,0.3132524,0.120346285,-0.094751574,-0.0067157606,0.0,0.0,0.0,0.0005882349796593189,0.0002941175,1.17647,False,3,0.47821251095382167,-0.15272503902358897,0.32303847666001934,0.5019246599202639,0.19167033168479392,0.11979934391699835,0.9996015372764516,0.004004680151666987,-0.0021098574623820677,0.02786159482578176,0.28938544,-0.09596676,0.28934506,0.395795103182166,4.6667002607136965e-05,0.00015816299128346145,0.0006267470016609877,0.00039080699207261205,0.000326777997543104,0.00012294600310269743,0.0021967649954603985,0.01756154900067486,0.019758313996135257,50.611605838210735,0
71,1.440094670993858,-0.369361702595846,-1.0586624306491395,0.6130660215960901,-1.7076713047423304,-2.0058401266681116,-0.7495277563678187,0.20736615359783173,-1.7867807149887085,-1.4978476762771606,-0.45822033286094666,-0.010097779333591461,-0.14397677779197693,0.2330009639263153,-1.3920730352401733,-1.0046391487121582,-0.10597380995750427,0.11861737072467804,-0.14358477294445038,1.5874222386120733,-4.27068161844044,-1.317385663790929,-0.24560352760044823,-0.06301930155776153,0.02359507023292069,-0.35941964,-1.0612872,0.61032045,-1.6951123,-2.0010505,-0.75330865,-0.35941964,-1.0612872,0.61032045,-1.6951123,-2.0010505,-0.75330865,-0.3693616986274719,-1.0586624145507812,0.6130660176277161,-1.7076712846755981,-2.0058400630950928,-0.7495277523994446,0.24855176,-0.06561919,-0.06863884,0.313972,0.11974094,-0.094521835,-0.006238738,0.0,0.0,0.0,0.0005882349796593189,0.0002941175,1.17647,False,3,0.4782556162124246,-0.1518477836721423,0.32299038936383806,0.5019442760167049,0.19163934618425305,0.1197443076068461,0.9995971447231428,0.0041239491574616574,-0.0010328408819520211,0.028061393905705563,0.28938544,-0.09596676,0.28934506,0.395806699841093,4.780100425705314e-05,0.00015644700033590198,0.0007866489904699847,0.0004567259893519804,0.0003966939984820783,0.00012189301196485758,0.002647280998644419,0.017159586001071148,0.019806866999715567,50.48754050877205,0
72,1.460095577989705,-0.36798316637148076,-1.0589946073344727,0.6126707235919397,-1.705928464929098,-2.005145851765768,-0.7500503698932093,0.2636520266532898,-1.7949358224868774,-1.4824649095535278,-0.463756799697876,-0.006102403625845909,-0.15402740240097046,0.23208563029766083,-1.3910714387893677,-1.0040029287338257,-0.10603778809309006,0.11844993382692337,-0.14354996383190155,1.4950275037663308,-4.424779563732848,-1.3982070667947037,-0.24456102197753118,-0.06096842667197601,0.02374209636175502,-0.35805082,-1.0616273,0.60997474,-1.6933693,-2.0003903,-0.7538319,-0.35805082,-1.0616273,0.60997474,-1.6933693,-2.0003903,-0.7538319,-0.3679831624031067,-1.0589946508407593,0.6126707196235657,-1.7059284448623657,-2.005145788192749,-0.7500503659248352,0.24830869,-0.0658146,-0.06739903,0.31397966,0.11888655,-0.0945396,-0.006467611,0.0,0.0,0.0,0.0005882349796593189,0.0002941175,1.17647,False,3,0.478299965431416,-0.1509648662922259,0.3229196518751515,0.5018953111310942,0.19161895085529182,0.11976459481268167,0.9995979586717528,0.004693873788643177,-0.00039444647858500454,0.027958738816818977,0.28938544,-0.09596676,0.28934506,0.3957568924644187,0.0003629629936767742,0.00018931200611405075,0.0008034010097617283,0.0009405089949723333,0.00027247700199950486,0.00015533399709966034,0.0032748700032243505,0.016506578991538845,0.019781448994763196,50.552414045337784,0
73,1.4800824069970986,-0.3666318098651331,-1.0593619507602234,0.612243954335348,-1.7042046986021937,-2.0044644514666956,-0.7505834738360804,0.2612636983394623,-1.7773220539093018,-1.4711042642593384,-0.4929446578025818,0.023250997066497803,-0.15248245000839233,0.23276981711387634,-1.390864610671997,-1.0039106607437134,-0.10629138350486755,0.11848041415214539,-0.14362584054470062,1.610984639562503,-4.203897607084327,-1.3294631573718092,-0.24358279247408965,-0.05800552508674368,0.02397295076745198,-0.35669225,-1.062005,0.60958624,-1.6916343,-1.9997159,-0.7543653,-0.35669225,-1.062005,0.60958624,-1.6916343,-1.9997159,-0.7543653,-0.36663180589675903,-1.0593619346618652,0.6122439503669739,-1.7042046785354614,-2.0044643878936768,-0.7505834698677063,0.24848902,-0.0660777,-0.06644329,0.3142598,0.118712686,-0.094546854,-0.006169462,0.0,0.0,0.0,0.0005882349796593189,0.0002941175,1.17647,False,3,0.478334621207065,-0.1500964629527536,0.3228832527260195,0.5019352221163537,0.19163445544070123,0.119778232019427,0.9995993432528656,0.004888806134571366,-0.0006978154355641375,0.027871142088113702,0.28938544,-0.09596676,0.28934506,0.39578374839788816,4.657599492929876e-05,0.0001336150016868487,0.0005608989886241034,0.00029958000231999904,0.00016853499982971698,0.00012713800242636353,0.0018466179899405688,0.017971938010305166,0.019818556000245735,50.45776291610755,0
74,1.5000918059959076,-0.3652537504779261,-1.0597397249988099,0.611880127583639,-1.70243563274526,-2.0038064161883753,-0.7510817686664026,0.2602744400501251,-1.7779000997543335,-1.4392262697219849,-0.46338823437690735,-0.0030883103609085083,-0.16890467703342438,0.23262405395507812,-1.3899245262145996,-1.0035808086395264,-0.10641644895076752,0.11854127049446106,-0.14365822076797485,1.7350020350910276,-4.193873763208049,-1.3812353488081104,-0.24195652889422034,-0.06839701724544099,0.0165169198660494,-0.3553034,-1.0623916,0.6092599,-1.6898607,-1.9990863,-0.75486046,-0.3553034,-1.0623916,0.6092599,-1.6898607,-1.9990863,-0.75486046,-0.365253746509552,-1.0597397089004517,0.6118801236152649,-1.7024356126785278,-2.0038063526153564,-0.7510817646980286,0.24875845,-0.066298164,-0.065505415,0.3143741,0.118002184,-0.09446687,-0.0061958884,0.0,0.0,0.0,0.0005882349796593189,0.0002941175,1.17647,False,3,0.47835860443134326,-0.14921576181701185,0.3228215302687105,0.5019262547069023,0.19165694678582187,0.11977169246425623,0.9996010647373337,0.004882812157917417,-0.0009177959697109324,0.027802745494251265,0.28938544,-0.09596676,0.28934506,0.39579807849768367,0.0001101870002457872,0.00012716100900433958,0.0005455580103443936,0.00033006700687110424,0.000279101004707627,0.00011262598854955286,0.0019790359947364777,0.01786704700498376,0.019846082999720238,50.38777677258009,0
75,1.5200876409944613,-0.3638871351825159,-1.060113863354065,0.6114805380450647,-1.700719495812887,-2.0031431357013147,-0.7515957991229456,0.26253941655158997,-1.7697690725326538,-1.4344029426574707,-0.47056400775909424,0.01618310622870922,-0.1878492385149002,0.23245954513549805,-1.390123724937439,-1.0038831233978271,-0.10666531324386597,0.11861766874790192,-0.14367516338825226,1.5450059396881732,-4.158424649524021,-1.4452804981612306,-0.239347538176456,-0.06238468960591473,0.02076376461208596,-0.35393387,-1.0627692,0.6089104,-1.6881335,-1.9984411,-0.75537336,-0.35393387,-1.0627692,0.6089104,-1.6881335,-1.9984411,-0.75537336,-0.36388713121414185,-1.0601139068603516,0.6114805340766907,-1.7007194757461548,-2.003143072128296,-0.7515957951545715,0.24883178,-0.06638206,-0.0642536,0.3146501,0.11754828,-0.09443959,-0.0059293457,0.0,0.0,0.0,0.0005882349796593189,0.0002941175,1.17647,False,3,0.4783882072741953,-0.1483428650721892,0.3227812283182295,0.5019339694418995,0.19164581213150678,0.11976906292670844,0.999599582476648,0.004964487698363556,-0.00030822043179690075,0.02785515546262122,0.28938544,-0.09596676,0.28934506,0.39579525659495074,8.02280119387433e-05,0.00013226899318397045,0.0006570640107383952,0.00042676499288063496,0.00016973800666164607,0.0001444489898858592,0.002095781994285062,0.017733907006913796,0.019829689001198858,50.42943436679931,0
76,1.5400783059885725,-0.36250049272646123,-1.060480610733368,0.6111167112933558,-1.6989575825133265,-2.00248891512026,-0.7521374861346644,0.2596178650856018,-1.7668492794036865,-1.410921335220337,-0.44816267490386963,0.003083065152168274,-0.19128882884979248,0.2327401340007782,-1.3901222944259644,-1.0037102699279785,-0.10671646893024445,0.1185743659734726,-0.143582284450531,1.4923136816935734,-4.351443540776495,-1.3552011579684744,-0.246085856907716,-0.060620805541045784,0.0236234369462131,-0.3525451,-1.0631449,0.60859287,-1.6863616,-1.9978058,-0.75591415,-0.3525451,-1.0631449,0.60859287,-1.6863616,-1.9978058,-0.75591415,-0.36250048875808716,-1.0604805946350098,0.6111167073249817,-1.6989575624465942,-2.002488851547241,-0.7521374821662903,0.24888422,-0.066607274,-0.06309632,0.31490052,0.117075525,-0.09441668,-0.0057797884,0.0,0.0,0.0,0.0005882349796593189,0.0002941175,1.17647,False,3,0.47841174230770456,-0.1474597700266831,0.3227157837251515,0.5019233196673087,0.19160109045267068,0.1196391318142099,0.9995970760945408,0.00492016902307608,7.782116830807066e-05,0.027954256678033546,0.28938544,-0.09596676,0.28934506,0.3958127313663487,4.724400059785694e-05,0.00014093499339651316,0.0005689230019925162,0.00033591499959584326,0.00017103900609072298,0.0001298930001212284,0.0017958969983737916,0.018008036000537686,0.019803932998911478,50.49502036060034,0
77,1.5600961449963506,-0.3611376921283167,-1.0608350795558472,0.6107619444476526,-1.6972810230650843,-2.0018275419818323,-0.7526596228228968,0.25822269916534424,-1.7924755811691284,-1.4146077632904053,-0.4364072382450104,0.0007252506911754608,-0.1727495938539505,0.23268204927444458,-1.3898952007293701,-1.0035419464111328,-0.10687631368637085,0.11851955950260162,-0.1435180902481079,1.441024591383743,-4.248627404142517,-1.168833123371382,-0.23764218883780674,-0.06080633306856151,0.024560073521260203,-0.35114872,-1.0635178,0.6082517,-1.6846821,-1.9971551,-0.7564318,-0.35114872,-1.0635178,0.6082517,-1.6846821,-1.9971551,-0.7564318,-0.3611376881599426,-1.0608351230621338,0.6107619404792786,-1.697281002998352,-2.0018274784088135,-0.7526596188545227,0.24972387,-0.06706686,-0.06275552,0.31497127,0.116811156,-0.094305605,-0.0056335824,0.0,0.0,0.0,0.0005882349796593189,0.0002941175,1.17647,False,3,0.4784430491084598,-0.14659144220624384,0.3226563444839716,0.5019268970526377,0.191688923296013,0.11975186054833714,0.9995964075445578,0.004941943493969462,-0.00045956911675755973,0.027971651697775032,0.28938544,-0.09596676,0.28934506,0.3958301576964099,0.00010667998867575079,0.00013796899293083698,0.0006478230061475188,0.0003386069874977693,0.00027137299184687436,0.0001720449945423752,0.0020830830035265535,0.017750257000443526,0.01983334000397008,50.42015110918423,0
78,1.5800787959888112,-0.3597505728351038,-1.061162607078888,0.6104148069964808,-1.6955543957152308,-2.0011919180499476,-0.7531612555133265,0.24369177222251892,-1.7996209859848022,-1.4333258867263794,-0.4149777293205261,-0.001771531067788601,-0.18858115375041962,0.23291172087192535,-1.3893063068389893,-1.0031579732894897,-0.10690052062273026,0.1185024157166481,-0.14359718561172485,1.5996725490636967,-4.279975848327909,-1.3340983073081998,-0.23754799630845908,-0.06084934278832395,0.02404664692858383,-0.34975478,-1.0638511,0.60794765,-1.6829457,-1.9965385,-0.7569315,-0.34975478,-1.0638511,0.60794765,-1.6829457,-1.9965385,-0.7569315,-0.35975056886672974,-1.0611625909805298,0.6104148030281067,-1.6955543756484985,-2.0011918544769287,-0.7531612515449524,0.24989487,-0.06721445,-0.06167906,0.31521654,0.11633204,-0.09425595,-0.005415101,0.0,0.0,0.0,0.0005882349796593189,0.0002941175,1.17647,False,3,0.4784704622883725,-0.14571530881222577,0.3225733140311827,0.5019104873127499,0.1916813700141031,0.11967535651090379,0.9996079943451573,0.005233597895997509,0.00026495201035389883,0.027502112497989777,0.28938544,-0.09596676,0.28934506,0.3958486428680567,4.6594999730587006e-05,0.00013665399455931038,0.0006814859953010455,0.0003207709960406646,0.00016978199710138142,0.00012105201312806457,0.0020007120037917048,0.017802739996113814,0.01980345199990552,50.49624681620007,0
79,1.6000755749992095,-0.35835582414735967,-1.0615299505046387,0.6100671927081507,-1.6937772236266078,-2.000561539326803,-0.7536872068988245,0.22567567229270935,-1.7579014301300049,-1.4455592632293701,-0.3931644856929779,-0.014236373826861382,-0.193038672208786,0.23321250081062317,-1.3887025117874146,-1.0029653310775757,-0.10720761120319366,0.11853492259979248,-0.14362108707427979,1.4686512435232872,-4.161715529076492,-1.2800778579079812,-0.2405801142992445,-0.061428744518809156,0.02400106833500116,-0.34833628,-1.0642327,0.6076151,-1.6811587,-1.9959161,-0.7574552,-0.34833628,-1.0642327,0.6076151,-1.6811587,-1.9959161,-0.7574552,-0.3583558201789856,-1.0615299940109253,0.6100671887397766,-1.6937772035598755,-2.000561475753784,-0.7536872029304504,0.25048858,-0.06756818,-0.06130183,0.31546405,0.1161348,-0.09420061,-0.0052813,0.0,0.0,0.0,0.0005882349796593189,0.0002941175,1.17647,False,3,0.47848366852524715,-0.1448317266735854,0.32250132116251956,0.5019324208325081,0.19165502905306386,0.11980569904695737,0.9996024731051115,0.0046879051866789475,-0.0007036991079980022,0.027792958918359836,0.28938544,-0.09596676,0.28934506,0.39578542779559883,0.0001232939976034686,0.00013045899686403573,0.0005665479984600097,0.00041259800491388887,0.0001942140079336241,0.00011717699817381799,0.002019423001911491,0.01781500100332778,0.01983442400523927,50.41739552083033,0
80,1.6200848479929846,-0.35696536699403936,-1.061956064110138,0.6097319761859339,-1.6920443973936976,-1.999859635029928,-0.7542098204242151,0.22621172666549683,-1.77866530418396,-1.436279296875,-0.41881266236305237,-0.012884574010968208,-0.1865936517715454,0.23323066532611847,-1.3870218992233276,-1.0022538900375366,-0.1072670966386795,0.11849593371152878,-0.14354249835014343,1.384150987247179,-4.3954091856212205,-1.3398926084544807,-0.24237891302131004,-0.05510463865194021,0.026205160682351722,-0.3469509,-1.0646646,0.60734266,-1.6794302,-1.9952517,-0.7579757,-0.3469509,-1.0646646,0.60734266,-1.6794302,-1.9952517,-0.7579757,-0.3569653630256653,-1.0619560480117798,0.6097319722175598,-1.6920443773269653,-1.9998596906661987,-0.7542098164558411,0.25036174,-0.06771389,-0.059732843,0.31535402,0.115200825,-0.09414632,-0.005369814,0.0,0.0,0.0,0.0005882349796593189,0.0002941175,1.17647,False,3,0.47849899074703073,-0.14393553236557272,0.32245642727155754,0.5019288981721535,0.1916121724068952,0.11974418160976037,0.9996004365109356,0.005358236667054245,-0.0002981403820975646,0.027752150895511633,0.28938544,-0.09596676,0.28934506,0.3957787504028891,3.950399695895612e-05,0.0002067339955829084,0.0004655559896491468,0.0003565170045476407,0.00016901899653021246,9.59330063778907e-05,0.00166585500119254,0.018201525992481038,0.019867380993673578,50.33376066621125,0
81,1.6400847769982647,-0.3555830160724085,-1.0623338383487244,0.609384838734762,-1.6903249226012171,-1.9992530981646937,-0.7547548452960413,0.21117320656776428,-1.7667911052703857,-1.458268642425537,-0.39306533336639404,0.019135646522045135,-0.1937863677740097,0.23376408219337463,-1.3868188858032227,-1.0021891593933105,-0.10717827826738358,0.11844158917665482,-0.14354082942008972,1.625567836745509,-4.2624793647083195,-1.379916184538776,-0.23315341919869012,-0.06261704092468792,0.02146484690831617,-0.34554547,-1.0650566,0.6070153,-1.6776961,-1.9946373,-0.7585197,-0.34554547,-1.0650566,0.6070153,-1.6776961,-1.9946373,-0.7585197,-0.3555830121040344,-1.0623338222503662,0.6093848347663879,-1.6903249025344849,-1.9992531538009644,-0.7547548413276672,0.2509382,-0.06806708,-0.059238594,0.31572086,0.11539667,-0.09412175,-0.0050048833,0.0,0.0,0.0,0.0005882349796593189,0.0002941175,1.17647,False,3,0.4785091120075344,-0.14306442929676488,0.3224024301779669,0.5019519831706917,0.19164024565985474,0.11982613883309261,0.9995988874594789,0.004735807852416274,-0.0005421917564262144,0.027917133070371865,0.28938544,-0.09596676,0.28934506,0.39577643557694975,0.00014978900435380638,0.0001242360012838617,0.0005438520020106807,0.00029496700153686106,0.0001686060131760314,9.230100840795785e-05,0.001722841989248991,0.018137486011255533,0.019860328000504524,50.35163568167638,0
82,1.6600969019928016,-0.3542235533343714,-1.062728003864624,0.6090286413775843,-1.688594480554098,-1.9985950628863733,-0.7552688757525843,0.2445620596408844,-1.7939881086349487,-1.4294503927230835,-0.3733672797679901,-0.007690504193305969,-0.2038085013628006,0.23358169198036194,-1.387449860572815,-1.002052664756775,-0.10734453797340393,0.11853781342506409,-0.14357076585292816,1.73238748608523,-4.175626629914017,-1.1235904560399665,-0.23768424591277185,-0.06536835863902506,0.022157898576066218,-0.3441584,-1.0654601,0.6066985,-1.6759652,-1.9940106,-0.759026,-0.3441584,-1.0654601,0.6066985,-1.6759652,-1.9940106,-0.759026,-0.3542235493659973,-1.0627280473709106,0.6090286374092102,-1.6885944604873657,-1.998595118522644,-0.7552688717842102,0.25162846,-0.068301156,-0.05825292,0.31573057,0.114612356,-0.09392768,-0.004862581,0.0,0.0,0.0,0.0005882349796593189,0.0002941175,1.17647,False,3,0.47851685459738125,-0.1421935160902413,0.3223537667913743,0.501927945439107,0.19164689737641086,0.11977506212916009,0.9996021238373102,0.005201344905094069,-0.0003678380673370114,0.027720930391697936,0.28938544,-0.09596676,0.28934506,0.39579023996221707,0.00011031300527974963,0.0001402100024279207,0.0005352760053938255,0.0002475240034982562,0.00017550199117977172,9.761800174601376e-05,0.0016354719991795719,0.01822102299774997,0.01985649499692954,50.36135532250946,0
83,1.6800778929900844,-0.35278588930238897,-1.0630710285953064,0.6087325255023401,-1.6867991886534632,-1.9979208151446741,-0.7557862440692347,0.22932805120944977,-1.7542500495910645,-1.4564112424850464,-0.40228912234306335,-0.013266002759337425,-0.19209939241409302,0.23360837996006012,-1.387407660484314,-1.002000093460083,-0.10757448524236679,0.11852511018514633,-0.143657848238945,1.6586016999674928,-4.289419467115145,-1.407250266429388,-0.24791919480645205,-0.06356245140499842,0.024036564250212538,-0.34275302,-1.0657667,0.606535,-1.6741493,-1.9934067,-0.7595338,-0.34275302,-1.0657667,0.606535,-1.6741493,-1.9934067,-0.7595338,-0.3527858853340149,-1.0630710124969482,0.6087325215339661,-1.686799168586731,-1.9979208707809448,-0.7557862401008606,0.25082165,-0.06739283,-0.05493691,0.3162481,0.11285449,-0.09369022,-0.004670062,0.0,0.0,0.0,0.0005882349796593189,0.0002941175,1.17647,False,3,0.4785332471865277,-0.14128131307149303,0.322243371717566,0.5017695997491017,0.19136950313514262,0.11911616302784131,0.9995929764458152,0.005145567267836817,0.008104329511805139,0.026865288998267532,0.28938544,-0.09596676,0.28934506,0.39578660175490515,0.00018401499255560338,0.00023280199093278497,0.0005458009982248768,0.00023603699810337275,0.00023441600205842406,0.0001529480068711564,0.0022332339867716655,0.01740080000308808,0.019634033989859745,50.931968464374826,0
84,1.7000837049999973,-0.35143882433046514,-1.0633870524219056,0.6083782354937952,-1.6850630245604457,-1.9973261992083948,-0.7563045660602015,0.1924300193786621,-1.7708593606948853,-1.467442512512207,-0.4048480689525604,-0.008083812892436981,-0.19626645743846893,0.23331835865974426,-1.3871233463287354,-1.002025842666626,-0.10775657743215561,0.11846973747015,-0.14363154768943787,1.4443424233596125,-4.159502746405434,-1.2421008713984867,-0.2393118518446194,-0.06114606284316915,0.024001373820876373,-0.3413826,-1.0660965,0.6062019,-1.6724058,-1.9928173,-0.7600496,-0.3413826,-1.0660965,0.6062019,-1.6724058,-1.9928173,-0.7600496,-0.35143882036209106,-1.0633870363235474,0.6083782315254211,-1.6850630044937134,-1.9973262548446655,-0.7563045620918274,0.25140604,-0.06773853,-0.05440895,0.31643042,0.11272566,-0.09362498,-0.004592261,0.0,0.0,0.0,0.0005882349796593189,0.0002941175,1.17647,False,3,0.47853915779743106,-0.14043239672730393,0.32215940499309526,0.5017692784494501,0.19137420167353966,0.11919724566204266,0.9995908308681271,0.004957241349764348,0.006674814946937428,0.02736927898326972,0.28938544,-0.09596676,0.28934506,0.3957549736316163,7.694399391766638e-05,0.00013739400310441852,0.0006894899997860193,0.0003030030056834221,0.00019851299293804914,0.000109350003185682,0.001894102999358438,0.01793372700922191,0.01982783000858035,50.434162465951005,0
85,1.7201389409892727,-0.35003978410829717,-1.0637813967517395,0.608042065297262,-1.683291574517721,-1.9967077414142054,-0.7568305174456995,0.21698445081710815,-1.790937066078186,-1.433842658996582,-0.44256308674812317,-0.02237241342663765,-0.20106612145900726,0.23304836452007294,-1.3835092782974243,-0.9999867081642151,-0.1071900799870491,0.11844948679208755,-0.14355799555778503,1.5178532361299326,-4.066610837460188,-0.9919243746091184,-0.2407830182127505,-0.057996765946706594,0.027274967669630213,-0.33996388,-1.0664965,0.60591066,-1.6706367,-1.9922323,-0.76056874,-0.33996388,-1.0664965,0.60591066,-1.6706367,-1.9922323,-0.76056874,-0.3500397801399231,-1.0637813806533813,0.6080420613288879,-1.6832915544509888,-1.996707797050476,-0.7568305134773254,0.25189736,-0.06787872,-0.053285457,0.31637385,0.11188832,-0.09345615,-0.004535105,0.0,0.0,0.0,0.0005882349796593189,0.0002941175,1.17647,False,3,0.47853566702053213,-0.1395477676060174,0.32209901891662196,0.5017624784878271,0.19134030686299625,0.119172560060808,0.9996009656850646,0.005059911298530138,0.006647686117716368,0.02698457441417784,0.28938544,-0.09596676,0.28934506,0.39573732983132487,7.680300041101873e-05,0.0001302640011999756,0.0005953660001978278,0.00030599501042161137,0.0002007160073844716,0.0001109709992306307,0.0017852220044005662,0.018096311992849223,0.01988153399724979,50.297929734110554,0
86,1.7400820199982263,-0.3486292997943323,-1.0641902846148987,0.6077502409564417,-1.6815320454039515,-1.9960458914386194,-0.75732928911318,0.24556244909763336,-1.791058897972107,-1.43120276927948,-0.42993611097335815,-0.006748391315340996,-0.19758132100105286,0.23250728845596313,-1.3822054862976074,-0.9998372793197632,-0.10719934850931168,0.11832225322723389,-0.14353974163532257,1.728550775008219,-4.071934930737757,-1.2617760921401548,-0.2380990364687046,-0.063856335829662,0.023962278619214596,-0.33855426,-1.0669168,0.60563624,-1.6688683,-1.9915681,-0.76106966,-0.33855426,-1.0669168,0.60563624,-1.6688683,-1.9915681,-0.76106966,-0.34862929582595825,-1.0641902685165405,0.6077502369880676,-1.6815320253372192,-1.9960459470748901,-0.7573292851448059,0.2518759,-0.06816383,-0.052850354,0.31659234,0.1119455,-0.09350939,-0.0045117186,0.0,0.0,0.0,0.0005882349796593189,0.0002941175,1.17647,False,3,0.4785345375787578,-0.13864877406385429,0.3220277920509723,0.5017682885254133,0.19146612311475808,0.11919986972067277,0.9995934721546942,0.004649020472157976,0.006872066789836959,0.02727623064087358,0.28938544,-0.09596676,0.28934506,0.39582005982282614,4.396300937514752e-05,0.00013895099982619286,0.0006634479941567406,0.00029946300492156297,0.0001918420020956546,0.00021584999922197312,0.00192398700164631,0.017798754997784272,0.019722741999430582,50.70288908250542,0
87,1.7601439449936152,-0.34723025957216436,-1.0645695489696045,0.6074383894549769,-1.6797696552672328,-1.99542743364443,-0.7578623930560511,0.21091893315315247,-1.7639844417572021,-1.4306228160858154,-0.4556671977043152,0.0032400190830230713,-0.19761249423027039,0.23301351070404053,-1.3827210664749146,-1.0002682209014893,-0.10748855024576187,0.1182096004486084,-0.14355382323265076,1.6526100893311406,-4.172747219906742,-1.059173399667872,-0.2315080623082827,-0.06141119584768094,0.023148915553548335,-0.33713764,-1.0673163,0.60535276,-1.6671057,-1.990947,-0.7616033,-0.33713764,-1.0673163,0.60535276,-1.6671057,-1.990947,-0.7616033,-0.3472302556037903,-1.0645695924758911,0.6074383854866028,-1.6797696352005005,-1.9954274892807007,-0.757862389087677,0.2523152,-0.06866685,-0.05213996,0.31659868,0.112011254,-0.09352274,-0.0042860447,0.0,0.0,0.0,0.0005882349796593189,0.0002941175,1.17647,False,3,0.4785296568251742,-0.13776525037517756,0.32195254675541307,0.5017465403659972,0.1914872641318494,0.11930098570000844,0.9995948137632692,0.004862947464542983,0.005559986384544929,0.02748918585468079,0.28938544,-0.09596676,0.28934506,0.3957802894067881,5.5912998504936695e-05,0.00013244099682196975,0.0005842770042363554,0.00032504400587640703,0.00020071399922017008,0.00021258500055409968,0.0019439890020294115,0.017946659994777292,0.019890648996806704,50.274880430525045,0
88,1.7801320209982805,-0.34584361711610967,-1.0649088782123108,0.607128922139303,-1.6780177555479945,-1.994793717061178,-0.7583726088153284,0.22522281110286713,-1.7284367084503174,-1.4194200038909912,-0.4915522634983063,-0.018679175525903702,-0.19567278027534485,0.23334522545337677,-1.383841633796692,-1.000565767288208,-0.10774249583482742,0.118390753865242,-0.14281514286994934,1.5139095458278025,-4.329301990803383,-1.0515389060729645,-0.24029916935139628,-0.06411387058549084,0.023734640485965956,-0.33572215,-1.0676676,0.6050678,-1.6653543,-1.9903315,-0.76210684,-0.33572215,-1.0676676,0.6050678,-1.6653543,-1.9903315,-0.76210684,-0.3458436131477356,-1.0649088621139526,0.607128918170929,-1.6780177354812622,-1.9947937726974487,-0.7583726048469543,0.2530364,-0.06896806,-0.051528193,0.31658652,0.111555465,-0.0933557,-0.004159648,0.0,0.0,0.0,0.0005882349796593189,0.0002941175,1.17647,False,3,0.4785306124304716,-0.13688766689779097,0.32185735960689477,0.5017888390495806,0.19152983569425905,0.11925691603696266,0.9995866779105523,0.005093091722031465,0.006188319092587366,0.027608266044093364,0.28938544,-0.09596676,0.28934506,0.39585283947448924,4.3159991037100554e-05,0.0001301740121562034,0.0005715550068998709,0.0002996399998664856,0.0002873839985113591,0.00012290000449866056,0.0018153589917346835,0.017968212006962858,0.01978357099869754,50.54699174713379,0
89,1.8001335019944236,-0.3444607893573206,-1.0652555984309693,0.6068838278399866,-1.6762501202025355,-1.9941523710833948,-0.7588561216937464,0.2458718717098236,-1.7631257772445679,-1.450038194656372,-0.4734750986099243,-0.020635036751627922,-0.19689583778381348,0.23362994194030762,-1.3840863704681396,-1.0006401538848877,-0.10794543474912643,0.11851944774389267,-0.14286372065544128,1.7498823354373931,-4.191680557009549,-1.2023954965308759,-0.23461900656630533,-0.06543344791408115,0.020881870056438392,-0.3343242,-1.0680401,0.6048357,-1.6635859,-1.9896852,-0.76259273,-0.3343242,-1.0680401,0.6048357,-1.6635859,-1.9896852,-0.76259273,-0.34446078538894653,-1.0652556419372559,0.6068838238716125,-1.6762501001358032,-1.9941524267196655,-0.7588561177253723,0.2534147,-0.06961121,-0.05120277,0.31660566,0.11168221,-0.09341586,-0.0041286387,0.0,0.0,0.0,0.0005882349796593189,0.0002941175,1.17647,False,3,0.47852416041511425,-0.13600844885082877,0.3217380223618876,0.5017726399101236,0.19149978527573683,0.11939953299941117,0.9995847919372909,0.004972422025680621,0.005006561123780315,0.027935821449501803,0.28938544,-0.09596676,0.28934506,0.3957610602711005,5.359000351745635e-05,0.0001259540003957227,0.0005919959949096665,0.00029753400303889066,0.00028785900212824345,0.00012720700760837644,0.0018429089977871627,0.017968241998460144,0.019811150996247306,50.47662299830148,0
90,1.8200922559917672,-0.34306651750673467,-1.0656541746905823,0.6065843741046351,-1.6745149097838343,-1.9935973326312464,-0.7594135443316858,0.2251480519771576,-1.7778921127319336,-1.4603923559188843,-0.4873878061771393,-0.021113872528076172,-0.2069181650876999,0.2336271107196808,-1.3827605247497559,-1.0002881288528442,-0.10803882777690887,0.11852893978357315,-0.1428549736738205,1.6535115962823514,-4.074731573187171,-1.2406732387749042,-0.23522754450100886,-0.06304099556949551,0.024533045164314576,-0.3329253,-1.0684366,0.6045896,-1.6618445,-1.9891462,-0.7631462,-0.3329253,-1.0684366,0.6045896,-1.6618445,-1.9891462,-0.7631462,-0.3430665135383606,-1.0656541585922241,0.606584370136261,-1.674514889717102,-1.993597388267517,-0.7594135403633118,0.25353092,-0.069562785,-0.049869448,0.31676063,0.11127913,-0.09331709,-0.003915351,0.0,0.0,0.0,0.0005882349796593189,0.0002941175,1.17647,False,3,0.47850493476541617,-0.13513923952881182,0.3216782606796155,0.5017972977440741,0.19148738628126036,0.11932661643196268,0.999598559626297,0.005584975318484043,0.005254580314342302,0.027275247301038,0.28938544,-0.09596676,0.28934506,0.3957966043543373,4.1024002712219954e-05,0.00011364401143509895,0.0004657920071622357,0.00030704299570061266,0.0001818510063458234,0.00014365000242833048,0.00163100499776192,0.018179972001235,0.01981097699899692,50.4770663279571,0
91,1.8401290309993783,-0.3416636625873011,-1.0660100144198914,0.6062815825091761,-1.6727353535094203,-1.9929354826556605,-0.7599156538592737,0.21498960256576538,-1.7886292934417725,-1.4355326890945435,-0.4785347878932953,-0.03684285655617714,-0.22132889926433563,0.23330315947532654,-1.3815443515777588,-0.9996764659881592,-0.10803674906492233,0.1186298057436943,-0.14274664223194122,1.6303459437915462,-4.0981878694330565,-1.0659867252966855,-0.23726896580591844,-0.06734146360767457,0.0222391087776163,-0.33148223,-1.0688076,0.60429865,-1.6600623,-1.9884921,-0.76364136,-0.33148223,-1.0688076,0.60429865,-1.6600623,-1.9884921,-0.76364136,-0.341663658618927,-1.0660099983215332,0.606281578540802,-1.672735333442688,-1.9929355382919312,-0.7599156498908997,0.25453603,-0.069939606,-0.049572952,0.31682548,0.11108575,-0.09314218,-0.003762035,0.0,0.0,0.0,0.0005882349796593189,0.0002941175,1.17647,False,3,0.47849912056017035,-0.13424657667186832,0.32158155111293907,0.5018587751176401,0.19150588944150979,0.11939488602047053,0.9995834431425225,0.004666453539265056,0.004599404317443499,0.02810705763147994,0.28938544,-0.09596676,0.28934506,0.39581372044162544,5.8303994592279196e-05,0.00011913399794138968,0.0005788290000054985,0.0002872909972211346,0.00017757900059223175,9.760999819263816e-05,0.0016711689968360588,0.01821517600910738,0.01988634500594344,50.28576139562748,0
92,1.8601348489901284,-0.3402612845050257,-1.0664313000491639,0.6060212294207972,-1.6710120640196742,-1.9923132101642054,-0.7604611555682581,0.2456192970275879,-1.7909235954284668,-1.4469722509384155,-0.4631413519382477,-0.005051846615970135,-0.21675032377243042,0.23306235671043396,-1.3813008069992065,-0.9994233846664429,-0.10822200030088425,0.11839655041694641,-0.14286339282989502,1.6789982458341912,-4.232958374298978,-1.2346458462945684,-0.23809088049674734,-0.06386367582704718,0.024129206816833934,-0.33008325,-1.0692362,0.60408294,-1.6583378,-1.9878825,-0.7641873,-0.33008325,-1.0692362,0.60408294,-1.6583378,-1.9878825,-0.7641873,-0.3402612805366516,-1.0664312839508057,0.6060212254524231,-1.671012043952942,-1.992313265800476,-0.760461151599884,0.25445038,-0.07012148,-0.048457485,0.3168558,0.11076882,-0.093152955,-0.003741148,0.0,0.0,0.0,0.0005882349796593189,0.0002941175,1.17647,False,3,0.47848153740828747,-0.1333598738429672,0.3215151328515419,0.5017997785631683,0.19147947640957855,0.11941782225380919,0.9995925557183232,0.00513239183817762,0.0044958292276247955,0.027716276909336177,0.28938544,-0.09596676,0.28934506,0.39575302086363107,7.224699947983027e-05,0.00010693000513128936,0.0004336099955253303,0.00035459999344311655,0.0001816669973777607,9.880599100142717e-05,0.0015349720051744953,0.018333735992200673,0.019868707997375168,50.330398943510005,0
93,1.880132322999998,-0.3388860861407679,-1.0667908948710938,0.6057336966144007,-1.6692682705321253,-1.9917462507831019,-0.7609604040728968,0.26577436923980713,-1.7462677955627441,-1.4341789484024048,-0.47430574893951416,-0.011905364692211151,-0.22473008930683136,0.23363187909126282,-1.3807963132858276,-0.999409019947052,-0.10831109434366226,0.11845315247774124,-0.14286620914936066,1.6475493472289502,-4.010049321458073,-1.0783983654268114,-0.2306597448280927,-0.058440129487957446,0.026633651519917412,-0.3286895,-1.069605,0.6038317,-1.6565987,-1.9873306,-0.76468235,-0.3286895,-1.069605,0.6038317,-1.6565987,-1.9873306,-0.76468235,-0.3388860821723938,-1.0667909383773804,0.6057336926460266,-1.669268250465393,-1.9917463064193726,-0.7609604001045227,0.25491485,-0.070351705,-0.047549993,0.31673938,0.110393286,-0.093049474,-0.0036499577,0.0,0.0,0.0,0.0005882349796593189,0.0002941175,1.17647,False,3,0.47846003709354434,-0.13249957711384422,0.321429200831291,0.5017964552552489,0.19157359328470325,0.11943224532535707,0.9995953958378961,0.005181698847032511,0.004387000191768783,0.02762103860055453,0.28938544,-0.09596676,0.28934506,0.39581341071307263,4.8546004109084606e-05,0.00012282701209187508,0.0005368540005292743,0.0002906050067394972,0.0001744699984556064,0.0001988139993045479,0.001854507005191408,0.017995115005760454,0.019849622010951862,50.378793079699875,0
94,1.9001344249991234,-0.3374593893634241,-1.0672360223582764,0.6054580847369593,-1.6674815617003382,-1.9910810629474085,-0.7614863554583948,0.23484811186790466,-1.7906322479248047,-1.4699296951293945,-0.44492805004119873,-0.01368781365454197,-0.20495469868183136,0.233437642455101,-1.3810559511184692,-0.999314546585083,-0.10856062173843384,0.11853622645139694,-0.1436271220445633,1.6072742553529924,-3.9484360027007464,-1.2115369837973724,-0.23537525591371172,-0.06807825339213727,0.021698278146274893,-0.3272259,-1.0700754,0.6035607,-1.6548039,-1.9866495,-0.76520556,-0.3272259,-1.0700754,0.6035607,-1.6548039,-1.9866495,-0.76520556,-0.33745938539505005,-1.067236065864563,0.6054580807685852,-1.667481541633606,-1.9910811185836792,-0.7614863514900208,0.25583744,-0.07098174,-0.047435377,0.31694055,0.11078978,-0.09298045,-0.0032969648,0.0,0.0,0.0,0.0005882349796593189,0.0002941175,1.17647,False,3,0.47843544707034824,-0.1315894318575803,0.3213651280590909,0.5018136032235108,0.19155373708713377,0.11946766046726054,0.9996063281884205,0.004902914599188939,0.0034889112699037768,0.02740336732257494,0.28938544,-0.09596676,0.28934506,0.3957929875440728,5.8268007705919445e-05,0.00011516601080074906,0.00047089300642255694,0.00031626700365450233,0.0001816360017983243,0.00010613599442876875,0.0015861730062169954,0.018266811006469652,0.019852984012686647,50.37026168766218,0
95,1.9200960909947753,-0.33605987230409795,-1.0675873321345826,0.605194393788473,-1.665718217889303,-1.9904711882220667,-0.7619698683368128,0.2591424584388733,-1.7664234638214111,-1.4680789709091187,-0.4586867094039917,-0.021605055779218674,-0.23311908543109894,0.23295381665229797,-1.380042314529419,-0.9988799095153809,-0.10871915519237518,0.1183355450630188,-0.14358948171138763,1.7374447804644353,-4.189781878250651,-1.3966969728360707,-0.24389674017756682,-0.0670177247587021,0.02453016604984564,-0.32582542,-1.0704337,0.60334724,-1.6530496,-1.9860611,-0.7656871,-0.32582542,-1.0704337,0.60334724,-1.6530496,-1.9860611,-0.7656871,-0.3360598683357239,-1.0675873756408691,0.6051943898200989,-1.6657181978225708,-1.9904712438583374,-0.7619698643684387,0.25586084,-0.071159035,-0.046178218,0.31671545,0.110253766,-0.09293146,-0.0033899583,0.0,0.0,0.0,0.0005882349796593189,0.0002941175,1.17647,False,3,0.47841615854940656,-0.1307089331417827,0.32125911609700347,0.5018263492305035,0.19155193319048924,0.1194824769517049,0.999599407742104,0.005316500772368117,0.0039349714608816816,0.02751771652567436,0.28938544,-0.09596676,0.28934506,0.3957921592325791,5.555700045078993e-05,0.00011404299584683031,0.0004735249967779964,0.000346112996339798,0.00017885099805425853,9.676499757915735e-05,0.001604129996849224,0.018209007001132704,0.01981313699798193,50.471563392604374,0
96,1.9401325789949624,-0.3346675078021448,-1.0679614704898377,0.6049431006060999,-1.6639954052367152,-1.9899161497699183,-0.7625072638141077,0.24290376901626587,-1.780674695968628,-1.4571311473846436,-0.43274685740470886,-0.015211420133709908,-0.21140316128730774,0.23407942056655884,-1.381359577178955,-0.999464213848114,-0.10886293649673462,0.11853592097759247,-0.1435692459344864,1.4695155854543214,-4.003165008522917,-1.1088894389782649,-0.22888699555210917,-0.06090659170126353,0.02557749092789105,-0.32436126,-1.0708216,0.60310555,-1.6513177,-1.985509,-0.76621115,-0.32436126,-1.0708216,0.60310555,-1.6513177,-1.985509,-0.76621115,-0.33466750383377075,-1.0679614543914795,0.6049430966377258,-1.663995385169983,-1.989916205406189,-0.7625072598457336,0.25765574,-0.07150495,-0.0459391,0.3169408,0.110179,-0.0925975,-0.0028241626,0.0,0.0,0.0,0.0005882349796593189,0.0002941175,1.17647,False,3,0.4783885774436825,-0.12984267725224816,0.3211718934247765,0.5018366212941708,0.19155964549512441,0.119507944116794,0.9995977191130635,0.005257341514689711,0.0032501560408479653,0.027680246023599968,0.28938544,-0.09596676,0.28934506,0.3957923465195579,6.258800567593426e-05,0.00014028001169208437,0.0006508259975817055,0.0003375569940544665,0.00017863399989437312,9.41339967539534e-05,0.0018361969996476546,0.01804870400519576,0.019884901004843414,50.28941304542716,0
97,1.9601338749926072,-0.3332756201373499,-1.0683681529811402,0.6046436468707483,-1.662262579003805,-1.9892547766314905,-0.7630255858050745,0.25857484340667725,-1.7974237203598022,-1.4483301639556885,-0.4133647084236145,-0.012016864493489265,-0.21970134973526,0.23347818851470947,-1.3794403076171875,-0.9985959529876709,-0.10875968635082245,0.11860708892345428,-0.14347346127033234,1.5342266223959344,-4.016730915793157,-1.1738113120300355,-0.23463276485813006,-0.06643381206625577,0.02668665208514337,-0.32297003,-1.0712395,0.6028365,-1.6495837,-1.9848528,-0.76672953,-0.32297003,-1.0712395,0.6028365,-1.6495837,-1.9848528,-0.76672953,-0.33327561616897583,-1.0683681964874268,0.6046436429023743,-1.6622625589370728,-1.9892548322677612,-0.7630255818367004,0.25763932,-0.071781345,-0.045178887,0.3169711,0.1100517,-0.09259818,-0.0028809991,0.0,0.0,0.0,0.0005882349796593189,0.0002941175,1.17647,False,3,0.47836719398019856,-0.12895524680204962,0.32110841760073555,0.5018349920776235,0.19153620446725578,0.119516905550656,0.9995948936084663,0.005135844897831887,0.0032172429699834667,0.02780960211537245,0.28938544,-0.09596676,0.28934506,0.39577059787337654,5.002199031878263e-05,0.00011793200974352658,0.00047223900037351996,0.00043837800330948085,0.0001734810066409409,0.00020626600598916411,0.001819542987504974,0.018034969005384482,0.019854511992889456,50.366385250774854,0
98,1.9801310199982254,-0.3318436781512659,-1.0687465232661744,0.6043761412249964,-1.6604916057982386,-1.988640610371725,-0.7635162512408655,0.2692030370235443,-1.79837965965271,-1.4213720560073853,-0.42985185980796814,-0.018695533275604248,-0.23206917941570282,0.2342088520526886,-1.3784958124160767,-0.9983277320861816,-0.10891382396221161,0.11839818209409714,-0.14348044991493225,1.5715668176019995,-3.973252779146553,-1.1522598979669838,-0.23197314383932263,-0.061553328979114835,0.021517622350488052,-0.32151884,-1.071634,0.6025996,-1.6478224,-1.9842446,-0.7672181,-0.32151884,-1.071634,0.6025996,-1.6478224,-1.9842446,-0.7672181,-0.33184367418289185,-1.068746566772461,0.6043761372566223,-1.6604915857315063,-1.9886406660079956,-0.7635162472724915,0.2581208,-0.07218824,-0.04441274,0.31673044,0.10990092,-0.092547365,-0.0028080065,0.0,0.0,0.0,0.0005882349796593189,0.0002941175,1.17647,False,3,0.4783415057829056,-0.12805702684393808,0.3210157572048969,0.5018431045716759,0.19162512898823147,0.11960013827158222,0.9995981587641952,0.005260837029945801,0.0027412831731398113,0.02771900070769406,0.28938544,-0.09596676,0.28934506,0.3958038524846268,5.869999586138874e-05,0.00011665599595289677,0.00046843999007251114,0.0002989960048580542,0.00015559799794573337,0.00010271300561726093,0.0015489359939238057,0.01830064901150763,0.019849585005431436,50.37888700072925,0
99,2.000132296991069,-0.3304193655597132,-1.0690905016711731,0.6041558424579065,-1.6587802372374476,-1.9880617300616663,-0.7640741507159632,0.26639100909233093,-1.7784149646759033,-1.422851800918579,-0.37160468101501465,-0.010663285851478577,-0.20681141316890717,0.2334892898797989,-1.3784124851226807,-0.998492956161499,-0.10918635129928589,0.11850211769342422,-0.14353889226913452,1.6387421101658182,-4.006793442278349,-1.298280436726859,-0.2293423936795754,-0.0669540682603807,0.019008175821776177,-0.32007653,-1.0719879,0.6024074,-1.6461074,-1.9836695,-0.76777226,-0.32007653,-1.0719879,0.6024074,-1.6461074,-1.9836695,-0.76777226,-0.3304193615913391,-1.069090485572815,0.6041558384895325,-1.6587802171707153,-1.988061785697937,-0.7640741467475891,0.25857112,-0.07243517,-0.04371131,0.31681916,0.10980529,-0.09245247,-0.0026931453,0.0,0.0,0.0,0.0005882349796593189,0.0002941175,1.17647,False,3,0.47832000970335786,-0.12717316017812047,0.32090244082592967,0.5018525993573426,0.19155916061459616,0.11959639808606558,0.999588690355164,0.005512964021168434,0.0029811747221027978,0.027986002094473217,0.28938544,-0.09596676,0.28934506,0.3957626237970508,5.527999019250274e-05,0.00011207599891349673,0.0004837320011574775,0.00028581300284713507,0.00015335300122387707,9.955499263014644e-05,0.001525276995380409,0.018327166995732114,0.019852443991112523,50.37163184783076,0
100,2.020102094989852,-0.3289716879474085,-1.0695093435100098,0.6039040724383753,-1.6570006809630335,-1.9874275366412562,-0.76459247270693,0.26336732506752014,-1.7498176097869873,-1.4339805841445923,-0.40921080112457275,-0.015997949987649918,-0.19553926587104797,0.2338123768568039,-1.377621054649353,-0.9982253313064575,-0.10923000425100327,0.11862917244434357,-0.1434747874736786,1.620334774973624,-4.190152321850082,-1.2806074466121369,-0.24551470325307817,-0.0609401154366804,0.0286340670984171,-0.31861198,-1.0724188,0.6021914,-1.6443361,-1.9830422,-0.76828766,-0.31861198,-1.0724188,0.6021914,-1.6443361,-1.9830422,-0.76828766,-0.3289716839790344,-1.0695093870162964,0.6039040684700012,-1.6570006608963013,-1.9874275922775269,-0.7645924687385559,0.2589925,-0.07273683,-0.04281689,0.3166125,0.10963476,-0.09237993,-0.0026141324,0.0,0.0,0.0,0.0005882349796593189,0.0002941175,1.17647,False,3,0.4782863391522988,-0.12626109526978951,0.32082081866524376,0.5018233463762609,0.19167565656631097,0.11960024961143405,0.9995910279191269,0.005145149433325018,0.002449392755428997,0.028022910118911355,0.28938544,-0.09596676,0.28934506,0.39582991532860795,5.610799416899681e-05,0.0001126369897974655,0.0004668790061259642,0.00027860800037160516,0.00016451800183858722,9.79149917839095e-05,0.0015063009923323989,0.018319087001145817,0.019825387993478216,50.44037475226014,0
101,2.0401288680004654,-0.327555004750387,-1.0699154299548645,0.6036608854876917,-1.6552416286864222,-1.9868152777301233,-0.7650631109820765,0.21867182850837708,-1.7716954946517944,-1.428523302078247,-0.39811983704566956,-0.0018571391701698303,-0.22511141002178192,0.23382224142551422,-1.3758187294006348,-0.9973761439323425,-0.10924673080444336,0.1185431107878685,-0.1435915231704712,1.8656491623444746,-4.10455081578306,-1.2807252257117836,-0.2350791717341303,-0.07162910119790637,0.0181534544749607,-0.31713676,-1.0728301,0.60197115,-1.6425666,-1.9824394,-0.768744,-0.31713676,-1.0728301,0.60197115,-1.6425666,-1.9824394,-0.768744,-0.32755500078201294,-1.0699154138565063,0.6036608815193176,-1.65524160861969,-1.986815333366394,-0.7650631070137024,0.2604556,-0.0728664,-0.04224346,0.31687644,0.10939747,-0.09202196,-0.0021963029,0.0,0.0,0.0,0.0005882349796593189,0.0002941175,1.17647,False,3,0.47824851127597146,-0.12536966653261358,0.3207353785401652,0.5018426810975589,0.19160538337108676,0.11957859049883257,0.9995849427540549,0.005716764363521335,0.002978388918541629,0.028078675322458946,0.28938544,-0.09596676,0.28934506,0.39579852001579785,6.573399878107011e-05,0.00011804999667219818,0.0005906610022066161,0.00027208300889469683,0.00023258599685505033,9.654999303165823e-05,0.001723834007862024,0.018136800004867837,0.01986063401272986,50.35085986474755,0
102,2.060093706997577,-0.3261469046222132,-1.070346013908722,0.6034210363971155,-1.6535378895201625,-1.9862239996539515,-0.7655614058123987,0.22139154374599457,-1.756392478942871,-1.4408408403396606,-0.37532034516334534,-0.001805892214179039,-0.20929227769374847,0.2344212681055069,-1.3760223388671875,-0.9973118901252747,-0.10932718962430954,0.1185971274971962,-0.14364971220493317,1.5942748872184778,-3.9101292685431535,-1.1507975679106692,-0.22833737025272213,-0.06404083289711102,0.02156128294637059,-0.31571716,-1.0732781,0.6017612,-1.6408724,-1.9818531,-0.76924187,-0.31571716,-1.0732781,0.6017612,-1.6408724,-1.9818531,-0.76924187,-0.3261469006538391,-1.0703459978103638,0.6034210324287415,-1.6535378694534302,-1.9862240552902222,-0.7655614018440247,0.2607439,-0.07330191,-0.04149552,0.31663653,0.10927179,-0.092011616,-0.00217768,0.0,0.0,0.0,0.0005882349796593189,0.0002941175,1.17647,False,3,0.4782084629106639,-0.12448761094142995,0.320672847921665,0.5018285200344472,0.191603028660208,0.1196493693463606,0.9995910665096677,0.005271902952256955,0.001473034679149399,0.028067479039839915,0.28938544,-0.09596676,0.28934506,0.3957588538157351,3.980599285569042e-05,0.00011779699707403779,0.00048516999231651425,0.00034966600651387125,0.00026205000176560134,0.00011674000415951014,0.0017092889902414754,0.018105271010426804,0.01981456000066828,50.46793872618283,0
103,2.0800905379874166,-0.32467872301210576,-1.070770339374878,0.6031778494464319,-1.6517416439452113,-1.9856141249286097,-0.7660997549640101,0.24802260100841522,-1.746630072593689,-1.422934651374817,-0.4378407299518585,0.006491526961326599,-0.20351462066173553,0.23484651744365692,-1.3759760856628418,-0.9972113370895386,-0.10935501009225845,0.1186501681804657,-0.14343644678592682,1.4121385923319736,-3.947798608865073,-1.0031979112748537,-0.22745971033756932,-0.06345193850411969,0.023826423778853283,-0.3142226,-1.0737177,0.6015581,-1.6390911,-1.9812535,-0.7697751,-0.3142226,-1.0737177,0.6015581,-1.6390911,-1.9812535,-0.7697751,-0.3246787190437317,-1.0707703828811646,0.6031778454780579,-1.651741623878479,-1.9856141805648804,-0.766099750995636,0.26140293,-0.07368192,-0.04049333,0.31626266,0.10901762,-0.09188325,-0.0020747434,0.0,0.0,0.0,0.0005882349796593189,0.0002941175,1.17647,False,3,0.4781648539559518,-0.12356971293182553,0.320589863562531,0.501862830563282,0.19165899002480086,0.11967490944714412,0.9995828220439833,0.00531115534248244,0.0017819963018042072,0.028334274998867676,0.28938544,-0.09596676,0.28934506,0.3958069869380945,9.314800263382494e-05,0.00014464001287706196,0.000516575004439801,0.0002292889985255897,0.00017078900418709964,9.112698899116367e-05,0.0015616730088368058,0.018286409991560504,0.01984808300039731,50.382699426437426,0
104,2.100133798987372,-0.3232234160052698,-1.0711424213698884,0.6029465834247034,-1.6499558887877406,-1.9849799315081995,-0.7666071097003382,0.23270507156848907,-1.7718108892440796,-1.4319020509719849,-0.37541311979293823,-0.003476504236459732,-0.19616109132766724,0.23423296213150024,-1.376395344734192,-0.9973508715629578,-0.10973010957241058,0.11856232583522797,-0.14333848655223846,1.4082515830561306,-4.030857843526695,-1.2108314918801564,-0.23808722926126996,-0.06339256247968907,0.027889607759176198,-0.3127632,-1.0741075,0.6013346,-1.6372995,-1.9806082,-0.77028376,-0.3127632,-1.0741075,0.6013346,-1.6372995,-1.9806082,-0.77028376,-0.32322341203689575,-1.0711424350738525,0.6029465794563293,-1.6499558687210083,-1.9849799871444702,-0.7666071057319641,0.26150486,-0.07412865,-0.040300112,0.31640765,0.10929545,-0.091915816,-0.002155492,0.0,0.0,0.0,0.0005882349796593189,0.0002941175,1.17647,False,3,0.4781295988939077,-0.1226566467096499,0.3204767466220339,0.5018950214188023,0.19171276902283063,0.1197127098250904,0.9995898523344182,0.0048741053773500576,0.0010593820594477369,0.028199663720587628,0.28938544,-0.09596676,0.28934506,0.39584714876070876,6.497499998658895e-05,0.00013466700329445302,0.0005677150038536638,0.000266827002633363,0.00017907799337990582,9.94019937934354e-05,0.001651412996579893,0.018238677992485464,0.019890090989065357,50.276290870150035,0
105,2.1200983629969414,-0.3217991034137171,-1.071532980804779,0.6027262846576136,-1.648172994653219,-1.9844020048724573,-0.7671287695514124,0.21591484546661377,-1.7796293497085571,-1.4133117198944092,-0.43128156661987305,0.009941790252923965,-0.19153079390525818,0.23484282195568085,-1.3763725757598877,-0.9972090721130371,-0.10981034487485886,0.11855237185955048,-0.14346200227737427,1.8337981569091621,-4.10966894928811,-1.1311083718667714,-0.23197913488583194,-0.06874744050946065,0.020680543584162325,-0.3113155,-1.0745069,0.6011568,-1.6355243,-1.9800427,-0.7707994,-0.3113155,-1.0745069,0.6011568,-1.6355243,-1.9800427,-0.7707994,-0.321799099445343,-1.071532964706421,0.6027262806892395,-1.6481729745864868,-1.984402060508728,-0.7671287655830383,0.26208952,-0.07434651,-0.039237227,0.31621632,0.10898332,-0.0917661,-0.0020534534,0.0,0.0,0.0,0.0005882349796593189,0.0002941175,1.17647,False,3,0.47807890038038586,-0.12176826039980228,0.3203738523295635,0.5018473496647655,0.19166921530211853,0.11970539059331418,0.9995913258654677,0.005133781004317077,0.001324665598571892,0.028091363527258176,0.28938544,-0.09596676,0.28934506,0.39579304203762883,0.00022922999050933868,0.00010501699580345303,0.0004829499957850203,0.0002735299931373447,0.0001816930016502738,9.969000529963523e-05,0.0017046989960363135,0.018110484001226723,0.019815182997263037,50.466351995746116,0
106,2.1400954739947338,-0.32034379640688115,-1.0719331067851563,0.6024625937091272,-1.6464835606017054,-1.9837835470782679,-0.7675998846637171,0.21495522558689117,-1.7658740282058716,-1.419325351715088,-0.4343865215778351,-0.011263605207204819,-0.20599405467510223,0.2346140593290329,-1.3749094009399414,-0.9968095421791077,-0.10960640758275986,0.11872836202383041,-0.14352327585220337,1.4972766197435088,-3.9158158954441866,-1.0066881081362047,-0.22735107347999853,-0.06371109386191987,0.023557763018265076,-0.30983874,-1.0749173,0.6009269,-1.6338379,-1.9794259,-0.7712655,-0.30983874,-1.0749173,0.6009269,-1.6338379,-1.9794259,-0.7712655,-0.3203437924385071,-1.0719331502914429,0.6024625897407532,-1.6464835405349731,-1.9837836027145386,-0.767599880695343,0.26262626,-0.074605376,-0.038392592,0.3161393,0.108942546,-0.09164115,-0.0019273863,0.0,0.0,0.0,0.0005882349796593189,0.0002941175,1.17647,False,3,0.4780475339051788,-0.12086183087399127,0.32030607696721214,0.5018378140499333,0.1916625768114052,0.1196889668550238,0.9995878199445941,0.005543666924899862,0.0012590140882114608,0.028140187440233402,0.28938544,-0.09596676,0.28934506,0.3957901387322597,0.00012962000619154423,0.00012022099690511823,0.0005949500045971945,0.00044942200474906713,0.00021827200544066727,0.00011403599637560546,0.0020041660027345642,0.017815188999520615,0.01981935500225518,50.45572875031571,0
107,2.1601227709907107,-0.31889182726015264,-1.0723853570273896,0.6022561232196253,-1.644693513909811,-1.9831894079791468,-0.768160645161764,0.22490796446800232,-1.7508654594421387,-1.4290310144424438,-0.44641733169555664,0.0030032657086849213,-0.1911747306585312,0.23416820168495178,-1.3734391927719116,-0.9962430596351624,-0.10950944572687149,0.11866492033004761,-0.14354263246059418,1.3582286206580734,-4.071328633815163,-1.1691099937448766,-0.22790239434513546,-0.06303770327544998,0.025302479762169545,-0.30836588,-1.0753825,0.6007495,-1.6320571,-1.9788449,-0.7718203,-0.30836588,-1.0753825,0.6007495,-1.6320571,-1.9788449,-0.7718203,-0.31889182329177856,-1.072385311126709,0.6022561192512512,-1.6446934938430786,-1.9831894636154175,-0.7681606411933899,0.26314825,-0.0749278,-0.03766497,0.31591186,0.10861454,-0.09149182,-0.0019851355,0.0,0.0,0.0,0.0005882349796593189,0.0002941175,1.17647,False,3,0.4779865516429722,-0.11995376328735735,0.3202258972648122,0.5018904024047636,0.1916791962276066,0.11967745196301388,0.9995832046557277,0.005298445919969708,0.0010800587110927139,0.028358287753156856,0.28938544,-0.09596676,0.28934506,0.3958353821226643,6.906999624334276e-05,0.00014011100574862212,0.0006133280112408102,0.00029912800528109074,0.00015386799350380898,9.197699546348304e-05,0.0017642339953454211,0.018112004996510223,0.019876238991855644,50.3113290401546,0
108,2.1801321169914445,-0.31741506258119756,-1.07282708704982,0.6020210425006312,-1.642937799493307,-1.9826067129718226,-0.7686474959002894,0.2387743443250656,-1.7849961519241333,-1.4360215663909912,-0.4493422508239746,0.026889050379395485,-0.20015746355056763,0.26059070229530334,-1.3859623670578003,-1.0005217790603638,-0.10522203147411346,0.12104164808988571,-0.14513790607452393,1.435727717493083,-3.848245679774322,-1.2496032333533018,-0.22341193481259244,-0.06030393225187837,0.025344306813306225,-0.30683264,-1.0758241,0.600546,-1.6302927,-1.9782641,-0.7722931,-0.30683264,-1.0758241,0.600546,-1.6302927,-1.9782641,-0.7722931,-0.3174150586128235,-1.0728271007537842,0.6020210385322571,-1.6429377794265747,-1.9826067686080933,-0.7686474919319153,0.26456037,-0.074924625,-0.036876142,0.31612906,0.10856727,-0.091139436,-0.0014854266,0.0,0.0,0.0,0.0005882349796593189,0.0002941175,1.17647,False,3,0.4779326994784655,-0.11903876792262397,0.32015864834657626,0.5018249126384592,0.19166762443183638,0.11964520693906464,0.999589114162762,0.005617722657007205,0.0013785035331528202,0.0280740670649558,0.28938544,-0.09596676,0.28934506,0.3958056418411678,7.107999408617616e-05,0.00010438499157316983,0.0004250129859428853,0.00029212801018729806,0.0001598270027898252,9.773900092113763e-05,0.0014455100026680157,0.018425823000143282,0.019871333002811298,50.323750291866425,0
109,2.200120370995137,-0.3158910910235804,-1.0732234877398987,0.601870361958639,-1.6410628757872523,-1.9819605986224573,-0.7691896597491663,0.23581106960773468,-1.7554230690002441,-1.428299069404602,-0.433947890996933,-0.02021702751517296,-0.20215058326721191,0.22713908553123474,-1.3699309825897217,-0.9959397315979004,-0.10943759232759476,0.11880003660917282,-0.14372675120830536,1.4190481488238493,-3.8923630472315622,-1.2807382553258617,-0.22579814123032274,-0.0648910862289782,0.020992400867684495,-0.30525103,-1.0762442,0.60040545,-1.6284276,-1.977622,-0.77282566,-0.30525103,-1.0762442,0.60040545,-1.6284276,-1.977622,-0.77282566,-0.3158910870552063,-1.0732234716415405,0.6018703579902649,-1.64106285572052,-1.981960654258728,-0.7691896557807922,0.26600122,-0.075519264,-0.03662307,0.31588173,0.108466886,-0.090900466,-0.0012921143,0.0,0.0,0.0,0.0005882349796593189,0.0002941175,1.17647,False,3,0.47787694310645107,-0.11808519434963882,0.3200104277823835,0.5018674711388276,0.1916224463360555,0.1197029718067544,0.9995921501368318,0.004802886140302519,0.0001495413787108326,0.028149656726752462,0.28938544,-0.09596676,0.28934506,0.39577089406302124,4.130399611312896e-05,0.00011383100354578346,0.0004942179948557168,0.00027339000371284783,0.0001930879952851683,0.00011626401101239026,0.001624557000468485,0.018214121999335475,0.01983867899980396,50.40658201132654,0
110,2.2200920979958028,-0.3143580595599573,-1.0736467999270936,0.6016243139850062,-1.6392322979369105,-1.981295410786764,-0.7697122732745569,0.2330823540687561,-1.7632306814193726,-1.4281188249588013,-0.4350070357322693,0.015073377639055252,-0.19494478404521942,0.2267834097146988,-1.3685007095336914,-0.9957666993141174,-0.11257204413414001,0.11747578531503677,-0.1426442414522171,1.4906236227864662,-3.846553067667556,-1.1679778940974508,-0.2261917044334371,-0.06487045555876451,0.02196535059130343,-0.3037135,-1.0766746,0.6001983,-1.6265996,-1.9769535,-0.77334625,-0.3037135,-1.0766746,0.6001983,-1.6265996,-1.9769535,-0.77334625,-0.31435805559158325,-1.0736467838287354,0.6016243100166321,-1.6392322778701782,-1.9812954664230347,-0.7697122693061829,0.2661142,-0.07569518,-0.035649016,0.31581923,0.108547844,-0.090848885,-0.0012602891,0.0,0.0,0.0,0.0005882349796593189,0.0002941175,1.17647,False,3,0.47782801790738266,-0.11712579586910939,0.3199179300598616,0.5018804625341411,0.19161991083571442,0.11971922455670812,0.9995849123855195,0.004983130906956508,0.0009306104391168306,0.02835999898919158,0.28938544,-0.09596676,0.28934506,0.3957690604850144,6.017700070515275e-05,0.00010191999899689108,0.000535498998942785,0.00027823699929285794,0.0001818489981815219,9.835499804466963e-05,0.0015357399970525876,0.018302715005120263,0.01983845500217285,50.40715115620006,0
111,2.2400870239944197,-0.3128579298602503,-1.0740648669055481,0.6014083067523401,-1.6374093494811,-1.9806650320636194,-0.7702501455890101,0.2095983922481537,-1.7128196954727173,-1.3923285007476807,-0.46239668130874634,-0.03387397527694702,-0.16893520951271057,0.2287590354681015,-1.3679298162460327,-0.9950684309005737,-0.11130785942077637,0.11802574247121811,-0.14296288788318634,1.5973182510753166,-4.201057632661879,-1.2143834975975984,-0.23672822114443715,-0.06511792668872177,0.026320964894233027,-0.30220973,-1.0771053,0.6000272,-1.6247921,-1.9763317,-0.7738823,-0.30220973,-1.0771053,0.6000272,-1.6247921,-1.9763317,-0.7738823,-0.3128579258918762,-1.07406485080719,0.6014083027839661,-1.6374093294143677,-1.9806650876998901,-0.770250141620636,0.266205,-0.076010466,-0.034528073,0.31543145,0.108335435,-0.09080521,-0.0014202417,0.0,0.0,0.0,0.0005882349796593189,0.0002941175,1.17647,False,3,0.4777695647478218,-0.1161892010837264,0.31981597274969686,0.5018734232781481,0.19156918597470768,0.11971516301756405,0.9995886763957291,0.004907573893895474,0.0005710989512840474,0.028250890997505104,0.28938544,-0.09596676,0.28934506,0.3957301638224793,5.979000707156956e-05,0.00010549199942033738,0.0004727249906864017,0.0003155169979436323,0.0001826570078264922,0.00010345999908167869,0.0015484539908356965,0.01830000900372397,0.019848462994559668,50.381734861489946,0
112,2.2601216659968486,-0.31141692796816045,-1.074467973118164,0.6011889616595667,-1.6356779537596644,-1.9800871054278772,-0.7707646528827112,0.2326081246137619,-1.751314640045166,-1.3801544904708862,-0.43915730714797974,-0.004726685583591461,-0.17152580618858337,0.23255717754364014,-1.3692244291305542,-0.9919971227645874,-0.1105821281671524,0.11860963702201843,-0.1432478129863739,1.2947346473551091,-4.007263282786481,-1.0034324860386439,-0.22771420913322868,-0.06228020781010334,0.025123412441419635,-0.3007665,-1.0775275,0.5998432,-1.623076,-1.9757512,-0.77439785,-0.3007665,-1.0775275,0.5998432,-1.623076,-1.9757512,-0.77439785,-0.3114169239997864,-1.0744680166244507,0.6011889576911926,-1.6356779336929321,-1.980087161064148,-0.7707646489143372,0.26626092,-0.076487854,-0.03364357,0.3150497,0.10840076,-0.09083071,-0.0015610199,0.0,0.0,0.0,0.0005882349796593189,0.0002941175,1.17647,False,3,0.47771118533484275,-0.11529601616331991,0.3197292003878863,0.5018630527247535,0.19162596158287823,0.1197284844581747,0.9995897415147831,0.004443439698887637,0.00026040143467151786,0.028293510479397196,0.28938544,-0.09596676,0.28934506,0.39576014132092296,5.562500155065209e-05,0.00011523599096108228,0.0005291220004437491,0.00035516699426807463,0.00018046899640467018,0.00010369899973738939,0.0016586020065005869,0.018226583997602575,0.01988518600410316,50.28869228548616,0
113,2.2801488019904355,-0.3099454084979456,-1.0749447208694,0.6010163466082972,-1.633988996545309,-1.9795129934894007,-0.7712624708758753,0.27257871627807617,-1.7615503072738647,-1.4129283428192139,-0.41427114605903625,0.02056214027106762,-0.17824941873550415,0.23407123982906342,-1.3695690631866455,-0.9862423539161682,-0.1102704182267189,0.11886642873287201,-0.1434645652770996,1.4854638077361215,-3.7763313699192724,-0.9434680609489545,-0.21885347993903098,-0.06021848200934821,0.024172181529309476,-0.29926905,-1.0780103,0.59969866,-1.6213895,-1.9751785,-0.77488774,-0.29926905,-1.0780103,0.59969866,-1.6213895,-1.9751785,-0.77488774,-0.30994540452957153,-1.0749447345733643,0.6010163426399231,-1.6339889764785767,-1.9795130491256714,-0.7712624669075012,0.26690915,-0.07664079,-0.03294209,0.31498647,0.10836357,-0.090632014,-0.001447343,0.0,0.0,0.0,0.0005882349796593189,0.0002941175,1.17647,False,3,0.47764580983433075,-0.11438665078770494,0.31966927173150805,0.501884318127846,0.19164840159828717,0.11970148898588438,0.9995881375051847,0.0049706845513755775,0.0008568735907304,0.028251808290880778,0.28938544,-0.09596676,0.28934506,0.3957994352144579,5.83320070290938e-05,0.00010730100621003658,0.0004269839992048219,0.0002593870012788102,0.00018665200332179666,0.00010799600568134338,0.0014491929905489087,0.01844372900086455,0.01989292199141346,50.26913594853677,0
114,2.300136929989094,-0.30850154558290654,-1.0753131073764344,0.6008179823504847,-1.6322347126402796,-1.9788945356952112,-0.7717455069171351,0.24668283760547638,-1.7319279909133911,-1.4096921682357788,-0.4239829480648041,-0.004652428440749645,-0.18033739924430847,0.2336646169424057,-1.3693671226501465,-0.981412410736084,-0.11044643819332123,0.11879438161849976,-0.1435617357492447,1.2328852591291495,-3.77517858005083,-1.0136420332926408,-0.2193272141898228,-0.06091985536079495,0.023163542487077797,-0.29776216,-1.0783952,0.5995153,-1.6196392,-1.9745562,-0.77535963,-0.29776216,-1.0783952,0.5995153,-1.6196392,-1.9745562,-0.77535963,-0.30850154161453247,-1.0753130912780762,0.6008179783821106,-1.6322346925735474,-1.978894591331482,-0.771745502948761,0.2684846,-0.07705519,-0.03256583,0.31488702,0.108460225,-0.09035267,-0.0011084019,0.0,0.0,0.0,0.0005882349796593189,0.0002941175,1.17647,False,3,0.47758971814828277,-0.11348525407265923,0.31955036300057643,0.501845300406802,0.19163374002570666,0.11976014244930278,0.9995974313229999,0.004434503793105376,-0.000506987603656943,0.02801802983186632,0.28938544,-0.09596676,0.28934506,0.3957426960830618,3.830800415016711e-05,0.00011509700561873615,0.0006140769983176142,0.0002736309979809448,0.00026409099518787116,0.0001133820042014122,0.0017288310045842081,0.018091224992531352,0.01982005599711556,50.45394423434179,0
115,2.3201053789962316,-0.30699330965151006,-1.0757738810828705,0.6006296316729944,-1.6305080852904261,-1.9783156553851526,-0.7722480932818812,0.23881663382053375,-1.733478307723999,-1.4029641151428223,-0.3932892680168152,-0.002800745889544487,-0.18584537506103516,0.23417754471302032,-1.370219111442566,-0.9772889018058777,-0.11093682050704956,0.11865410208702087,-0.14350619912147522,1.3054973041067663,-3.9833722075683204,-1.079734542921447,-0.22940600120274773,-0.06624172952563372,0.02426399240006276,-0.29624736,-1.0788661,0.59936416,-1.6179256,-1.973982,-0.7758585,-0.29624736,-1.0788661,0.59936416,-1.6179256,-1.973982,-0.7758585,-0.306993305683136,-1.07577383518219,0.6006296277046204,-1.6305080652236938,-1.9783157110214233,-0.7722480893135071,0.2686487,-0.07730824,-0.03163666,0.31455952,0.108343,-0.090260826,-0.0012056206,0.0,0.0,0.0,0.0005882349796593189,0.0002941175,1.17647,False,3,0.4775229892652146,-0.11255735994658034,0.31948134926186605,0.5018910689154498,0.19165849524985998,0.11972451622237937,0.9995904921102916,0.004745785985256387,-0.00020628853543822645,0.028218839423583435,0.28938544,-0.09596676,0.28934506,0.3958005255083936,5.324299854692072e-05,0.00011389900464564562,0.00046840700088068843,0.00031030099489726126,0.00017941600526683033,0.0001022360083879903,0.0015598139871144667,0.018257479008752853,0.01981729299586732,50.46097871230642,0
116,2.340143329987768,-0.30551368394960576,-1.0762275618365784,0.6004379431353968,-1.6287247143187464,-1.9777067343341272,-0.7727468649493616,0.2353072613477707,-1.7013771533966064,-1.410610556602478,-0.40125933289527893,-0.0024144621565937996,-0.21511581540107727,0.23450006544589996,-1.3687351942062378,-0.9707894325256348,-0.11095288395881653,0.11874489486217499,-0.14337298274040222,1.4592125149943307,-4.082387768881717,-1.0972972634573026,-0.2347889181276896,-0.06799737897265579,0.02700493276785996,-0.2947276,-1.0793203,0.59921753,-1.6161505,-1.9733847,-0.7763443,-0.2947276,-1.0793203,0.59921753,-1.6161505,-1.9733847,-0.7763443,-0.3055136799812317,-1.0762275457382202,0.6004379391670227,-1.6287246942520142,-1.977706789970398,-0.7727468609809875,0.26965216,-0.07731848,-0.030509593,0.31435543,0.108051404,-0.08993628,-0.0010170504,0.0,0.0,0.0,0.0005882349796593189,0.0002941175,1.17647,False,3,0.4774477418974899,-0.1116355533103639,0.31939732980189645,0.5019046167199609,0.19165288998387364,0.11968720716302093,0.9995869301440253,0.00556398364078294,0.0017503953879463236,0.02814114657838367,0.28938544,-0.09596676,0.28934506,0.39581971641470937,0.00013643600686918944,0.00016115300240926445,0.0007707129989285022,0.00033826900471467525,0.0003012149973073974,0.0002863929985323921,0.0024152719997800887,0.01739541099232156,0.019810682992101647,50.47781544930539,0
117,2.3601473269955022,-0.3040421644793909,-1.076611654167511,0.6002786795245569,-1.6270209751524867,-1.9770844618426722,-0.7732494513141077,0.24044322967529297,-1.7276580333709717,-1.4467766284942627,-0.376872718334198,0.006010584533214569,-0.1688608080148697,0.23511554300785065,-1.3688651323318481,-0.9673816561698914,-0.11110156774520874,0.11873079836368561,-0.14334729313850403,1.5777734875275629,-3.8570233946655343,-1.2455511137801552,-0.22845940614814036,-0.07571299140240369,0.017807724355829224,-0.29321492,-1.079722,0.59907144,-1.6144482,-1.9727542,-0.776839,-0.29321492,-1.079722,0.59907144,-1.6144482,-1.9727542,-0.776839,-0.30404216051101685,-1.0766116380691528,0.6002786755561829,-1.6270209550857544,-1.9770845174789429,-0.7732494473457336,0.2706809,-0.077759676,-0.0301802,0.3143193,0.10825765,-0.08973974,-0.00087338843,0.0,0.0,0.0,0.0005882349796593189,0.0002941175,1.17647,False,3,0.4773915494630097,-0.11072178931282044,0.3192808826050284,0.5018691689962732,0.191655960388174,0.11967977698400337,0.9995929411124451,0.005744524165576868,0.0011269508085387453,0.027922348604802843,0.28938544,-0.09596676,0.28934506,0.39580610148798334,0.00012250100553501397,0.00013241800479590893,0.000565804002690129,0.00032527599250897765,0.00019705499289557338,0.0001273560046683997,0.0018451170035405084,0.017964446000405587,0.019809563003946096,50.480669351504545,0
118,2.380136194988154,-0.30259734789003545,-1.0770339530757447,0.6001384894000452,-1.625317235986227,-1.9764674345599573,-0.7737754026996058,0.24260105192661285,-1.7046178579330444,-1.4583179950714111,-0.3861558735370636,-0.006414290517568588,-0.1678035855293274,0.23540718853473663,-1.3686069250106812,-0.9624904990196228,-0.11106623709201813,0.11872764676809311,-0.143339142203331,1.596072186651144,-3.7318697698019,-1.155319067919665,-0.2250188728206437,-0.07571633149529612,0.017247204770047694,-0.29173705,-1.0801625,0.5989664,-1.61277,-1.9721327,-0.7773604,-0.29173705,-1.0801625,0.5989664,-1.61277,-1.9721327,-0.7773604,-0.3025973439216614,-1.0770339965820312,0.6001384854316711,-1.6253172159194946,-1.976467490196228,-0.7737753987312317,0.27150732,-0.078214616,-0.029300934,0.31368068,0.10837007,-0.089624606,-0.0007413046,0.0,0.0,0.0,0.0005882349796593189,0.0002941175,1.17647,False,3,0.47732277946233526,-0.10981984391250374,0.31917654653964955,0.5019280330125043,0.19164091914556422,0.11973941754796537,0.999583197023553,0.005063857187812678,0.001091703817470072,0.02840051339543416,0.28938544,-0.09596676,0.28934506,0.39580121556528186,5.735199374612421e-05,0.00013024300278630108,0.0006017200066708028,0.00030096599948592484,0.00025825299962889403,0.00012656199396587908,0.0018461380095686764,0.01794588498887606,0.019792022998444736,50.525406123395285,0
119,2.4001306719874265,-0.3011129538165491,-1.0774444204619904,0.5999897162066858,-1.6235014400877894,-1.975860897694723,-0.7742541472064417,0.2217823565006256,-1.7647958993911743,-1.4491066932678223,-0.44261157512664795,-0.0025307941250503063,-0.1729298233985901,0.23529984056949615,-1.3671255111694336,-0.9567427635192871,-0.11110638082027435,0.11888016760349274,-0.14334434270858765,1.4980475502587434,-3.8925746734306657,-1.2737703102663773,-0.23086027993951036,-0.07085927473476294,0.01893404676205123,-0.2902242,-1.0805829,0.5988419,-1.6109545,-1.9715177,-0.7778325,-0.2902242,-1.0805829,0.5988419,-1.6109545,-1.9715177,-0.7778325,-0.30111294984817505,-1.0774444341659546,0.5999897122383118,-1.6235014200210571,-1.9758609533309937,-0.7742541432380676,0.272219,-0.07845935,-0.028695157,0.31367323,0.108581305,-0.08945851,-0.00061938714,0.0,0.0,0.0,0.0005882349796593189,0.0002941175,1.17647,False,3,0.4772418731486031,-0.10889718932897174,0.3190500345330901,0.5018905321058772,0.19172005359554148,0.11973383214225933,0.9995883777341811,0.00575113770808696,0.0010127069297952073,0.028088522834448397,0.28938544,-0.09596676,0.28934506,0.39584098176632243,4.282800364308059e-05,0.00013677000242751092,0.0006896289996802807,0.00030206800147425383,0.00019529799465090036,0.0001237820106325671,0.001865728001575917,0.017936535994522274,0.01980226399609819,50.49927625432317,0
120,2.4201326159964083,-0.299600903187887,-1.077862487440445,0.5998185316668909,-1.621763368646139,-1.975321118031637,-0.7747476736651819,0.24980831146240234,-1.7382982969284058,-1.4575579166412354,-0.44585010409355164,0.007878929376602173,-0.1692998856306076,0.23460222780704498,-1.3660794496536255,-0.949836015701294,-0.11135221272706985,0.11899346113204956,-0.1434476375579834,1.4623776649933873,-3.756197061410595,-1.174027940522352,-0.22715750712164154,-0.06344863250714179,0.026316433391432335,-0.28868955,-1.081006,0.5987125,-1.6092284,-1.9709797,-0.77831864,-0.28868955,-1.081006,0.5987125,-1.6092284,-1.9709797,-0.77831864,-0.29960089921951294,-1.0778625011444092,0.5998185276985168,-1.6217633485794067,-1.9753211736679077,-0.7747476696968079,0.27278364,-0.07858762,-0.02765087,0.3133729,0.10853718,-0.08927396,-0.00059809705,0.0,0.0,0.0,0.0005882349796593189,0.0002941175,1.17647,False,3,0.47716507649204365,-0.10797788539827943,0.3189553665779967,0.5018694441211369,0.19163109340623982,0.11971872144362462,0.999584751344729,0.005683866707672179,0.0014992336766092597,0.028208502657518963,0.28938544,-0.09596676,0.28934506,0.395771486297764,0.00018801199621520936,0.00011368299601599574,0.0005208309885347262,0.00024790599127300084,0.00018381500558461994,0.00016897499153856188,0.0017491379985585809,0.018051118007861078,0.01980025600641966,50.50439750252618,0
121,2.4401322459889343,-0.29810077348818,-1.0782868725112458,0.5996235052691858,-1.6200391254820765,-1.9746916929828089,-0.7752469221698206,0.21667659282684326,-1.7378897666931152,-1.4285309314727783,-0.4493959844112396,0.009154994040727615,-0.16846409440040588,0.2345314472913742,-1.3650057315826416,-0.940532386302948,-0.11110192537307739,0.11905103921890259,-0.143403097987175,1.3321605711498712,-3.743344808428009,-0.9893676969738072,-0.22038702327333648,-0.056333290017239426,0.02809378478084806,-0.28714758,-1.0814449,0.5985381,-1.6075156,-1.9703555,-0.7788083,-0.28714758,-1.0814449,0.5985381,-1.6075156,-1.9703555,-0.7788083,-0.2981007695198059,-1.07828688621521,0.5996235013008118,-1.6200391054153442,-1.9746917486190796,-0.7752469182014465,0.2738299,-0.07894903,-0.027134854,0.3130876,0.10840464,-0.089034155,-0.00053927855,0.0,0.0,0.0,0.0005882349796593189,0.0002941175,1.17647,False,3,0.47709666176212745,-0.1070477579290135,0.3188680833451819,0.501862470681007,0.1917137009241084,0.11973329482611898,0.9995926915050354,0.005446967274370634,0.0008979226222979776,0.02800029096851396,0.28938544,-0.09596676,0.28934506,0.3958215309864851,6.253398896660656e-05,0.00013030300033278763,0.0005697419983334839,0.00045188200601842254,0.0002422319957986474,0.00013306000619195402,0.001988944990443997,0.01785841499804519,0.019847359988489188,50.384534798581115,0
122,2.4601288739941083,-0.29658776918520147,-1.0787563484958191,0.5994704405414026,-1.6182857952513636,-1.9740937391864222,-0.7757566610919397,0.24568042159080505,-1.7154808044433594,-1.4253592491149902,-0.446437269449234,0.0020663589239120483,-0.1681559830904007,0.23493561148643494,-1.3643813133239746,-0.9325118064880371,-0.11109566688537598,0.11883705854415894,-0.14333891868591309,1.4547220524298938,-3.6722377217214035,-1.020112286601664,-0.21968704420372434,-0.0660078312620641,0.01981824873977814,-0.2855976,-1.0819312,0.5984095,-1.6057721,-1.9697503,-0.77930915,-0.2855976,-1.0819312,0.5984095,-1.6057721,-1.9697503,-0.77930915,-0.2965877652168274,-1.078756332397461,0.5994704365730286,-1.6182857751846313,-1.9740937948226929,-0.7757566571235657,0.27475446,-0.079372324,-0.026524547,0.31284142,0.10858664,-0.08881275,-0.00049223553,0.0,0.0,0.0,0.0005882349796593189,0.0002941175,1.17647,False,3,0.47701085605904797,-0.10611386941644763,0.3187844776193936,0.5018920662469286,0.19168422958137665,0.11970933658751763,0.9995838549483896,0.005422865656079518,0.00108769388155433,0.028312170774793678,0.28938544,-0.09596676,0.28934506,0.3958262674537518,5.099699774291366e-05,0.00011677299335133284,0.0004708659980678931,0.00031745100568514317,0.00018126900249626487,0.00010307399497833103,0.0015875560056883842,0.018257945994264446,0.01984550199995283,50.38925193237122,0
123,2.480135464997147,-0.2950690428363245,-1.0791976314834137,0.5993149916278284,-1.6165324650206507,-1.9734557310687464,-0.7762277762042444,0.24489936232566833,-1.7431268692016602,-1.4584324359893799,-0.4704578220844269,-0.005076249595731497,-0.15437376499176025,0.23544614017009735,-1.3645198345184326,-0.9280163645744324,-0.11144749820232391,0.1188405454158783,-0.14333507418632507,1.6105036444640897,-3.9077224621307387,-1.1074165139811816,-0.2300594417698282,-0.07378396332189252,0.020125224897996022,-0.28404835,-1.082387,0.5982678,-1.6040229,-1.9691029,-0.7797737,-0.28404835,-1.082387,0.5982678,-1.6040229,-1.9691029,-0.7797737,-0.29506903886795044,-1.079197645187378,0.5993149876594543,-1.6165324449539185,-1.973455786705017,-0.7762277722358704,0.275517,-0.07973383,-0.026180321,0.31274056,0.108823135,-0.088648185,-0.00044978963,0.0,0.0,0.0,0.0005882349796593189,0.0002941175,1.17647,False,3,0.4769324040208725,-0.10517116743737681,0.3186849163819565,0.5018783951524223,0.19171539352521477,0.11976229539262595,0.9995892942939238,0.005583667927681519,0.0007847282693180586,0.028096446410032207,0.28938544,-0.09596676,0.28934506,0.39581888388636766,5.4579999414272606e-05,0.00011585500033106655,0.0004684169980464503,0.0003172550059389323,0.00017561399727128446,0.00010534899774938822,0.0015814219950698316,0.018276378003065474,0.019857799998135306,50.35804570969102,0
124,2.5000853539968375,-0.29353267351259404,-1.0795853895,0.5991953055011194,-1.6147786579527796,-1.9728577772723597,-0.7767298857318323,0.1940951943397522,-1.7456316947937012,-1.446047067642212,-0.5006827712059021,-0.011450415477156639,-0.15771815180778503,0.2359212040901184,-1.3653031587600708,-0.9273301362991333,-0.1116802915930748,0.11893102526664734,-0.14337588846683502,1.461384983351651,-3.9114901476379482,-1.1885037691517855,-0.22713635307298044,-0.06707175123499864,0.022699280800626134,-0.28247428,-1.0827835,0.5981893,-1.6022847,-1.9684993,-0.7802668,-0.28247428,-1.0827835,0.5981893,-1.6022847,-1.9684993,-0.7802668,-0.29353266954421997,-1.0795854330062866,0.5991953015327454,-1.6147786378860474,-1.9728578329086304,-0.7767298817634583,0.27645987,-0.079949774,-0.025149634,0.31234908,0.10896432,-0.0884234,-0.00029646792,0.0,0.0,0.0,0.0005882349796593189,0.0002941175,1.17647,False,3,0.476856056229366,-0.10423024146659823,0.31854927923053,0.5018611894705606,0.191689595116402,0.1197416046359147,0.9995858600449311,0.005779975575063082,0.0008468690626318836,0.028177629287906302,0.28938544,-0.09596676,0.28934506,0.39579976271615935,4.6707995352335274e-05,0.0001328979997197166,0.0005939830007264391,0.00030970700026955456,0.0002022159897023812,0.00012715900084003806,0.0017953189963009208,0.01795585500076413,0.019751173997065052,50.62990180475328,0
125,2.5201323729997966,-0.29204017320741826,-1.0799536866000672,0.5990484396563929,-1.6130849323668421,-1.9722793737994593,-0.7772477308856409,0.18583905696868896,-1.7720491886138916,-1.4493803977966309,-0.47513383626937866,-0.00898846983909607,-0.14506129920482635,0.23604613542556763,-1.3650754690170288,-0.9257356524467468,-0.11173965036869049,0.11910003423690796,-0.14330841600894928,1.246885143878446,-3.531524546440291,-1.1495915071112934,-0.21770538281886762,-0.0597909139547744,0.02491104315676061,-0.28096408,-1.0831572,0.5980778,-1.6006017,-1.9679346,-0.7807756,-0.28096408,-1.0831572,0.5980778,-1.6006017,-1.9679346,-0.7807756,-0.2920401692390442,-1.079953670501709,0.5990484356880188,-1.6130849123001099,-1.97227942943573,-0.7772477269172668,0.2769021,-0.08008846,-0.024267264,0.3120801,0.10862136,-0.088197194,-0.0005059521,0.0,0.0,0.0,0.0005882349796593189,0.0002941175,1.17647,False,3,0.476783646329056,-0.10331821311008589,0.31842698413627013,0.5019180257785439,0.19168971854327013,0.1197086484120765,0.9995852057749893,0.005927477877593734,0.0017941788911510564,0.028125154530334866,0.28938544,-0.09596676,0.28934506,0.3958444885871368,0.00022667800658382475,0.00016475700249429792,0.0006730789900757372,0.0003866949991788715,0.0002539410052122548,0.00013013799616601318,0.0022783619933761656,0.017580434010596946,0.01985879600397311,50.355520032530265,0
126,2.540136919997167,-0.2904728094684046,-1.080453799372055,0.5989010969745081,-1.611323972741598,-1.9716771284686487,-0.777710262929098,0.1937115639448166,-1.734144926071167,-1.4797985553741455,-0.47765424847602844,-0.002974404953420162,-0.15301823616027832,0.23625420033931732,-1.3627866506576538,-0.9219112396240234,-0.11160115152597427,0.11917921900749207,-0.14329878985881805,1.267235704336729,-3.5907163530130637,-1.1257567533958532,-0.215791186877138,-0.06053225572944722,0.024542859314902868,-0.27934632,-1.0836701,0.59795135,-1.5988513,-1.9673142,-0.7812287,-0.27934632,-1.0836701,0.59795135,-1.5988513,-1.9673142,-0.7812287,-0.2904728055000305,-1.0804537534713745,0.598901093006134,-1.6113239526748657,-1.9716771841049194,-0.7777102589607239,0.2781625,-0.08040876,-0.023743637,0.31181708,0.109072335,-0.08796094,-0.00023010932,0.0,0.0,0.0,0.0005882349796593189,0.0002941175,1.17647,False,3,0.47668890452685375,-0.10235700850828107,0.3183548970550869,0.5018579452364222,0.19168636162146185,0.119741069017032,0.9995911474782395,0.005427805810421682,0.00041770588192957883,0.02807004402606387,0.28938544,-0.09596676,0.28934506,0.3957959006358838,4.303899186197668e-05,0.00013247299648355693,0.0008343749941559508,0.0003487170033622533,0.00029413599986582994,0.0005371000006562099,0.0025459390017203987,0.017268067997065373,0.01981400699878577,50.46934726838854,0
127,2.5600895779934945,-0.2889922300921839,-1.0809388917735596,0.5987485090838831,-1.6096002064146937,-1.971067253743307,-0.7782166639911097,0.2309575229883194,-1.687727689743042,-1.4712755680084229,-0.47450029850006104,-0.007425406947731972,-0.16637155413627625,0.23522084951400757,-1.360478162765503,-0.9144549369812012,-0.11171921342611313,0.11900819092988968,-0.1433904767036438,1.321729113677587,-3.5967539727768933,-1.164923579274715,-0.2251790569125713,-0.06865390313681619,0.022555795877843832,-0.27786294,-1.0841535,0.59784603,-1.597146,-1.9667251,-0.7817282,-0.27786294,-1.0841535,0.59784603,-1.597146,-1.9667251,-0.7817282,-0.2889922261238098,-1.0809389352798462,0.598748505115509,-1.6096001863479614,-1.9710673093795776,-0.7782166600227356,0.27823234,-0.08036631,-0.02256136,0.31135264,0.108555675,-0.087788045,-0.00051785435,0.0,0.0,0.0,0.0005882349796593189,0.0002941175,1.17647,False,3,0.47659176521197966,-0.10143839361550237,0.3182837273153021,0.5018569202927585,0.19172731115880734,0.11972890632725461,0.9995808839929288,0.0058988558141776885,0.0009914736233278413,0.028325301121472638,0.28938544,-0.09596676,0.28934506,0.39583032406179136,4.7025998355820775e-05,0.00013663900608662516,0.0005592439993051812,0.0003424030001042411,0.00017688499065116048,0.00012767799489665776,0.0018327480065636337,0.017913657997269183,0.019746406003832817,50.64212696760605,0
128,2.5800849839870352,-0.2874367872821253,-1.0813860458186646,0.5986016432391565,-1.6078959904112757,-1.9704607168780726,-0.7787073294269007,0.19789442420005798,-1.691985011100769,-1.4450234174728394,-0.4489642381668091,-0.034068863838911057,-0.14742927253246307,0.23650038242340088,-1.3620350360870361,-0.9094446301460266,-0.11201377958059311,0.11901582032442093,-0.1433008909225464,1.3110983789039756,-3.7768029559646132,-0.9139717561153133,-0.22007684014723414,-0.061141361023975375,0.024439265628506065,-0.27624816,-1.0846206,0.5977208,-1.5954537,-1.9661063,-0.78220606,-0.27624816,-1.0846206,0.5977208,-1.5954537,-1.9661063,-0.78220606,-0.2874367833137512,-1.0813860893249512,0.5986016392707825,-1.6078959703445435,-1.9704607725143433,-0.7787073254585266,0.27971536,-0.08086118,-0.022020793,0.31105596,0.10886129,-0.08746804,-0.00032736175,0.0,0.0,0.0,0.0005882349796593189,0.0002941175,1.17647,False,3,0.47650822510332497,-0.10048763463243132,0.31819594310726373,0.5018458089929766,0.19172332234154585,0.11969989016606655,0.9995850479687677,0.00570894102175974,0.0010976892655862641,0.02821182877010542,0.28938544,-0.09596676,0.28934506,0.39583389554261783,5.5711003369651735e-05,0.0001771020033629611,0.0006478959985543042,0.0003277060022810474,0.00018636599997989833,0.0001307079946855083,0.00195553399680648,0.017841768989455886,0.019797302986262366,50.511930877348014,0
129,2.6000934279873036,-0.2858799139605921,-1.0818239015391846,0.5985038916217249,-1.606121679345602,-1.9698904196368616,-0.7792132536517542,0.21254491806030273,-1.695482611656189,-1.4566903114318848,-0.4600284695625305,0.0008397474884986877,-0.1322551965713501,0.23502786457538605,-1.3625200986862183,-0.9055127501487732,-0.11225467175245285,0.11897257715463638,-0.1432993859052658,1.3524329851489418,-3.747961010293162,-0.882689753646072,-0.22093242565512128,-0.0650085199863985,0.02419284296179206,-0.27467987,-1.085078,0.5976488,-1.5936964,-1.9655129,-0.7827109,-0.27467987,-1.085078,0.5976488,-1.5936964,-1.9655129,-0.7827109,-0.285879909992218,-1.0818239450454712,0.5985038876533508,-1.6061216592788696,-1.9698904752731323,-0.7792132496833801,0.2800012,-0.08135125,-0.0213771,0.3106315,0.10944098,-0.08744099,-0.00039746054,0.0,0.0,0.0,0.0005882349796593189,0.0002941175,1.17647,False,3,0.47640799788770505,-0.09954050198882855,0.3180756933706186,0.5018678411196926,0.19174994044015622,0.11970509368597525,0.9995871427926449,0.005736361694902931,0.0011531027050288628,0.02812960978832703,0.28938544,-0.09596676,0.28934506,0.39586283737030087,6.664800457656384e-05,0.0001243639999302104,0.0006209450075402856,0.00032056300551630557,0.00019181899551767856,0.00016449698887299746,0.0018640710040926933,0.017969227992580272,0.019833298996672966,50.42025535780759,0
130,2.6200904379948042,-0.28433305421938115,-1.0822591346553345,0.5983994642840784,-1.6044465504088343,-1.9692958037005823,-0.7796638647662562,0.1866644024848938,-1.7416118383407593,-1.4762678146362305,-0.41886064410209656,-0.02593565545976162,-0.1610003113746643,0.23605592548847198,-1.3625274896621704,-0.9020342826843262,-0.11252480000257492,0.11904264241456985,-0.14330990612506866,1.1988883720312482,-3.714637395550051,-1.1092725045049128,-0.22173516711005736,-0.06928480928585845,0.021902317642274658,-0.2730664,-1.0855253,0.59756833,-1.592034,-1.964919,-0.78314525,-0.2730664,-1.0855253,0.59756833,-1.592034,-1.964919,-0.78314525,-0.2843330502510071,-1.082259178161621,0.5983994603157043,-1.604446530342102,-1.969295859336853,-0.7796638607978821,0.28166655,-0.08165101,-0.020777682,0.31031346,0.10942337,-0.08703501,-0.00022058003,0.0,0.0,0.0,0.0005882349796593189,0.0002941175,1.17647,False,3,0.47632188373226164,-0.09859806345344864,0.31797290380310494,0.501870456633424,0.19170071919982282,0.11975077090325303,0.9995828705308176,0.005659595866082316,0.000998016811176198,0.028303262185416875,0.28938544,-0.09596676,0.28934506,0.3958088946953463,6.288300210144371e-05,0.00013749000208918005,0.0005279580072965473,0.00029088399605825543,0.00017139899136964232,0.00010253299842588603,0.0016128709976328537,0.018244576000142843,0.019857446997775696,50.358940910783424,0
131,2.640086864994373,-0.2828128973590296,-1.0826696318439026,0.5982454458819788,-1.6026870212950648,-1.9686439673053187,-0.7801702658282679,0.24489521980285645,-1.7260944843292236,-1.4679412841796875,-0.4465947151184082,0.006050643976777792,-0.15411995351314545,0.23598690330982208,-1.3613126277923584,-0.8981451988220215,-0.1124037504196167,0.11906808614730835,-0.1426699459552765,1.3002131011603062,-3.5674911960428264,-1.1385777344016872,-0.21959237529569398,-0.062095747197631085,0.024475419193146945,-0.27150863,-1.0859561,0.5974307,-1.5902926,-1.9642578,-0.78364426,-0.27150863,-1.0859561,0.5974307,-1.5902926,-1.9642578,-0.78364426,-0.2828128933906555,-1.0826696157455444,0.5982454419136047,-1.6026870012283325,-1.9686440229415894,-0.7801702618598938,0.2826065,-0.08216057,-0.020368915,0.3098618,0.10965401,-0.08684972,-0.00022451393,0.0,0.0,0.0,0.0005882349796593189,0.0002941175,1.17647,False,3,0.47623123603877565,-0.09765574179748464,0.3178566896387542,0.5019128988838727,0.19172486559474283,0.11978283565570516,0.9995912755632647,0.005335964666382814,0.000653412401101419,0.02807773850902102,0.28938544,-0.09596676,0.28934506,0.3958354929571942,0.00018884699966292828,0.00014432000170927495,0.0005875609931536019,0.0003551989939296618,0.0001828780077630654,0.00018224099767394364,0.0019821369933197275,0.017871620002551936,0.019853756995871663,50.368300579479104,0
132,2.6600873969873646,-0.2812712828265589,-1.083073155289032,0.598121468220846,-1.6010028324522914,-1.9680441061602991,-0.7806418577777308,0.23711639642715454,-1.7413064241409302,-1.481130838394165,-0.45970043540000916,-0.025005310773849487,-0.15114769339561462,0.2366267293691635,-1.3602112531661987,-0.8913179039955139,-0.11254117637872696,0.11906342953443527,-0.14253078401088715,1.1598226410609629,-3.77450215981336,-0.9363367599763277,-0.21641945890462846,-0.05973951328234342,0.023805956586112717,-0.26992247,-1.0863715,0.597341,-1.5886312,-1.9636525,-0.78410536,-0.26992247,-1.0863715,0.597341,-1.5886312,-1.9636525,-0.78410536,-0.2812712788581848,-1.0830731391906738,0.5981214642524719,-1.601002812385559,-1.9680441617965698,-0.7806418538093567,0.28372002,-0.08245912,-0.019511336,0.30929202,0.10979242,-0.08658792,-0.00013064034,0.0,0.0,0.0,0.0005882349796593189,0.0002941175,1.17647,False,3,0.47614542570799406,-0.09671680542388408,0.31774397844325697,0.5018719109948159,0.19167500873489335,0.119766883879975,0.9995777887538386,0.004949917832485689,0.0005666211185797943,0.028625513398743075,0.28938544,-0.09596676,0.28934506,0.395784085880326,5.7811004808172584e-05,0.00011635100236162543,0.0005050290055805817,0.000308674992993474,0.00015441401046700776,9.627800318412483e-05,0.001558497009682469,0.01829752398771234,0.019856020997394808,50.36255754016397,0
133,2.6800932329933858,-0.2797043959247034,-1.0835940104774018,0.5980175177203577,-1.5992990932860316,-1.9674461523639124,-0.7811272780047815,0.24416998028755188,-1.7248963117599487,-1.4776438474655151,-0.39985913038253784,-0.03225782513618469,-0.17018792033195496,0.23601099848747253,-1.3589032888412476,-0.8859308958053589,-0.11256510019302368,0.11925720423460007,-0.14253289997577667,1.1080947952052322,-3.7478882941949374,-0.862379178486727,-0.21312987856362048,-0.0587934752583532,0.02457788422367539,-0.26834145,-1.0868884,0.5972747,-1.5869334,-1.9630524,-0.78458107,-0.26834145,-1.0868884,0.5972747,-1.5869334,-1.9630524,-0.78458107,-0.27970439195632935,-1.0835939645767212,0.5980175137519836,-1.5992990732192993,-1.967446208000183,-0.7811272740364075,0.28407383,-0.08236023,-0.018569695,0.3091438,0.109845325,-0.08634428,-0.00026878156,0.0,0.0,0.0,0.0005882349796593189,0.0002941175,1.17647,False,3,0.47603720258401994,-0.09576010811927078,0.3176773934319192,0.5018600361325692,0.19170953130752552,0.11973776956330794,0.9995842003624171,0.0053758891206982596,0.000958967495620027,0.02831361012589104,0.28938544,-0.09596676,0.28934506,0.3958152762262282,0.00012432600487954915,0.00012178899487480521,0.0005454790079966187,0.0002626549976412207,0.0001736980048008263,0.00017255099373869598,0.0017468740115873516,0.01810498899430968,0.01985186300589703,50.37310602551248,0
134,2.700090079000802,-0.27815133730043584,-1.0840566021255036,0.5978892485248011,-1.5975762806334437,-1.9668286482440394,-0.78162128130068,0.2114769071340561,-1.732106328010559,-1.4410206079483032,-0.3902464210987091,-0.029896028339862823,-0.163518488407135,0.23583301901817322,-1.3573230504989624,-0.8840174674987793,-0.11267343908548355,0.11933374404907227,-0.14252620935440063,1.201315235143437,-3.966912802566553,-0.529040739563623,-0.22027502744568486,-0.06958343129075789,0.021030049485323842,-0.266754,-1.0873612,0.5971957,-1.5852354,-1.962432,-0.7850647,-0.266754,-1.0873612,0.5971957,-1.5852354,-1.962432,-0.7850647,-0.27815133333206177,-1.0840566158294678,0.597889244556427,-1.5975762605667114,-1.96682870388031,-0.7816212773323059,0.28493303,-0.08261536,-0.017338958,0.30852255,0.10991737,-0.08608544,-0.00030007772,0.0,0.0,0.0,0.0005882349796593189,0.0002941175,1.17647,False,3,0.47593514501175754,-0.0948087437279901,0.3175866819611969,0.5018326733081483,0.19167459564419143,0.11969222168762268,0.9995876146202498,0.005187881573726524,0.0015976136827412645,0.02819720162684298,0.28938544,-0.09596676,0.28934506,0.39579471864457977,5.3705996833741665e-05,0.00016337999841198325,0.0005979889974696562,0.00029310700483620167,0.00025956801255233586,0.00012618298933375627,0.0018985650094691664,0.017928232002304867,0.019826797011774033,50.43679013842506,0
135,2.7201489829894854,-0.27659923235048467,-1.0844607812217255,0.5977619330035608,-1.5958801708617152,-1.9662459532367151,-0.7820771376239222,0.25385597348213196,-1.7430779933929443,-1.4488147497177124,-0.39196860790252686,-0.008334111422300339,-0.16230782866477966,0.23583829402923584,-1.358242154121399,-0.880860447883606,-0.11295357346534729,0.11925232410430908,-0.14250896871089935,1.4695863512286462,-3.7401745585947337,-1.132925539167617,-0.22208722600273495,-0.07159138437945924,0.019019872404090428,-0.2651611,-1.0877817,0.59707993,-1.58355,-1.9618328,-0.7855113,-0.2651611,-1.0877817,0.59707993,-1.58355,-1.9618328,-0.7855113,-0.2765992283821106,-1.084460735321045,0.5977619290351868,-1.595880150794983,-1.9662460088729858,-0.7820771336555481,0.28595352,-0.083023824,-0.017050045,0.3082549,0.11033206,-0.08585392,-0.00028756075,0.0,0.0,0.0,0.0005882349796593189,0.0002941175,1.17647,False,3,0.47584025084066434,-0.09386883597334147,0.3174751161533762,0.50182638173654,0.19172080031230712,0.11968058388797079,0.9995916240945701,0.005548470710463383,0.0010930924607437202,0.02801103828670537,0.28938544,-0.09596676,0.28934506,0.39582991029057585,6.626600224990398e-05,0.0001235289964824915,0.0005550380010390654,0.00025232299230992794,0.0001734709949232638,0.00010914899758063257,0.0016081850044429302,0.018303481992916204,0.019911666997359134,50.221812173366956,0
136,2.740125315991463,-0.27502328554262334,-1.0848997992328187,0.5976823011981409,-1.5941697559752406,-1.9656670729266565,-0.7825706640826624,0.2540615200996399,-1.7490508556365967,-1.4181493520736694,-0.39130839705467224,-0.011109309270977974,-0.17516547441482544,0.2357836663722992,-1.3581764698028564,-0.8752111196517944,-0.11304915696382523,0.1192646250128746,-0.14255018532276154,1.5279714926859227,-3.591792238012281,-1.0751714186713262,-0.21759101192193278,-0.07008457858347633,0.020735596691695626,-0.2635304,-1.088241,0.5970281,-1.5818692,-1.9612455,-0.7859941,-0.2635304,-1.088241,0.5970281,-1.5818692,-1.9612455,-0.7859941,-0.27502328157424927,-1.0848997831344604,0.5976822972297668,-1.5941697359085083,-1.9656671285629272,-0.7825706601142883,0.28732175,-0.08352875,-0.016355768,0.3075134,0.11054067,-0.08558657,-0.00017568283,0.0,0.0,0.0,0.0005882349796593189,0.0002941175,1.17647,False,3,0.4757350601707965,-0.09291591350216016,0.3173606344089258,0.501857126682934,0.1917109956023496,0.11973068461261797,0.9995918529653557,0.00530523477344732,0.0006516259957898211,0.028064181051153273,0.28938544,-0.09596676,0.28934506,0.395817814645683,3.9332997403107584e-05,0.00016290700295940042,0.0006376719975378364,0.0002806450065691024,0.00022861300385557115,0.00011688099766615778,0.0018532999965827912,0.01795155499712564,0.01980485499370843,50.49266961649949,0
137,2.760133062998648,-0.2734430472003382,-1.0853753250888367,0.5975897947894495,-1.592445512811178,-1.9650138060199183,-0.7830098311053675,0.26692965626716614,-1.743409276008606,-1.4317193031311035,-0.4149138033390045,-0.03428717330098152,-0.18795712292194366,0.23574502766132355,-1.3567641973495483,-0.8708884716033936,-0.11310245096683502,0.11925871670246124,-0.14247624576091766,1.3933682255998574,-3.8519863155461684,-1.090064850954607,-0.2224712638662499,-0.06868427954728115,0.02076554284268901,-0.2619114,-1.0887294,0.5969687,-1.5801706,-1.9605927,-0.7864219,-0.2619114,-1.0887294,0.5969687,-1.5801706,-1.9605927,-0.7864219,-0.2734430432319641,-1.0853753089904785,0.5975897908210754,-1.5924454927444458,-1.965013861656189,-0.7830098271369934,0.28829107,-0.08385124,-0.015527473,0.30687264,0.11052688,-0.08530238,-0.00024772622,0.0,0.0,0.0,0.0005882349796593189,0.0002941175,1.17647,False,3,0.4756283982758436,-0.0919445548103757,0.317260256177732,0.5018709526538132,0.1917437791256609,0.11968224227542379,0.9995876327999857,0.005590636333484172,0.0008930540600088385,0.028150980388851908,0.28938544,-0.09596676,0.28934506,0.39586982263355575,0.00011584500316530466,0.0001169079914689064,0.0005102339928271249,0.0002607240021461621,0.0001529119908809662,0.0002099980047205463,0.0016963829984888434,0.0181632160092704,0.019859599007759243,50.353483955506604,0
138,2.7801334869873244,-0.27186280885805303,-1.0858463507941742,0.5975025335894983,-1.5907546482481898,-1.9644148985492151,-0.7835276762591761,0.2515909671783447,-1.710132360458374,-1.4546092748641968,-0.38461023569107056,-0.02194172330200672,-0.17004340887069702,0.23638595640659332,-1.355918288230896,-0.868249237537384,-0.11318003386259079,0.11920099705457687,-0.1424858272075653,1.2928191814449561,-3.8978522488166107,-0.9205876764531873,-0.22405707912257056,-0.06847414480322112,0.022895637500997688,-0.26029265,-1.0892075,0.59690666,-1.5784924,-1.9599789,-0.7869291,-0.26029265,-1.0892075,0.59690666,-1.5784924,-1.9599789,-0.7869291,-0.27186280488967896,-1.0858463048934937,0.5975025296211243,-1.5907546281814575,-1.9644149541854858,-0.783527672290802,0.28925374,-0.08403072,-0.014897294,0.30655646,0.110900715,-0.08503531,-0.00022836216,0.0,0.0,0.0,0.0005882349796593189,0.0002941175,1.17647,False,3,0.4755191562509143,-0.09098589021942882,0.317166261674299,0.5018585131248922,0.19171668589215557,0.11974265494124596,0.9995913497362419,0.005496130547113372,0.0011222302350006785,0.028029470819533123,0.28938544,-0.09596676,0.28934506,0.3958175652846078,4.061700019519776e-05,0.0001138560037361458,0.0004544080002233386,0.00028662099794019014,0.0001493660092819482,0.0001545470004202798,0.0015284000110113993,0.01832513998670038,0.019853539997711778,50.36885110238553,0
139,2.800131195996073,-0.2703030745135706,-1.0863329333117981,0.5974100271808069,-1.589046140710348,-1.9638484160052698,-0.7839749495135706,0.25420814752578735,-1.6860768795013428,-1.429185152053833,-0.414369136095047,-0.001869740430265665,-0.1702556312084198,0.2366814911365509,-1.3558632135391235,-0.8626810908317566,-0.11326556652784348,0.11934451758861542,-0.14238375425338745,1.3724370786902642,-3.385841165347176,-0.7801802082211657,-0.21112840654932263,-0.06667917329920965,0.019086758987550606,-0.25868055,-1.0896981,0.59683955,-1.5767977,-1.9593937,-0.7873624,-0.25868055,-1.0896981,0.59683955,-1.5767977,-1.9593937,-0.7873624,-0.27030307054519653,-1.08633291721344,0.5974100232124329,-1.5890461206436157,-1.9638484716415405,-0.7839749455451965,0.29056323,-0.08412755,-0.014262296,0.3062112,0.11136739,-0.08468626,-5.635433e-05,0.0,0.0,0.0,0.0005882349796593189,0.0002941175,1.17647,False,3,0.4753977434716398,-0.09004253520390057,0.31708120978275395,0.5018525624447054,0.1917108082990265,0.11974127507027152,0.9995887473937429,0.005299713702164684,0.0005605135782604522,0.02817711216121832,0.28938544,-0.09596676,0.28934506,0.3958106903905855,4.021701170131564e-05,0.00011252099648118019,0.00047824801004026085,0.0002928400062955916,0.00015536499267909676,9.90150001598522e-05,0.0014988650073064491,0.01835525900241919,0.019854124009725638,50.367369495130845,0
140,2.8200939479866065,-0.26872283617128545,-1.086794601087906,0.597323242818014,-1.5873080692686976,-1.9631994406329554,-0.7844603697406214,0.2574111223220825,-1.6573660373687744,-1.426619052886963,-0.4248059391975403,-0.016089962795376778,-0.18219831585884094,0.2367217093706131,-1.355603814125061,-0.8564224243164062,-0.11339180171489716,0.11943120509386063,-0.14248213171958923,1.4137525632927237,-3.675452438864057,-0.9217571519845806,-0.21362067604100932,-0.06501642265232017,0.020596883457271016,-0.2570619,-1.0901679,0.5967795,-1.5750682,-1.9587423,-0.78783315,-0.2570619,-1.0901679,0.5967795,-1.5750682,-1.9587423,-0.78783315,-0.2687228322029114,-1.0867946147918701,0.5973232388496399,-1.5873080492019653,-1.963199496269226,-0.7844603657722473,0.29152325,-0.08433153,-0.013593513,0.30599517,0.111430995,-0.08431966,-0.00020710193,0.0,0.0,0.0,0.0005882349796593189,0.0002941175,1.17647,False,3,0.4752836286758725,-0.08907325500264664,0.31697027444845227,0.501842307469222,0.1917365251961801,0.11966932031777042,0.9995857263946504,0.0057704152206320665,0.0012682732414826248,0.02816942244680365,0.28938544,-0.09596676,0.28934506,0.3958547142904794,3.977000596933067e-05,0.00011458899825811386,0.0004542940005194396,0.00027874100487679243,0.0001474110031267628,9.555800352245569e-05,0.0014554779918398708,0.01836028799880296,0.01981576599064283,50.46486724117596,0
141,2.840134636993753,-0.2671149412738245,-1.0872505468181153,0.5972731749164026,-1.585600038568014,-1.962569538746969,-0.7849200407611292,0.26181843876838684,-1.6572372913360596,-1.414882779121399,-0.4488513171672821,-0.016688819974660873,-0.19477833807468414,0.23654574155807495,-1.3553736209869385,-0.8507927656173706,-0.11350051313638687,0.11932346969842911,-0.14244671165943146,1.2183792344050408,-3.5635044239446203,-0.990094018875892,-0.22204930071772783,-0.0713608746756706,0.020834549013143515,-0.25540146,-1.0906394,0.5967606,-1.5733874,-1.9581054,-0.78827965,-0.25540146,-1.0906394,0.5967606,-1.5733874,-1.9581054,-0.78827965,-0.26711493730545044,-1.0872505903244019,0.5972731709480286,-1.5856000185012817,-1.9625695943832397,-0.7849200367927551,0.29283676,-0.08471765,-0.012815205,0.305316,0.111602955,-0.083990514,-0.00018052943,0.0,0.0,0.0,0.0005882349796593189,0.0002941175,1.17647,False,3,0.47517115553199923,-0.08809600976748687,0.3168501479349969,0.5018349380172628,0.1917382929845331,0.11964867782183838,0.9995850669265712,0.0056517041126028945,0.002268264682393479,0.028152534915671806,0.28938544,-0.09596676,0.28934506,0.39586089246923256,5.875399801880121e-05,0.00012958899606019258,0.0005980690038995817,0.00032061598903965205,0.00021767200087197125,0.00011774399899877608,0.001768916001310572,0.01812082099786494,0.01988973699917551,50.277185668239504,0
142,2.860124030994484,-0.2655070463763636,-1.0876687330058594,0.597182575856344,-1.5839439831175746,-1.9619634787188929,-0.7853935400592249,0.2758449912071228,-1.7099978923797607,-1.4396029710769653,-0.4299076199531555,-0.0015310184098780155,-0.18379941582679749,0.23638226091861725,-1.3545585870742798,-0.8458976149559021,-0.11339911073446274,0.11942850798368454,-0.14242318272590637,1.1827242747169378,-3.6373532390015537,-0.6379776041311311,-0.21549215850342013,-0.06945107574079784,0.019860418630971474,-0.2537507,-1.0910822,0.59668833,-1.5717553,-1.9574791,-0.78874534,-0.2537507,-1.0910822,0.59668833,-1.5717553,-1.9574791,-0.78874534,-0.2655070424079895,-1.087668776512146,0.59718257188797,-1.5839439630508423,-1.9619635343551636,-0.7853935360908508,0.29390815,-0.0853351,-0.012355502,0.30471653,0.112111285,-0.0837953,-0.00023691915,0.0,0.0,0.0,0.0005882349796593189,0.0002941175,1.17647,False,3,0.475069509700817,-0.08712820115737362,0.3167381749681777,0.5018353941036873,0.19171379558147383,0.11973143021886291,0.9995812972273566,0.005594613308996014,0.0017183343464446195,0.02833670468448927,0.28938544,-0.09596676,0.28934506,0.3958078647630573,4.156299110036343e-05,0.0001193369971588254,0.00047035499301273376,0.0003530990070430562,0.00013937399489805102,8.974199590738863e-05,0.0015505729970755056,0.01828506500169169,0.019835637998767197,50.41430984282688,0
143,2.8801359299977776,-0.26388293901552373,-1.0881525737098237,0.597137753163473,-1.5821572742857875,-1.9613450209247034,-0.7858598867999476,0.227689728140831,-1.7511000633239746,-1.4368071556091309,-0.47374019026756287,-0.019439920783042908,-0.19077232480049133,0.2369222790002823,-1.353527307510376,-0.8399444222450256,-0.11342410743236542,0.11959272623062134,-0.14239798486232758,1.3947014220720793,-3.6805685499586396,-0.9359911338854336,-0.2180047263533484,-0.07133722307814142,0.018184852785739065,-0.25205374,-1.0915755,0.59665054,-1.5699757,-1.9568344,-0.789193,-0.25205374,-1.0915755,0.59665054,-1.5699757,-1.9568344,-0.789193,-0.26388293504714966,-1.088152527809143,0.5971377491950989,-1.5821572542190552,-1.9613450765609741,-0.7858598828315735,0.29572967,-0.08557511,-0.012179494,0.30453703,0.11276695,-0.08332745,-4.3008476e-06,0.0,0.0,0.0,0.0005882349796593189,0.0002941175,1.17647,False,3,0.47493638840565483,-0.08614202395284984,0.3166165810595698,0.5018628284504942,0.19175207630257657,0.11969539618121783,0.9995908331520381,0.005869997806658387,0.0011146905116958005,0.0279733515217159,0.28938544,-0.09596676,0.28934506,0.3958658549835298,4.2059997213073075e-05,0.00011347199324518442,0.0004593339981511235,0.00034102601057384163,0.00015405200247187167,9.751199104357511e-05,0.001531330999569036,0.01833077300398145,0.019862104003550485,50.34713340647311,0
144,2.900123197992798,-0.2622430960284632,-1.0885890287211915,0.5970314184771937,-1.5805212459959925,-1.9607308546649378,-0.7863386313067835,0.2403758466243744,-1.7207274436950684,-1.4354031085968018,-0.46093496680259705,-0.020715776830911636,-0.19878733158111572,0.23709222674369812,-1.352332353591919,-0.8329948782920837,-0.11372579634189606,0.11963345855474472,-0.14240571856498718,1.2598864600979203,-3.5981651072477625,-0.9963865788525932,-0.2211974653470817,-0.07310675763107549,0.021796015344120095,-0.25040498,-1.0920192,0.59659356,-1.5683694,-1.9562172,-0.7896651,-0.25040498,-1.0920192,0.59659356,-1.5683694,-1.9562172,-0.7896651,-0.2622430920600891,-1.088589072227478,0.5970314145088196,-1.5805212259292603,-1.9607309103012085,-0.7863386273384094,0.29595238,-0.08575395,-0.010946521,0.303797,0.11284204,-0.083161436,-0.00036446936,0.0,0.0,0.0,0.0005882349796593189,0.0002941175,1.17647,False,3,0.47483438395600847,-0.08515849329681471,0.31652243643541617,0.5018621261319766,0.19167568370825355,0.11972868774876183,0.9995799398379424,0.005547152908086958,0.0014067799342155506,0.02841029407705411,0.28938544,-0.09596676,0.28934506,0.3957956905406515,4.045999958179891e-05,0.00011210099910385907,0.00045357599447015673,0.00028067099628970027,0.0001464489905629307,9.243599197361618e-05,0.0014782479993300512,0.018375325002125464,0.019853573001455516,50.36876737132845,0
145,2.920096404996002,-0.26061994234193975,-1.089090721016266,0.5969942251788538,-1.5787903271117152,-1.9601128737079065,-0.7867930571185511,0.2034938633441925,-1.773389458656311,-1.4351451396942139,-0.47739845514297485,-0.023450501263141632,-0.20104558765888214,0.2379741668701172,-1.352115511894226,-0.8287607431411743,-0.11358355730772018,0.11971936374902725,-0.14238952100276947,1.33264421566754,-3.738698793534078,-0.9165478177860131,-0.2217161553569145,-0.07085516271255307,0.022868111735012072,-0.2487156,-1.0925349,0.59657973,-1.5666624,-1.9555883,-0.7901026,-0.2487156,-1.0925349,0.59657973,-1.5666624,-1.9555883,-0.7901026,-0.2606199383735657,-1.0890907049179077,0.5969942212104797,-1.578790307044983,-1.9601129293441772,-0.786793053150177,0.29760852,-0.086104564,-0.010361933,0.30319595,0.11311404,-0.08273841,-0.00028728135,0.0,0.0,0.0,0.0005882349796593189,0.0002941175,1.17647,False,3,0.474701246807633,-0.08417514237880565,0.31641699472376617,0.5018437518564726,0.1916543438149392,0.11971463631905263,0.9995885234883627,0.005648393109125963,0.0008056487385050028,0.028111523401613367,0.28938544,-0.09596676,0.28934506,0.39577634039639853,5.340699863154441e-05,0.00010258400288876146,0.00043537799501791596,0.000249135002377443,0.00013673098874278367,8.701799379196018e-05,0.0013429280079435557,0.018497220997232944,0.0198401490051765,50.4028472638532,0
146,2.9401356169983046,-0.2589834372149866,-1.08951027811084,0.5969188849078577,-1.5771342716612757,-1.9594829718219202,-0.7872284094439905,0.24109266698360443,-1.7494912147521973,-1.417752742767334,-0.466868132352829,0.0033043143339455128,-0.20169922709465027,0.23754654824733734,-1.3511499166488647,-0.8244247436523438,-0.113824762403965,0.11969715356826782,-0.1424284279346466,1.4637668743009138,-3.5812671881847526,-0.9630154932237844,-0.21692790879258045,-0.07346371892503761,0.0207980005703277,-0.2470436,-1.092966,0.5965233,-1.5650235,-1.954939,-0.79052764,-0.2470436,-1.092966,0.5965233,-1.5650235,-1.954939,-0.79052764,-0.25898343324661255,-1.0895103216171265,0.5969188809394836,-1.5771342515945435,-1.959483027458191,-0.7872284054756165,0.29849583,-0.086390056,-0.009889361,0.30276746,0.11360076,-0.08248164,-0.00037212856,0.0,0.0,0.0,0.0005882349796593189,0.0002941175,1.17647,False,3,0.4745939402186868,-0.08319043367963276,0.3162987778073271,0.5019108003421426,0.19173690921972475,0.11972788592607617,0.9995868889929641,0.005654733768632664,0.0008912852683617639,0.028165116987697754,0.28938544,-0.09596676,0.28934506,0.3958666608271226,5.2149000111967325e-05,0.00012461400183383375,0.0004867349925916642,0.0003083440096816048,0.00019242400594521314,0.00011460199311841279,0.00163030500698369,0.01825801099766977,0.01988831600465346,50.28077790829653,0
147,2.9601289619895397,-0.25735170045961553,-1.089992181663849,0.5968621412860315,-1.5754629574217738,-1.9588926474200647,-0.7877100149737757,0.2387726753950119,-1.6886953115463257,-1.4289841651916504,-0.46180665493011475,-0.012998363003134727,-0.20600765943527222,0.2379012107849121,-1.3513593673706055,-0.8206140995025635,-0.11402198672294617,0.11967971175909042,-0.14238719642162323,1.2724272930563438,-3.4466733357767687,-0.8920625610827952,-0.21384249045733944,-0.07147426917901435,0.017072315576318463,-0.24536702,-1.0934533,0.5965059,-1.5633814,-1.9543401,-0.7909952,-0.24536702,-1.0934533,0.5965059,-1.5633814,-1.9543401,-0.7909952,-0.25735169649124146,-1.0899921655654907,0.5968621373176575,-1.5754629373550415,-1.9588927030563354,-0.7877100110054016,0.29961675,-0.08652873,-0.008906531,0.30203784,0.11381595,-0.08212922,-0.00043563353,0.0,0.0,0.0,0.0005882349796593189,0.0002941175,1.17647,False,3,0.4744669140620712,-0.0822129382404527,0.3162041873210526,0.5018790638563383,0.1916824572324192,0.11971709213608599,0.9995854530794219,0.005633649811810228,0.0009231224342446151,0.02821953996446256,0.28938544,-0.09596676,0.28934506,0.39581467529436576,4.171700857114047e-05,0.0001163380075013265,0.0004647550085792318,0.00031801400473341346,0.00014101099804975092,9.331099863629788e-05,0.0015178489993559197,0.018323133990634233,0.019840982989990152,50.400728658681054,0
148,2.9801415330002783,-0.25572234789003545,-1.0904854995063324,0.5967925230609339,-1.5737554035582484,-1.9582465330706995,-0.7881653944598597,0.26580336689949036,-1.733937382698059,-1.4348949193954468,-0.46621859073638916,0.006096312776207924,-0.19350126385688782,0.23754139244556427,-1.3499107360839844,-0.8152516484260559,-0.11413697898387909,0.11975965648889542,-0.14226892590522766,1.0657643745306802,-3.7594205168629546,-0.845325571399046,-0.21808516670951367,-0.06994809152889735,0.021189727351938453,-0.24368209,-1.0939662,0.59645677,-1.561693,-1.9536879,-0.79143566,-0.24368209,-1.0939662,0.59645677,-1.561693,-1.9536879,-0.79143566,-0.2557223439216614,-1.0904854536056519,0.5967925190925598,-1.5737553834915161,-1.9582465887069702,-0.7881653904914856,0.30100647,-0.08701867,-0.008393127,0.30156115,0.11396614,-0.0817563,-0.00054339867,0.0,0.0,0.0,0.0005882349796593189,0.0002941175,1.17647,False,3,0.4743362321975486,-0.08122411482801917,0.3161090219144601,0.5018509583072923,0.19171036933619706,0.11974957863174322,0.9995901243920107,0.005576490587999463,0.001151971174689142,0.02805573069812351,0.28938544,-0.09596676,0.28934506,0.3958059522744776,4.114701005164534e-05,0.00011223599722143263,0.00046093499986454844,0.0002928800095105544,0.00015541500761173666,9.727101132739335e-05,0.0014823320088908076,0.018381400004727766,0.019863732013618574,50.34300700967975,0
149,3.0001350749953417,-0.25405818620790654,-1.0909378093532105,0.5967815558062952,-1.5721193752684535,-1.9576242605792444,-0.7886198202716272,0.21840447187423706,-1.6945784091949463,-1.4317172765731812,-0.4305186867713928,-0.008390747010707855,-0.19126644730567932,0.23743464052677155,-1.3495036363601685,-0.8117110133171082,-0.11437444388866425,0.11968252062797546,-0.1423124074935913,1.397873085651597,-3.7331279692877923,-0.963127125416011,-0.21775766364636162,-0.07532303277351979,0.01957589579291568,-0.24197938,-1.0944235,0.5964788,-1.5600823,-1.9530418,-0.7918779,-0.24197938,-1.0944235,0.5964788,-1.5600823,-1.9530418,-0.7918779,-0.25405818223953247,-1.090937852859497,0.5967815518379211,-1.5721193552017212,-1.9576243162155151,-0.7886198163032532,0.30197,-0.08714339,-0.007567618,0.3009261,0.11456448,-0.08145257,-0.00060871046,0.0,0.0,0.0,0.0005882349796593189,0.0002941175,1.17647,False,3,0.4742177368021655,-0.08022774954856997,0.31598753793217105,0.501848231595484,0.19167291018245325,0.1197228700385041,0.9995896034218686,0.0054582464136198215,0.0007928153129916682,0.02811055169262058,0.28938544,-0.09596676,0.28934506,0.39578870921902726,4.039799387101084e-05,0.00011290200927760452,0.00045697200403083116,0.00029149001056794077,0.00015147399972192943,0.00010066899994853884,0.00146835099440068,0.018359929003054276,0.019828279997454956,50.43301789809072,0
150,3.020083547991817,-0.25239545503725225,-1.091490851049759,0.5966947714435022,-1.5704614671452255,-1.9569867292987269,-0.7890895048724573,0.24832579493522644,-1.6723135709762573,-1.4347023963928223,-0.4155229330062866,0.018414288759231567,-0.2188260406255722,0.23744332790374756,-1.3499170541763306,-0.8078896999359131,-0.11448119580745697,0.11971478909254074,-0.14232942461967468,1.2677090139106182,-3.466990988353478,-0.8894325485946111,-0.2110323387820516,-0.06861497052834441,0.01942697109079673,-0.24027911,-1.0949879,0.59643185,-1.5584586,-1.9523962,-0.7923351,-0.24027911,-1.0949879,0.59643185,-1.5584586,-1.9523962,-0.7923351,-0.2523954510688782,-1.0914908647537231,0.5966947674751282,-1.5704615116119385,-1.9569867849349976,-0.7890895009040833,0.3029084,-0.087426126,-0.0065733953,0.30007428,0.11476476,-0.081139214,-0.00079034804,0.0,0.0,0.0,0.0005882349796593189,0.0002941175,1.17647,False,3,0.4740827797749608,-0.07922548495166278,0.31593710262597047,0.5018424602274555,0.19169490429012784,0.11969932056356142,0.9995908133171,0.005489885790873757,0.0008181358757020625,0.028059966675706545,0.28938544,-0.09596676,0.28934506,0.39581168855576226,3.753999772015959e-05,0.00010267400648444891,0.00043142899812664837,0.0002621869934955612,0.00013761100126430392,8.814600005280226e-05,0.0013528489944292232,0.018458556005498394,0.019811404999927618,50.47597583329671,0
151,3.0400897879881086,-0.2507389227496546,-1.0919529360583802,0.5966280142413538,-1.5687492345790197,-1.956348721181051,-0.7895239035235804,0.2336258888244629,-1.6635977029800415,-1.4273293018341064,-0.4243602752685547,0.00438801571726799,-0.22460973262786865,0.23752737045288086,-1.3484373092651367,-0.8031885027885437,-0.11457359790802002,0.11983556300401688,-0.14230471849441528,1.4244713092603987,-3.668479816032081,-0.9627219269735727,-0.21837144395683317,-0.07153620755545059,0.01989938148039854,-0.2385516,-1.0954641,0.5963872,-1.5567721,-1.9517444,-0.79275024,-0.2385516,-1.0954641,0.5963872,-1.5567721,-1.9517444,-0.79275024,-0.2507389187812805,-1.091952919960022,0.5966280102729797,-1.568749189376831,-1.9563487768173218,-0.7895238995552063,0.30468303,-0.08778063,-0.0060199364,0.29942602,0.115108445,-0.080657944,-0.0007412636,0.0,0.0,0.0,0.0005882349796593189,0.0002941175,1.17647,False,3,0.473950292564982,-0.07822795831404046,0.31582612590574727,0.501888731740611,0.1916895164679037,0.11970555333835765,0.9995810060848598,0.006030812193643367,0.0012554890867287004,0.028280907706461033,0.28938544,-0.09596676,0.28934506,0.39582994070053823,3.6443001590669155e-05,0.0001260010030819103,0.000501649992656894,0.0003452379896771163,0.0001845379883889109,0.00011440199159551412,0.0016432090051239356,0.018225245992653072,0.019868454997777008,50.331039837364585,0
152,3.0600851259951014,-0.24908620515932256,-1.0923528534225007,0.596618954335348,-1.567146234014519,-1.955742661152975,-0.7899788061725062,0.230674147605896,-1.6802992820739746,-1.4295623302459717,-0.39934197068214417,0.039925411343574524,-0.22835199534893036,0.23784175515174866,-1.3499177694320679,-0.7973580956459045,-0.11500244587659836,0.11987817287445068,-0.1423412412405014,1.4399082170501578,-3.572245883262497,-0.9273902329089914,-0.2072245991738998,-0.07366267642044795,0.015912268639573474,-0.23682103,-1.095881,0.59638405,-1.5551877,-1.951105,-0.793188,-0.23682103,-1.095881,0.59638405,-1.5551877,-1.951105,-0.793188,-0.2490862011909485,-1.0923528671264648,0.5966189503669739,-1.5671461820602417,-1.9557427167892456,-0.7899788022041321,0.3066295,-0.08820405,-0.00587198,0.29896128,0.11594154,-0.08022977,-0.0005515794,0.0,0.0,0.0,0.0005882349796593189,0.0002941175,1.17647,False,3,0.4738351702050507,-0.0772451058686858,0.31568649496491114,0.5018658921339673,0.19166512156064136,0.11973842396243117,0.9995803148475255,0.005611053327623236,0.0008133822655881423,0.028408445719265853,0.28938544,-0.09596676,0.28934506,0.3957858640226083,5.929201142862439e-05,0.0001184069988084957,0.0005642530013574287,0.0002756989997578785,0.00017575699894223362,9.323099220637232e-05,0.001619382994249463,0.018212552007753402,0.019831935002002865,50.42372314648107,0
153,3.0800806819897844,-0.24738723436464483,-1.0928664368442078,0.5965645948993128,-1.5654497177204867,-1.9551075140582483,-0.7904294172870081,0.265224426984787,-1.6698030233383179,-1.422393560409546,-0.40416380763053894,0.028219986706972122,-0.22299854457378387,0.23809748888015747,-1.3488527536392212,-0.7945275902748108,-0.11491922289133072,0.11995281279087067,-0.14226044714450836,1.3958173595018855,-3.6382582618273025,-1.0382027846720294,-0.21137132287148921,-0.06762994982001769,0.02273548224302309,-0.23510931,-1.0964139,0.5963754,-1.5535415,-1.9504561,-0.79363495,-0.23510931,-1.0964139,0.5963754,-1.5535415,-1.9504561,-0.79363495,-0.24738723039627075,-1.0928664207458496,0.5965645909309387,-1.5654497146606445,-1.955107569694519,-0.790429413318634,0.30694804,-0.08868566,-0.004729839,0.29770318,0.11628552,-0.08013835,-0.0008895598,0.0,0.0,0.0,0.0005882349796593189,0.0002941175,1.17647,False,3,0.47369429393441576,-0.07622740597766059,0.3155989521017103,0.5018623631188142,0.19169608353945405,0.11974146756059029,0.9995887848407107,0.0052752685454646765,0.000522467147690351,0.02818010493335482,0.28938544,-0.09596676,0.28934506,0.39580516712437347,0.0001524480030639097,0.00011953098874073476,0.0005270350084174424,0.0003232710005249828,0.0001686610048636794,0.00010635401122272015,0.001727012000628747,0.018121600995073095,0.019848612995701842,50.38135411358703,0
154,3.1000816589948954,-0.2457192579852503,-1.0933135908893128,0.5965474287616175,-1.5638156927055498,-1.9544780890094202,-0.7908719221698206,0.24291649460792542,-1.6954288482666016,-1.4386188983917236,-0.4024295210838318,0.023537691682577133,-0.2350229024887085,0.23817597329616547,-1.3461097478866577,-0.7922285795211792,-0.11490483582019806,0.11999828368425369,-0.14221562445163727,1.1933915093917593,-3.553755988442334,-0.986313919493381,-0.2157988379699834,-0.07481249199892454,0.02031015758805726,-0.2333605,-1.0968646,0.5963815,-1.5519207,-1.9498167,-0.79405135,-0.2333605,-1.0968646,0.5963815,-1.5519207,-1.9498167,-0.79405135,-0.24571925401687622,-1.0933135747909546,0.5965474247932434,-1.563815712928772,-1.954478144645691,-0.7908719182014465,0.30896884,-0.08877395,-0.0041482286,0.2973761,0.11653682,-0.079485476,-0.00083008193,0.0,0.0,0.0,0.0005882349796593189,0.0002941175,1.17647,False,3,0.4735659632018142,-0.07523060104149146,0.31547781085926085,0.501847862428785,0.19170652033371569,0.11965081108317444,0.9995853426204526,0.005691333370893533,0.001437385745697469,0.02819030876536906,0.28938544,-0.09596676,0.28934506,0.3958438235208137,6.557999586220831e-05,0.00012624799273908138,0.0005505470035132021,0.00029670901130884886,0.0001534809998702258,9.288400178775191e-05,0.0016257509996648878,0.01822545100003481,0.019851201999699697,50.37478335141256,0
155,3.1200920779956505,-0.24403936067690069,-1.0938381415656586,0.5964930693255823,-1.5621784434518595,-1.95384389558901,-0.7913535276996058,0.2382008135318756,-1.7133158445358276,-1.4298282861709595,-0.4251304268836975,0.02808903530240059,-0.22196079790592194,0.2380807101726532,-1.3463057279586792,-0.7887486815452576,-0.11507004499435425,0.12000679224729538,-0.14225800335407257,1.1708205221193657,-3.387626781005359,-0.8594639675494491,-0.20168691925652873,-0.06815259800707966,0.01711933390435775,-0.23164059,-1.0974063,0.59635806,-1.5503274,-1.9491547,-0.79452467,-0.23164059,-1.0974063,0.59635806,-1.5503274,-1.9491547,-0.79452467,-0.2440393567085266,-1.093838095664978,0.5964930653572083,-1.5621784925460815,-1.9538439512252808,-0.7913535237312317,0.30996925,-0.08920444,-0.0033755843,0.29627582,0.11723012,-0.079278946,-0.00091629627,0.0,0.0,0.0,0.0005882349796593189,0.0002941175,1.17647,False,3,0.47342568894637627,-0.07422498128816218,0.3154064142293172,0.501887675312232,0.19169752098092718,0.11973772733724714,0.9995807580246713,0.005475381792218933,0.0009018244501801739,0.028416490379582042,0.28938544,-0.09596676,0.28934506,0.39582140316152803,5.899100506212562e-05,0.0001071800070349127,0.0005419809895101935,0.00029585399897769094,0.00017319500329904258,9.575599688105285e-05,0.0016399169981013983,0.018210071008070372,0.01984998800617177,50.37786419261711,0
156,3.1400881049921736,-0.24236613908876592,-1.09432406843219,0.5964601675616663,-1.560505013247468,-1.953158203755514,-0.7917688528644007,0.2627783715724945,-1.7254884243011475,-1.4299566745758057,-0.4013565182685852,0.015749186277389526,-0.21113315224647522,0.23819859325885773,-1.3448026180267334,-0.7835434079170227,-0.11505077034235,0.12003020942211151,-0.14220844209194183,1.3310179857963047,-3.4953519558514574,-0.988531464793112,-0.21129442164151246,-0.07140771389854221,0.01912488104104352,-0.2299102,-1.0978968,0.59634686,-1.5486683,-1.9484532,-0.7949199,-0.2299102,-1.0978968,0.59634686,-1.5486683,-1.9484532,-0.7949199,-0.24236613512039185,-1.0943241119384766,0.5964601635932922,-1.5605050325393677,-1.9531582593917847,-0.7917688488960266,0.3113984,-0.08931765,-0.0028325613,0.29591933,0.11762661,-0.078776166,-0.0010318061,0.0,0.0,0.0,0.0005882349796593189,0.0002941175,1.17647,False,3,0.4732868385461727,-0.07321247414864507,0.3152983874979863,0.5018870783839601,0.19172902698365138,0.11969788160090754,0.9995801593329605,0.005662130348635002,0.0009112294454152709,0.028401540282833614,0.28938544,-0.09596676,0.28934506,0.39586105472126887,6.214299355633557e-05,0.00011919299140572548,0.0005211199895711616,0.0003166209935443476,0.0001832710113376379,9.999699250329286e-05,0.001622734998818487,0.018218192999484017,0.019840927998302504,50.40086835079263,0
157,3.1601202079909854,-0.24061900774110967,-1.0948023062995453,0.5964444319354456,-1.5588553224555035,-1.952524487172262,-0.7922270933734339,0.24064062535762787,-1.7118390798568726,-1.4224534034729004,-0.41376763582229614,0.03815455362200737,-0.22071857750415802,0.23809519410133362,-1.3456549644470215,-0.7792187929153442,-0.11539553105831146,0.12006881833076477,-0.14230763912200928,1.3087307178755374,-3.443987374693707,-0.9183985324930057,-0.21091466959806818,-0.0661833814876049,0.020598693356824765,-0.22811168,-1.0983872,0.5963653,-1.5470552,-1.9478074,-0.7953625,-0.22811168,-1.0983872,0.5963653,-1.5470552,-1.9478074,-0.7953625,-0.2406190037727356,-1.0948022603988647,0.5964444279670715,-1.5588552951812744,-1.9525245428085327,-0.7922270894050598,0.31268284,-0.08962345,-0.0019791545,0.29500148,0.117927216,-0.07838426,-0.0011806537,0.0,0.0,0.0,0.0005882349796593189,0.0002941175,1.17647,False,3,0.47314988113510525,-0.07217706653304695,0.3151888695560984,0.5018938635020042,0.1917391634935793,0.11967393549304714,0.9995814575154743,0.005829120454846408,0.0013696118505845288,0.02830196317556543,0.28938544,-0.09596676,0.28934506,0.3958823263370818,6.973599374759942e-05,0.00012280500959604979,0.0005057859962107614,0.0004005719965789467,0.00016639700334053487,0.00010447899694554508,0.0017019209917634726,0.018169763003243133,0.019871683995006606,50.32286142690684,0
158,3.1800905029958813,-0.23895818391908819,-1.0953314465335389,0.5964363257037562,-1.5571627647480746,-1.9518745581256312,-0.7926500479327601,0.2874361276626587,-1.710752010345459,-1.4230504035949707,-0.433943510055542,0.041279442608356476,-0.2414253056049347,0.23785507678985596,-1.3449739217758179,-0.7761785387992859,-0.11536183208227158,0.120276540517807,-0.14222152531147003,1.2811800863346587,-3.5717694477552913,-0.8908288130248012,-0.20956790710393225,-0.06498942748104315,0.024146609552409166,-0.22641934,-1.0989292,0.5963815,-1.545389,-1.9471267,-0.7957766,-0.22641934,-1.0989292,0.5963815,-1.545389,-1.9471267,-0.7957766,-0.2389581799507141,-1.0953314304351807,0.5964363217353821,-1.5571627616882324,-1.9518746137619019,-0.792650043964386,0.31347102,-0.089944795,-0.0013710326,0.29434344,0.11869531,-0.07816451,-0.0014086039,0.0,0.0,0.0,0.0005882349796593189,0.0002941175,1.17647,False,3,0.4729907356453989,-0.07117609604740344,0.3150920798581252,0.5018454062196017,0.19172981713211482,0.11974763275445836,0.9995947242450661,0.0053293150539138285,0.0002213070341849084,0.027962459755847498,0.28938544,-0.09596676,0.28934506,0.39581794099101775,0.0001149989984696731,0.00010766100604087114,0.00042209601087961346,0.0003304679994471371,0.00015894800890237093,9.488100477028638e-05,0.001520354999229312,0.018309519000467844,0.019829873999697156,50.42896389635517,0
159,3.2000860150001245,-0.23723870912660772,-1.0957598847201844,0.5964396635638636,-1.5555408553085108,-1.9512603918658655,-0.7930815855609339,0.2705388367176056,-1.6710189580917358,-1.4138951301574707,-0.4302348792552948,0.046075768768787384,-0.23340800404548645,0.2388007938861847,-1.3440883159637451,-0.7726847529411316,-0.11535096168518066,0.12033423036336899,-0.1421903371810913,1.2258605373946054,-3.5021191623450885,-1.0282343074251195,-0.21118263630867737,-0.07228477133745928,0.01901261639743775,-0.2246017,-1.099367,0.59639037,-1.54378,-1.9464889,-0.7961797,-0.2246017,-1.099367,0.59639037,-1.54378,-1.9464889,-0.7961797,-0.23723870515823364,-1.0957598686218262,0.5964396595954895,-1.5555408000946045,-1.9512604475021362,-0.7930815815925598,0.31592506,-0.09017799,-0.0012316175,0.29401985,0.11928856,-0.07745265,-0.0012753616,0.0,0.0,0.0,0.0005882349796593189,0.0002941175,1.17647,False,3,0.47285596837192245,-0.07016157280573317,0.3149586557105488,0.5019126944871668,0.19169997607541162,0.11974840448840225,0.9995874480041728,0.00553287334367083,0.0011204752825413715,0.028162115103503655,0.28938544,-0.09596676,0.28934506,0.39583204499868924,6.372400093823671e-05,0.00014295500295702368,0.0005283100035740063,0.0002826529962476343,0.0001719879946904257,0.0001691979996394366,0.0016974129976006225,0.018145797002944164,0.019843210000544786,50.39507216687952,0
160,3.220090013986919,-0.2355101744281214,-1.0962615770152588,0.5964277426349085,-1.5538480349681159,-1.9505985418902796,-0.7935307661639612,0.2737920582294464,-1.7384084463119507,-1.3932441473007202,-0.45861169695854187,0.02692841738462448,-0.23199841380119324,0.23781011998653412,-1.3440227508544922,-0.7674170136451721,-0.11534535884857178,0.12034057825803757,-0.14216339588165283,1.3223815625274675,-3.505596248851096,-1.1550910111204178,-0.205161202765824,-0.07453612499223634,0.017301222363394483,-0.22280164,-1.0998722,0.59640646,-1.5421051,-1.9458182,-0.7966037,-0.22280164,-1.0998722,0.59640646,-1.5421051,-1.9458182,-0.7966037,-0.23551017045974731,-1.0962616205215454,0.5964277386665344,-1.5538480281829834,-1.9505985975265503,-0.7935307621955872,0.31771314,-0.090265274,-0.0005324482,0.2935741,0.11951052,-0.07682328,-0.0013637291,0.0,0.0,0.0,0.0005882349796593189,0.0002941175,1.17647,False,3,0.4727021158793022,-0.06912837808517402,0.31484951836349756,0.5018856093450563,0.19169751351281245,0.11973291600650666,0.9995785120758295,0.006569648554401786,0.002479269480307511,0.028168303533907424,0.28938544,-0.09596676,0.28934506,0.39582235025345763,5.894200876355171e-05,0.00012239599891472608,0.0005154050013516098,0.0002977440017275512,0.000163717006216757,8.62279994180426e-05,0.0015648170083295554,0.018299519986612722,0.019864336994942278,50.341473780605575,0
161,3.2400885739916703,-0.23375446001161748,-1.0967963200858613,0.5964191595660608,-1.5522502449205895,-1.9499042669879358,-0.7939546743976038,0.22716328501701355,-1.6672407388687134,-1.4139333963394165,-0.4810590445995331,0.04133318364620209,-0.21782203018665314,0.23867793381214142,-1.3419991731643677,-0.7612807154655457,-0.11531572788953781,0.12032818794250488,-0.14207115769386292,1.1599030167559903,-3.7256262703861656,-1.038970865259126,-0.20771497088042826,-0.06397838887094365,0.02280850595878814,-0.22099316,-1.1004274,0.59641594,-1.5405512,-1.9450842,-0.797017,-0.22099316,-1.1004274,0.59641594,-1.5405512,-1.9450842,-0.797017,-0.2337544560432434,-1.0967962741851807,0.5964191555976868,-1.5522502660751343,-1.9499043226242065,-0.7939546704292297,0.31903252,-0.09077925,-8.035451e-05,0.29247752,0.12050171,-0.07655805,-0.0014069536,0.0,0.0,0.0,0.0005882349796593189,0.0002941175,1.17647,False,3,0.472559423268052,-0.06807842947017616,0.3147693739443566,0.5019056134231548,0.19173748627161372,0.11977113975161985,0.9995844057345695,0.005740907800944066,0.0005210621092208883,0.0282448925868376,0.28938544,-0.09596676,0.28934506,0.3958457644156464,6.083100743126124e-05,0.00012305400741752237,0.0005908640014240518,0.00030868400062900037,0.00015159200120251626,9.913300164043903e-05,0.0016437819867860526,0.018211104004876688,0.01985488599166274,50.36543651874454,0
162,3.260085554997204,-0.23200685182680303,-1.097282276754715,0.5964067617999476,-1.5506520897946139,-1.9492533842669886,-0.7944005171405237,0.25448572635650635,-1.6905715465545654,-1.4103268384933472,-0.416451632976532,0.015319108963012695,-0.21030370891094208,0.2392977625131607,-1.3413937091827393,-0.7563428282737732,-0.11528268456459045,0.12035010755062103,-0.1420671045780182,1.328802908440462,-3.576014975434086,-0.9493744741421484,-0.21025139320176928,-0.07084319895717343,0.02028302726052226,-0.21919654,-1.1009214,0.5964412,-1.5389756,-1.9444247,-0.7974427,-0.21919654,-1.1009214,0.5964412,-1.5389756,-1.9444247,-0.7974427,-0.23200684785842896,-1.0972822904586792,0.5964067578315735,-1.5506521463394165,-1.9492534399032593,-0.7944005131721497,0.32025772,-0.09097796,0.00086057157,0.29191306,0.12071728,-0.07605357,-0.0017270297,0.0,0.0,0.0,0.0005882349796593189,0.0002941175,1.17647,False,3,0.47241749372644576,-0.06704364256879991,0.3146708578674363,0.501855966301842,0.19173889066705704,0.1197269452487828,0.9996008814972448,0.0060145062464606516,0.0011963986542241794,0.027576677380844773,0.28938544,-0.09596676,0.28934506,0.395839068520011,0.00012354299542494118,0.0001318340073339641,0.000550557000678964,0.00028791200020350516,0.0001562850084155798,8.886300201993436e-05,0.0016754160023992881,0.018159896004362963,0.01983531200676225,50.4151383985833,0
163,3.2800886609911686,-0.23025828996767217,-1.0977885884097596,0.5964263121234339,-1.5489991691759606,-1.9486163298236292,-0.7948034445392054,0.2382885217666626,-1.6935017108917236,-1.3867442607879639,-0.47472548484802246,0.03608310595154762,-0.2257814258337021,0.23983348906040192,-1.3423447608947754,-0.7522904872894287,-0.11575121432542801,0.12060234695672989,-0.14207154512405396,1.270306383005444,-3.5136835477359005,-0.8759334171970949,-0.2073641477100839,-0.06223187898908278,0.025159241837398323,-0.21739782,-1.1014433,0.5964933,-1.5373758,-1.9437642,-0.79783356,-0.21739782,-1.1014433,0.5964933,-1.5373758,-1.9437642,-0.79783356,-0.2302582859992981,-1.0977885723114014,0.5964263081550598,-1.5489991903305054,-1.9486163854599,-0.7948034405708313,0.3215115,-0.091369085,0.0016754027,0.29058522,0.12130345,-0.07575377,-0.0018284393,0.0,0.0,0.0,0.0005882349796593189,0.0002941175,1.17647,False,3,0.47225853679126356,-0.06600870557717986,0.31456189823370684,0.5019038675784149,0.19176576142181193,0.11974647815081975,0.9995797880562023,0.005772985188896434,0.0011021251563623027,0.028385789352375124,0.28938544,-0.09596676,0.28934506,0.39587594300723394,4.222900315653533e-05,0.00012199699995107949,0.0006347580056171864,0.00026221000007353723,0.00014712399570271373,9.288299770560116e-05,0.001648178993491456,0.01821448199916631,0.019862660992657766,50.345721571226036,0
164,3.300087279989384,-0.2284939924823206,-1.0982392591289063,0.5964310804950159,-1.547361471956112,-1.947970215474264,-0.7952340284930628,0.21211081743240356,-1.6883339881896973,-1.3700096607208252,-0.4525706171989441,0.037718191742897034,-0.21009473502635956,0.2395944744348526,-1.3413798809051514,-0.7480820417404175,-0.11607284098863602,0.1206413060426712,-0.1421007215976715,1.216352618807238,-3.30239149338857,-0.9818085785759274,-0.20252109918529534,-0.06824317689585342,0.019610640001610984,-0.21557508,-1.10191,0.5965185,-1.5357599,-1.9430925,-0.79824525,-0.21557508,-1.10191,0.5965185,-1.5357599,-1.9430925,-0.79824525,-0.22849398851394653,-1.0982393026351929,0.5964310765266418,-1.5473614931106567,-1.9479702711105347,-0.7952340245246887,0.32297269,-0.09176782,0.0021858553,0.2900377,0.121944286,-0.07528076,-0.0020784833,0.0,0.0,0.0,0.0005882349796593189,0.0002941175,1.17647,False,3,0.4721107003951007,-0.06496786803327395,0.31443405100105826,0.5018567534808664,0.1917312800723491,0.11974913359149482,0.9995904917116956,0.005414077448763316,0.000577652144815636,0.028092097407878776,0.28938544,-0.09596676,0.28934506,0.3958244521383887,0.00014633199316449463,0.00011269499373156577,0.0004684169980464503,0.00032377499155700207,0.0001754709956003353,9.593399590812624e-05,0.0016047019889811054,0.018242484002257697,0.019847185991238803,50.3849765121077,0
165,3.3200916489877272,-0.22671491304506475,-1.0987477165511628,0.5963886419879358,-1.5457753290287037,-1.9472954908954065,-0.7956956068622034,0.2202853262424469,-1.7517986297607422,-1.3594554662704468,-0.4327511787414551,0.0302398893982172,-0.20132198929786682,0.23937617242336273,-1.3408397436141968,-0.74261474609375,-0.11614519357681274,0.12054452300071716,-0.1420351266860962,1.1254509433433029,-3.4906494877305505,-1.0093679575931436,-0.20238774896352912,-0.0688266421765925,0.022017818263206923,-0.21371906,-1.1024163,0.59650564,-1.5342035,-1.9423912,-0.798681,-0.21371906,-1.1024163,0.59650564,-1.5342035,-1.9423912,-0.798681,-0.22671490907669067,-1.098747730255127,0.5963886380195618,-1.545775294303894,-1.9472955465316772,-0.7956956028938293,0.3248962,-0.091713846,0.002925298,0.2892947,0.12260896,-0.074635155,-0.0020494303,0.0,0.0,0.0,0.0005882349796593189,0.0002941175,1.17647,False,3,0.4719649572856349,-0.06391504181048333,0.3143578364093041,0.5018648521003924,0.19177395683555987,0.11966296150464259,0.9995845566401639,0.0055364990193894036,0.001067684208220495,0.028264406012126816,0.28938544,-0.09596676,0.28934506,0.39589674485009285,3.8336002035066485e-05,0.00010548999125603586,0.0004797709989361465,0.00025061500491574407,0.00015918198914732784,9.29770030779764e-05,0.0015158879978116602,0.018357139997533523,0.019873027995345183,50.31945812355459,0
166,3.3400944479944883,-0.22493011156191045,-1.0992264312556763,0.5963919798480433,-1.5441294864616175,-1.9465869108783167,-0.7960870901690882,0.20700258016586304,-1.741204857826233,-1.3540304899215698,-0.46128660440444946,0.023969095200300217,-0.19262804090976715,0.23934023082256317,-1.3391163349151611,-0.7354806661605835,-0.11603156477212906,0.12053695321083069,-0.1420072615146637,1.188516722228294,-3.513591917299768,-0.9024395861669552,-0.2041919215410878,-0.06709058413806589,0.022324816880387417,-0.21188827,-1.1029115,0.596541,-1.532603,-1.9416659,-0.7990594,-0.21188827,-1.1029115,0.596541,-1.532603,-1.9416659,-0.7990594,-0.22493010759353638,-1.099226474761963,0.5963919758796692,-1.544129490852356,-1.9465869665145874,-0.7960870862007141,0.32604593,-0.09212392,0.0037251608,0.28816244,0.12302778,-0.074307606,-0.0022913862,0.0,0.0,0.0,0.0005882349796593189,0.0002941175,1.17647,False,3,0.47181299958757605,-0.06285154932211226,0.31423785161411155,0.5018797024746199,0.1918012304548302,0.1197006450444526,0.9995964158126956,0.005517453392802429,0.0005368505951866172,0.027861514557073266,0.28938544,-0.09596676,0.28934506,0.3959083893811435,5.738700565416366e-05,0.00012549999519251287,0.0006000949942972511,0.00030197198793757707,0.00018483899475540966,0.00010150499292649329,0.0016962480003712699,0.01814997500332538,0.01984622300369665,50.387421315065104,0
167,3.3600774169899523,-0.22313481966127569,-1.099733666782715,0.5964067617999476,-1.5425635457834979,-1.945932690297262,-0.7964747587787073,0.2066984623670578,-1.761679768562317,-1.3119018077850342,-0.4146086871623993,0.029320694506168365,-0.22449761629104614,0.23998785018920898,-1.3387219905853271,-0.7320834994316101,-0.11627088487148285,0.12065345793962479,-0.14210368692874908,1.1532771076312083,-3.415275230236736,-0.8011968478803226,-0.2056452158238969,-0.06772368185751762,0.021653616170821854,-0.21005452,-1.1034229,0.59659845,-1.5310733,-1.940986,-0.7994305,-0.21005452,-1.1034229,0.59659845,-1.5310733,-1.940986,-0.7994305,-0.2231348156929016,-1.0997337102890015,0.5964067578315735,-1.542563557624817,-1.9459327459335327,-0.7964747548103333,0.32700735,-0.09222807,0.004792109,0.28725424,0.12366713,-0.0738927,-0.0026678322,0.0,0.0,0.0,0.0005882349796593189,0.0002941175,1.17647,False,3,0.47166130452705757,-0.06179654335705207,0.3141457008243018,0.5018632369897722,0.191741818863734,0.11969520197246318,0.9995889409163397,0.005584967772012695,0.0007098102926544896,0.028111371173860575,0.28938544,-0.09596676,0.28934506,0.39585870236262183,5.1790993893519044e-05,0.00016705199959687889,0.0005994649982312694,0.00029032799648121,0.00018833100330084562,0.00011507899034768343,0.0018351030012127012,0.017982125995331444,0.019817228996544145,50.46114167497314,0
168,3.3800943899987033,-0.22135860124696904,-1.1002238553813477,0.5963886419879358,-1.540942983036377,-1.945242706929342,-0.7968967596637171,0.24552777409553528,-1.722725510597229,-1.281383752822876,-0.4441746771335602,0.0055258627980947495,-0.21743467450141907,0.23984824120998383,-1.337849736213684,-0.7315247654914856,-0.11633358150720596,0.12085799127817154,-0.14202730357646942,1.2055250771364225,-3.6650201624592658,-0.818100713512232,-0.20404167829024125,-0.06648023312256288,0.023630193030732244,-0.20820011,-1.1039312,0.59661436,-1.5295053,-1.9402863,-0.7998304,-0.20820011,-1.1039312,0.59661436,-1.5295053,-1.9402863,-0.7998304,-0.22135859727859497,-1.1002238988876343,0.5963886380195618,-1.5409430265426636,-1.9452427625656128,-0.796896755695343,0.32896206,-0.09268154,0.005642816,0.28594413,0.12391146,-0.07334039,-0.0027427732,0.0,0.0,0.0,0.0005882349796593189,0.0002941175,1.17647,False,3,0.4715049653194365,-0.060742875299452694,0.31404514957486235,0.5018791456994183,0.19174572889026772,0.11969127482031491,0.999583161513715,0.005939819597075745,0.0015054725389564746,0.028213327781662897,0.28938544,-0.09596676,0.28934506,0.39587176635009047,7.686699973419309e-05,0.00016366600175388157,0.0006124369974713773,0.00033152099058497697,0.00026886299019679427,0.00012544699711725116,0.0019504049996612594,0.01788363700325135,0.01983404200291261,50.41836655650678,0
169,3.400148842993076,-0.21955472627748662,-1.100764350300171,0.5964224974261683,-1.5393364292434235,-1.9445608297931116,-0.7973430792437952,0.23947462439537048,-1.7291852235794067,-1.2423312664031982,-0.42362380027770996,0.014848429709672928,-0.1825772374868393,0.239661306142807,-1.337341547012329,-0.7285593152046204,-0.11654482036828995,0.12087967991828918,-0.14186711609363556,1.2561171696342368,-3.483282663751934,-0.9272039545667154,-0.20317321815662834,-0.0648992138715292,0.021601174759420885,-0.20635316,-1.1044729,0.59667224,-1.5279181,-1.9395735,-0.8002586,-0.20635316,-1.1044729,0.59667224,-1.5279181,-1.9395735,-0.8002586,-0.21955472230911255,-1.1007643938064575,0.5964224934577942,-1.5393364429473877,-1.9445608854293823,-0.7973430752754211,0.3300393,-0.0927131,0.006242946,0.28545994,0.12468455,-0.07288737,-0.0030745,0.0,0.0,0.0,0.0005882349796593189,0.0002941175,1.17647,False,3,0.4713382682154863,-0.05967653711113168,0.31395279564672673,0.5018555739556887,0.19175333621163226,0.11972578413590136,0.9995911159457735,0.005573842172773879,0.0009431181346943051,0.028028366718870934,0.28938544,-0.09596676,0.28934506,0.395849854962737,6.0492995544336736e-05,0.00011557899415493011,0.00046563900832552463,0.00041637200047262013,0.00019282099674455822,0.00010813800327014178,0.0016847559891175479,0.0182204470038414,0.019905202992958948,50.23812117634416,0
170,3.420128810990718,-0.21776181856264287,-1.101200358276703,0.5964000860797327,-1.5377227824977417,-1.9439027945147913,-0.7977307478534144,0.25291040539741516,-1.7115519046783447,-1.205810308456421,-0.43878430128097534,0.03393605351448059,-0.18366411328315735,0.23974035680294037,-1.3369981050491333,-0.7243464589118958,-0.11672230064868927,0.12088345736265182,-0.14185312390327454,1.3397012144147546,-3.3274820868710537,-1.1784272011596268,-0.20208649718211946,-0.07326493464804863,0.018181379924631688,-0.20449035,-1.104925,0.5966756,-1.5263461,-1.9388852,-0.80062664,-0.20449035,-1.104925,0.5966756,-1.5263461,-1.9388852,-0.80062664,-0.2177618145942688,-1.1012003421783447,0.5964000821113586,-1.5377228260040283,-1.943902850151062,-0.7977307438850403,0.33178678,-0.093117915,0.006886618,0.28441954,0.1254412,-0.07239694,-0.0032039527,0.0,0.0,0.0,0.0005882349796593189,0.0002941175,1.17647,False,3,0.4711846074251161,-0.05862505569601491,0.3138321555688855,0.5018631379195618,0.19173074067730764,0.11973573408978802,0.999585032220156,0.00557859482038616,0.000215852398703362,0.028259701370531905,0.28938544,-0.09596676,0.28934506,0.39583322850329433,3.981500049121678e-05,0.00011391600128263235,0.0007539239886682481,0.0002959650009870529,0.0001562730030855164,0.00019174000772181898,0.0018671190046006814,0.017946061998372898,0.01981318100297358,50.47145129547442,0
171,3.44013552099932,-0.21594602266420537,-1.1018011432937165,0.5964158217059534,-1.5361938563040276,-1.9432089964496058,-0.798140827809469,0.20609787106513977,-1.7211240530014038,-1.1563177108764648,-0.3946313261985779,-0.0010847179219126701,-0.17043903470039368,0.2396755814552307,-1.3369393348693848,-0.7213150262832642,-0.11673057824373245,0.12096036225557327,-0.14198747277259827,1.2628613924519672,-3.5415985870710283,-1.0354276067744057,-0.20362687503235283,-0.07166636922644928,0.020229185445813796,-0.20260108,-1.1055295,0.59672105,-1.5248536,-1.9381657,-0.80101055,-0.20260108,-1.1055295,0.59672105,-1.5248536,-1.9381657,-0.80101055,-0.2159460186958313,-1.1018011569976807,0.5964158177375793,-1.53619384765625,-1.9432090520858765,-0.798140823841095,0.3336236,-0.09320881,0.0076312353,0.2835076,0.12608352,-0.071743116,-0.0033703523,0.0,0.0,0.0,0.0005882349796593189,0.0002941175,1.17647,False,3,0.4710176181402925,-0.057552692558940556,0.31378787328041274,0.5018983224844666,0.19171205497549682,0.11972336030846074,0.9995811610778704,0.00551745551507411,0.0008837057959436314,0.02839471125555747,0.28938544,-0.09596676,0.28934506,0.3958438380933126,4.269799683243036e-05,0.00011999400157947093,0.0005439529923023656,0.00034772700746543705,0.000252721001743339,0.00011950699263252318,0.0017643490136833861,0.01808722699934151,0.019851576013024896,50.373834266049506,0
172,3.460126334990491,-0.21413737932314092,-1.1023166936687012,0.5964191595660608,-1.5345839497498055,-1.9425042311297815,-0.7985547224627894,0.28240081667900085,-1.6923930644989014,-1.0964586734771729,-0.39086854457855225,0.03964579850435257,-0.17929045855998993,0.23958729207515717,-1.335068941116333,-0.7176797986030579,-0.11666244268417358,0.12097536027431488,-0.14193448424339294,1.3790088484146223,-3.3863458610776616,-0.8376634541178112,-0.19376455433865156,-0.06930901228622488,0.014453540053973514,-0.20073813,-1.1060574,0.5967607,-1.5232888,-1.9374354,-0.8014069,-0.20073813,-1.1060574,0.5967607,-1.5232888,-1.9374354,-0.8014069,-0.21413737535476685,-1.1023167371749878,0.5964191555976868,-1.5345839262008667,-1.9425042867660522,-0.7985547184944153,0.33498105,-0.09351774,0.008538582,0.28237683,0.12672362,-0.07130482,-0.003620249,0.0,0.0,0.0,0.0005882349796593189,0.0002941175,1.17647,False,3,0.4708500286609569,-0.056482441427654136,0.3136928302831472,0.5018473161254045,0.19171795944062944,0.11972085689733883,0.9995939468163259,0.005532287185672752,0.0008705874362696733,0.027939116470619366,0.28938544,-0.09596676,0.28934506,0.39582182131223714,4.122300015296787e-05,0.00011690199607983232,0.00047579300007782876,0.0003460340085439384,0.0002025419962592423,0.00010270900384057313,0.0016364549956051633,0.018201472994405776,0.01983792799001094,50.408490266903556,0
173,3.4801427989877993,-0.2122743765460413,-1.1028255981257935,0.5964396635638636,-1.5329822239330788,-1.9418333212481897,-0.7989385763751429,0.27565038204193115,-1.6822501420974731,-1.047755479812622,-0.4248883128166199,0.0263022780418396,-0.16140320897102356,0.24030137062072754,-1.3367195129394531,-0.7177811861038208,-0.11717785894870758,0.1210264042019844,-0.14185598492622375,1.649129534499009,-3.4421152363877656,-1.0763138840498718,-0.20886775192366602,-0.08557161085610569,0.013931995990660466,-0.19879545,-1.1065814,0.5967902,-1.5217189,-1.9367237,-0.8017676,-0.19879545,-1.1065814,0.5967902,-1.5217189,-1.9367237,-0.8017676,-0.21227437257766724,-1.10282564163208,0.5964396595954895,-1.5329822301864624,-1.9418333768844604,-0.7989385724067688,0.33697313,-0.09389521,0.008763058,0.28158283,0.12774298,-0.07072599,-0.003728493,0.0,0.0,0.0,0.0005882349796593189,0.0002941175,1.17647,False,3,0.4706811974404138,-0.0553945955072935,0.3135926203962289,0.5018604432992677,0.1917390609989576,0.11977143524878915,0.9995878204129002,0.00549418755857964,0.0010214521490661994,0.028159225895175333,0.28938544,-0.09596676,0.28934506,0.3958225334890095,0.00017750200640875846,0.00012000500282738358,0.00048723000509198755,0.0003759419923881069,0.0001731879892759025,9.648400009609759e-05,0.0017699969903333113,0.018094298997311853,0.019864295987645164,50.3415777041362,0
174,3.500129078995087,-0.2104733625995081,-1.1033910375884552,0.5964363257037562,-1.5314797361246129,-1.9411237875567835,-0.7993491331683558,0.23621582984924316,-1.6810411214828491,-1.0125900506973267,-0.39999741315841675,0.048079825937747955,-0.19040578603744507,0.239990696310997,-1.336012601852417,-0.7156476378440857,-0.11727577447891235,0.1211559921503067,-0.1418774276971817,1.3670831667426508,-3.3023168297860055,-0.9582349971455562,-0.19829188207157583,-0.07804954778896087,0.014203858902014352,-0.19693728,-1.1071577,0.59682447,-1.5202715,-1.9359864,-0.8021598,-0.19693728,-1.1071577,0.59682447,-1.5202715,-1.9359864,-0.8021598,-0.21047335863113403,-1.1033910512924194,0.5964363217353821,-1.5314797163009644,-1.9411238431930542,-0.7993491291999817,0.33840185,-0.09416781,0.00970418,0.28020397,0.1284351,-0.07026654,-0.003958139,0.0,0.0,0.0,0.0005882349796593189,0.0002941175,1.17647,False,3,0.4705172108016057,-0.05433024177597852,0.3135422902515249,0.5018668847500721,0.19173649549385632,0.11976664028111403,0.9995914842700024,0.005204877596218274,0.0004367690547571337,0.02809868111382008,0.28938544,-0.09596676,0.28934506,0.39582618074337395,3.956801083404571e-05,0.00011414999607950449,0.0004535289917839691,0.0003106210060650483,0.00016103900270536542,0.00010236499656457454,0.0015024680033093318,0.018339360001846217,0.01984182800515555,50.39858221430846,0
175,3.5201328929979354,-0.20862847963442022,-1.1038458806327363,0.5964925924884241,-1.5299018894186993,-1.9404295126544397,-0.7997630278216761,0.2702689468860626,-1.7068856954574585,-0.979678750038147,-0.41089630126953125,0.02463231235742569,-0.17391639947891235,0.24101890623569489,-1.335250973701477,-0.7138035893440247,-0.11717820167541504,0.12123491615056992,-0.14180590212345123,1.3549630038206883,-3.4154842786657493,-0.9678917879728328,-0.20247098659195498,-0.07744399366875046,0.015208491945547953,-0.19499677,-1.1076314,0.59690255,-1.5187484,-1.9352629,-0.80254704,-0.19499677,-1.1076314,0.59690255,-1.5187484,-1.9352629,-0.80254704,-0.20862847566604614,-1.1038458347320557,0.59649258852005,-1.5299018621444702,-1.9404295682907104,-0.799763023853302,0.3407925,-0.09464119,0.010248949,0.27883792,0.12916479,-0.069600195,-0.0039692027,0.0,0.0,0.0,0.0005882349796593189,0.0002941175,1.17647,False,3,0.4703540337906027,-0.053249595121903776,0.3134063448874728,0.5018786132840006,0.19174539089490908,0.11967012121204401,0.9995910535985026,0.005636744664958724,0.0019925644972503312,0.027964532780281028,0.28938544,-0.09596676,0.28934506,0.3958803009237031,6.340300024021417e-05,0.00011776199971791357,0.0005431260069599375,0.0002770469873212278,0.00016084700473584235,9.528700320515782e-05,0.0015936959971440956,0.01826633200107608,0.019860027998220176,50.352396285121976,0
176,3.5400835999898845,-0.20678359666933233,-1.1043478709510346,0.5965936819659632,-1.5283004318228741,-1.939711872731344,-0.8001616636859339,0.2650333344936371,-1.720076084136963,-0.9847481846809387,-0.4278641641139984,0.014364495873451233,-0.17981334030628204,0.2403816133737564,-1.3353203535079956,-0.7130981683731079,-0.11762890219688416,0.12129239737987518,-0.14180627465248108,1.349150024785812,-3.2295910348405257,-1.1452849913363312,-0.2003640884907157,-0.07806437049724525,0.016394420472203207,-0.19308932,-1.1081468,0.59701014,-1.5171702,-1.9345062,-0.8029273,-0.19308932,-1.1081468,0.59701014,-1.5171702,-1.9345062,-0.8029273,-0.20678359270095825,-1.104347825050354,0.5965936779975891,-1.528300404548645,-1.9397119283676147,-0.8001616597175598,0.34235677,-0.094974086,0.010412077,0.27825406,0.13014378,-0.06914147,-0.004186,0.0,0.0,0.0,0.0005882349796593189,0.0002941175,1.17647,False,3,0.47017634558923094,-0.05216186945206108,0.3132706824548672,0.5018552832650475,0.19177589205029968,0.11978176294503255,0.9995984513662219,0.004777728166034492,0.0003252190391457355,0.02792827588734275,0.28938544,-0.09596676,0.28934506,0.3958421113987827,4.100399382878095e-05,0.00011481600813567638,0.0005028479936299846,0.00040357199031859636,0.0002579079882707447,0.0002607400092529133,0.001914729000418447,0.017888212998514064,0.01980294199893251,50.49754728635299,0
177,3.56007647899969,-0.20489293733705694,-1.1048624378493805,0.5965917746173304,-1.5267979514649888,-1.9389823118792933,-0.8004973570453089,0.25626564025878906,-1.7169551849365234,-0.9537116885185242,-0.4110879898071289,0.02660040557384491,-0.17259156703948975,0.24073106050491333,-1.3326871395111084,-0.7100027203559875,-0.11760325729846954,0.12138502299785614,-0.14184901118278503,1.2448893429066632,-3.37437865732764,-0.7817792927599483,-0.19747594831136278,-0.06341278358373817,0.021617083734256696,-0.19115187,-1.1086566,0.5970655,-1.5157212,-1.9337468,-0.80324,-0.19115187,-1.1086566,0.5970655,-1.5157212,-1.9337468,-0.80324,-0.20489293336868286,-1.1048624515533447,0.5965917706489563,-1.5267980098724365,-1.938982367515564,-0.8004973530769348,0.34352663,-0.094853655,0.011843001,0.27691925,0.13088791,-0.068566665,-0.0046189222,0.0,0.0,0.0,0.0005882349796593189,0.0002941175,1.17647,False,3,0.47001832328821597,-0.05105482986232406,0.3131947252979067,0.5018816092094806,0.1917024246998955,0.11973552042025584,0.9995845570380396,0.005165935165638832,0.0005019350280163565,0.028351065957178602,0.28938544,-0.09596676,0.28934506,0.39582265601377437,0.00021431098866742104,0.00012125300418119878,0.0004868660034844652,0.00040292700577992946,0.00017536499944981188,9.56290023168549e-05,0.0018219750054413453,0.018013302003964782,0.019835277009406127,50.41522735103664,0
178,3.5800797709962353,-0.2030089537249964,-1.1053574544242402,0.5966671148883265,-1.5251757477274914,-1.9383004347430628,-0.8008764425860804,0.23035582900047302,-1.712878704071045,-0.9481303095817566,-0.44210970401763916,0.015660157427191734,-0.1891845315694809,0.24056079983711243,-1.3310786485671997,-0.7024792432785034,-0.1172553300857544,0.12152247130870819,-0.14184965193271637,1.3129987653060367,-3.430356490451871,-1.0155483012978856,-0.20086694136242564,-0.07440392603070622,0.018991441781301237,-0.18914883,-1.1091707,0.5971284,-1.5141196,-1.9330163,-0.8035868,-0.18914883,-1.1091707,0.5971284,-1.5141196,-1.9330163,-0.8035868,-0.20300894975662231,-1.1053574085235596,0.5966671109199524,-1.52517569065094,-1.9383004903793335,-0.8008764386177063,0.34650293,-0.09533051,0.011531958,0.2764021,0.13210538,-0.06775904,-0.004503851,0.0,0.0,0.0,0.0005882349796593189,0.0002941175,1.17647,False,3,0.46983317445002837,-0.04995744008427201,0.31306451861690154,0.5018610288186959,0.19174303841718343,0.11978158215969376,0.9995914256763555,0.005283073013949797,0.0008257128385287597,0.028077860457666633,0.28938544,-0.09596676,0.28934506,0.39582139192968274,7.772100798320025e-05,0.0001515809999546036,0.0006710409943480045,0.00030502899608109146,0.00028283000574447215,0.0001558920048410073,0.002054317999863997,0.017764176009222865,0.019818494009086862,50.45792074521383,0
179,3.6000755159911932,-0.20111543336977178,-1.105864093904831,0.5967267195331019,-1.5236421053162594,-1.937594238911764,-0.8012989203082483,0.22278578579425812,-1.7213717699050903,-0.9312063455581665,-0.4719029366970062,0.011976614594459534,-0.1608256995677948,0.2407837212085724,-1.3303325176239014,-0.6929675936698914,-0.11749649047851562,0.12167268991470337,-0.14163215458393097,1.0968903970648523,-3.3470097233753195,-0.846027868872066,-0.1948113461515767,-0.0642035668632531,0.02404513455511753,-0.18719554,-1.1096829,0.59722936,-1.5126367,-1.9322985,-0.80398536,-0.18719554,-1.1096829,0.59722936,-1.5126367,-1.9322985,-0.80398536,-0.2011154294013977,-1.1058640480041504,0.5967267155647278,-1.5236420631408691,-1.9375942945480347,-0.8012989163398743,0.34799707,-0.09547245,0.012566523,0.27513593,0.13239297,-0.06716106,-0.0048228665,0.0,0.0,0.0,0.0005882349796593189,0.0002941175,1.17647,False,3,0.4696604964290132,-0.048853866445877484,0.3129592616548259,0.5018749897673598,0.1917969197631058,0.11973285860700343,0.9995915070585006,0.005529196502265,0.0009613011967713965,0.028023475940371693,0.28938544,-0.09596676,0.28934506,0.39588892426350597,7.15810019755736e-05,0.00016010999388527125,0.000634094001725316,0.0002925199951278046,0.0002704979997361079,0.00013293100346345454,0.001927018995047547,0.017885887995362282,0.01981290699040983,50.472149315798866,0
180,3.6200747919938294,-0.19919091859926397,-1.1064647299102326,0.5967596212970179,-1.5221242320588608,-1.9368646780597132,-0.8017247358905237,0.2077651172876358,-1.680976152420044,-0.9021042585372925,-0.4060646593570709,0.0003926437348127365,-0.13874980807304382,0.2419361174106598,-1.3296594619750977,-0.6865457892417908,-0.11738129705190659,0.12171467393636703,-0.1415019929409027,0.9853133092388018,-3.3772112871572477,-0.7204788211727757,-0.19877724469252764,-0.06265373636199294,0.02263893662245672,-0.18521759,-1.1102793,0.597308,-1.5111432,-1.9315512,-0.8043828,-0.18521759,-1.1102793,0.597308,-1.5111432,-1.9315512,-0.8043828,-0.1991909146308899,-1.1064647436141968,0.5967596173286438,-1.5221242904663086,-1.9368647336959839,-0.8017247319221497,0.349333,-0.095363244,0.013708684,0.27452826,0.13283914,-0.06645168,-0.0053546974,0.0,0.0,0.0,0.0005882349796593189,0.0002941175,1.17647,False,3,0.4694774295714752,-0.0477293612115656,0.3129089029435508,0.50185053442381,0.19178664642029258,0.11972446409395911,0.9995943632536757,0.0056815917358623074,0.0011483460845948068,0.02788287945927733,0.28938544,-0.09596676,0.28934506,0.3958719277145393,3.831500362139195e-05,0.00010876099986489862,0.0005619510047836229,0.0002801959926728159,0.00017417699564248323,0.00010229799954686314,0.0016210620087804273,0.018227381995529868,0.019848444004310295,50.38178306485081,0
181,3.640135157998884,-0.1973031202899378,-1.1069983404925843,0.5968502203570765,-1.520558552151062,-1.9361231962787073,-0.8020919005023401,0.24409905076026917,-1.690966010093689,-0.8736266493797302,-0.4875143766403198,0.01281419675797224,-0.16702087223529816,0.24184349179267883,-1.3289453983306885,-0.6805374026298523,-0.11745121330022812,0.12162869423627853,-0.14164955914020538,1.1789207105376964,-3.28531259952635,-0.7041173635830482,-0.19127444223632714,-0.07048041820697605,0.019103517833806156,-0.18328401,-1.1108212,0.59745526,-1.50966,-1.9307747,-0.804735,-0.18328401,-1.1108212,0.59745526,-1.50966,-1.9307747,-0.804735,-0.19730311632156372,-1.106998324394226,0.5968502163887024,-1.5205585956573486,-1.936123251914978,-0.8020918965339661,0.35047746,-0.09557433,0.015126333,0.27246398,0.13371447,-0.066077486,-0.00567301,0.0,0.0,0.0,0.0005882349796593189,0.0002941175,1.17647,False,3,0.46929041041268793,-0.04662030362650251,0.31279714517717394,0.5018136807090919,0.1917392043783748,0.11962881422529219,0.9995921856249569,0.00540738547582192,0.0018425359765583626,0.02798002726421612,0.28938544,-0.09596676,0.28934506,0.3958586626699143,5.5805998272262514e-05,0.00010715798998717219,0.0005474450008478016,0.00028218000079505146,0.0002317320031579584,0.00011733699648175389,0.001663250004639849,0.01824116900388617,0.01990441900852602,50.24009992814419,0
182,3.6601361179928062,-0.19539386430849248,-1.1075009864619751,0.5968797842608851,-1.5190802079490204,-1.9353931585894983,-0.8024266401873987,0.23697921633720398,-1.6937947273254395,-0.856559693813324,-0.44323015213012695,0.014453507959842682,-0.16240856051445007,0.24211865663528442,-1.3302109241485596,-0.6739282608032227,-0.11786343902349472,0.121632419526577,-0.1418294459581375,1.1228674406466623,-3.348003182460488,-0.6811033097448145,-0.19391434401940197,-0.06960018326035036,0.01822559441155328,-0.18129276,-1.1113324,0.597494,-1.5082015,-1.9300003,-0.80504024,-0.18129276,-1.1113324,0.597494,-1.5082015,-1.9300003,-0.80504024,-0.1953938603401184,-1.1075010299682617,0.596879780292511,-1.5190801620483398,-1.935393214225769,-0.8024266362190247,0.3525275,-0.09578442,0.015356144,0.27196583,0.13482276,-0.06533964,-0.005976093,0.0,0.0,0.0,0.0005882349796593189,0.0002941175,1.17647,False,3,0.4691226139590515,-0.04550870319162165,0.3127090963594767,0.5018393722915752,0.19172445446796452,0.11973563762160179,0.9995890509767459,0.005557387803546856,0.0005503060843287566,0.028117087863988467,0.28938544,-0.09596676,0.28934506,0.3958159442596352,4.1081002564169466e-05,0.0001149480085587129,0.0004787359939655289,0.00027009799669031054,0.00015341599646490067,9.846800821833313e-05,0.0014953339996282011,0.01835337899683509,0.01984871299646329,50.38110028484886,0
183,3.680077667988371,-0.19343358675111944,-1.1080273550799866,0.5969637076007288,-1.5175226007452984,-1.934659783040182,-0.8027818838702601,0.22877579927444458,-1.7082968950271606,-0.8321427702903748,-0.4589647948741913,0.0239716786891222,-0.16524125635623932,0.24115659296512604,-1.3293951749801636,-0.6655828952789307,-0.11799615621566772,0.1217794269323349,-0.1417994350194931,1.2876733615342417,-3.3360706021254143,-0.7977798121148616,-0.19407430861938235,-0.06243431875817299,0.02257266412597519,-0.17925307,-1.1118678,0.59761024,-1.5066988,-1.9292318,-0.80536735,-0.17925307,-1.1118678,0.59761024,-1.5066988,-1.9292318,-0.80536735,-0.19343358278274536,-1.1080273389816284,0.5969637036323547,-1.5175225734710693,-1.9346598386764526,-0.802781879901886,0.35451272,-0.096011944,0.016162552,0.27059335,0.13570237,-0.064636275,-0.006230741,0.0,0.0,0.0,0.0005882349796593189,0.0002941175,1.17647,False,3,0.4689350615729146,-0.044369370472755916,0.31259868306940497,0.5018535333061599,0.19174203539385154,0.11966732248022927,0.9995919754739334,0.006341995418941111,0.0013889122214784215,0.027817046973778452,0.28938544,-0.09596676,0.28934506,0.3958656003894874,4.0431012166664004e-05,0.00011665398778859526,0.0004822690098080784,0.000269761003437452,0.00014756200835108757,9.606199455447495e-05,0.001478063000831753,0.018312756990781054,0.019790819991612807,50.528477365960185,0
184,3.700129915989237,-0.191505257283346,-1.1085724395564576,0.5970657507525843,-1.5160248179784794,-1.9339574019061487,-0.8031647841082972,0.2630307972431183,-1.6916391849517822,-0.8254455924034119,-0.43379080295562744,0.02357064001262188,-0.16504496335983276,0.24132972955703735,-1.3285002708435059,-0.6566707491874695,-0.11822357028722763,0.12193621695041656,-0.14156165719032288,1.2923814761650148,-3.337775620192014,-0.8683826084973709,-0.19671759424276478,-0.07336762414441605,0.01856259360786374,-0.17725822,-1.1124275,0.5977467,-1.5052532,-1.9285061,-0.8057261,-0.17725822,-1.1124275,0.5977467,-1.5052532,-1.9285061,-0.8057261,-0.19150525331497192,-1.1085724830627441,0.5970657467842102,-1.5160248279571533,-1.9339574575424194,-0.8031647801399231,0.3561758,-0.09637336,0.017022476,0.2692909,0.13628249,-0.06403392,-0.0066324333,0.0,0.0,0.0,0.0005882349796593189,0.0002941175,1.17647,False,3,0.46874608893364694,-0.04325338572238919,0.3125034420581453,0.5018532545891359,0.19169201745848777,0.119694970026841,0.9995837064829471,0.005862319708645134,0.001039454803300263,0.028230505726780798,0.28938544,-0.09596676,0.28934506,0.39581724931520723,6.26539986114949e-05,0.00013496300380211323,0.0006183820078149438,0.0002512940118322149,0.00023031899763736874,0.00010873300197999924,0.0017582490108907223,0.018118626991054043,0.019876876001944765,50.309716672889614,0
185,3.720126986998366,-0.18952542940248662,-1.1091063481620331,0.5971658865558069,-1.5145176139524956,-1.9331954161273401,-0.8035200277911585,0.21043017506599426,-1.7154399156570435,-0.8228840827941895,-0.45040321350097656,0.024393003433942795,-0.1609351933002472,0.24223758280277252,-1.327496886253357,-0.6529324054718018,-0.11822682619094849,0.12204860150814056,-0.14141280949115753,1.169599382665211,-3.2494026120377555,-0.9304596782764093,-0.19386621849069405,-0.06637620930152119,0.019624696491385124,-0.17521128,-1.1129658,0.5978912,-1.5038098,-1.9277111,-0.8060575,-0.17521128,-1.1129658,0.5978912,-1.5038098,-1.9277111,-0.8060575,-0.18952542543411255,-1.1091063022613525,0.5971658825874329,-1.5145176649093628,-1.9331954717636108,-0.8035200238227844,0.35785353,-0.09648745,0.018133156,0.26769614,0.13710937,-0.063437335,-0.006853396,0.0,0.0,0.0,0.0005882349796593189,0.0002941175,1.17647,False,3,0.46856134819668666,-0.042101551952781716,0.3123976539595451,0.501855715196375,0.19177183578024445,0.11966258195186937,0.999580212758617,0.006102078540591978,0.0011194083148299884,0.028300759165427326,0.28938544,-0.09596676,0.28934506,0.39589046217568924,4.48240025434643e-05,0.00012523499026428908,0.0005435799976112321,0.00028245999419596046,0.00016698200488463044,0.00011395900219213217,0.0016177799989236519,0.01819623300980311,0.01981401300872676,50.46933196014186,0
186,3.7400761999888346,-0.1875537077533167,-1.1096010667136689,0.5972183386432093,-1.512980343108513,-1.9324138800250452,-0.8038786093341272,0.26484861969947815,-1.6920777559280396,-0.7927887439727783,-0.4801650047302246,-0.003894014284014702,-0.16899049282073975,0.24214091897010803,-1.3271424770355225,-0.6463932394981384,-0.11837035417556763,0.12195547670125961,-0.14146582782268524,1.3909346711710893,-3.4080573463819315,-0.7799782493677561,-0.19294920213927694,-0.07450143161937242,0.020656387367059437,-0.17318058,-1.1134653,0.597995,-1.502333,-1.926906,-0.8063928,-0.17318058,-1.1134653,0.597995,-1.502333,-1.926906,-0.8063928,-0.18755370378494263,-1.1096010208129883,0.5972183346748352,-1.512980341911316,-1.932413935661316,-0.8038786053657532,0.35932812,-0.09660779,0.019416044,0.26618215,0.13769743,-0.06285408,-0.0072460077,0.0,0.0,0.0,0.0005882349796593189,0.0002941175,1.17647,False,3,0.46837875442264276,-0.04095094041564131,0.3122841231127859,0.5018129327617188,0.19173532580062705,0.11967905246271851,0.999592032102766,0.006619096801048913,0.0017612864712619836,0.02772822864637101,0.28938544,-0.09596676,0.28934506,0.39583390621629316,4.015100421383977e-05,0.00011295700096525252,0.0004921880026813596,0.0002719879994401708,0.0001537830103188753,0.00011726999946404248,0.0015137829905143008,0.018290863998117857,0.019804646988632157,50.49319993302576,0
187,3.7600764599919785,-0.185648266469137,-1.1101161402514954,0.5972936789142054,-1.511498076175787,-1.9316757361041468,-0.8042295614825647,0.24293696880340576,-1.7047693729400635,-0.8017807602882385,-0.456734836101532,-0.018275847658514977,-0.16863390803337097,0.24261318147182465,-1.326318383216858,-0.6367342472076416,-0.11852516233921051,0.12206429243087769,-0.14147576689720154,1.1686424524998882,-3.3135105197349293,-0.9109265517076413,-0.19314858030547383,-0.06925853925174552,0.018817998524411565,-0.17117701,-1.1140008,0.59806067,-1.5008818,-1.9261076,-0.8067134,-0.17117701,-1.1140008,0.59806067,-1.5008818,-1.9261076,-0.8067134,-0.18564826250076294,-1.1101161241531372,0.5972936749458313,-1.5114980936050415,-1.9316757917404175,-0.8042295575141907,0.3617813,-0.097116545,0.01917425,0.2654072,0.13920252,-0.062096268,-0.0074528386,0.0,0.0,0.0,0.0005882349796593189,0.0002941175,1.17647,False,3,0.46819127405312455,-0.03984207705047057,0.31218488545040507,0.5018512388230236,0.1917627326767682,0.11969836064135557,0.9995888966308341,0.0057264596043360766,0.0009185254631686103,0.028077503568385866,0.28938544,-0.09596676,0.28934506,0.395866109398976,5.9312995290383697e-05,0.00012227799743413925,0.0004955110052833334,0.00027442800637800246,0.00015460699796676636,0.00010369400843046606,0.0015430389903485775,0.018296141002792865,0.019839179993141443,50.405309107821374,0
188,3.7800778589880792,-0.18364411989320928,-1.110619918709137,0.5974014441119593,-1.5100366224399586,-1.9309452215777796,-0.8046157995807093,0.24018734693527222,-1.707866907119751,-0.7933345437049866,-0.4384143054485321,0.003126535564661026,-0.14413291215896606,0.24249015748500824,-1.324743390083313,-0.6270950436592102,-0.1184784471988678,0.12228746712207794,-0.1414571851491928,1.1009150657174973,-3.234357190640574,-0.7612112865351796,-0.19062227449078603,-0.0736245948708894,0.018562227464631657,-0.16911732,-1.1145086,0.5982114,-1.4994847,-1.9253366,-0.8070765,-0.16911732,-1.1145086,0.5982114,-1.4994847,-1.9253366,-0.8070765,-0.1836441159248352,-1.1106199026107788,0.5974014401435852,-1.510036587715149,-1.9309452772140503,-0.8046157956123352,0.36317006,-0.097219326,0.020249465,0.26379856,0.14021578,-0.061517272,-0.007900272,0.0,0.0,0.0,0.0005882349796593189,0.0002941175,1.17647,False,3,0.4680073360036703,-0.03868997610337801,0.312073069767696,0.5018368043782762,0.19175041498025197,0.11966319982067486,0.9995880228601239,0.005947235123984323,0.0009088577795063098,0.028064101921606223,0.28938544,-0.09596676,0.28934506,0.39586447936171937,8.345801325049251e-05,0.00011957700189668685,0.0004956789925927296,0.0002730590058490634,0.00015169499965850264,9.647799015510827e-05,0.0015398639952763915,0.018291358996066265,0.019831222991342656,50.42553353550365,0
189,3.8000781599985203,-0.181711498891012,-1.1112221640399476,0.5975025335894983,-1.5085555662265797,-1.9301756064044397,-0.8049591223346155,0.2682992219924927,-1.6928430795669556,-0.8015241622924805,-0.4356617331504822,0.005179856438189745,-0.14156094193458557,0.24190621078014374,-1.3243508338928223,-0.6231722235679626,-0.11861329525709152,0.12240277975797653,-0.1414133608341217,1.388142673256116,-3.2147842225563137,-0.8508484821083697,-0.18683265621588563,-0.06865362779060502,0.01945993843125395,-0.1671082,-1.1151204,0.5983427,-1.4980607,-1.9245288,-0.80739343,-0.1671082,-1.1151204,0.5983427,-1.4980607,-1.9245288,-0.80739343,-0.18171149492263794,-1.1112221479415894,0.5975025296211243,-1.50855553150177,-1.9301756620407104,-0.8049591183662415,0.3650827,-0.09745791,0.02100464,0.26237163,0.14117058,-0.060857955,-0.008174711,0.0,0.0,0.0,0.0005882349796593189,0.0002941175,1.17647,False,3,0.46780229155001435,-0.037560481718945576,0.3120034521080945,0.5018571055900757,0.19174393369906254,0.11973105586607076,0.9995886634590612,0.005518720161521671,0.0008533340408926308,0.028130364172936254,0.28938544,-0.09596676,0.28934506,0.39584158408138465,3.80200071958825e-05,0.00011345499660819769,0.0004533850005827844,0.00023163000878412277,0.00015737899229861796,9.4757997430861e-05,0.0014073960046516731,0.018449866998707876,0.01985726300335955,50.35940752916528,0
190,3.8201337459904607,-0.17969876924623662,-1.111713485126831,0.5976136366473597,-1.5070833724788208,-1.9294136206256312,-0.805281941090719,0.2787799537181854,-1.7175174951553345,-0.8064349889755249,-0.4074508547782898,0.003406824544072151,-0.1521742343902588,0.24209220707416534,-1.3231260776519775,-0.6217744946479797,-0.11881086230278015,0.12240828573703766,-0.14150160551071167,1.0528217332547012,-3.1612746633708206,-0.8173565126432972,-0.18067545822472753,-0.06586579542732628,0.018060557416677246,-0.16502857,-1.115611,0.5984974,-1.496655,-1.9237287,-0.8076894,-0.16502857,-1.115611,0.5984974,-1.496655,-1.9237287,-0.8076894,-0.17969876527786255,-1.1117135286331177,0.5976136326789856,-1.5070834159851074,-1.9294136762619019,-0.805281937122345,0.36675474,-0.09743715,0.022094285,0.26071,0.14212565,-0.06018693,-0.008494356,0.0,0.0,0.0,0.0005882349796593189,0.0002941175,1.17647,False,3,0.4676148582455456,-0.03639928312825328,0.3118807105033032,0.5018590349726821,0.1917879589793331,0.11964748365964079,0.9995891036324884,0.005771801387186642,0.0008858526239661006,0.028063536751618882,0.28938544,-0.09596676,0.28934506,0.39591043382634916,3.999299951829016e-05,0.00011361800716258585,0.0004627860034815967,0.0002708490064833313,0.00016026599041651934,9.534899436403066e-05,0.001460068000596948,0.01845362900348846,0.019913697004085407,50.21669255060195,0
191,3.8401636499911547,-0.17769128481020147,-1.112255648975708,0.5977061430560511,-1.5055971679142495,-1.9286201635943812,-0.805612866078512,0.25774532556533813,-1.6962714195251465,-0.7987555861473083,-0.42215967178344727,-0.0035915784537792206,-0.1612117886543274,0.24170802533626556,-1.3242839574813843,-0.6174734234809875,-0.11912846565246582,0.12244816869497299,-0.14148648083209991,1.3074716517086995,-3.331316522586452,-1.02456596909933,-0.19046074180634115,-0.07397869027021067,0.01592689580712647,-0.16293555,-1.1161557,0.5986109,-1.4952008,-1.9228958,-0.80798674,-0.16293555,-1.1161557,0.5986109,-1.4952008,-1.9228958,-0.80798674,-0.1776912808418274,-1.1122556924819946,0.597706139087677,-1.5055971145629883,-1.9286202192306519,-0.8056128621101379,0.36889333,-0.09750093,0.02261903,0.2599096,0.14311142,-0.05934645,-0.008829254,0.0,0.0,0.0,0.0005882349796593189,0.0002941175,1.17647,False,3,0.46741722537620184,-0.03523299267881861,0.3117837422190307,0.5018379744437013,0.19181348496052483,0.1197124841555829,0.9995906424049172,0.006009708646228181,0.0019818293166285633,0.027901550919391824,0.28938544,-0.09596676,0.28934506,0.3958898292584195,4.002900095656514e-05,0.00011279499449301511,0.00046840599679853767,0.0002701049961615354,0.00015344000712502748,9.717200009617954e-05,0.0014678739971714094,0.01841463199525606,0.01988250599242747,50.29547082147814,0
192,3.8601335549901705,-0.17565995851625615,-1.1127794545939942,0.5977981726275843,-1.5041964215091248,-1.9278419653521937,-0.8059948126422327,0.2370380312204361,-1.7063188552856445,-0.7701676487922668,-0.3897126615047455,-0.0034800320863723755,-0.15912964940071106,0.24207140505313873,-1.322500467300415,-0.6109161376953125,-0.11912717670202255,0.12255962193012238,-0.14134107530117035,1.2387063900186077,-3.35362102663752,-0.7534989148983366,-0.19193067096654623,-0.06760297955206179,0.020441972638810393,-0.16083403,-1.1166886,0.59874874,-1.4938852,-1.9220684,-0.8083435,-0.16083403,-1.1166886,0.59874874,-1.4938852,-1.9220684,-0.8083435,-0.17565995454788208,-1.1127794981002808,0.5977981686592102,-1.5041964054107666,-1.9278420209884644,-0.8059948086738586,0.37064824,-0.09772856,0.02376427,0.2577799,0.14434233,-0.05871742,-0.009212826,0.0,0.0,0.0,0.0005882349796593189,0.0002941175,1.17647,False,3,0.46723271451765236,-0.03406257561834536,0.311694463260488,0.5018678404484889,0.19170162650704725,0.11973623812178971,0.999586449581299,0.005574826101963668,0.0011611860229546918,0.02818720000974044,0.28938544,-0.09596676,0.28934506,0.39581437682015713,4.044501110911369e-05,0.00011708200327120721,0.000511514997924678,0.00025019299937412143,0.0001506080006947741,0.00010594099876470864,0.0014977120008552447,0.018297903996426612,0.019795615997281857,50.51623552090071,0
193,3.8801264999929117,-0.17367059389223272,-1.1133507651141663,0.5979765097247522,-1.5027031165412446,-1.9271000067340296,-0.8063142935382288,0.26066794991493225,-1.663482666015625,-0.7931201457977295,-0.40369799733161926,0.015516014769673347,-0.14240145683288574,0.24281702935695648,-1.3220696449279785,-0.6047462821006775,-0.11909085512161255,0.12272851169109344,-0.14122824370861053,1.2477479960724742,-3.070438219112074,-0.8426947981142737,-0.18894574342160514,-0.07069588684158062,0.016991968421822837,-0.15876198,-1.1172786,0.59894663,-1.4924557,-1.9212819,-0.80863565,-0.15876198,-1.1172786,0.59894663,-1.4924557,-1.9212819,-0.80863565,-0.17367058992385864,-1.113350749015808,0.5979765057563782,-1.502703070640564,-1.9271000623703003,-0.8063142895698547,0.37271512,-0.0981953,0.024253316,0.2561846,0.14545275,-0.058034383,-0.009534569,0.0,0.0,0.0,0.0005882349796593189,0.0002941175,1.17647,False,3,0.4670135197093911,-0.03291543197337753,0.31158326713632767,0.5018873121847297,0.191719633784556,0.11974864627571714,0.9995730558244796,0.0052957696917712745,0.0010001113312708917,0.02871752048848684,0.28938544,-0.09596676,0.28934506,0.3958326006554567,4.0216007619164884e-05,0.00011907899170182645,0.000510280005983077,0.0003054530097870156,0.00015547199291177094,8.857599459588528e-05,0.00159657999756746,0.01824753699474968,0.01984411699231714,50.39276881844431,0
194,3.900129717992968,-0.17163449922670537,-1.1138900381377717,0.5980842749225062,-1.5012974751046677,-1.92627460161318,-0.8066299597369593,0.258587121963501,-1.6747024059295654,-0.8023362755775452,-0.38033702969551086,0.001910679042339325,-0.17087817192077637,0.24326133728027344,-1.3213602304458618,-0.6009177565574646,-0.11945991963148117,0.12287844717502594,-0.14135479927062988,1.257860892568196,-3.1701947749637,-0.9574511568445019,-0.18849435896443867,-0.06734270455812408,0.020590907351342495,-0.15666367,-1.1178143,0.5991052,-1.4911054,-1.9204266,-0.8089208,-0.15666367,-1.1178143,0.5991052,-1.4911054,-1.9204266,-0.8089208,-0.1716344952583313,-1.1138900518417358,0.5980842709541321,-1.5012974739074707,-1.9262746572494507,-0.8066299557685852,0.37427047,-0.09810731,0.02552342,0.25480092,0.14620212,-0.057270914,-0.010056817,0.0,0.0,0.0,0.0005882349796593189,0.0002941175,1.17647,False,3,0.4668220843450921,-0.03173363320037966,0.3114914888738273,0.5018615881933789,0.19172368209178667,0.1197267599003169,0.999583617105409,0.005652115789164822,0.0007051943122545652,0.02828594410460646,0.28938544,-0.09596676,0.28934506,0.3958311118307877,4.0996994357556105e-05,0.00011090699990745634,0.0004616539954440668,0.0002674919960554689,0.00014948500029277056,9.578200115356594e-05,0.0014415570040000603,0.01841325400164351,0.01985481100564357,50.36562673478776,0
195,3.9201302399887936,-0.16959697404970342,-1.114441768532135,0.5981920401202601,-1.4998676416328927,-1.9254844824420374,-0.8069527784930628,0.27326256036758423,-1.673132061958313,-0.7780489325523376,-0.38679152727127075,-0.016474703326821327,-0.1652986705303192,0.24301014840602875,-1.3214775323867798,-0.5950477123260498,-0.11955051124095917,0.12281985580921173,-0.1413363516330719,1.2396546009824803,-3.12957834964031,-0.8564492309648334,-0.18752609312927496,-0.07177395472797614,0.016114188878473056,-0.15455136,-1.1183697,0.5992619,-1.4897498,-1.9195985,-0.80921376,-0.15455136,-1.1183697,0.5992619,-1.4897498,-1.9195985,-0.80921376,-0.16959697008132935,-1.1144417524337769,0.598192036151886,-1.4998676776885986,-1.925484538078308,-0.8069527745246887,0.37614018,-0.098199695,0.026745696,0.2529485,0.14715075,-0.056524068,-0.0104183145,0.0,0.0,0.0,0.0005882349796593189,0.0002941175,1.17647,False,3,0.4666189898724885,-0.03055847666932071,0.31140410546578556,0.5018496122594557,0.1917066508115022,0.11968983982078854,0.9995895406503399,0.00520804099220428,0.0012000639757572343,0.028145981937125697,0.28938544,-0.09596676,0.28934506,0.3958281279268462,3.926100907847285e-05,0.00011427000572439283,0.0004775560082634911,0.000269536001724191,0.00015952400281094015,9.683500684332103e-05,0.0014874539920128882,0.018364003000897355,0.019851456992910244,50.37413628415992,0
196,3.940140551989316,-0.1674745718585413,-1.1149845284274598,0.5983207861529749,-1.4984186005643387,-1.9246986548053187,-0.8072946707354944,0.23606610298156738,-1.6756250858306885,-0.798722505569458,-0.4265804886817932,0.010442914441227913,-0.15568825602531433,0.2429119199514389,-1.320565938949585,-0.5852710604667664,-0.1196356862783432,0.12294245511293411,-0.14120297133922577,1.2466929607516135,-3.307360240590505,-1.0945609465624133,-0.194305929233462,-0.07555855649214899,0.018957686741707228,-0.15236418,-1.1189377,0.59941447,-1.488386,-1.9187509,-0.80953556,-0.15236418,-1.1189377,0.59941447,-1.488386,-1.9187509,-0.80953556,-0.16747456789016724,-1.1149845123291016,0.5983207821846008,-1.4984185695648193,-1.9246987104415894,-0.8072946667671204,0.3777597,-0.09882931,0.027342763,0.2508132,0.14869592,-0.0560226,-0.010883395,0.0,0.0,0.0,0.0005882349796593189,0.0002941175,1.17647,False,3,0.4664118917314337,-0.029344992199435482,0.3113022047310001,0.5018643996800775,0.191738130207569,0.11971645208897723,0.9995885145093849,0.005511573468298493,0.0006995195524383045,0.028140688273517758,0.28938544,-0.09596676,0.28934506,0.39584753898459113,4.151999019086361e-05,0.00011523898865561932,0.00048514299851376563,0.00026946800062432885,0.0001530900044599548,9.638200572226197e-05,0.0014924910065019503,0.018370385994785465,0.019862877001287416,50.34517406190376,0
197,3.9601329489960335,-0.16541845003236944,-1.1154844623855134,0.5984528700457972,-1.4970209908536454,-1.923884693776266,-0.8076337019549769,0.20990441739559174,-1.7089346647262573,-0.7911772727966309,-0.4100759029388428,0.020623188465833664,-0.15751692652702332,0.24306271970272064,-1.3200265169143677,-0.5774062275886536,-0.1198350042104721,0.12305960804224014,-0.14114132523536682,1.1585775140717653,-3.2267284118837356,-0.7460504204017632,-0.18736055588104691,-0.06843918920709702,0.021673662321223985,-0.15024872,-1.1194313,0.5995998,-1.4870461,-1.9179043,-0.80984384,-0.15024872,-1.1194313,0.5995998,-1.4870461,-1.9179043,-0.80984384,-0.16541844606399536,-1.1154844760894775,0.5984528660774231,-1.497020959854126,-1.9238847494125366,-0.8076336979866028,0.37924308,-0.098669685,0.028672468,0.24937224,0.14951143,-0.055252824,-0.011472579,0.0,0.0,0.0,0.0005882349796593189,0.0002941175,1.17647,False,3,0.46621634853310134,-0.028159776443587206,0.31118615332795685,0.5018560304836055,0.19167775085590244,0.11975434855098467,0.9995894828254573,0.005206622814972569,0.0003305689574276225,0.02817192662525362,0.28938544,-0.09596676,0.28934506,0.39578292433951656,4.096700286027044e-05,0.0001185610017273575,0.0005478610110003501,0.0002490560000296682,0.00015011100913397968,0.00010016599844675511,0.0015224139933707193,0.018268850006279536,0.019791263999650255,50.52734378247249,0
198,3.9801393229863606,-0.16334277788271123,-1.1160047811320801,0.5986393133746546,-1.4956077498248597,-1.9230755011187952,-0.8079407850848597,0.24781659245491028,-1.679874300956726,-0.7671689987182617,-0.43464168906211853,0.029928524047136307,-0.14822250604629517,0.24433903396129608,-1.319793462753296,-0.5716329216957092,-0.11996763944625854,0.1231795996427536,-0.1412152796983719,1.1204760906404865,-3.090092139207501,-0.6544964479516034,-0.1844574784422635,-0.06636563849326096,0.019804302988148545,-0.14812241,-1.11995,0.599846,-1.4857193,-1.917054,-0.81012625,-0.14812241,-1.11995,0.599846,-1.4857193,-1.917054,-0.81012625,-0.16334277391433716,-1.1160048246383667,0.5986393094062805,-1.4956077337265015,-1.923075556755066,-0.8079407811164856,0.38050887,-0.09863221,0.030167801,0.24721113,0.15053795,-0.054637086,-0.011996462,0.0,0.0,0.0,0.0005882349796593189,0.0002941175,1.17647,False,3,0.46600872046252,-0.026965799138884555,0.31105800025200747,0.5018580294868041,0.19167406653685443,0.11970274842503684,0.9995844460669503,0.005031426397327904,0.0007679555943282208,0.028373928340509696,0.28938544,-0.09596676,0.28934506,0.39580343302339627,5.449700984172523e-05,0.00016278799739666283,0.0005179870058782399,0.00024290000146720558,0.00023341299674939364,0.00010909700358752161,0.0017289899988099933,0.01812908099964261,0.019858070998452604,50.357358480484976,0
199,4.00012989899551,-0.16127378145326787,-1.1165369612029572,0.598767105733053,-1.494197466676571,-1.9222772757159632,-0.8082554976092737,0.22634641826152802,-1.7026376724243164,-0.7710067629814148,-0.45151397585868835,0.027684684842824936,-0.14689473807811737,0.2437724471092224,-1.317561388015747,-0.5659215450286865,-0.11992644518613815,0.12328056246042252,-0.1412728726863861,1.27078408649542,-3.269152387027207,-0.781999686858438,-0.1910547343883273,-0.07436788487468694,0.018321250921962302,-0.14596993,-1.120487,0.5999975,-1.4843608,-1.9162081,-0.8104075,-0.14596993,-1.120487,0.5999975,-1.4843608,-1.9162081,-0.8104075,-0.1612737774848938,-1.1165369749069214,0.598767101764679,-1.4941974878311157,-1.9222773313522339,-0.8082554936408997,0.38259637,-0.098750524,0.030760443,0.2459155,0.15173002,-0.053801157,-0.012385671,0.0,0.0,0.0,0.0005882349796593189,0.0002941175,1.17647,False,3,0.4657988891228726,-0.02577848426370421,0.3109577875277568,0.5018577091328172,0.19172870055095123,0.11973681343654223,0.9995902864877785,0.0052478267885590815,0.0006484339394912589,0.02812957645286079,0.28938544,-0.09596676,0.28934506,0.3958283691410502,3.938800364267081e-05,0.00011527999595273286,0.0005060270050307736,0.0002679600002011284,0.00015018400154076517,9.597800089977682e-05,0.001501848004409112,0.018338503999984823,0.019840352004393935,50.4023315603743,0
200,4.02012690299307,-0.15913755098451787,-1.117160753612854,0.5989349524127405,-1.4928392481854935,-1.9214466253863733,-0.808535401021139,0.2348654568195343,-1.677910566329956,-0.7591579556465149,-0.44961538910865784,-7.35744833946228e-06,-0.15374621748924255,0.24331384897232056,-1.3157833814620972,-0.5566324591636658,-0.11991454660892487,0.12335885316133499,-0.14121010899543762,1.212806044768881,-3.3468090677351596,-0.7465658027379182,-0.19322835934348098,-0.07307739594433,0.019292890344129454,-0.14377587,-1.1210992,0.6002244,-1.4830644,-1.9153417,-0.81065387,-0.14377587,-1.1210992,0.6002244,-1.4830644,-1.9153417,-0.81065387,-0.1591375470161438,-1.1171607971191406,0.5989349484443665,-1.4928392171859741,-1.921446681022644,-0.8085353970527649,0.38404197,-0.09846153,0.032236323,0.24436907,0.1526234,-0.05296238,-0.013034496,0.0,0.0,0.0,0.0005882349796593189,0.0002941175,1.17647,False,3,0.465581382923362,-0.024552455250576852,0.3108924754078129,0.5018549235578799,0.19170333672011236,0.11976631028908159,0.9995792376836907,0.005265648911769276,0.0010034242626139466,0.028507010109758497,0.28938544,-0.09596676,0.28934506,0.3957958004915043,4.0458995499648154e-05,0.00011270899267401546,0.00047917298797983676,0.00026130699552595615,0.00015661600627936423,9.529800445307046e-05,0.0014679090090794489,0.018381874993792735,0.019849784002872184,50.378381943869215,0
201,4.0401338869996835,-0.15704185167421514,-1.1176978212646027,0.5990665594684046,-1.4914035585573693,-1.9205744902240198,-0.8088582197772425,0.2288224697113037,-1.6650936603546143,-0.7610717415809631,-0.4560776650905609,0.03501572087407112,-0.1506689339876175,0.24333353340625763,-1.3154783248901367,-0.5455825328826904,-0.11999183893203735,0.12339925765991211,-0.14112992584705353,1.1884087305500168,-3.3641849809725466,-0.7499401963337905,-0.18829290011414818,-0.07055359636785313,0.017540926376756527,-0.14161286,-1.1216458,0.60039586,-1.4817148,-1.9144096,-0.81094974,-0.14161286,-1.1216458,0.60039586,-1.4817148,-1.9144096,-0.81094974,-0.15704184770584106,-1.117697834968567,0.5990665555000305,-1.491403579711914,-1.9205745458602905,-0.8088582158088684,0.38572478,-0.09869827,0.033232585,0.24221808,0.15412325,-0.052287664,-0.013536436,0.0,0.0,0.0,0.0005882349796593189,0.0002941175,1.17647,False,3,0.465365407993414,-0.023337806300652443,0.31078366616262776,0.501839083849139,0.19170020597022316,0.11971961991041022,0.999585234324361,0.005312251230976382,0.0012788183924701381,0.028275213622472338,0.28938544,-0.09596676,0.28934506,0.39580502948210083,3.972099511884153e-05,0.00011165199975948781,0.0004818440065719187,0.0002673010021680966,0.00015234400052577257,9.78519965428859e-05,0.001474627002608031,0.018386146999546327,0.019860774002154358,50.350504964787724,0
202,4.060127513992484,-0.1549299399005335,-1.1182441872409363,0.5992468039142054,-1.490096890633442,-1.9197762648211878,-0.809157673512594,0.2660714387893677,-1.6823598146438599,-0.7470366358757019,-0.4656068980693817,0.035714585334062576,-0.14081087708473206,0.24416516721248627,-1.316733717918396,-0.5387763381004333,-0.12032128125429153,0.12349025160074234,-0.14097699522972107,1.0625933675169628,-3.1523140989281577,-0.6233690849806852,-0.18368723085015842,-0.06715737531048707,0.01952389772602633,-0.139435,-1.1222028,0.60062224,-1.4804953,-1.9135667,-0.811221,-0.139435,-1.1222028,0.60062224,-1.4804953,-1.9135667,-0.811221,-0.15492993593215942,-1.1182441711425781,0.5992467999458313,-1.490096926689148,-1.9197763204574585,-0.80915766954422,0.3873737,-0.098965734,0.03438565,0.24003941,0.15524028,-0.05158346,-0.014093274,0.0,0.0,0.0,0.0005882349796593189,0.0002941175,1.17647,False,3,0.4651580083214931,-0.02213499767407287,0.3106895774584152,0.5018556275163264,0.1916713703630073,0.11975388205961733,0.9995878682322505,0.0054459349955152305,0.00101208518790875,0.028166591671432636,0.28938544,-0.09596676,0.28934506,0.39577827075291777,4.1777006117627025e-05,0.00011668801016639918,0.0004904820088995621,0.0002522790018701926,0.0001513150054961443,9.84559883363545e-05,0.0014672280085505918,0.018308405997231603,0.019775634005782194,50.56727889015392,0
203,4.080127980996622,-0.15286046663393194,-1.118757740860321,0.5994227568255823,-1.4886754539659997,-1.918962303792135,-0.8094566504107874,0.26643845438957214,-1.675118327140808,-0.7739760279655457,-0.47487127780914307,0.030047478154301643,-0.1559913605451584,0.24402925372123718,-1.3163021802902222,-0.5308963060379028,-0.12040379643440247,0.12379284203052521,-0.14098915457725525,1.2555667352442383,-2.9788369018326435,-0.8497368085867516,-0.18135259982767526,-0.07695646299175128,0.01426776977322498,-0.13729262,-1.1227027,0.6008408,-1.4791193,-1.9127162,-0.8114815,-0.13729262,-1.1227027,0.6008408,-1.4791193,-1.9127162,-0.8114815,-0.15286046266555786,-1.118757724761963,0.5994227528572083,-1.4886754751205444,-1.9189623594284058,-0.8094566464424133,0.3891958,-0.09862499,0.035451006,0.23890449,0.1561557,-0.050620213,-0.014622518,0.0,0.0,0.0,0.0005882349796593189,0.0002941175,1.17647,False,3,0.4649339939684919,-0.020947340337133052,0.31056115317793276,0.5018724328011289,0.19170294757701734,0.11974280323966431,0.9995822657301685,0.005498391995973371,0.0009951355390040383,0.028355331289580975,0.28938544,-0.09596676,0.28934506,0.3958149891149544,4.292899393476546e-05,0.00015944099868647754,0.0005733559955842793,0.00024852799833752215,0.0001500750076957047,9.726898861117661e-05,0.0016607410070719197,0.018191310999100097,0.019852052006172016,50.3726264513663,0
204,4.100129537997418,-0.15072948137392217,-1.1193198722651978,0.5996177832232874,-1.4873697099140664,-1.9180734793292444,-0.8097317854510706,0.2654540240764618,-1.674507975578308,-0.7472074627876282,-0.45997950434684753,0.03212486207485199,-0.1618327647447586,0.243977889418602,-1.3154982328414917,-0.5252602696418762,-0.12073976546525955,0.12382319569587708,-0.1410110890865326,1.1486546191444746,-3.1095855357814712,-0.693659834788913,-0.1846281378102058,-0.0704937261746798,0.017116973778848528,-0.13508955,-1.1232783,0.6010749,-1.4779245,-1.9117565,-0.8117317,-0.13508955,-1.1232783,0.6010749,-1.4779245,-1.9117565,-0.8117317,-0.1507294774055481,-1.1193199157714844,0.5996177792549133,-1.4873696565628052,-1.9180735349655151,-0.8097317814826965,0.3909982,-0.09895801,0.036426935,0.23612858,0.15792488,-0.049997505,-0.01500472,0.0,0.0,0.0,0.0005882349796593189,0.0002941175,1.17647,False,3,0.46472312131029636,-0.019717436748422384,0.3104629367086016,0.5018794707848249,0.19171346446949408,0.11974955018323662,0.9995790401253405,0.005512963601574685,0.0012830995998013768,0.028454776331247218,0.28938544,-0.09596676,0.28934506,0.3958235199716858,4.048898699693382e-05,0.00011212899698875844,0.00045358001079875976,0.00028473099519032985,0.0001479179918533191,9.538899757899344e-05,0.00145236800017301,0.018400323009700514,0.019852691009873524,50.371005094607106,0
205,4.12012879998656,-0.14857370058168584,-1.1198472541621705,0.5997822920428675,-1.4860082653215905,-1.9171879927264612,-0.8100188414203089,0.26923102140426636,-1.6827151775360107,-0.7404642105102539,-0.49334216117858887,0.036921530961990356,-0.14526860415935516,0.243050217628479,-1.3132169246673584,-0.5172271132469177,-0.12049753218889236,0.12371555715799332,-0.1409592479467392,1.2470328739872485,-3.2383367901764952,-0.9052575630690705,-0.19107223678287186,-0.0698051939168077,0.021609714428342124,-0.13288008,-1.1238093,0.6012855,-1.4766695,-1.910811,-0.8119952,-0.13288008,-1.1238093,0.6012855,-1.4766695,-1.910811,-0.8119952,-0.14857369661331177,-1.119847297668457,0.5997822880744934,-1.4860082864761353,-1.917188048362732,-0.8100188374519348,0.39234045,-0.09905044,0.037580304,0.23346984,0.15942687,-0.049409,-0.015562052,0.0,0.0,0.0,0.0005882349796593189,0.0002941175,1.17647,False,3,0.46450708675327673,-0.018477325902367295,0.31035039634032735,0.5018701290428567,0.19172411410685058,0.1197504098758408,0.9995872515263708,0.005434144045274854,0.0011347540248350368,0.02818723408014011,0.28938544,-0.09596676,0.28934506,0.3958258768895707,4.025400266982615e-05,0.00011346899555064738,0.0005072659987490624,0.0002696539886528626,0.00014992099022492766,9.586800297256559e-05,0.001502756989793852,0.018346564000239596,0.019849320990033448,50.37955708923799,0
206,4.140128793995245,-0.14641887346376592,-1.1203865569880982,0.5999863783465784,-1.4847289410284539,-1.9163535276996058,-0.8103178183185022,0.26953884959220886,-1.717764139175415,-0.7662044763565063,-0.46311140060424805,0.03836715593934059,-0.1271221935749054,0.24352793395519257,-1.3133012056350708,-0.5096071362495422,-0.12083490937948227,0.12401566654443741,-0.14088574051856995,1.2574769829712107,-3.271353392738,-0.7155322873006773,-0.18399957954980695,-0.0710372499781878,0.017804828159794076,-0.13064212,-1.1243343,0.60155374,-1.4754395,-1.909948,-0.812247,-0.13064212,-1.1243343,0.60155374,-1.4754395,-1.909948,-0.812247,-0.14641886949539185,-1.1203866004943848,0.5999863743782043,-1.4847289323806763,-1.9163535833358765,-0.8103178143501282,0.39441866,-0.0986933,0.039184526,0.23223394,0.16013893,-0.048228722,-0.016222004,0.0,0.0,0.0,0.0005882349796593189,0.0002941175,1.17647,False,3,0.46429333726106725,-0.01725093520635488,0.31024723690426703,0.5018699623064263,0.19167930892448987,0.11974378593040205,0.9995846195482763,0.00557212149141591,0.0017479680730645986,0.028221445433025273,0.28938544,-0.09596676,0.28934506,0.3957960620022177,4.0354992961511016e-05,0.00011431500024627894,0.0004875029990216717,0.0002691839908948168,0.0001542410027468577,9.554999996908009e-05,0.001487941000959836,0.018361380003625527,0.019849321004585363,50.379557052303774,0
207,4.160131585987983,-0.14427215257753545,-1.120953307752945,0.6002119223224085,-1.48338387281213,-1.9154918829547327,-0.8105929533587855,0.2631971836090088,-1.6451667547225952,-0.7426559329032898,-0.4732944369316101,0.052957773208618164,-0.1536741703748703,0.24384118616580963,-1.3124552965164185,-0.5037041902542114,-0.12111454457044601,0.12436637282371521,-0.14087414741516113,1.2432589606731361,-3.0123133296981512,-0.8255553344237359,-0.18818512098907994,-0.07268818829601838,0.02047516347775421,-0.12844588,-1.124902,0.60183007,-1.4741968,-1.9090285,-0.8124974,-0.12844588,-1.124902,0.60183007,-1.4741968,-1.9090285,-0.8124974,-0.14427214860916138,-1.1209533214569092,0.6002119183540344,-1.4833838939666748,-1.9154919385910034,-0.8105929493904114,0.3956568,-0.09871814,0.040453773,0.22967812,0.16158554,-0.047610432,-0.016823329,0.0,0.0,0.0,0.0005882349796593189,0.0002941175,1.17647,False,3,0.46406127545755005,-0.016020940518171843,0.31013606907376057,0.5018914289175915,0.19168399994553423,0.11974099709561954,0.9995818332369197,0.005617036838460766,0.0012956536055116338,0.028336280923225834,0.28938544,-0.09596676,0.28934506,0.3958121909690498,5.6478005717508495e-05,0.00011778000043705106,0.00050798399024643,0.0002530499914428219,0.00015113200061023235,9.688999853096902e-05,0.0015201859932858497,0.01828785600082483,0.01980804199411068,50.484545635420176,0
208,4.1801330169982975,-0.14211970964540654,-1.1214843553355713,0.6003778616534632,-1.482082114820816,-1.9146221319781702,-0.8108561674701136,0.2725018858909607,-1.6985012292861938,-0.7427849769592285,-0.4605364501476288,0.013594795018434525,-0.15168823301792145,0.24446198344230652,-1.3112539052963257,-0.5032559633255005,-0.12117839604616165,0.12432337552309036,-0.14086148142814636,1.1175492006095362,-3.16609971325976,-0.8337903244021575,-0.18795875927795125,-0.06925424683117096,0.0224280954165278,-0.1262379,-1.1254355,0.60205626,-1.4729964,-1.908116,-0.812733,-0.1262379,-1.1254355,0.60205626,-1.4729964,-1.908116,-0.812733,-0.14211970567703247,-1.121484398841858,0.6003778576850891,-1.4820821285247803,-1.914622187614441,-0.8108561635017395,0.39704514,-0.09877684,0.041959714,0.22714297,0.1626564,-0.04692007,-0.017390972,0.0,0.0,0.0,0.0005882349796593189,0.0002941175,1.17647,False,3,0.4638426664707219,-0.014789842367987457,0.3100365927018076,0.501872479812595,0.19172385752541063,0.11972458212645574,0.9995809572303952,0.005187402789205665,0.0011273073164702577,0.02845606661280562,0.28938544,-0.09596676,0.28934506,0.3958380190898479,4.030900890938938e-05,0.00015663000522181392,0.0005746530077885836,0.0002518499968573451,0.00014994200319051743,0.00018871600332204252,0.0017451909952796996,0.018107259005773813,0.019852450001053512,50.37161659880432,0
209,4.200133863996598,-0.13992864290346319,-1.122021035557129,0.6006000677691858,-1.4808040422252198,-1.9137046972857874,-0.8111313025103968,0.23731397092342377,-1.6737221479415894,-0.73115473985672,-0.42817777395248413,0.019351424649357796,-0.15725035965442657,0.24418094754219055,-1.3109544515609741,-0.50297611951828,-0.12125460058450699,0.12431145459413528,-0.14083822071552277,1.1078186649762896,-3.118081611372867,-0.7653867739434518,-0.1847257252453151,-0.06937016603466824,0.0192816037566774,-0.123964734,-1.1259565,0.6023353,-1.471799,-1.9071418,-0.81296587,-0.123964734,-1.1259565,0.6023353,-1.471799,-1.9071418,-0.81296587,-0.1399286389350891,-1.1220210790634155,0.6006000638008118,-1.4808040857315063,-1.913704752922058,-0.8111312985420227,0.39909768,-0.098385796,0.04338006,0.22512743,0.16407399,-0.045864005,-0.017921723,0.0,0.0,0.0,0.0005882349796593189,0.0002941175,1.17647,False,3,0.4636237054157816,-0.013531358018157302,0.30992048795572164,0.5018559609291432,0.1916971442070837,0.11969382120616166,0.999587195092077,0.005233044701449514,0.0015612491046480986,0.028206305907211505,0.28938544,-0.09596676,0.28934506,0.3958229202739179,4.043699300382286e-05,0.00011268099478911608,0.00046519401075784117,0.00022952099971007556,0.00014987199392635375,9.631899592932314e-05,0.001411772012943402,0.01844227699621115,0.01985404900915455,50.36755976269161,0
210,4.220131358000799,-0.13769752184023076,-1.1225956839374085,0.6008160750018519,-1.4795056593469162,-1.912834946309225,-0.8114097754107874,0.22500291466712952,-1.6512080430984497,-0.7243643403053284,-0.4496665298938751,0.030564893037080765,-0.1569570153951645,0.24387165904045105,-1.3103195428848267,-0.5029910206794739,-0.12144815176725388,0.12437441200017929,-0.1407833695411682,1.2448469349220206,-3.1091453990456808,-0.8318753112754678,-0.18502284281512102,-0.07117155665234665,0.02043774171217594,-0.12169218,-1.126534,0.6026095,-1.4705986,-1.9062177,-0.8132183,-0.12169218,-1.126534,0.6026095,-1.4705986,-1.9062177,-0.8132183,-0.1376975178718567,-1.1225956678390503,0.6008160710334778,-1.4795056581497192,-1.9128350019454956,-0.8114097714424133,0.40013337,-0.0984592,0.04483638,0.22267553,0.16543318,-0.045213148,-0.018744526,0.0,0.0,0.0,0.0005882349796593189,0.0002941175,1.17647,False,3,0.463389593100703,-0.01226431920580006,0.30982425274445247,0.5018349595150725,0.19170662343031017,0.11973502573561008,0.9995882788052146,0.005953632759077871,0.000805098966081299,0.02805675786469212,0.28938544,-0.09596676,0.28934506,0.3958008778945664,4.01479919673875e-05,0.00011311500566080213,0.0004815680003957823,0.00026160200650338084,0.00015866699686739594,0.00010092499724123627,0.0014819510106462985,0.01836688700132072,0.019848838011967018,50.38078296558682,0
211,4.240135301995906,-0.13549501100649053,-1.1231660705855866,0.6010130087481897,-1.478263446395733,-1.9119375387774866,-0.811645809804098,0.23545870184898376,-1.6332201957702637,-0.7062488198280334,-0.4418272078037262,0.03241509199142456,-0.1600760519504547,0.2446168065071106,-1.309165596961975,-0.5026655197143555,-0.12155745178461075,0.12464277446269989,-0.14072570204734802,1.1648431379120758,-3.249222191008688,-0.5931481342122551,-0.18794974723267985,-0.07155310564031793,0.02126391892851149,-0.11945072,-1.1271111,0.6028637,-1.4694788,-1.9052689,-0.8134329,-0.11945072,-1.1271111,0.6028637,-1.4694788,-1.9052689,-0.8134329,-0.13549500703811646,-1.1231660842895508,0.6010130047798157,-1.4782634973526,-1.9119375944137573,-0.8116458058357239,0.40110734,-0.09862613,0.046268582,0.21961573,0.16671652,-0.04467733,-0.01942986,0.0,0.0,0.0,0.0005882349796593189,0.0002941175,1.17647,False,3,0.46316435522684735,-0.011007054550774824,0.3097405574853914,0.5019057552915687,0.19174714986381516,0.11976620918632254,0.9995980933361411,0.005495529926498734,0.0006781321223481966,0.027802096340768585,0.28938544,-0.09596676,0.28934506,0.39585497638252043,4.057399928569794e-05,0.00011186100891791284,0.000483864001580514,0.00026895100018009543,0.00015246499970089644,0.00010022500646300614,0.0014852269960101694,0.0183710470009828,0.019856273996992968,50.3619158433974,0
212,4.260134330994333,-0.13331967989076787,-1.1236902934363862,0.6012867132769983,-1.477021337752678,-1.9110248724566858,-0.8119314352618616,0.25480592250823975,-1.657813549041748,-0.7300390601158142,-0.4264677166938782,0.025682494044303894,-0.1688843071460724,0.24528583884239197,-1.3095827102661133,-0.5028073191642761,-0.1217193752527237,0.12475753575563431,-0.14075517654418945,1.1907786833071294,-3.074913763244063,-0.7913007765434413,-0.18249195555754053,-0.0701389626461836,0.018068843199169946,-0.11721417,-1.127637,0.6031814,-1.468337,-1.9042833,-0.81368726,-0.11721417,-1.127637,0.6031814,-1.468337,-1.9042833,-0.81368726,-0.1333196759223938,-1.1236902475357056,0.6012867093086243,-1.477021336555481,-1.9110249280929565,-0.8119314312934875,0.40263766,-0.09867041,0.04736763,0.21710587,0.16854031,-0.043895185,-0.020175774,0.0,0.0,0.0,0.0005882349796593189,0.0002941175,1.17647,False,3,0.4629386325118612,-0.009760330643286026,0.3096074672374069,0.5018795005365468,0.19168874609085,0.11976560490034795,0.9995885898943886,0.005232541001366166,0.000283248760621267,0.028199408172465548,0.28938544,-0.09596676,0.28934506,0.39579869237109633,4.219700349494815e-05,0.0001174930075649172,0.000501793998409994,0.00025810999795794487,0.00015027899644337595,9.8643999081105e-05,0.0014905520074535161,0.01829752599587664,0.019788078003330156,50.53547898040977,0
213,4.280124774988508,-0.13112289110292608,-1.1242062014392395,0.6015232245074671,-1.475740560596325,-1.9101184050189417,-0.8121598402606409,0.2214432954788208,-1.6692042350769043,-0.7446263432502747,-0.4327981770038605,0.03325324505567551,-0.1677590310573578,0.24505232274532318,-1.3098018169403076,-0.5030543804168701,-0.12213481962680817,0.12480400502681732,-0.14069533348083496,0.9795480057523254,-3.0666475392527808,-0.7122828828871555,-0.17495751671688342,-0.06837089302836465,0.016177338560182417,-0.1149652,-1.1281457,0.60348773,-1.4671723,-1.9033278,-0.8138848,-0.1149652,-1.1281457,0.60348773,-1.4671723,-1.9033278,-0.8138848,-0.131122887134552,-1.1242061853408813,0.601523220539093,-1.4757405519485474,-1.9101184606552124,-0.8121598362922668,0.40394226,-0.09848877,0.04911218,0.2142072,0.1697645,-0.043124214,-0.02081742,0.0,0.0,0.0,0.0005882349796593189,0.0002941175,1.17647,False,3,0.4627062318845757,-0.0085055664439972,0.3094778133399433,0.5018621407057827,0.19170455870160327,0.11973667163205734,0.9995879131450662,0.005925662328955102,0.0009566541988950002,0.028070366550522124,0.28938544,-0.09596676,0.28934506,0.3958132624025615,4.042599175591022e-05,0.00015446999168489128,0.0005587580089922994,0.00024857299285940826,0.00014827799168415368,9.612800204195082e-05,0.0016435849975096062,0.018198682999354787,0.019842267996864393,50.39746465263077,0
214,4.300124764995417,-0.12887317339052373,-1.1247408253005524,0.6017745176898401,-1.4745366808823128,-1.9091656843768519,-0.8124073187457483,0.26056939363479614,-1.670878529548645,-0.7406359910964966,-0.4485499858856201,0.020833123475313187,-0.17427082359790802,0.24440225958824158,-1.3081493377685547,-0.5023979544639587,-0.12225286662578583,0.1250055730342865,-0.14072786271572113,1.1321550075338793,-3.1720618935045404,-0.7341108565217109,-0.18115781850979842,-0.07243611229876368,0.018316478334171292,-0.11267567,-1.128656,0.6038325,-1.466063,-1.9023312,-0.8140944,-0.11267567,-1.128656,0.6038325,-1.466063,-1.9023312,-0.8140944,-0.12887316942214966,-1.1247408390045166,0.6017745137214661,-1.474536657333374,-1.9091657400131226,-0.8124073147773743,0.40493762,-0.09787858,0.0514485,0.2118414,0.17086326,-0.042177755,-0.021774467,0.0,0.0,0.0,0.0005882349796593189,0.0002941175,1.17647,False,3,0.46248235996963233,-0.007218375006764879,0.30936148728949797,0.5018411319665517,0.1916468389189161,0.11966251801767065,0.9995846613679631,0.005627639583788777,0.001463666630743835,0.028226726943836825,0.28938544,-0.09596676,0.28934506,0.3957918211990147,4.227200406603515e-05,0.0001144379930337891,0.0004912910080747679,0.00027320400113239884,0.0001594540080986917,9.926898928824812e-05,0.001507710010628216,0.018340588998398744,0.01984829900902696,50.382151112556414,0
215,4.320136518988875,-0.12666112581361944,-1.125316546564438,0.6020262877093714,-1.4733627674034615,-1.9082601706134241,-0.8126586119281214,0.22486481070518494,-1.6468896865844727,-0.7173844575881958,-0.39794090390205383,0.0296024102717638,-0.1551956832408905,0.24402490258216858,-1.3063678741455078,-0.5017879009246826,-0.12212727963924408,0.12511581182479858,-0.14064350724220276,1.1766472181868126,-2.9661258313999763,-0.7783577905567844,-0.17858489140536032,-0.07137350287820836,0.01617476807531244,-0.11042437,-1.1292255,0.60414445,-1.4649954,-1.9013731,-0.8143207,-0.11042437,-1.1292255,0.60414445,-1.4649954,-1.9013731,-0.8143207,-0.12666112184524536,-1.1253165006637573,0.6020262837409973,-1.4733628034591675,-1.9082602262496948,-0.8126586079597473,0.4059188,-0.09772584,0.05295446,0.20918423,0.17217779,-0.041551746,-0.022424754,0.0,0.0,0.0,0.0005882349796593189,0.0002941175,1.17647,False,3,0.46225014944703924,-0.005959631192802732,0.3092725325227927,0.5018549326442686,0.19173076013069762,0.11973824538878149,0.9995867637855889,0.005209737152504097,0.0005766046721028971,0.028264442871309588,0.28938544,-0.09596676,0.28934506,0.39582776216288384,4.2027997551485896e-05,0.00011688900121953338,0.0004598910018103197,0.0002691870031412691,0.00015792700287420303,9.925599442794919e-05,0.0015162939962465316,0.018341810995480046,0.019858104991726577,50.35727227832802,0
216,4.3401070479885675,-0.12438661256899053,-1.1258750718883057,0.6022699514972132,-1.4721871775439759,-1.907299820576803,-0.8128698507892054,0.24532082676887512,-1.6019837856292725,-0.7049607634544373,-0.3954943120479584,0.03127279132604599,-0.15719464421272278,0.24440477788448334,-1.3048412799835205,-0.5011610388755798,-0.12215430289506912,0.12528905272483826,-0.1405438631772995,1.2943860988521039,-3.0518510364034643,-0.4744315518052544,-0.17524234362757168,-0.06500737729793767,0.01878935612286875,-0.10811347,-1.129782,0.6044659,-1.4639609,-1.9003567,-0.8145061,-0.10811347,-1.129782,0.6044659,-1.4639609,-1.9003567,-0.8145061,-0.12438661605119705,-1.1258751153945923,0.6022699475288391,-1.4721871614456177,-1.9072998762130737,-0.8128698468208313,0.4068288,-0.0976699,0.054899335,0.20565554,0.17358144,-0.04090668,-0.02323601,0.0,0.0,0.0,0.0005882349796593189,0.0002941175,1.17647,False,3,0.46202076332385134,-0.0046613854123924575,0.309174512253635,0.5018788113947533,0.19169827609824006,0.11977582348569937,0.9995888305487713,0.00550498007711506,0.0005369461987039764,0.028135344510795836,0.28938544,-0.09596676,0.28934506,0.3958008706347781,4.0879996959120035e-05,0.00011530298797879368,0.00046326899609994143,0.0002747220132732764,0.00015472900122404099,0.00010346199269406497,0.0014842040109215304,0.018337410991080105,0.019821615002001636,50.449975942879405,0
217,4.360132211993914,-0.12221032777895147,-1.1263914865306397,0.6025622526751917,-1.4709532123855134,-1.9063780943499964,-0.813124958668844,0.231952965259552,-1.655333399772644,-0.7249795198440552,-0.43996676802635193,0.04528052359819412,-0.16920261085033417,0.24423083662986755,-1.305296778678894,-0.5014326572418213,-0.12257445603609085,0.12531974911689758,-0.14056284725666046,1.2475369556768323,-2.9808388549523883,-0.7219808122844646,-0.17626285964330896,-0.07125231049205129,0.01640383507895441,-0.10586762,-1.1302972,0.60480136,-1.4628391,-1.899358,-0.81472546,-0.10586762,-1.1302972,0.60480136,-1.4628391,-1.899358,-0.81472546,-0.12221033126115799,-1.1263915300369263,0.6025622487068176,-1.4709532260894775,-1.906378149986267,-0.81312495470047,0.4085679,-0.09764142,0.05597819,0.2028515,0.17550167,-0.040012743,-0.023903921,0.0,0.0,0.0,0.0005882349796593189,0.0002941175,1.17647,False,3,0.4617785897004772,-0.003417118661591584,0.3090329915815999,0.5018375610296961,0.19173701011116462,0.11966434706062501,0.9995844284297556,0.005710527358750375,0.0009379731160337583,0.02823934222318215,0.28938544,-0.09596676,0.28934506,0.3958546510419208,4.514498868957162e-05,0.00014403200475499034,0.0006027990020811558,0.0003091589896939695,0.00017250901146326214,0.00012504500045906752,0.001790773996617645,0.017996504000620916,0.01978727799723856,50.53752214627784,0
218,4.380130168996402,-0.11996013322939092,-1.1269416970065613,0.6028388182269495,-1.4698666346124192,-1.905435864125387,-0.8133752981769007,0.27349287271499634,-1.6281719207763672,-0.7198300957679749,-0.3798736035823822,-0.013980045914649963,-0.1824004203081131,0.24488791823387146,-1.3055846691131592,-0.5016571283340454,-0.12301472574472427,0.12548314034938812,-0.14048442244529724,1.1190409607938636,-3.1022941918898677,-0.7108655810799754,-0.17478201248210098,-0.06386147778253598,0.019719153350006888,-0.10357532,-1.1308333,0.60516524,-1.4618757,-1.8983808,-0.8149418,-0.10357532,-1.1308333,0.60516524,-1.4618757,-1.8983808,-0.8149418,-0.11996013671159744,-1.1269416809082031,0.6028388142585754,-1.4698666334152222,-1.9054359197616577,-0.8133752942085266,0.40962037,-0.09729067,0.058160294,0.19977431,0.17637794,-0.039163683,-0.024653018,0.0,0.0,0.0,0.0005882349796593189,0.0002941175,1.17647,False,3,0.4615546461514854,-0.002137691646376866,0.3089362749088027,0.5019106841272958,0.19177733884237658,0.11966678145358867,0.9995959708482091,0.005628424969723794,0.001566294041614756,0.027815788297755134,0.28938544,-0.09596676,0.28934506,0.3959221657879064,4.45649930043146e-05,0.0001301949960179627,0.000530531004187651,0.000291300006210804,0.00016850201063789427,0.00016316700202878565,0.001682018002611585,0.018131258999346755,0.01981327700195834,50.471206751975465,0
219,4.400132647991995,-0.11772758165468389,-1.1274429422668,0.6031611601458948,-1.4686609742096444,-1.904454533253805,-0.8135951201068323,0.2575368583202362,-1.6676691770553589,-0.7281132936477661,-0.40620020031929016,0.0025861943140625954,-0.17830634117126465,0.24416612088680267,-1.3041999340057373,-0.5012983083724976,-0.12290327250957489,0.12562444806098938,-0.14048393070697784,1.3496613051945077,-2.9646269009721236,-0.6981562269637157,-0.17766846121384589,-0.07714043302189405,0.01654993923464522,-0.10128802,-1.131332,0.605527,-1.4607873,-1.8973068,-0.8151319,-0.10128802,-1.131332,0.605527,-1.4607873,-1.8973068,-0.8151319,-0.11772758513689041,-1.1274429559707642,0.6031611561775208,-1.4686609506607056,-1.9044545888900757,-0.8135951161384583,0.41098917,-0.09722795,0.059146315,0.19684003,0.17869553,-0.038419113,-0.02543813,0.0,0.0,0.0,0.0005882349796593189,0.0002941175,1.17647,False,3,0.4613138787832298,-0.0008569545014554675,0.3087781673383073,0.5018764730161352,0.1917624757006796,0.11973755790787928,0.9995900422280136,0.005923903097526652,0.0010565633253645213,0.02799177789907957,0.28938544,-0.09596676,0.28934506,0.39586267100774536,6.659500650130212e-05,0.00012520099699031562,0.0005367439880501479,0.00028182299865875393,0.00016434599820058793,0.00020397199841681868,0.001731769007164985,0.018122665991540998,0.019854434998705983,50.36658056827984,0
220,4.420129601989174,-0.11549598375429326,-1.1279932421496888,0.6034725348102015,-1.467518189256527,-1.90348989168276,-0.8138106505023401,0.2620283365249634,-1.641739845275879,-0.7244504690170288,-0.4224914312362671,-0.0025275498628616333,-0.16283130645751953,0.24430996179580688,-1.3035691976547241,-0.5010924935340881,-0.12320520728826523,0.12562774121761322,-0.14053846895694733,1.204919448011579,-2.957716061786059,-0.727992826079719,-0.17853334602879614,-0.07639356995945895,0.01749925110047131,-0.0990206,-1.1318702,0.60593677,-1.459792,-1.8963026,-0.8153181,-0.0990206,-1.1318702,0.60593677,-1.459792,-1.8963026,-0.8153181,-0.11549598723649979,-1.1279932260513306,0.6034725308418274,-1.4675182104110718,-1.9034899473190308,-0.8138106465339661,0.41188464,-0.09692279,0.061606236,0.1931535,0.17968383,-0.037686072,-0.026161881,0.0,0.0,0.0,0.0005882349796593189,0.0002941175,1.17647,False,3,0.4610719767343948,0.000418300617091992,0.3086584717192872,0.5018548288813999,0.1917326470509766,0.11975324822085444,0.9995854266418113,0.005261604212986515,0.00046105041920073707,0.028302589492972964,0.28938544,-0.09596676,0.28934506,0.3958226496730696,3.9874998037703335e-05,0.00011641699529718608,0.0004793150001205504,0.0002730129926931113,0.00015400801203213632,9.517600119579583e-05,0.0014850409934297204,0.018365440002526157,0.019850480995955877,50.376613050521506,0
221,4.440092927994556,-0.11317855516542608,-1.1285646718791504,0.6037653128253382,-1.4664264258793374,-1.9025395552264612,-0.8140376249896448,0.24708396196365356,-1.6460599899291992,-0.7500821948051453,-0.392776221036911,-0.002552894875407219,-0.18382790684700012,0.24422088265419006,-1.301971673965454,-0.500572144985199,-0.12313950806856155,0.12592215836048126,-0.1404925137758255,1.3474671179627693,-3.0515973865042794,-0.5242908773650102,-0.17989488462208245,-0.07648661602309317,0.018598005095197538,-0.09667411,-1.1324213,0.6063116,-1.4588207,-1.8952938,-0.8155129,-0.09667411,-1.1324213,0.6063116,-1.4588207,-1.8952938,-0.8155129,-0.1131785586476326,-1.128564715385437,0.6037653088569641,-1.4664263725280762,-1.902539610862732,-0.8140376210212708,0.41261137,-0.09641377,0.06365782,0.19014104,0.1811444,-0.036881663,-0.027119927,0.0,0.0,0.0,0.0005882349796593189,0.0002941175,1.17647,False,3,0.4608318599103053,0.0017282627393812589,0.3085648541446757,0.5018774559695609,0.1917644538407371,0.11977609676432807,0.9995955705912615,0.005615074159074228,0.0006984687575635022,0.027867896669599858,0.28938544,-0.09596676,0.28934506,0.3958481260590996,4.012300632894039e-05,0.00011142500443384051,0.00047995400382205844,0.0005815840122522786,0.00017835501057561487,0.00018705098773352802,0.0019123689999105409,0.017904655003803782,0.019817024003714323,50.46166365911294,0
222,4.460126954989391,-0.11095029512514287,-1.1290567380240937,0.6041143576251429,-1.465355434720852,-1.901527229939596,-0.8142374197589319,0.25818681716918945,-1.6679282188415527,-0.7190291285514832,-0.4102703928947449,0.01509966142475605,-0.189432755112648,0.24390551447868347,-1.3014862537384033,-0.5002638697624207,-0.12320851534605026,0.12604495882987976,-0.14041510224342346,1.1795851022021637,-3.0496890381318247,-0.5781701175714181,-0.17971793100971212,-0.06982544879259617,0.01927671891906308,-0.094414875,-1.1329017,0.6067245,-1.4578956,-1.8941935,-0.81568664,-0.094414875,-1.1329017,0.6067245,-1.4578956,-1.8941935,-0.81568664,-0.1109502986073494,-1.129056692123413,0.6041143536567688,-1.465355396270752,-1.9015272855758667,-0.8142374157905579,0.41338554,-0.09612424,0.065254144,0.18649316,0.18334515,-0.036230404,-0.028035745,0.0,0.0,0.0,0.0005882349796593189,0.0002941175,1.17647,False,3,0.46060381525777533,0.0030083875580337524,0.30841438240511,0.5018740852125928,0.19171971308226995,0.11975662275960683,0.999581305247218,0.005347665870767784,0.0005871915846846437,0.028430968653178998,0.28938544,-0.09596676,0.28934506,0.39582214001644245,6.56180054647848e-05,0.00011919200187548995,0.0005217669968260452,0.00027366800350137055,0.0001526529958937317,9.953699191100895e-05,0.001566363003803417,0.01831160999427084,0.019877972998074256,50.30694025476734,0
223,4.480134361991077,-0.10866290727724248,-1.1295876961997529,0.6044190565692347,-1.4642525923303147,-1.9005807081805628,-0.8144686857806605,0.2770349085330963,-1.6744312047958374,-0.7256014943122864,-0.39608463644981384,0.01529771089553833,-0.18858101963996887,0.24492749571800232,-1.3018426895141602,-0.5004264712333679,-0.12357649952173233,0.12604285776615143,-0.140395388007164,1.365918460717355,-2.9197054929957496,-0.7141915022477381,-0.16676973594788602,-0.07173640275659623,0.01471463795708432,-0.09208166,-1.1334141,0.6071298,-1.4569169,-1.8932045,-0.8158764,-0.09208166,-1.1334141,0.6071298,-1.4569169,-1.8932045,-0.8158764,-0.108662910759449,-1.1295876502990723,0.6044190526008606,-1.4642525911331177,-1.9005807638168335,-0.8144686818122864,0.41453135,-0.0956637,0.067768835,0.1833907,0.18440801,-0.035193875,-0.028973898,0.0,0.0,0.0,0.0005882349796593189,0.0002941175,1.17647,False,3,0.46035946576665143,0.004301329836487469,0.3082968250737711,0.5018668689421465,0.1916848600688223,0.11977665803437175,0.999582578111386,0.006252170601838081,0.001667559319368934,0.028156128734822247,0.28938544,-0.09596676,0.28934506,0.39578435095622855,4.0714992792345583e-05,0.00011342999641783535,0.0007124600087990984,0.00026573600189294666,0.00015690800501033664,9.756399958860129e-05,0.0017072839982574806,0.018151886004488915,0.019859170002746396,50.354571709779734,0
224,4.500081346996012,-0.10639506975282842,-1.1301151675036927,0.6048091093646448,-1.4631655749729653,-1.8995750586139124,-0.8146560827838343,0.17536725103855133,-1.6587169170379639,-0.7627483010292053,-0.4405606985092163,0.0004578102380037308,-0.19568949937820435,0.24409399926662445,-1.3000767230987549,-0.4999069273471832,-0.12382011115550995,0.12633219361305237,-0.14033964276313782,1.2953525942128987,-2.8111594927401216,-0.6065987880323171,-0.16957771947389788,-0.07487625725634796,0.013616710809901563,-0.08979446,-1.1339185,0.6075946,-1.4559878,-1.8921105,-0.81603795,-0.08979446,-1.1339185,0.6075946,-1.4559878,-1.8921105,-0.81603795,-0.10639507323503494,-1.1301151514053345,0.6048091053962708,-1.463165521621704,-1.899575114250183,-0.8146560788154602,0.41501543,-0.09508348,0.06963767,0.17944223,0.18661477,-0.034546725,-0.029914137,0.0,0.0,0.0,0.0005882349796593189,0.0002941175,1.17647,False,3,0.4601123508200988,0.005597521875818606,0.3081462854084538,0.5018248415734702,0.19170539217702334,0.1195917599839888,0.9995837057933216,0.0058034759517512765,0.0020229718570783516,0.0281888770228631,0.28938544,-0.09596676,0.28934506,0.3958559670974592,3.936199937015772e-05,0.0001146549911936745,0.00046851699880789965,0.00027266499819234014,0.0001514710020273924,9.761800174601376e-05,0.0014710670075146481,0.0183306580001954,0.019801725007710047,50.50065080747448,0
225,4.520130441000219,-0.10407764116396123,-1.130638913517334,0.6051414648639124,-1.4621229332736512,-1.8985307852374476,-0.8148472944842737,0.23488713800907135,-1.6461578607559204,-0.7597957253456116,-0.4126603901386261,-0.03478888049721718,-0.17687784135341644,0.24463434517383575,-1.2993850708007812,-0.4997986853122711,-0.12387953698635101,0.12634605169296265,-0.14022807776927948,1.2118544691208382,-3.082876807591377,-0.6482425366877501,-0.1748606582957105,-0.07490913526870224,0.017360531251423873,-0.08745584,-1.1344248,0.6080363,-1.4550686,-1.8910394,-0.8161954,-0.08745584,-1.1344248,0.6080363,-1.4550686,-1.8910394,-0.8161954,-0.10407764464616776,-1.1306389570236206,0.6051414608955383,-1.462122917175293,-1.8985308408737183,-0.8148472905158997,0.41554523,-0.094645776,0.072369955,0.17635858,0.18728529,-0.033704076,-0.03093289,0.0,0.0,0.0,0.0005882349796593189,0.0002941175,1.17647,False,3,0.4598749068552734,0.006922803418154162,0.3080194190379377,0.5018677153932405,0.19174737846944187,0.11971364571360739,0.9995872770992212,0.005581397006604916,0.0015267761592293305,0.028139749574387085,0.28938544,-0.09596676,0.28934506,0.39585724306430825,8.279200119432062e-05,0.00014033500337973237,0.0005654760025208816,0.000324405002174899,0.0002604530018288642,0.00010895599552895874,0.0019495469896355644,0.017929265013663098,0.019878812003298663,50.30481699983185,0
226,4.540106279993779,-0.10179359117616826,-1.1311428409865876,0.6055010000811976,-1.4610919517329712,-1.8975375334369105,-0.8150542418109339,0.19399207830429077,-1.6832741498947144,-0.7511528730392456,-0.4292805790901184,-0.016519850119948387,-0.1855187565088272,0.2442103922367096,-1.2983134984970093,-0.4992707669734955,-0.12390871345996857,0.12649255990982056,-0.13726744055747986,1.3761593642413885,-2.780983995841862,-0.4444251869413184,-0.16970162414900622,-0.07506995758099155,0.014337773617348643,-0.08513373,-1.1349221,0.6084473,-1.4541974,-1.8899404,-0.8163756,-0.08513373,-1.1349221,0.6084473,-1.4541974,-1.8899404,-0.8163756,-0.10179359465837479,-1.1311428546905518,0.6055009961128235,-1.4610919952392578,-1.8975375890731812,-0.8150542378425598,0.41649657,-0.09448354,0.073657624,0.17236581,0.1899302,-0.033035114,-0.031845137,0.0,0.0,0.0,0.0005882349796593189,0.0002941175,1.17647,False,3,0.45963427508501414,0.008220214329441276,0.30787966966064106,0.501855404805163,0.19169994388316983,0.11973301984603124,0.9995895039317862,0.005513511913019492,0.0008950046643449862,0.028101251724887644,0.28938544,-0.09596676,0.28934506,0.39580785739438745,4.451900895219296e-05,0.0001375379943056032,0.0005518859979929402,0.0003333409986225888,0.00018359199748374522,0.00012618199980352074,0.0018895339890150353,0.017927238004631363,0.019816771993646398,50.46230538054419,0
227,4.560132856990094,-0.09947139421571904,-1.1316849154284974,0.6058843771563929,-1.4601042431643982,-1.8964923063861292,-0.815254036580221,0.25674012303352356,-1.6835790872573853,-0.7554711103439331,-0.4379086494445801,-0.009025085717439651,-0.20159903168678284,0.24472114443778992,-1.2979975938796997,-0.49915891885757446,-0.12406818568706512,0.12671546638011932,-0.1334390640258789,1.150996648306248,-3.081232213484862,-0.5863019173884297,-0.17759780994386315,-0.07195159599995114,0.01773064368873137,-0.08283278,-1.1354474,0.6089237,-1.4533702,-1.888834,-0.8165605,-0.08283278,-1.1354474,0.6089237,-1.4533702,-1.888834,-0.8165605,-0.09947139769792557,-1.1316848993301392,0.6058843731880188,-1.46010422706604,-1.8964923620224,-0.8152540326118469,0.4159654,-0.09406312,0.07598193,0.16835086,0.19145997,-0.032661248,-0.033100493,0.0,0.0,0.0,0.0005882349796593189,0.0002941175,1.17647,False,3,0.45939205108580916,0.009545667185892663,0.30775282125500825,0.5018907519303341,0.19173015467609936,0.11978194918897538,0.9995863963465395,0.00527759907707886,0.0008211369826780966,0.02825844070335033,0.28938544,-0.09596676,0.28934506,0.39582782646452364,6.323200068436563e-05,0.0001330539962509647,0.0006133840070106089,0.0003787079913308844,0.000226881995331496,0.0001565950078656897,0.0019646959990495816,0.017801936002797447,0.01976663200184703,50.59030794454808,0
228,4.5801270339870825,-0.09718829790224248,-1.132157341842987,0.6062982718097132,-1.4591440495899697,-1.895487133656637,-0.8154404799090784,0.24743229150772095,-1.6671828031539917,-0.7530535459518433,-0.4257422983646393,0.018910225480794907,-0.19012805819511414,0.2448025792837143,-1.297633409500122,-0.4994170665740967,-0.12438075989484787,0.12690258026123047,-0.12978291511535645,1.1187623976851524,-2.909973648773649,-0.7563769444575659,-0.16827433292296506,-0.0762242039845057,0.015006340687294669,-0.080520056,-1.135887,0.6094411,-1.4525589,-1.8877697,-0.81670845,-0.080520056,-1.135887,0.6094411,-1.4525589,-1.8877697,-0.81670845,-0.097188301384449,-1.132157325744629,0.6062982678413391,-1.4591439962387085,-1.8954871892929077,-0.8154404759407043,0.4167061,-0.09324137,0.07857017,0.16462748,0.19293697,-0.031699967,-0.034064893,0.0,0.0,0.0,0.0005882349796593189,0.0002941175,1.17647,False,3,0.4591576288744545,0.01084204542429374,0.3075910920504483,0.5019068961227127,0.191712001062907,0.11976603065603986,0.9995842682170605,0.005771273086298841,0.0011167901531611553,0.028225710646756434,0.28938544,-0.09596676,0.28934506,0.3958301193889547,4.3230989831499755e-05,0.00012978300219401717,0.0005276869924273342,0.00028971300343982875,0.0001661870046518743,0.00011291699775028974,0.0016200800018850714,0.018193230993347242,0.019813310995232314,50.47112015960535,0
229,4.6001356880005915,-0.09487706819643194,-1.1327158373645325,0.6066749731646937,-1.4581060719541092,-1.8944342772113245,-0.8156288305865687,0.24761715531349182,-1.6562167406082153,-0.7650235295295715,-0.4544668197631836,0.03360781446099281,-0.19703403115272522,0.24447154998779297,-1.2974390983581543,-0.49939462542533875,-0.12476625293493271,0.12708987295627594,-0.12760509550571442,1.1743345749406313,-2.976121772897461,-0.5531801436095225,-0.17274819593909163,-0.07769389737211714,0.01748454522052792,-0.07819899,-1.1364219,0.60991913,-1.4516867,-1.886648,-0.81686926,-0.07819899,-1.1364219,0.60991913,-1.4516867,-1.886648,-0.81686926,-0.09487707167863846,-1.1327158212661743,0.6066749691963196,-1.4581060409545898,-1.8944343328475952,-0.8156288266181946,0.416952,-0.092652984,0.08110361,0.16048242,0.19465537,-0.031010723,-0.035127714,0.0,0.0,0.0,0.0005882349796593189,0.0002941175,1.17647,False,3,0.45889723249504427,0.012163262861799175,0.3074655520656719,0.5018719526790761,0.19169445106482078,0.11975648704783641,0.9995891382197354,0.005757015047994656,0.0011710150769168126,0.028053851605617845,0.28938544,-0.09596676,0.28934506,0.395802693069008,6.181100616231561e-05,0.00011462299153208733,0.00045261200284585357,0.0003495799901429564,0.00016959199274424464,0.00010243200813420117,0.0015736810019006953,0.018275472000823356,0.01984915300272405,50.37998346139819,0
230,4.620129926988739,-0.09253818193544561,-1.133274958734848,0.6070974508868616,-1.4571778935245057,-1.893400017415182,-0.815796200429098,0.2381111979484558,-1.6499156951904297,-0.7535340785980225,-0.455186128616333,0.04573576897382736,-0.1855681836605072,0.2440686970949173,-1.2952585220336914,-0.49843987822532654,-0.12489199638366699,0.1271103024482727,-0.1258518397808075,1.349220571208565,-3.03078019372949,-0.5917429518898911,-0.16694113698853408,-0.07294273003239776,0.014229354445961961,-0.075834215,-1.1369524,0.6104396,-1.4509174,-1.8855377,-0.81699926,-0.075834215,-1.1369524,0.6104396,-1.4509174,-1.8855377,-0.81699926,-0.09253818541765213,-1.1332749128341675,0.6070974469184875,-1.4571778774261475,-1.8934000730514526,-0.8157961964607239,0.4175992,-0.091936864,0.08355361,0.15651198,0.1965594,-0.03007717,-0.03625183,0.0,0.0,0.0,0.0005882349796593189,0.0002941175,1.17647,False,3,0.4586471993166807,0.013490565252027485,0.3073441406961174,0.5018675931803556,0.19165513181058308,0.11975031713701642,0.9995807657287894,0.005187123514983541,0.0005090171644687241,0.028480516011386504,0.28938544,-0.09596676,0.28934506,0.39577442087478576,4.498100315686315e-05,0.00012610999692697078,0.0005721850029658526,0.00028019200544804335,0.00015312599134631455,9.377200331073254e-05,0.001652439997997135,0.01819366100244224,0.019846101000439376,50.38773107009084,0
231,4.640092741989065,-0.09026700655092412,-1.1337706011584778,0.6074984709369105,-1.4562855300358315,-1.8923161665545862,-0.8159526030169886,0.25315457582473755,-1.6089073419570923,-0.7279002666473389,-0.44579917192459106,0.04141785949468613,-0.20126840472221375,0.2442682534456253,-1.2958396673202515,-0.49872222542762756,-0.12495048344135284,0.1272306591272354,-0.12321221083402634,1.3112700676969462,-2.938132363094525,-0.6210878797136575,-0.17092716057105317,-0.06803470802947392,0.02097155316425011,-0.073565714,-1.1374264,0.61094195,-1.4501988,-1.8843944,-0.81713337,-0.073565714,-1.1374264,0.61094195,-1.4501988,-1.8843944,-0.81713337,-0.09026701003313065,-1.1337705850601196,0.6074984669685364,-1.4562854766845703,-1.892316222190857,-0.8159525990486145,0.41753244,-0.09139555,0.08608765,0.15216757,0.19804494,-0.029519387,-0.037287664,0.0,0.0,0.0,0.0005882349796593189,0.0002941175,1.17647,False,3,0.4584139779941683,0.01479524344856386,0.30720420181431185,0.501869597371265,0.19170882123179978,0.1197412749296044,0.9995901550464567,0.005397117224224056,0.0008207260182082412,0.028102156455039055,0.28938544,-0.09596676,0.28934506,0.39581839070933394,3.94730013795197e-05,0.00011428300058469176,0.0004807560035260394,0.00036998599534854293,0.00022114500461611897,9.967699588742107e-05,0.0016460610058857128,0.018169389994000085,0.019815450999885798,50.46566944177871,0
232,4.660133825993398,-0.0879600683795374,-1.134324387913086,0.6079490820514124,-1.455381565993168,-1.8912542502032679,-0.8161547819720667,0.24810245633125305,-1.6600236892700195,-0.7212586998939514,-0.4500753879547119,0.08290132135152817,-0.19677558541297913,0.24501827359199524,-1.2962895631790161,-0.498802125453949,-0.1252281218767166,0.12739156186580658,-0.12018986791372299,1.345364528168727,-2.8358399254571163,-0.5091088191540295,-0.16454953685068865,-0.0690143399660928,0.015494377387797038,-0.07123395,-1.1379625,0.61146945,-1.4494693,-1.8832432,-0.8173044,-0.07123395,-1.1379625,0.61146945,-1.4494693,-1.8832432,-0.8173044,-0.08796007186174393,-1.1343244314193726,0.6079490780830383,-1.4553815126419067,-1.8912543058395386,-0.8161547780036926,0.4181531,-0.09094967,0.08800931,0.14780383,0.20027767,-0.028740458,-0.038360976,0.0,0.0,0.0,0.0005882349796593189,0.0002941175,1.17647,False,3,0.4581609496640182,0.016111830466971594,0.3070730698529014,0.50186603556377,0.19168631511214504,0.11977563631428756,0.9995821084586524,0.005412168277958339,0.0011401605181198791,0.028372021055430695,0.28938544,-0.09596676,0.28934506,0.3957853988019789,5.7616998674348e-05,0.00011762299982365221,0.0005248209927231073,0.0002483790012774989,0.00015566400543320924,9.929000225383788e-05,0.0015212180005619302,0.018370272999163717,0.019891490999725647,50.272752304681056,0
233,4.680090920999646,-0.08565694490541631,-1.1348162156394501,0.6084120909320276,-1.4544739064625283,-1.890177075062887,-0.8163378874408167,0.24605323374271393,-1.6485605239868164,-0.7436065673828125,-0.5029813647270203,0.05897542089223862,-0.2032819390296936,0.24391357600688934,-1.2951769828796387,-0.49862346053123474,-0.12562890350818634,0.1275576800107956,-0.11603993922472,1.061990866508218,-2.764985367212086,-0.4247133436162235,-0.1614032701466594,-0.07310786092105254,0.014109416457819105,-0.0689279,-1.1384339,0.6120286,-1.4487616,-1.8820906,-0.8174634,-0.0689279,-1.1384339,0.6120286,-1.4487616,-1.8820906,-0.8174634,-0.08565694838762283,-1.1348161697387695,0.6084120869636536,-1.454473853111267,-1.8901771306991577,-0.8163378834724426,0.41822627,-0.09044444,0.09041344,0.14280806,0.20216529,-0.028137777,-0.039446127,0.0,0.0,0.0,0.0005882349796593189,0.0002941175,1.17647,False,3,0.4579128587391158,0.017428383179734698,0.30690796408929416,0.5018542530820677,0.19169388455493275,0.1197428090629323,0.9995896187047845,0.005560022370286464,0.001352049448462099,0.02806886343829844,0.28938544,-0.09596676,0.28934506,0.3957986405028866,4.0180995711125433e-05,0.0001191440096590668,0.0004886480019195005,0.00028691299667116255,0.00022048200480639935,0.0001010979904094711,0.0015905320033198223,0.018213492003269494,0.019804024006589316,50.49478831510575,0
234,4.700134577986319,-0.08336192766298467,-1.1352926653674622,0.6089037100421351,-1.4536186021617432,-1.8890450636493128,-0.8164742628680628,0.24449563026428223,-1.6544079780578613,-0.7401546239852905,-0.470134973526001,0.03273753076791763,-0.2066168487071991,0.24412894248962402,-1.2953863143920898,-0.4988224506378174,-0.12595640122890472,0.12776592373847961,-0.11259618401527405,1.2454041473506934,-2.8368765590956135,-0.554883720530902,-0.1670946532665337,-0.07420998815863651,0.016266649393891365,-0.06664192,-1.138864,0.6126377,-1.4480555,-1.8808911,-0.81756794,-0.06664192,-1.138864,0.6126377,-1.4480555,-1.8808911,-0.81756794,-0.08336193114519119,-1.135292649269104,0.608903706073761,-1.4536186456680298,-1.8890451192855835,-0.8164742588996887,0.4180003,-0.089284256,0.09334982,0.13907786,0.2038511,-0.027342312,-0.04073354,0.0,0.0,0.0,0.0005882349796593189,0.0002941175,1.17647,False,3,0.45767304162293715,0.018751666138860007,0.3067311143033796,0.5018800218823847,0.19172026886043167,0.11971668908269402,0.9995874941809805,0.005835583290782131,0.00034248912782178275,0.028119892036342253,0.28938544,-0.09596676,0.28934506,0.3958428418784609,7.022000500001013e-05,0.0001303149911109358,0.0005346130055841058,0.000293763994704932,0.00016551799490116537,0.0002007899893214926,0.001753717995597981,0.018121714994776994,0.019875432990374975,50.313369297879824,0
235,4.720140732999425,-0.08102733293642217,-1.1358036261847992,0.6093433539019983,-1.4528098863414307,-1.8879597822772425,-0.8166106382953089,0.28200840950012207,-1.6218373775482178,-0.6983587741851807,-0.4848118722438812,0.05605519190430641,-0.2165389209985733,0.24372026324272156,-1.2939493656158447,-0.49825555086135864,-0.12603363394737244,0.12793183326721191,-0.11114616692066193,1.1644794053960288,-2.876609235495566,-0.47976416113067244,-0.1680099958576825,-0.07991118894419363,0.014810897616607359,-0.06428935,-1.1393473,0.61318135,-1.4474407,-1.8797328,-0.8176733,-0.06428935,-1.1393473,0.61318135,-1.4474407,-1.8797328,-0.8176733,-0.08102733641862869,-1.1358035802841187,0.6093433499336243,-1.4528099298477173,-1.8879598379135132,-0.8166106343269348,0.41844976,-0.0885933,0.09595038,0.13422997,0.20567611,-0.026566718,-0.04167751,0.0,0.0,0.0,0.0005882349796593189,0.0002941175,1.17647,False,3,0.4574323311397179,0.020081284660104858,0.3065994735743984,0.5018353797990792,0.1916845544465389,0.11978222553739865,0.9995936919634527,0.005183976824434167,0.0005675357182575691,0.028022333603955805,0.28938544,-0.09596676,0.28934506,0.39576483901114534,4.39870054833591e-05,0.00012639700435101986,0.0005199849983910099,0.00028045399812981486,0.00016771501395851374,0.00011083600111305714,0.00159759700181894,0.018229134002467617,0.019826731004286557,50.43695805343801,0
236,4.740107257995987,-0.07874757448305303,-1.1362800759128113,0.6098225752459925,-1.4519737523845215,-1.8868349234210413,-0.8167851606952112,0.27362433075904846,-1.6471009254455566,-0.7064133286476135,-0.4512787461280823,0.05568091943860054,-0.18507468700408936,0.24308450520038605,-1.2914904356002808,-0.4972466826438904,-0.12591087818145752,0.1282048523426056,-0.10926815867424011,1.3284668836687108,-2.8877581824418836,-0.46144672527092057,-0.1672485798433382,-0.07446293735745096,0.017862393639622325,-0.062028132,-1.1397945,0.61375433,-1.4467961,-1.878518,-0.81782615,-0.062028132,-1.1397945,0.61375433,-1.4467961,-1.878518,-0.81782615,-0.07874757796525955,-1.1362800598144531,0.6098225712776184,-1.451973795890808,-1.886834979057312,-0.8167851567268372,0.4179861,-0.08785946,0.09829449,0.12944219,0.20792563,-0.026024228,-0.04305072,0.0,0.0,0.0,0.0005882349796593189,0.0002941175,1.17647,False,3,0.4571885512997537,0.02139388736716087,0.3064312193731309,0.5018666687996759,0.19168030302743855,0.11974845220645385,0.9995883885676202,0.005448074359584602,0.0008059304407067512,0.028155073090790534,0.28938544,-0.09596676,0.28934506,0.3957930168390514,4.071999865118414e-05,0.00011366499529685825,0.00045512799988500774,0.0003113910061074421,0.0001727920025587082,0.0001174890057882294,0.0015293859905796126,0.01829374000953976,0.019823126000119373,50.446130443502106,0
237,4.76008132599236,-0.07639724413026983,-1.1368411940387269,0.6103680769549769,-1.4511971485665818,-1.8857219854937952,-0.8169367949115198,0.27807554602622986,-1.6559816598892212,-0.7246277928352356,-0.46296826004981995,0.07408195734024048,-0.19707639515399933,0.24389512836933136,-1.2915196418762207,-0.4975639581680298,-0.1263091117143631,0.12833818793296814,-0.10504893958568573,1.3022496065710807,-2.843058394801774,-0.5505195607315398,-0.16574426255338784,-0.07007617428739052,0.019097789330558473,-0.05966103,-1.1403158,0.6143887,-1.4461887,-1.8773108,-0.81794053,-0.05966103,-1.1403158,0.6143887,-1.4461887,-1.8773108,-0.81794053,-0.07639724761247635,-1.1368411779403687,0.6103680729866028,-1.4511971473693848,-1.885722041130066,-0.8169367909431458,0.4184054,-0.08686542,0.100516245,0.12521042,0.2102821,-0.02509405,-0.04425112,0.0,0.0,0.0,0.0005882349796593189,0.0002941175,1.17647,False,3,0.45693147362614955,0.02273574542684581,0.3062891526596193,0.5018515541860256,0.19168565566293502,0.1197692648476707,0.999586339670559,0.005472442069009936,0.0005661870091807613,0.02822904116466962,0.28938544,-0.09596676,0.28934506,0.39577987513085816,5.68630057387054e-05,0.00012165600492153317,0.0005218370060902089,0.0004455210000742227,0.0002391909947618842,0.00011790999269578606,0.001830056993640028,0.017994378998992033,0.01982443599263206,50.442796979024244,0
238,4.780086109996773,-0.07406169572939092,-1.137250916366913,0.6108682791339319,-1.4504569333842774,-1.884604279194967,-0.8171151320086878,0.2583106458187103,-1.6456871032714844,-0.7105167508125305,-0.45740410685539246,0.0579562708735466,-0.18915337324142456,0.24298273026943207,-1.2905055284500122,-0.49747225642204285,-0.12652140855789185,0.12851449847221375,-0.10095503181219101,1.1122824203589963,-2.9190723420719635,-0.44687463910196845,-0.1645472647827215,-0.07192323006847912,0.014944531425631319,-0.057335027,-1.1407014,0.61500925,-1.4456663,-1.8761307,-0.8180943,-0.057335027,-1.1407014,0.61500925,-1.4456663,-1.8761307,-0.8180943,-0.07406169921159744,-1.1372509002685547,0.6108682751655579,-1.450456976890564,-1.8846043348312378,-0.8171151280403137,0.41816685,-0.086262465,0.10352463,0.119765215,0.21184193,-0.024479523,-0.04539382,0.0,0.0,0.0,0.0005882349796593189,0.0002941175,1.17647,False,3,0.45670345362077325,0.024068520920781877,0.3061003134685795,0.5019061971465116,0.19167546882274414,0.1198117813538162,0.9995851480698825,0.005239867815945141,0.00041174907467990613,0.02831824905481461,0.28938544,-0.09596676,0.28934506,0.3957835948247996,4.024500958621502e-05,0.00012096900900360197,0.00048690599214751273,0.00030009700276423246,0.00015908799832686782,9.469498763792217e-05,0.0016546929982723668,0.018205557003966533,0.0198602500022389,50.3518334304587,0
239,4.800081751993275,-0.07176667848695928,-1.1377655130675812,0.6114113966571253,-1.4497233641198655,-1.8834479490863245,-0.8172314802752894,0.22508394718170166,-1.6439317464828491,-0.7399235963821411,-0.46749842166900635,0.056547123938798904,-0.20823994278907776,0.24417254328727722,-1.291488766670227,-0.4976615905761719,-0.12676437199115753,0.128733292222023,-0.09847868978977203,1.1911357331327779,-2.7664194154447745,-0.6814401093951562,-0.1634304254313579,-0.0723960224397543,0.01511695197554495,-0.05505778,-1.1411772,0.6156485,-1.4451337,-1.8748847,-0.8181877,-0.05505778,-1.1411772,0.6156485,-1.4451337,-1.8748847,-0.8181877,-0.0717666819691658,-1.1377655267715454,0.6114113926887512,-1.4497233629226685,-1.8834480047225952,-0.8172314763069153,0.41772255,-0.08529187,0.10592751,0.11474129,0.21408285,-0.023905316,-0.04665277,0.0,0.0,0.0,0.0005882349796593189,0.0002941175,1.17647,False,3,0.456456260522535,0.025391866288259922,0.3059427733513705,0.501869524168685,0.19173782927962973,0.11971647269041268,0.9995967823845683,0.005915808088092999,0.0011998528804435795,0.027745287556095594,0.28938544,-0.09596676,0.28934506,0.3958500621352526,6.710698653478175e-05,0.00011425100092310458,0.000483098003314808,0.0002952030044980347,0.00017444000695832074,0.00022446800721809268,0.0017932439950527623,0.018059170004562475,0.019852413999615237,50.37170794541063,0
240,4.820077439988381,-0.06943208376039678,-1.1382807952216645,0.611974064503805,-1.4490272638252755,-1.8822906653033655,-0.8173554579364222,0.24996018409729004,-1.6496531963348389,-0.7460587024688721,-0.46121153235435486,0.050853047519922256,-0.1966826319694519,0.2440997213125229,-1.2893773317337036,-0.4969617426395416,-0.12701824307441711,0.1287887543439865,-0.09636282920837402,1.403046774412184,-2.799848802079948,-0.45482460505825806,-0.1640201839025106,-0.07269454626613203,0.01564459105750934,-0.052736647,-1.1416464,0.6163178,-1.4446276,-1.8736436,-0.81828207,-0.052736647,-1.1416464,0.6163178,-1.4446276,-1.8736436,-0.81828207,-0.0694320872426033,-1.1382807493209839,0.6119740605354309,-1.4490272998809814,-1.8822907209396362,-0.8173554539680481,0.41738603,-0.08414185,0.10859364,0.10999106,0.2161785,-0.023165982,-0.047967866,0.0,0.0,0.0,0.0005882349796593189,0.0002941175,1.17647,False,3,0.456209110309768,0.02673223976252899,0.3057851440910827,0.5018764786534587,0.19175455715687,0.11972995093972819,0.9995907353237004,0.005667850302193259,0.0007641681272358362,0.028029393476439436,0.28938544,-0.09596676,0.28934506,0.39586017786376076,3.998600004706532e-05,0.0002380439982516691,0.0006658960046479478,0.00027791700267698616,0.00015271200390998274,9.094100096262991e-05,0.0018054399988614023,0.018046058001345955,0.019851498000207357,50.37403222616019,0
241,4.840072929990129,-0.06712419191469365,-1.138779805307724,0.6125410238849085,-1.4483308282545586,-1.8810747305499476,-0.817514721547262,0.23321792483329773,-1.5941075086593628,-0.7253901958465576,-0.45618224143981934,0.06283848732709885,-0.18965764343738556,0.2435223013162613,-1.289239525794983,-0.4970620274543762,-0.1273384988307953,0.12896405160427094,-0.09497085213661194,1.2774877081796536,-2.7169066276708316,-0.3184576778131436,-0.16479467165442152,-0.07954987229873542,0.012661478680343227,-0.05046275,-1.1421012,0.6170202,-1.444137,-1.8723577,-0.8184179,-0.05046275,-1.1421012,0.6170202,-1.444137,-1.8723577,-0.8184179,-0.06712419539690018,-1.1387797594070435,0.6125410199165344,-1.4483308792114258,-1.8810747861862183,-0.8175147175788879,0.41653615,-0.08303466,0.1119794,0.10484678,0.21792573,-0.022579258,-0.049367663,0.0,0.0,0.0,0.0005882349796593189,0.0002941175,1.17647,False,3,0.45596329154636406,0.028072500430206322,0.305614941183036,0.50186179435402,0.19174699401531184,0.1197188248902219,0.9995912826919442,0.005748170764862479,0.0011182434704010806,0.02798244355171542,0.28938544,-0.09596676,0.28934506,0.3958515661063742,3.902199387084693e-05,0.00021726900013163686,0.0006855180108686909,0.0003738280065590516,0.000254664002568461,0.0002187630016123876,0.0021180629992159083,0.017736868001520634,0.019854931000736542,50.36532234551225,0
242,4.860105662999558,-0.06483155885805303,-1.139235184793808,0.6130846182452601,-1.447685719733574,-1.8799179236041468,-0.8176501433001917,0.2548288404941559,-1.635109782218933,-0.7221239805221558,-0.43502500653266907,0.008276749402284622,-0.19780747592449188,0.24356576800346375,-1.2893134355545044,-0.49697062373161316,-0.12757182121276855,0.1291918158531189,-0.09161161631345749,1.2281994830894425,-2.7566707906546504,-0.33785437226247095,-0.16339070359686997,-0.07402966199853038,0.01461278265328424,-0.048167255,-1.1425167,0.61769336,-1.4437048,-1.8711247,-0.81851745,-0.048167255,-1.1425167,0.61769336,-1.4437048,-1.8711247,-0.81851745,-0.06483156234025955,-1.1392351388931274,0.613084614276886,-1.447685718536377,-1.8799179792404175,-0.8176501393318176,0.4166077,-0.08203903,0.115218535,0.09952331,0.21982996,-0.021682946,-0.050559327,0.0,0.0,0.0,0.0005882349796593189,0.0002941175,1.17647,False,3,0.45572846734383377,0.02939060669658959,0.30544596122735335,0.5018716784584356,0.1916876718047572,0.11972097303418347,0.9995856689395282,0.005560579332974778,0.0018242169140255079,0.02818196208588766,0.28938544,-0.09596676,0.28934506,0.39581283694797564,6.036099512130022e-05,0.00011840398656204343,0.0005989580095047131,0.0002879310050047934,0.0001509040012024343,0.00010081900109071285,0.001738054008455947,0.018141751002985984,0.01987980501144193,50.302304244153525,0
243,4.880092583989608,-0.06250936189760381,-1.1397061210921784,0.6136959234820765,-1.4470675972155114,-1.8787291685687464,-0.8177817503558558,0.2573954463005066,-1.6130201816558838,-0.7417538166046143,-0.44116339087486267,0.07384120672941208,-0.18619447946548462,0.2429574728012085,-1.2887635231018066,-0.49665606021881104,-0.12770527601242065,0.1294712871313095,-0.0883735865354538,1.4684279158379123,-2.902884693472231,-0.4120524741897357,-0.1613662178378941,-0.07598277873762746,0.015751690726076784,-0.045863107,-1.1429548,0.61836374,-1.4432886,-1.8698157,-0.81862915,-0.045863107,-1.1429548,0.61836374,-1.4432886,-1.8698157,-0.81862915,-0.06250936537981033,-1.1397061347961426,0.6136959195137024,-1.4470676183700562,-1.878729224205017,-0.8177817463874817,0.41615653,-0.081215866,0.11669532,0.09447762,0.22283709,-0.02118473,-0.051990654,0.0,0.0,0.0,0.0005882349796593189,0.0002941175,1.17647,False,3,0.4554878023732657,0.030728659851354513,0.3052629384858553,0.5018998882213694,0.19169466961354875,0.11978301982133724,0.9995834607750645,0.0054541387572700755,0.0008431468571752095,0.02832755976662623,0.28938544,-0.09596676,0.28934506,0.3958064825176082,0.0001531859888928011,0.00011682900367304683,0.0005385870026657358,0.0003078649897361174,0.00015252998855430633,0.00013430499529931694,0.0018465799948899075,0.017996716997004114,0.01984329699189402,50.3948512391111,0
244,4.900092268988374,-0.06020242372621709,-1.1401148599437256,0.614356819783346,-1.4464871522835274,-1.8775275389300745,-0.8179014364825647,0.2700802683830261,-1.6672075986862183,-0.7420023679733276,-0.45428651571273804,0.057391583919525146,-0.194935604929924,0.24281418323516846,-1.2877652645111084,-0.49653083086013794,-0.12793615460395813,0.129573255777359,-0.08646746724843979,1.1584301174968406,-2.640462785094381,-0.5509012047973932,-0.15889784302856205,-0.07708176569079245,0.013035103587523678,-0.043588296,-1.1433203,0.61915857,-1.4429427,-1.8685508,-0.8187265,-0.043588296,-1.1433203,0.61915857,-1.4429427,-1.8685508,-0.8187265,-0.060202423483133316,-1.1401149034500122,0.6143568158149719,-1.4464871883392334,-1.8775275945663452,-0.8179014325141907,0.41535324,-0.08013623,0.1200444,0.088610016,0.22441907,-0.020626538,-0.053228486,0.0,0.0,0.0,0.0005882349796593189,0.0002941175,1.17647,False,3,0.4552567269905607,0.03206104860226063,0.30504010368247475,0.5018983019772927,0.1916937930318117,0.11978655901591176,0.9995868670155936,0.005170912471859673,0.0006047544854321577,0.028265888369060632,0.28938544,-0.09596676,0.28934506,0.395803477594141,5.958399560768157e-05,0.00012969999806955457,0.0005908949970034882,0.0002920889965025708,0.00015125799109227955,0.00020432600285857916,0.0018625709926709533,0.017992003995459527,0.01985457498813048,50.36622544667025,0
245,4.920100254996214,-0.05791169801820928,-1.1405975979617615,0.6149209181415003,-1.4459414792111893,-1.8763154188739222,-0.8180211226092737,0.25662776827812195,-1.6118221282958984,-0.7212210297584534,-0.43397319316864014,0.048125382512807846,-0.1927282214164734,0.2430410534143448,-1.2874623537063599,-0.4967981278896332,-0.12824179232120514,0.129799947142601,-0.0842207819223404,1.2368439618130054,-2.711155564086341,-0.4309651246129774,-0.16087918763075185,-0.07512988780433423,0.013944584573006073,-0.041308604,-1.1437404,0.6198522,-1.4425972,-1.8672543,-0.81880945,-0.041308604,-1.1437404,0.6198522,-1.4425972,-1.8672543,-0.81880945,-0.057911697775125504,-1.1405975818634033,0.6149209141731262,-1.44594144821167,-1.8763154745101929,-0.8180211186408997,0.4150773,-0.07856994,0.123282015,0.08360885,0.22653143,-0.01970763,-0.054511674,0.0,0.0,0.0,0.0005882349796593189,0.0002941175,1.17647,False,3,0.4550239473166068,0.03338755072189398,0.30489009623241314,0.501849131112234,0.1916849713488883,0.11976505962739327,0.9995898247892718,0.005659991133086681,0.0012100166440328678,0.028048789668244846,0.28938544,-0.09596676,0.28934506,0.3957798787942646,6.489400402642787e-05,0.00023092298943083733,0.0005502860003616661,0.0002812689926940948,0.00015027400513645262,9.42430051509291e-05,0.0016865450015757233,0.018175479999626987,0.01986202500120271,50.34733366509441,0
246,4.9400785969919525,-0.05560523668398076,-1.1410695177367707,0.6155484358416956,-1.445388526921608,-1.8750947157489222,-0.8181436697589319,0.25750109553337097,-1.6187669038772583,-0.7325749397277832,-0.42199671268463135,0.05795843526721001,-0.19781148433685303,0.2425437569618225,-1.2850384712219238,-0.4956936240196228,-0.12838511168956757,0.12995260953903198,-0.08217062801122665,1.143717412963792,-2.730675837115231,-0.5116493537805129,-0.1611876159833699,-0.07535001787015243,0.014979885617701832,-0.03902082,-1.1441735,0.6205707,-1.4422466,-1.8659353,-0.8189064,-0.03902082,-1.1441735,0.6205707,-1.4422466,-1.8659353,-0.8189064,-0.05560523644089699,-1.1410695314407349,0.6155484318733215,-1.4453885555267334,-1.8750947713851929,-0.8181436657905579,0.4146104,-0.07759953,0.12555788,0.07854935,0.22898534,-0.019069467,-0.05590364,0.0,0.0,0.0,0.0005882349796593189,0.0002941175,1.17647,False,3,0.45478296634421617,0.03472258025249026,0.30471147592357994,0.5018607259428598,0.19173653531813653,0.11974964209054915,0.9995879930358605,0.005281605197549705,0.0008842753237307559,0.028198936601728158,0.28938544,-0.09596676,0.28934506,0.3958301863069807,0.00011064599675592035,0.00011781600187532604,0.0006041229935362935,0.0004373900010250509,0.00025506000383757055,0.00012348699965514243,0.00209241799893789,0.017722471995512024,0.019814889994449914,50.46709824178165,0
247,4.960122416989179,-0.053301636372701466,-1.1415093702128907,0.6162117163287562,-1.4448750776103516,-1.8738773504840296,-0.8182404677020472,0.2714051604270935,-1.6510602235794067,-0.697295069694519,-0.41789510846138,0.056359853595495224,-0.20369258522987366,0.24256344139575958,-1.2852988243103027,-0.4960741102695465,-0.1287371814250946,0.13006781041622162,-0.07951337844133377,1.3076599254076795,-2.757929600078331,-0.352663128060441,-0.16125254612214468,-0.07757725808051359,0.015324111887089192,-0.036747776,-1.1445634,0.6213864,-1.4419767,-1.864653,-0.8189757,-0.036747776,-1.1445634,0.6213864,-1.4419767,-1.864653,-0.8189757,-0.05330163612961769,-1.1415094137191772,0.6162117123603821,-1.4448751211166382,-1.8738774061203003,-0.8182404637336731,0.41384646,-0.07634947,0.1293674,0.072460376,0.23060933,-0.018380223,-0.0571678,0.0,0.0,0.0,0.0005882349796593189,0.0002941175,1.17647,False,3,0.4545472003757732,0.036054251169933285,0.3045129165551539,0.5018473848935289,0.19171308936065412,0.11971125042286934,0.9995844571922132,0.005356250255903179,0.0011516661352462254,0.02830025980471991,0.28938544,-0.09596676,0.28934506,0.3958224355062238,6.0915001085959375e-05,0.00012433699157554656,0.0005140510038472712,0.0003306019934825599,0.00017152899818029255,0.00013595601194538176,0.0018169760005548596,0.018077480999636464,0.019894457000191323,50.26525730209088,0
248,4.980086186988046,-0.050995651875631154,-1.141971157198288,0.6169016996966761,-1.444370226269104,-1.8725937048541468,-0.8183520475970667,0.2654137909412384,-1.6053829193115234,-0.7400569915771484,-0.43460872769355774,0.033881496638059616,-0.18395490944385529,0.2427322268486023,-1.2858258485794067,-0.49657243490219116,-0.1289595663547516,0.13027624785900116,-0.07645496726036072,1.1754416027541215,-2.709249800500771,-0.4959817665738999,-0.16067233445356377,-0.06941776437120596,0.017183541345094873,-0.034470167,-1.1449889,0.6221447,-1.4417137,-1.863238,-0.81906784,-0.034470167,-1.1449889,0.6221447,-1.4417137,-1.863238,-0.81906784,-0.05099565163254738,-1.1419711112976074,0.616901695728302,-1.4443702697753906,-1.8725937604904175,-0.8183520436286926,0.41313714,-0.075444646,0.13107541,0.06641464,0.23389326,-0.017895455,-0.058795538,0.0,0.0,0.0,0.0005882349796593189,0.0002941175,1.17647,False,3,0.45430615585026773,0.03740130910271848,0.30431234175254673,0.5018697478418599,0.1916424582388421,0.11979072816906514,0.9995823611964904,0.005566205565520898,0.0009453259614539158,0.028340926693300416,0.28938544,-0.09596676,0.28934506,0.39574905215454154,4.609399184118956e-05,0.0001173149939859286,0.0005305749946273863,0.0002856310020433739,0.0002867440052796155,0.000106641004094854,0.001887805003207177,0.01792839299014304,0.019816197993350215,50.46376708264487,0
249,5.00015746698773,-0.048731629048482716,-1.1423954230597992,0.6176102797137659,-1.4439081710628052,-1.8713563124286097,-0.8184717337237757,0.2689736485481262,-1.6485967636108398,-0.7414977550506592,-0.4461401402950287,0.0716865062713623,-0.17741034924983978,0.24257469177246094,-1.284974455833435,-0.49609118700027466,-0.12913532555103302,0.13034890592098236,-0.07344581931829453,1.14139659770361,-2.6713433160968876,-0.5923679073475441,-0.1560264607968579,-0.07290970532003221,0.016017160377842274,-0.032235183,-1.1453463,0.6229923,-1.4414563,-1.8619286,-0.8191542,-0.032235183,-1.1453463,0.6229923,-1.4414563,-1.8619286,-0.8191542,-0.04873162880539894,-1.1423953771591187,0.6176102757453918,-1.4439082145690918,-1.8713563680648804,-0.8184717297554016,0.4124111,-0.07377207,0.13455018,0.06129677,0.23569568,-0.017061364,-0.060140785,0.0,0.0,0.0,0.0005882349796593189,0.0002941175,1.17647,False,3,0.4540727149164404,0.03871754219318424,0.3040987439499929,0.50187236908153,0.1917085371187691,0.11971592088467223,0.9995805778539584,0.005526196763841412,0.0014833247239704772,0.028388261550320544,0.28938544,-0.09596676,0.28934506,0.3958305366976775,5.341200449038297e-05,0.00021608899987768382,0.000601116000325419,0.00026088299637194723,0.00027526498888619244,0.00010902099893428385,0.001938589004566893,0.017989731990383007,0.0199283209949499,50.179842057613044,0
250,5.020124725997448,-0.04646045366396123,-1.1427288216403504,0.6183279196368616,-1.443560392861702,-1.8700597921954554,-0.8185833136187952,0.2721231281757355,-1.6619833707809448,-0.7539306879043579,-0.41850125789642334,0.001788916066288948,-0.20324230194091797,0.2427550107240677,-1.2854491472244263,-0.49636223912239075,-0.12945660948753357,0.13076384365558624,-0.07007250189781189,1.1236741303356217,-2.6520586992175907,-0.38329988358210487,-0.15578907759389557,-0.07162351020970525,0.014801224812268574,-0.029972438,-1.1456276,0.623822,-1.4413167,-1.8605443,-0.8192321,-0.029972438,-1.1456276,0.623822,-1.4413167,-1.8605443,-0.8192321,-0.04646045342087746,-1.1427288055419922,0.6183279156684875,-1.4435603618621826,-1.870059847831726,-0.8185833096504211,0.4122004,-0.07246978,0.13735141,0.05609067,0.23788665,-0.01621948,-0.061349593,0.0,0.0,0.0,0.0005882349796593189,0.0002941175,1.17647,False,3,0.45387045474703336,0.040048043645693004,0.3038564266880438,0.5018658495595307,0.1917051009188524,0.1197451596746834,0.9995835501900209,0.005435994286808052,0.000728699327485236,0.028331809717155657,0.28938544,-0.09596676,0.28934506,0.395812010358699,3.9655002183280885e-05,0.0001145550049841404,0.0004885900125373155,0.00028045399812981486,0.0001800600002752617,9.22110048122704e-05,0.0016089299897430465,0.01819703500950709,0.019805964999250136,50.48983980522335,0
251,5.040134134993423,-0.04411775270570928,-1.1432189506343384,0.6190498510943812,-1.4431710702231904,-1.868810002003805,-0.8186906019793909,0.2333446890115738,-1.6083279848098755,-0.7513760328292847,-0.40781283378601074,0.04331786558032036,-0.17535798251628876,0.24194620549678802,-1.2836699485778809,-0.49562039971351624,-0.12943944334983826,0.13092827796936035,-0.06762704253196716,1.2367219807114749,-2.648297657046678,-0.39755285202312274,-0.15285145991133353,-0.0682895342791231,0.01469174881789613,-0.027673988,-1.14606,0.6246596,-1.4411812,-1.8591956,-0.81931776,-0.027673988,-1.14606,0.6246596,-1.4411812,-1.8591956,-0.81931776,-0.044117752462625504,-1.143218994140625,0.6190498471260071,-1.4431710243225098,-1.8688100576400757,-0.8186905980110168,0.41109413,-0.07102593,0.14024366,0.049746152,0.24036047,-0.01567837,-0.062803775,0.0,0.0,0.0,0.0005882349796593189,0.0002941175,1.17647,False,3,0.45362805603859385,0.04140126462415939,0.30367981196143845,0.50183420407572,0.1917130750738867,0.11971034562763039,0.9995889902541951,0.005674422606369892,0.0009089004969541243,0.028086406008771686,0.28938544,-0.09596676,0.28934506,0.39581573810030957,4.688999615609646e-05,0.00011575499956961721,0.0005816399934701622,0.00028270699840504676,0.00037333900399971753,0.00019665500440169126,0.0020198519923724234,0.01785313400614541,0.019872985998517834,50.31956446175637,0
252,5.060161817993503,-0.041814629231588185,-1.1436698299697419,0.6197741667376917,-1.4428046506694336,-1.8674963156329554,-0.8187549749957483,0.22583067417144775,-1.6167500019073486,-0.7609419226646423,-0.4266543388366699,0.040498245507478714,-0.1861894279718399,0.24178089201450348,-1.281057357788086,-0.4948929250240326,-0.1296532303094864,0.1311195343732834,-0.06550039350986481,1.3300149441462858,-2.608319531735468,-0.42404588534683885,-0.15422540795029593,-0.07406582202622862,0.016495780136047706,-0.025429815,-1.1464534,0.62551796,-1.4410583,-1.8577969,-0.8193629,-0.025429815,-1.1464534,0.62551796,-1.4410583,-1.8577969,-0.8193629,-0.04181462898850441,-1.143669843673706,0.6197741627693176,-1.4428046941757202,-1.867496371269226,-0.8187549710273743,0.40962037,-0.06958842,0.14359504,0.04365936,0.24248809,-0.015197582,-0.06439377,0.0,0.0,0.0,0.0005882349796593189,0.0002941175,1.17647,False,3,0.4533952942623927,0.042749743170611046,0.30348465794319207,0.5018616120302909,0.1916810232396524,0.11973447794557604,0.999585573437433,0.005852830601645168,0.000874082137326808,0.0281713329338201,0.28938544,-0.09596676,0.28934506,0.39579681374535836,4.2261002818122506e-05,0.0001205890002893284,0.0005078449903521687,0.00027745100669562817,0.00018315900524612516,0.0001414419966749847,0.00175807299092412,0.018114666003384627,0.019872738994308747,50.32018989865387,0
253,5.080084775996511,-0.03951627412904912,-1.1440229576877137,0.6205199400531214,-1.4425059121898194,-1.8662150541888636,-0.8188584486590784,0.1731020212173462,-1.5700281858444214,-0.7396323084831238,-0.405194491147995,0.03869334235787392,-0.19418536126613617,0.24278734624385834,-1.282626748085022,-0.4955882728099823,-0.13023196160793304,0.13126036524772644,-0.06354419887065887,1.255226203101925,-2.7802973391142487,-0.18764232407709636,-0.15161174980169312,-0.0754044920113997,0.011352201302995177,-0.023152927,-1.1467398,0.6263826,-1.4409903,-1.8564135,-0.81943226,-0.023152927,-1.1467398,0.6263826,-1.4409903,-1.8564135,-0.81943226,-0.03951627388596535,-1.1440229415893555,0.6205199360847473,-1.442505955696106,-1.8662151098251343,-0.8188584446907043,0.40908366,-0.06792281,0.14656651,0.03789119,0.24504073,-0.014345048,-0.06579306,0.0,0.0,0.0,0.0005882349796593189,0.0002941175,1.17647,False,3,0.4531826341709504,0.044087027368716315,0.3032515215893154,0.5018528452320294,0.1916703604547543,0.11969859749871806,0.9995817783255947,0.0059405738991908045,0.0008408690686722011,0.02828820417251552,0.28938544,-0.09596676,0.28934506,0.39579973589086803,3.9063001167960465e-05,0.00011629299842752516,0.0005075099907116964,0.00028583100356627256,0.00028574799944180995,0.00010476898751221597,0.0017690670065348968,0.017986478997045197,0.019755546003580093,50.618697140477934,0
254,5.100086616992485,-0.037252251301900685,-1.1444453460029145,0.6212990919696253,-1.442172886138298,-1.8648737112628382,-0.8189662138568323,0.2547242045402527,-1.6351290941238403,-0.742434024810791,-0.4090704619884491,0.05102456361055374,-0.18069522082805634,0.24256595969200134,-1.2834240198135376,-0.495863139629364,-0.1305805891752243,0.13144131004810333,-0.06131291016936302,1.289911448828716,-2.564637985216444,-0.4380970878338267,-0.15237625534083937,-0.07370084857187953,0.01661620046838524,-0.020938758,-1.1471254,0.62724066,-1.4408934,-1.8549702,-0.81952757,-0.020938758,-1.1471254,0.62724066,-1.4408934,-1.8549702,-0.81952757,-0.03725225105881691,-1.1444453001022339,0.6212990880012512,-1.442172884941101,-1.8648737668991089,-0.8189662098884583,0.40783733,-0.06700104,0.14853929,0.031987585,0.24759002,-0.014033758,-0.06736255,0.0,0.0,0.0,0.0005882349796593189,0.0002941175,1.17647,False,3,0.45295061890392246,0.04542240596852014,0.30302877694615327,0.5019015102810528,0.19175090090218444,0.119717801650859,0.9995823778967973,0.005924966414988556,0.0014416695588262785,0.02824605806781219,0.28938544,-0.09596676,0.28934506,0.3958761632633234,5.304999649524689e-05,0.00011576199904084206,0.0005020300013711676,0.0002752169966697693,0.00017924999701790512,9.463599417358637e-05,0.0016314759996021166,0.018222579004941508,0.019854055004543625,50.36754455304716,0
255,5.120152336996398,-0.03498584428896123,-1.144801215534546,0.6220691839801233,-1.4419401300004502,-1.863525692616598,-0.8190496603595179,0.23866797983646393,-1.603905439376831,-0.7602261304855347,-0.4261428117752075,0.06219562888145447,-0.18763065338134766,0.24267832934856415,-1.2816647291183472,-0.49551498889923096,-0.13073471188545227,0.13162869215011597,-0.057957667857408524,1.388882359635709,-2.4815099542047996,-0.4149890773675605,-0.14957754571943824,-0.07968862532396392,0.010060400110326797,-0.018709017,-1.147409,0.62812406,-1.4409016,-1.8535169,-0.8195819,-0.018709017,-1.147409,0.62812406,-1.4409016,-1.8535169,-0.8195819,-0.03498584404587746,-1.1448012590408325,0.6220691800117493,-1.441940188407898,-1.8635257482528687,-0.8190496563911438,0.4069207,-0.065193474,0.15137205,0.02596334,0.2502201,-0.013306903,-0.06884455,0.0,0.0,0.0,0.0005882349796593189,0.0002941175,1.17647,False,3,0.45274302133164956,0.04675868939138069,0.30279576019551857,0.5018758289036075,0.19167230664073232,0.11973051784256052,0.9995823620893536,0.005292035414516546,0.0013789155290604347,0.028376067297788753,0.28938544,-0.09596676,0.28934506,0.39579980834827333,5.288299871608615e-05,0.00011805399844888598,0.0005044129939051345,0.00028876100259367377,0.00017367200052831322,9.411800419911742e-05,0.001646712000365369,0.018272383997100405,0.019919095997465774,50.203081511692396,0
256,5.140133331995457,-0.032722298298971,-1.145234928732254,0.6228926817523401,-1.4416902524283906,-1.8621605078326624,-0.8191054503070276,0.2222551703453064,-1.6765342950820923,-0.7503200173377991,-0.4315181076526642,0.02624545246362686,-0.18181616067886353,0.24209628999233246,-1.2823057174682617,-0.4960747957229614,-0.1309180110692978,0.131894052028656,-0.055841635912656784,1.3372543438113493,-2.6153233099458255,-0.554869639893608,-0.1513530166222202,-0.07481800205190763,0.012590081281030351,-0.016474495,-1.1477827,0.62906814,-1.4408938,-1.852065,-0.8196102,-0.016474495,-1.1477827,0.62906814,-1.4408938,-1.852065,-0.8196102,-0.03272229805588722,-1.1452349424362183,0.6228926777839661,-1.44169020652771,-1.862160563468933,-0.8191054463386536,0.4061951,-0.06369489,0.15438604,0.019910574,0.25238982,-0.012617685,-0.07013428,0.0,0.0,0.0,0.0005882349796593189,0.0002941175,1.17647,False,3,0.45251345590636666,0.048097596208433346,0.30257558620957004,0.5018775798392521,0.19171842992014793,0.11978414720494662,0.9995917601520777,0.005219211717657663,0.0010074424989380555,0.028072541997744498,0.28938544,-0.09596676,0.28934506,0.39581129150614175,5.8353005442768335e-05,0.00011789301061071455,0.0005905019934289157,0.00028783699963241816,0.00028876699798274785,0.00019301599240861833,0.0019627540023066103,0.017882807995192707,0.019845561997499317,50.38909959445881,0
257,5.160133606987074,-0.03045541444887334,-1.1455724996379395,0.623702351246969,-1.441527010207512,-1.8608315626727503,-0.8192084471331995,0.2432965636253357,-1.6141750812530518,-0.7610983848571777,-0.4380480647087097,0.0625562071800232,-0.18153932690620422,0.24157603085041046,-1.280806064605713,-0.4957875907421112,-0.1462392508983612,0.13222035765647888,-0.05482381954789162,1.2836415561443726,-2.5880240419776004,-0.24107844010138513,-0.1499844313007618,-0.07361282757741416,0.013049123199873607,-0.014254384,-1.1480391,0.6300059,-1.4409522,-1.8506373,-0.8196817,-0.014254384,-1.1480391,0.6300059,-1.4409522,-1.8506373,-0.8196817,-0.030455414205789566,-1.145572543144226,0.623702347278595,-1.441527009010315,-1.860831618309021,-0.8192084431648254,0.40502575,-0.061665162,0.15758818,0.014369322,0.25485608,-0.011832244,-0.07170248,0.0,0.0,0.0,0.0005882349796593189,0.0002941175,1.17647,False,3,0.4523092182248781,0.049428208651172596,0.3023338983120647,0.5018865343526853,0.1917156189297779,0.11971495542107238,0.9995829730054632,0.005644924986966513,0.001587854046935368,0.028276326178291372,0.28938544,-0.09596676,0.28934506,0.3958437014400176,4.1723003960214555e-05,0.00012019100540783256,0.0004852129932260141,0.000266025002929382,0.00015357199299614877,0.00010140000085812062,0.001514251998742111,0.018330945997149684,0.019845197995891795,50.39002383382683,0
258,5.180130722990725,-0.028177563344137013,-1.1459439557841797,0.6245644728290003,-1.4413798314384003,-1.8594735304461878,-0.8192608992206019,0.23487034440040588,-1.6018844842910767,-0.7772945165634155,-0.4315166175365448,0.044926244765520096,-0.17145638167858124,0.2417222410440445,-1.2813351154327393,-0.49590590596199036,-0.16806554794311523,0.13245290517807007,-0.052234310656785965,1.447249861262682,-2.4891847654726265,-0.368194761670529,-0.15056167366490178,-0.08003233458725578,0.013083828552883089,-0.012014687,-1.1483493,0.6309746,-1.4410573,-1.8491764,-0.8197099,-0.012014687,-1.1483493,0.6309746,-1.4410573,-1.8491764,-0.8197099,-0.028177563101053238,-1.1459439992904663,0.6245644688606262,-1.4413797855377197,-1.8594735860824585,-0.8192608952522278,0.4040719,-0.06013124,0.1602526,0.008061215,0.2574303,-0.011224922,-0.07314151,0.0,0.0,0.0,0.0005882349796593189,0.0002941175,1.17647,False,3,0.45209525991756494,0.050769987830103835,0.30209031345822335,0.5018917893953253,0.19170209012740758,0.11972691595773152,0.9995877148402179,0.005321276684471015,0.0009310505360279962,0.028200049934268466,0.28938544,-0.09596676,0.28934506,0.3958315651865169,4.9686001148074865e-05,0.00011339600314386189,0.00045284899533726275,0.0002525480085751042,0.0001508249988546595,9.62650083238259e-05,0.0014417179918382317,0.018407846000627615,0.019849563992465846,50.378940332370156,0
259,5.200129418997676,-0.025962177907125294,-1.1463262897780915,0.625380818043844,-1.4412364822677155,-1.8580616156207483,-0.8193209807025355,0.25148263573646545,-1.6264485120773315,-0.7625731229782104,-0.42595550417900085,0.07640291750431061,-0.18437787890434265,0.2413782924413681,-1.2796802520751953,-0.495324045419693,-0.18919219076633453,0.1325397491455078,-0.048825863748788834,1.40033768188507,-2.5171149979373264,-0.3415143723939388,-0.14404286572585914,-0.07665676376849997,0.010384693010399626,-0.009825738,-1.1486679,0.63189554,-1.4411414,-1.8476657,-0.81974095,-0.009825738,-1.1486679,0.63189554,-1.4411414,-1.8476657,-0.81974095,-0.02596217766404152,-1.1463263034820557,0.62538081407547,-1.4412364959716797,-1.858061671257019,-0.8193209767341614,0.403411,-0.058540206,0.16286765,0.0023783064,0.25989982,-0.0104988525,-0.0745372,0.0,0.0,0.0,0.0005882349796593189,0.0002941175,1.17647,False,3,0.451884467180434,0.0520951079374958,0.3018652894513286,0.5018827671430234,0.19171936596047817,0.11980549471203651,0.9995858560198739,0.005355885338809565,0.000723242042666712,0.028264487222562584,0.28938544,-0.09596676,0.28934506,0.3958056122066917,3.991600533481687e-05,0.00011096701200585812,0.0004485749959712848,0.0002733250003075227,0.00015033800445962697,0.0001009379921015352,0.0014466059947153553,0.018407908006338403,0.019854514001053758,50.366380156518865,0
260,5.220133471986628,-0.023719135914937794,-1.1465925735286255,0.6262472311602991,-1.4411841493896027,-1.85663348833193,-0.8194235006915491,0.25069454312324524,-1.6497130393981934,-0.7624379992485046,-0.42119261622428894,0.07685911655426025,-0.17707687616348267,0.2417723834514618,-1.2795488834381104,-0.4953859746456146,-0.2117704451084137,0.13267304003238678,-0.04616105929017067,1.3946448450385116,-2.484024415383839,-0.36328151093144434,-0.1483988711650858,-0.0749749533877753,0.012898873635631154,-0.007631587,-1.1488566,0.63286805,-1.4413521,-1.8461213,-0.8198182,-0.007631587,-1.1488566,0.63286805,-1.4413521,-1.8461213,-0.8198182,-0.02371913567185402,-1.146592617034912,0.626247227191925,-1.441184163093567,-1.8566335439682007,-0.819423496723175,0.40218872,-0.05660157,0.16552004,-0.0041978965,0.26280606,-0.009867615,-0.0761167,0.0,0.0,0.0,0.0005882349796593189,0.0002941175,1.17647,False,3,0.45169858141171615,0.05343514450216086,0.3015849149059427,0.501897450480371,0.19169565953133372,0.11975376105931751,0.9995860366623815,0.005742618484211895,0.0012262810449394093,0.028165046381089718,0.28938544,-0.09596676,0.28934506,0.3958184283587917,7.721499423496425e-05,0.0001244449958903715,0.000495351996505633,0.00024572199617978185,0.00014963300782255828,0.00019396899733692408,0.001773202995536849,0.018095068997354247,0.019868271992891096,50.331503432095246,0
261,5.2401280849881005,-0.02149850526918584,-1.1469629567912598,0.6271341482745569,-1.4411281508258362,-1.8552196661578577,-0.8194802443133753,0.2341468632221222,-1.652573823928833,-0.7653526067733765,-0.4226570427417755,0.03377076983451843,-0.1788468062877655,0.24132950603961945,-1.2801061868667603,-0.4959249198436737,-0.23459632694721222,0.13296380639076233,-0.04241545870900154,1.2888099958920658,-2.406975415527412,-0.35500986432979686,-0.14509111063243538,-0.07282970779958502,0.015287461594459885,-0.0054427963,-1.1491483,0.6338544,-1.4415369,-1.8446004,-0.81984407,-0.0054427963,-1.1491483,0.6338544,-1.4415369,-1.8446004,-0.81984407,-0.021498505026102066,-1.1469630002975464,0.6271341443061829,-1.441128134727478,-1.8552197217941284,-0.8194802403450012,0.40139273,-0.05463509,0.16800594,-0.010218647,0.26548144,-0.009096013,-0.07752289,0.0,0.0,0.0,0.0005882349796593189,0.0002941175,1.17647,False,3,0.45149162843881585,0.05476176718967408,0.30134491304032107,0.5018944590105936,0.19170527489061123,0.11975934811788627,0.9995836144050337,0.005489092233424595,0.0007698800328891755,0.028317800968517427,0.28938544,-0.09596676,0.28934506,0.3958214165965291,3.872498928103596e-05,0.00011350699060130864,0.00048069600597955287,0.00026787900424096733,0.00015175100998021662,9.680300718173385e-05,0.0014653669932158664,0.01838460599537939,0.019849972988595255,50.37790230619191,0
262,5.260125827990123,-0.01926309267152959,-1.147281603222229,0.6280329863177698,-1.4410924476436158,-1.8538067976581019,-0.8195551077472132,0.2905961871147156,-1.6329748630523682,-0.7600504159927368,-0.46322473883628845,0.06740662455558777,-0.18801690638065338,0.24079526960849762,-1.2778337001800537,-0.4954816997051239,-0.2569325566291809,0.13337014615535736,-0.039499204605817795,1.1019507300916234,-2.419603335559322,-0.43534910894892365,-0.14817759724608068,-0.07515218393349557,0.013836292761872787,-0.0032686237,-1.149385,0.6348944,-1.4417255,-1.8431101,-0.8198957,-0.0032686237,-1.149385,0.6348944,-1.4417255,-1.8431101,-0.8198957,-0.019263092428445816,-1.1472816467285156,0.6280329823493958,-1.4410924911499023,-1.8538068532943726,-0.8195551037788391,0.39986172,-0.052584197,0.17153461,-0.015824936,0.2674182,-0.00851384,-0.07894944,0.0,0.0,0.0,0.0005882349796593189,0.0002941175,1.17647,False,3,0.45129022428200005,0.056094125827645724,0.3010812419758283,0.5018962710217741,0.19170457178387146,0.11977012995555418,0.9995827232260007,0.005229401586487625,0.0007764933669620953,0.028397602556241287,0.28938544,-0.09596676,0.28934506,0.39581725919232297,4.044700472149998e-05,0.00011653800902422518,0.00045937299728393555,0.0002750249987002462,0.00015174300642684102,9.739400411490351e-05,0.0014696500002173707,0.018380968991550617,0.019850618991767988,50.37626284675042,0
263,5.2801334529940505,-0.017028633748189748,-1.1476415556720276,0.6289141813861292,-1.4410660576871415,-1.8523648420916956,-0.8195722738849085,0.2954389750957489,-1.625205636024475,-0.7435035705566406,-0.47732263803482056,0.05971057713031769,-0.18648108839988708,0.2407994419336319,-1.2782988548278809,-0.4958430528640747,-0.28185486793518066,0.13361670076847076,-0.038144636899232864,1.1821385528284594,-2.5748975346384575,-0.07027490056507768,-0.1432926413266588,-0.0647773346744482,0.016655379688355964,-0.001077719,-1.1496701,0.63584995,-1.4419715,-1.8415364,-0.8198894,-0.001077719,-1.1496701,0.63584995,-1.4419715,-1.8415364,-0.8198894,-0.017028633505105972,-1.1476415395736694,0.6289141774177551,-1.441066026687622,-1.8523648977279663,-0.8195722699165344,0.39877287,-0.05071495,0.17339432,-0.02263872,0.270711,-0.007928413,-0.08054794,0.0,0.0,0.0,0.0005882349796593189,0.0002941175,1.17647,False,3,0.4510824175504494,0.057432232330531414,0.30084248243619577,0.5019001215164629,0.1916955061625659,0.119789029760972,0.9995808081757609,0.005699950167914787,0.0015273371595195624,0.02834432381888605,0.28938544,-0.09596676,0.28934506,0.39580464116475106,3.899000876117498e-05,0.00011434900807216763,0.0004583330010063946,0.0002801689988700673,0.00015165899822022766,0.00010194399510510266,0.001463069987948984,0.018399317006696947,0.01986238699464593,50.34641608128762,0
264,5.300125908994232,-0.01481658617128545,-1.1479493540576478,0.6298020521747034,-1.441088781957962,-1.85087758699526,-0.8196318785296839,0.28486043214797974,-1.6575769186019897,-0.7244394421577454,-0.5201384425163269,0.07074049860239029,-0.18771108984947205,0.24045708775520325,-1.2776153087615967,-0.4954550862312317,-0.30480632185935974,0.1336481273174286,-0.036182861775159836,1.2773974291102574,-2.304304551630359,-0.3698989057785469,-0.14266836597260082,-0.07604424464549961,0.010483929510142351,0.0010977406,-1.1499008,0.63688356,-1.4422493,-1.839966,-0.8199158,0.0010977406,-1.1499008,0.63688356,-1.4422493,-1.839966,-0.8199158,-0.014816585928201675,-1.1479493379592896,0.6298020482063293,-1.4410887956619263,-1.8508776426315308,-0.8196318745613098,0.39785817,-0.048786484,0.1770381,-0.029011773,0.27278888,-0.0070976834,-0.08195928,0.0,0.0,0.0,0.0005882349796593189,0.0002941175,1.17647,False,3,0.4508891256378877,0.05876979543093329,0.3005836698245004,0.5018730190266302,0.19164819988151646,0.1197633399125483,0.9995824068044502,0.0054278741002134565,0.0012627488481323625,0.028354474797777612,0.28938544,-0.09596676,0.28934506,0.3957667160328126,3.8883008528500795e-05,0.00011241300671827048,0.00047188698954414576,0.00027323000540491194,0.00014816700422670692,9.51000110944733e-05,0.001459149003494531,0.018387468997389078,0.01984661800088361,50.386418479736854,0
265,5.320127406987012,-0.012554470692769826,-1.148201124077179,0.6307676474200647,-1.4411209386638184,-1.849424187337057,-0.8196833769427698,0.21289411187171936,-1.5911823511123657,-0.7253177762031555,-0.6045989394187927,0.0705447643995285,-0.19916921854019165,0.2408921867609024,-1.2789777517318726,-0.4963945746421814,-0.3261949419975281,0.13388361036777496,-0.033878665417432785,1.246129964125698,-2.3640037489676184,-0.3244177778994407,-0.14128871827148423,-0.07404826509716639,0.013816558534273517,0.0033167042,-1.1500701,0.63789046,-1.4425169,-1.8383713,-0.8199457,0.0033167042,-1.1500701,0.63789046,-1.4425169,-1.8383713,-0.8199457,-0.01255447044968605,-1.1482011079788208,0.6307676434516907,-1.441120982170105,-1.8494242429733276,-0.8196833729743958,0.39677936,-0.046725452,0.17807071,-0.034897886,0.2763239,-0.0065575643,-0.08358176,0.0,0.0,0.0,0.0005882349796593189,0.0002941175,1.17647,False,3,0.45069199573621405,0.06012173689759459,0.30027648353514713,0.5018935523603497,0.19173710195340163,0.11974704135518731,0.9995976296476883,0.0056060791848061885,0.001064114192299346,0.027784168245766194,0.28938544,-0.09596676,0.28934506,0.395849334056201,3.934699634555727e-05,0.00011276399891357869,0.00046632699377369136,0.00023623199376743287,0.00015798599633853883,9.50009998632595e-05,0.0014213190006557852,0.01843410899164155,0.019855427992297336,50.364061675625294,0
266,5.340130399999907,-0.010354344044820607,-1.1485012036613007,0.631726090108053,-1.4412200909904023,-1.8479035536395472,-0.8197239081012171,0.217762753367424,-1.6335145235061646,-0.7137537598609924,-0.6612434983253479,0.06421971321105957,-0.19041945040225983,0.24084869027137756,-1.2785958051681519,-0.4964533746242523,-0.3474307358264923,0.13419348001480103,-0.02988451160490513,1.2231777108806066,-2.3518723299855147,-0.37832260817285945,-0.14706672930079656,-0.07527335090674622,0.015541074145875557,0.0054687634,-1.1502761,0.63897663,-1.442827,-1.8367585,-0.8199548,0.0054687634,-1.1502761,0.63897663,-1.442827,-1.8367585,-0.8199548,-0.010354343801736832,-1.1485011577606201,0.631726086139679,-1.4412200450897217,-1.8479036092758179,-0.819723904132843,0.39557767,-0.04437289,0.18126401,-0.04017387,0.27862895,-0.005772638,-0.08508439,0.0,0.0,0.0,0.0005882349796593189,0.0002941175,1.17647,False,3,0.4505015798275532,0.06146056523817536,0.3000009465412338,0.5018697889776932,0.19170776416339505,0.11976560524683648,0.9995868988992017,0.005560604070362214,0.0007849480032325091,0.02818599413175831,0.28938544,-0.09596676,0.28934506,0.3958073006279618,3.902000025846064e-05,0.0001164639979833737,0.0004724240134237334,0.0003355060034664348,0.0001554019981995225,0.00010198599193245173,0.001542971993330866,0.018311721010832116,0.019854693004162982,50.365926070492634,0
267,5.360077831996023,-0.008136574422017873,-1.1487730306437989,0.6326811949359339,-1.4413715165904541,-1.8464067617999476,-0.8197673002826136,0.23302119970321655,-1.6119318008422852,-0.719488799571991,-0.6830422282218933,0.05149445682764053,-0.19357340037822723,0.2415473312139511,-1.2773922681808472,-0.49638691544532776,-0.36773866415023804,0.13450206816196442,-0.026743805035948753,1.2933849061232343,-2.361811461101932,-0.28614180351362895,-0.14326787735715577,-0.07487610562513736,0.01373668555153041,0.00764676,-1.1504666,0.6400163,-1.4432132,-1.8351427,-0.81996995,0.00764676,-1.1504666,0.6400163,-1.4432132,-1.8351427,-0.81996995,-0.008136574178934097,-1.1487730741500854,0.6326811909675598,-1.4413715600967407,-1.8464068174362183,-0.8197672963142395,0.39458334,-0.042337358,0.18337806,-0.046042453,0.28160256,-0.0050665447,-0.08667439,0.0,0.0,0.0,0.0005882349796593189,0.0002941175,1.17647,False,3,0.4503190770276226,0.06280139533028878,0.2997243455074853,0.5018819412716372,0.19171902236850893,0.11974106677696439,0.9995830063182846,0.00546914001445627,0.0012336816747862763,0.028325588048070862,0.28938544,-0.09596676,0.28934506,0.39583252050524226,4.715799877885729e-05,0.00013490499986801296,0.0005743150104535744,0.00032366499362979084,0.00024179500178433955,0.00012588099343702197,0.0018452740041539073,0.017923268998856656,0.019768543003010564,50.58541744061307,0
268,5.380079111986561,-0.00597554842104131,-1.149024323826172,0.633679215108053,-1.441590116625168,-1.8448675314532679,-0.8198111693011683,0.2387489676475525,-1.6351120471954346,-0.7381149530410767,-0.7021189332008362,0.04597543552517891,-0.1907423436641693,0.2411273866891861,-1.2766801118850708,-0.49617013335227966,-0.38625097274780273,0.1347881704568863,-0.02408307045698166,1.3315868086181393,-2.3031006651196932,-0.13924061582008074,-0.14048354308677774,-0.08037014332386047,0.010629435727808195,0.009766249,-1.1506213,0.64114696,-1.4436783,-1.8335127,-0.81998044,0.009766249,-1.1506213,0.64114696,-1.4436783,-1.8335127,-0.81998044,-0.005975548643618822,-1.1490243673324585,0.633679211139679,-1.4415900707244873,-1.8448675870895386,-0.8198111653327942,0.39354494,-0.03992349,0.18669328,-0.05220423,0.28387263,-0.0042315023,-0.08802326,0.0,0.0,0.0,0.0005882349796593189,0.0002941175,1.17647,False,3,0.45014899540242753,0.06412593285683332,0.29943245654829664,0.5018938373330663,0.19174932815772935,0.11971376812039618,0.9995810847061807,0.005857510809993391,0.0013156765981248422,0.028311999206199756,0.28938544,-0.09596676,0.28934506,0.39587262957782526,6.938600563444197e-05,0.0001318700087722391,0.0005320460040820763,0.00032323999039363116,0.00016966299153864384,0.00010537200432736427,0.0016815059934742749,0.018148650997318327,0.019830156990792602,50.428244237517276,0
269,5.400077983998926,-0.0037367979632776382,-1.1492805939963837,0.6346853415118616,-1.4418170911124726,-1.8433898130999964,-0.8198164145099085,0.2187594473361969,-1.5853129625320435,-0.7434725761413574,-0.6954216957092285,0.062432799488306046,-0.17576709389686584,0.24117735028266907,-1.2768852710723877,-0.4964614510536194,-0.3975827693939209,0.13501928746700287,-0.02118094451725483,1.3295844674881732,-2.1229215657371965,-0.34891286127191246,-0.13259225943320976,-0.07770194643903873,0.011512408418031462,0.0119645335,-1.1507906,0.64223677,-1.4441627,-1.8319207,-0.81995875,0.0119645335,-1.1507906,0.64223677,-1.4441627,-1.8319207,-0.81995875,-0.0037367979530245066,-1.1492805480957031,0.6346853375434875,-1.441817045211792,-1.843389868736267,-0.8198164105415344,0.3925333,-0.037749536,0.18878584,-0.0586432,0.2867268,-0.0035588513,-0.08949401,0.0,0.0,0.0,0.0005882349796593189,0.0002941175,1.17647,False,3,0.44996837911507215,0.06547111054681293,0.29914542675896105,0.5019207281320721,0.19171268527361113,0.11976585011471597,0.9995792012641588,0.005052159837852812,0.0008610313755139497,0.028550671643072668,0.28938544,-0.09596676,0.28934506,0.39583812057798284,3.816300886683166e-05,0.0001270729990210384,0.0005271410045679659,0.0003341870033182204,0.00017761599156074226,0.00010558399662841111,0.0016761539882281795,0.018172585012507625,0.019848739000735804,50.381034279453694,0
270,5.420071007989463,-0.0015223662005823257,-1.1494642061046143,0.6356714407550257,-1.442016677265503,-1.8418124357806605,-0.8198555151568812,0.23954549431800842,-1.597518801689148,-0.6932231783866882,-0.712336540222168,0.052087198942899704,-0.17277587950229645,0.24024634063243866,-1.2759629487991333,-0.49610987305641174,-0.39802899956703186,0.13521772623062134,-0.018550368025898933,1.3900236371152361,-2.325727820850468,-0.24413758935180196,-0.1471732994046893,-0.0827778042023445,0.012268610681068458,0.014118478,-1.1508832,0.64332247,-1.4446015,-1.8302441,-0.8199776,0.014118478,-1.1508832,0.64332247,-1.4446015,-1.8302441,-0.8199776,-0.001522366190329194,-1.1494642496109009,0.6356714367866516,-1.4420167207717896,-1.8418124914169312,-0.8198555111885071,0.3910211,-0.035474192,0.19127557,-0.06461919,0.2892107,-0.003052255,-0.090988316,0.0,0.0,0.0,0.0005882349796593189,0.0002941175,1.17647,False,3,0.4497948602986495,0.06682775758604675,0.29882275909663897,0.5018717361107532,0.1917366285938315,0.11972552775096255,0.9995874666491793,0.005424908980922092,0.0014471123447727882,0.028166661466399893,0.28938544,-0.09596676,0.28934506,0.3958464966448326,3.753100463654846e-05,0.00011565799650270492,0.0005231200048001483,0.0003070620005019009,0.00016239999968092889,9.278599463868886e-05,0.0015663879894418642,0.018280604999745265,0.01984699298918713,50.385466480731445,0
271,5.440080680986284,0.0006296425126492977,-1.1497433942607422,0.6366952101336878,-1.4422756445458909,-1.8402608076678675,-0.8198831717120569,0.24651768803596497,-1.6179990768432617,-0.68482506275177,-0.7321094274520874,0.02260962501168251,-0.17583836615085602,0.24102918803691864,-1.2763967514038086,-0.49643948674201965,-0.3985198736190796,0.13528285920619965,-0.015430274419486523,1.2312266423927087,-2.2614402642012092,-0.295594536856539,-0.1423929350051714,-0.07128237603501181,0.015299656694865861,0.016223352,-1.1510718,0.64446473,-1.4451284,-1.8285997,-0.81997746,0.016223352,-1.1510718,0.64446473,-1.4451284,-1.8285997,-0.81997746,0.0006296425126492977,-1.1497434377670288,0.6366952061653137,-1.4422756433486938,-1.8402608633041382,-0.8198831677436829,0.38984278,-0.033208728,0.19423838,-0.07131855,0.29153037,-0.0023567558,-0.09237113,0.0,0.0,0.0,0.0005882349796593189,0.0002941175,1.17647,False,3,0.44961449813977183,0.06815015607047693,0.29854163605562095,0.5018638119567518,0.19169064213550302,0.119740737582298,0.9995858546718507,0.00535834486532897,0.00032517787721436143,0.028272012702989756,0.28938544,-0.09596676,0.28934506,0.39580230302298974,3.602300421334803e-05,0.00011378500494174659,0.0004909550043521449,0.0002905380097217858,0.00015494899707846344,9.654300811234862e-05,0.0015084759943420067,0.018368809993262403,0.01987728598760441,50.308678992876885,0
272,5.460127896993072,0.0027780551463365555,-1.1500060123256226,0.6377628485309046,-1.4426053774407883,-1.838661019002096,-0.8199189344989222,0.26036006212234497,-1.628503680229187,-0.7368447780609131,-0.725097119808197,0.04007304087281227,-0.19314029812812805,0.2408989667892456,-1.275182843208313,-0.49645859003067017,-0.3985368311405182,0.13554438948631287,-0.01183861494064331,1.3384647961130636,-2.14711291066243,-0.3875468578210781,-0.12995212651078475,-0.07591196181654329,0.008665814314769496,0.018339198,-1.1512479,0.64557517,-1.4456972,-1.8268679,-0.81998557,0.018339198,-1.1512479,0.64557517,-1.4456972,-1.8268679,-0.81998557,0.0027780551463365555,-1.1500060558319092,0.6377628445625305,-1.4426053762435913,-1.8386610746383667,-0.8199189305305481,0.3890286,-0.031044677,0.19530751,-0.07729588,0.294827,-0.00166603,-0.09403161,0.0,0.0,0.0,0.0005882349796593189,0.0002941175,1.17647,False,3,0.4494432550974993,0.06948167053406484,0.2982469897246045,0.5018889086440522,0.19172106424873794,0.11977514460624972,0.9995864328419288,0.005594073971273291,0.0007187625018293131,0.02819874866431202,0.28938544,-0.09596676,0.28934506,0.3958231447961753,5.663299816660583e-05,0.00012188201071694493,0.0005416799976956099,0.00027080099971499294,0.00015203301154542714,9.682400559540838e-05,0.0015666050021536648,0.018331996994675137,0.019898601996828802,50.2547867513189,0
273,5.480134370998712,0.004936124663800001,-1.1501199764064332,0.6387603918658655,-1.4429312509349366,-1.8370721975909632,-0.8199308554278772,0.2623025178909302,-1.6424500942230225,-0.7314669489860535,-0.7361221313476562,0.050549060106277466,-0.18488743901252747,0.24030616879463196,-1.2671802043914795,-0.4970402717590332,-0.3988264799118042,0.13573646545410156,-0.009593324735760689,1.283001058170802,-2.37414484295573,-0.4164612175019662,-0.14338176664890773,-0.07881416111223176,0.014878067531360395,0.020447921,-1.1512495,0.64667106,-1.4462656,-1.8251677,-0.8199676,0.020447921,-1.1512495,0.64667106,-1.4462656,-1.8251677,-0.8199676,0.004936124663800001,-1.1501200199127197,0.6387603878974915,-1.4429312944412231,-1.8370722532272339,-0.8199308514595032,0.3877949,-0.028238447,0.19776607,-0.08335722,0.2976161,-0.00091930444,-0.09555469,0.0,0.0,0.0,0.0005882349796593189,0.0002941175,1.17647,False,3,0.44929334614079125,0.07081487866396283,0.2979105030336816,0.5018950578035521,0.19170218806005923,0.11976944952887936,0.9995811765503415,0.005508232257587422,0.0006694767131694986,0.028401153850677794,0.28938544,-0.09596676,0.28934506,0.39581516689829543,4.1157996747642756e-05,0.00011782000365201384,0.0004885570087935776,0.00026521700783632696,0.0001511919981567189,9.512399265076965e-05,0.0014925099967513233,0.018363002003752626,0.01985551200050395,50.36384858645897,0
274,5.500083519000327,0.00708813825622201,-1.1503189367106934,0.6398885885821741,-1.4432905924371262,-1.8354671637164515,-0.8199346701251429,0.2564550042152405,-1.6601004600524902,-0.7399991750717163,-0.7435435056686401,0.030046137049794197,-0.19093641638755798,0.2399851232767105,-1.260244607925415,-0.4977325201034546,-0.39930710196495056,0.1360948383808136,-0.007690971717238426,1.397975698495201,-2.245195552363581,-0.11374131660437081,-0.13189275462844038,-0.07859669894675404,0.009191257719491714,0.022563204,-1.1513405,0.64791363,-1.4468839,-1.8234614,-0.81993586,0.022563204,-1.1513405,0.64791363,-1.4468839,-1.8234614,-0.81993586,0.00708813825622201,-1.15031898021698,0.6398885846138,-1.4432905912399292,-1.8354672193527222,-0.8199346661567688,0.38687664,-0.025537476,0.20062567,-0.08983416,0.30014533,-3.0308962e-05,-0.09696985,0.0,0.0,0.0,0.0005882349796593189,0.0002941175,1.17647,False,3,0.44912363305263636,0.07214879271059729,0.2975715364052636,0.501896338019108,0.19168983998634959,0.11976086500102498,0.9995823563903002,0.0055259515923061055,0.0011715057678067136,0.028340912573204518,0.28938544,-0.09596676,0.28934506,0.3958105580061602,4.100399382878095e-05,0.00011760801135096699,0.0005546879983739927,0.00025418700533919036,0.00015295299817807972,9.720399975776672e-05,0.0015545829955954105,0.018241166006191634,0.019795749001787044,50.515896110307615,0
275,5.520138745996519,0.009243995882570744,-1.1505013865283509,0.6409519354449671,-1.4437036973289032,-1.8338144461261194,-0.8199427763568323,0.24047450721263885,-1.6667804718017578,-0.7136406302452087,-0.774998664855957,0.04632607102394104,-0.1809326410293579,0.2394353747367859,-1.2484301328659058,-0.4974670708179474,-0.39932888746261597,0.13641631603240967,-0.005922138690948486,1.4521688089398035,-2.2413363421041037,-0.5219172620118322,-0.14266421495445794,-0.07937658218467412,0.012654805122802922,0.024668407,-1.1514174,0.6490735,-1.4475178,-1.8217124,-0.8199188,0.024668407,-1.1514174,0.6490735,-1.4475178,-1.8217124,-0.8199188,0.009243995882570744,-1.1505013704299927,0.640951931476593,-1.4437036514282227,-1.8338145017623901,-0.8199427723884583,0.38561025,-0.02290107,0.20303892,-0.095353656,0.302554,0.00059888494,-0.09836384,0.0,0.0,0.0,0.0005882349796593189,0.0002941175,1.17647,False,3,0.448967570129169,0.07349527049464594,0.2972544187714803,0.5018499852262485,0.19169375680175157,0.11976776245003827,0.9995874077037578,0.005633228650292898,0.0008290565202890742,0.02815250541475726,0.28938544,-0.09596676,0.28934506,0.39578556453228453,5.956599488854408e-05,0.0001236120006069541,0.0006146669911686331,0.0002946580061689019,0.00017445800767745823,0.00011019399971701205,0.001749749993905425,0.018132233002688736,0.01988198299659416,50.29679384452259,0
276,5.540103599996655,0.01138291135430336,-1.1505753856948395,0.6419838110553187,-1.4441608649543305,-1.8321946302997034,-0.8199589888202112,0.27238500118255615,-1.6109298467636108,-0.7090846300125122,-0.7742301225662231,0.08323407173156738,-0.18038631975650787,0.2395969033241272,-1.2307682037353516,-0.4970623254776001,-0.3993842303752899,0.13660770654678345,-0.0030039187986403704,1.278062480937169,-2.2246390977303827,-0.2866129572767263,-0.13761441020879264,-0.08222239920663277,0.011754200667812246,0.026753899,-1.1513723,0.6502044,-1.4482108,-1.8199865,-0.81990594,0.026753899,-1.1513723,0.6502044,-1.4482108,-1.8199865,-0.81990594,0.01138291135430336,-1.1505753993988037,0.6419838070869446,-1.44416081905365,-1.8321946859359741,-0.8199589848518372,0.3842747,-0.01992305,0.20551528,-0.10125146,0.30520535,0.0013269177,-0.09982457,0.0,0.0,0.0,0.0005882349796593189,0.0002941175,1.17647,False,3,0.44883402043981346,0.07482671965060739,0.2969091614010854,0.5018987226605187,0.19168651927744088,0.11977816696597156,0.9995842860397378,0.0057182510377915,0.0014207988274021362,0.028222926981151353,0.28938544,-0.09596676,0.28934506,0.39580201230250245,6.246200064197183e-05,0.00011303801147732884,0.000456081994343549,0.0002994390088133514,0.00015513900143560022,0.00021580999600701034,0.0016353600076399744,0.018183909996878356,0.01981927000451833,50.45594513683014,0
277,5.560096697998233,0.013553344644606113,-1.1507697862437745,0.643111530934469,-1.4446661633304139,-1.8305695692645472,-0.8199861685382288,0.2500530779361725,-1.6338660717010498,-0.7442503571510315,-0.7582805156707764,0.06854434311389923,-0.15339288115501404,0.23965667188167572,-1.2159678936004639,-0.49726688861846924,-0.3996116816997528,0.13688284158706665,0.0005558198317885399,1.3323662156559273,-2.098734212492097,-0.047765125494739435,-0.1288767805074287,-0.08111002517489292,0.009625151024744701,0.028886184,-1.1514606,0.6513747,-1.4489484,-1.8182337,-0.8199038,0.028886184,-1.1514606,0.6513747,-1.4489484,-1.8182337,-0.8199038,0.013553344644606113,-1.150769829750061,0.643111526966095,-1.4446661472320557,-1.8305696249008179,-0.8199861645698547,0.383321,-0.01726926,0.20657943,-0.10705689,0.30839714,0.002058905,-0.101495154,0.0,0.0,0.0,0.0005882349796593189,0.0002941175,1.17647,False,3,0.4486778137947633,0.07617321184912446,0.2965925623050307,0.5018993268730575,0.19171989119107233,0.11973793418887087,0.9995859601233602,0.0053773916919970756,0.0012437198851209892,0.02823905909021575,0.28938544,-0.09596676,0.28934506,0.39584382760887443,5.762799992226064e-05,0.0001452349970350042,0.0005127740005264059,0.00029023599927313626,0.00015446699399035424,0.00011568600893951952,0.0016761250008130446,0.018087157004629262,0.019763282005442306,50.59888330919052,0
278,5.58012816599512,0.015665676444768906,-1.1508701604655762,0.6442340056048792,-1.44519558668647,-1.8288968245135706,-0.8199828306781214,0.2705102562904358,-1.6567580699920654,-0.7301844954490662,-0.7441084384918213,0.08951757103204727,-0.15965355932712555,0.23925507068634033,-1.197899341583252,-0.497423380613327,-0.39981046319007874,0.1370762288570404,0.00343697820790112,1.4712479820441686,-1.9728454686208596,-0.2856880817127211,-0.12879549523727615,-0.07753835480526744,0.009455073984737546,0.030951407,-1.1514486,0.6525928,-1.4497228,-1.8164663,-0.81987166,0.030951407,-1.1514486,0.6525928,-1.4497228,-1.8164663,-0.81987166,0.015665676444768906,-1.1508702039718628,0.6442340016365051,-1.4451955556869507,-1.8288968801498413,-0.8199828267097473,0.3821433,-0.014458992,0.20896912,-0.11318117,0.31076258,0.0027788505,-0.102907464,0.0,0.0,0.0,0.0005882349796593189,0.0002941175,1.17647,False,3,0.4485411255845823,0.07750470649990482,0.2962372640744244,0.501899217198519,0.19171193257011193,0.11977467836583627,0.9995848145976436,0.005709033178400521,0.0009050510928527529,0.02822731145070305,0.28938544,-0.09596676,0.28934506,0.39582224208431677,6.61410012980923e-05,0.00013280799612402916,0.0005306370003381744,0.0003493639960652217,0.00017312700219918042,0.00010285699681844562,0.001713462988846004,0.018153252007323317,0.01986671499616932,50.33544801910225,0
279,5.600124546996085,0.017832137644290924,-1.1510489743999024,0.6453836599933069,-1.4457174253514786,-1.8272135893451136,-0.8199589888202112,0.22017687559127808,-1.6334067583084106,-0.757592499256134,-0.7637923955917358,0.09772792458534241,-0.15818023681640625,0.24023371934890747,-1.1804256439208984,-0.4985767602920532,-0.40033477544784546,0.1372644603252411,0.005275258328765631,1.2803225558250366,-2.089103624977279,-0.21571543997380338,-0.1309034657234981,-0.07808167883005239,0.009703547513169042,0.0330559,-1.1515146,0.6538473,-1.4505082,-1.8146876,-0.8198243,0.0330559,-1.1515146,0.6538473,-1.4505082,-1.8146876,-0.8198243,0.017832137644290924,-1.151049017906189,0.6453836560249329,-1.445717453956604,-1.8272136449813843,-0.8199589848518372,0.3805941,-0.011639988,0.21159092,-0.11976902,0.31315008,0.0033677164,-0.10439695,0.0,0.0,0.0,0.0005882349796593189,0.0002941175,1.17647,False,3,0.44838136252311017,0.0788625388639962,0.29590638386756707,0.5018471147196061,0.1916823068660762,0.11971729690791201,0.999585603398155,0.006059843576342053,0.0018034919128744943,0.028082320083007435,0.28938544,-0.09596676,0.28934506,0.3957973272368108,5.678499292116612e-05,0.00011308600369375199,0.000468466998427175,0.0002703889913391322,0.00014920900866854936,9.575100557412952e-05,0.0014806859981035814,0.01837406400591135,0.01985475000401493,50.36578147787229,0
280,5.620131752992165,0.019936349242925644,-1.1510691207698365,0.6465495268451136,-1.4462197434953232,-1.8255170027362269,-0.81995135942568,0.22089901566505432,-1.621953010559082,-0.7601924538612366,-0.7756381630897522,0.08093607425689697,-0.12969689071178436,0.23963460326194763,-1.1656389236450195,-0.4984525442123413,-0.40062329173088074,0.1374874711036682,0.006568756885826588,1.4616365634496513,-2.2157078966753736,-0.4127920166836485,-0.13299186321274722,-0.07453498656531868,0.013004630077244238,0.03512557,-1.1514177,0.65505964,-1.4512197,-1.8128768,-0.8197872,0.03512557,-1.1514177,0.65505964,-1.4512197,-1.8128768,-0.8197872,0.019936349242925644,-1.151069164276123,0.6465495228767395,-1.446219801902771,-1.8255170583724976,-0.8199513554573059,0.37973046,-0.00871337,0.21275306,-0.12499711,0.31600475,0.004103604,-0.105896205,0.0,0.0,0.0,0.0005882349796593189,0.0002941175,1.17647,False,3,0.4482404486318783,0.0801957262014439,0.29549502358654123,0.5018678734569197,0.19172443618682272,0.11975131921271157,0.9995842935751361,0.005593948772307744,0.0006604701011360299,0.02827465339307026,0.28938544,-0.09596676,0.28934506,0.39582451054483686,4.0001003071665764e-05,0.00011152100341860205,0.00045397700159810483,0.0002744859957601875,0.00015009600610937923,9.593099821358919e-05,0.0014384079986484721,0.018425018002744764,0.019863426001393236,50.34378258462861,0
281,5.640091766996193,0.02205970510840416,-1.1511732798865815,0.6477111021624964,-1.4468875986388703,-1.8237808386432093,-0.8199666182147425,0.2711564898490906,-1.6282175779342651,-0.7676621675491333,-0.7677628993988037,0.0984976589679718,-0.123426653444767,0.24014435708522797,-1.1533876657485962,-0.49886488914489746,-0.40091270208358765,0.13771609961986542,0.009025342762470245,1.2998348160323119,-2.021249915552368,-0.3345685755566076,-0.12968863231189295,-0.07685930811271884,0.011687945436236725,0.037201602,-1.1513839,0.6563261,-1.4521022,-1.8110459,-0.8197676,0.037201602,-1.1513839,0.6563261,-1.4521022,-1.8110459,-0.8197676,0.02205970510840416,-1.1511732339859009,0.6477110981941223,-1.4468876123428345,-1.82378089427948,-0.8199666142463684,0.3785474,-0.005265735,0.21537498,-0.13036342,0.31837672,0.0049748,-0.10730083,0.0,0.0,0.0,0.0005882349796593189,0.0002941175,1.17647,False,3,0.4481127422924077,0.08154691350598811,0.2951484262598561,0.5018739447540161,0.19174088807516332,0.11976635746924516,0.9995880870206567,0.005661349464417152,0.0004787525583209809,0.028131367863726154,0.28938544,-0.09596676,0.28934506,0.39583328448759636,3.8744008634239435e-05,0.00011052800982724875,0.00045053700159769505,0.00027578300796449184,0.00015208499098662287,0.00010278000263497233,0.0014471259928541258,0.018371427009697072,0.019818553002551198,50.45777054819654,0
282,5.660101565998048,0.02418678067624569,-1.1512607795051117,0.6488454977618616,-1.4475212705186387,-1.8220766226397913,-0.8199628035174769,0.2489548921585083,-1.6307731866836548,-0.7556722164154053,-0.800685703754425,0.09659150242805481,-0.07724402099847794,0.23960447311401367,-1.1392836570739746,-0.49844440817832947,-0.4005836546421051,0.13801144063472748,0.012329857796430588,1.232782859351985,-1.952860910560107,-0.1054660462026501,-0.12139898267102206,-0.079569996162754,0.008915579581822595,0.039259154,-1.151351,0.6575482,-1.4529967,-1.8092467,-0.819746,0.039259154,-1.151351,0.6575482,-1.4529967,-1.8092467,-0.819746,0.02418678067624569,-1.1512607336044312,0.6488454937934875,-1.4475213289260864,-1.822076678276062,-0.8199627995491028,0.37680933,-0.0022556037,0.2175679,-0.13688485,0.32074934,0.0054197744,-0.10872085,0.0,0.0,0.0,0.0005882349796593189,0.0002941175,1.17647,False,3,0.4479782572216318,0.08289235625261482,0.2948005286851859,0.501852547563975,0.19168002427180808,0.11972746936919079,0.9995851993153206,0.00509039561990461,0.0005314136743133211,0.02834073560187704,0.28938544,-0.09596676,0.28934506,0.39579422518858454,5.750000127591193e-05,0.00015640999481547624,0.0005165149923413992,0.0002806609991239384,0.00015814499056432396,9.66039951890707e-05,0.001665902993408963,0.018116727005690336,0.0197826299990993,50.54939611394086,0
283,5.680076158998418,0.02631383389234543,-1.1512699884227295,0.6500423590289515,-1.4481973958066483,-1.820331875477926,-0.8199737707721155,0.21063949167728424,-1.6103490591049194,-0.7886698246002197,-0.7829580307006836,0.08860842138528824,-0.030254550278186798,0.23967190086841583,-1.1216051578521729,-0.49875688552856445,-0.4008384644985199,0.1383322775363922,0.014997292309999466,1.382985796625422,-2.1384609686256155,-0.13557847783612897,-0.12058971210602634,-0.07607981280657321,0.00856426744952309,0.04134322,-1.1512345,0.6587747,-1.4539263,-1.807377,-0.81972784,0.04134322,-1.1512345,0.6587747,-1.4539263,-1.807377,-0.81972784,0.02631383389234543,-1.1512700319290161,0.6500423550605774,-1.448197364807129,-1.8203319311141968,-0.8199737668037415,0.3757346,0.00088682317,0.2183085,-0.14322324,0.32387435,0.0061487076,-0.110499546,0.0,0.0,0.0,0.0005882349796593189,0.0002941175,1.17647,False,3,0.4478540016098063,0.08424743927735445,0.29440077203475484,0.5018768359306534,0.19166543939835362,0.11974983533200068,0.9995776182817488,0.005452456327669867,0.001070126351330427,0.02852540320453626,0.28938544,-0.09596676,0.28934506,0.39578708044678645,6.628599658142775e-05,0.00011553699732758105,0.0004551410092972219,0.00030966498889029026,0.00019134099420625716,0.00010033199214376509,0.0015570450050290674,0.0182731690001674,0.019830214005196467,50.428099249859436,0
284,5.7000976799899945,0.028409304097294807,-1.151305453186371,0.6512363592730921,-1.4488936525634308,-1.8185165564166468,-0.8199427763568323,0.2708187699317932,-1.6194924116134644,-0.7624908089637756,-0.8197237849235535,0.050199203193187714,0.016665052622556686,0.23946969211101532,-1.1065492630004883,-0.49947044253349304,-0.4013926684856415,0.1384781152009964,0.016378045082092285,1.2918168206473972,-2.1858878502428123,-0.23514924551698835,-0.1293600097100523,-0.07810627746885394,0.013009259171378974,0.043401644,-1.1511493,0.6600818,-1.4548212,-1.8054899,-0.81966347,0.043401644,-1.1511493,0.6600818,-1.4548212,-1.8054899,-0.81966347,0.028409304097294807,-1.1513054370880127,0.651236355304718,-1.448893666267395,-1.8185166120529175,-0.8199427723884583,0.37480855,0.0039033275,0.22113553,-0.14818956,0.32566902,0.00698196,-0.111802496,0.0,0.0,0.0,0.0005882349796593189,0.0002941175,1.17647,False,3,0.4477292707124474,0.08560465223446323,0.2940138334696447,0.5018777990577415,0.19172015597214934,0.11975849509854483,0.9995826780478876,0.005303568053565453,0.0015472853478477725,0.02835498264590253,0.28938544,-0.09596676,0.28934506,0.3958236534333847,5.896200309507549e-05,0.00012975899153389037,0.0005654690030496567,0.00031997900805436075,0.0001911679864861071,0.00015080900629982352,0.0018841309938579798,0.017978748001041822,0.019862878994899802,50.34516900882145,0
285,5.720123438994051,0.030528035014867783,-1.1512893003276368,0.6524241606341761,-1.4496460270932694,-1.8167999426471155,-0.8199151198016565,0.2127378284931183,-1.6315557956695557,-0.7848614454269409,-0.8001523017883301,0.09630025178194046,0.05339275300502777,0.23970745503902435,-1.0668644905090332,-0.4998689293861389,-0.40171340107917786,0.13877907395362854,0.016934966668486595,1.2252040725786706,-2.0442106027328917,-0.26526605651036894,-0.12073645106119343,-0.08267273496228401,0.010571634126496221,0.04545433,-1.1509858,0.6612984,-1.4558047,-1.8036473,-0.8196152,0.04545433,-1.1509858,0.6612984,-1.4558047,-1.8036473,-0.8196152,0.030528035014867783,-1.1512893438339233,0.652424156665802,-1.44964599609375,-1.8167999982833862,-0.8199151158332825,0.37315738,0.0075868806,0.22185563,-0.15396895,0.32881814,0.0074979514,-0.11344006,0.0,0.0,0.0,0.0005882349796593189,0.0002941175,1.17647,False,3,0.4476147697275032,0.08695008747361344,0.2936209004116435,0.5018816191795265,0.19169030201283987,0.11973910440869552,0.9995892701303185,0.005542222162110748,0.0010731111193273458,0.02809743389089505,0.28938544,-0.09596676,0.28934506,0.3958123153802236,6.188999395817518e-05,0.00012547099322546273,0.00053247700270731,0.0003148449904983863,0.00019627799338195473,0.0002192679967265576,0.0019089169945800677,0.01795704200048931,0.019865958995069377,50.33736353972112,0
286,5.740092913998524,0.03258395567536354,-1.1513172549060364,0.6536853949176233,-1.4503915023854752,-1.814972225819723,-0.8199103514300745,0.26717984676361084,-1.5598435401916504,-0.7966437339782715,-0.8126243352890015,0.0714891105890274,0.07297424972057343,0.23969553411006927,-1.0187950134277344,-0.4999845623970032,-0.4017369747161865,0.1391633003950119,0.017840271815657616,1.3029502225432605,-1.951914287828331,-0.2505946199246265,-0.1176191450201744,-0.07831807087557116,0.013258632727756188,0.047465064,-1.150881,0.6626717,-1.4567664,-1.8017502,-0.8195792,0.047465064,-1.150881,0.6626717,-1.4567664,-1.8017502,-0.8195792,0.03258395567536354,-1.1513172388076782,0.6536853909492493,-1.4503915309906006,-1.8149722814559937,-0.8199103474617004,0.37202775,0.010904346,0.22465706,-0.15937047,0.3305532,0.008278739,-0.11468796,0.0,0.0,0.0,0.0005882349796593189,0.0002941175,1.17647,False,3,0.4474895167435011,0.08829265161576469,0.2932154990514834,0.5018228652277918,0.19169847809270238,0.1196984310312614,0.9995917943639371,0.005796915042148104,0.0010354691210481095,0.027956849588822504,0.28938544,-0.09596676,0.28934506,0.395804149683932,5.9155994676984847e-05,0.0001172929914901033,0.0005895030044484884,0.0002816769992932677,0.00018049799837172031,0.0002795530017465353,0.0019228940072935075,0.017903240004670806,0.019826134011964314,50.43847678001865,0
287,5.7600880679965485,0.03463567793369293,-1.15130169809375,0.6549051443683069,-1.4512226668051262,-1.8131831328021448,-0.8198235670672815,0.24755550920963287,-1.5491905212402344,-0.7806277275085449,-0.8268935680389404,0.08647216856479645,0.08421202003955841,0.23947398364543915,-0.9899809956550598,-0.5003907084465027,-0.40194109082221985,0.139313206076622,0.020444713532924652,1.4323732859080296,-2.0954310708033015,-0.33872564523468185,-0.12660755777120886,-0.08436359752674796,0.018732364447527128,0.049464446,-1.1507242,0.6639073,-1.4578217,-1.799845,-0.8194701,0.049464446,-1.1507242,0.6639073,-1.4578217,-1.799845,-0.8194701,0.03463567793369293,-1.1513017416000366,0.6549051403999329,-1.4512226581573486,-1.8131831884384155,-0.8198235630989075,0.37071916,0.014438923,0.22505347,-0.1649772,0.33345553,0.008836721,-0.116267785,0.0,0.0,0.0,0.0005882349796593189,0.0002941175,1.17647,False,3,0.44738498177338193,0.08962531321217801,0.29282170440483146,0.5018911750128036,0.19166476609661312,0.11979097447902765,0.9995783519006192,0.005482073798874709,0.0012903502225877813,0.02848551961948887,0.28938544,-0.09596676,0.28934506,0.3957766636354004,0.00030952600354794413,0.00012977099686395377,0.0006047750066500157,0.00029150200134608895,0.00020747599774040282,0.00010826101060956717,0.001992762990994379,0.017850928008556366,0.019843690999550745,50.393850620967626,0
288,5.780143712996505,0.036718789488077164,-1.1512893301299592,0.6560915152179163,-1.4520826649716874,-1.8114197889911097,-0.8197792212115687,0.24775470793247223,-1.5047072172164917,-0.7679653763771057,-0.8013556599617004,0.064460888504982,0.08493936061859131,0.23883497714996338,-0.9709915518760681,-0.5003337264060974,-0.40202489495277405,0.13951067626476288,0.022827470675110817,1.5785675330176248,-1.7558607403563709,-0.33148070397572804,-0.1086667026847701,-0.08413165452067123,0.018049258289789136,0.051493537,-1.150541,0.6652678,-1.4589282,-1.798025,-0.81938183,0.051493537,-1.150541,0.6652678,-1.4589282,-1.798025,-0.81938183,0.036718789488077164,-1.1512893438339233,0.6560915112495422,-1.452082633972168,-1.8114198446273804,-0.8197792172431946,0.3693687,0.018708946,0.22940834,-0.17113881,0.33487186,0.00993409,-0.11759817,0.0,0.0,0.0,0.0005882349796593189,0.0002941175,1.17647,False,3,0.4472805958380323,0.09096644531296222,0.292447664111701,0.5018643306696987,0.19165649410142507,0.11972195541650514,0.9995885188125082,0.005846381751437355,0.001022885211148439,0.028064463689837747,0.28938544,-0.09596676,0.28934506,0.39578581358046827,6.0318998293951154e-05,0.00011690201063174754,0.0004803910123882815,0.0002904379944084212,0.0001796669967006892,0.00020724300702568144,0.001763733002007939,0.01814964100776706,0.019913374009774998,50.21750706380164,0
289,5.8001049519953085,0.03875534608960152,-1.1512343448451539,0.657318417225973,-1.4529462692192574,-1.809552017842428,-0.8197553793536585,0.24932511150836945,-1.4167125225067139,-0.7548924088478088,-0.805224597454071,0.08979998528957367,0.08401303738355637,0.23820741474628448,-0.9552507400512695,-0.5010685920715332,-0.4024178981781006,0.1397629678249359,0.02590095065534115,1.578118701680701,-2.0233396996447865,-0.5570617911808258,-0.10868194141168357,-0.07780170131728234,0.02200058329037994,0.053479545,-1.1503396,0.6665398,-1.4599862,-1.796053,-0.819334,0.053479545,-1.1503396,0.6665398,-1.4599862,-1.796053,-0.819334,0.03875534608960152,-1.1512343883514404,0.6573184132575989,-1.4529463052749634,-1.8095520734786987,-0.8197553753852844,0.36810502,0.022370191,0.23053434,-0.17599863,0.33747488,0.010535508,-0.119137384,0.0,0.0,0.0,0.0005882349796593189,0.0002941175,1.17647,False,3,0.44718072904266154,0.09231111753858282,0.29203586000019177,0.5018359437401939,0.19163610287032407,0.11974386160489242,0.9995848739126475,0.006159866302446505,0.0015160583570944467,0.028104817163045737,0.28938544,-0.09596676,0.28934506,0.395746367147992,3.9022997952997684e-05,0.0001195799995912239,0.0005111549980938435,0.0002737890026764944,0.00017721900076139718,0.0001333479885943234,0.001681723995716311,0.018119940999895334,0.019801664995611645,50.50080385773698,0
290,5.820131609987584,0.04081578552722931,-1.1512151819518586,0.6585481802569788,-1.4538700369051476,-1.8077595869647425,-0.8196848074542444,0.2539213299751282,-1.3669123649597168,-0.7380817532539368,-0.7991801500320435,0.08207488059997559,0.12182079255580902,0.23831993341445923,-0.9380331635475159,-0.5010970830917358,-0.4027942717075348,0.13971157371997833,0.0316801480948925,1.3699099788783213,-1.7289599681710093,-0.3271105979310063,-0.09915683476616129,-0.07542158398973786,0.023365811039553788,0.055484746,-1.1501602,0.66776156,-1.4611541,-1.7941482,-0.81923646,0.055484746,-1.1501602,0.66776156,-1.4611541,-1.7941482,-0.81923646,0.04081578552722931,-1.1512151956558228,0.6585481762886047,-1.4538700580596924,-1.8077596426010132,-0.8196848034858704,0.36672404,0.026374549,0.23033535,-0.18209998,0.34028536,0.011208556,-0.12093437,0.0,0.0,0.0,0.0005882349796593189,0.0002941175,1.17647,False,3,0.44707923387907667,0.09364942223158199,0.29165351949242024,0.5018932916099921,0.19169730399811274,0.11976874017226713,0.9995858047853508,0.005366670545546087,0.0007775067527584928,0.028263037598778976,0.28938544,-0.09596676,0.28934506,0.39581097294191353,4.9870010116137564e-05,0.00011569701018743217,0.0004725250037154183,0.00025831200764514506,0.00015011501091066748,0.00010058299812953919,0.0016499440098414198,0.018231087989988737,0.019881031999830157,50.299199760281205,0
291,5.840097658990999,0.042864371091127396,-1.1512007278255005,0.6598027388202112,-1.4547534745982666,-1.8058694044696253,-0.8196638266192835,0.27602511644363403,-1.3085607290267944,-0.7375729084014893,-0.8358799815177917,0.10090164840221405,0.11230872571468353,0.23802483081817627,-0.9206342697143555,-0.5017171502113342,-0.4029487669467926,0.14003027975559235,0.036715660244226456,1.5059609519412573,-1.9136461096125599,-0.3200947035205628,-0.10315470739760699,-0.07441298030140245,0.03185931150062206,0.057458993,-1.1500196,0.66905874,-1.4623041,-1.79218,-0.81920457,0.057458993,-1.1500196,0.66905874,-1.4623041,-1.79218,-0.81920457,0.042864371091127396,-1.151200771331787,0.6598027348518372,-1.4547535181045532,-1.805869460105896,-0.8196638226509094,0.36486554,0.029529398,0.23139974,-0.18876466,0.34223735,0.011480835,-0.122416325,0.0,0.0,0.0,0.0005882349796593189,0.0002941175,1.17647,False,3,0.4469654956514577,0.0950047258709894,0.29125349657756583,0.5018823902273453,0.191673698164495,0.11975918130651154,0.9995852314122512,0.005359822642336165,0.0009076988115088444,0.028280166771637385,0.28938544,-0.09596676,0.28934506,0.39579205982990145,3.8865997339598835e-05,0.00011434400221332908,0.00045462799607776105,0.0002779119968181476,0.00015204100054688752,0.0001009170082397759,0.0014523110003210604,0.018373995990259573,0.019826306990580633,50.43803671934942,0
292,5.860102052989532,0.04488878324627876,-1.151085690861084,0.6610911528216761,-1.4557093691876908,-1.8040154615985315,-0.8196118513690394,0.2761409282684326,-1.300254464149475,-0.7447140216827393,-0.8252658247947693,0.07508952915668488,0.11104898154735565,0.23830007016658783,-0.9049879312515259,-0.5032625794410706,-0.40345141291618347,0.14030517637729645,0.04023412615060806,1.4586952426434827,-1.8522595398928217,-0.40094253104396116,-0.10116461322094873,-0.08406639456210942,0.043748752660366666,0.05943998,-1.1497256,0.67042917,-1.4634334,-1.7902387,-0.8191142,0.05943998,-1.1497256,0.67042917,-1.4634334,-1.7902387,-0.8191142,0.04488878324627876,-1.1510857343673706,0.661091148853302,-1.4557093381881714,-1.8040155172348022,-0.8196118474006653,0.36377993,0.03400411,0.23345107,-0.19310045,0.3444207,0.012440873,-0.12400736,0.0,0.0,0.0,0.0005882349796593189,0.0002941175,1.17647,False,3,0.4468737437362979,0.09634202846966294,0.2908105485002783,0.501901482204306,0.19169925064832713,0.11977747472028963,0.9995884246160458,0.0050177184962481094,0.000517372835026157,0.028239896132733,0.28938544,-0.09596676,0.28934506,0.3958130432379557,5.5832002544775605e-05,0.000159549992531538,0.0006250010046642274,0.00026924299891106784,0.0001561940007377416,0.00011254099081270397,0.0017758780013537034,0.017999208997935057,0.01977508699928876,50.56867765163139,0
293,5.880132436999702,0.0469098724424839,-1.150942162876465,0.6623795668231409,-1.4567244958928605,-1.802141014729635,-0.8195322195636194,0.26402756571769714,-1.2664756774902344,-0.7449806928634644,-0.8230020999908447,0.06784825026988983,0.10629995167255402,0.23822017014026642,-0.8937649130821228,-0.5042923092842102,-0.4038424789905548,0.14058659970760345,0.04326743260025978,1.5416885086699916,-1.8935621773581628,-0.44601492829488043,-0.09617842334901791,-0.07679188666463922,0.04912719709916624,0.06140412,-1.1494144,0.67175674,-1.4646393,-1.7882704,-0.8190089,0.06140412,-1.1494144,0.67175674,-1.4646393,-1.7882704,-0.8190089,0.0469098724424839,-1.1509422063827515,0.6623795628547668,-1.4567245244979858,-1.8021410703659058,-0.8195322155952454,0.3623562,0.038193814,0.2344294,-0.19786936,0.34676674,0.013082694,-0.12556079,0.0,0.0,0.0,0.0005882349796593189,0.0002941175,1.17647,False,3,0.44679294121438257,0.09768345628544202,0.2903639462788011,0.5019005478544648,0.19172161384635855,0.11976932056746571,0.9995823687187865,0.005301931265018769,0.0011209145617667828,0.02838552574213445,0.28938544,-0.09596676,0.28934506,0.3958322880460945,4.6913992264308035e-05,0.00011479500972200185,0.00045965900062583387,0.0006112730043241754,0.0002314769953954965,0.00013357598800212145,0.0019424529891693965,0.01791393601160962,0.019856389000779018,50.36162415838889,0
294,5.900126251988695,0.04893457517027855,-1.1507779222777863,0.6636150519000452,-1.4577635762146492,-1.8002765814410608,-0.8194692770587366,0.25307872891426086,-1.243626356124878,-0.722610354423523,-0.8097635507583618,0.09956090152263641,0.11589030921459198,0.23795709013938904,-0.8808843493461609,-0.5034899115562439,-0.40354427695274353,0.1408405303955078,0.04429306089878082,1.2966099509561861,-1.6372964726846864,-0.34812327977423013,-0.08975725186591417,-0.08336837656455215,0.05517927968258881,0.06336419,-1.1490865,0.67303175,-1.4659246,-1.7863209,-0.8189229,0.06336419,-1.1490865,0.67303175,-1.4659246,-1.7863209,-0.8189229,0.04893457517027855,-1.1507779359817505,0.6636150479316711,-1.4577635526657104,-1.8002766370773315,-0.8194692730903625,0.3607404,0.04228588,0.2354177,-0.20402704,0.3488938,0.0136594195,-0.12724626,0.0,0.0,0.0,0.0005882349796593189,0.0002941175,1.17647,False,3,0.44671903934112756,0.09902497111415333,0.2899315751564413,0.5018676403501844,0.19168378220484858,0.11976247579362659,0.9995794654184272,0.00541280641261866,0.001288234156328455,0.0284601316890528,0.28938544,-0.09596676,0.28934506,0.3957900581186383,7.147899304982275e-05,0.00010247000318486243,0.00042224199569318444,0.00020408899581525475,0.00014352401194628328,8.956401143223047e-05,0.001340656992397271,0.018514167997636832,0.019854824990034103,50.36559126066023,0
295,5.920131956998375,0.051001690328121185,-1.1506092113307496,0.6648972670184534,-1.4588029247573395,-1.7984002272235315,-0.819409195576803,0.22582431137561798,-1.2558497190475464,-0.7108387351036072,-0.8422285318374634,0.1044313907623291,0.13547107577323914,0.2377481460571289,-0.861204981803894,-0.5033295750617981,-0.40349385142326355,0.14106573164463043,0.046863384544849396,1.490232702262974,-1.8230182261663916,-0.44477717381882714,-0.08956045243218959,-0.07892115454154641,0.0643068349842546,0.06535143,-1.1487395,0.6743822,-1.4672086,-1.7843732,-0.81884164,0.06535143,-1.1487395,0.6743822,-1.4672086,-1.7843732,-0.81884164,0.051001690328121185,-1.1506092548370361,0.6648972630500793,-1.4588029384613037,-1.7984002828598022,-0.819409191608429,0.35874337,0.046745386,0.23712371,-0.21014331,0.35067692,0.014189392,-0.12878585,0.0,0.0,0.0,0.0005882349796593189,0.0002941175,1.17647,False,3,0.446633292368131,0.10038827038096207,0.28948074967292176,0.5019011493560858,0.19164928140769108,0.11974730058446,0.9995894008957346,0.005165178176748878,0.0007647458052885543,0.028173819506540975,0.28938544,-0.09596676,0.28934506,0.3957894785618084,3.860499418806285e-05,0.00011176199768669903,0.00046507400111295283,0.00027679899358190596,0.0001617660018382594,9.49870009208098e-05,0.0014666930073872209,0.018396876999759115,0.019863570007146336,50.34341760520536,0
296,5.940142017992912,0.05301065370440483,-1.150398389702179,0.6662214438067835,-1.459882141356804,-1.7964537779437464,-0.8193600813495081,0.228849396109581,-1.2470598220825195,-0.732961118221283,-0.7773783206939697,0.06255987286567688,0.12074935436248779,0.23762482404708862,-0.8382746577262878,-0.5039771795272827,-0.4039129316806793,0.14121660590171814,0.05029643326997757,1.3354322770779259,-1.8831845077064922,-0.3137200368581736,-0.08872314102397794,-0.08153231690872853,0.07335006968942234,0.067332864,-1.1483347,0.6757919,-1.4684203,-1.7823564,-0.8187477,0.067332864,-1.1483347,0.6757919,-1.4684203,-1.7823564,-0.8187477,0.05301065370440483,-1.1503983736038208,0.6662214398384094,-1.459882140159607,-1.796453833580017,-0.819360077381134,0.35805532,0.051590063,0.23926236,-0.21345362,0.35243484,0.01530985,-0.13025364,0.0,0.0,0.0,0.0005882349796593189,0.0002941175,1.17647,False,3,0.44655892374178596,0.10174256945839741,0.2889997554757816,0.5019038983121924,0.1917434679620818,0.11976071921931537,0.9995903884544207,0.005045763980558419,0.0007534599984078986,0.02816067745230631,0.28938544,-0.09596676,0.28934506,0.39585365525424165,5.002999387215823e-05,0.00011166400508955121,0.00044865299423690885,0.0002679409953998402,0.00015956100833136588,0.00015257099585141987,0.0015152970008784905,0.018354176994762383,0.019869473995640874,50.32845863052983,0
297,5.960097917995881,0.054999589920043945,-1.1501666468432923,0.6675360838519495,-1.461012416785099,-1.794502083455221,-0.8192971388446253,0.23424145579338074,-1.23341703414917,-0.7602893114089966,-0.8019348978996277,0.08397597074508667,0.16060039401054382,0.23808971047401428,-0.8318696618080139,-0.5042768716812134,-0.4041867256164551,0.14131946861743927,0.05298007279634476,1.217058613121259,-1.788432346516633,-0.5411308120388238,-0.08003274712471445,-0.08384644983226264,0.07678963319065463,0.069236755,-1.1479349,0.677129,-1.4697963,-1.7803339,-0.81867236,0.069236755,-1.1479349,0.677129,-1.4697963,-1.7803339,-0.81867236,0.054999589920043945,-1.150166630744934,0.6675360798835754,-1.461012363433838,-1.7945021390914917,-0.8192971348762512,0.3559292,0.055794097,0.23982273,-0.21959765,0.3542059,0.015619034,-0.1317589,0.0,0.0,0.0,0.0005882349796593189,0.0002941175,1.17647,False,3,0.44649518874358046,0.10309011949059887,0.28852133416336556,0.5018750094662322,0.19176877180417737,0.1196919621696868,0.9995912806572196,0.005746682977977579,0.001271824011449204,0.0279759880962133,0.28938544,-0.09596676,0.28934506,0.3958859991713046,5.582999438047409e-05,0.00016026900266297162,0.0005832470051245764,0.0002787209959933534,0.00017833500169217587,0.00011339399497956038,0.0017726990045048296,0.01795157400192693,0.01972427300643176,50.698953501298455,0
298,5.980133659992134,0.056987930089235306,-1.1498993200114747,0.6688135305987757,-1.4621315163424988,-1.792574707661764,-0.8192012945758265,0.25549429655075073,-1.1994177103042603,-0.7649620175361633,-0.8163084387779236,0.09384706616401672,0.14751023054122925,0.2383880913257599,-0.8310135006904602,-0.5038112998008728,-0.4038797914981842,0.14164716005325317,0.055069006979465485,1.4031168324530792,-1.662440878297886,-0.461023698938083,-0.08353366565451467,-0.08318147729775537,0.0869848412847361,0.07116036,-1.1474739,0.67844373,-1.4711039,-1.7783238,-0.8185522,0.07116036,-1.1474739,0.67844373,-1.4711039,-1.7783238,-0.8185522,0.056987930089235306,-1.1498993635177612,0.6688135266304016,-1.4621315002441406,-1.7925747632980347,-0.8192012906074524,0.3543108,0.060636885,0.24075557,-0.22431095,0.35627457,0.016227607,-0.13339177,0.0,0.0,0.0,0.0005882349796593189,0.0002941175,1.17647,False,3,0.44643287842936,0.10443239898338424,0.2880398622297773,0.5019047643324648,0.19169539206116368,0.11978100503335487,0.9995843146038631,0.005212089763127538,0.0007751168974183642,0.028344577517359384,0.28938544,-0.09596676,0.28934506,0.3958104887735848,4.1113002225756645e-05,0.00011469499440863729,0.00045575600233860314,0.0006424119928851724,0.00023268700169865042,0.00014158101112116128,0.0019691000052262098,0.017881655992823653,0.019850755998049863,50.375915159011576,0
299,6.000125478996779,0.05897689610719681,-1.1496718984893342,0.670107666646139,-1.4632938516191025,-1.7906587759601038,-0.8191292921649378,0.26149389147758484,-1.2113465070724487,-0.7460945248603821,-0.8052878379821777,0.11202387511730194,0.15872803330421448,0.23751258850097656,-0.8315458297729492,-0.5044440031051636,-0.40420833230018616,0.14197929203510284,0.05678083002567291,1.555729771694827,-1.448202458293326,-0.48934281214841624,-0.07519020497296838,-0.09108107820031708,0.09398557831920966,0.0730841,-1.147032,0.6798016,-1.4724487,-1.776335,-0.81844777,0.0730841,-1.147032,0.6798016,-1.4724487,-1.776335,-0.81844777,0.05897689610719681,-1.1496719121932983,0.6701076626777649,-1.4632939100265503,-1.7906588315963745,-0.8191292881965637,0.3526801,0.06599638,0.2423479,-0.22886951,0.35809702,0.017037742,-0.13507397,0.0,0.0,0.0,0.0005882349796593189,0.0002941175,1.17647,False,3,0.44636710137899344,0.1057726668746059,0.28757871032761617,0.5018501043459617,0.1916539168109941,0.11976299177882836,0.9995874229548117,0.005294122938522775,0.0006790854127107328,0.028221733273574495,0.28938544,-0.09596676,0.28934506,0.39575871756693115,5.4400996305048466e-05,0.00011445301061030477,0.00046972600102890283,0.0002732029970502481,0.00015007199544925243,9.698000212665647e-05,0.0014860859955660999,0.01836532300512772,0.01985140900069382,50.374258067276195,0
300,6.020133036989137,0.0609932579100132,-1.1493683022311707,0.6714051405536097,-1.464524084036686,-1.7886746565448206,-0.8190458456622522,0.21516704559326172,-1.1832140684127808,-0.7589855194091797,-0.7781360745429993,0.07666926085948944,0.15170185267925262,0.23704524338245392,-0.8315156102180481,-0.5051572918891907,-0.404412180185318,0.14219799637794495,0.05831686779856682,1.4492766031521402,-1.5755659757663727,-0.24258686531515683,-0.0724135371268239,-0.09185090442743893,0.10205315494502551,0.07503816,-1.1465459,0.6811579,-1.4739004,-1.774299,-0.81833833,0.07503816,-1.1465459,0.6811579,-1.4739004,-1.774299,-0.81833833,0.0609932579100132,-1.1493682861328125,0.6714051365852356,-1.4645240306854248,-1.7886747121810913,-0.8190458416938782,0.35112244,0.07055927,0.24381931,-0.23441122,0.35939157,0.017688269,-0.13664292,0.0,0.0,0.0,0.0005882349796593189,0.0002941175,1.17647,False,3,0.44631678902163474,0.10714266040568399,0.287090333039418,0.5018561794596755,0.19168696312586955,0.11974334243256829,0.999583833522307,0.0056576562235039814,0.0011926418851953729,0.02826084344573484,0.28938544,-0.09596676,0.28934506,0.3957944157000611,5.7874000049196184e-05,0.00011136200919281691,0.00044986201100982726,0.00029758000164292753,0.00015605399676132947,9.596098971087486e-05,0.0014892460021656007,0.01837732899002731,0.01986657499219291,50.335802743702736,0
301,6.040145032995497,0.06295786052942276,-1.1490579408458252,0.6727736631976526,-1.4657391917756577,-1.7866838614093226,-0.8189500013934534,0.23399993777275085,-1.1915987730026245,-0.7083165049552917,-0.7800816297531128,0.05113258212804794,0.1626037210226059,0.23702895641326904,-0.8324973583221436,-0.5059753656387329,-0.4045324921607971,0.142279714345932,0.06114931032061577,1.2991741980468652,-1.622701514760693,-0.2780487253497319,-0.07677176359427726,-0.09203153208169186,0.10824292965847371,0.0769134,-1.1460412,0.6825496,-1.4753344,-1.7722319,-0.8182288,0.0769134,-1.1460412,0.6825496,-1.4753344,-1.7722319,-0.8182288,0.06295786052942276,-1.1490579843521118,0.6727736592292786,-1.4657392501831055,-1.7866839170455933,-0.8189499974250793,0.34888852,0.07542069,0.24439813,-0.23988028,0.3613009,0.018029913,-0.13841155,0.0,0.0,0.0,0.0005882349796593189,0.0002941175,1.17647,False,3,0.4462593528191823,0.10849096329373174,0.28657165649734884,0.5019038959527983,0.19167224447670694,0.11975878115562648,0.9995790242445439,0.005657252290795731,0.0016120619368377293,0.02841156846026928,0.28938544,-0.09596676,0.28934506,0.3958027214818503,0.0001192579948110506,0.00011210300726816058,0.0004499000060604885,0.00027845399745274335,0.00014952500350773335,9.888299973681569e-05,0.001526235995697789,0.01834509300533682,0.01987132900103461,50.323760426287265,0
302,6.060121249000076,0.06487123668193817,-1.1486891073039551,0.6740878264056605,-1.4669689920595665,-1.7846973578082483,-0.8188665548907679,0.25971153378486633,-1.1983442306518555,-0.7218209505081177,-0.7663365006446838,0.07317940890789032,0.15629622340202332,0.23765680193901062,-0.8332741856575012,-0.5066120028495789,-0.4049680829048157,0.14249160885810852,0.06390435993671417,1.3765680859099005,-1.3747127888570359,-0.510015346403579,-0.057804626919102764,-0.09137347786555738,0.11019743982868159,0.07876803,-1.1454659,0.6838641,-1.4767429,-1.770183,-0.8181173,0.07876803,-1.1454659,0.6838641,-1.4767429,-1.770183,-0.8181173,0.06487123668193817,-1.1486891508102417,0.6740878224372864,-1.4669690132141113,-1.784697413444519,-0.8188665509223938,0.34741992,0.0805811,0.24440807,-0.24434657,0.36286065,0.018730965,-0.1400922,0.0,0.0,0.0,0.0005882349796593189,0.0002941175,1.17647,False,3,0.4462182839885202,0.1098167300960958,0.2860488514049413,0.50190202208958,0.19170962162603986,0.11975500817260626,0.9995828271368874,0.0055556811565766395,0.0008811833340079315,0.028328649155127193,0.28938544,-0.09596676,0.28934506,0.39583049557890154,5.67620008951053e-05,0.00017058699449989945,0.0005250289977993816,0.0002934640069724992,0.00016504399536643177,0.00011757500760722905,0.0017420590011170134,0.01801161700859666,0.019753676009713672,50.62348899051802,0
303,6.080133890995057,0.06680372357368469,-1.1482392710498353,0.6754697004901331,-1.468235307638981,-1.7827370802508753,-0.818758789693014,0.2625337839126587,-1.2201197147369385,-0.7616729736328125,-0.7736481428146362,0.05159296840429306,0.15039685368537903,0.23697784543037415,-0.8337946534156799,-0.5069943070411682,-0.40525129437446594,0.1428142488002777,0.06656616926193237,1.2147500160807043,-1.3782387116397687,-0.4354564317662636,-0.06516620277139512,-0.09460872407410763,0.11541660559450485,0.08061909,-1.1448183,0.6852808,-1.4782104,-1.7681664,-0.81799287,0.08061909,-1.1448183,0.6852808,-1.4782104,-1.7681664,-0.81799287,0.06680372357368469,-1.148239254951477,0.675469696521759,-1.4682352542877197,-1.782737135887146,-0.8187587857246399,0.3453841,0.08552279,0.2452781,-0.2493784,0.36426905,0.019147884,-0.14170213,0.0,0.0,0.0,0.0005882349796593189,0.0002941175,1.17647,False,3,0.44618210227354055,0.11114606626930745,0.2854732431671856,0.5018501037910688,0.1917002658677222,0.11974057093598076,0.9995912799267227,0.00542583350508547,0.0008650441095867143,0.028054080763259007,0.28938544,-0.09596676,0.28934506,0.39580201008176885,3.672399907372892e-05,0.00011262799671385437,0.00047226100286934525,0.000569804004044272,0.00023199900169856846,0.00013911699352320284,0.0018906519981101155,0.017939744007890113,0.019830396006000228,50.42763642730194,0
304,6.100078235991532,0.06872846931219101,-1.147886113529541,0.6768072287188929,-1.4695326846889039,-1.7807615439044397,-0.8186629454242151,0.2884911000728607,-1.2156801223754883,-0.7528060078620911,-0.820900022983551,0.06615914404392242,0.14445361495018005,0.23604653775691986,-0.8337551355361938,-0.5076548457145691,-0.4052529036998749,0.1430331915616989,0.06898429244756699,1.4539844045824135,-1.5144484831617608,-0.6651157233104046,-0.06499812186637259,-0.0914316838903737,0.10879408083436586,0.08243999,-1.1442498,0.6867254,-1.479761,-1.7661725,-0.81787753,0.08243999,-1.1442498,0.6867254,-1.479761,-1.7661725,-0.81787753,0.06872846931219101,-1.1478861570358276,0.6768072247505188,-1.4695327281951904,-1.7807615995407104,-0.8186629414558411,0.34278804,0.09091043,0.24795325,-0.2557065,0.36472675,0.019634914,-0.14323778,0.0,0.0,0.0,0.0005882349796593189,0.0002941175,1.17647,False,3,0.4461390955166124,0.11247566623715252,0.2849618947006742,0.5018362155508964,0.1916797180891752,0.11964009955744052,0.9995875038202241,0.005867558501517689,0.0018012340052537738,0.028056998347184524,0.28938544,-0.09596676,0.28934506,0.39582268672982457,9.789499745238572e-05,0.00011564500164240599,0.00045428299927152693,0.00030813500052317977,0.00015222800720948726,0.00010284400195814669,0.0015682590019423515,0.018229659995995462,0.019797918997937813,50.5103592000837,0
305,6.12013911199756,0.070700503885746,-1.147428111439087,0.678140942250387,-1.4709061321667214,-1.7787216345416468,-0.8185551802264612,0.22822390496730804,-1.190824270248413,-0.7130047678947449,-0.7911893129348755,0.060715239495038986,0.15018244087696075,0.23530279099941254,-0.8323066234588623,-0.5074095726013184,-0.4051491320133209,0.14308685064315796,0.07140694558620453,1.2891175548595275,-1.2961378248925155,-0.41754079411766154,-0.06123600751893599,-0.08985460010264167,0.10266363714767804,0.084356174,-1.1435313,0.6881161,-1.4812587,-1.7640806,-0.8177294,0.084356174,-1.1435313,0.6881161,-1.4812587,-1.7640806,-0.8177294,0.070700503885746,-1.1474281549453735,0.6781409382820129,-1.470906138420105,-1.7787216901779175,-0.8185551762580872,0.34139186,0.09741945,0.24937887,-0.25881663,0.36602694,0.02064406,-0.14494015,0.0,0.0,0.0,0.0005882349796593189,0.0002941175,1.17647,False,3,0.44611461444016376,0.11384371226110185,0.28441440123761885,0.5018618086492076,0.191702406276767,0.1197415252619279,0.9995857131755953,0.005406978446631106,0.0009741744700664657,0.028252611012218435,0.28938544,-0.09596676,0.28934506,0.3958094400075389,3.7834004615433514e-05,0.00011734900181181729,0.00048447299923282117,0.0003146330127492547,0.00015196000458672643,9.609499829821289e-05,0.001553886992041953,0.018362810005783103,0.019916696997825056,50.20912855727042,0
306,6.1400814469961915,0.07258240133523941,-1.1470334392837067,0.679507080708639,-1.472248652284481,-1.7767780462848108,-0.8184755484210413,0.26662111282348633,-1.166993498802185,-0.7507497668266296,-0.8058481812477112,0.09686825424432755,0.15996147692203522,0.23483681678771973,-0.8337075114250183,-0.507832944393158,-0.40554919838905334,0.14300183951854706,0.07396403700113297,1.5077357231906576,-1.4370200644337918,-0.2849569854028329,-0.06327176298440795,-0.08991603366824699,0.10372004327906417,0.08614444,-1.1429665,0.68942356,-1.4828333,-1.7620727,-0.8176506,0.08614444,-1.1429665,0.68942356,-1.4828333,-1.7620727,-0.8176506,0.07258240133523941,-1.147033452987671,0.6795070767402649,-1.4722486734390259,-1.7767781019210815,-0.8184755444526672,0.33905104,0.101673186,0.2479123,-0.26461422,0.36763632,0.020622948,-0.14664192,0.0,0.0,0.0,0.0005882349796593189,0.0002941175,1.17647,False,3,0.4460787085174325,0.11514835371007323,0.2838840336307917,0.5018907412231582,0.19172446169582819,0.11977056367097852,0.9995827620595087,0.005241646784708765,0.001191341087861061,0.028380667478666247,0.28938544,-0.09596676,0.28934506,0.39582856041085884,3.9924008888192475e-05,0.00011225699563510716,0.0004552819882519543,0.0002977359981741756,0.00015366700245067477,0.00014582599396817386,0.0015398679970530793,0.018257342002470978,0.019797209999524057,50.51216812995573,0
307,6.1601319709880045,0.07447891682386398,-1.1465241771987458,0.6808717886554163,-1.473637656574585,-1.774726692830221,-0.8183677832232874,0.2650481164455414,-1.2050472497940063,-0.7852457165718079,-0.7786392569541931,0.06364522874355316,0.13838833570480347,0.2359851598739624,-0.8332474827766418,-0.5079820156097412,-0.40560272336006165,0.14331835508346558,0.07668516039848328,1.4610330145747101,-1.3465851509166789,-0.38203576917031,-0.06531674970318341,-0.09462855235716007,0.10216287472586967,0.08798035,-1.1421947,0.6908483,-1.4843575,-1.7599741,-0.8175012,0.08798035,-1.1421947,0.6908483,-1.4843575,-1.7599741,-0.8175012,0.07447891682386398,-1.14652419090271,0.6808717846870422,-1.4736377000808716,-1.7747267484664917,-0.8183677792549133,0.33753583,0.10823475,0.24941209,-0.26799548,0.36881712,0.021665117,-0.14857838,0.0,0.0,0.0,0.0005882349796593189,0.0002941175,1.17647,False,3,0.44606049335325637,0.1164867573405141,0.2833054440088781,0.5019240429249837,0.1917308460111239,0.11976312943156982,0.9995817014803122,0.0054809449443657355,0.0008706445592591962,0.0283832297434004,0.28938544,-0.09596676,0.28934506,0.3958542645419985,6.749399472028017e-05,0.00016284300363622606,0.0006476569978985935,0.0002610850060591474,0.00018933899991679937,0.00011724699288606644,0.0018581109907245263,0.018044438998913392,0.01990254998963792,50.244817901255914,0
308,6.180136913986644,0.07635592669248581,-1.1459500950625916,0.682288948689596,-1.4750984919122239,-1.7727044264422815,-0.818216625844137,0.2853029668331146,-1.1650984287261963,-0.8118284940719604,-0.7957673072814941,0.08983208239078522,0.15377312898635864,0.23559683561325073,-0.8370160460472107,-0.5103868246078491,-0.4061843156814575,0.14338922500610352,0.07914002239704132,1.3401587905441512,-1.1780506258639016,-0.29769373139457256,-0.05718812711873384,-0.08630311244044561,0.0973852321421805,0.089708045,-1.1414086,0.69218487,-1.4861174,-1.7579147,-0.8173616,0.089708045,-1.1414086,0.69218487,-1.4861174,-1.7579147,-0.8173616,0.07635592669248581,-1.1459500789642334,0.6822889447212219,-1.4750984907150269,-1.7727044820785522,-0.8182166218757629,0.33380297,0.11353806,0.24739741,-0.2754718,0.36974552,0.021375734,-0.15046595,0.0,0.0,0.0,0.0005882349796593189,0.0002941175,1.17647,False,3,0.44605693101453375,0.11781143991991745,0.28269243953122775,0.5018609799886377,0.1916683524000006,0.1197620957401962,0.9995861369189949,0.00493581326128708,0.000523082893417091,0.028336000094677925,0.28938544,-0.09596676,0.28934506,0.39577543138640203,3.8349011447280645e-05,0.00011622400779742748,0.0005367519916035235,0.00034615900949575007,0.0001720930013107136,9.322399273514748e-05,0.0016088949923869222,0.018182119994889945,0.019791014987276867,50.5279795221657,0
309,6.20013022099738,0.07823309302330017,-1.1454253655723114,0.6836555639850062,-1.476480559711792,-1.7706640402423304,-0.8181489149676722,0.2675154507160187,-1.2256640195846558,-0.7886950373649597,-0.8506506681442261,0.10262365639209747,0.14633938670158386,0.2354104369878769,-0.8359441757202148,-0.5102438926696777,-0.40605711936950684,0.14366035163402557,0.07984691113233566,1.3586187923589188,-1.3409373103245141,-0.5713439959316169,-0.06756727877808197,-0.09275564825981378,0.09855988660244833,0.09150599,-1.1406511,0.69368917,-1.4876566,-1.7558573,-0.81726396,0.09150599,-1.1406511,0.69368917,-1.4876566,-1.7558573,-0.81726396,0.07823309302330017,-1.1454253196716309,0.6836555600166321,-1.4764806032180786,-1.770664095878601,-0.8181489109992981,0.3318225,0.11935609,0.25083992,-0.27939847,0.37016812,0.022124497,-0.15208489,0.0,0.0,0.0,0.0005882349796593189,0.0002941175,1.17647,False,3,0.44603225003628605,0.11913961977796943,0.2821065302425789,0.5018619623537781,0.1917469325697002,0.11971024032250074,0.9995830934338256,0.0058421013071794274,0.0012923176230597861,0.0282465069861601,0.28938544,-0.09596676,0.28934506,0.3958552902675264,8.520600385963917e-05,0.00011406600242480636,0.00045152301026973873,0.0002818729990394786,0.00014904500858392566,9.830600174609572e-05,0.0015131510008359328,0.01833235200319905,0.01984550300403498,50.38924938292974,0
310,6.220131020992994,0.08011763542890549,-1.1448268455317994,0.6850603262530726,-1.478004941051342,-1.7686846891986292,-0.8179977575885218,0.2511303424835205,-1.1708470582962036,-0.7982023358345032,-0.8176750540733337,0.13131970167160034,0.1639537662267685,0.23392434418201447,-0.835820734500885,-0.5110418200492859,-0.40667325258255005,0.1438593864440918,0.08224765956401825,1.2214629361037832,-1.2002783058554138,-0.2561503327075953,-0.05901409211181506,-0.08905009171033226,0.0960639753783904,0.09329733,-1.1397704,0.6951585,-1.4893496,-1.7538679,-0.8170822,0.09329733,-1.1397704,0.6951585,-1.4893496,-1.7538679,-0.8170822,0.08011763542890549,-1.144826889038086,0.6850603222846985,-1.4780049324035645,-1.7686847448349,-0.8179977536201477,0.3294924,0.12641388,0.25245443,-0.28361768,0.37042132,0.02288882,-0.1537305,0.0,0.0,0.0,0.0005882349796593189,0.0002941175,1.17647,False,3,0.446034645737258,0.12045988856191929,0.28149995894699686,0.5018351718306727,0.1916810041990702,0.11969380323630348,0.9995848748862849,0.0055451292397451874,0.0018609000475711816,0.02821067775106931,0.28938544,-0.09596676,0.28934506,0.3958000392464714,0.0002130130014847964,0.00011506100418046117,0.00047065800754353404,0.00024506699992343783,0.00015110000094864517,9.766800212673843e-05,0.0016253960056928918,0.0182340729952557,0.019859469000948593,50.35381358646773,0
311,6.240085806988645,0.08204152435064316,-1.1442155700973053,0.6864050070392054,-1.4795181316188355,-1.7666409651385706,-0.8179128805743616,0.2315971851348877,-1.1607036590576172,-0.7817820906639099,-0.8302658796310425,0.12720315158367157,0.1544235795736313,0.2341151386499405,-0.8360891342163086,-0.510823130607605,-0.4065396785736084,0.1439870148897171,0.08409197628498077,1.2100483876293944,-1.1809278316634841,-0.35384381937693193,-0.05810361145400475,-0.08251394436441074,0.09774792968870682,0.09515976,-1.138932,0.69646883,-1.4910169,-1.7517719,-0.81697375,0.09515976,-1.138932,0.69646883,-1.4910169,-1.7517719,-0.81697375,0.08204152435064316,-1.1442155838012695,0.6864050030708313,-1.479518175125122,-1.7666410207748413,-0.8179128766059875,0.32795593,0.13208997,0.25159508,-0.28746867,0.3717267,0.023477871,-0.15563615,0.0,0.0,0.0,0.0005882349796593189,0.0002941175,1.17647,False,3,0.4460325710602575,0.12181365095222371,0.28090464274960786,0.5018627122545947,0.19172633310080137,0.11975283209130742,0.99958592188438,0.005312051732362134,0.001055819435370129,0.028260994551796845,0.28938544,-0.09596676,0.28934506,0.3958224704994976,3.877001290675253e-05,0.00011212499521207064,0.0004525739932432771,0.0002749249979387969,0.00015495700063183904,9.947099897544831e-05,0.0014538630057359114,0.018359001987846568,0.01981286499358248,50.472256300333484,0
312,6.260135819000425,0.0838397741317749,-1.143584982757904,0.6877835432635706,-1.4810662803104897,-1.7645939032184046,-0.8177779356585901,0.23415496945381165,-1.1724705696105957,-0.8211020231246948,-0.833910346031189,0.1333448588848114,0.1460578590631485,0.23430542647838593,-0.8354495763778687,-0.5104454755783081,-0.4064261019229889,0.1439048945903778,0.08548987656831741,1.520495951904454,-1.2390827314405881,-0.272481850480138,-0.058757006511165166,-0.08824378556106934,0.0952170409481116,0.09685126,-1.1380922,0.6977961,-1.4927962,-1.7496903,-0.8168356,0.09685126,-1.1380922,0.6977961,-1.4927962,-1.7496903,-0.8168356,0.0838397741317749,-1.143584966659546,0.6877835392951965,-1.4810662269592285,-1.7645939588546753,-0.8177779316902161,0.32528716,0.13732034,0.25031424,-0.29324815,0.37259308,0.023559436,-0.15750894,0.0,0.0,0.0,0.0005882349796593189,0.0002941175,1.17647,False,3,0.4460469753485763,0.12311316666875351,0.28029458671954255,0.501867060052558,0.19168225209028336,0.11975832386432017,0.9995862888583308,0.004969951895703636,0.00031895830941308694,0.02832718720382764,0.28938544,-0.09596676,0.28934506,0.39579041351812255,5.7217999710701406e-05,0.00016297399997711182,0.0006111529946792871,0.0002505659940652549,0.00015500000154133886,0.00010203299461863935,0.0017453390028094873,0.018157220009015873,0.01990255901182536,50.24479512437758,0
313,6.280132504994981,0.08567643165588379,-1.1429213744452973,0.6892307440387171,-1.4825877708247681,-1.762538258229391,-0.8176425139056605,0.2340553104877472,-1.207913875579834,-0.7932819128036499,-0.8629782795906067,0.1204327791929245,0.15329711139202118,0.23622174561023712,-0.8376450538635254,-0.5123504996299744,-0.4068194031715393,0.14413858950138092,0.0884556770324707,1.4449459300190646,-1.0691409722629546,-0.412824998666877,-0.05841054505374138,-0.09122377129957919,0.09425046855660558,0.09856424,-1.1371881,0.6992987,-1.4945593,-1.7476456,-0.81668866,0.09856424,-1.1371881,0.6992987,-1.4945593,-1.7476456,-0.81668866,0.08567643165588379,-1.1429213285446167,0.689230740070343,-1.4825878143310547,-1.7625383138656616,-0.8176425099372864,0.3221952,0.14333044,0.2516981,-0.29928643,0.37231663,0.02384605,-0.1593093,0.0,0.0,0.0,0.0005882349796593189,0.0002941175,1.17647,False,3,0.4460448269197112,0.12443172247299375,0.27964096773935265,0.5019105250483458,0.19168970798460502,0.11976832013894119,0.9995804378380163,0.00527882549908335,0.0009413129833931871,0.02846474856155957,0.28938544,-0.09596676,0.28934506,0.3958148852599079,9.291799506172538e-05,0.00011577400437090546,0.0004750359948957339,0.0002520960115361959,0.0001520549994893372,9.704500553198159e-05,0.0015024029999040067,0.01826843700837344,0.019770840008277446,50.57954035242461,0
314,6.300119829989853,0.08750098943710327,-1.1422082346728821,0.6905978361712855,-1.4841526758721848,-1.7604544798480433,-0.8175266424762171,0.2381458580493927,-1.194664716720581,-0.7740995287895203,-0.8688713908195496,0.13032256066799164,0.15210480988025665,0.23486007750034332,-0.8398091793060303,-0.514255940914154,-0.407471626996994,0.14439626038074493,0.08962257206439972,1.2908189155415566,-1.1549422512020282,-0.3462849698075356,-0.0596304602536175,-0.09160685032096533,0.09657816375014965,0.10027442,-1.1361902,0.70069253,-1.496266,-1.745525,-0.81655437,0.10027442,-1.1361902,0.70069253,-1.496266,-1.745525,-0.81655437,0.08750098943710327,-1.142208218574524,0.6905978322029114,-1.4841526746749878,-1.760454535484314,-0.817526638507843,0.31933573,0.1504515,0.25236753,-0.30283436,0.37323692,0.024307122,-0.1612525,0.0,0.0,0.0,0.0005882349796593189,0.0002941175,1.17647,False,3,0.4460612565693588,0.12575384533081788,0.2789994632671777,0.5018425570912121,0.191672264053646,0.11971463769076753,0.9995863879839048,0.005540240351596478,0.0008134498050988195,0.02820769734666314,0.28938544,-0.09596676,0.28934506,0.3957887217653854,4.049499693792313e-05,0.00011301098857074976,0.00045346899423748255,0.0002825339906848967,0.00015292000898625702,0.00014466900029219687,0.001510624002548866,0.01833165499556344,0.019842278998112306,50.397436710527806,0
315,6.320083050988615,0.0893024206161499,-1.1414410036853333,0.6919949690448206,-1.4857925561121483,-1.7583845297442835,-0.817395035420553,0.24306656420230865,-1.2263832092285156,-0.7894341945648193,-0.8491566181182861,0.12929922342300415,0.14996924996376038,0.23390285670757294,-0.840369462966919,-0.5141962170600891,-0.40765294432640076,0.14447133243083954,0.09108498692512512,1.2650269419971893,-1.1545774038655479,-0.5084783278570499,-0.05838040154858554,-0.0820501549417376,0.09527469001435784,0.10198481,-1.1351663,0.7020857,-1.4980644,-1.7434295,-0.8164027,0.10198481,-1.1351663,0.7020857,-1.4980644,-1.7434295,-0.8164027,0.0893024206161499,-1.141440987586975,0.6919949650764465,-1.4857925176620483,-1.7583845853805542,-0.817395031452179,0.31705973,0.15686867,0.25226784,-0.30679563,0.3738767,0.02480921,-0.16312371,0.0,0.0,0.0,0.0005882349796593189,0.0002941175,1.17647,False,3,0.4460939121309197,0.127064573484932,0.27833587603325366,0.5018836226227797,0.1916957823139633,0.11971727303400728,0.9995877362319134,0.005322043705599998,0.0011665686539438346,0.028190371198348618,0.28938544,-0.09596676,0.28934506,0.395826728913221,4.020500637125224e-05,0.00011183800233993679,0.00047146499855443835,0.00030405000143218786,0.00015870599600020796,9.685401164460927e-05,0.0015037609991850331,0.018311291001737118,0.01981505200092215,50.46668562633407,0
316,6.34009356299066,0.09109107404947281,-1.1406442087939759,0.6933415571795862,-1.4874728930047532,-1.7563045660602015,-0.817263428364889,0.2461363673210144,-1.1263506412506104,-0.774588942527771,-0.8280477523803711,0.0760180726647377,0.15742209553718567,0.2333175390958786,-0.8399755954742432,-0.5142936110496521,-0.4074074327945709,0.14475643634796143,0.09269635379314423,1.2624187796913777,-1.167158349722036,-0.29609890169067477,-0.055736301160472145,-0.0844880591674546,0.0934702573347061,0.10366959,-1.1340463,0.7035285,-1.4998891,-1.7413925,-0.8162323,0.10366959,-1.1340463,0.7035285,-1.4998891,-1.7413925,-0.8162323,0.09109107404947281,-1.1406441926956177,0.6933415532112122,-1.4874728918075562,-1.7563046216964722,-0.8172634243965149,0.31446287,0.16494805,0.2546735,-0.31040478,0.37280273,0.025777858,-0.1649257,0.0,0.0,0.0,0.0005882349796593189,0.0002941175,1.17647,False,3,0.44613951000801155,0.12837399083236375,0.2776832623959231,0.5018585018067955,0.1916904500444213,0.11974757880105395,0.9995901618629506,0.005137778240374756,0.0006452891677340721,0.028154750875858118,0.28938544,-0.09596676,0.28934506,0.3957963813073018,6.0613994719460607e-05,0.0001527459971839562,0.0006829869962530211,0.0003071410028496757,0.0004134560003876686,0.00036930399073753506,0.002451180000207387,0.017393781003193,0.019844961003400385,50.39062560156467,0
317,6.360165880993009,0.09288434684276581,-1.1398612719825287,0.6947343985186976,-1.4891405639103432,-1.7542608420001429,-0.8171284834491175,0.229447603225708,-1.165802240371704,-0.7896009683609009,-0.8017200231552124,0.1269698143005371,0.16898708045482635,0.23327139019966125,-0.8399004936218262,-0.5149014592170715,-0.4074435830116272,0.14503850042819977,0.09408833831548691,1.3856982550348864,-1.1221916026100318,-0.3168281393252233,-0.0520313866920926,-0.08351123531941085,0.09289947307140886,0.10535409,-1.133051,0.7048263,-1.5017207,-1.739262,-0.8161021,0.10535409,-1.133051,0.7048263,-1.5017207,-1.739262,-0.8161021,0.09288434684276581,-1.1398612260818481,0.6947343945503235,-1.489140510559082,-1.7542608976364136,-0.8171284794807434,0.31174365,0.1702561,0.25229728,-0.3145048,0.37497148,0.025659675,-0.16698128,0.0,0.0,0.0,0.0005882349796593189,0.0002941175,1.17647,False,3,0.44617150560148533,0.1296768328963176,0.27702038242515137,0.5018259304307964,0.19171593824176178,0.11971682163349776,0.9995830797211424,0.00606105333147963,0.001418599254093319,0.028194946476850648,0.28938544,-0.09596676,0.28934506,0.395810602985466,4.8721005441620946e-05,0.00014168200141284615,0.0006310960015980527,0.0005028390005463734,0.00022317499679047614,0.0002911060000769794,0.0024087789934128523,0.01748374500311911,0.019892523996531963,50.270141696163776,0
318,6.38011381898832,0.09464121609926224,-1.138982669716217,0.6961682478534144,-1.4907647159746666,-1.7521618048297327,-0.8169882933246058,0.2701614797115326,-1.1658076047897339,-0.7480155229568481,-0.8546916842460632,0.10251713544130325,0.15768493711948395,0.232880637049675,-0.8388651609420776,-0.5148566365242004,-0.4075080454349518,0.14502891898155212,0.09635262936353683,1.4152989814622234,-1.068420958208542,-0.41641995864227555,-0.05895837235443153,-0.09062811132579186,0.09328713571890991,0.10697022,-1.1318879,0.7062639,-1.5035441,-1.737167,-0.81595194,0.10697022,-1.1318879,0.7062639,-1.5035441,-1.737167,-0.81595194,0.09464121609926224,-1.1389826536178589,0.6961682438850403,-1.4907647371292114,-1.7521618604660034,-0.8169882893562317,0.30822507,0.1773672,0.2523918,-0.31948456,0.37487236,0.025909275,-0.16899154,0.0,0.0,0.0,0.0005882349796593189,0.0002941175,1.17647,False,3,0.44620292119860705,0.13097689918366542,0.2762903730031222,0.5018440000581168,0.19169963230107664,0.1197162473103465,0.9995908783198901,0.0055494544270924895,0.0006394857941284338,0.02805220544240262,0.28938544,-0.09596676,0.28934506,0.3958086967695787,4.417600575834513e-05,0.0001326240017078817,0.0005427610012702644,0.0002995180111611262,0.0002971219946630299,0.00012722799147013575,0.0019322930020280182,0.017826392999268137,0.019758686001296155,50.61065295204351,0
319,6.400151096997433,0.09637438505887985,-1.138103650217392,0.6975610891925257,-1.4924933177283783,-1.7501147429095667,-0.8168605009662073,0.23328587412834167,-1.1701409816741943,-0.7327911853790283,-0.8451642394065857,0.11347723752260208,0.1501414030790329,0.2333189994096756,-0.842671275138855,-0.517221987247467,-0.4080289304256439,0.1452430933713913,0.09882359206676483,1.16665022803384,-1.2049003313019029,-0.15500136776683354,-0.05807664092589636,-0.07960874547094156,0.09356640972614796,0.10858738,-1.130731,0.7077357,-1.5054418,-1.7351422,-0.81580347,0.10858738,-1.130731,0.7077357,-1.5054418,-1.7351422,-0.81580347,0.09637438505887985,-1.1381036043167114,0.6975610852241516,-1.4924932718276978,-1.7501147985458374,-0.8168604969978333,0.30532473,0.18431549,0.2543657,-0.32371402,0.37431392,0.026425293,-0.17083168,0.0,0.0,0.0,0.0005882349796593189,0.0002941175,1.17647,False,3,0.4462566017618478,0.13225706106621757,0.275594057621874,0.5018619269547461,0.1917067107997404,0.11970875345775128,0.9995856541056047,0.0053190711687908865,0.0007929933575124744,0.02827631000374771,0.28938544,-0.09596676,0.28934506,0.39582667564263413,7.0957001298666e-05,0.00012674799654632807,0.0005424499977380037,0.00030281199724413455,0.0002722950011957437,0.00010833099076990038,0.0018858740077121183,0.017978691001189873,0.01986456500890199,50.34089593967277,0
320,6.4202061429969035,0.09814634174108505,-1.1371486645988007,0.6989358107196253,-1.4942288932255288,-1.748071018849508,-0.8166783491717737,0.24547523260116577,-1.2067116498947144,-0.7386777400970459,-0.8089991211891174,0.10580454766750336,0.15817633271217346,0.23215223848819733,-0.842349648475647,-0.5173364281654358,-0.4079607129096985,0.1454589068889618,0.09993521869182587,1.1248809236219448,-1.1239775164770391,-0.14962565912777165,-0.05288697542093568,-0.07963003172144092,0.09093851523470331,0.11026367,-1.12946,0.70915884,-1.5072963,-1.7331147,-0.815585,0.11026367,-1.12946,0.70915884,-1.5072963,-1.7331147,-0.815585,0.09814634174108505,-1.1371486186981201,0.6989358067512512,-1.4942288398742676,-1.7480710744857788,-0.8166783452033997,0.30293313,0.19221634,0.25557506,-0.3266866,0.37390926,0.027333885,-0.17295948,0.0,0.0,0.0,0.0005882349796593189,0.0002941175,1.17647,False,3,0.4463128406191261,0.133555574211073,0.27487099570145773,0.5018494721786744,0.1917151847814715,0.11973892996472361,0.9995876022037502,0.005252032662756587,0.0006271728011946636,0.02822430051417248,0.28938544,-0.09596676,0.28934506,0.3958132173272604,0.00018147099763154984,0.0001225300075020641,0.0005158429994480684,0.00030038499971851707,0.00027089200739283115,0.00010842399206012487,0.001937924011144787,0.01794949799659662,0.019887422007741407,50.283038174115205,0
321,6.440085973998066,0.09978461265563965,-1.1362168353847046,0.7003524939166468,-1.4959772166660805,-1.7459872404681605,-0.8165820280658167,0.2875518500804901,-1.206470251083374,-0.7807562351226807,-0.7870776057243347,0.09171980619430542,0.17231911420822144,0.2317180335521698,-0.8431217670440674,-0.5174769759178162,-0.4080433249473572,0.1453612893819809,0.10098011791706085,1.2206330977774698,-1.1631266837074774,-0.3140593658105711,-0.05549950869460896,-0.07969052909935577,0.09369068652907697,0.11176197,-1.1282637,0.7104505,-1.5092454,-1.7309989,-0.81548864,0.11176197,-1.1282637,0.7104505,-1.5092454,-1.7309989,-0.81548864,0.09978461265563965,-1.1362168788909912,0.7003524899482727,-1.4959771633148193,-1.7459872961044312,-0.8165820240974426,0.29943395,0.19882883,0.2524495,-0.33170632,0.37471068,0.027335217,-0.17529811,0.0,0.0,0.0,0.0005882349796593189,0.0002941175,1.17647,False,3,0.4463773419527404,0.13480394534328582,0.27414440945197166,0.5018512910540802,0.19167149237123748,0.11971177224496175,0.9995929751020921,0.005757130224787636,0.0011032725108300137,0.027919310200922386,0.28938544,-0.09596676,0.28934506,0.3957940774551096,3.941199975088239e-05,0.0001170920004369691,0.0005750599957536906,0.00026549299946054816,0.00016592101019341499,0.00029899099899921566,0.0018949890072690323,0.017819221000536345,0.019714210007805377,50.724832473838596,0
322,6.460085984988837,0.10154018551111221,-1.135222153072693,0.7017224470721644,-1.497752622967102,-1.7439082304583948,-0.8164222876178187,0.23167364299297333,-1.2192295789718628,-0.7676628828048706,-0.8271212577819824,0.09018050879240036,0.14947400987148285,0.23242799937725067,-0.8427393436431885,-0.5175497531890869,-0.4079529345035553,0.1452682763338089,0.10333000123500824,1.284222406778873,-1.1107077802094294,-0.2048833836680134,-0.05433758382196759,-0.08282266621019996,0.09113509317524579,0.11336827,-1.1269594,0.71185124,-1.5112382,-1.7290006,-0.81530863,0.11336827,-1.1269594,0.71185124,-1.5112382,-1.7290006,-0.81530863,0.10154018551111221,-1.1352221965789795,0.7017224431037903,-1.4977526664733887,-1.7439082860946655,-0.8164222836494446,0.2957021,0.20657028,0.2532194,-0.33713934,0.37269437,0.027840909,-0.17736879,0.0,0.0,0.0,0.0005882349796593189,0.0002941175,1.17647,False,3,0.446438670359677,0.13610591073795442,0.27341049266224393,0.501893503991368,0.19169557651619276,0.11978884502110247,0.9995848982319405,0.005042212809761759,0.0002415517600897835,0.028364074574060268,0.28938544,-0.09596676,0.28934506,0.3958012184071297,0.00011570000788196921,0.00011617600102908909,0.0005326809914549813,0.0002993380039697513,0.00020191300427541137,0.00011757200991269201,0.0018699570064200088,0.017973042995436117,0.019843000001856126,50.395605498486084,0
323,6.480085787989083,0.10319690406322479,-1.1341215831092377,0.703167740498678,-1.4995286551168938,-1.7418668905841272,-0.8162668387042444,0.2479090392589569,-1.195067286491394,-0.7490463852882385,-0.797857940196991,0.10216817259788513,0.15574795007705688,0.230736643075943,-0.8454436659812927,-0.519788920879364,-0.4084848463535309,0.14545977115631104,0.10650647431612015,1.2568959782971862,-0.917015731696503,-0.27332313375865475,-0.05333584190589971,-0.08511469505370274,0.09112087491442734,0.114902996,-1.1255546,0.7133829,-1.5131214,-1.7269557,-0.81513274,0.114902996,-1.1255546,0.7133829,-1.5131214,-1.7269557,-0.81513274,0.10319690406322479,-1.1341215372085571,0.703167736530304,-1.4995286464691162,-1.741866946220398,-0.8162668347358704,0.2926523,0.21417369,0.2553797,-0.33981892,0.37278098,0.028352087,-0.17927676,0.0,0.0,0.0,0.0005882349796593189,0.0002941175,1.17647,False,3,0.44651435598708156,0.13735610527167835,0.27260307961102004,0.5018864506439722,0.19171157338084202,0.11972984125920946,0.9995789854432784,0.00578737414096413,0.0009615775764518134,0.028415527342731676,0.28938544,-0.09596676,0.28934506,0.3958343375613328,6.992000271566212e-05,0.00012256800255272537,0.0005320619966369122,0.0002912339987233281,0.00017033499898388982,0.00020921700343023986,0.0018505280022509396,0.018004012992605567,0.019854540994856507,50.36631167948223,0
324,6.500089137000032,0.10486523061990738,-1.133042113190033,0.7045534292804163,-1.501351611023285,-1.7397673765765589,-0.8161113897906702,0.2364678978919983,-1.22922945022583,-0.7081590890884399,-0.8062635064125061,0.10591110587120056,0.15578441321849823,0.23099732398986816,-0.846378743648529,-0.5205919742584229,-0.40890267491340637,0.1454596370458603,0.10655021667480469,1.2851111583212034,-0.9536180807783713,-0.29974633116339666,-0.04402263574523263,-0.07907456769924379,0.08916361432320015,0.11640026,-1.1241782,0.714753,-1.5151702,-1.7249031,-0.814974,0.11640026,-1.1241782,0.714753,-1.5151702,-1.7249031,-0.814974,0.10486523061990738,-1.1330420970916748,0.7045534253120422,-1.5013515949249268,-1.7397674322128296,-0.8161113858222961,0.2883757,0.22159679,0.2549893,-0.34546676,0.37160793,0.028433882,-0.18136816,0.0,0.0,0.0,0.0005882349796593189,0.0002941175,1.17647,False,3,0.4465952633761271,0.13862697652072156,0.27183207021791345,0.5018852361101627,0.19167111861351777,0.11975936368544901,0.9995795943643456,0.0051470514617314445,0.000819313532339924,0.02852095044116211,0.28938544,-0.09596676,0.28934506,0.3957916349517999,6.131800182629377e-05,0.00014629100041929632,0.0005596859991783276,0.0002960359997814521,0.00017556299280840904,9.228500130120665e-05,0.001742018008371815,0.01810685200325679,0.019848870011628605,50.38070174343137,0
325,6.520118984990404,0.10649001598358154,-1.1319302779487153,0.7059600988971155,-1.503242166047432,-1.7377193609820765,-0.8159874121295374,0.2694258391857147,-1.2003264427185059,-0.7457953095436096,-0.7919636368751526,0.1269541233778,0.1586254984140396,0.23031260073184967,-0.8451201915740967,-0.5196564197540283,-0.40843111276626587,0.14546546339988708,0.10822518914937973,1.0902779315841498,-0.9613656340232967,-0.19596504893169991,-0.044407953701044514,-0.07206492334494377,0.08770810072984964,0.117921315,-1.1227959,0.7160922,-1.5171856,-1.7228333,-0.81483513,0.117921315,-1.1227959,0.7160922,-1.5171856,-1.7228333,-0.81483513,0.10649001598358154,-1.1319302320480347,0.7059600949287415,-1.5032421350479126,-1.7377194166183472,-0.8159874081611633,0.28578243,0.22835818,0.25330335,-0.34858662,0.37215272,0.028806867,-0.18338503,0.0,0.0,0.0,0.0005882349796593189,0.0002941175,1.17647,False,3,0.44669242443052254,0.1398685216563249,0.2710517886472183,0.5018829365477449,0.19173366210682594,0.11975640416692482,0.9995844649191454,0.0055389166065315755,0.0008823215173156657,0.02827383899018135,0.28938544,-0.09596676,0.28934506,0.3958371236373171,7.3611008701846e-05,0.0001243959995917976,0.0005667380028171465,0.0002875360078178346,0.0001772539981175214,9.410700295120478e-05,0.0017714550049277022,0.018099228997016326,0.019870684001944028,50.32539392716255,0
326,6.540167909988668,0.10811896622180939,-1.130732999449112,0.7073834578143519,-1.505054884856083,-1.7356632391559046,-0.8158043066607874,0.23599842190742493,-1.2025309801101685,-0.787108302116394,-0.7976359724998474,0.10976598411798477,0.14285022020339966,0.22974242269992828,-0.8468841910362244,-0.5207830667495728,-0.40875759720802307,0.1455964744091034,0.11015758663415909,1.2696334706201606,-0.8988162706837617,-0.25341560649183353,-0.04854303348625566,-0.08144858274595537,0.09090576001008008,0.119376145,-1.1212609,0.71751314,-1.5191727,-1.7208339,-0.8146347,0.119376145,-1.1212609,0.71751314,-1.5191727,-1.7208339,-0.8146347,0.10811896622180939,-1.1307330131530762,0.7073834538459778,-1.5050548315048218,-1.7356632947921753,-0.8158043026924133,0.2814294,0.23680371,0.2532426,-0.35294506,0.37073553,0.029240608,-0.18589342,0.0,0.0,0.0,0.0005882349796593189,0.0002941175,1.17647,False,3,0.44677786959237986,0.14111378379412218,0.2702135844776078,0.5018807884205694,0.19172490186253255,0.11969004833463666,0.9995853961514802,0.00509377210163214,0.00143317356873416,0.028303303130081753,0.28938544,-0.09596676,0.28934506,0.39585803734542346,6.192299770191312e-05,0.0001227690081577748,0.000656411997624673,0.00023208600759971887,0.00023308998788706958,0.0001171850017271936,0.0019109170098090544,0.017974253991269507,0.01988517100107856,50.28873022745243,0
327,6.560081045987317,0.10973513126373291,-1.129565880899765,0.7088287512408655,-1.506985144024231,-1.733584229146139,-0.8156607786761683,0.25407668948173523,-1.237215280532837,-0.7918503880500793,-0.7757371664047241,0.1407092958688736,0.14644794166088104,0.22996830940246582,-0.849481999874115,-0.5226223468780518,-0.4092813730239868,0.14581090211868286,0.11090464890003204,1.2525489261060156,-0.8277361367745075,-0.2730551846986426,-0.04741450635958548,-0.08365289924055007,0.08823366236363916,0.12082648,-1.1197761,0.7189692,-1.5213007,-1.7188097,-0.81447905,0.12082648,-1.1197761,0.7189692,-1.5213007,-1.7188097,-0.81447905,0.10973513126373291,-1.1295658349990845,0.7088287472724915,-1.5069851875305176,-1.7335842847824097,-0.8156607747077942,0.27728376,0.24474165,0.25351128,-0.35788792,0.36936465,0.029543411,-0.1880591,0.0,0.0,0.0,0.0005882349796593189,0.0002941175,1.17647,False,3,0.4468763007507987,0.14236108169261522,0.26939968574194173,0.501893971162799,0.19167542767456397,0.11973796605731472,0.9995823215152605,0.005471758793054346,0.001021972036734741,0.028357557197449465,0.28938544,-0.09596676,0.28934506,0.3958086249766035,3.9785998524166644e-05,0.00012681201042141765,0.0005524580046767369,0.00024265499087050557,0.00023662399325985461,0.00010603900591377169,0.0017504639981780201,0.017993388988543302,0.019743852986721322,50.64867534581763,0
328,6.580094813994947,0.11135563254356384,-1.1283230048469086,0.7101934591876429,-1.5089206260493775,-1.7315352598773401,-0.8154972235309046,0.24394533038139343,-1.1917701959609985,-0.7997046113014221,-0.7986363768577576,0.10703227669000626,0.1552354246377945,0.22908204793930054,-0.8492182493209839,-0.5228777527809143,-0.4091094732284546,0.14580616354942322,0.11140888184309006,1.211637524443945,-1.0897748478163418,-0.1632331824204083,-0.05531223060831173,-0.08413460750248458,0.0931210108605377,0.12230067,-1.1182706,0.7202719,-1.5234032,-1.7167567,-0.814317,0.12230067,-1.1182706,0.7202719,-1.5234032,-1.7167567,-0.814317,0.11135563254356384,-1.128322958946228,0.7101934552192688,-1.508920669555664,-1.7315353155136108,-0.8154972195625305,0.27362585,0.25130954,0.2519602,-0.36206198,0.36946496,0.029506184,-0.18995656,0.0,0.0,0.0,0.0005882349796593189,0.0002941175,1.17647,False,3,0.44698771111468805,0.143605935498858,0.2685816092923204,0.5018510840186539,0.19173183886742085,0.11969671766153919,0.9995867981236891,0.0055912802150843354,0.0007043928638397281,0.028187430778297627,0.28938544,-0.09596676,0.28934506,0.3958442762991546,6.0346006648615e-05,0.0001356879947707057,0.0006691519956802949,0.00030371399770956486,0.0002313049917574972,0.00011933399946428835,0.0020123220019740984,0.017824827998992987,0.019837150000967085,50.41046722695794,0
329,6.600084046993288,0.11292403191328049,-1.1270486575416108,0.7116201559649866,-1.5108163629523297,-1.7294672171222132,-0.8153498808490198,0.22118724882602692,-1.1682476997375488,-0.7870835065841675,-0.8416424989700317,0.12923552095890045,0.15677553415298462,0.22890695929527283,-0.8508877754211426,-0.523478627204895,-0.4094347357749939,0.14580827951431274,0.11335046589374542,1.3914673595895493,-0.9225294353714999,-0.4760315082604425,-0.047199736536881635,-0.08554553602015767,0.08778897595225178,0.1237111,-1.1167313,0.7216599,-1.5255358,-1.7147698,-0.8141629,0.1237111,-1.1167313,0.7216599,-1.5255358,-1.7147698,-0.8141629,0.11292403191328049,-1.1270486116409302,0.7116201519966125,-1.5108163356781006,-1.7294672727584839,-0.8153498768806458,0.26967672,0.25793275,0.25099298,-0.36798838,0.36743644,0.02967456,-0.19206282,0.0,0.0,0.0,0.0005882349796593189,0.0002941175,1.17647,False,3,0.4470912215452663,0.14483145639107498,0.26771995093100864,0.5018544652100262,0.19172868472162322,0.11971913614100534,0.9995897445832771,0.005245770799663945,0.0008764224833953667,0.028143513649695005,0.28938544,-0.09596676,0.28934506,0.395834191265217,4.7981986426748335e-05,0.0001267220068257302,0.0005532600043807179,0.00028207800642121583,0.0002862590044969693,0.00010290498903486878,0.001975003004190512,0.017871293995995075,0.019846297000185587,50.387233446655,0
330,6.620202346995939,0.11448757350444794,-1.1257426899722596,0.7130139509784144,-1.5128354851952572,-1.7274354139911097,-0.8151982466327112,0.2525748014450073,-1.1970436573028564,-0.8200746178627014,-0.8339327573776245,0.13726994395256042,0.1565810590982437,0.22951121628284454,-0.8539640307426453,-0.5253490805625916,-0.4100032448768616,0.14600500464439392,0.11419492214918137,1.2320151800702526,-0.7532007927377646,-0.2459855871450043,-0.03724772505600203,-0.08469118396479125,0.08561124977746616,0.1250933,-1.1150637,0.72298557,-1.5276814,-1.7127385,-0.81399894,0.1250933,-1.1150637,0.72298557,-1.5276814,-1.7127385,-0.81399894,0.11448757350444794,-1.1257426738739014,0.7130139470100403,-1.5128355026245117,-1.7274354696273804,-0.8151982426643372,0.26514316,0.26697448,0.24928989,-0.3711452,0.36742452,0.029982872,-0.19469781,0.0,0.0,0.0,0.0005882349796593189,0.0002941175,1.17647,False,3,0.4472213986399613,0.14605039844310458,0.2668765960091237,0.5018766808445337,0.1917275499614765,0.11978358240626957,0.9995828628754971,0.005065974706773947,0.00048487354088097833,0.028428350568152558,0.28938544,-0.09596676,0.28934506,0.395817679552804,6.0552003560587764e-05,0.00014276799629442394,0.0005695449945051223,0.0002723340003285557,0.00017891899915412068,0.0001901380019262433,0.001863836994743906,0.01809984300052747,0.019963679995271377,50.090965204654715,0
331,6.640085308987182,0.11599273234605789,-1.1243846875480195,0.7144048849688929,-1.514793114071228,-1.725367848073141,-0.8150303999530237,0.24172666668891907,-1.1968072652816772,-0.8116496205329895,-0.8223040699958801,0.13811084628105164,0.14799092710018158,0.22918358445167542,-0.8560889959335327,-0.5265953540802002,-0.4103061258792877,0.14601020514965057,0.11443449556827545,1.208570535082871,-0.7253935161074314,-0.05306108128466874,-0.03952121493862795,-0.06993173970469296,0.08649444881470195,0.12640636,-1.1133547,0.7244481,-1.5297873,-1.7107296,-0.8138136,0.12640636,-1.1133547,0.7244481,-1.5297873,-1.7107296,-0.8138136,0.11599273234605789,-1.1243846416473389,0.7144048810005188,-1.5147931575775146,-1.7253679037094116,-0.8150303959846497,0.26034045,0.27574936,0.25108066,-0.37485334,0.36595815,0.030418854,-0.19720672,0.0,0.0,0.0,0.0005882349796593189,0.0002941175,1.17647,False,3,0.4473493933023326,0.1472516339830396,0.26599909421700835,0.5018558805252237,0.191656903693357,0.1197160596541958,0.9995871792501178,0.005637700022501103,0.0007814585576126565,0.028161793614075063,0.28938544,-0.09596676,0.28934506,0.39578410164443617,3.9606005884706974e-05,0.0001141700049629435,0.0005790680006612092,0.00026072100445162505,0.0003328749880893156,0.00010450099944137037,0.0018583680066512898,0.01786782799172215,0.01972619599837344,50.69401115564586,0
332,6.660086894989945,0.11748263984918594,-1.1229135257056733,0.7158778349505823,-1.5168516759625454,-1.7233346144305628,-0.8148554007159632,0.26376771926879883,-1.2385659217834473,-0.8491201996803284,-0.8478475213050842,0.11539893597364426,0.16442011296749115,0.22847482562065125,-0.8565624356269836,-0.5273789763450623,-0.41039401292800903,0.1460943967103958,0.11420706659555435,1.363610640802329,-0.9658249123027359,-0.3192037242626247,-0.047177173988657846,-0.08123540227019323,0.09038474350775887,0.12775126,-1.1116333,0.7257766,-1.5320584,-1.7087013,-0.81364065,0.12775126,-1.1116333,0.7257766,-1.5320584,-1.7087013,-0.81364065,0.11748263984918594,-1.1229134798049927,0.7158778309822083,-1.5168516635894775,-1.7233346700668335,-0.8148553967475891,0.2567156,0.2820055,0.24746953,-0.3801659,0.3658364,0.030367984,-0.19932179,0.0,0.0,0.0,0.0005882349796593189,0.0002941175,1.17647,False,3,0.44749843999738853,0.1484413386013466,0.26505749298013054,0.5018811068147883,0.19167103979658,0.11977203577857742,0.9995844589836501,0.0055317791791351135,0.0005341135659458745,0.02828491271315221,0.28938544,-0.09596676,0.28934506,0.3957839311717317,5.7514000218361616e-05,0.00014963799912948161,0.0005578260024776682,0.00024377400404773653,0.0001844509970396757,9.610700362827629e-05,0.0017192130035255104,0.018129253992810845,0.019848466996336356,50.381724703705366,0
333,6.68009335998795,0.11893286556005478,-1.1214479965022583,0.7172263304339808,-1.518864483838417,-1.7213075796710413,-0.8147075811969202,0.22468656301498413,-1.2113600969314575,-0.8316314816474915,-0.8804163336753845,0.09036189317703247,0.14791487157344818,0.22698108851909637,-0.856040358543396,-0.527060329914093,-0.4100441336631775,0.14618633687496185,0.11461221426725388,1.305169402094162,-0.7763564443563702,-0.3265136706374596,-0.039513201582180524,-0.0857998420922862,0.0861550248875397,0.12905917,-1.1097844,0.72732,-1.5341595,-1.7068155,-0.81344545,0.12905917,-1.1097844,0.72732,-1.5341595,-1.7068155,-0.81344545,0.11893286556005478,-1.121448040008545,0.7172263264656067,-1.5188645124435425,-1.721307635307312,-0.8147075772285461,0.25315732,0.29159328,0.252342,-0.38237554,0.36230344,0.031553373,-0.20135437,0.0,0.0,0.0,0.0005882349796593189,0.0002941175,1.17647,False,3,0.4476524723028112,0.14961292716803581,0.26415550036893587,0.5018841966073941,0.19165236082154893,0.1197491961502478,0.9995816112364037,0.005515905114880463,0.0012583491292116583,0.02836579660483468,0.28938544,-0.09596676,0.28934506,0.39578180175448074,7.481098873540759e-05,0.00012373700155876577,0.0005340130010154098,0.00026319100288674235,0.00017341900093015283,0.00018860799900721759,0.0018256640032632276,0.018026767997071147,0.019852432000334375,50.37166227206606,0
334,6.700130008990527,0.12044050544500351,-1.1199767154506226,0.718604866658346,-1.52097528920088,-1.7192562262164515,-0.8145211378680628,0.21887822449207306,-1.219650387763977,-0.8037704825401306,-0.8624278903007507,0.10977672040462494,0.15456056594848633,0.22690260410308838,-0.8578122854232788,-0.5281696915626526,-0.4104771912097931,0.1463359296321869,0.11596236377954483,1.076238452298488,-0.7960076894572247,-0.31290390969077897,-0.04125636863962438,-0.08001125263382639,0.08944176066057122,0.13037047,-1.1080391,0.7285741,-1.5364747,-1.7047764,-0.8132731,0.13037047,-1.1080391,0.7285741,-1.5364747,-1.7047764,-0.8132731,0.12044050544500351,-1.1199767589569092,0.7186048626899719,-1.5209752321243286,-1.7192562818527222,-0.8145211338996887,0.24824902,0.2984417,0.24923119,-0.38748652,0.36199763,0.031201301,-0.20333327,0.0,0.0,0.0,0.0005882349796593189,0.0002941175,1.17647,False,3,0.44780865283142257,0.15081848145185606,0.2632549311925094,0.5018768604316484,0.19173018772353614,0.11970850447689811,0.9995915114202072,0.005560605653679919,0.0015011746606602703,0.027994158219219266,0.28938544,-0.09596676,0.28934506,0.39585186092594277,6.829699850641191e-05,0.0001349179947283119,0.0005524900043383241,0.00031226400460582227,0.0003083789924858138,0.00011699300375767052,0.0019810869998764247,0.017891005001729354,0.01987209200160578,50.32182821613317,0
335,6.7201143839920405,0.12184610217809677,-1.118361012344696,0.7199714819537562,-1.5230669055930157,-1.7172396818744105,-0.8143294493304651,0.19774596393108368,-1.2494734525680542,-0.7792749404907227,-0.8362557888031006,0.11373008042573929,0.14035652577877045,0.22633513808250427,-0.8566089868545532,-0.5271598100662231,-0.41000187397003174,0.14607875049114227,0.11767099052667618,1.2993404585935966,-0.7839850598710841,-0.40847631320589634,-0.03870913125843465,-0.0827391320856061,0.0873370902657191,0.13160926,-1.106076,0.7300021,-1.5386782,-1.7028399,-0.8130489,0.13160926,-1.106076,0.7300021,-1.5386782,-1.7028399,-0.8130489,0.12184610217809677,-1.118360996246338,0.7199714779853821,-1.5230668783187866,-1.7172397375106812,-0.8143294453620911,0.2440788,0.30712414,0.25076512,-0.39028344,0.35999814,0.032013915,-0.20601143,0.0,0.0,0.0,0.0005882349796593189,0.0002941175,1.17647,False,3,0.447989425082627,0.15197248694933083,0.26228962586083665,0.5018735733576702,0.19171678687853777,0.11969621309697083,0.9995768501174874,0.00547097205695368,0.0011797790451684995,0.028544220595428892,0.28938544,-0.09596676,0.28934506,0.3958456246571927,0.0003612000000430271,0.00012920500012114644,0.0005721699999412522,0.00035682298766914755,0.0001954829931491986,0.00013436599692795426,0.0021037550031905994,0.017701240998576395,0.019804996001766995,50.49231011764811,0
336,6.740094807988498,0.12327873706817627,-1.1167994004539032,0.7213533560382288,-1.5251836825958272,-1.7152121702777308,-0.8141892592059534,0.22343900799751282,-1.2130295038223267,-0.8069785833358765,-0.8236207962036133,0.09661215543746948,0.14820048213005066,0.2269868403673172,-0.8610065579414368,-0.5297780632972717,-0.4106988310813904,0.14619873464107513,0.11985430121421814,1.0387222397722222,-0.760494671221238,-0.06652021296660948,-0.035123436364568356,-0.06784942501947107,0.08644475243294776,0.13287613,-1.1042067,0.73127455,-1.5409976,-1.7008907,-0.8128951,0.13287613,-1.1042067,0.73127455,-1.5409976,-1.7008907,-0.8128951,0.12327873706817627,-1.1167993545532227,0.7213533520698547,-1.5251836776733398,-1.7152122259140015,-0.8141892552375793,0.23993464,0.31481728,0.24803029,-0.39534882,0.35803863,0.032353137,-0.20819981,0.0,0.0,0.0,0.0005882349796593189,0.0002941175,1.17647,False,3,0.44815815954126936,0.15314146433494924,0.26134733979104996,0.501850487646416,0.1917112750812016,0.11972769619804653,0.9995882148502334,0.00526190769485718,0.0007891168067201046,0.028197343157832545,0.28938544,-0.09596676,0.28934506,0.39581573463567804,5.660600436385721e-05,0.00011698399612214416,0.0005933949869358912,0.00027905199385713786,0.00018294400069862604,0.00010057899635285139,0.0017424539983039722,0.018098337997798808,0.01984079199610278,50.40121383241277,0
337,6.76015313899552,0.12465192377567291,-1.115154193048813,0.7227643171893519,-1.527258762424328,-1.7132585684405726,-0.8140218893634241,0.21914030611515045,-1.2599012851715088,-0.797714352607727,-0.8492183089256287,0.09282077848911285,0.1567896008491516,0.2258523851633072,-0.8604149222373962,-0.5298269987106323,-0.41065579652786255,0.14626285433769226,0.12225669622421265,1.2007916907389509,-0.7948914143158945,-0.32847223296819184,-0.04115924039520619,-0.08060566382264023,0.08417523567369213,0.13404304,-1.102229,0.7325882,-1.543232,-1.6989535,-0.8127225,0.13404304,-1.102229,0.7325882,-1.543232,-1.6989535,-0.8127225,0.12465192377567291,-1.1151541471481323,0.7227643132209778,-1.5272587537765503,-1.7132586240768433,-0.81402188539505,0.23477787,0.32312986,0.24559578,-0.3993303,0.35762665,0.032484245,-0.21091965,0.0,0.0,0.0,0.0005882349796593189,0.0002941175,1.17647,False,3,0.4483303107187159,0.15426682251306112,0.26035130671557083,0.501879875127187,0.1916896557295777,0.1197304224616735,0.9995841466121572,0.00527075310180567,0.000700584166816134,0.028342813378411998,0.28938544,-0.09596676,0.28934506,0.395814629694824,5.587100167758763e-05,0.00011765101226046681,0.0004922979860566556,0.0002861589891836047,0.0001823390048230067,0.00016778500867076218,0.0017724979988997802,0.018133486999431625,0.019905984998331405,50.23614757490392,0
338,6.78012331899663,0.12603271007537842,-1.113532618885376,0.7241190115558069,-1.5294257339886208,-1.7112587133990687,-0.813826862965719,0.19119414687156677,-1.2109113931655884,-0.8051419854164124,-0.7811393141746521,0.12708084285259247,0.15306521952152252,0.2263728231191635,-0.8639554381370544,-0.5320663452148438,-0.4111367166042328,0.14623239636421204,0.12521421909332275,1.068600208663267,-0.7195935598971994,-0.44688152034703627,-0.039047851503616955,-0.08464595670994987,0.08754786361931825,0.1352202,-1.1001517,0.7341332,-1.5454094,-1.6970357,-0.81248486,0.1352202,-1.1001517,0.7341332,-1.5454094,-1.6970357,-0.81248486,0.12603271007537842,-1.1135326623916626,0.7241190075874329,-1.5294257402420044,-1.7112587690353394,-0.813826858997345,0.22968742,0.33452573,0.25035468,-0.39959115,0.35557806,0.03354957,-0.2134768,0.0,0.0,0.0,0.0005882349796593189,0.0002941175,1.17647,False,3,0.4485166770397657,0.15540966232070294,0.2593992151582976,0.5018708900088124,0.19170170796446365,0.11973734477351683,0.9995806740386919,0.00558305105174751,0.0011968840193170205,0.028387044084660223,0.28938544,-0.09596676,0.28934506,0.3958155989012219,3.8712998502887785e-05,0.00011912900663446635,0.0005076959932921454,0.0002826489944709465,0.0001795739954104647,0.00010720800491981208,0.0016731130017433316,0.018137378006940708,0.01981049100868404,50.478304629685574,0
339,6.800103889996535,0.12736189365386963,-1.1118204456618805,0.7254584471331995,-1.5316167448512097,-1.709273640309469,-0.8136633078204554,0.24187344312667847,-1.2638579607009888,-0.7537798881530762,-0.7585353255271912,0.10610596090555191,0.15596869587898254,0.22504474222660065,-0.8653896450996399,-0.533159613609314,-0.411192923784256,0.1462244987487793,0.12568937242031097,1.0850724821583468,-0.6994808031713716,-0.10433409799174254,-0.03561739242550072,-0.06776763144624738,0.08692310063811363,0.13641618,-1.0981971,0.7354258,-1.5477837,-1.6951106,-0.8123012,0.13641618,-1.0981971,0.7354258,-1.5477837,-1.6951106,-0.8123012,0.12736189365386963,-1.1118204593658447,0.7254584431648254,-1.5316166877746582,-1.7092736959457397,-0.8136633038520813,0.22635722,0.34058502,0.24918336,-0.40417725,0.3540774,0.0340521,-0.21586746,0.0,0.0,0.0,0.0005882349796593189,0.0002941175,1.17647,False,3,0.44872238950744814,0.156528526790104,0.25841442715733465,0.5018486000563929,0.19172231209274812,0.11973594176463198,0.9995877292530514,0.005482957483111751,0.001019516802459774,0.02816521314957675,0.28938544,-0.09596676,0.28934506,0.39581920988473623,0.0002769599959719926,0.00011745899973902851,0.00048400698869954795,0.0002850879973266274,0.00027558500005397946,0.00010523699165787548,0.0018886040052166209,0.017945052997674793,0.019833657002891414,50.419345250057354,0
340,6.820118673989782,0.12866723537445068,-1.110027478342392,0.7268455664264124,-1.5337527070990582,-1.7072785536395472,-0.8134644667254847,0.24470049142837524,-1.2447788715362549,-0.760138213634491,-0.8001519441604614,0.10021142661571503,0.15788660943508148,0.224420964717865,-0.8646867871284485,-0.5319752097129822,-0.4103858172893524,0.14622293412685394,0.12690088152885437,1.4456019431694758,-0.686894945838999,-0.5251173599212213,-0.03465717660189396,-0.08592913664977281,0.08334454340101641,0.13745907,-1.0960721,0.73664397,-1.55017,-1.6932248,-0.8121068,0.13745907,-1.0960721,0.73664397,-1.55017,-1.6932248,-0.8121068,0.12866723537445068,-1.1100274324417114,0.7268455624580383,-1.533752679824829,-1.7072786092758179,-0.8134644627571106,0.2197959,0.3488841,0.24495947,-0.41043174,0.35134518,0.033941627,-0.21847013,0.0,0.0,0.0,0.0005882349796593189,0.0002941175,1.17647,False,3,0.4489194034540306,0.1576386814866316,0.2573655107941816,0.5018535233646234,0.1917112044849405,0.11977106798341722,0.9995854561801629,0.005594818277401446,0.0009938874026826567,0.028225579501878754,0.28938544,-0.09596676,0.28934506,0.3957987289142466,6.311299512162805e-05,0.00011362099030520767,0.0005072420026408508,0.00027974200202152133,0.00017754500731825829,9.231199510395527e-05,0.0016473020077683032,0.018226082989713177,0.01987338499748148,50.31855419329562,0
341,6.840144062996842,0.12994495034217834,-1.1082543593696137,0.7282736937152308,-1.5360034939697762,-1.7053025404559534,-0.8132732550250452,0.25652286410331726,-1.1819547414779663,-0.8027424216270447,-0.7880745530128479,0.12275214493274689,0.159322589635849,0.22523976862430573,-0.8694522380828857,-0.5341277718544006,-0.4110081195831299,0.14626988768577576,0.1299946904182434,1.237893860010877,-0.6105792960615194,-0.07880567836954,-0.03589750828828599,-0.07092337431067976,0.08637591767406994,0.13858277,-1.093955,0.73807317,-1.5525253,-1.6912876,-0.81189,0.13858277,-1.093955,0.73807317,-1.5525253,-1.6912876,-0.81189,0.12994495034217834,-1.108254313468933,0.7282736897468567,-1.5360034704208374,-1.7053025960922241,-0.8132732510566711,0.21594551,0.35748187,0.24498726,-0.41304675,0.35037506,0.0345815,-0.22061402,0.0,0.0,0.0,0.0005882349796593189,0.0002941175,1.17647,False,3,0.44913130751092634,0.158734469365177,0.2563296282712568,0.5018498107464735,0.19171665310981123,0.11974272686870996,0.9995885898199274,0.005423514614797119,0.0008389903060259241,0.028151505428711913,0.28938544,-0.09596676,0.28934506,0.3958128393083634,0.00018015400564763695,0.00011542699940036982,0.0005915520014241338,0.0002805059921229258,0.00031031300022732466,0.00010467499669175595,0.0020129120093770325,0.01787429300020449,0.01988720500958152,50.283586834761685,0
342,6.860172096989118,0.13120205700397491,-1.1063607794097443,0.7295978705035608,-1.5382385973683377,-1.7033551375018519,-0.8130973021136683,0.2665203809738159,-1.201640248298645,-0.7992903590202332,-0.8142710328102112,0.14152875542640686,0.16712996363639832,0.22322700917720795,-0.8712882995605469,-0.536070704460144,-0.4117531478404999,0.1461900770664215,0.13183674216270447,1.090050614280379,-0.7511120285626339,-0.03792378961888054,-0.038874285070628706,-0.07099755441671371,0.08780311121910808,0.13957563,-1.0917603,0.7392853,-1.5550276,-1.6894959,-0.8117112,0.13957563,-1.0917603,0.7392853,-1.5550276,-1.6894959,-0.8117112,0.13120205700397491,-1.1063607931137085,0.7295978665351868,-1.5382386445999146,-1.7033551931381226,-0.8130972981452942,0.20933926,0.36501274,0.24218595,-0.4197245,0.3464806,0.034652535,-0.22340788,0.0,0.0,0.0,0.0005882349796593189,0.0002941175,1.17647,False,3,0.4493632715745103,0.15981762197091182,0.2552725381194718,0.5018814555360023,0.19169619171537192,0.11974357455463049,0.9995848262188736,0.005727852128019133,0.0006801022930025237,0.02822885234741412,0.28938544,-0.09596676,0.28934506,0.3958145924753213,6.609100091736764e-05,0.00011839599756058306,0.0004955249896738678,0.00030094799876678735,0.0001809759996831417,0.00014020700473338366,0.00174696599424351,0.018148866001865827,0.019895831996109337,50.26178348286976,0
343,6.880120438989252,0.13244393467903137,-1.1044193667224427,0.7310002485858362,-1.5404737287065764,-1.701418701802389,-0.8129022757159632,0.2411249577999115,-1.2377828359603882,-0.8286771178245544,-0.8720163106918335,0.17039740085601807,0.14675141870975494,0.22355511784553528,-0.8731103539466858,-0.5366226434707642,-0.41185611486434937,0.14633998274803162,0.13371923565864563,1.1690136699651756,-0.5634303382898029,-0.42913215659182735,-0.028888217910878835,-0.0745314374323416,0.08307772138218268,0.140649,-1.0895425,0.74060196,-1.5574347,-1.6875823,-0.811509,0.140649,-1.0895425,0.74060196,-1.5574347,-1.6875823,-0.811509,0.13244393467903137,-1.1044193506240845,0.7310002446174622,-1.5404736995697021,-1.7014187574386597,-0.8129022717475891,0.2051268,0.3719196,0.24004322,-0.4240236,0.34591344,0.034832194,-0.2254314,0.0,0.0,0.0,0.0005882349796593189,0.0002941175,1.17647,False,3,0.44958878036559413,0.1608913612548108,0.2541649033491962,0.5018806812761537,0.19171994426853844,0.11971740236992497,0.9995859322586338,0.005888610161270296,0.0008756528014874742,0.02815257983992324,0.28938544,-0.09596676,0.28934506,0.3958426542875666,9.312501060776412e-05,0.00011745400843210518,0.0005053650093032047,0.0002581089938757941,0.00026636400434654206,9.830300405155867e-05,0.0017629799986025319,0.018023689000983723,0.019786668999586254,50.53907759921138,0
344,6.900128532986855,0.1336570680141449,-1.1024268728545685,0.7323396841632288,-1.5427373827299853,-1.6994498411761683,-0.8127263228045862,0.22497184574604034,-1.2296359539031982,-0.8065544962882996,-0.8424854874610901,0.14725205302238464,0.15852078795433044,0.22197391092777252,-0.8752481937408447,-0.5381414294242859,-0.4124689996242523,0.14607594907283783,0.135591521859169,0.9262115206897563,-0.6684683595627461,-0.17565504851132743,-0.035098265078045254,-0.062193192801859996,0.08846641571530177,0.14162873,-1.0871208,0.7420507,-1.5597587,-1.6857343,-0.8112924,0.14162873,-1.0871208,0.7420507,-1.5597587,-1.6857343,-0.8112924,0.1336570680141449,-1.1024268865585327,0.7323396801948547,-1.542737364768982,-1.699449896812439,-0.8127263188362122,0.19929133,0.38265285,0.24277626,-0.42553142,0.3428904,0.035848033,-0.22838385,0.0,0.0,0.0,0.0005882349796593189,0.0002941175,1.17647,False,3,0.4498309018651256,0.1619626614626713,0.2530588237381955,0.5018750733054236,0.1917393683783522,0.11976707938738498,0.999595580827245,0.005597362999509591,0.000677700394220203,0.027873451854681056,0.28938544,-0.09596676,0.28934506,0.39583247645954095,5.833301111124456e-05,0.00011735600128304213,0.0004965330008417368,0.00025226200523320585,0.00016440798935946077,0.00014172299415804446,0.0016511569992871955,0.018216006996226497,0.019867163995513692,50.33431043433352,0
345,6.920130390994018,0.13479918241500854,-1.100438044672348,0.7337082068072718,-1.54504941337321,-1.6975105444537562,-0.8125470320331019,0.24743859469890594,-1.2513339519500732,-0.7836239337921143,-0.8708800673484802,0.16035334765911102,0.1727072149515152,0.22266441583633423,-0.8770936131477356,-0.5391426086425781,-0.41263362765312195,0.1461518555879593,0.13620811700820923,0.9841058957643676,-0.5187046967435597,-0.10903810000475922,-0.02970002844303982,-0.06300152634683331,0.08395348151013562,0.14258818,-1.08487,0.7433582,-1.562305,-1.6839012,-0.81110364,0.14258818,-1.08487,0.7433582,-1.562305,-1.6839012,-0.81110364,0.13479918241500854,-1.1004379987716675,0.7337082028388977,-1.5450494289398193,-1.6975106000900269,-0.8125470280647278,0.19472504,0.38919935,0.2412499,-0.43138897,0.34023654,0.03608521,-0.23025183,0.0,0.0,0.0,0.0005882349796593189,0.0002941175,1.17647,False,3,0.4500855850104616,0.16299631797290948,0.2519519055515841,0.5018539967773815,0.1917154111520904,0.11977459671988944,0.9995868129578515,0.005670276087328419,0.0008008140529422273,0.02816772922376616,0.28938544,-0.09596676,0.28934506,0.3958005287739444,4.121099482290447e-05,0.00011680000170599669,0.0005583220045082271,0.0002805929980240762,0.0001784610067261383,9.484800102654845e-05,0.0016974360041785985,0.01815565700235311,0.019853093006531708,50.36998515400084,0
346,6.940212006986258,0.13595613837242126,-1.0984206062606354,0.7350133101092737,-1.5474342194250603,-1.6955974737750452,-0.8123281637774866,0.23292028903961182,-1.2219743728637695,-0.7827528715133667,-0.8563504815101624,0.1474323272705078,0.1694221943616867,0.22160468995571136,-0.8750753998756409,-0.5377301573753357,-0.41170358657836914,0.14626331627368927,0.13734924793243408,1.0437745257781683,-0.5101630804108411,-0.27083923226861484,-0.02828383800702319,-0.06451882477744604,0.08449838301646856,0.14348753,-1.0824753,0.74465054,-1.5648118,-1.6820674,-0.81086785,0.14348753,-1.0824753,0.74465054,-1.5648118,-1.6820674,-0.81086785,0.13595613837242126,-1.0984206199645996,0.7350133061408997,-1.5474342107772827,-1.695597529411316,-0.8123281598091125,0.18828474,0.39863318,0.24093077,-0.43443936,0.33825317,0.036507525,-0.2331017,0.0,0.0,0.0,0.0005882349796593189,0.0002941175,1.17647,False,3,0.4503575896889549,0.16403428111323706,0.25086581478530817,0.5018613605505226,0.19170891439497187,0.11972524703377212,0.9995885992964678,0.005548421065335422,0.0009453595895041338,0.028123665901902045,0.28938544,-0.09596676,0.28934506,0.3958209048870655,4.132099275011569e-05,0.00011381298827473074,0.0005787769914604723,0.0002763350057648495,0.0001793609990272671,0.0002314220037078485,0.0018495219992473722,0.01808752099168487,0.01993704299093224,50.15788953531472,0
347,6.960140313996817,0.13709361851215363,-1.0963211518577118,0.7363351027118128,-1.5497540415129443,-1.6936853567706507,-0.8121522108661097,0.2283642590045929,-1.1924504041671753,-0.8039791584014893,-0.8607524037361145,0.16770562529563904,0.17766082286834717,0.22154776751995087,-0.8792718052864075,-0.5393388271331787,-0.41221630573272705,0.14620891213417053,0.13870130479335785,0.9589366307626378,-0.5690828078428368,-0.2442463298167391,-0.03167284786687332,-0.0650305173117602,0.08509749663207121,0.14437328,-1.0800164,0.74590856,-1.5673281,-1.6802676,-0.8106756,0.14437328,-1.0800164,0.74590856,-1.5673281,-1.6802676,-0.8106756,0.13709361851215363,-1.0963211059570312,0.7363350987434387,-1.549754023551941,-1.6936854124069214,-0.8121522068977356,0.18199164,0.40761933,0.23933713,-0.43935263,0.33544502,0.036915354,-0.23571055,0.0,0.0,0.0,0.0005882349796593189,0.0002941175,1.17647,False,3,0.45062137341888997,0.16506286787761634,0.2497242600275366,0.5018617076945938,0.19165190774487506,0.1197036650710349,0.9995806251109829,0.006052874235153602,0.0014772614956343184,0.02827922465047574,0.28938544,-0.09596676,0.28934506,0.3957889116498437,3.8605008739978075e-05,0.00011605500185396522,0.0004939049977110699,0.000324609995004721,0.00021213899890426546,0.0001095810002880171,0.0017247829964617267,0.018048199999611825,0.01977298299607355,50.5740585625637,0
348,6.980155262994231,0.13817523419857025,-1.0942087930491944,0.737701718007223,-1.5521719449064513,-1.6918085257159632,-0.8119528929339808,0.22719286382198334,-1.2417216300964355,-0.7760664224624634,-0.8556556701660156,0.1564265489578247,0.13707971572875977,0.22041082382202148,-0.8814360499382019,-0.5405759811401367,-0.412718266248703,0.14619728922843933,0.1398882418870926,1.1094529702037632,-0.4160325892745442,-0.31134269638602546,-0.031185576345998882,-0.06437859537931967,0.08389425582447713,0.14520508,-1.0776159,0.7471691,-1.5699408,-1.6784558,-0.81047153,0.14520508,-1.0776159,0.7471691,-1.5699408,-1.6784558,-0.81047153,0.13817523419857025,-1.094208836555481,0.7377017140388489,-1.5521719455718994,-1.6918085813522339,-0.8119528889656067,0.17574634,0.41482309,0.23668425,-0.44422236,0.33381987,0.037034575,-0.23843414,0.0,0.0,0.0,0.0005882349796593189,0.0002941175,1.17647,False,3,0.45090482911055946,0.1660604880410637,0.2485762717774146,0.5018656464394385,0.19168454609544272,0.11976588197706599,0.9995913590008337,0.005521687153051847,0.0009916241174348255,0.028028265844002077,0.28938544,-0.09596676,0.28934506,0.3957880834347508,4.009199619758874e-05,0.00011821599036920816,0.0004980689991498366,0.0002894530043704435,0.00017779100744519383,0.00020851899171248078,0.001777042998583056,0.0180932200019015,0.019870263000484556,50.32646019711033,0
349,7.000091707988759,0.13923370838165283,-1.0920636516860505,0.7390602270709437,-1.554534103055932,-1.6898763815509241,-0.8117612043963831,0.24411123991012573,-1.1780645847320557,-0.7718942761421204,-0.882610023021698,0.12766779959201813,0.1656394600868225,0.2199130356311798,-0.8833750486373901,-0.5419575572013855,-0.41292014718055725,0.14614638686180115,0.14051882922649384,1.3227904999166584,-0.4994379802343438,-0.35453934307733337,-0.0354657650281294,-0.07644497710852928,0.08475057014429065,0.14609322,-1.0751497,0.74863404,-1.5724043,-1.6766399,-0.810242,0.14609322,-1.0751497,0.74863404,-1.5724043,-1.6766399,-0.810242,0.13923370838165283,-1.0920636653900146,0.7390602231025696,-1.5545340776443481,-1.6898764371871948,-0.811761200428009,0.17148788,0.42284983,0.23934497,-0.44675592,0.33091292,0.037979674,-0.24060008,0.0,0.0,0.0,0.0005882349796593189,0.0002941175,1.17647,False,3,0.45117912084117207,0.16706012900565823,0.24740459714644564,0.50187407454547,0.19173878813143708,0.11967434063753854,0.999587898260595,0.006061557894752659,0.0024106274643487064,0.027954492107720955,0.28938544,-0.09596676,0.28934506,0.3958712575920549,8.575199171900749e-05,0.00011481800174806267,0.000493871993967332,0.00027523199969436973,0.00027497700648382306,0.00010620898683555424,0.0018604060023790225,0.01791681999748107,0.019777225999860093,50.563208409868714,0
350,7.020104382987483,0.14025506377220154,-1.0898277026465912,0.7403596083270472,-1.5570080990767856,-1.6880043188678187,-0.8115113417254847,0.22287246584892273,-1.2385510206222534,-0.7987622022628784,-0.8312064409255981,0.1440921127796173,0.1507188081741333,0.21931524574756622,-0.887292742729187,-0.5438181757926941,-0.4135104715824127,0.14614000916481018,0.14047330617904663,1.2519871158490488,-0.2984096384556506,-0.3292143480630248,-0.030641294579705283,-0.07413046458433148,0.08327555030421423,0.14689378,-1.0725439,0.7499283,-1.5749892,-1.6748462,-0.80995286,0.14689378,-1.0725439,0.7499283,-1.5749892,-1.6748462,-0.80995286,0.14025506377220154,-1.0898276567459106,0.7403596043586731,-1.557008147239685,-1.6880043745040894,-0.8115113377571106,0.16596788,0.43209553,0.23921713,-0.44952643,0.32895443,0.03896232,-0.24355237,0.0,0.0,0.0,0.0005882349796593189,0.0002941175,1.17647,False,3,0.45149306071660805,0.16803453834832865,0.246229715569062,0.5018502410800657,0.1916834236021999,0.11974891238524005,0.9995793485241756,0.00561363427434323,0.001115523971414058,0.028432851255784552,0.28938544,-0.09596676,0.28934506,0.3957862686514037,5.666801007464528e-05,0.0002229450037702918,0.0005564820021390915,0.00027319199580233544,0.00017795800522435457,9.206599497701973e-05,0.0016912119899643585,0.018178184996941127,0.019869396986905485,50.32865369085077,0
351,7.040162368997699,0.14124152064323425,-1.0875509542277833,0.7416980902301233,-1.5594119013151904,-1.6862042585956019,-0.8113387266742151,0.2582162022590637,-1.1942697763442993,-0.8166500926017761,-0.7904181480407715,0.13572415709495544,0.16261549293994904,0.22015595436096191,-0.889560878276825,-0.5435314178466797,-0.4131736159324646,0.14627636969089508,0.14054034650325775,1.141464510670512,-0.4308174351411653,-0.11496584993385917,-0.021936426894321646,-0.06364491279954634,0.08217093467907094,0.14761445,-1.0699437,0.7511502,-1.5776365,-1.6732576,-0.8097579,0.14761445,-1.0699437,0.7511502,-1.5776365,-1.6732576,-0.8097579,0.14124152064323425,-1.0875509977340698,0.7416980862617493,-1.559411883354187,-1.6862043142318726,-0.8113387227058411,0.15932332,0.44018465,0.23630317,-0.4556161,0.32366818,0.03952071,-0.2460674,0.0,0.0,0.0,0.0005882349796593189,0.0002941175,1.17647,False,3,0.4517950049183529,0.1689746328858015,0.24501139540061298,0.5018531828640355,0.191710894542266,0.1197441899513296,0.9995857129109412,0.005453819036233621,0.0008697214405573214,0.02824710258077704,0.28938544,-0.09596676,0.28934506,0.39580983709930356,0.0001148269948316738,0.00011456500214990228,0.0005722979985876009,0.00028558599296957254,0.00017923800623975694,0.0001952500024344772,0.001873254994279705,0.018040706010651775,0.01991396100493148,50.21602682421447,0
352,7.060157286992762,0.14219942688941956,-1.0851643842509766,0.7430575529681605,-1.5618061556345602,-1.6843717733966272,-0.8111394087420862,0.21338264644145966,-1.3003803491592407,-0.8515227437019348,-0.8073346614837646,0.1320522129535675,0.15346860885620117,0.21966031193733215,-0.8906354308128357,-0.5439119935035706,-0.4130450189113617,0.14634235203266144,0.14080549776554108,1.044268828571504,-0.34925613289286794,-0.36462592952733075,-0.02499628313942089,-0.06963110732313274,0.08067228637679369,0.1483586,-1.0672462,0.75240594,-1.5801601,-1.6714578,-0.8095293,0.1483586,-1.0672462,0.75240594,-1.5801601,-1.6714578,-0.8095293,0.14219942688941956,-1.0851644277572632,0.7430575489997864,-1.5618062019348145,-1.684371829032898,-0.8111394047737122,0.15397918,0.44795483,0.23371026,-0.4588479,0.3228513,0.040252913,-0.24899471,0.0,0.0,0.0,0.0005882349796593189,0.0002941175,1.17647,False,3,0.4521013701396475,0.1699105269268009,0.24373036194475176,0.5018695522329154,0.19176790813058617,0.11973976362959954,0.999586219924281,0.005638799277242169,0.0005963228762828493,0.028200291665047197,0.28938544,-0.09596676,0.28934506,0.3958619596459944,3.9955993997864425e-05,0.00011639800504781306,0.0004961030062986538,0.0002897770027630031,0.00016345499898307025,0.0001325979974353686,0.0016625150019535795,0.018175780001911335,0.019838295003864914,50.40755769612152,0
353,7.080140267993556,0.14315278828144073,-1.08279241741214,0.7443769613849085,-1.564312379607447,-1.6825640837298792,-0.8109167257892054,0.22796377539634705,-1.2432843446731567,-0.8148654699325562,-0.7607007622718811,0.11079119145870209,0.15499891340732574,0.21833333373069763,-0.8929352164268494,-0.545698344707489,-0.4135461747646332,0.14570637047290802,0.14076615869998932,0.7449332906485164,-0.3878716145162199,0.04003174889017902,-0.022701005956169404,-0.04895078850339801,0.08248394249700793,0.14901428,-1.0644407,0.7539977,-1.5827581,-1.6698651,-0.80926454,0.14901428,-1.0644407,0.7539977,-1.5827581,-1.6698651,-0.80926454,0.14315278828144073,-1.0827924013137817,0.7443769574165344,-1.5643123388290405,-1.68256413936615,-0.8109167218208313,0.14653733,0.4587921,0.24051854,-0.46114448,0.31747475,0.041303843,-0.25163925,0.0,0.0,0.0,0.0005882349796593189,0.0002941175,1.17647,False,3,0.45242892628643755,0.17084243484652584,0.24248760583696166,0.5018623254698785,0.1916560325723744,0.11977610253854641,0.9995885143099352,0.0056773832193392545,0.0010942666773843483,0.028095490369712886,0.28938544,-0.09596676,0.28934506,0.39576119863373993,3.9278005715459585e-05,0.0001159370003733784,0.0004856560117332265,0.0002823999966494739,0.0001786070060916245,0.00010578001092653722,0.0016399509913753718,0.018176412006141618,0.01981636299751699,50.4633468878876,0
354,7.100100472991471,0.14403173327445984,-1.0804443222335358,0.7457106749164026,-1.566832641405501,-1.6807439962970179,-0.8107088247882288,0.2123110294342041,-1.2238469123840332,-0.8287460207939148,-0.7792949676513672,0.133103147149086,0.15792705118656158,0.21797962486743927,-0.8942274451255798,-0.5466992855072021,-0.4133874475955963,0.1457105278968811,0.14068129658699036,1.0170345665368328,-0.39136176003773715,-0.32826761083840594,-0.027117517193769317,-0.07109374966809967,0.08114819846256736,0.14971448,-1.0618535,0.7551078,-1.5855334,-1.6681354,-0.80903214,0.14971448,-1.0618535,0.7551078,-1.5855334,-1.6681354,-0.80903214,0.14403173327445984,-1.0804443359375,0.7457106709480286,-1.5668326616287231,-1.6807440519332886,-0.8107088208198547,0.14206894,0.46477112,0.23492922,-0.46751812,0.31521767,0.041917138,-0.25385386,0.0,0.0,0.0,0.0005882349796593189,0.0002941175,1.17647,False,3,0.4527624758268398,0.1717436823509221,0.2412517116665167,0.5018998282130456,0.19172108085296685,0.1197692128376905,0.9995892785446154,0.005020219324126414,0.0004066514010391716,0.028212194880539603,0.28938544,-0.09596676,0.28934506,0.3958315604597246,5.364899698179215e-05,0.00011494199861772358,0.0004861329944105819,0.00028451399703044444,0.00027412000054027885,0.00010425399523228407,0.0019083350052824244,0.017908224996062927,0.01981656000134535,50.46284521289819,0
355,7.12012076699466,0.14492985606193542,-1.0779779118350525,0.7470019499408167,-1.5693665829351922,-1.6789444128619593,-0.8104971090899866,0.1847802847623825,-1.2170926332473755,-0.8516207933425903,-0.7698526382446289,0.11575864255428314,0.15179257094860077,0.2165004163980484,-0.8929324746131897,-0.5446131825447083,-0.4126904606819153,0.14547710120677948,0.14078959822654724,0.9430223963379569,-0.3367035592527989,-0.09035931769271982,-0.023347203190949066,-0.05861138289652337,0.08445442273499576,0.15027478,-1.0590351,0.7564344,-1.5882347,-1.6665362,-0.8088014,0.15027478,-1.0590351,0.7564344,-1.5882347,-1.6665362,-0.8088014,0.14492985606193542,-1.0779778957366943,0.7470019459724426,-1.5693665742874146,-1.67894446849823,-0.8104971051216125,0.13362329,0.4735694,0.23581038,-0.47170228,0.3102067,0.042391874,-0.25672582,0.0,0.0,0.0,0.0005882349796593189,0.0002941175,1.17647,False,3,0.4531063935569888,0.1726517156991974,0.23997648811535097,0.5018807681849285,0.19172498626116397,0.11970942084183092,0.9995764605425962,0.005847087224522809,0.0013527187543093564,0.028475835928886008,0.28938544,-0.09596676,0.28934506,0.3958497856285531,5.746699753217399e-05,0.00020321100600995123,0.000498267007060349,0.00027921400032937527,0.00018219499906990677,9.160699846688658e-05,0.001628013007575646,0.01824554799532052,0.019873561002896167,50.31810855911884,0
356,7.140164436990744,0.14577515423297882,-1.0754679900458832,0.7483308951007288,-1.5719458065428675,-1.6771720091449183,-0.8102505842791956,0.21651197969913483,-1.2366633415222168,-0.8417935967445374,-0.7914731502532959,0.10050028562545776,0.15280665457248688,0.21760299801826477,-0.9008170366287231,-0.5483230352401733,-0.41401779651641846,0.1454840451478958,0.14080873131752014,0.9134117327598361,-0.33422162153235235,-0.12946123223719042,-0.020496918674472772,-0.05747747222712608,0.0832070316794061,0.15087633,-1.0562497,0.7575319,-1.591092,-1.6648127,-0.8085452,0.15087633,-1.0562497,0.7575319,-1.591092,-1.6648127,-0.8085452,0.14577515423297882,-1.0754679441452026,0.7483308911323547,-1.5719457864761353,-1.677172064781189,-0.8102505803108215,0.12752932,0.48045564,0.23002443,-0.47865522,0.3089845,0.042635843,-0.259193,0.0,0.0,0.0,0.0005882349796593189,0.0002941175,1.17647,False,3,0.4534625606184596,0.17353079560510315,0.23867360182820296,0.5018497823456153,0.1916272234436938,0.11976673077752877,0.9995926779302867,0.0056134657740970016,0.0009131248131886958,0.027966794395912733,0.28938544,-0.09596676,0.28934506,0.3957375432867999,9.333899652119726e-05,0.00011558500409591943,0.0004793999978573993,0.00038392000715248287,0.00016787200001999736,9.06369969015941e-05,0.001766822999343276,0.018134304991690442,0.019901127991033718,50.24840805257578,0
357,7.160132232995238,0.14653047919273376,-1.0728764993003388,0.7495997587787073,-1.5744739971556605,-1.6754406134234827,-0.8100269476519983,0.1897897869348526,-1.2885373830795288,-0.8150245547294617,-0.8187248706817627,0.14229372143745422,0.15096428990364075,0.21570691466331482,-0.9026213884353638,-0.5493779182434082,-0.41446566581726074,0.14533589780330658,0.14075520634651184,0.9932229561302713,-0.1956229299701286,-0.22751976268589252,-0.016169753004196104,-0.058488572433283106,0.07866877428087123,0.15132098,-1.0533118,0.7589002,-1.5937209,-1.6632416,-0.8082864,0.15132098,-1.0533118,0.7589002,-1.5937209,-1.6632416,-0.8082864,0.14653047919273376,-1.0728764533996582,0.7495997548103333,-1.5744739770889282,-1.6754406690597534,-0.8100269436836243,0.11976254,0.48911452,0.23251131,-0.48117337,0.30497727,0.04351295,-0.2622675,0.0,0.0,0.0,0.0005882349796593189,0.0002941175,1.17647,False,3,0.45383474569710563,0.17436029180010473,0.23734513210366082,0.5018523951314893,0.19165088621542833,0.11975394390082038,0.9995884897782193,0.005354623119869809,0.00037430635852523986,0.028178161589085586,0.28938544,-0.09596676,0.28934506,0.3957616219901397,3.873900277540088e-05,0.00011686800280585885,0.0004846219962928444,0.00031514900911133736,0.00017359599587507546,9.869899076875299e-05,0.0016493479924974963,0.018161753003369085,0.019811100995866582,50.476750394066514,0
358,7.180150013999082,0.14731641113758087,-1.070261077289917,0.7509306112872522,-1.5770732365050257,-1.6736887137042444,-0.8097766081439417,0.18881583213806152,-1.2899903059005737,-0.8456133604049683,-0.8198920488357544,0.1189887598156929,0.15624479949474335,0.2160029411315918,-0.9072520732879639,-0.5522560477256775,-0.4153851568698883,0.14475613832473755,0.1407928764820099,1.0702127680623506,-0.21894156706161574,-0.221143275730771,-0.021500977342887768,-0.0663139074181836,0.08074339021107542,0.15186787,-1.0503801,0.76022327,-1.5965147,-1.6616995,-0.8079898,0.15186787,-1.0503801,0.76022327,-1.5965147,-1.6616995,-0.8079898,0.14731641113758087,-1.0702611207962036,0.7509306073188782,-1.5770732164382935,-1.6736887693405151,-0.8097766041755676,0.113786235,0.49702537,0.23231684,-0.48603633,0.29973233,0.04467143,-0.2647659,0.0,0.0,0.0,0.0005882349796593189,0.0002941175,1.17647,False,3,0.4542034681919578,0.17520974508268433,0.23599226107778,0.5018738173629206,0.1916872014797054,0.11970587904636679,0.9995883562290802,0.005800229863198562,0.0015070248921522545,0.028057020694351828,0.28938544,-0.09596676,0.28934506,0.39582011207931966,4.1225997847504914e-05,0.00010969099821522832,0.0004535750049399212,0.0003009100037161261,0.000288816008833237,0.0001061389921233058,0.0017557319952175021,0.018114984006388113,0.019870716001605615,50.325312883501375,0
359,7.200105078998604,0.14803120493888855,-1.0675884050181885,0.7522748152362269,-1.5797392330565394,-1.6719887892352503,-0.8095491568194788,0.18973058462142944,-1.300559163093567,-0.8418583273887634,-0.8252180218696594,0.14091649651527405,0.17113818228244781,0.21343176066875458,-0.9068588018417358,-0.551724910736084,-0.4148141145706177,0.14461973309516907,0.14086104929447174,0.7030670165879009,-0.3310517805264971,-0.061340587155541276,-0.01645874996287105,-0.05641198941104026,0.08106445563239652,0.15238559,-1.0474281,0.7615489,-1.5993125,-1.6600811,-0.8077198,0.15238559,-1.0474281,0.7615489,-1.5993125,-1.6600811,-0.8077198,0.14803120493888855,-1.067588448524475,0.7522748112678528,-1.5797392129898071,-1.671988844871521,-0.8095491528511047,0.108859524,0.5040094,0.23185208,-0.4893337,0.2976931,0.045732666,-0.26710686,0.0,0.0,0.0,0.0005882349796593189,0.0002941175,1.17647,False,3,0.45459647069975967,0.17601713515063064,0.23461747080224798,0.5018722063422908,0.19176199032638203,0.11974832786271515,0.9995933905321975,0.005494311251012823,0.0011874493314195447,0.027953471030137886,0.28938544,-0.09596676,0.28934506,0.3958554136664082,3.916799323633313e-05,0.00011445899144746363,0.0004803670017281547,0.0003080789902014658,0.0002815829939208925,0.00010422899504192173,0.0017678519943729043,0.018026214005658403,0.019794066000031307,50.520191253197716,0
360,7.220134664996294,0.14875712990760803,-1.0649321240237732,0.75348407426943,-1.5824247799315394,-1.6703041235553187,-0.8093174139605921,0.18244925141334534,-1.3079009056091309,-0.8146209120750427,-0.8405823707580566,0.14681513607501984,0.1568293273448944,0.21419352293014526,-0.9089668393135071,-0.5518062710762024,-0.41459861397743225,0.144296795129776,0.14101800322532654,0.5349665716785252,-0.38992310085194537,-0.24241991365697727,-0.019200334971401722,-0.055526259923926326,0.08055097025157272,0.15281776,-1.0444643,0.76267827,-1.6022291,-1.6585368,-0.80746853,0.15281776,-1.0444643,0.76267827,-1.6022291,-1.6585368,-0.80746853,0.14875712990760803,-1.064932107925415,0.7534840703010559,-1.5824247598648071,-1.6703041791915894,-0.809317409992218,0.101515725,0.5116947,0.22985536,-0.4951095,0.29418567,0.046221834,-0.26963216,0.0,0.0,0.0,0.0005882349796593189,0.0002941175,1.17647,False,3,0.45500246261901267,0.17682904979909278,0.23330055622569582,0.5019144933761915,0.19169992354817864,0.11976436569746356,0.999576350094836,0.006033838688800586,0.002024453179508631,0.028400080774743736,0.28938544,-0.09596676,0.28934506,0.39582613427596064,5.825101106893271e-05,0.0001175479992525652,0.0005495420045917854,0.0002671350084710866,0.000179370996193029,9.509899246040732e-05,0.001690256001893431,0.01819676200102549,0.01988701800291892,50.28405967416657,0
361,7.2401318609918235,0.1493808478116989,-1.0622307819179078,0.7547343412982386,-1.5850607357420863,-1.6686041990863245,-0.8090937773333948,0.17485162615776062,-1.2728219032287598,-0.8015579581260681,-0.8032881617546082,0.1189815104007721,0.16269390285015106,0.21491700410842896,-0.9116371870040894,-0.552335262298584,-0.4147884249687195,0.14436650276184082,0.14108441770076752,0.7715138605506624,-0.24050876235249863,-0.03744435479392377,-0.02040923573510852,-0.05371211944621115,0.08124461432372776,0.15319586,-1.0414222,0.7640628,-1.6049162,-1.6569848,-0.80718267,0.15319586,-1.0414222,0.7640628,-1.6049162,-1.6569848,-0.80718267,0.1493808478116989,-1.0622308254241943,0.7547343373298645,-1.585060715675354,-1.6686042547225952,-0.8090937733650208,0.095375165,0.5202144,0.23321274,-0.49638835,0.29048496,0.047777053,-0.27255166,0.0,0.0,0.0,0.0005882349796593189,0.0002941175,1.17647,False,3,0.45540940695891746,0.1775963616416042,0.23193784931428613,0.5018619344047706,0.19174830323567382,0.1197130278935172,0.9995834550011086,0.005835800158737673,0.0012456463992583581,0.028235674450046096,0.28938544,-0.09596676,0.28934506,0.3958550769485705,3.9695994928479195e-05,0.0001132769975811243,0.0005700699985027313,0.0002889809984480962,0.0001777300058165565,0.00020101499103475362,0.0018291559972567484,0.01802455200231634,0.01985370799957309,50.36842488171494,0
362,7.260145370993996,0.14999869465827942,-1.059532181625702,0.756017033253805,-1.5878097019591273,-1.6669524351703089,-0.8088234106646937,0.21832044422626495,-1.2756168842315674,-0.7789028286933899,-0.7876927256584167,0.1567126363515854,0.15522971749305725,0.21461454033851624,-0.9161679744720459,-0.5548568367958069,-0.4156271517276764,0.14433489739894867,0.14101286232471466,0.9406946622623644,-0.3199450660081938,-0.15801759196597395,-0.019273594904380402,-0.05614098732301555,0.082122057706315,0.15350434,-1.0384607,0.7651925,-1.6079539,-1.6554922,-0.8068923,0.15350434,-1.0384607,0.7651925,-1.6079539,-1.6554922,-0.8068923,0.14999869465827942,-1.0595321655273438,0.7560170292854309,-1.587809681892395,-1.6669524908065796,-0.8088234066963196,0.087641224,0.52678484,0.22938749,-0.50360525,0.28650746,0.048278805,-0.2752048,0.0,0.0,0.0,0.0005882349796593189,0.0002941175,1.17647,False,3,0.4558309283237107,0.17835230639467348,0.23058180836917502,0.5018851537071477,0.1916732476901151,0.11975487136839194,0.9995772850977416,0.005798966113210968,0.0013939380938198668,0.028455455162557503,0.28938544,-0.09596676,0.28934506,0.3957950628454357,4.035599704366177e-05,0.00011710300168488175,0.0004993260081391782,0.00028558199119288474,0.00018511699454393238,0.00010027800453826785,0.0016549690044485033,0.0181691449979553,0.019824114002403803,50.44361628866458,0
363,7.280151486993418,0.15058180689811707,-1.0566512507251282,0.7573087851153772,-1.5904375515379847,-1.6653273741351526,-0.8085764090167444,0.1774129867553711,-1.2210842370986938,-0.8350350260734558,-0.8026533126831055,0.14823788404464722,0.16746021807193756,0.2135048806667328,-0.9180687069892883,-0.5549259781837463,-0.41514068841934204,0.1442689448595047,0.14103610813617706,0.681951253562768,-0.23652286129815137,-0.07865318072464836,-0.02769021158678723,-0.05048196014026343,0.08477097007767372,0.1537156,-1.0352199,0.76646465,-1.610772,-1.654101,-0.8066069,0.1537156,-1.0352199,0.76646465,-1.610772,-1.654101,-0.8066069,0.15058180689811707,-1.05665123462677,0.7573087811470032,-1.5904375314712524,-1.6653274297714233,-0.8085764050483704,0.07834461,0.53578174,0.22889692,-0.50836164,0.28066093,0.04923772,-0.27827916,0.0,0.0,0.0,0.0005882349796593189,0.0002941175,1.17647,False,3,0.45624315029164475,0.17908443862384527,0.22911553271018673,0.5018662786606751,0.19165424945450457,0.1197506352212828,0.9995880870312372,0.0057781665192193675,0.001274552160402553,0.028083733215004524,0.28938544,-0.09596676,0.28934506,0.39577293760027543,4.024499503429979e-05,0.0001176779915113002,0.00048354700265917927,0.00031920299807097763,0.00017103800200857222,0.00020221498562023044,0.0017919210076797754,0.018070132995489985,0.01986205400316976,50.34726014944936,0
364,7.300166522996733,0.15111693739891052,-1.0537538689425965,0.758646313344137,-1.5931951008238734,-1.6637042204486292,-0.8083127180682581,0.22251340746879578,-1.2901747226715088,-0.8302650451660156,-0.7910890579223633,0.14216215908527374,0.17078539729118347,0.21227827668190002,-0.9240913987159729,-0.5575746893882751,-0.4160868525505066,0.14481844007968903,0.1411142796278,0.6274091344144431,-0.19752103918548022,-0.10034583058530093,-0.017833316534728572,-0.050107382167525326,0.08115262819986946,0.15410338,-1.032084,0.76784444,-1.6136564,-1.6525214,-0.80629027,0.15410338,-1.032084,0.76784444,-1.6136564,-1.6525214,-0.80629027,0.15111693739891052,-1.0537538528442383,0.7586463093757629,-1.5931950807571411,-1.6637042760849,-0.808312714099884,0.074661255,0.5417456,0.22995296,-0.51153326,0.27957335,0.05056137,-0.2802983,0.0,0.0,0.0,0.0005882349796593189,0.0002941175,1.17647,False,3,0.4566786166041076,0.17979713729495908,0.22764325631024937,0.5018804116202996,0.19172042634128975,0.11977164457372767,0.9995831856512535,0.005417645721625296,0.001102163718822368,0.028334753998745126,0.28938544,-0.09596676,0.28934506,0.39581961890628387,3.9982987800613046e-05,0.00011966499732807279,0.0005103059957036749,0.0002748189872363582,0.0002830359881045297,0.00010737800039350986,0.001784595995559357,0.018055873006233014,0.01984046900179237,50.40203434251785,0
365,7.320213024999248,0.15158867835998535,-1.050805227165558,0.7598856131183069,-1.5959135494627894,-1.6620758215533655,-0.8080533186541956,0.2152477353811264,-1.2965072393417358,-0.8134803771972656,-0.8127508759498596,0.153840109705925,0.15775954723358154,0.20950835943222046,-0.923219621181488,-0.5573267340660095,-0.41589057445526123,0.14431720972061157,0.1411462426185608,0.7226198009739503,-0.27004955068861575,-0.407950392247503,-0.018252095748082054,-0.053436657003847365,0.08095651349983568,0.15424865,-1.028773,0.7692793,-1.6164576,-1.651083,-0.8059813,0.15424865,-1.028773,0.7692793,-1.6164576,-1.651083,-0.8059813,0.15158867835998535,-1.0508052110671997,0.7598856091499329,-1.5959135293960571,-1.6620758771896362,-0.8080533146858215,0.066499576,0.550807,0.2348417,-0.5136019,0.27482125,0.051800773,-0.28318024,0.0,0.0,0.0,0.0005882349796593189,0.0002941175,1.17647,False,3,0.45712896161066296,0.18048330998111872,0.22617354849191532,0.5019014244035328,0.19169330717560837,0.11971667558699087,0.9995771464131075,0.005875613166811458,0.0013021113628983979,0.028448578001291663,0.28938544,-0.09596676,0.28934506,0.3958347433156602,4.0188999264501035e-05,0.0001201069972012192,0.0005036639922764152,0.00032655498944222927,0.00027332200261298567,0.00010333399404771626,0.00178972099092789,0.01808937500754837,0.01987909599847626,50.30409833911212,0
366,7.340160257997923,0.15206296741962433,-1.0479345482638855,0.7611516157733362,-1.598786016503805,-1.6605265776263636,-0.8077781836139124,0.2112579047679901,-1.2614927291870117,-0.7907499074935913,-0.7888875007629395,0.1555633693933487,0.15572169423103333,0.2118816375732422,-0.9256547689437866,-0.5572187304496765,-0.4155462682247162,0.14459742605686188,0.1412445306777954,0.7938440786178738,-0.1333880361405061,-0.12127076273393861,-0.014587505220708962,-0.05550099008448426,0.08056602913968866,0.15444635,-1.0256177,0.77054244,-1.6195139,-1.6496524,-0.8056678,0.15444635,-1.0256177,0.77054244,-1.6195139,-1.6496524,-0.8056678,0.15206296741962433,-1.0479345321655273,0.7611516118049622,-1.5987859964370728,-1.6605266332626343,-0.8077781796455383,0.059584368,0.55791914,0.23477149,-0.51819736,0.2718564,0.05275924,-0.28563553,0.0,0.0,0.0,0.0005882349796593189,0.0002941175,1.17647,False,3,0.45759633910859326,0.1811550215643569,0.22475508220830262,0.5018978097605353,0.191661270500694,0.11968640064189885,0.9995858689481553,0.005563939771801928,0.0018310175684137773,0.028173246787545795,0.28938544,-0.09596676,0.28934506,0.39582249717370804,3.991799894720316e-05,0.00011936800729017705,0.0005852610047440976,0.0002891490003094077,0.00029098099912516773,0.00010758699500001967,0.0018643340008566156,0.017918960002134554,0.01978329400299117,50.547699480622555,0
367,7.360185314988485,0.15249872207641602,-1.045006052856781,0.7624018828021448,-1.6015855274596156,-1.65895921388735,-0.8074801603900355,0.19153791666030884,-1.277359127998352,-0.798373818397522,-0.8537516593933105,0.11003030091524124,0.17448067665100098,0.20960092544555664,-0.9253222942352295,-0.5558098554611206,-0.4148106575012207,0.14464563131332397,0.14132341742515564,0.7970827951653032,-0.2006235941145803,-0.021374117240700707,-0.011575489661937687,-0.044938050420069056,0.08027312209098295,0.15453456,-1.0225278,0.77139723,-1.6227343,-1.6483458,-0.80535215,0.15453456,-1.0225278,0.77139723,-1.6227343,-1.6483458,-0.80535215,0.15249872207641602,-1.0450060367584229,0.7624018788337708,-1.6015855073928833,-1.6589592695236206,-0.8074801564216614,0.050896082,0.5619567,0.2248837,-0.52871907,0.26533666,0.05319986,-0.2881884,0.0,0.0,0.0,0.0005882349796593189,0.0002941175,1.17647,False,3,0.45805664296837445,0.18181186612235356,0.2233009693934408,0.501885065893681,0.19166582223384643,0.1197061887833274,0.9995835495364936,0.005469033573655782,0.0021079946158890166,0.028255532781024252,0.28938544,-0.09596676,0.28934506,0.39581048159176785,4.29740030085668e-05,0.00013756100088357925,0.0006033509998815134,0.00037294499634299427,0.00019414399866946042,0.00015026499750092626,0.002022418993874453,0.017796542000724003,0.019818960994598456,50.456731827291264,0
368,7.380154421000043,0.15292146801948547,-1.041960672741272,0.7636655012713831,-1.6044351063170375,-1.6574385801898401,-0.807227913533346,0.19573037326335907,-1.2596930265426636,-0.7825484275817871,-0.8295369148254395,0.12235794961452484,0.17110022902488708,0.20995615422725677,-0.9311793446540833,-0.557982861995697,-0.41566920280456543,0.1444752812385559,0.1413620114326477,0.8850183781613777,-0.2146681352874815,-0.04316350391681159,-0.014378737865551484,-0.052696749168088156,0.07993969455200378,0.15469241,-1.0191538,0.7728636,-1.6256219,-1.646949,-0.8050387,0.15469241,-1.0191538,0.7728636,-1.6256219,-1.646949,-0.8050387,0.15292146801948547,-1.0419607162475586,0.763665497303009,-1.6044350862503052,-1.6574386358261108,-0.8072279095649719,0.0442737,0.5701726,0.22995314,-0.52967167,0.26224,0.05473043,-0.29083994,0.0,0.0,0.0,0.0005882349796593189,0.0002941175,1.17647,False,3,0.4585311474833488,0.18245396017142126,0.2217925202140496,0.5018696965789979,0.19169167269054194,0.11972327231002952,0.9995793858440405,0.005549478497686146,0.0013301026120896631,0.02843302547550808,0.28938544,-0.09596676,0.28934506,0.3958136953084327,4.483900556806475e-05,0.00013124299584887922,0.0005632560059893876,0.00029602400900330395,0.00030146000790409744,0.00014312200073618442,0.0019731570064323023,0.017786055002943613,0.019759212009375915,50.60930565072592,0
369,7.400092010997469,0.15328076481819153,-1.0388103884509583,0.764996353779928,-1.6072961292662562,-1.6559303442584437,-0.8069098631488245,0.17155762016773224,-1.3009328842163086,-0.8107632398605347,-0.8894098401069641,0.1221422627568245,0.16049526631832123,0.20889773964881897,-0.9407827258110046,-0.5641435384750366,-0.41808438301086426,0.14396509528160095,0.14138904213905334,0.8588437577558976,-0.26801559530793945,-0.27975198665189344,-0.012514529460180192,-0.06734858486158807,0.07597694561583412,0.15474698,-1.0158155,0.77397317,-1.6288191,-1.6456184,-0.8046915,0.15474698,-1.0158155,0.77397317,-1.6288191,-1.6456184,-0.8046915,0.15328076481819153,-1.0388103723526,0.764996349811554,-1.607296109199524,-1.6559303998947144,-0.8069098591804504,0.036655225,0.5748727,0.22442093,-0.5380759,0.2578004,0.05545961,-0.29307643,0.0,0.0,0.0,0.0005882349796593189,0.0002941175,1.17647,False,3,0.45901160585238504,0.18306364416481494,0.22020937012212208,0.501876597309725,0.1917010915748808,0.1197871381578238,0.9995857029030673,0.005538806003830239,0.0008373193338437404,0.028231173300813477,0.28938544,-0.09596676,0.28934506,0.39579688094669424,4.080700455233455e-05,0.000118222989840433,0.0005216639983700588,0.0003017679991899058,0.00019717999384738505,0.00013290700735524297,0.0017424830002710223,0.01803032100724522,0.019772804007516243,50.57451637207701,0
370,7.420110709994333,0.15353229641914368,-1.0356959265521546,0.7662819067584437,-1.6102220020689906,-1.6544259230243128,-0.8066037336932581,0.1973952054977417,-1.3170112371444702,-0.8263983726501465,-0.8517116904258728,0.11238300800323486,0.17005480825901031,0.20934031903743744,-0.9405054450035095,-0.5629408955574036,-0.4174359142780304,0.1431245654821396,0.14139029383659363,0.5121883163154045,-0.11596882178682608,-0.3987990958949078,-0.011486610590669102,-0.04205977622778871,0.07939929984852132,0.15474595,-1.0123587,0.77548885,-1.6317658,-1.6442268,-0.80431867,0.15474595,-1.0123587,0.77548885,-1.6317658,-1.6442268,-0.80431867,0.15353229641914368,-1.0356959104537964,0.7662819027900696,-1.6102219820022583,-1.6544259786605835,-0.806603729724884,0.030341284,0.58343166,0.2301738,-0.5385967,0.25497824,0.057126213,-0.2956156,0.0,0.0,0.0,0.0005882349796593189,0.0002941175,1.17647,False,3,0.4595224827341861,0.18362501608660498,0.21866745363634274,0.501858650143718,0.19169681591399512,0.11976068484206807,0.9995848336946674,0.005490631224341188,0.0006037181650827723,0.028279116143783978,0.28938544,-0.09596676,0.28934506,0.395795471900585,0.0003507209912640974,0.00011576501128729433,0.00048632000107318163,0.00028228700102772564,0.00028470899269450456,0.00010880200716201216,0.001960354988113977,0.017880515006254427,0.019840869994368404,50.40101569557374,0
371,7.440147212997545,0.15379944443702698,-1.032540814285614,0.7675264517413538,-1.6131793461241664,-1.652945343648092,-0.8063548246966761,0.2129935622215271,-1.3005878925323486,-0.8277456760406494,-0.8221741914749146,0.07729124277830124,0.16988122463226318,0.2088673710823059,-0.9434462189674377,-0.5640479922294617,-0.41770321130752563,0.143040731549263,0.14148271083831787,0.6700396269562421,-0.048005865898291304,-0.18068928850881416,-0.011503353833741983,-0.05507058696939785,0.07793598315564557,0.15467381,-1.0089067,0.77681845,-1.6349305,-1.6431081,-0.8040018,0.15467381,-1.0089067,0.77681845,-1.6349305,-1.6431081,-0.8040018,0.15379944443702698,-1.0325407981872559,0.7675264477729797,-1.613179326057434,-1.6529453992843628,-0.806354820728302,0.021859119,0.5908506,0.23230076,-0.5437798,0.24593316,0.058825053,-0.2982211,0.0,0.0,0.0,0.0005882349796593189,0.0002941175,1.17647,False,3,0.4600399349342575,0.18418968816021833,0.2171236172555843,0.5019015226337213,0.19171978499169756,0.11976605311716425,0.9995848178654507,0.005704753676720085,0.0010128622517431077,0.028224346408794548,0.28938544,-0.09596676,0.28934506,0.39583288199132743,5.537598917726427e-05,0.00011693600390572101,0.0004970570007571951,0.00037069700192660093,0.00018127099610865116,9.54449933487922e-05,0.0017289590032305568,0.018167014000937343,0.0198959730041679,50.261427264226555,0
372,7.460089695989154,0.15403512120246887,-1.0294478696635743,0.7687371412860315,-1.6161166630186976,-1.6515443960772913,-0.8060129324542444,0.20537030696868896,-1.2721248865127563,-0.7898135781288147,-0.836472749710083,0.12315096706151962,0.15766853094100952,0.20757636427879333,-0.9421210885047913,-0.5618007183074951,-0.4168452024459839,0.14313414692878723,0.14166389405727386,0.7642806030506101,-0.03441880506405551,-0.10427213416142564,-0.002525552523257986,-0.05010497376599965,0.07656228335745108,0.15461707,-1.0055856,0.7780828,-1.6380346,-1.6418816,-0.80360585,0.15461707,-1.0055856,0.7780828,-1.6380346,-1.6418816,-0.80360585,0.15403512120246887,-1.0294479131698608,0.7687371373176575,-1.6161166429519653,-1.651544451713562,-0.8060129284858704,0.014548608,0.59655833,0.23364182,-0.5479479,0.24157038,0.060177434,-0.3006919,0.0,0.0,0.0,0.0005882349796593189,0.0002941175,1.17647,False,3,0.460556665388006,0.18472017675035934,0.21561807870151795,0.5018734852356604,0.19170934186947222,0.11977903019413846,0.9995867418233692,0.005214491336114787,0.0006871866000978897,0.028260983073429925,0.28938544,-0.09596676,0.28934506,0.39580468006584857,4.03480080422014e-05,0.00011314899893477559,0.0004765290068462491,0.00028696400113403797,0.00018155800353270024,0.00013822800246998668,0.0016717350081307814,0.01811206099228002,0.019783796000410803,50.546416874660224,0
373,7.480135112986318,0.15419937670230865,-1.026283399467804,0.770003620778219,-1.6190782986082972,-1.6500919500934046,-0.8056858221637171,0.1470448076725006,-1.2488899230957031,-0.7919413447380066,-0.8127934336662292,0.09532567113637924,0.17478954792022705,0.17173835635185242,-0.9445526599884033,-0.5617283582687378,-0.4168056845664978,0.14246362447738647,0.14163054525852203,0.9921637434855731,-0.07040896554615175,-0.03862899404876191,-0.013186971963044598,-0.05299757393810646,0.08058161421269261,0.15449156,-1.0021626,0.7794711,-1.6411018,-1.6405365,-0.80322737,0.15449156,-1.0021626,0.7794711,-1.6411018,-1.6405365,-0.80322737,0.15419937670230865,-1.0262833833694458,0.770003616809845,-1.619078278541565,-1.6500920057296753,-0.805685818195343,0.007304724,0.60302055,0.23668642,-0.5505901,0.23888564,0.06146178,-0.3033251,0.0,0.0,0.0,0.0005882349796593189,0.0002941175,1.17647,False,3,0.4610804867205958,0.18522942756168811,0.21405852335252673,0.5018380586353219,0.1916810229780376,0.11971154304854614,0.9995835797973773,0.005582169349395218,0.0012486016446192822,0.028283398921965228,0.28938544,-0.09596676,0.28934506,0.3957939989856123,6.481700984295458e-05,0.00012060700100846589,0.0004990540037397295,0.0002841770037775859,0.0002860790118575096,0.00010673500946722925,0.0017984610021812841,0.018096679996233433,0.019895140998414718,50.26352917426833,0
374,7.500083331993665,0.15435481071472168,-1.0230158132365723,0.7712896505938929,-1.6220704517760218,-1.6487262884723108,-0.8053906599627894,0.18345953524112701,-1.2903920412063599,-0.817206859588623,-0.7923297882080078,0.09090462327003479,0.1696634590625763,0.12450248003005981,-0.9512053728103638,-0.5640532970428467,-0.41742682456970215,0.14199474453926086,0.14174993336200714,0.7293600253482035,-0.34903194826310197,0.005912381804026756,-0.01565214579085762,-0.04602540689433151,0.08082652019766538,0.15442383,-0.99873215,0.780639,-1.6442974,-1.6392742,-0.80287254,0.15442383,-0.99873215,0.780639,-1.6442974,-1.6392742,-0.80287254,0.15435481071472168,-1.0230158567428589,0.7712896466255188,-1.6220704317092896,-1.6487263441085815,-0.8053906559944153,0.001725694,0.6070934,0.2337342,-0.5556747,0.2363015,0.06295292,-0.30572334,0.0,0.0,0.0,0.0005882349796593189,0.0002941175,1.17647,False,3,0.46161202474539004,0.18571502791404665,0.21244590214489012,0.5018637653881669,0.19175142008384027,0.11971578192364134,0.9995891135507434,0.005753760390901479,0.0011466266117469161,0.028057472293819323,0.28938544,-0.09596676,0.28934506,0.395857144982084,4.173899651505053e-05,0.00011578400153666735,0.00047335099952761084,0.0002678019955055788,0.00017922499682754278,9.522899927105755e-05,0.0016668530006427318,0.01813764100370463,0.01980449400434736,50.493589979147465,0
375,7.520093923987588,0.15437528491020203,-1.0196323555758973,0.7726362387286585,-1.6250511608519496,-1.647393528615133,-0.8050678412066858,0.1679820716381073,-1.2951022386550903,-0.8794561624526978,-0.8071885704994202,0.12064774334430695,0.19732756912708282,0.07849306613206863,-0.9554420113563538,-0.5648574829101562,-0.4173634946346283,0.14232739806175232,0.14188514649868011,0.4523061609160802,-0.22887682710198584,-0.24367509706088872,-0.012311772490814565,-0.040928882550469586,0.07851572472858728,0.15414567,-0.9950671,0.7819971,-1.6474186,-1.6381174,-0.80248183,0.15414567,-0.9950671,0.7819971,-1.6474186,-1.6381174,-0.80248183,0.15437528491020203,-1.019632339477539,0.7726362347602844,-1.6250511407852173,-1.6473935842514038,-0.8050678372383118,-0.005740452,0.6141308,0.2340219,-0.55918586,0.23190518,0.06465072,-0.3083905,0.0,0.0,0.0,0.0005882349796593189,0.0002941175,1.17647,False,3,0.4621589769901617,0.1861290974795947,0.21075181172886048,0.5018790778862464,0.19174614227976253,0.11977031380677441,0.9995876599117982,0.005785097475170682,0.0009853805648601425,0.028108717111132348,0.28938544,-0.09596676,0.28934506,0.3958381641145437,5.835299089085311e-05,0.00011883699335157871,0.000496730994200334,0.0002793890016619116,0.00017546799790579826,0.00010175099305342883,0.0016690830088919029,0.01819091998913791,0.019860002998029813,50.3524596697797,0
376,7.540093328992953,0.15439440310001373,-1.0163203042796631,0.7739375273333948,-1.6280833683409632,-1.6460683981524866,-0.8047135511981409,0.20783713459968567,-1.3571467399597168,-0.8307443261146545,-0.7803970575332642,0.11582224816083908,0.20577006042003632,0.036849964410066605,-0.9608097672462463,-0.5673040747642517,-0.41793325543403625,0.1433209329843521,0.14185012876987457,0.581903667272267,0.0715421783323195,-0.2896850631202197,-0.004060452922392831,-0.0414116368342994,0.07530298648188775,0.15384416,-0.9915049,0.78369653,-1.6504781,-1.6369679,-0.8020778,0.15384416,-0.9915049,0.78369653,-1.6504781,-1.6369679,-0.8020778,0.15439440310001373,-1.0163203477859497,0.7739375233650208,-1.628083348274231,-1.6460684537887573,-0.8047135472297668,-0.013756159,0.62038565,0.24397577,-0.55987084,0.22751541,0.065894365,-0.31074128,0.0,0.0,0.0,0.0005882349796593189,0.0002941175,1.17647,False,3,0.4627126575466959,0.1865417791904142,0.20911397277075858,0.5018263815764613,0.19172353114979931,0.1196199320641844,0.9995864799868542,0.006453162575945509,0.001321613185912402,0.027990583859420298,0.28938544,-0.09596676,0.28934506,0.3958578958085492,5.203999171499163e-05,0.00012755198986269534,0.0006512039981316775,0.0003060869930777699,0.0002789389982353896,0.0001492489973315969,0.002035051991697401,0.01781552100146655,0.01985057299316395,50.37637958079978,0
377,7.560079599992605,0.15441825985908508,-1.0130124253085633,0.7752059141742151,-1.6311451397337855,-1.6447323004352015,-0.8043893019305628,0.1731870025396347,-1.290425419807434,-0.8518155217170715,-0.8016391396522522,0.12207373231649399,0.1795009970664978,-0.00620903680101037,-0.9597768187522888,-0.5667415261268616,-0.41759729385375977,0.1430066078901291,0.14188700914382935,0.5967778368376926,-0.08108090104103816,-0.0734998780003632,-0.01030232417347405,-0.037724683693494646,0.07889136616108951,0.15355408,-0.9879941,0.7848553,-1.6538255,-1.6359036,-0.801695,0.15355408,-0.9879941,0.7848553,-1.6538255,-1.6359036,-0.801695,0.15441825985908508,-1.013012409210205,0.7752059102058411,-1.6311451196670532,-1.6447323560714722,-0.8043892979621887,-0.021604387,0.62545806,0.24123439,-0.5670102,0.22071975,0.06735846,-0.31280038,0.0,0.0,0.0,0.0005882349796593189,0.0002941175,1.17647,False,3,0.46326936304593413,0.18695994524457332,0.2074917194815375,0.5018109368389629,0.19172232538885745,0.11963473575190219,0.9995909541319917,0.006896997842247962,0.0012167890411653123,0.027729627767644635,0.28938544,-0.09596676,0.28934506,0.39584238410889666,5.366701225284487e-05,0.00011724300566129386,0.000550295997527428,0.0002883529959945008,0.0002560239954618737,0.00010930099233519286,0.0017851110023912042,0.01805454799614381,0.019839658998535015,50.404092130506946,0
378,7.5800891619874164,0.15444600582122803,-1.0096807044795533,0.776522461568014,-1.6342574558653773,-1.643458668385641,-0.8040111700641077,0.11786030232906342,-1.273136854171753,-0.867312490940094,-0.8077256083488464,0.16083185374736786,0.16576851904392242,-0.05810822919011116,-0.9605835676193237,-0.5643389225006104,-0.4166642427444458,0.14264920353889465,0.14199692010879517,0.8034434008762094,-0.04168809676213409,-0.06985255894121642,-0.011814538280801562,-0.051518264794752196,0.0782509680789705,0.15322499,-0.9844841,0.7860671,-1.6571531,-1.634801,-0.8012858,0.15322499,-0.9844841,0.7860671,-1.6571531,-1.634801,-0.8012858,0.15444600582122803,-1.0096807479858398,0.7765224575996399,-1.634257435798645,-1.6434587240219116,-0.8040111660957336,-0.030525412,0.6299168,0.2386162,-0.57239246,0.21644166,0.06813417,-0.31499934,0.0,0.0,0.0,0.0005882349796593189,0.0002941175,1.17647,False,3,0.4638251310228071,0.18736499143161414,0.20584681686869488,0.501761806408742,0.19178023559385196,0.11956496989652593,0.9996001248196774,0.007130671119570093,0.0006122087972794833,0.027356573657615645,0.28938544,-0.09596676,0.28934506,0.3958880281317795,5.6720993597991765e-05,0.00012590699770953506,0.0004894529993180186,0.00037507399974856526,0.00027158700686413795,0.00010519099305383861,0.0018704870017245412,0.017979334996198304,0.019849821997922845,50.37828551332317,0
379,7.6000882879889105,0.1544027179479599,-1.0061988991549988,0.7778595129596155,-1.6373311481871546,-1.6421893278705042,-0.8036683241473597,0.0073055364191532135,-1.3259626626968384,-0.9080672264099121,-0.8446725010871887,0.16602465510368347,0.17888401448726654,-0.11103557050228119,-0.9675433039665222,-0.5673043131828308,-0.41786056756973267,0.14220906794071198,0.14200681447982788,0.3478760026253567,-0.20072622037814133,0.1315046230250173,-0.008658214070299711,-0.036663325688899275,0.07911976438936608,0.1528672,-0.9808286,0.78751415,-1.660362,-1.6337279,-0.8008875,0.1528672,-0.9808286,0.78751415,-1.660362,-1.6337279,-0.8008875,0.1544027179479599,-1.0061988830566406,0.7778595089912415,-1.6373311281204224,-1.642189383506775,-0.8036683201789856,-0.03838783,0.63425714,0.24136606,-0.57577074,0.21153626,0.069519795,-0.31738156,0.0,0.0,0.0,0.0005882349796593189,0.0002941175,1.17647,False,3,0.4643848993847637,0.18773463257178857,0.20411314004221967,0.5017559539742237,0.1918433971084852,0.1195278766625212,0.9996086631309073,0.0072885643574771,0.00022943209491211886,0.027007352621230617,0.28938544,-0.09596676,0.28934506,0.39594670706626955,5.8263001847080886e-05,0.00011614398681558669,0.000507625998579897,0.00027358300576452166,0.00017871199815999717,9.262398816645145e-05,0.0016533529997104779,0.018204193998826668,0.019857546998537146,50.35868730783653,0
380,7.620121587999165,0.1543392688035965,-1.0027154845050354,0.779215161000387,-1.6404701671996058,-1.6409514586078089,-0.8033126036273401,-0.08751282840967178,-1.3522368669509888,-0.8617173433303833,-0.850064218044281,0.16552740335464478,0.18165606260299683,-0.16061876714229584,-0.9740201234817505,-0.5707899332046509,-0.41922590136528015,0.14197733998298645,0.14204643666744232,0.4097674288427299,-0.16763397951402362,-0.5048728646110118,-0.007840041653276276,-0.04499655693780996,0.07879833846789587,0.1525772,-0.97717494,0.7891461,-1.6635565,-1.6325636,-0.8004761,0.1525772,-0.97717494,0.7891461,-1.6635565,-1.6325636,-0.8004761,0.1543392688035965,-1.0027154684066772,0.7792151570320129,-1.6404701471328735,-1.6409515142440796,-0.8033125996589661,-0.04405148,0.63851285,0.24827482,-0.57715636,0.20969798,0.070913024,-0.3192884,0.0,0.0,0.0,0.0005882349796593189,0.0002941175,1.17647,False,3,0.4649527959786287,0.18808801410278486,0.20237967200478904,0.5017174969455199,0.19186073313434007,0.11943245712980201,0.999605325455303,0.007903856012744475,0.0005656082767831736,0.02695255838539111,0.28938544,-0.09596676,0.28934506,0.39597961836844453,5.2356001106090844e-05,0.00011778500629588962,0.0005008099979022518,0.00026359199546277523,0.00018741800158750266,9.159299952443689e-05,0.0016280209965771064,0.01826209601131268,0.019890117007889785,50.27622510231244,0
381,7.640082773999893,0.15420766174793243,-0.9992089432528992,0.7805669943438929,-1.6436549625792445,-1.6397469679461878,-0.8029378096209925,-0.1055738627910614,-1.4390498399734497,-0.8841449022293091,-0.8640854954719543,0.15626832842826843,0.179844468832016,-0.20760631561279297,-0.9760032296180725,-0.57061368227005,-0.4189797639846802,0.14188836514949799,0.14206749200820923,0.3555782968419847,-0.01861250110790936,-0.48719461953001175,-0.008361546418435329,-0.04217480983510774,0.07680196300013822,0.15231204,-0.9735821,0.7905093,-1.6669276,-1.6314867,-0.8000348,0.15231204,-0.9735821,0.7905093,-1.6669276,-1.6314867,-0.8000348,0.15420766174793243,-0.999208927154541,0.7805669903755188,-1.6436549425125122,-1.6397470235824585,-0.8029378056526184,-0.04739043,0.64067096,0.24855788,-0.58181655,0.20650992,0.072575316,-0.3203888,0.0,0.0,0.0,0.0005882349796593189,0.0002941175,1.17647,False,3,0.46553851461084506,0.1884023957117868,0.20064094252419282,0.5017502785652864,0.19193140665134295,0.11935383674525152,0.9995916004754173,0.009192715501371962,0.0016214202378946564,0.0270081904100054,0.28938544,-0.09596676,0.28934506,0.39608230500875535,5.3037001634947956e-05,0.00011445200652815402,0.00047581701073795557,0.0003651059960247949,0.00017940399993676692,9.824598964769393e-05,0.0017009769944706932,0.018116689010639675,0.019817666005110368,50.46002893287891,0
382,7.6600773469981505,0.15403512120246887,-0.9958007496646424,0.7818873564349573,-1.6468712292113246,-1.6385415236102503,-0.8025510946856897,-0.1366160809993744,-1.3808127641677856,-0.8423030972480774,-0.8217660188674927,0.15032577514648438,0.18068797886371613,-0.2307703047990799,-0.9775946140289307,-0.5687510371208191,-0.418149471282959,0.14220240712165833,0.14209111034870148,0.659352483254633,-0.10933773997155016,-0.39370001816194355,-0.009411749440637853,-0.03845721065084698,0.07741793550850479,0.15178598,-0.9699488,0.792192,-1.6701635,-1.6304818,-0.7995974,0.15178598,-0.9699488,0.792192,-1.6701635,-1.6304818,-0.7995974,0.15403512120246887,-0.9958007335662842,0.7818873524665833,-1.6468712091445923,-1.638541579246521,-0.8025510907173157,-0.056228366,0.6462983,0.2576151,-0.5823065,0.20149241,0.07384206,-0.32274494,0.0,0.0,0.0,0.0005882349796593189,0.0002941175,1.17647,False,3,0.4661316391050571,0.1886977349251809,0.19896354465037402,0.5016304546211545,0.19189542224035336,0.11930798742710964,0.9996147794420626,0.009551265319105209,0.0006716337217806612,0.026050787974167097,0.28938544,-0.09596676,0.28934506,0.3960115977867333,4.7756999265402555e-05,0.00011841299419756979,0.0005510500050149858,0.0002782539959298447,0.00018350999744143337,9.628500265534967e-05,0.0017004690016619861,0.018140291998861358,0.019840761000523344,50.401292570059326,0
383,7.68007583799772,0.15377762913703918,-0.992352620964386,0.783151928578512,-1.6500870190062464,-1.6373608748065394,-0.8021524588214319,-0.15158425271511078,-1.296366572380066,-0.8143183588981628,-0.7706451416015625,0.1630357801914215,0.1796501874923706,-0.22819273173809052,-0.9829608201980591,-0.570131242275238,-0.418700248003006,0.1423678994178772,0.14220866560935974,0.5521786720823431,-0.04761011230461745,0.24004972423130555,-0.005441594544947234,-0.026808005976704335,0.07770397400697295,0.151034,-0.9661688,0.79360026,-1.6736119,-1.6296262,-0.7991246,0.151034,-0.9661688,0.79360026,-1.6736119,-1.6296262,-0.7991246,0.15377762913703918,-0.9923526048660278,0.7831519246101379,-1.6500869989395142,-1.63736093044281,-0.8021524548530579,-0.068590716,0.65459406,0.2612085,-0.58812124,0.19336927,0.07569636,-0.32597032,0.0,0.0,0.0,0.0005882349796593189,0.0002941175,1.17647,False,3,0.46674557357682966,0.18894803100043545,0.19728417965269296,0.5016663426591038,0.19154183665497931,0.11985353975974607,0.9996176134456946,0.004620409300868575,0.001172628736377616,0.027237259321452205,0.28938544,-0.09596676,0.28934506,0.3955398179218577,5.608600622508675e-05,0.00011878099758177996,0.0005007670115446672,0.0002859050000552088,0.00018154999997932464,0.0002125269966199994,0.0018124159978469834,0.018031024999800138,0.01984344099764712,50.394485518845855,0
384,7.700080193986651,0.15354521572589874,-0.9887839120677491,0.784579102193014,-1.6532236538329066,-1.6361997763263147,-0.8017814795123499,-0.18463467061519623,-1.3041338920593262,-0.8379510045051575,-0.7751049995422363,0.15426474809646606,0.1869976967573166,-0.23107942938804626,-0.985689103603363,-0.5694425702095032,-0.41853630542755127,0.14203278720378876,0.14230741560459137,0.24899401928905918,-0.23539800887870718,0.22976734882798394,-0.015087585844665512,-0.02223819108672535,0.07815935252713077,0.15052311,-0.962477,0.7948213,-1.6769593,-1.6285764,-0.7986986,0.15052311,-0.962477,0.7948213,-1.6769593,-1.6285764,-0.7986986,0.15354521572589874,-0.9887838959693909,0.7845790982246399,-1.6532236337661743,-1.6361998319625854,-0.8017814755439758,-0.07555249,0.6576722,0.2560556,-0.5933906,0.19058722,0.07707153,-0.3280639,0.0,0.0,0.0,0.0005882349796593189,0.0002941175,1.17647,False,3,0.46731249139539777,0.18919851797740497,0.19547353943466012,0.5017342198821326,0.19158728578180917,0.1198153098280899,0.9996157071827639,0.0048110427410649435,0.0010289862553233841,0.02728142217015675,0.28938544,-0.09596676,0.28934506,0.39562566537058247,6.028400093782693e-05,0.00012987300578970462,0.0005508949980139732,0.0003104089992120862,0.00022846899810247123,0.00011822700616903603,0.0018767839937936515,0.01796858799934853,0.01984537199314218,50.38958203179878,0
385,7.720096621997072,0.15328176319599152,-0.9851420682719727,0.7860406080829065,-1.656360765496725,-1.6351173559771937,-0.8013284842120569,-0.20416593551635742,-1.3586664199829102,-0.8621575832366943,-0.8061901330947876,0.1403711438179016,0.1888619214296341,-0.23750774562358856,-0.9876437187194824,-0.5701709389686584,-0.4189586937427521,0.14113564789295197,0.14245948195457458,0.4533567331878787,-0.17726745464673832,-0.25037908915489904,-0.007377777239088366,-0.038621758455148834,0.07720600479196828,0.14996804,-0.95875263,0.7965345,-1.6801409,-1.6276029,-0.79820186,0.14996804,-0.95875263,0.7965345,-1.6801409,-1.6276029,-0.79820186,0.15328176319599152,-0.9851420521736145,0.7860406041145325,-1.6563607454299927,-1.6351174116134644,-0.8013284802436829,-0.08284303,0.6597361,0.26234755,-0.59450144,0.18786304,0.07816602,-0.33007002,0.0,0.0,0.0,0.0005882349796593189,0.0002941175,1.17647,False,3,0.4678780734926582,0.189414272543639,0.19361327962319755,0.501692735311558,0.19161320047667113,0.11981687048688897,0.9996202975434874,0.004973234575949823,0.0006657768960786645,0.027093271007697706,0.28938544,-0.09596676,0.28934506,0.39562156879165405,5.911799962632358e-05,0.00012587899982463568,0.0005424950068118051,0.00034552899887785316,0.00022079200425650924,0.0001355520071228966,0.001888481987407431,0.017969104010262527,0.019857585997669958,50.35858840633185,0
386,7.740099405986257,0.15293098986148834,-0.9815344971469422,0.7874634901629847,-1.6595922909178675,-1.634000603352682,-0.8009560743915003,-0.21313588321208954,-1.4170646667480469,-0.8273189663887024,-0.7896913886070251,0.15708144009113312,0.17143237590789795,-0.23671935498714447,-0.9929926991462708,-0.5736581087112427,-0.41970765590667725,0.14110860228538513,0.14244836568832397,0.4990214218100416,-0.188998649598498,-0.488645846736245,-0.013713546110364076,-0.03946145892794534,0.07798395789321255,0.14947474,-0.95496666,0.7985955,-1.6831951,-1.6264988,-0.7977432,0.14947474,-0.95496666,0.7985955,-1.6831951,-1.6264988,-0.7977432,0.15293098986148834,-0.981534481048584,0.7874634861946106,-1.6595922708511353,-1.6340006589889526,-0.8009560704231262,-0.08640614,0.664195,0.27830032,-0.59007096,0.18754566,0.08032163,-0.332154,0.0,0.0,0.0,0.0005882349796593189,0.0002941175,1.17647,False,3,0.4684752957716154,0.1895993786042779,0.1917943408946778,0.5016806611107106,0.19161608548773051,0.11985431507400286,0.9996287553174203,0.004715414100326257,0.0013014029374556922,0.026802419634796806,0.28938544,-0.09596676,0.28934506,0.3956011424204701,6.662600208073854e-05,0.00016259300173260272,0.0006393900112016127,0.0002789519930956885,0.00027577301079872996,0.00011127199104521424,0.0018930560036096722,0.01795881499128882,0.01985187099489849,50.373085753830395,0
387,7.76008814299712,0.15253934264183044,-0.9779267472079773,0.7888124624835413,-1.662936349908346,-1.632942024861471,-0.8005340735064905,-0.24587610363960266,-1.3297754526138306,-0.7966594099998474,-0.7496631145477295,0.15422451496124268,0.17449554800987244,-0.2358485609292984,-0.9953654408454895,-0.5727414488792419,-0.4188065528869629,0.14129596948623657,0.14256784319877625,0.2287520098993473,-0.2886882381350894,0.15776595824685835,-0.006064386390714691,-0.01710001226495819,0.07652638620076153,0.14883846,-0.9512327,0.7999691,-1.6867254,-1.6255873,-0.79726857,0.14883846,-0.9512327,0.7999691,-1.6867254,-1.6255873,-0.79726857,0.15253934264183044,-0.9779267311096191,0.7888124585151672,-1.6629363298416138,-1.6329420804977417,-0.8005340695381165,-0.09252205,0.66735077,0.2789157,-0.5947259,0.18386948,0.08163722,-0.33311793,0.0,0.0,0.0,0.0005882349796593189,0.0002941175,1.17647,False,3,0.4691094272978297,0.18975545661740553,0.19001630060298338,0.5017129346368692,0.19152485066036629,0.11984254462634882,0.9996108753090522,0.00467162657005731,0.001249042564741818,0.0274715961054099,0.28938544,-0.09596676,0.28934506,0.3955571908600607,6.594099977519363e-05,0.00013020199548918754,0.0006250369915505871,0.000302100001135841,0.00017954700160771608,9.808100003283471e-05,0.0017220879963133484,0.018118095002137125,0.019840182998450473,50.40276090588985,0
388,7.780082717988989,0.15209271013736725,-0.9742915791324158,0.7902639547931116,-1.6662432156004847,-1.6319006125079554,-0.800079647694723,-0.2504885792732239,-1.3443127870559692,-0.7968592643737793,-0.8123149275779724,0.16808053851127625,0.16537007689476013,-0.23308870196342468,-0.9960502982139587,-0.5683347582817078,-0.41680651903152466,0.14183130860328674,0.14262253046035767,0.47400492542810224,-0.07606105028323093,0.2265212879608657,-0.0056512768005896365,-0.03188389996159942,0.0765240766677633,0.1481366,-0.947574,0.8011767,-1.6902744,-1.6245728,-0.7967946,0.1481366,-0.947574,0.8011767,-1.6902744,-1.6245728,-0.7967946,0.15209271013736725,-0.9742915630340576,0.7902639508247375,-1.6662431955337524,-1.631900668144226,-0.8000796437263489,-0.09890283,0.6679382,0.2728197,-0.60077846,0.18319646,0.08212593,-0.33376816,0.0,0.0,0.0,0.0005882349796593189,0.0002941175,1.17647,False,3,0.4697241075936553,0.18987653195030121,0.18818018072792822,0.5016688282641066,0.1915183843820983,0.11985543349291719,0.9996228409658723,0.0040916373737998534,0.00033297045291529455,0.02715380696649278,0.28938544,-0.09596676,0.28934506,0.39552329389179813,5.760299973189831e-05,0.00014730700058862567,0.0005050710024079308,0.00027019099798053503,0.00016272799985017627,0.0001099359942600131,0.0015644100058125332,0.018277903989655897,0.01984231399546843,50.397347820842825,0
389,7.800098738996894,0.15162569284439087,-0.970579521065094,0.7918079535113733,-1.6694723568358363,-1.630831543599264,-0.7996538321124476,-0.2677697241306305,-1.3713769912719727,-0.8681989908218384,-0.8778400421142578,0.1513044387102127,0.17410866916179657,-0.23323091864585876,-1.0025203227996826,-0.5711133480072021,-0.4180586636066437,0.1417534202337265,0.14262832701206207,0.36913863688303866,0.047505484930752,-0.08889979429602392,-0.004642059642036841,-0.028397360004989592,0.07723757553073116,0.14733829,-0.94384074,0.80266917,-1.6936837,-1.6236864,-0.7963504,0.14733829,-0.94384074,0.80266917,-1.6936837,-1.6236864,-0.7963504,0.15162569284439087,-0.9705795049667358,0.7918079495429993,-1.669472336769104,-1.6308315992355347,-0.7996538281440735,-0.107185,0.66846865,0.27153006,-0.605286,0.17862782,0.08258575,-0.3348049,0.0,0.0,0.0,0.0005882349796593189,0.0002941175,1.17647,False,3,0.4703058884983056,0.1899884974366031,0.18625863489170552,0.5016434020217033,0.19153283003525198,0.1198106054067147,0.9996155063356533,0.004930318956170486,0.001853319312020996,0.02722225686317802,0.28938544,-0.09596676,0.28934506,0.3955393600514688,8.185300976037979e-05,0.00011243399058002979,0.00045701299677602947,0.00028765699244104326,0.0001511069858679548,9.786900773178786e-05,0.0014976900129113346,0.018372742997598834,0.01987043301051017,50.32602960746074,0
390,7.820088091000798,0.15114207565784454,-0.9668612641147156,0.7933509985553187,-1.6727711162962855,-1.6298416296588343,-0.7992218176471155,-0.24958941340446472,-1.3978594541549683,-0.8732632994651794,-0.8540429472923279,0.1735917031764984,0.18686169385910034,-0.234218567609787,-1.0108259916305542,-0.5769636034965515,-0.4204564690589905,0.14169611036777496,0.14264197647571564,0.42024960954306395,-0.014045239178145794,-0.39459235816457294,-0.004791094467304188,-0.03372724744494072,0.07581255187593423,0.1466849,-0.9400736,0.8046637,-1.6968093,-1.6226075,-0.795875,0.1466849,-0.9400736,0.8046637,-1.6968093,-1.6226075,-0.795875,0.15114207565784454,-0.9668612480163574,0.7933509945869446,-1.6727710962295532,-1.629841685295105,-0.7992218136787415,-0.11142955,0.66969174,0.2828175,-0.6009544,0.18085657,0.08367076,-0.33640066,0.0,0.0,0.0,0.0005882349796593189,0.0002941175,1.17647,False,3,0.47089968011493105,0.19007452272584785,0.1843428855731304,0.5016856283651612,0.1915584666574199,0.11978578850054922,0.9996177360907903,0.004617311898638212,0.0023565374256916526,0.027157632788422505,0.28938544,-0.09596676,0.28934506,0.39559129140960975,6.210200081113726e-05,0.00011788499250542372,0.0005534359952434897,0.0003210609866073355,0.00017257600848097354,0.00010514300083741546,0.0017340230115223676,0.018105590002960525,0.019839613014482893,50.40420895659614,0
391,7.840090311990934,0.15058772265911102,-0.9631895583919068,0.7948315779315394,-1.6761547527708949,-1.6288169066058558,-0.7987521330462855,-0.24799871444702148,-1.426064133644104,-0.8338546752929688,-0.8352799415588379,0.1317729651927948,0.1836821734905243,-0.23670534789562225,-1.01524019241333,-0.5788434147834778,-0.42101216316223145,0.14143261313438416,0.14254437386989594,0.07077267446676667,-0.12487506430076896,-0.08264683581671262,-0.007783062582686663,-0.023056738753776253,0.07733608987885765,0.14579752,-0.9363708,0.8064729,-1.7003001,-1.6219331,-0.79537123,0.14579752,-0.9363708,0.8064729,-1.7003001,-1.6219331,-0.79537123,0.15058772265911102,-0.9631895422935486,0.7948315739631653,-1.6761547327041626,-1.6288169622421265,-0.7987521290779114,-0.11975496,0.6704682,0.29103312,-0.60363454,0.17209597,0.0845224,-0.33698344,0.0,0.0,0.0,0.0005882349796593189,0.0002941175,1.17647,False,3,0.4715239989998398,0.19013757731605105,0.18248149832527957,0.5016891347902417,0.19156713330624406,0.11977028972272334,0.9996182648764168,0.0045543205336189925,0.0025615548857079425,0.02712988049380613,0.28938544,-0.09596676,0.28934506,0.39560611557363695,9.640799544285983e-05,0.00010794599074870348,0.0005104960000608116,0.0003910349914804101,0.0001689209893811494,9.755199425853789e-05,0.0016906259988900274,0.018161600004532374,0.019852226003422402,50.372184954352534,0
392,7.860092744987924,0.15003702044487,-0.9595525425723572,0.7963517347918909,-1.6794434986510218,-1.6277712027179163,-0.798281494771139,-0.30947136878967285,-1.380189299583435,-0.8135856986045837,-0.8326510787010193,0.13589859008789062,0.19862854480743408,-0.2351173758506775,-1.015960454940796,-0.5751665234565735,-0.4191398620605469,0.14180727303028107,0.14252181351184845,0.1502646320954767,0.08789810278154749,-0.024351637957377395,-0.0022280533061732853,-0.019504141966487826,0.0742977374915889,0.14513755,-0.9327142,0.8083626,-1.7034351,-1.6207874,-0.79485744,0.14513755,-0.9327142,0.8083626,-1.7034351,-1.6207874,-0.79485744,0.15003702044487,-0.959552526473999,0.7963517308235168,-1.6794434785842896,-1.627771258354187,-0.7982814908027649,-0.12248671,0.6709571,0.30027193,-0.5997896,0.17459702,0.085601285,-0.33773354,0.0,0.0,0.0,0.0005882349796593189,0.0002941175,1.17647,False,3,0.47211230806835586,0.1902013891537694,0.1806063907196975,0.5017604171904085,0.19160786268530083,0.11975866712961844,0.9995988478953053,0.004581226876815293,0.0028610230920007784,0.027802332967985233,0.28938544,-0.09596676,0.28934506,0.39567895640169964,0.00011877701035700738,0.000150431995280087,0.0005340380012057722,0.0003290269960416481,0.00017792099970392883,0.00017110200133174658,0.0018298700015293434,0.018021665993728675,0.01985153599525802,50.37393581226522,0
393,7.880099498986965,0.14946582913398743,-0.9558574718287964,0.7978785673724573,-1.6828018627562464,-1.6267965475665491,-0.797859017048971,-0.27142155170440674,-1.3375730514526367,-0.8016082048416138,-0.7971707582473755,0.14035263657569885,0.19320103526115417,-0.2375890463590622,-1.0196373462677002,-0.573808491230011,-0.4189828336238861,0.1410331279039383,0.1426420956850052,0.6256495702387128,0.020259206841418895,-0.2706746852755717,-0.0025710445098815204,-0.032407087440394416,0.07702733845354637,0.14444539,-0.9290389,0.810148,-1.7067403,-1.6197234,-0.7944069,0.14444539,-0.9290389,0.810148,-1.7067403,-1.6197234,-0.7944069,0.14946582913398743,-0.9558574557304382,0.7978785634040833,-1.6828018426895142,-1.6267966032028198,-0.7978590130805969,-0.12551089,0.6704646,0.30673668,-0.59846133,0.17682947,0.08630373,-0.33756718,0.0,0.0,0.0,0.0005882349796593189,0.0002941175,1.17647,False,3,0.47271355722382147,0.19023925727035754,0.17870854309342718,0.5016468458727071,0.19159099157556045,0.11967489315607557,0.9995955110804035,0.00457423192286998,0.0036201153054856074,0.027835444841846236,0.28938544,-0.09596676,0.28934506,0.3956416658710084,0.00013499599299393594,0.0001570189924677834,0.0005423520051408559,0.00031818400020711124,0.00017700600437819958,0.0001728329953039065,0.0018302640091860667,0.018023421987891197,0.019853685997077264,50.3684807016296,0
394,7.900140204990748,0.14878056943416595,-0.9521150153926392,0.7994888464557093,-1.6860858402647914,-1.6258190313922327,-0.7973650137530726,-0.31331634521484375,-1.416113257408142,-0.8266458511352539,-0.7895205020904541,0.13074423372745514,0.1934768408536911,-0.23430345952510834,-1.0244685411453247,-0.573399007320404,-0.41843435168266296,0.14151227474212646,0.14278501272201538,0.11343020842132585,-0.2734522875214241,-0.11092259285297014,-0.007079673081901362,-0.019665802055753002,0.07646062536589049,0.14361508,-0.9254122,0.8118748,-1.7099322,-1.6185436,-0.79390347,0.14361508,-0.9254122,0.8118748,-1.7099322,-1.6185436,-0.79390347,0.14878056943416595,-0.952114999294281,0.7994888424873352,-1.686085820198059,-1.6258190870285034,-0.7973650097846985,-0.12913713,0.66757005,0.3096493,-0.59615993,0.1818852,0.08653861,-0.33750513,0.0,0.0,0.0,0.0005882349796593189,0.0002941175,1.17647,False,3,0.47330010704820935,0.19021772115564434,0.17674407465293257,0.5016878769864666,0.19159867164673117,0.11979554311330529,0.9996080533678452,0.005174136414229524,0.001657559003221993,0.02746356234456468,0.28938544,-0.09596676,0.28934506,0.39561754036984564,5.900100222788751e-05,0.00016248600149992853,0.0006958219892112538,0.00032497399661224335,0.00023257599968928844,0.0001484039967181161,0.0020353500003693625,0.01777294099156279,0.019808290991932154,50.483911025302305,0
395,7.920197131999885,0.14812074601650238,-0.9483788770488282,0.8011644522296351,-1.6894008121886195,-1.6248810927020472,-0.7968986670123499,-0.2868410646915436,-1.4284420013427734,-0.8217134475708008,-0.779291570186615,0.1474175751209259,0.17511624097824097,-0.23183037340641022,-1.0301529169082642,-0.5745106339454651,-0.4183349609375,0.142478346824646,0.1426612138748169,0.3303488600049628,0.19353643611522714,-0.13097122504967962,-0.00233838942703141,-0.03223257928577731,0.07265540676448029,0.14277273,-0.9217701,0.8139076,-1.713118,-1.6175851,-0.7934278,0.14277273,-0.9217701,0.8139076,-1.713118,-1.6175851,-0.7934278,0.14812074601650238,-0.94837886095047,0.801164448261261,-1.6894007921218872,-1.6248811483383179,-0.7968986630439758,-0.13370039,0.6652185,0.31857958,-0.5929292,0.18240146,0.086771294,-0.3369787,0.0,0.0,0.0,0.0005882349796593189,0.0002941175,1.17647,False,3,0.47386946433919364,0.1901961888195218,0.17476193569798795,0.5016867297845135,0.1916278004893699,0.11985819619348656,0.9996125419322341,0.00444005230559176,0.0011576259833737247,0.02745372617175037,0.28938544,-0.09596676,0.28934506,0.39561125263789854,0.0004471449938137084,0.00012210200657136738,0.00047472100413870066,0.00028539499908220023,0.0002340849896427244,0.00011296999582555145,0.0020475289929891005,0.017716926013235934,0.019764455006225035,50.59588031570002,0
396,7.940153424991877,0.14742989838123322,-0.9446620506099244,0.8027694861041468,-1.6927277050414027,-1.6238649527179163,-0.7964351812945765,-0.2524196207523346,-1.468550682067871,-0.8280622959136963,-0.766927182674408,0.15085741877555847,0.1748397797346115,-0.23265963792800903,-1.0352559089660645,-0.5763691663742065,-0.41841062903404236,0.14319612085819244,0.14267127215862274,0.4685657712859927,0.15740438755415537,-0.22380123009406744,-0.0014771853323712475,-0.0413538782824762,0.07118392525740318,0.14184275,-0.9181014,0.81581235,-1.7163559,-1.6166621,-0.79295856,0.14184275,-0.9181014,0.81581235,-1.7163559,-1.6166621,-0.79295856,0.14742989838123322,-0.9446620345115662,0.8027694821357727,-1.6927276849746704,-1.623865008354187,-0.7964351773262024,-0.13967867,0.6640171,0.32607237,-0.5907059,0.18007205,0.08691491,-0.33622608,0.0,0.0,0.0,0.0005882349796593189,0.0002941175,1.17647,False,3,0.47444803280800846,0.19017846784070752,0.1728125910053231,0.5016975103657049,0.19157303179398566,0.1198716152580181,0.999615959103056,0.004243877177769209,0.0013455383783989945,0.027351967010823795,0.28938544,-0.09596676,0.28934506,0.395571476353754,9.582399798091501e-05,0.00012505501217674464,0.0006004099996061996,0.00031329700141213834,0.0002151829976355657,0.00010917498730123043,0.0019144090038025752,0.017875452991575003,0.019789861995377578,50.53092337043964,0
397,7.960216955994838,0.14675116539001465,-0.940958635216095,0.804453198109762,-1.696073671380514,-1.6228802839862269,-0.7959416548358362,-0.2304169237613678,-1.4809869527816772,-0.830990195274353,-0.8004591464996338,0.1351909339427948,0.18068277835845947,-0.2335776388645172,-1.03844153881073,-0.5756750106811523,-0.41792789101600647,0.14318254590034485,0.14265881478786469,0.04592428071702209,0.037169751422941516,0.027337613570321207,8.205939058869224e-05,-0.014012623684022864,0.0757695749830246,0.14099959,-0.91461855,0.8177025,-1.7197206,-1.6156768,-0.7924905,0.14099959,-0.91461855,0.8177025,-1.7197206,-1.6156768,-0.7924905,0.14675116539001465,-0.9409586191177368,0.8044531941413879,-1.6960736513137817,-1.6228803396224976,-0.7959416508674622,-0.14378947,0.6585018,0.33123264,-0.5911748,0.18009084,0.08627854,-0.33390218,0.0,0.0,0.0,0.0005882349796593189,0.0002941175,1.17647,False,3,0.4750067307600577,0.19015564531538798,0.17084265611686947,0.5016698798244723,0.19156165870038594,0.11974523072314933,0.9996245409632665,0.004824227508445372,0.0013125086630081247,0.026940687207014757,0.28938544,-0.09596676,0.28934506,0.3956025459797491,4.4271990191191435e-05,0.00012656500621233135,0.0005571430083364248,0.00030733599851373583,0.00021122500766068697,0.00012123699707444757,0.0018667809927137569,0.018023067008471116,0.019889848001184873,50.27690507943692,0
398,7.980159314000048,0.14599037170410156,-0.9372133177569886,0.8062947432147425,-1.6993123493590296,-1.6218975226031702,-0.7954719702350062,-0.25930482149124146,-1.4096390008926392,-0.8642135262489319,-0.8139069676399231,0.11502969264984131,0.17984019219875336,-0.23569738864898682,-1.041661024093628,-0.575668454170227,-0.41788867115974426,0.1426483690738678,0.14258159697055817,0.3285727796454303,-0.03143034742567396,-0.1720586448759474,-0.006101182107558445,-0.02384508282399834,0.0770271115277213,0.13993515,-0.9110058,0.819922,-1.7228497,-1.6147546,-0.7920637,0.13993515,-0.9110058,0.819922,-1.7228497,-1.6147546,-0.7920637,0.14599037170410156,-0.9372133016586304,0.8062947392463684,-1.6993123292922974,-1.621897578239441,-0.7954719662666321,-0.15138046,0.6551882,0.34068096,-0.5884339,0.17857552,0.08520654,-0.33204916,0.0,0.0,0.0,0.0005882349796593189,0.0002941175,1.17647,False,3,0.4755232168797289,0.19008415335528642,0.16877825138434513,0.5016420764606605,0.191446836110853,0.11967286237567996,0.9996231588004295,0.005068888277853175,0.0034346537428479916,0.026758715100222305,0.28938544,-0.09596676,0.28934506,0.3955352158035252,0.0001529400033177808,0.00012198099284432828,0.0005327399994712323,0.00032354501308873296,0.00030722700466867536,0.00019828800577670336,0.0019645369902718812,0.01775663001171779,0.01972116700198967,50.706938382455256,0
399,8.000205673990422,0.14527097344398499,-0.9336038392833252,0.8080928961383265,-1.7026263676085414,-1.620878044758932,-0.7949999014483851,-0.2793165147304535,-1.4415992498397827,-0.8753355741500854,-0.7947040796279907,0.1207784041762352,0.18156498670578003,-0.23468974232673645,-1.0486655235290527,-0.5776100754737854,-0.41889357566833496,0.1425027698278427,0.14251708984375,-0.1299494042762677,-0.05737484609983044,-0.050016117224639584,-0.012508928158931999,-0.005705767714263953,0.07761386105295778,0.13907988,-0.9076875,0.82228994,-1.7257812,-1.6134949,-0.7916383,0.13907988,-0.9076875,0.82228994,-1.7257812,-1.6134949,-0.7916383,0.14527097344398499,-0.933603823184967,0.8080928921699524,-1.702626347541809,-1.6208781003952026,-0.794999897480011,-0.15477729,0.6479088,0.3549268,-0.5788724,0.18457988,0.08404002,-0.3301146,0.0,0.0,0.0,0.0005882349796593189,0.0002941175,1.17647,False,3,0.47604271359301886,0.19004205889683062,0.1668049497308243,0.5016768747125228,0.19147041520593713,0.11953558455365605,0.9996328264123284,0.004840826258275059,0.00450673259244839,0.02627739186937181,0.28938544,-0.09596676,0.28934506,0.3956299258599669,8.930500189308077e-05,0.00011526700109243393,0.0004914430028293282,0.00027206999948248267,0.00028126200777478516,0.00010850699618458748,0.00185559899546206,0.018032779000350274,0.019888377995812334,50.2806211854259,0
