step,time,q0,q1,q2,q3,q4,q5,current0,current1,current2,current3,current4,current5,ctrl_output0,ctrl_output1,ctrl_output2,ctrl_output3,ctrl_output4,ctrl_output5,tcp_force0,tcp_force1,tcp_force2,tcp_force3,tcp_force4,tcp_force5,ctrl_pre_alpha0,ctrl_pre_alpha1,ctrl_pre_alpha2,ctrl_pre_alpha3,ctrl_pre_alpha4,ctrl_pre_alpha5,ctrl0,ctrl1,ctrl2,ctrl3,ctrl4,ctrl5,obs_q0,obs_q1,obs_q2,obs_q3,obs_q4,obs_q5,action0,action1,action2,action3,action4,action5,action6,gripper_norm,gripper_ctrl,finger_pos_est,gripper_obs,gripper_fb_pos,gripper_fb_pct,grasped,obj_flag,tcp_x,tcp_y,tcp_z,box_x,box_y,box_z,box_qw,box_qx,box_qy,box_qz,target_x,target_y,target_z,box_to_target_dist,recv_time_s,mocap_time_s,obs_time_s,policy_time_s,ctrl_time_s,send_time_s,compute_time_s,sleep_time_s,loop_dt_true_s,loop_hz_true,overrun_count
0,0.02007959599723108,0.034722328186035156,-1.0899647039226075,1.0824244658099573,-1.6278020344176234,-1.4013508001910608,0.12338685989379883,0.12384691834449768,-1.4008885622024536,-1.2794595956802368,-0.40002870559692383,0.10266271233558655,0.0018609855324029922,2.6821256915776793e-17,-1.1906658411026,-0.8448973894119263,-0.2606574296951294,0.011624525301158428,0.0,0.2924547252147236,2.8324080092090416,-20.866417765368567,0.3953020574708734,-0.18426592422031723,0.029980655368752104,0.020535238,-1.0980896,1.0789291,-1.6243925,-1.4025272,0.12274972,0.020535238,-1.0980896,1.0789291,-1.6243925,-1.4025272,0.12274972,0.034722328186035156,-1.089964747428894,1.082424521446228,-1.6278020143508911,-1.4013508558273315,0.12338685989379883,-0.35467726,-0.20312141,-0.08738644,0.085237004,-0.029408215,-0.015928494,0.017499503,0.16666666666666666,0.05000000074505806,0.004166666666666667,0.0,,,False,0,0.41905979694303674,0.1856517015350853,0.14165100304057557,0.21718078373539634,-0.18739469095843267,0.11301918171552904,0.9997772911190788,0.006392456843147053,0.007357890944071157,0.018719107612961895,0.17434347,-0.18901506,0.18176922,0.08101993190417893,3.5834003938362e-05,0.00011271299445070326,0.0006082629988668486,0.00036943700979463756,0.00020977899839635938,0.00012516100832726806,0.001859556999988854,0.0182187110040104,0.020078268003999256,49.80509274011168,0
1,0.040085968998027965,0.034511495381593704,-1.0900707107833405,1.0824368635760706,-1.6277467213072718,-1.4012921492206019,0.12338685989379883,-0.27193307876586914,-1.7688381671905518,-1.604819893836975,-0.3117363452911377,0.0483618788421154,-0.012306534685194492,-0.46515408158302307,-1.576665997505188,-1.0513966083526611,-0.19343939423561096,-0.02546640858054161,-0.017155153676867485,0.6450121564181006,1.8027103284704036,-21.449511360866456,0.3713081860098455,-0.19254870830690088,0.03363024762840548,0.020528313,-1.0988498,1.0799724,-1.6242801,-1.4050248,0.12406772,0.020528313,-1.0988498,1.0799724,-1.6242801,-1.4050248,0.12406772,0.034511495381593704,-1.0900707244873047,1.0824369192123413,-1.6277467012405396,-1.4012922048568726,0.12338685989379883,-0.34957954,-0.21947612,-0.061614495,0.08666421,-0.09331327,0.017021364,0.043841485,0.3055555555555556,0.05000000074505806,0.0076388888888888895,0.008333333767950535,,,False,0,0.41908399887133585,0.18557654836571794,0.14168902387570265,0.21717503264244462,-0.1873715375586343,0.11305564714364683,0.9997856461292143,0.00612335106140907,0.006703721885421289,0.018606032669536192,0.17434347,-0.18901506,0.18176922,0.0809864160009951,4.415299918036908e-05,0.00019021400657948107,0.0008552430081181228,0.00029828998958691955,0.0001997740037040785,0.00016550999134778976,0.002263886999571696,0.017499587003840134,0.01976347400341183,50.59839175174197,0
2,0.06013153700041585,0.03354557603597641,-1.090550259952881,1.0821979681598108,-1.6273662052550257,-1.4013827482806605,0.12337856739759445,-0.48768290877342224,-1.9262373447418213,-1.6467278003692627,-0.366769939661026,-0.06438042223453522,-0.07228487730026245,-0.4010829031467438,-1.5393080711364746,-1.128732442855835,-0.13295795023441315,-0.07983758300542831,-0.04889249801635742,0.8457952764438317,1.2547451321484338,-21.840522300447862,0.35552834601437255,-0.2171653819725327,0.03392978511067564,0.019076165,-1.0999753,1.0799007,-1.6245712,-1.4058903,0.12413895,0.019076165,-1.0999753,1.0799007,-1.6245712,-1.4058903,0.12413895,0.03354557603597641,-1.0905503034591675,1.0821980237960815,-1.6273661851882935,-1.4013828039169312,0.12337856739759445,-0.36173525,-0.23562607,-0.05743197,0.06987545,-0.11268756,0.019009603,0.0502671,0.4212962962962963,0.05000000074505806,0.010532407407407407,0.015277777798473835,,,False,0,0.4192363610505368,0.18514957497175152,0.1419259337414114,0.2171873555338698,-0.1873770401344172,0.11305077488153467,0.9997872794423739,0.006065890889893505,0.0066798456026429046,0.018547215553705594,0.17434347,-0.18901506,0.18176922,0.08099695607801038,0.00016352800594177097,0.00013860200124327093,0.0007978500070748851,0.0003518229932524264,0.0002676310105016455,9.908499487210065e-05,0.002254603008623235,0.017617985999095254,0.01987258900771849,50.32056968579188,0
3,0.08013198799744714,0.0318516343832016,-1.0916033250144501,1.081726376210348,-1.627059122125143,-1.401625935231344,0.12328732013702393,-0.36954230070114136,-1.8070921897888184,-1.5569958686828613,-0.32164466381073,-0.06233201175928116,-0.051395319402217865,-0.3027961254119873,-1.4828037023544312,-1.0953377485275269,-0.128424733877182,-0.13520997762680054,-0.026119377464056015,0.4673250837679248,1.7067822902098948,-20.992746861376354,0.35030778473378765,-0.20167850058461745,0.029242531610630354,0.016982324,-1.1015716,1.079525,-1.6248618,-1.4068129,0.12410756,0.016982324,-1.1015716,1.079525,-1.6248618,-1.4068129,0.12410756,0.0318516343832016,-1.0916032791137695,1.0817264318466187,-1.6270591020584106,-1.4016259908676147,0.12328732013702393,-0.37173277,-0.2492061,-0.055037417,0.054932453,-0.12967427,0.020505976,0.05461904,0.5177469135802468,0.05000000074505806,0.012943672839506173,0.021064814180135727,,,False,0,0.41959891070733035,0.184383849349469,0.1424807198139005,0.217181213301788,-0.18733300216641957,0.11303725098049046,0.9997829614243673,0.0062739256518677825,0.006867589537320469,0.018642663895028517,0.17434347,-0.18901506,0.18176922,0.08100608429495716,3.823000588454306e-05,0.00011458199878688902,0.0005735690065193921,0.0002447580045554787,0.00018396900850348175,0.00013117700291331857,0.001631744991755113,0.018207186003564857,0.01983893099531997,50.40594174332787,0
4,0.10049248699215241,0.029675133526325226,-1.0928288859179993,1.0812080542193812,-1.6266328297057093,-1.4020569960223597,0.1232946440577507,-0.16426271200180054,-1.7444336414337158,-1.4447147846221924,-0.3005093038082123,-0.016721971333026886,0.03566717356443405,-0.25721895694732666,-1.4556018114089966,-1.081819772720337,-0.1293998509645462,-0.13555435836315155,0.03968513011932373,-0.013054540841536566,3.560195151293209,-20.42276130503842,0.4049728296309471,-0.18680956787758404,0.021364161060171555,0.014464507,-1.1031616,1.0791297,-1.6249509,-1.4077584,0.12416195,0.014464507,-1.1031616,1.0791297,-1.6249509,-1.4077584,0.12416195,0.029675133526325226,-1.0928288698196411,1.0812081098556519,-1.626632809638977,-1.4020570516586304,0.1232946440577507,-0.38026568,-0.25831857,-0.05196111,0.04204877,-0.14253217,0.021682624,0.058338348,0.5981224279835391,0.05000000074505806,0.014953060699588478,0.025887345895171165,,,False,0,0.4200346547898998,0.18337039269367322,0.14310414913231947,0.21720166719012982,-0.18737356967923832,0.1130487133679856,0.9997863657977216,0.006278920020250008,0.006859518007763928,0.018460452752858646,0.17434347,-0.18901506,0.18176922,0.08100634633417238,4.398600140120834e-05,0.00013629900058731437,0.0006045100017217919,0.0003180640051141381,0.00017193400708492845,0.00012819499534089118,0.001805930005502887,0.018347517994698137,0.020153448000201024,49.619300875464354,0
5,0.12012909799523186,0.02756430394947529,-1.0941564005664368,1.0808489958392542,-1.6261826954283656,-1.4025753180133265,0.12331873178482056,-0.17726892232894897,-1.7322701215744019,-1.4333606958389282,-0.27687543630599976,-0.055958449840545654,0.1398046314716339,-0.24747538566589355,-1.4507824182510376,-1.0820837020874023,-0.13260605931282043,-0.13418681919574738,0.07324181497097015,-0.05515978247177089,3.3292423807917157,-20.52506735952589,0.4022996303843636,-0.1865521908895717,0.02237607576888779,0.012053102,-1.1047513,1.0788971,-1.624936,-1.4086934,0.124228954,0.012053102,-1.1047513,1.0788971,-1.624936,-1.4086934,0.124228954,0.02756430394947529,-1.0941563844680786,1.080849051475525,-1.6261826753616333,-1.4025753736495972,0.12331873178482056,-0.38778004,-0.26487377,-0.048799258,0.031167557,-0.15295056,0.022755476,0.061230715,0.665102023319616,0.05000000074505806,0.0166275505829904,0.029906122013926506,,,False,0,0.4204154429196753,0.18236199039666592,0.1437152830671101,0.21720494764408743,-0.18736449110129794,0.11301979991269948,0.9997848567163715,0.006155485587712144,0.0072069629967962305,0.018449490583947264,0.17434347,-0.18901506,0.18176922,0.08103279560649634,0.00018714199541136622,0.00013924900849815458,0.000488795994897373,0.00034521099587436765,0.00017887300055008382,0.00010055099846795201,0.001810657005989924,0.017678656993666664,0.019489313999656588,51.310169255707024,0
6,0.1401310709916288,0.025588247925043106,-1.0954637092402955,1.0806525389300745,-1.6257935963072718,-1.4032018820392054,0.12340634316205978,-0.2997921109199524,-1.7814542055130005,-1.508370041847229,-0.31147754192352295,-0.0987701565027237,0.17919166386127472,-0.2532860040664673,-1.4482848644256592,-1.0837032794952393,-0.13398753106594086,-0.1335681527853012,0.0849127545952797,0.05514009317070068,2.6110828162495916,-21.003565901422387,0.38663932713545446,-0.19026419761661628,0.029786685483686307,0.009847518,-1.1062623,1.0788147,-1.6248922,-1.4096609,0.12436059,0.009847518,-1.1062623,1.0788147,-1.6248922,-1.4096609,0.12436059,0.025588247925043106,-1.095463752746582,1.0806525945663452,-1.6257935762405396,-1.403201937675476,0.12340634316205978,-0.39351824,-0.26996332,-0.0459472,0.022534117,-0.16147485,0.023856217,0.06321511,0.7209183527663466,0.05000000074505806,0.018022958819158667,0.03325510025024414,,,False,0,0.4207466350469109,0.18138359703285503,0.1442687562138297,0.21717035097181733,-0.18737378714427905,0.11303156714910394,0.9997830000697542,0.006418442647797183,0.0069717009691423505,0.01855231261958156,0.17434347,-0.18901506,0.18176922,0.08100432696756013,3.9075996028259397e-05,0.00011482600530143827,0.0005758969928137958,0.00040132699359674007,0.00017257999570574611,0.0001306689955526963,0.0017904630076372996,0.01804621599148959,0.01983667899912689,50.411664172415904,0
7,0.160138396997354,0.023581521585583687,-1.0969138604453583,1.0804060141192835,-1.6254822216429652,-1.4039271513568323,0.12353430688381195,-0.35598239302635193,-1.8033936023712158,-1.5514622926712036,-0.3517497777938843,-0.12363576889038086,0.20598377287387848,-0.25620734691619873,-1.4445642232894897,-1.083118200302124,-0.13361942768096924,-0.13299216330051422,0.08727312088012695,0.5578113399725155,1.9851898436575333,-21.16187071987488,0.37405998643061333,-0.2060374616186309,0.044525127498223835,0.007638501,-1.107913,1.0786715,-1.6248589,-1.4107363,0.12452645,0.007638501,-1.107913,1.0786715,-1.6248589,-1.4107363,0.12452645,0.023581521585583687,-1.0969138145446777,1.0804060697555542,-1.625482201576233,-1.403927206993103,0.12353430688381195,-0.39857554,-0.27497864,-0.04336666,0.0155827915,-0.1702285,0.024803504,0.06371553,0.7674319606386222,0.05000000074505806,0.019185799015965555,0.03604591637849808,,,False,0,0.42111110751276914,0.18036929516703942,0.14490268750984853,0.21715276203260364,-0.18737210268915414,0.11304427192181847,0.9997824892049093,0.0063158325760706594,0.007128092867458611,0.018555890266837273,0.17434347,-0.18901506,0.18176922,0.08098428143102562,3.924100019503385e-05,0.00011478200030978769,0.000518929009558633,0.00032224699680227786,0.00017206600750796497,0.00010919899796135724,0.0016216910007642582,0.01822387099673506,0.019845561997499317,50.38909959445881,0
8,0.18012308300239965,0.021405279636383057,-1.0984584552100678,1.0800378958331507,-1.6253076992430628,-1.4048298040973108,0.1236945241689682,-0.2538686990737915,-1.7246677875518799,-1.4598608016967773,-0.3310675024986267,-0.10784071683883667,0.20384392142295837,-0.2532322108745575,-1.4385383129119873,-1.0803792476654053,-0.1497143656015396,-0.13250517845153809,0.08660192042589188,0.4384272036177119,2.7845391429308948,-20.657971759965914,0.38766621804030404,-0.2007955680741712,0.03564956995457452,0.005290039,-1.1096202,1.078414,-1.6249043,-1.4119629,0.12471658,0.005290039,-1.1096202,1.078414,-1.6249043,-1.4119629,0.12471658,0.021405279636383057,-1.0984584093093872,1.0800379514694214,-1.6253076791763306,-1.4048298597335815,0.1236945241689682,-0.40288103,-0.27904433,-0.040598813,0.010085414,-0.17832513,0.025551332,0.0629951,0.8061933005321851,0.05000000074505806,0.02015483251330463,0.03837159648537636,,,False,0,0.42156289554461296,0.17924256410360453,0.14562208650760003,0.21719274901063296,-0.18736599082936667,0.1130454885852648,0.9997861060542508,0.006065336519033682,0.0067491816497655096,0.018586455585026935,0.17434347,-0.18901506,0.18176922,0.08100451813436386,3.897199349012226e-05,0.00011543999426066875,0.0005003599944757298,0.0002782500087050721,0.00015551999968010932,0.00017811999714467674,0.0016077550098998472,0.018211779999546707,0.019819535009446554,50.45527049566862,0
9,0.2001291109918384,0.019122321158647537,-1.0999893111041565,1.0797064940081995,-1.6252700291075648,-1.4057634512530726,0.1238575354218483,-0.20407089591026306,-1.7859491109848022,-1.4185200929641724,-0.28578290343284607,-0.07383157312870026,0.1702882945537567,-0.24976232647895813,-1.436599850654602,-1.0794334411621094,-0.17993706464767456,-0.13250459730625153,0.08769068121910095,-0.07162712146406447,3.2901780546763257,-20.14324161403627,0.39860251202563685,-0.1886915072153792,0.03212849090240221,0.0028294139,-1.1112517,1.0782186,-1.6250446,-1.413207,0.124923125,0.0028294139,-1.1112517,1.0782186,-1.6250446,-1.413207,0.124923125,0.019122321158647537,-1.0999892950057983,1.0797065496444702,-1.6252700090408325,-1.4057635068893433,0.1238575354218483,-0.4073227,-0.28156087,-0.0372003,0.0056351786,-0.1860872,0.026639817,0.061404455,0.8384944171101542,0.05000000074505806,0.020962360427753856,0.040309663861989975,,,False,0,0.42205254948022874,0.17806281788554038,0.1463372266170525,0.21715328241920986,-0.18738238207727181,0.11302857844417669,0.9997816969990602,0.006303864677170921,0.007034723438921929,0.018636033287810213,0.17434347,-0.18901506,0.18176922,0.0809976668529376,3.792000643443316e-05,0.00011582901061046869,0.0005213650001678616,0.0002454590139677748,0.00015455199172720313,0.00011146700126118958,0.0015264739922713488,0.018313042994122952,0.0198395169863943,50.40445292522937,0
10,0.22013062999758404,0.016907818615436554,-1.1014044743827363,1.0795348326312464,-1.625068803826803,-1.4066837469684046,0.12398083508014679,-0.25575944781303406,-1.8216307163238525,-1.4939954280853271,-0.35034531354904175,-0.10122238099575043,0.1788295954465866,-0.2497304528951645,-1.436607003211975,-1.08034348487854,-0.20403382182121277,-0.13317909836769104,0.09155471622943878,0.219894721653759,2.706645224632733,-20.990228548962502,0.3850717087261059,-0.19945282329153727,0.03206215834134679,0.00049064495,-1.112747,1.0781622,-1.6249727,-1.4143825,0.12509155,0.00049064495,-1.112747,1.0781622,-1.6249727,-1.4143825,0.12509155,0.016907818615436554,-1.1014044284820557,1.079534888267517,-1.6250687837600708,-1.4066838026046753,0.12398083508014679,-0.41042933,-0.28356233,-0.034316935,0.0024027142,-0.19246687,0.0277681,0.059752952,0.8654120142584618,0.05000000074505806,0.021635300356461547,0.041924722492694855,,,False,0,0.42245236884308074,0.1769125260518972,0.14693700171579088,0.2171698774753223,-0.18734790638732832,0.11304787211861698,0.9997887414956108,0.006136131973778932,0.006612852550901807,0.018468862026675987,0.17434347,-0.18901506,0.18176922,0.08099076978684643,3.9560996810905635e-05,0.00011578899284359068,0.0005149620119482279,0.00024359500093851238,0.0001493559975642711,0.00011344300583004951,0.001509219000581652,0.0183275710005546,0.01983679000113625,50.411382080604774,0
11,0.24009023599501234,0.014688542112708092,-1.1028923851302643,1.079367462788717,-1.6249734363951625,-1.4076016584979456,0.1241331472992897,-0.26580262184143066,-1.7857590913772583,-1.5245921611785889,-0.387650728225708,-0.11292602121829987,0.13525761663913727,-0.2521229684352875,-1.4337776899337769,-1.0802747011184692,-0.22735553979873657,-0.13387919962406158,0.09790598601102829,0.33671782739915157,2.295945764072691,-20.97977047107743,0.3640332953811799,-0.19594996968139103,0.06578418833119237,-0.0018329546,-1.1143193,1.0780963,-1.6249733,-1.4155445,0.12527518,-0.0018329546,-1.1143193,1.0780963,-1.6249733,-1.4155445,0.12527518,0.014688542112708092,-1.1028923988342285,1.0793675184249878,-1.6249734163284302,-1.4076017141342163,0.1241331472992897,-0.41303745,-0.2856733,-0.031780917,1.9781291e-06,-0.19856842,0.028550988,0.057518452,0.8878433452153848,0.05000000074505806,0.02219608363038462,0.043270599097013474,,,False,0,0.42287248360633284,0.17576017440970101,0.1475775474283868,0.2171795175821279,-0.18735179413345354,0.11304896603970747,0.999787011757218,0.006085334407090185,0.006528233297699103,0.018609595570642647,0.17434347,-0.18901506,0.18176922,0.08099485963838979,4.020899359602481e-05,0.00011356899631209671,0.0006617729959543794,0.00032389399711973965,0.00017920399841386825,0.00013484599185176194,0.0018157700105803087,0.017983913989155553,0.019799683999735862,50.50585655878854,0
12,0.26007992000086233,0.012448581866919994,-1.1045890909484406,1.0791357199298304,-1.6249844036498011,-1.4086959997760218,0.12427667528390884,-0.29680508375167847,-1.7738767862319946,-1.4952285289764404,-0.3678891062736511,-0.08081052452325821,0.1884218156337738,-0.2515814006328583,-1.4270373582839966,-1.0779006481170654,-0.24556955695152283,-0.13400928676128387,0.10460490733385086,0.16225722104359108,3.1419596857754986,-20.48594933053393,0.400400480884287,-0.21261896442547049,-0.038120647212676564,-0.004182647,-1.1160926,1.0779787,-1.6250587,-1.416893,0.12544711,-0.004182647,-1.1160926,1.0779787,-1.6250587,-1.416893,0.12544711,0.012448581866919994,-1.1045891046524048,1.079135775566101,-1.6249843835830688,-1.4086960554122925,0.12427667528390884,-0.41578075,-0.28758562,-0.028926574,-0.0018565371,-0.20492494,0.02926102,0.05454436,0.9065361210128207,0.05000000074505806,0.02266340302532052,0.044392168521881104,,,False,0,0.42333237975223864,0.1745572363835716,0.1483317638663032,0.21717700293484193,-0.1873978576054867,0.11303319463132801,0.9997859057815862,0.006231122465837693,0.006866404202912775,0.018496536031924006,0.17434347,-0.18901506,0.18176922,0.08100597896703857,6.44209940219298e-05,0.0001324219920206815,0.0006694180046906695,0.0003400449932087213,0.00016889900143723935,0.00010665100126061589,0.0018857340037357062,0.017933887997060083,0.01981962200079579,50.455049039777265,0
13,0.28011581499595195,0.010117909871041775,-1.1061994594386597,1.0788643995868128,-1.6249925098814906,-1.409736458455221,0.12441682815551758,-0.2407892495393753,-1.7619774341583252,-1.4714024066925049,-0.3387834429740906,-0.0799623429775238,0.1681438833475113,-0.2500208616256714,-1.4232666492462158,-1.066545009613037,-0.2543705105781555,-0.13386404514312744,0.10986238718032837,-0.01292289964852622,2.8458405340092185,-21.25812136896274,0.385635206446891,-0.204869774701587,0.02776467086903549,-0.0066242786,-1.1177416,1.0778314,-1.6251245,-1.4181808,0.12562361,-0.0066242786,-1.1177416,1.0778314,-1.6251245,-1.4181808,0.12562361,0.010117909871041775,-1.1061995029449463,1.0788644552230835,-1.6249924898147583,-1.4097365140914917,0.12441682815551758,-0.41855472,-0.28855282,-0.025825491,-0.0032977152,-0.21110697,0.030169498,0.05122117,0.9221134341773505,0.05000000074505806,0.023052835854433764,0.04532680660486221,,,False,0,0.4238109314216169,0.1733273083222627,0.14906399941079773,0.2171774967404294,-0.18733636725765368,0.11303737633132607,0.9997847754409467,0.006142707083271746,0.0071596422856871,0.018477301238455895,0.17434347,-0.18901506,0.18176922,0.081003942792598,4.419300239533186e-05,0.0001333800028078258,0.0006766739970771596,0.00031998199119698256,0.00021341099636629224,9.798399696592242e-05,0.0018620300106704235,0.01798515899281483,0.019847189003485255,50.38496886508188,0
14,0.30010302099981345,0.007794318255037069,-1.1077967149070282,1.0787327925311487,-1.6249529323973597,-1.4108222166644495,0.12461581081151962,-0.2246095985174179,-1.719035267829895,-1.4835723638534546,-0.33740296959877014,-0.11523845046758652,0.1502663642168045,-0.24881286919116974,-1.425237774848938,-1.0432300567626953,-0.2624838054180145,-0.1343807578086853,0.1141190305352211,0.45812356461999126,3.0688764713171004,-20.676737834126634,0.3892592105661664,-0.2112337162635843,0.028396873011902073,-0.009019913,-1.1193687,1.07781,-1.6251184,-1.4194759,0.12585256,-0.009019913,-1.1193687,1.07781,-1.6251184,-1.4194759,0.12585256,0.007794318255037069,-1.1077966690063477,1.0787328481674194,-1.6249529123306274,-1.4108222723007202,0.12461581081151962,-0.42035583,-0.28930148,-0.023068544,-0.0041352236,-0.21634164,0.030918507,0.048010893,0.9350945284811254,0.05000000074505806,0.023377363212028136,0.04610567167401314,,,False,0,0.424242149645658,0.17208812344629262,0.1497402340108496,0.2171699526359474,-0.18735777530127246,0.11302842258872789,0.9997877376763281,0.006070658397720541,0.0067052961365840725,0.018510651100501388,0.17434347,-0.18901506,0.18176922,0.08100711076173879,3.971099795307964e-05,0.00011921398981940001,0.0006469269865192473,0.00030187399534042925,0.00017618099809624255,0.00012375100050121546,0.0017875260091386735,0.018004637997364625,0.0197921640065033,50.525046158238204,0
15,0.32013057899894193,0.005490956362336874,-1.1093378824046631,1.0786216894732874,-1.6249824963011683,-1.4119566122638147,0.12472820281982422,-0.25954669713974,-1.7660682201385498,-1.532248854637146,-0.3743745684623718,-0.08528950065374374,0.17545588314533234,-0.24984589219093323,-1.4240678548812866,-1.0261389017105103,-0.27146223187446594,-0.13473929464817047,0.11713387817144394,0.14746882246597548,2.752153463458196,-20.96695291319193,0.38068289366923114,-0.2160391930882914,0.027828330381122375,-0.011419179,-1.1209431,1.0778117,-1.6251761,-1.4208411,0.1259982,-0.011419179,-1.1209431,1.0778117,-1.6251761,-1.4208411,0.1259982,0.005490956362336874,-1.1093379259109497,1.078621745109558,-1.624982476234436,-1.4119566679000854,0.12472820281982422,-0.4227534,-0.2901279,-0.020249896,-0.0048399223,-0.22211061,0.031749725,0.04454566,0.9459121070676044,0.05000000074505806,0.023647802676690113,0.04675472527742386,,,False,0,0.42467659492013493,0.17084508465800324,0.15039186734415133,0.21718265781780166,-0.18735740024616965,0.11305841716522741,0.9997886672618035,0.006085911682042713,0.0064080289765159225,0.01856281008169512,0.17434347,-0.18901506,0.18176922,0.08098838702305587,4.3320003896951675e-05,0.00013217999367043376,0.0005844069964950904,0.0002674690040294081,0.00017694500274956226,0.0001119799999287352,0.001761537991114892,0.018072662001941353,0.019834199993056245,50.41796494691442,0
16,0.3400916079990566,0.003123947186395526,-1.1109343332103272,1.07847768465151,-1.6249638996519984,-1.4131291548358362,0.1249077245593071,-0.21493428945541382,-1.8069536685943604,-1.5426496267318726,-0.397506445646286,-0.10084159672260284,0.15572887659072876,-0.24976931512355804,-1.4208931922912598,-1.0099313259124756,-0.27730193734169006,-0.1348799467086792,0.12078198790550232,0.3279006877590749,2.750398821152893,-20.86577694753219,0.37644098258316594,-0.21393350782070836,0.028057232807357727,-0.014181557,-1.1227953,1.0722395,-1.6263224,-1.41904,0.12419057,-0.014181557,-1.1227953,1.0722395,-1.6263224,-1.41904,0.12419057,0.003123947186395526,-1.1109343767166138,1.0784777402877808,-1.6249638795852661,-1.413129210472107,0.1249077245593071,-0.43263763,-0.2965246,-0.15595627,-0.033963785,-0.14777027,-0.017928902,-0.018811423,0.9549267558896704,0.049623772278428076,0.02387316889724176,0.029999999329447746,0.015,60.0,False,0,0.4251138864061039,0.1695649050334267,0.1510714201744406,0.2171636072354013,-0.18736213709961258,0.11305051642999236,0.9997887110205447,0.005942956006722488,0.00649963473385172,0.018573743435099037,0.17434347,-0.18901506,0.18176922,0.08098491887300313,4.116000491194427e-05,0.00011756899766623974,0.0005726050003431737,0.00025740600540302694,0.00015246099792420864,0.000114281996502541,0.0015989030071068555,0.01820094999857247,0.019799853005679324,50.50542545508612,0
17,0.3601226000027964,0.000736782094463706,-1.1126011472991486,1.0783374945269983,-1.624960561791891,-1.4143627325641077,0.12508726119995117,-0.20448914170265198,-1.738216519355774,-1.4977909326553345,-0.4312540292739868,-0.09662875533103943,0.15802490711212158,-0.2495475709438324,-1.4167675971984863,-0.9869452118873596,-0.28014102578163147,-0.1352073848247528,0.12416130304336548,0.12035956390388569,3.4569825057406924,-20.581387597310034,0.3934795247766767,-0.20942938396166802,0.024913442728772276,-0.016481504,-1.1232284,1.0767941,-1.6248512,-1.4219246,0.12547773,-0.016481504,-1.1232284,1.0767941,-1.6248512,-1.4219246,0.12547773,0.000736782094463706,-1.1126011610031128,1.078337550163269,-1.6249605417251587,-1.4143627882003784,0.12508726119995117,-0.43045714,-0.26568168,-0.038586542,0.0027322886,-0.189045,0.009761855,0.03303317,0.9624389632413919,0.05000000074505806,0.0240609740810348,0.029999999329447746,0.015,60.0,False,0,0.42555261635906233,0.16826068906943148,0.15177950070793006,0.21716967449251592,-0.18738138113925465,0.11304238186421833,0.999788721034265,0.006044967889327272,0.006670469372774619,0.018480445119644372,0.17434347,-0.18901506,0.18176922,0.0809946389311944,5.434600461740047e-05,0.00013511900033336133,0.0006793030042899773,0.0003030950028914958,0.00017701199976727366,0.00011255900608375669,0.001836933006416075,0.0180235250008991,0.019860458007315174,50.35130607922896,0
18,0.38012471300316975,-0.0016487280475061539,-1.1141846638968964,1.0780990759478968,-1.6249476871886195,-1.4155753294574183,0.12523464858531952,-0.254931777715683,-1.7675306797027588,-1.5697954893112183,-0.5191459655761719,-0.06572888791561127,0.127837136387825,-0.25471994280815125,-1.445208191871643,-1.1235865354537964,-0.3203103244304657,-0.12386094778776169,0.0715719684958458,0.24694588218123004,3.159817637466088,-21.28958508896214,0.3895829185347318,-0.23313452974083837,-0.000897479626908055,-0.018943159,-1.1248493,1.0768484,-1.6248825,-1.4235861,0.12564088,-0.018943159,-1.1248493,1.0768484,-1.6248825,-1.4235861,0.12564088,-0.0016487280372530222,-1.1141846179962158,1.0780991315841675,-1.6249476671218872,-1.415575385093689,0.12523464858531952,-0.4323608,-0.2666162,-0.0312682,0.0016296229,-0.2002692,0.010156025,0.0301839,0.9686991360344933,0.05000000074505806,0.024217478400862334,0.029999999329447746,0.015,60.0,False,0,0.4260053535987567,0.1669608811296326,0.15248360246764178,0.21719858120990415,-0.18735628023602005,0.1130073676072292,0.9997844644648942,0.006181570669604718,0.006923612265155776,0.018572255687132836,0.17434347,-0.18901506,0.18176922,0.08104014443202727,8.98040016181767e-05,0.00013824200141243637,0.0006754920032108203,0.0002780479990178719,0.0002036520018009469,0.0001257940020877868,0.0018881690048146993,0.017957399002625607,0.019845568007440306,50.3890843348545,0
19,0.4001295600028243,-0.0040047804461877945,-1.1158710581115265,1.0775917212115687,-1.6250831089415492,-1.4165409247027796,0.12525050342082977,-0.2482573688030243,-1.7893885374069214,-1.470322847366333,-0.5185943245887756,-0.08386227488517761,0.09077350795269012,-0.2534555196762085,-1.3867533206939697,-1.0701148509979248,-0.3236733078956604,-0.1303950548171997,0.0037382105365395546,-0.2247836292112806,2.9081091360776345,-20.79309511283468,0.37918920585691557,-0.20935042755688718,0.05872106096732961,-0.021351514,-1.1265533,1.0764408,-1.6250432,-1.4247776,0.12564175,-0.021351514,-1.1265533,1.0764408,-1.6250432,-1.4247776,0.12564175,-0.0040047806687653065,-1.1158710718154907,1.0775917768478394,-1.625083088874817,-1.4165409803390503,0.12525050342082977,-0.43366838,-0.26705688,-0.028775513,0.0009990181,-0.20591658,0.00978112,0.027036441,0.9739159466954111,0.05000000074505806,0.02434789866738528,0.029999999329447746,0.015,60.0,False,0,0.42653955708426766,0.1657299022573892,0.15334242872467885,0.21718431655695677,-0.18735669167131686,0.11303467136854735,0.9997839810403322,0.0064717811280597375,0.006941569113678149,0.018491433666689296,0.17434347,-0.18901506,0.18176922,0.08100942570192951,3.9328006096184254e-05,0.00012915200204588473,0.0006046750058885664,0.0002100609999615699,0.00016862199117895216,0.00012653200246859342,0.001630005004699342,0.018209714005934075,0.019839719010633416,50.40393966588105,0
20,0.42008858900226187,-0.006416622792379201,-1.117423729305603,1.0771201292621058,-1.625131746331686,-1.4175432364093226,0.12523102760314941,-0.2424435168504715,-1.6761319637298584,-1.4207627773284912,-0.5056957602500916,-0.11091992259025574,0.1304394006729126,-0.2514646351337433,-1.3864156007766724,-1.0589169263839722,-0.273311048746109,-0.13582678139209747,0.01939297281205654,-0.2393868764669702,2.919669791235695,-20.3543016088765,0.37050158218842444,-0.21815800059177706,0.0085433302039702,-0.023820288,-1.1281164,1.0760585,-1.6251265,-1.4260333,0.12563723,-0.023820288,-1.1281164,1.0760585,-1.6251265,-1.4260333,0.12563723,-0.006416623014956713,-1.1174237728118896,1.0771201848983765,-1.6251317262649536,-1.4175432920455933,0.12523102760314941,-0.43509167,-0.26731464,-0.026543044,0.00013247505,-0.21224841,0.010155296,0.02361139,0.9782632889128425,0.05000000074505806,0.024456582222821065,0.029999999329447746,0.015,60.0,False,0,0.42705078238842964,0.1644650526275295,0.15412307973404515,0.2171744151377842,-0.18735180288352069,0.11305920139901397,0.9997874432865365,0.006098383649451766,0.006815292282640858,0.018477135973532524,0.17434347,-0.18901506,0.18176922,0.08098347670592441,3.8960002711974084e-05,0.00011408599675633013,0.0006138450116850436,0.00025484499929007143,0.00017696901340968907,0.00011022899707313627,0.0016443320055259392,0.018147178998333402,0.01979151100385934,50.52671318551677,0
21,0.4400848130026134,-0.00885039964784795,-1.1189846259406586,1.0769441763507288,-1.6251236400999964,-1.418675724660055,0.12529844045639038,-0.2674015164375305,-1.68119478225708,-1.4797683954238892,-0.5132070183753967,-0.08507000654935837,0.15901462733745575,-0.2491864264011383,-1.398644208908081,-1.0675983428955078,-0.25338825583457947,-0.13589075207710266,0.03210078552365303,0.22081297487021456,3.2518494129275144,-20.50811887956375,0.37713977210791294,-0.22438611716611295,0.03262666369408747,-0.026324347,-1.1296935,1.0759599,-1.6251513,-1.4274143,0.12571184,-0.026324347,-1.1296935,1.0759599,-1.6251513,-1.4274143,0.12571184,-0.008850399404764175,-1.118984580039978,1.0769442319869995,-1.6251236200332642,-1.4186757802963257,0.12529844045639038,-0.4368487,-0.26772222,-0.024607157,-0.0006902999,-0.21846284,0.010335168,0.020192003,0.9818860740940355,0.05000000074505806,0.024547151852350887,0.029999999329447746,0.015,60.0,False,0,0.4274838395729443,0.16315946345411214,0.1548026831652293,0.21719548652621767,-0.18737412291534306,0.11299297510974825,0.9997778922042218,0.006574083381969208,0.007287021467969815,0.018649977170492132,0.17434347,-0.18901506,0.18176922,0.08105035727285452,3.927499346900731e-05,0.00012793899804819375,0.0005690099933417514,0.00027728700661100447,0.00017289500101469457,0.00011290601105429232,0.001637868001125753,0.018192175004514866,0.01983004300564062,50.42853410431596,0
22,0.4600808399991365,-0.011258904133931935,-1.1204331380179902,1.0767691771136683,-1.625131746331686,-1.4197338263141077,0.12536649405956268,-0.290617972612381,-1.7798027992248535,-1.4798303842544556,-0.5373759269714355,-0.09718343615531921,0.16083873808383942,-0.24875381588935852,-1.4056055545806885,-1.0341593027114868,-0.25145119428634644,-0.13552863895893097,0.03591592609882355,-0.14228925517933155,2.9212228868039474,-20.473188059919543,0.3745451557024781,-0.2144470962268412,0.019471071112485114,-0.028786462,-1.1311569,1.0758606,-1.6251904,-1.4287068,0.12578693,-0.028786462,-1.1311569,1.0758606,-1.6251904,-1.4287068,0.12578693,-0.01125890389084816,-1.1204330921173096,1.076769232749939,-1.6251317262649536,-1.4197338819503784,0.12536649405956268,-0.43818894,-0.26809692,-0.022714155,-0.0014654126,-0.2243209,0.010511079,0.017187478,0.9849050617450296,0.05000000074505806,0.02462262654362574,0.029999999329447746,0.015,60.0,False,0,0.4279116378017066,0.1618809214998616,0.15543890921425096,0.21718060496533145,-0.18738926382882656,0.11302216657237779,0.999767270920073,0.006820473163768968,0.008163495806598971,0.018767691485526497,0.17434347,-0.18901506,0.18176922,0.0810174133007742,9.475699334871024e-05,0.0001318199938395992,0.0007204819994512945,0.00025676199584268034,0.00016703299479559064,0.00011989999620709568,0.001882498007034883,0.017916808996233158,0.01979930700326804,50.50681823535246,0
23,0.4801262550026877,-0.013694111500875294,-1.12187413991008,1.0766890684710901,-1.6251355610289515,-1.4209540526019495,0.12542641162872314,-0.2832944393157959,-1.7883977890014648,-1.5222752094268799,-0.5326848030090332,-0.08931311964988708,0.16941484808921814,-0.2492709755897522,-1.4072442054748535,-1.017378807067871,-0.254522442817688,-0.13583381474018097,0.03652358427643776,-0.030259777429934687,2.754632851430843,-20.916236506556135,0.36584130318353303,-0.21749421326829174,0.013384925400031868,-0.030467073,-1.132723,1.076452,-1.6247789,-1.4310368,0.1266217,-0.030467073,-1.132723,1.076452,-1.6247789,-1.4310368,0.1266217,-0.01369411125779152,-1.1218740940093994,1.0766891241073608,-1.6251355409622192,-1.4209541082382202,0.12542641162872314,-0.41932404,-0.2712222,-0.005928022,0.008915832,-0.2520684,0.0298822,0.023426507,0.9874208847875245,0.05000000074505806,0.024685522119688115,0.03470589965581894,0.017352950000000002,69.4118,False,0,0.4283177162651428,0.16055207459602783,0.15603576272976857,0.21720691059960634,-0.18743121523322268,0.11303597968385304,0.9997735604585729,0.006737766258509747,0.007526089445924036,0.018730567169942484,0.17434347,-0.18901506,0.18176922,0.08101877551800805,3.9421996916644275e-05,0.00011340799392201006,0.0006044539914000779,0.00033939701097551733,0.00017318800382781774,0.00011319699115119874,0.0017401590012013912,0.018164756998885423,0.019904916000086814,50.238845519149066,0
24,0.5000813759979792,-0.016181294118062794,-1.12338079631839,1.0765774885760706,-1.6251546345152796,-1.422159496937887,0.12548255920410156,-0.24398818612098694,-1.7743011713027954,-1.54209303855896,-0.5544594526290894,-0.0836741179227829,0.14470773935317993,-0.24909721314907074,-1.4047421216964722,-1.0023410320281982,-0.2584262788295746,-0.13582172989845276,0.03831526264548302,0.20263586027767078,3.0903198955183213,-20.902917683055236,0.3738134148826646,-0.2350611436720029,0.009357085405267527,-0.033841148,-1.1343329,1.0761248,-1.6254122,-1.4320668,0.12615366,-0.033841148,-1.1343329,1.0761248,-1.6254122,-1.4320668,0.12615366,-0.01618129387497902,-1.1233807802200317,1.0765775442123413,-1.6251546144485474,-1.4221595525741577,0.12548255920410156,-0.4414964,-0.27380317,-0.011318035,-0.0064406656,-0.24768241,0.01677742,0.011427147,0.9895174039896039,0.05000000074505806,0.024737935099740097,0.03470589965581894,0.017352950000000002,69.4118,False,0,0.428737171994403,0.15920319696318055,0.1566732531004756,0.2171965340058344,-0.18730387484531047,0.11305804167189844,0.9997952847838111,0.0057757983708996465,0.0061623944619322805,0.018385684904169395,0.17434347,-0.18901506,0.18176922,0.0809971594216078,3.921698953490704e-05,0.00011485999857541174,0.0005146250041434541,0.00026655600231606513,0.00015151698607951403,0.00010894100705627352,0.0015305450069718063,0.018259966993355192,0.019790512000327,50.52926371907291,0
25,0.520132524005021,-0.01861268678774053,-1.1249460738948365,1.076390568410055,-1.6251560650267542,-1.423420254384176,0.12553048133850098,-0.2243027240037918,-1.7045539617538452,-1.4718961715698242,-0.5202120542526245,-0.09823912382125854,0.1850324273109436,-0.23467180132865906,-1.4019203186035156,-0.957949697971344,-0.25070101022720337,-0.13906346261501312,0.06096912920475006,-0.11801582882278416,2.990840664773019,-20.545382920652205,0.3823997964381992,-0.22319677217242304,0.03189757458698923,-0.036300458,-1.135908,1.0759693,-1.6254293,-1.4334773,0.12618789,-0.036300458,-1.135908,1.0759693,-1.6254293,-1.4334773,0.12618789,-0.018612686544656754,-1.124946117401123,1.0763906240463257,-1.625156044960022,-1.4234203100204468,0.12553048133850098,-0.44219434,-0.27404648,-0.010530864,-0.00682942,-0.25142553,0.016435392,0.008861803,0.9912645033246699,0.05000000074505806,0.024781612583116747,0.03470589965581894,0.017352950000000002,69.4118,False,0,0.429154639713807,0.15786393883289168,0.15735649999380025,0.21718733329215004,-0.1873374214034392,0.11305298384184181,0.9997929784050233,0.005740307175006168,0.006172842419741512,0.01851744021282172,0.17434347,-0.18901506,0.18176922,0.08099588114545447,4.0022991015575826e-05,0.00011553599324543029,0.0005262999911792576,0.0003197740006726235,0.00015101800090633333,0.00011152500519528985,0.0016249140026047826,0.018281059004948474,0.019905973007553257,50.23617783569551,0
26,0.5401916349946987,-0.02101165453066045,-1.1264611047557374,1.07634145418276,-1.6251713238158167,-1.4247334639178675,0.1256897896528244,-0.2741243243217468,-1.7223191261291504,-1.4628387689590454,-0.4827598035335541,-0.12068171054124832,0.16948777437210083,-0.25424090027809143,-1.4026291370391846,-0.9044004678726196,-0.2510632872581482,-0.13836896419525146,0.08622314780950546,-0.05123719711554431,2.8767650166845535,-20.542694766275172,0.37044895695590657,-0.22657771299821244,0.016861895948956526,-0.03873635,-1.1374279,1.075998,-1.6254553,-1.4349977,0.12634821,-0.03873635,-1.1374279,1.075998,-1.6254553,-1.4349977,0.12634821,-0.021011654287576675,-1.126461148262024,1.0763415098190308,-1.6251713037490845,-1.4247335195541382,0.1256897896528244,-0.44311738,-0.27416876,-0.008589413,-0.0070988573,-0.25660515,0.016460545,0.005629267,0.9927204194372249,0.05000000074505806,0.024818010485930624,0.03470589965581894,0.017352950000000002,69.4118,False,0,0.4295357340409072,0.15652573171369444,0.15797427315689005,0.21721251054014484,-0.18733311326375796,0.11302310558327991,0.9997951143614494,0.005769683981777107,0.006115011332759724,0.018411917252539593,0.17434347,-0.18901506,0.18176922,0.0810346369589592,4.0924991481006145e-05,0.0001199309917865321,0.0005900469986954704,0.0002530880010453984,0.0001526769920019433,0.00011365200043655932,0.0016271509957732633,0.01826582200010307,0.019892972995876335,50.269007061302126,0
27,0.5601283799915109,-0.023442570363179982,-1.1279510420611878,1.0763533751117151,-1.6251474819579066,-1.4261482397662562,0.1257939338684082,-0.3046461343765259,-1.7249295711517334,-1.5483063459396362,-0.5240335464477539,-0.10915185511112213,0.14389121532440186,-0.25506094098091125,-1.4026600122451782,-0.8969276547431946,-0.2747677266597748,-0.13732433319091797,0.07534408569335938,0.1819427011446555,2.7125319371037255,-20.962143171514285,0.36355384655901335,-0.23948538889520907,-0.007877548143714415,-0.041193426,-1.1389277,1.0760946,-1.6254393,-1.4366407,0.12644696,-0.041193426,-1.1389277,1.0760946,-1.6254393,-1.4366407,0.12644696,-0.023442570120096207,-1.1279510259628296,1.0763534307479858,-1.6251474618911743,-1.4261482954025269,0.1257939338684082,-0.44377145,-0.27441615,-0.0064715203,-0.0072958884,-0.2623114,0.016325546,0.0022712124,0.9939336828643541,0.05000000074505806,0.024848342071608853,0.03470589965581894,0.017352950000000002,69.4118,False,0,0.42989505444133985,0.15514950475832853,0.15855444133769678,0.21719526533992412,-0.18735386698485929,0.11303008104022857,0.9997912430626219,0.0059180050140086645,0.006206335055961136,0.018546410868813992,0.17434347,-0.18901506,0.18176922,0.08101916877424102,4.252800135873258e-05,0.00013119699724484235,0.0007043020013952628,0.0002838600048562512,0.0001675810053711757,0.00017532399215269834,0.0018998720042873174,0.01785205799387768,0.019751929998164997,50.62796395556801,0
28,0.5801345819927519,-0.02591878572572881,-1.1294957858375092,1.0763018766986292,-1.625167032281393,-1.427546803151266,0.1258501559495926,-0.24617397785186768,-1.7552205324172974,-1.527295470237732,-0.5546224117279053,-0.13489995896816254,0.17137321829795837,-0.2521331012248993,-1.3998438119888306,-0.8957504630088806,-0.28719422221183777,-0.13739630579948425,0.06820392608642578,-0.006647175853311538,2.758360012307425,-20.891914298162277,0.3672039748502528,-0.23506678687116034,0.014659182925013631,-0.04368858,-1.1404881,1.0761347,-1.62546,-1.438274,0.12648675,-0.04368858,-1.1404881,1.0761347,-1.62546,-1.438274,0.12648675,-0.025918785482645035,-1.1294957399368286,1.0763019323349,-1.6251670122146606,-1.4275468587875366,0.1258501559495926,-0.44424486,-0.2748116,-0.004180392,-0.0073264493,-0.26818013,0.015914673,-0.0013304007,0.9949447357202951,0.04997339273104444,0.024873618393007377,0.03470589965581894,0.017352950000000002,69.4118,False,0,0.43027925726254496,0.15375613358028528,0.15918412990561515,0.2172050769026936,-0.18728108853243522,0.11301296620995464,0.999792774015447,0.005858182045649628,0.006384445966199785,0.018420643443665854,0.17434347,-0.18901506,0.18176922,0.08104040348277952,3.968999953940511e-05,0.0001170210016425699,0.0005579089920502156,0.00032605399610474706,0.00015572199481539428,0.00010965400724671781,0.001664393988903612,0.01817365799797699,0.0198380519868806,50.408175190856696,0
29,0.600081565004075,-0.028445068989888966,-1.1310503643802186,1.076214615498678,-1.6252023182311,-1.4289630095111292,0.12596547603607178,-0.2337796986103058,-1.794920563697815,-1.5334625244140625,-0.5768634080886841,-0.14386755228042603,0.16042929887771606,-0.24975109100341797,-1.3961517810821533,-0.8838127255439758,-0.2919124960899353,-0.1380278766155243,0.06676238775253296,0.09687906376142807,2.9541765876236927,-20.72926500144462,0.3634266844654968,-0.23843421581603397,0.016884762187674936,-0.0462389,-1.142052,1.0761354,-1.6254952,-1.4399065,0.12659183,-0.0462389,-1.142052,1.0761354,-1.6254952,-1.4399065,0.12659183,-0.02844506874680519,-1.1310503482818604,1.0762146711349487,-1.6252022981643677,-1.4289630651474,0.12596547603607178,-0.4448458,-0.2750435,-0.0019818144,-0.0073227054,-0.27358547,0.015658868,-0.0047737923,0.9957872797669126,0.049877916884142906,0.024894681994172815,0.03470589965581894,0.017352950000000002,69.4118,False,0,0.4306768566555807,0.15233575519671416,0.15983118429230136,0.2171857575311946,-0.18733081341274568,0.11302991831548359,0.9997972573306718,0.0054895155235196716,0.006090466990408168,0.018391418974990047,0.17434347,-0.18901506,0.18176922,0.08101475446711348,3.879600262735039e-05,0.0001383760099997744,0.0006111349939601496,0.0002566920011304319,0.00015059301222208887,0.00010968900460284203,0.0016606129938736558,0.018119440006557852,0.019780053000431508,50.55598182563943,0
30,0.6200881309923716,-0.03091317812074834,-1.1325570207885285,1.0761855284320276,-1.625235219995016,-1.430462662373678,0.1260610818862915,-0.22485996782779694,-1.7388217449188232,-1.512068271636963,-0.567064106464386,-0.10684250295162201,0.16301220655441284,-0.24893401563167572,-1.394640326499939,-0.8663647174835205,-0.2919323742389679,-0.13855887949466705,0.06463437527418137,-0.016478153073164137,3.3549594499821285,-20.572432756613672,0.3737195076920693,-0.24317422154819152,0.0172436681420844,-0.048717454,-1.1435578,1.07619,-1.625526,-1.4415991,0.1266776,-0.048717454,-1.1435578,1.07619,-1.625526,-1.4415991,0.1266776,-0.030913177877664566,-1.1325570344924927,1.0761855840682983,-1.6252351999282837,-1.4304627180099487,0.1260610818862915,-0.44510686,-0.2750186,0.00011142343,-0.0072689187,-0.27841076,0.015412899,-0.007866544,0.9964893998057606,0.04972058600978926,0.024912234995144014,0.03470589965581894,0.017352950000000002,69.4118,False,0,0.43104743473325,0.15092018395490964,0.1604365822851705,0.2172040252627176,-0.18735121031420698,0.11306419730886791,0.9997974192477819,0.005584626067088641,0.005981938675837971,0.018389572676925852,0.17434347,-0.18901506,0.18176922,0.08099491523525817,3.9776001358404756e-05,0.0001143120025517419,0.0005125640018377453,0.00031081899942364544,0.00015637199976481497,0.00010642099368851632,0.0016185700078494847,0.01825160998851061,0.019870179996360093,50.32667042690023,0
31,0.6400829869962763,-0.03341514268984014,-1.134081022148468,1.0761626402484339,-1.6252862415709437,-1.431904141102926,0.12615685164928436,-0.22498856484889984,-1.7575056552886963,-1.5230003595352173,-0.596306324005127,-0.12648190557956696,0.1546737551689148,-0.24955999851226807,-1.3936426639556885,-0.8526496887207031,-0.29105323553085327,-0.13889190554618835,0.06188404560089111,-0.00537460012088431,3.043300525906554,-20.78617869591727,0.3681134277356734,-0.2412549812059408,0.013771233921817894,-0.046809748,-1.1473919,1.0739107,-1.6221293,-1.4433236,0.12820832,-0.046809748,-1.1473919,1.0739107,-1.6221293,-1.4433236,0.12820832,-0.03341514244675636,-1.1340810060501099,1.0761626958847046,-1.6252862215042114,-1.4319041967391968,0.12615685164928436,-0.33486512,-0.33277223,-0.056301042,0.07892123,-0.28548637,0.051286682,-0.006976227,0.9970744998381338,0.04958106147358194,0.024926862495953345,0.04882355034351349,0.024411775,97.6471,False,0,0.43142062322236124,0.14950264001625105,0.16105184029306915,0.2172143383408212,-0.18733819363882592,0.11306123437995823,0.9997953669838561,0.005791809769877014,0.005984667813657454,0.01843657652568425,0.17434347,-0.18901506,0.18176922,0.08100315474672283,4.059400816913694e-05,0.00014013600593898445,0.0005927180027356371,0.0002478160022292286,0.0001526160049252212,0.0001078120112651959,0.00165358699450735,0.018201660001068376,0.019855246995575726,50.364520785000884,0
32,0.6601270289975218,-0.03591376939882451,-1.1356542569449921,1.0761807600604456,-1.62528719524526,-1.4334476629840296,0.1262444704771042,-0.28044289350509644,-1.7225545644760132,-1.5115634202957153,-0.5979565382003784,-0.15199372172355652,0.17184209823608398,-0.24889254570007324,-1.3910950422286987,-0.8415641784667969,-0.2898772060871124,-0.13927990198135376,0.06097250059247017,-0.06973920643360998,2.922951305591727,-20.694749585014513,0.35881397227687395,-0.2418556488487869,0.01670826823344394,-0.053417057,-1.1475372,1.0770812,-1.6249713,-1.4458225,0.12758604,-0.053417057,-1.1475372,1.0770812,-1.6249713,-1.4458225,0.12758604,-0.03591376915574074,-1.1356542110443115,1.0761808156967163,-1.6252871751785278,-1.4334477186203003,0.1262444704771042,-0.43758214,-0.29707414,0.022509363,0.007896203,-0.30936784,0.033539034,-0.028909642,0.9975620831984447,0.04900286862859502,0.02493905207996112,0.04882355034351349,0.024411775,97.6471,False,0,0.431767160734245,0.14806234345924202,0.16166649470457198,0.2171828189711828,-0.18734664959066658,0.11302575646921934,0.9997908843425889,0.005814439565120073,0.0068061225746201765,0.01838592381302845,0.17434347,-0.18901506,0.18176922,0.08101640420046292,4.262301081325859e-05,0.00012341499677859247,0.0005612959939753637,0.00031362300796899945,0.00015825500304345042,0.00011710399121511728,0.0016836399881867692,0.018177599005866796,0.019861238994053565,50.349326157315716,0
33,0.6800913949991809,-0.03832990327943975,-1.1372154218009491,1.076141659413473,-1.6253029308714808,-1.4350083510028284,0.12635187804698944,-0.20165780186653137,-1.786770224571228,-1.6149215698242188,-0.4963366985321045,-0.11451604962348938,0.18657192587852478,-0.16523092985153198,-1.4537181854248047,-0.950454831123352,-0.20721156895160675,-0.1372629851102829,0.09914153069257736,0.11644752391552737,3.538077156767294,-20.95564728739099,0.37294738324239113,-0.2422337601255753,0.01294338432627326,-0.055840548,-1.1490586,1.077054,-1.6250024,-1.4474262,0.12764093,-0.055840548,-1.1490586,1.077054,-1.6250024,-1.4474262,0.12764093,-0.03832990303635597,-1.1372153759002686,1.0761417150497437,-1.6253029108047485,-1.4350084066390991,0.12635187804698944,-0.43776613,-0.29607892,0.022806747,0.0075138537,-0.31044346,0.032226354,-0.029350553,0.9979684026653707,0.04841585757443681,0.024949210066634267,0.04882355034351349,0.024411775,97.6471,False,0,0.43211155800297457,0.14665222781514342,0.16229616477790407,0.21716053575357738,-0.1873512319995131,0.11305257368247161,0.9997923928229376,0.0057689033825975245,0.006397330959611209,0.018463740155390665,0.17434347,-0.18901506,0.18176922,0.08098177252954515,3.9282997022382915e-05,0.00011813201126642525,0.000738320013624616,0.00035109600867144763,0.00025547599943820387,0.00018444999295752496,0.0020395760075189173,0.017724924997310154,0.01976450100482907,50.595762562164836,0
34,0.7000978629948804,-0.040584866200582326,-1.1389211875251313,1.075886074696676,-1.62518372158193,-1.4365971724139612,0.12660014629364014,-0.1911764293909073,-1.7316309213638306,-1.5164347887039185,-0.38031020760536194,-0.1359410136938095,0.18643318116664886,-0.2640823423862457,-1.3852587938308716,-0.9732739925384521,-0.13022539019584656,-0.14333032071590424,0.14178788661956787,-0.03248976058641562,3.4695023090894637,-20.875307033409875,0.38198308062422864,-0.2417865771654773,0.003911288201523502,-0.05809033,-1.1508238,1.0768847,-1.6248062,-1.4492218,0.12785253,-0.05809033,-1.1508238,1.0768847,-1.6248062,-1.4492218,0.12785253,-0.04058486595749855,-1.1389211416244507,1.0758861303329468,-1.6251837015151978,-1.436597228050232,0.12660014629364014,-0.43763664,-0.29756576,0.024965784,0.009437731,-0.3156154,0.03130972,-0.03438958,0.9983070022211422,0.047728065943811085,0.024957675055528556,0.04882355034351349,0.024411775,97.6471,False,0,0.43244093072080586,0.14530380062709372,0.1630422189340473,0.21717855585692702,-0.18731537887187896,0.11301163522343827,0.9997908268471462,0.006063281880833926,0.006257497209927646,0.01850518826094928,0.17434347,-0.18901506,0.18176922,0.08102678272325059,4.083399835508317e-05,0.00011592998635023832,0.0005580139986705035,0.0003284499980509281,0.00017461100651416928,0.00011061300756409764,0.0016712310025468469,0.018179210994276218,0.019850441996823065,50.37671202283776,0
35,0.720128818997182,-0.04281932512392217,-1.1407244068435212,1.07581073442568,-1.625068803826803,-1.4382675329791468,0.12678329646587372,-0.33820995688438416,-1.7285867929458618,-1.2639598846435547,-0.3359363079071045,-0.14342515170574188,0.17809949815273285,-0.2743047773838043,-1.371199369430542,-0.7844830751419067,-0.17721447348594666,-0.14337299764156342,0.13976342976093292,-0.4808429139923902,3.316978604549078,-20.449266879883933,0.3816578722352568,-0.2403003407933838,0.014281337606833602,-0.06035162,-1.1526508,1.0768932,-1.6246446,-1.451094,0.12802556,-0.06035162,-1.1526508,1.0768932,-1.6246446,-1.451094,0.12802556,-0.042819324880838394,-1.1407244205474854,1.0758107900619507,-1.6250687837600708,-1.4382675886154175,0.12678329646587372,-0.43830743,-0.29815978,0.027060112,0.01060332,-0.32066002,0.031056639,-0.03862913,0.9985891685176185,0.046955483353231096,0.024964729212940462,0.04882355034351349,0.024411775,97.6471,False,0,0.432723565228128,0.14394595355532488,0.16376994678024112,0.21714045310443064,-0.18737651941344433,0.11308799418217091,0.9997989298073355,0.0057191996797712925,0.0058753295771984595,0.018300845554295966,0.17434347,-0.18901506,0.18176922,0.08094058262185151,5.765599780716002e-05,0.00011762799113057554,0.0006373739888658747,0.0003180399944540113,0.00017156600370071828,0.00010767699859570712,0.0018001449934672564,0.018007784005021676,0.019807928998488933,50.48483362780056,0
36,0.7400828969985014,-0.045102898274556935,-1.1423558455756684,1.0758941809283655,-1.6249052486815394,-1.4399669806109827,0.12693166732788086,-0.3585842549800873,-1.728364109992981,-1.1304339170455933,-0.3870404362678528,-0.15099935233592987,0.1805635243654251,-0.2639097273349762,-1.3768672943115234,-0.6971089243888855,-0.21797381341457367,-0.1421976238489151,0.13403141498565674,0.7853381699340707,2.602503907683189,-20.982868738941253,0.3377749256513717,-0.2642619451602297,0.01688072617517812,-0.06267984,-1.1543369,1.0770584,-1.6244086,-1.4530394,0.12813233,-0.06267984,-1.1543369,1.0770584,-1.6244086,-1.4530394,0.12813233,-0.04510289803147316,-1.1423557996749878,1.0758942365646362,-1.6249052286148071,-1.4399670362472534,0.12693166732788086,-0.43942356,-0.2995279,0.029104846,0.012415765,-0.32681012,0.030016629,-0.043892715,0.9988243070980154,0.046077629050705574,0.024970607677450386,0.04882355034351349,0.024411775,97.6471,False,0,0.4329658221191264,0.14256133259118067,0.1643671315113099,0.21716665630683102,-0.18734107820681328,0.11303483229192231,0.9997949879141677,0.005778397646940246,0.006449318885900676,0.01830282074561967,0.17434347,-0.18901506,0.18176922,0.08100027229448067,3.9166989154182374e-05,0.00012114099808968604,0.0005709169927285984,0.0002624600019771606,0.00018855600501410663,0.0001123349939007312,0.0016658050008118153,0.018121999004506506,0.01978780400531832,50.53617873571177,0
37,0.7605189269961556,-0.04763681093324834,-1.1440957349589844,1.0759337584124964,-1.624920507470602,-1.4417184034930628,0.12712673842906952,-0.2568346858024597,-1.6785346269607544,-1.009986400604248,-0.3126382827758789,-0.1901039183139801,0.18802493810653687,-0.2523065209388733,-1.384073257446289,-0.6752094030380249,-0.23325203359127045,-0.14185722172260284,0.1292228251695633,-0.31822063058072025,2.9716219656614253,-20.25697444257382,0.34566515572980777,-0.23614401507968827,0.009384969945738428,-0.06520845,-1.1561153,1.0771772,-1.6243336,-1.4549729,0.12827463,-0.06520845,-1.1561153,1.0771772,-1.6243336,-1.4549729,0.12827463,-0.047636810690164566,-1.144095778465271,1.075933814048767,-1.6249204874038696,-1.4417184591293335,0.12712673842906952,-0.43929094,-0.30048707,0.031082958,0.014672793,-0.33135965,0.028697526,-0.04873928,0.9990202559150128,0.045102843439672136,0.02497550639787532,0.04882355034351349,0.024411775,97.6471,False,0,0.4332856146934038,0.14105337270276921,0.16504391168284693,0.21716981442377795,-0.18729831747463566,0.11304443349312837,0.9997946637355836,0.005803121718085627,0.006165850652728741,0.018411819044236263,0.17434347,-0.18901506,0.18176922,0.08099469007112818,3.99209966417402e-05,0.00011352299770805985,0.0005911649932386354,0.00024420600675512105,0.00015187599638011307,0.00010800200107041746,0.0016159290098585188,0.018683620990486816,0.020299550000345334,49.26217576167886,0
38,0.7800830350024626,-0.0501483122455042,-1.1456726056388398,1.0761211554156702,-1.6248213253416957,-1.4435918966876429,0.12729434669017792,-0.20831170678138733,-1.7567973136901855,-0.9802874326705933,-0.3344575762748718,-0.12651672959327698,0.1883411854505539,-0.24673765897750854,-1.3839523792266846,-0.669532060623169,-0.23207302391529083,-0.14207886159420013,0.12414448708295822,-0.44400507903309805,3.576894756947811,-20.720525562814558,0.3695192259540137,-0.23824831173756741,0.00372121494074127,-0.0677329,-1.1577276,1.0774342,-1.6241806,-1.4570562,0.12843354,-0.0677329,-1.1577276,1.0774342,-1.6241806,-1.4570562,0.12843354,-0.050148312002420425,-1.1456725597381592,1.076121211051941,-1.6248213052749634,-1.4435919523239136,0.12729434669017792,-0.43961474,-0.30137497,0.032824542,0.016019043,-0.33660623,0.028479915,-0.052928038,0.999183546595844,0.04404428268084302,0.0249795886648961,0.04882355034351349,0.024411775,97.6471,False,3,0.433541211532514,0.1395284039454076,0.16558719771329092,0.21717198256661097,-0.1873805983013144,0.11315662690626899,0.9998033041654757,0.005746401006476063,0.004695122747294514,0.01839118963925494,0.17434347,-0.18901506,0.18176922,0.08089895822512616,4.1377992602065206e-05,0.0001269189961021766,0.0006958449957892299,0.00041331899410579354,0.0001793609990272671,0.00010956599726341665,0.001965993011253886,0.01745285899960436,0.019418852010858245,51.496350012907044,0
39,0.8000941399950534,-0.05260306993593389,-1.1473156374743958,1.0763166586505335,-1.6246820888915003,-1.4454143683062952,0.1274622678756714,-0.23541605472564697,-1.79088294506073,-0.9603374004364014,-0.3889661133289337,-0.13464172184467316,0.1966129094362259,-0.24738503992557526,-1.383837103843689,-0.6666157841682434,-0.22432447969913483,-0.14238539338111877,0.11786599457263947,0.09684648544441155,3.5395724601339165,-21.041081750275225,0.3660490754973067,-0.2583653714609227,0.007088783811759782,-0.07015644,-1.1593773,1.0776972,-1.6239638,-1.4589671,0.12855627,-0.07015644,-1.1593773,1.0776972,-1.6239638,-1.4589671,0.12855627,-0.05260306969285011,-1.1473156213760376,1.0763167142868042,-1.624682068824768,-1.445414423942566,0.1274622678756714,-0.43883437,-0.30154225,0.03451012,0.017956696,-0.33881766,0.027349997,-0.056132305,0.9993196221632034,0.04292163657257333,0.024982990554080084,0.04882355034351349,0.024411775,97.6471,False,3,0.4337721483498002,0.1380402008694315,0.16615360071215782,0.21718129797662125,-0.18736916612438606,0.11315684806937382,0.9998093488632939,0.005488705709760536,0.00446988691956254,0.018199027592897744,0.17434347,-0.18901506,0.18176922,0.08090393446290232,3.82799917133525e-05,0.0001280939904972911,0.0006618289917241782,0.00027810999017674476,0.00017606599431019276,0.0001257760013686493,0.0017797949985833839,0.01803970600303728,0.019819501001620665,50.45535707070671,0
40,0.8200982440030202,-0.054990593587056935,-1.149104045038559,1.0764053503619593,-1.6246668301024378,-1.447193447743551,0.1276381015777588,-0.2834337651729584,-1.6816301345825195,-0.8979230523109436,-0.3441509008407593,-0.1501578539609909,0.16850212216377258,-0.24896246194839478,-1.3788981437683105,-0.6604353189468384,-0.21679414808750153,-0.14314615726470947,0.11328977346420288,-0.1857526769609743,3.2746290843617474,-20.684432750880134,0.3485217188729115,-0.2486908763994833,0.0066785863128548464,-0.072539814,-1.1612228,1.0778672,-1.6238735,-1.4609593,0.12869357,-0.072539814,-1.1612228,1.0778672,-1.6238735,-1.4609593,0.12869357,-0.05499059334397316,-1.1491039991378784,1.07640540599823,-1.6246668100357056,-1.4471935033798218,0.1276381015777588,-0.43873048,-0.302971,0.03654238,0.019834468,-0.34414548,0.026386658,-0.06078179,0.9994330184693362,0.04170600073644891,0.024985825461733405,0.04882355034351349,0.024411775,97.6471,False,3,0.4340363368403677,0.1365884211289415,0.16683266187975945,0.21714999380682826,-0.18744636490813074,0.11322449666221855,0.9998148511769464,0.005771306892502717,0.0037931932657478402,0.01795879039389736,0.17434347,-0.18901506,0.18176922,0.08082845376979982,4.95349959237501e-05,0.00012923699978273362,0.0006703559920424595,0.00025986200489569455,0.000173732012626715,0.00012394599616527557,0.0017685359925962985,0.01804765000997577,0.019816186002572067,50.463797618280516,0
41,0.8401350969943451,-0.057450119649068654,-1.1508143109134217,1.0765412489520472,-1.6246019802489222,-1.4490788618670862,0.1277974247932434,-0.2775375247001648,-1.6734840869903564,-0.8776350021362305,-0.34322506189346313,-0.14737683534622192,0.1841219663619995,-0.24802635610103607,-1.3752658367156982,-0.6449344754219055,-0.20603466033935547,-0.1431368887424469,0.10969481617212296,0.040298175998131125,2.729280068098106,-20.612104095782612,0.32813741756333537,-0.250295722640112,0.006836142899969831,-0.07501762,-1.1630077,1.078083,-1.6237073,-1.4630734,0.12879096,-0.07501762,-1.1630077,1.078083,-1.6237073,-1.4630734,0.12879096,-0.05745011940598488,-1.1508142948150635,1.0765413045883179,-1.62460196018219,-1.449078917503357,0.1277974247932434,-0.43918762,-0.30483645,0.038544808,0.022366982,-0.3498623,0.0248382,-0.06632025,0.9995275153911134,0.04037959577748552,0.024988187884777836,0.04882355034351349,0.024411775,97.6471,False,3,0.43428398636558224,0.13508098809032537,0.1674549702666648,0.21719918971103247,-0.187331314021632,0.11304012557120822,0.9997950858224772,0.005867175049245977,0.0065550448836887475,0.018230986386565846,0.17434347,-0.18901506,0.18176922,0.08101318837903289,3.871999797411263e-05,0.00011352200817782432,0.0005304509977577254,0.0003401499998290092,0.00017692099208943546,0.00011800200445577502,0.0016546609986107796,0.018210734997410327,0.019865395996021107,50.338790135383796,0
42,0.8600826129986672,-0.05999976793398076,-1.152459905748703,1.076784912739889,-1.6244708500304164,-1.4510567823993128,0.1279531866312027,-0.20894452929496765,-1.6925002336502075,-0.8789685368537903,-0.3795391917228699,-0.11363197863101959,0.1929289698600769,-0.24598872661590576,-1.377368688583374,-0.6311313509941101,-0.19614169001579285,-0.14316555857658386,0.1059955582022667,-0.006789345005079106,3.4969249202801524,-20.90046361466454,0.35666018093258756,-0.25267425026760154,-0.00023499654185440283,-0.07754978,-1.164695,1.078395,-1.6234853,-1.465221,0.12889557,-0.07754978,-1.164695,1.078395,-1.6234853,-1.465221,0.12889557,-0.05999976769089699,-1.1524598598480225,1.0767849683761597,-1.624470829963684,-1.4510568380355835,0.1279531866312027,-0.43875024,-0.3058788,0.04025165,0.024637304,-0.3541055,0.0235594,-0.07070812,0.9996062628259279,0.038965433409903195,0.0249901565706482,0.04882355034351349,0.024411775,97.6471,False,3,0.4345009448406999,0.13351436122193164,0.16800501588484576,0.2171619486008785,-0.18729473446367959,0.11303456550408414,0.9997999478266719,0.0057905012126891215,0.006447922120756614,0.01802711324525858,0.17434347,-0.18901506,0.18176922,0.0809989809566266,4.689500201493502e-05,0.00011928500316571444,0.0005244549975031987,0.0002900039980886504,0.00015364600403700024,0.00011282401101198047,0.001625824996153824,0.018155554003897123,0.019781379000050947,50.55259292071723,0
43,0.8801352959999349,-0.0625069777118128,-1.1541464787772675,1.0770161787616175,-1.6243287525572718,-1.452916447316305,0.1280813217163086,-0.24011239409446716,-1.6890149116516113,-0.8732893466949463,-0.36787331104278564,-0.09858234226703644,0.18202760815620422,-0.2464635819196701,-1.3771229982376099,-0.6218894124031067,-0.1895563155412674,-0.1437865048646927,0.10205497592687607,-0.21687204775820446,3.4936106816433563,-20.834864149986686,0.3505580358811007,-0.251769811009782,0.0030802664353336458,-0.080040015,-1.1664295,1.0786961,-1.6232582,-1.4672381,0.12897235,-0.080040015,-1.1664295,1.0786961,-1.6232582,-1.4672381,0.12897235,-0.06250698119401932,-1.154146432876587,1.0770162343978882,-1.6243287324905396,-1.4529165029525757,0.1280813217163086,-0.4383259,-0.3070779,0.041996185,0.026763814,-0.35803932,0.022275878,-0.07473064,0.9996718856882733,0.03747082056710496,0.024991797142206833,0.04882355034351349,0.024411775,97.6471,False,3,0.43470704026019885,0.13199375706173244,0.16857921925771166,0.21721334582585028,-0.18730866215321446,0.11301831281788434,0.9997946051053245,0.005932775111482379,0.006180354771990627,0.018367889622859773,0.17434347,-0.18901506,0.18176922,0.08103965599244514,0.000104061997262761,0.0001232759968843311,0.0005610740045085549,0.0003240870137233287,0.00023343499924521893,0.00014408699644263834,0.0018538159929448739,0.018032006002613343,0.019885821995558217,50.287083944700115,0
44,0.9001266849954845,-0.06492263475526983,-1.1558013421348114,1.077212158833639,-1.6242243252196253,-1.4548700491534632,0.1282404065132141,-0.23003961145877838,-1.784983515739441,-0.8454990983009338,-0.3585376739501953,-0.10987823456525803,0.1825549602508545,-0.24832551181316376,-1.3730175495147705,-0.607893168926239,-0.18096217513084412,-0.14451585710048676,0.09704707562923431,-0.19404643046924708,3.257990008667558,-20.828889070696277,0.3475639650468743,-0.2501726472682115,0.001838825311699363,-0.08244617,-1.1681389,1.0789585,-1.6230602,-1.4693587,0.12908138,-0.08244617,-1.1681389,1.0789585,-1.6230602,-1.4693587,0.12908138,-0.06492263823747635,-1.1558012962341309,1.0772122144699097,-1.624224305152893,-1.4548701047897339,0.1282404065132141,-0.43808848,-0.3084398,0.043656096,0.029100865,-0.36221442,0.021024484,-0.07901553,0.9997265714068944,0.035890509954188014,0.02499316428517236,0.04882355034351349,0.024411775,97.6471,False,3,0.43491045391575717,0.13048958659623733,0.169153800358507,0.21719108935125966,-0.18732573166866448,0.11302183361793662,0.9997933342880466,0.0057897069104939575,0.006476519340437378,0.01837904320552049,0.17434347,-0.18901506,0.18176922,0.0810245395330309,4.522099334280938e-05,0.0001309910003328696,0.0005685649957740679,0.0003317649970995262,0.00017089900211431086,0.0001227289903908968,0.001752479001879692,0.018034182998235337,0.01978666200011503,50.539095477255664,0
45,0.9201313740049955,-0.06732827821840459,-1.1575311583331604,1.0774505774127405,-1.624077936212057,-1.456832234059469,0.12836861610412598,-0.30433905124664307,-1.6917428970336914,-0.8293278813362122,-0.36993879079818726,-0.097596675157547,0.19289740920066833,-0.24881383776664734,-1.3701871633529663,-0.5985544323921204,-0.17036616802215576,-0.14452342689037323,0.0914459228515625,0.24608002453063493,3.3053412831874587,-20.677588066455233,0.3402456184358257,-0.26683638862167824,0.005087088962413916,-0.08482378,-1.169928,1.079261,-1.6228193,-1.4714804,0.12915039,-0.08482378,-1.169928,1.079261,-1.6228193,-1.4714804,0.12915039,-0.06732828170061111,-1.1575311422348022,1.0774506330490112,-1.6240779161453247,-1.4568322896957397,0.12836861610412598,-0.43738744,-0.3099193,0.045257766,0.03146401,-0.36620095,0.01954436,-0.08322551,0.9997721428390786,0.03422599973389878,0.024994303570976966,0.04882355034351349,0.024411775,97.6471,False,3,0.4350874891579335,0.1289888041425026,0.1697419661678948,0.21718647964047275,-0.18735000877825075,0.11303875642586525,0.9997962377747844,0.005756693272421226,0.006194630792940522,0.018328182910546734,0.17434347,-0.18901506,0.18176922,0.08100724073503023,4.555699706543237e-05,0.0001282219891436398,0.0016066749958554283,0.000307067995890975,0.00020134399528615177,0.00011376400652807206,0.003198024001903832,0.016626427008304745,0.019824451010208577,50.442758767193666,0
46,0.9401373820001027,-0.06982976595033819,-1.1593049627593537,1.0776389280902308,-1.6239501438536585,-1.4588540236102503,0.12849223613739014,-0.28423166275024414,-1.6169294118881226,-0.8258017897605896,-0.3694850206375122,-0.09748218953609467,0.19747811555862427,-0.24744881689548492,-1.3678321838378906,-0.5984075665473938,-0.16025689244270325,-0.14469952881336212,0.08586212247610092,0.2142680969734121,3.3091556945293745,-20.749105749202638,0.34015193832309426,-0.2675464218098398,0.0018669539946740282,-0.08730899,-1.1717674,1.0795118,-1.6225859,-1.4736694,0.1292045,-0.08730899,-1.1717674,1.0795118,-1.6225859,-1.4736694,0.1292045,-0.06982976943254471,-1.1593049764633179,1.0776389837265015,-1.6239501237869263,-1.458854079246521,0.12849223613739014,-0.43698046,-0.31156087,0.046818055,0.03410521,-0.37038222,0.017806655,-0.0877706,0.9998101190325654,0.0324705876619555,0.024995252975814137,0.04882355034351349,0.024411775,97.6471,False,3,0.4352838801901769,0.12743119658117527,0.17036645455151828,0.2172139257397636,-0.18731383307893784,0.11305698931514818,0.9998000991687326,0.005581026555442506,0.005886378657482325,0.018273565859371076,0.17434347,-0.18901506,0.18176922,0.08100704507618743,0.0008844170079100877,0.00011786998948082328,0.0005170110089238733,0.00038235599640756845,0.00020048799342475832,9.840699203778058e-05,0.0027733460010495037,0.017055575997801498,0.019828921998851,50.43138502728215,0
47,0.9601304209936643,-0.07227117220033819,-1.1609864097884675,1.0778783003436487,-1.62382235149526,-1.4608643690692347,0.12860798835754395,-0.24928221106529236,-1.6953717470169067,-0.8106791973114014,-0.3518132269382477,-0.12642639875411987,0.18890073895454407,-0.24563731253147125,-1.367166519165039,-0.5985487103462219,-0.15130402147769928,-0.14493149518966675,0.08092993497848511,-0.23897709544987533,3.684768513981136,-20.577345283363435,0.3414778521966483,-0.25893103210854335,0.0022586051007246616,-0.08974082,-1.1735171,1.0798072,-1.6223494,-1.4758397,0.12925172,-0.08974082,-1.1735171,1.0798072,-1.6223494,-1.4758397,0.12925172,-0.07227117568254471,-1.1609864234924316,1.0778783559799194,-1.6238223314285278,-1.4608644247055054,0.12860798835754395,-0.4367411,-0.313267,0.048220716,0.03682273,-0.37438318,0.016093127,-0.09224619,0.9998417658604711,0.030625663867685938,0.02499604414651178,0.04882355034351349,0.024411775,97.6471,False,3,0.4354580503382884,0.12590287054790483,0.17093592945221545,0.21717875657985883,-0.1873413940938199,0.1130277616975021,0.9997960113751992,0.005673663034408431,0.006189922884784521,0.018368307634234818,0.17434347,-0.18901506,0.18176922,0.08101266309205614,4.076899494975805e-05,0.00011921800614800304,0.0008752090070629492,0.00030169398814905435,0.00030238600447773933,0.00014894599735271186,0.0021834520011907443,0.017545563998282887,0.01972901599947363,50.68676511928825,0
48,0.9801353170041693,-0.07473451295961553,-1.1626987022212525,1.078170124684469,-1.6236382923521937,-1.4628952185260218,0.12873154878616333,-0.25425437092781067,-1.7691984176635742,-0.8424257040023804,-0.36861729621887207,-0.1422780603170395,0.20218560099601746,-0.24637192487716675,-1.367488145828247,-0.5993322134017944,-0.14259743690490723,-0.14539243280887604,0.07490416616201401,0.06974677372912597,3.534934571924755,-20.797600099488854,0.336810469177041,-0.267430124248556,0.0024441095294138113,-0.09217981,-1.1752851,1.0801522,-1.6220647,-1.4780011,0.12931202,-0.09217981,-1.1752851,1.0801522,-1.6220647,-1.4780011,0.12931202,-0.07473451644182205,-1.162698745727539,1.0781701803207397,-1.6236382722854614,-1.4628952741622925,0.12873154878616333,-0.43613246,-0.31466013,0.049549982,0.039338753,-0.37764597,0.014512001,-0.096097484,0.9998681382170593,0.028703714183066033,0.024996703455426483,0.04882355034351349,0.024411775,97.6471,False,3,0.4356051321150578,0.12436181591997114,0.17149490246060473,0.21720752248106956,-0.18731718882705825,0.11304926815987784,0.9997969819039151,0.005778801449701756,0.006275045963169236,0.018255640096023134,0.17434347,-0.18901506,0.18176922,0.08101013578823914,3.849400673061609e-05,0.0001130720047513023,0.0006419029959943146,0.0002903040003729984,0.00023592700017616153,0.0001457070029573515,0.0018004539888352156,0.018039929011138156,0.01984038299997337,50.40225281948147,0
49,1.0001330849918304,-0.07718450227846319,-1.1643830102733155,1.0784533659564417,-1.6234127483763636,-1.4649961630450647,0.12882012128829956,-0.2702309489250183,-1.6764299869537354,-0.8696116209030151,-0.36958974599838257,-0.1237509474158287,0.19429883360862732,-0.24651241302490234,-1.3649102449417114,-0.5990758538246155,-0.13464826345443726,-0.14570967853069305,0.06810007989406586,-0.03880704747270336,3.478143597550808,-20.976893815298688,0.33850375642633235,-0.27251257375974564,-0.0011418055600257472,-0.09459829,-1.1770376,1.0804985,-1.621736,-1.4802622,0.12932786,-0.09459829,-1.1770376,1.0804985,-1.621736,-1.4802622,0.12932786,-0.07718450576066971,-1.164383053779602,1.0784534215927124,-1.6234127283096313,-1.4649962186813354,0.12882012128829956,-0.43534464,-0.31636214,0.051126335,0.041917883,-0.38164777,0.01269369,-0.10029048,0.9998901151808828,0.026697904637549064,0.02499725287952207,0.04882355034351349,0.024411775,97.6471,False,3,0.43573682239737005,0.12281061707873822,0.17203884779218973,0.2171882532087792,-0.18735305510079744,0.11301016091425137,0.9997948905184649,0.005883932548929173,0.006236054965589459,0.018347756215426985,0.17434347,-0.18901506,0.18176922,0.0810323791625037,4.631199408322573e-05,0.00013335699622984976,0.000570119998883456,0.0003689740115078166,0.00019132699526380748,0.00012023800809402019,0.0018973300029756501,0.017913935997057706,0.019811266000033356,50.476329983067025,0
50,1.0201043419947382,-0.07963592210878545,-1.166211561565735,1.0786407629596155,-1.623261114160055,-1.4670622984515589,0.1289074420928955,-0.2455611526966095,-1.703576683998108,-0.8102541565895081,-0.3356684446334839,-0.1547345668077469,0.2065499722957611,-0.24662518501281738,-1.3620041608810425,-0.5983735918998718,-0.1308320313692093,-0.14587295055389404,0.061593081802129745,-0.09046728519477476,3.2799211354542046,-20.51190509093643,0.3281971953891402,-0.26549965471751696,4.7489981381043656e-05,-0.09703563,-1.1789731,1.0807484,-1.621437,-1.4824933,0.12930824,-0.09703563,-1.1789731,1.0807484,-1.621437,-1.4824933,0.12930824,-0.07963592559099197,-1.1662116050720215,1.0786408185958862,-1.6232610940933228,-1.4670623540878296,0.1289074420928955,-0.43499258,-0.31903765,0.05269066,0.045603093,-0.38577235,0.01001997,-0.10541441,0.9971725385123018,0.02458961637923493,0.024929313462807547,0.04882355034351349,0.024411775,97.6471,False,3,0.43589618364559823,0.12126443239505644,0.17268576933082663,0.21724620674866005,-0.1872454500533059,0.11289691023112944,0.9997788667329285,0.005526647736241491,0.007742567839981798,0.018755261119054956,0.17434347,-0.18901506,0.18176922,0.08116139446590209,4.298900603316724e-05,0.00017073100025299937,0.0007031479908619076,0.00032325199572369456,0.00017134498921222985,0.00012672500452026725,0.001999191998038441,0.017788247001590207,0.019787438999628648,50.53711094289499,0
51,1.0400855539919576,-0.08207160631288701,-1.1680133503726502,1.078935448323385,-1.6230341396727503,-1.4691880385028284,0.12902618944644928,-0.2836141586303711,-1.6896448135375977,-0.808808445930481,-0.34768280386924744,-0.12085327506065369,0.20094910264015198,-0.24643360078334808,-1.3591384887695312,-0.597711443901062,-0.13047516345977783,-0.1463393121957779,0.055136483162641525,0.02004864444225607,3.450251183853679,-20.527488489886917,0.3346330071051823,-0.2666387882645641,-0.002081525237323873,-0.099463895,-1.1808524,1.0810945,-1.6211046,-1.4847915,0.12935954,-0.099463895,-1.1808524,1.0810945,-1.6211046,-1.4847915,0.12935954,-0.08207160979509354,-1.168013334274292,1.0789355039596558,-1.623034119606018,-1.4691880941390991,0.12902618944644928,-0.4348072,-0.32097757,0.05397584,0.04823692,-0.39008427,0.008333987,-0.10978435,0.9802699779819303,0.022393929383251805,0.024506749449548258,0.04882355034351349,0.024411775,97.6471,False,3,0.4360088069083958,0.11971413526484974,0.17327646053389245,0.21722482244764882,-0.18726418616541315,0.11289907024645204,0.999780303178925,0.00581478843465718,0.007877351727702753,0.018534615182713564,0.17434347,-0.18901506,0.18176922,0.08114785291485084,3.8471000152640045e-05,0.00011581899889279157,0.0006204039964359254,0.0002949939953396097,0.00015536299906671047,0.00011064999853260815,0.0016887360106920823,0.018087872987962328,0.01977660899865441,50.564785907838875,0
52,1.0601301999995485,-0.08450681367983037,-1.16975291193042,1.0792034308062952,-1.6227647266783656,-1.4713404814349573,0.12905943393707275,-0.2417636513710022,-1.683066964149475,-0.8181407451629639,-0.36459845304489136,-0.1554764062166214,0.18943628668785095,-0.24628855288028717,-1.3607884645462036,-0.599128246307373,-0.13085110485553741,-0.14666388928890228,0.04668431729078293,0.13317766963596522,3.329017383941296,-20.69320033415236,0.3306755762641543,-0.27441294891593754,-0.0020147711565793175,-0.10187402,-1.1826612,1.0814072,-1.6207181,-1.4870644,0.12931356,-0.10187402,-1.1826612,1.0814072,-1.6207181,-1.4870644,0.12931356,-0.0845068171620369,-1.1697529554367065,1.079203486442566,-1.6227647066116333,-1.471340537071228,0.12905943393707275,-0.43418008,-0.32270637,0.055091348,0.0511648,-0.39309472,0.006353096,-0.113646954,0.9510315836335514,0.020120990297291415,0.023775789590838786,0.04882355034351349,0.024411775,97.6471,False,3,0.4361123400804561,0.11815813148205784,0.17384457586595922,0.2172035089174797,-0.18728049882284492,0.11295181317080964,0.999780585159181,0.005907941929573648,0.007712507493520684,0.018557050015735346,0.17434347,-0.18901506,0.18176922,0.08109147723094264,0.0001242949947481975,0.0001374549901811406,0.0006815870001446456,0.00028474300052039325,0.00016879400936886668,0.00015392700152006,0.001989700991543941,0.01781476200267207,0.01980446299421601,50.49366904278369,0
53,1.080140855992795,-0.08696920076479131,-1.1715371173671265,1.0795066992389124,-1.6225725613036097,-1.4734395186053675,0.12911958992481232,-0.2572113275527954,-1.6989752054214478,-0.7950747609138489,-0.35365748405456543,-0.18989750742912292,0.19267764687538147,-0.2462795376777649,-1.3600317239761353,-0.5991700887680054,-0.1308814436197281,-0.14709730446338654,0.038510147482156754,-0.17866818459321632,3.3871692883894475,-20.57230701873242,0.31836894095733087,-0.2649217432432302,-0.004176302326630615,-0.104299754,-1.1845198,1.0817566,-1.6204066,-1.4892706,0.1292895,-0.104299754,-1.1845198,1.0817566,-1.6204066,-1.4892706,0.1292895,-0.08696920424699783,-1.171537160873413,1.079506754875183,-1.6225725412368774,-1.4734395742416382,0.12911958992481232,-0.43326366,-0.3245649,0.05624478,0.05414709,-0.39577517,0.0042477045,-0.11744919,0.9110063634442614,0.0177720065624453,0.022775159086106538,0.04882355034351349,0.024411775,97.6471,False,3,0.4362229402332932,0.11660224865477166,0.17443103806031712,0.21722976976797168,-0.18726174980371452,0.11297017832773135,0.9997881496740383,0.005878013091457933,0.006560852613064952,0.01860134786226386,0.17434347,-0.18901506,0.18176922,0.08109018126686597,3.9112012018449605e-05,0.00011439299851190299,0.0005914920038776472,0.0002839880035025999,0.00022709000040777028,0.0001340160088147968,0.0017321699997410178,0.018109366996213794,0.01984153699595481,50.39932139349259,0
54,1.1001258280011825,-0.08939820924867803,-1.1733413797668,1.0798214117633265,-1.6222778759398402,-1.475649658833639,0.1291947364807129,-0.2493487447500229,-1.6963363885879517,-0.8083849549293518,-0.36588841676712036,-0.15278717875480652,0.17461611330509186,-0.24611617624759674,-1.3569042682647705,-0.598716676235199,-0.1305408775806427,-0.14737986028194427,0.031273003667593,0.20522853429500376,3.673048431910977,-20.42951948328582,0.32666768079820135,-0.2597005350770283,0.014941227922353847,-0.106700234,-1.1864047,1.082115,-1.6199986,-1.4916186,0.12928542,-0.106700234,-1.1864047,1.082115,-1.6199986,-1.4916186,0.12928542,-0.08939821273088455,-1.1733413934707642,1.0798214673995972,-1.622277855873108,-1.4756497144699097,0.1291947364807129,-0.4325505,-0.32658416,0.05733904,0.056980833,-0.3992233,0.002267295,-0.12146087,0.8614572306320756,0.015342789164278642,0.02153643076580189,0.04882355034351349,0.024411775,97.6471,False,3,0.4362963491769819,0.11503720833142375,0.1750082937098712,0.21719115566049252,-0.18730742038296547,0.1130080506386531,0.9997946768746031,0.0055627917150307005,0.0062639911363790305,0.01845029383266107,0.17434347,-0.18901506,0.18176922,0.08103665324676103,4.359999729786068e-05,0.000128348998259753,0.0006613010045839474,0.0003250980080338195,0.00016964299720712006,0.00011167699994985014,0.001813456998206675,0.017992339009651914,0.01980579600785859,50.4902706057973,0
55,1.1201349409966497,-0.09187251726259404,-1.175142453317978,1.080113712941305,-1.621988435784811,-1.477882210408346,0.12923435866832733,-0.20560777187347412,-1.710066795349121,-0.7976801991462708,-0.3782152235507965,-0.15242783725261688,0.17449012398719788,-0.24622493982315063,-1.354388952255249,-0.5983513593673706,-0.13062413036823273,-0.1473122090101242,0.022152995690703392,0.2496280840472327,3.809658523965517,-19.981274244550644,0.32692197886036584,-0.27746303848895565,-0.004297088897903985,-0.109155655,-1.1882894,1.0824537,-1.619591,-1.4939917,0.12923993,-0.109155655,-1.1882894,1.0824537,-1.619591,-1.4939917,0.12923993,-0.09187252074480057,-1.1751424074172974,1.0801137685775757,-1.6219884157180786,-1.4778822660446167,0.12923435866832733,-0.43207842,-0.32867596,0.058498286,0.059935804,-0.40273675,0.00013922714,-0.12548925,0.8034343866451902,0.012833004167769089,0.020085859666129757,0.04882355034351349,0.024411775,97.6471,False,3,0.436374183988988,0.113446912781133,0.17559242703385317,0.2171990674004502,-0.1873326214098689,0.11300425507134647,0.9997912798118241,0.005696104289196644,0.006724567245790124,0.01843075496848653,0.17434347,-0.18901506,0.18176922,0.08104353020325003,5.553499795496464e-05,0.00011702800111379474,0.0005144069873495027,0.0002775920002022758,0.00015456299297511578,0.00016187700384762138,0.0016726480098441243,0.01811090999399312,0.019783558003837243,50.54702494900254,0
56,1.1401319979922846,-0.09435826936830694,-1.1769308310798188,1.0804322401629847,-1.621697565118307,-1.4800875822650355,0.1292426586151123,-0.2437686324119568,-1.6330833435058594,-0.807668149471283,-0.3643950819969177,-0.16342441737651825,0.19267301261425018,-0.24594467878341675,-1.3525898456573486,-0.5980615615844727,-0.1304779201745987,-0.14771711826324463,0.014211747795343399,-0.13458255116100037,3.5809576212756262,-20.536181357716412,0.33635698658073293,-0.27020195778463957,-0.008576747986838662,-0.11159556,-1.1901584,1.082813,-1.6191742,-1.496295,0.12915778,-0.11159556,-1.1901584,1.082813,-1.6191742,-1.496295,0.12915778,-0.09435827285051346,-1.1769307851791382,1.0804322957992554,-1.6216975450515747,-1.4800876379013062,0.1292426586151123,-0.4309323,-0.33068895,0.05951802,0.063083336,-0.40518457,-0.0021220727,-0.12918395,0.7378574902507846,0.010249325206968918,0.018446437256269616,0.04882355034351349,0.024411775,97.6471,False,3,0.436442337974736,0.11185882787302025,0.17616365775552595,0.21718628681071875,-0.1873302296565993,0.1130212644229343,0.9997925201870133,0.005933023731817146,0.006649429026972801,0.01831684962063466,0.17434347,-0.18901506,0.18176922,0.08102238924795867,3.802300489041954e-05,0.00011503299174364656,0.0005181970045669004,0.00028299800760578364,0.00015350899775512516,0.00011943500430788845,0.00155878700024914,0.01827028598927427,0.01982907298952341,50.43100101191543,0
57,1.1600913919974118,-0.09676152864565069,-1.1787589353374024,1.080764118825094,-1.6213914356627406,-1.482269589100973,0.12927402555942535,-0.2388533502817154,-1.7000980377197266,-0.8151102662086487,-0.36244988441467285,-0.17128589749336243,0.1873486489057541,-0.2467355579137802,-1.3506311178207397,-0.5979939699172974,-0.1303568184375763,-0.1482941061258316,0.007265616208314896,-0.04647307126068867,3.533746137832829,-20.655721523799958,0.3187190043476877,-0.2673225492395646,-0.006336399983496676,-0.11398877,-1.19209,1.0831857,-1.6187408,-1.4986297,0.12909694,-0.11398877,-1.19209,1.0831857,-1.6187408,-1.4986297,0.12909694,-0.09676153212785721,-1.178758978843689,1.0807641744613647,-1.6213914155960083,-1.4822696447372437,0.12927402555942535,-0.43068093,-0.333275,0.06053695,0.06626461,-0.409002,-0.0044270856,-0.13349709,0.6654104647024376,0.007579383424017563,0.016635261617560942,0.04882355034351349,0.024411775,97.6471,False,3,0.43648866915737344,0.11031328732749099,0.1767466751243494,0.2171920121701105,-0.18734930806329944,0.11300031480652675,0.9997945446026391,0.005678331365162096,0.006536305839071478,0.018327434717693235,0.17434347,-0.18901506,0.18176922,0.08104279841591382,5.627400241792202e-05,0.000118524010758847,0.0005103389994474128,0.00024855099036358297,0.00014995099627412856,0.0001717080012895167,0.0016252540081040934,0.018164919994887896,0.01979017400299199,50.53012671080175,0
58,1.180131283996161,-0.09913713136781865,-1.1806043845466156,1.081071678792135,-1.6210328541197718,-1.4845426718341272,0.12924398481845856,-0.24086987972259521,-1.739443063735962,-0.8165039420127869,-0.38614603877067566,-0.15969549119472504,0.18577057123184204,-0.24717360734939575,-1.3480279445648193,-0.5976817011833191,-0.13024276494979858,-0.1484631448984146,-0.0010421064216643572,0.16110510604352113,3.501192775691575,-20.79697377244659,0.32172833365009235,-0.2836200102140742,-0.00787706806043249,-0.11633421,-1.194024,1.0835289,-1.6182511,-1.5010042,0.1289742,-0.11633421,-1.194024,1.0835289,-1.6182511,-1.5010042,0.1289742,-0.09913713485002518,-1.180604338645935,1.0810717344284058,-1.6210328340530396,-1.484542727470398,0.12924398481845856,-0.42992687,-0.3354901,0.06142805,0.06954496,-0.41153792,-0.0067448127,-0.13716936,0.5867486952635482,0.004835996201727524,0.014668717381588706,0.04882355034351349,0.024411775,97.6471,False,3,0.4365170932661051,0.10875951497288869,0.17733762867420622,0.2171774371359511,-0.18734121421617425,0.11304124251227432,0.9997919710101153,0.005832182330473782,0.006453859484523075,0.018449839987771274,0.17434347,-0.18901506,0.18176922,0.08100053053882478,4.553800681605935e-05,0.00013229499745648354,0.0008182909950846806,0.0003181329957442358,0.0002410360029898584,0.00015636299212928861,0.0020861869998043403,0.017751694002072327,0.019837881001876667,50.40860966478223,0
59,1.2001327290054178,-0.10155612627138311,-1.1824153822711487,1.0813902060138147,-1.6206828556456507,-1.4868047873126429,0.12927865982055664,-0.25483033061027527,-1.6234875917434692,-0.7983204126358032,-0.3838726580142975,-0.1567954123020172,0.16546253859996796,-0.24647007882595062,-1.3466891050338745,-0.5976160168647766,-0.13022950291633606,-0.14859379827976227,-0.010175441391766071,0.07587047602952968,3.7243465070734665,-20.585155956761792,0.3239735569614697,-0.2787460907251477,-0.010005254943240172,-0.11871569,-1.1959423,1.0838873,-1.6177629,-1.503386,0.12890041,-0.11871569,-1.1959423,1.0838873,-1.6177629,-1.503386,0.12890041,-0.10155612975358963,-1.1824153661727905,1.0813902616500854,-1.6206828355789185,-1.4868048429489136,0.12927865982055664,-0.428989,-0.3381732,0.062427446,0.07299661,-0.4145284,-0.009456382,-0.14121492,0.5023685644550733,0.0020116977603174594,0.012559214111376832,0.04882355034351349,0.024411775,97.6471,False,3,0.436545013052339,0.10718981379197365,0.17791231935366147,0.21721507852437896,-0.18731517274159107,0.11301669752998403,0.9997941532894494,0.0059639040927403604,0.006042268341841388,0.01842682660342886,0.17434347,-0.18901506,0.18176922,0.08104180611408357,4.197799717076123e-05,0.00011736499436665326,0.0005067799938842654,0.00027684100496117026,0.00015450800128746778,0.00011383500532247126,0.0016031599952839315,0.018231413007015362,0.019834573002299294,50.41701678599668,0
60,1.2201307089999318,-0.10397845903505498,-1.184310958986618,1.0817650000201624,-1.6203438244261683,-1.4890931288348597,0.12928226590156555,-0.25042301416397095,-1.6852741241455078,-0.8164194822311401,-0.40151724219322205,-0.18356873095035553,0.13434256613254547,-0.24506500363349915,-1.3454020023345947,-0.5977579355239868,-0.1300855427980423,-0.14886155724525452,-0.019756874069571495,0.02087638840011241,3.511651546050768,-20.650727882822935,0.3099352507292727,-0.2772958721260643,-0.008676103539037739,-0.12111625,-1.1979349,1.0842897,-1.6172987,-1.5057901,0.12880962,-0.12111625,-1.1979349,1.0842897,-1.6172987,-1.5057901,0.12880962,-0.1039784625172615,-1.1843109130859375,1.081765055656433,-1.620343804359436,-1.4890931844711304,0.12928226590156555,-0.42844462,-0.34059995,0.06311572,0.07612712,-0.41742402,-0.011816117,-0.14501156,0.41864047037922775,0.0,0.010466011759480694,0.04882355034351349,0.024411775,97.6471,False,3,0.4365556789175815,0.10561413649893388,0.1785056927461283,0.2172143383408212,-0.18733819363882592,0.11306123437995823,0.9997953669838561,0.005791809769877014,0.005984667813657454,0.01843657652568425,0.17434347,-0.18901506,0.18176922,0.08100315474672283,3.887301136273891e-05,0.0001143080007750541,0.0005063110002083704,0.0002583419991424307,0.00015167100355029106,0.00014971800555940717,0.0015621720085619017,0.018275770999025553,0.019837943007587455,50.40845210703187,0
61,1.2400870050041704,-0.10640079179872686,-1.1861698192409058,1.0820930639850062,-1.6199614010252894,-1.4913952986346644,0.12927865982055664,-0.30236005783081055,-1.6591873168945312,-0.7973290681838989,-0.38337886333465576,-0.16810186207294464,0.05395342409610748,-0.24483053386211395,-1.343161940574646,-0.5976297855377197,-0.1299409717321396,-0.14916253089904785,-0.029712120071053505,-0.1001781468670413,3.677875250460306,-20.784964479428872,0.32281954146329706,-0.28421458540590305,-0.012294026741339802,-0.12349817,-1.1998843,1.0846554,-1.6167853,-1.5081828,0.1287092,-0.12349817,-1.1998843,1.0846554,-1.6167853,-1.5081828,0.1287092,-0.10640079528093338,-1.1861698627471924,1.0820931196212769,-1.6199613809585571,-1.491395354270935,0.12927865982055664,-0.42743444,-0.3428611,0.06405846,0.07940166,-0.41968453,-0.014236532,-0.14847045,0.34886705864935647,0.0,0.008721676466233912,0.04882355034351349,0.024411775,97.6471,False,3,0.4365606098514417,0.10403572091641841,0.1790942424257645,0.2171745415922818,-0.18732439513838184,0.11303822927701618,0.9997929640649926,0.005675535785223609,0.006456367283114522,0.018442457515976396,0.17434347,-0.18901506,0.18176922,0.08100190543994674,3.8789992686361074e-05,0.00011555400851648301,0.0005304930091369897,0.0003463360044406727,0.00017159100389108062,0.00011020300735253841,0.0016548870044061914,0.018139521998818964,0.019794409003225155,50.51931582484061,0
62,1.2601317139924504,-0.10878879228700811,-1.1880648297122498,1.0824478308307093,-1.619579931298727,-1.4936993757831019,0.12923896312713623,-0.26853489875793457,-1.6896567344665527,-0.7988841533660889,-0.3856125473976135,-0.18408066034317017,0.026138130575418472,-0.24517536163330078,-1.341883897781372,-0.5974680185317993,-0.13005658984184265,-0.14949017763137817,-0.037575531750917435,-0.060849318366842375,3.518712452192906,-20.436533642279155,0.2969139900317708,-0.3165708362665798,-0.0332332206573244,-0.1258628,-1.2018982,1.0850419,-1.6162556,-1.510597,0.12855595,-0.1258628,-1.2018982,1.0850419,-1.6162556,-1.510597,0.12855595,-0.10878879576921463,-1.1880648136138916,1.08244788646698,-1.6195799112319946,-1.4936994314193726,0.12923896312713623,-0.42685014,-0.34583524,0.06485096,0.083108135,-0.42243895,-0.0170751,-0.15247244,0.29072254887446375,0.0,0.007268063721861594,0.04882355034351349,0.024411775,97.6471,False,3,0.4365497685912508,0.1024731214717371,0.17969001293407152,0.21720015618343586,-0.1873299568386898,0.11304791233609952,0.9997990366955358,0.005532725433477696,0.005927227672835132,0.01833308676538631,0.17434347,-0.18901506,0.18176922,0.08100712195953798,0.00011202800669707358,0.00012227198749314994,0.0005527449975488707,0.00032776199805084616,0.00017217699496541172,0.0001218530087498948,0.0017736879963194951,0.018093874998157844,0.01986756299447734,50.33329957368066,0
63,1.2801249629992526,-0.11120254198183233,-1.1899821025184174,1.082787815724508,-1.6191379032530726,-1.4960292021380823,0.12921883165836334,-0.2574652433395386,-1.64120614528656,-0.7978190779685974,-0.3813101053237915,-0.1644643247127533,-0.05356417968869209,-0.24534878134727478,-1.3396329879760742,-0.5972949266433716,-0.1299937218427658,-0.1497158259153366,-0.04449490085244179,0.033725920309316315,3.6669312408201717,-20.669979572725317,0.2976164763364039,-0.29047871262594865,-0.028259204813607004,-0.12824574,-1.2039224,1.0854148,-1.6156833,-1.5130405,0.1284287,-0.12824574,-1.2039224,1.0854148,-1.6156833,-1.5130405,0.1284287,-0.11120254546403885,-1.1899820566177368,1.0827878713607788,-1.6191378831863403,-1.496029257774353,0.12921883165836334,-0.4260798,-0.34850925,0.06567282,0.08636426,-0.4252828,-0.0197535,-0.15623277,0.2422687907287198,0.0,0.006056719768217995,0.04882355034351349,0.024411775,97.6471,False,3,0.4365238748382413,0.10089512057564766,0.18029303109734715,0.21720909706947075,-0.18732557248429754,0.11302245875359561,0.9997914877048023,0.006122143131736449,0.006406392080544939,0.018397205302063853,0.17434347,-0.18901506,0.18176922,0.08103353683508259,3.807000757660717e-05,0.00011699799506459385,0.0005502650019479915,0.00025280899717472494,0.00014842499513179064,0.00011950200132559985,0.0015675469912821427,0.018255824004882015,0.019823370996164158,50.44550698231401,0
64,1.3001286910002818,-0.1136253515826624,-1.1918754142573853,1.08313495317568,-1.618739744225973,-1.4984105269061487,0.12909550964832306,-0.2355724275112152,-1.6554696559906006,-0.7988680601119995,-0.3762131333351135,-0.17500557005405426,-0.07066629081964493,-0.2450687438249588,-1.338215947151184,-0.5973115563392639,-0.12994594871997833,-0.1499474048614502,-0.05205924063920975,-0.06382879640701367,3.795702996497716,-20.40637461111559,0.30643483583856285,-0.2759098473349053,-0.03580063136082389,-0.1306381,-1.205934,1.0857887,-1.6151311,-1.5155165,0.12819037,-0.1306381,-1.205934,1.0857887,-1.6151311,-1.5155165,0.12819037,-0.11362535506486893,-1.1918754577636719,1.0831350088119507,-1.6187397241592407,-1.4984105825424194,0.12909550964832306,-0.42531833,-0.35146618,0.06634247,0.09021394,-0.4276489,-0.022628386,-0.16005845,0.20189065894059985,0.0,0.005047266473514996,0.04882355034351349,0.024411775,97.6471,False,3,0.4365003266514793,0.09930078961404232,0.18088866010180588,0.21719811036233497,-0.18730097878444502,0.11305167978683182,0.9997995499181995,0.005650854877362804,0.005849946939370418,0.018294682997513138,0.17434347,-0.18901506,0.18176922,0.08100345156719035,3.8946003769524395e-05,0.00011567499313969165,0.0005344700039131567,0.0003422359877731651,0.00017204199684783816,0.00012186099775135517,0.0016663960122969002,0.01817431699601002,0.01984071300830692,50.401414484515726,0
65,1.320128791994648,-0.11597806612123662,-1.1938215357116242,1.083513085042135,-1.618230482141012,-1.5007947126971644,0.12900328636169434,-0.2555179297924042,-1.6608909368515015,-0.8148066997528076,-0.4007764160633087,-0.17618007957935333,-0.08628005534410477,-0.2452450841665268,-1.336649775505066,-0.597367525100708,-0.1298200786113739,-0.15027400851249695,-0.06056363508105278,-0.07837432436538672,3.719480767982018,-20.52526910511255,0.3010714056233064,-0.28787640989310515,-0.04264676814219509,-0.13295539,-1.2079728,1.0861955,-1.6145077,-1.517986,0.12800498,-0.13295539,-1.2079728,1.0861955,-1.6145077,-1.517986,0.12800498,-0.11597806960344315,-1.1938215494155884,1.0835131406784058,-1.6182304620742798,-1.500794768333435,0.12900328636169434,-0.42443296,-0.35378024,0.067057565,0.09307055,-0.42978162,-0.02495765,-0.16319,0.1682422157838332,0.0,0.00420605539459583,0.04882355034351349,0.024411775,97.6471,False,3,0.43643165574919496,0.09774084059717737,0.1814835437414213,0.21719579646022524,-0.18734304086207942,0.11305732447807215,0.9997960561712668,0.005602860184585838,0.005914551882948273,0.01847992794077507,0.17434347,-0.18901506,0.18176922,0.08099655964931593,3.911400563083589e-05,0.0001163809938589111,0.0005092649953439832,0.0003816009993897751,0.00017109299369622022,9.821499406825751e-05,0.00165274299797602,0.01818384899524972,0.01983659199322574,50.411885284604494,0
66,1.340131372999167,-0.11839944521059209,-1.1957423251918335,1.0838893095599573,-1.6176945171751917,-1.5031479040728968,0.12888334691524506,-0.22753873467445374,-1.7062561511993408,-0.8237261772155762,-0.44893503189086914,-0.1725953370332718,-0.10369259119033813,-0.24569925665855408,-1.3343331813812256,-0.5972587466239929,-0.12978117167949677,-0.15067964792251587,-0.07081367075443268,0.16528457462214385,3.880246386317296,-20.5447775202013,0.29748171017764646,-0.296583082132807,-0.07343469901245384,-0.13531911,-1.2095683,1.0859779,-1.6145105,-1.520861,0.12783015,-0.13531911,-1.2095683,1.0859779,-1.6145105,-1.520861,0.12783015,-0.11839944869279861,-1.1957423686981201,1.083889365196228,-1.6176944971084595,-1.5031479597091675,0.12888334691524506,-0.4229916,-0.34564653,0.052213367,0.07959888,-0.44282568,-0.02632983,-0.17753425,0.14020184648652767,0.0,0.003505046162163192,0.0443136990070343,0.02215685,88.6274,False,0,0.4363596177181526,0.0961596955111219,0.18206629584970876,0.21718037317714906,-0.18736519744993352,0.11301839997406272,0.999778383875626,0.006136145734690899,0.007040846574962329,0.018868012196673615,0.17434347,-0.18901506,0.18176922,0.08102097340977157,0.00025048998941201717,0.0001197680103359744,0.0005182360036997125,0.0002940300037153065,0.00015470499056391418,0.000115254006232135,0.0018911639926955104,0.017948958004126325,0.019840121996821836,50.40291587724051,0
67,1.3601311959937448,-0.12080604234804326,-1.1977068942836304,1.0842326323138636,-1.6172634563841761,-1.5055325667010706,0.12876029312610626,-0.23722738027572632,-1.6845468282699585,-0.8050322532653809,-0.39776456356048584,-0.1800393909215927,-0.10543766617774963,-0.24473106861114502,-1.3321434259414673,-0.5969010591506958,-0.12953083217144012,-0.15095217525959015,-0.08381566405296326,0.12985856509015514,3.5930680322153252,-20.602924307955288,0.28040355123598876,-0.2959082439608457,-0.08120528083893487,-0.13808815,-1.2117262,1.0869423,-1.6138422,-1.5230976,0.12727027,-0.13808815,-1.2117262,1.0869423,-1.6138422,-1.5230976,0.12727027,-0.12080604583024979,-1.197706937789917,1.0842326879501343,-1.6172634363174438,-1.5055326223373413,0.12876029312610626,-0.4320527,-0.35048,0.06774043,0.08553059,-0.43912604,-0.037250534,-0.16242053,0.1168348720721064,0.0,0.00292087180180266,0.0443136990070343,0.02215685,88.6274,False,0,0.43630718009172903,0.09457516505163033,0.18269137002339247,0.21718160980248685,-0.18730897550228465,0.1130520779228834,0.999794781080011,0.005732479884105903,0.00617185184094791,0.018422692072363918,0.17434347,-0.18901506,0.18176922,0.08099421657766301,3.8416997995227575e-05,0.00011571300274226815,0.0005126639880472794,0.0003192160074831918,0.00017093800124712288,0.000109479995444417,0.0016077019972726703,0.018221598002128303,0.019829299999400973,50.43042366751268,0
68,1.38013556599617,-0.12319738069643194,-1.199724332695343,1.084583584462301,-1.6167785129942835,-1.507970158253805,0.1286320686340332,-0.2562052011489868,-1.6540662050247192,-0.7800922989845276,-0.38900038599967957,-0.14710350334644318,-0.10379182547330856,-0.24570152163505554,-1.3237189054489136,-0.599713921546936,-0.13190121948719025,-0.15263517200946808,-0.09483283758163452,0.03888236167855741,3.770637056457031,-20.283194541185775,0.2914611697162364,-0.28741880196652614,-0.08789015926660297,-0.14043577,-1.2138617,1.0873444,-1.6132114,-1.5256432,0.12702753,-0.14043577,-1.2138617,1.0873444,-1.6132114,-1.5256432,0.12702753,-0.12319738417863846,-1.1997243165969849,1.0845836400985718,-1.6167784929275513,-1.5079702138900757,0.1286320686340332,-0.4309596,-0.35343322,0.069019414,0.08917868,-0.4418254,-0.040113408,-0.16609877,0.09736239339342201,0.0,0.0024340598348355502,0.0443136990070343,0.02215685,88.6274,False,0,0.4362307205956648,0.09298755959754022,0.18332955865344017,0.2171524605446921,-0.18735778777276177,0.11304704568122913,0.9997955609482806,0.005778345197054524,0.006194943354957778,0.018360710584821208,0.17434347,-0.18901506,0.18176922,0.08098205988543929,0.00011096500384155661,0.00011477900261525065,0.0005002569960197434,0.00025170900335069746,0.00015050599176902324,0.00011170600191690028,0.0015719100047135726,0.018276499991770834,0.019848409996484406,50.38186938788156,0
69,1.4001274119946174,-0.1256197134601038,-1.2016815406135102,1.0849311987506312,-1.6162687740721644,-1.5104296843158167,0.12848491966724396,-0.23498812317848206,-1.6091909408569336,-0.7951160073280334,-0.4079159200191498,-0.12479982525110245,-0.11666303873062134,-0.2524389624595642,-1.321305751800537,-0.5951012372970581,-0.1307864487171173,-0.15211954712867737,-0.11376017332077026,0.13111816525333309,3.8734322178068434,-20.39406346981402,0.29080065439376823,-0.2949920845227786,-0.1278980963555131,-0.14284404,-1.2159408,1.0877188,-1.6125622,-1.5282081,0.12676707,-0.14284404,-1.2159408,1.0877188,-1.6125622,-1.5282081,0.12676707,-0.12561970949172974,-1.2016814947128296,1.0849312543869019,-1.6162687540054321,-1.5104297399520874,0.12848491966724396,-0.4306081,-0.3564827,0.06968905,0.09266525,-0.44446087,-0.04294641,-0.16963258,0.08113532782785167,0.0,0.002028383195696292,0.0443136990070343,0.02215685,88.6274,False,0,0.43614728681827986,0.09138261772138123,0.1839408658429827,0.21717590924936048,-0.18736144518951606,0.11306006481013925,0.9997928545707705,0.005787077408538279,0.006008392067716578,0.018563765218802788,0.17434347,-0.18901506,0.18176922,0.08098333691870901,3.897199349012226e-05,0.00011659099254757166,0.0005805090040666983,0.00024793999909888953,0.00014444900443777442,0.00010668400500435382,0.0015789259923622012,0.018251832996611483,0.019830758988973685,50.42671339790982,0
70,1.4201311119977618,-0.12795955339540654,-1.2036500138095398,1.0853212515460413,-1.6157638035216273,-1.5128710905658167,0.12828107178211212,-0.25995203852653503,-1.6560678482055664,-0.80385822057724,-0.41434723138809204,-0.14973317086696625,-0.13418632745742798,-0.25029921531677246,-1.323826551437378,-0.5947131514549255,-0.13001486659049988,-0.1519421637058258,-0.14114253222942352,0.16595196629246978,3.7888168086474434,-20.373625696515123,0.2760644012729158,-0.2991460982324584,-0.14142803627168174,-0.14516509,-1.2180252,1.0881393,-1.61192,-1.5307392,0.12644881,-0.14516509,-1.2180252,1.0881393,-1.61192,-1.5307392,0.12644881,-0.12795954942703247,-1.2036499977111816,1.085321307182312,-1.615763783454895,-1.5128711462020874,0.12828107178211212,-0.4301383,-0.35938105,0.07044989,0.096094005,-0.44670168,-0.04580669,-0.172858,0.06761277318987641,0.0,0.0016903193297469101,0.0443136990070343,0.02215685,88.6274,False,0,0.436043010673715,0.08981989602222686,0.1845443514707602,0.2171671716019421,-0.1873582412279198,0.11303131161064611,0.9997945199711652,0.005821000574082389,0.006189492100922473,0.018405203580375777,0.17434347,-0.18901506,0.18176922,0.08100317941127928,3.976898733526468e-05,0.0001128959993366152,0.0005023679987061769,0.00026513000193517655,0.0001489770074840635,0.00010860699694603682,0.0015095859998837113,0.018327062993193977,0.019836648993077688,50.411740427980845,0
71,1.440100865002023,-0.13036948839296514,-1.2055954796126862,1.0856974760638636,-1.6152707539000453,-1.5153158346759241,0.1280777007341385,-0.23807670176029205,-1.6478791236877441,-0.8312999606132507,-0.42061033844947815,-0.17525264620780945,-0.13652092218399048,-0.2484249323606491,-1.3234633207321167,-0.5955510139465332,-0.12965881824493408,-0.15229812264442444,-0.1424332857131958,-0.03286370941613859,3.5634963677452607,-20.286414535401555,0.2748349707195314,-0.2955894849902196,-0.13006409626965568,-0.14755474,-1.2201018,1.0885487,-1.6112665,-1.5332563,0.12611514,-0.14755474,-1.2201018,1.0885487,-1.6112665,-1.5332563,0.12611514,-0.13036948442459106,-1.2055954933166504,1.0856975317001343,-1.615270733833313,-1.5153158903121948,0.1280777007341385,-0.42963153,-0.3626576,0.07127923,0.10010719,-0.44851127,-0.04906391,-0.17609513,0.056343977658230335,0.0,0.0014085994414557584,0.0443136990070343,0.02215685,88.6274,False,0,0.43594475858617293,0.08822610452037198,0.18514490160717267,0.21720981767327963,-0.1873322472178486,0.11301381953645379,0.999790322538071,0.006041858007586528,0.006238423133774305,0.01854413281609708,0.17434347,-0.18901506,0.18176922,0.08104110853540632,3.917400317732245e-05,0.00011256799916736782,0.0005009099986637011,0.00024849700275808573,0.00014942701091058552,0.00015431699284818023,0.0015533600089838728,0.01825189800001681,0.01980525800900068,50.49164214601702,0
72,1.4601217290037312,-0.13280040422548467,-1.2075458627990265,1.086099926625387,-1.6147643528380335,-1.5177963415728968,0.12786217033863068,-0.28753432631492615,-1.6819649934768677,-0.814477264881134,-0.43435266613960266,-0.15734025835990906,-0.14156025648117065,-0.24570424854755402,-1.321909785270691,-0.5957242846488953,-0.12942029535770416,-0.15242710709571838,-0.14240776002407074,-0.03757106116257036,3.525440349225204,-20.5877730529089,0.2695481738190388,-0.28940186717270044,-0.1379043561647344,-0.14995387,-1.2221652,1.0889751,-1.6106246,-1.5358155,0.12579557,-0.14995387,-1.2221652,1.0889751,-1.6106246,-1.5358155,0.12579557,-0.1328004002571106,-1.2075458765029907,1.0860999822616577,-1.6147643327713013,-1.5177963972091675,0.12786217033863068,-0.42883676,-0.36548364,0.07187681,0.10349377,-0.45047703,-0.0516651,-0.17908412,0.04695331471519194,0.0,0.0011738328678797987,0.0443136990070343,0.02215685,88.6274,False,0,0.4358328511290654,0.0866169226188833,0.18573741908950703,0.2171965104818684,-0.18733394865819517,0.1130572235811536,0.9997954324373334,0.0056938304118910816,0.006050210496809151,0.018440504955835504,0.17434347,-0.18901506,0.18176922,0.08099721120830287,3.9659993490204215e-05,0.00011730600090231746,0.0005290720000630245,0.00026000599609687924,0.00014992999786045402,0.0001112850004574284,0.0015529100055573508,0.018282231001649052,0.019835141007206403,50.41557302953809,0
73,1.4800838829978602,-0.13524991670717412,-1.2095745664886017,1.0864360968219202,-1.614251276055807,-1.5203483740436,0.12759847939014435,-0.26041680574417114,-1.666129469871521,-0.828927755355835,-0.4106718897819519,-0.17150208353996277,-0.14767780900001526,-0.24515050649642944,-1.319384217262268,-0.5956409573554993,-0.12927404046058655,-0.15249906480312347,-0.14247827231884003,-0.08851967784098669,4.052594384527197,-20.4193590819453,0.2783226457797302,-0.2962486057211961,-0.13957855060039906,-0.15238895,-1.2243198,1.089341,-1.6099584,-1.5384202,0.1254061,-0.15238895,-1.2243198,1.089341,-1.6099584,-1.5384202,0.1254061,-0.13524991273880005,-1.209574580192566,1.086436152458191,-1.6142512559890747,-1.5203484296798706,0.12759847939014435,-0.42847586,-0.3686309,0.07262191,0.10732222,-0.45179296,-0.054809567,-0.18207042,0.03912776226265996,0.0,0.000978194056566499,0.0443136990070343,0.02215685,88.6274,False,0,0.4357226066326268,0.08498280671425311,0.18638408547059904,0.2172385604665658,-0.1873395014627789,0.11302105054564429,0.9997918592474194,0.005749299314244899,0.006297170627394872,0.01853546274898302,0.17434347,-0.18901506,0.18176922,0.08105003173384598,3.8489000871777534e-05,0.00011481301044113934,0.0006587600073544309,0.0002928239991888404,0.00015264199464581907,9.670598956290632e-05,0.0017034990014508367,0.018096304003847763,0.0197998030052986,50.50555299627937,0
74,1.5001330329978373,-0.13763410249818975,-1.2116240125945588,1.0868662039386194,-1.613685747186178,-1.522877041493551,0.12734226882457733,-0.2844235301017761,-1.61481511592865,-0.8077919483184814,-0.4108779728412628,-0.16081053018569946,-0.12614047527313232,-0.24539612233638763,-1.3161224126815796,-0.5952960252761841,-0.12921999394893646,-0.1527426391839981,-0.14245739579200745,-0.011725998774631208,3.787058963030141,-20.31022104175615,0.2843359792458836,-0.3044610669027011,-0.12921317007472752,-0.152944,-1.2241234,1.0848467,-1.6121078,-1.5398415,0.12699866,-0.152944,-1.2241234,1.0848467,-1.6121078,-1.5398415,0.12699866,-0.13763409852981567,-1.211624026298523,1.0868662595748901,-1.6136857271194458,-1.5228770971298218,0.12734226882457733,-0.38274753,-0.3124844,-0.05048722,0.039450016,-0.42411008,-0.008590228,-0.19676313,0.03260646855221663,0.0,0.0008151617138054159,0.029999999329447746,0.015,60.0,False,0,0.4355708160623778,0.08338797331571425,0.18700268250576965,0.21732860209484886,-0.18716412486702558,0.11307528524609241,0.9998586087850908,0.0019260217420382063,0.0004268879824852416,0.016699870116544672,0.17434347,-0.18901506,0.18176922,0.08105556595839307,0.00011505199654493481,0.00013291899813339114,0.0006794270011596382,0.00031687799491919577,0.00021294700854923576,0.0001515379990451038,0.002147699997294694,0.017715631998726167,0.01986333199602086,50.344020842038276,0
75,1.5201755260059144,-0.13998729387392217,-1.213679478769638,1.0872743765460413,-1.6131288013853968,-1.5253461042987269,0.12704411149024963,-0.27016186714172363,-1.6050666570663452,-0.8317580223083496,-0.41301849484443665,-0.1792173832654953,-0.14702323079109192,-0.24618417024612427,-1.3150588274002075,-0.5959281921386719,-0.12939275801181793,-0.15318112075328827,-0.14264552295207977,0.14253302928308464,3.5746452966600293,-20.490750940979204,0.2767462922348349,-0.29795741214377425,-0.12945725653139506,-0.15814473,-1.227589,1.0898681,-1.6099794,-1.5435507,0.1236958,-0.15814473,-1.227589,1.0898681,-1.6099794,-1.5435507,0.1236958,-0.1399872899055481,-1.2136794328689575,1.087274432182312,-1.6131287813186646,-1.5253461599349976,0.12704411149024963,-0.45393604,-0.34773812,0.06484055,0.07873373,-0.45511514,-0.08370787,-0.160603,0.027172057126847195,0.0,0.0006793014281711799,0.029999999329447746,0.015,60.0,False,0,0.43541782909728505,0.08182112114017585,0.18763355518648656,0.2173248154974118,-0.18714766198411475,0.11303639789356493,0.9998506074681865,0.0023102858153538396,0.0007532782838510631,0.017113384900591166,0.17434347,-0.18901506,0.18176922,0.08108689554897362,4.199499380774796e-05,0.00012651500583160669,0.0005597050039796159,0.00027536400011740625,0.00016390100063290447,0.00017289399693254381,0.0017579010018380359,0.018109285010723397,0.019867186012561433,50.3342546532624,0
76,1.5401434719969984,-0.1424163023578089,-1.215668336754181,1.0876768271075647,-1.6125194034972132,-1.5278900305377405,0.1267962008714676,-0.23653128743171692,-1.6639825105667114,-0.890921950340271,-0.45061948895454407,-0.16875645518302917,-0.1311321258544922,-0.21845780313014984,-1.293169617652893,-0.626168429851532,-0.14329864084720612,-0.14834749698638916,-0.13584072887897491,0.400716157639736,3.6638676096261507,-20.712564567614645,0.28156922354374436,-0.3200375034975466,-0.1363543188600387,-0.1605637,-1.229636,1.0904225,-1.6091837,-1.5461954,0.12331453,-0.1605637,-1.229636,1.0904225,-1.6091837,-1.5461954,0.12331453,-0.14241629838943481,-1.2156683206558228,1.0876768827438354,-1.612519383430481,-1.5278900861740112,0.1267962008714676,-0.45368543,-0.34919065,0.06863963,0.08339176,-0.457632,-0.08704171,-0.16234377,0.02264338093903933,0.0,0.0005660845234759833,0.029999999329447746,0.015,60.0,False,0,0.4352544151465124,0.0802061242435761,0.18823181434633474,0.21732839390593942,-0.18719164977435598,0.11304249112040385,0.9998529588207934,0.0029099353781973053,0.001887956415183205,0.016794616523534086,0.17434347,-0.18901506,0.18176922,0.08108262655722133,4.394601273816079e-05,0.00013512700388673693,0.0007238010002765805,0.00033889900078065693,0.00023985799634829164,0.00013553499593399465,0.002030591989750974,0.01769379500183277,0.019724386991583742,50.69866051739367,0
77,1.5601294030057034,-0.14477044740785772,-1.2175311309150239,1.0876744429217737,-1.6121217213072718,-1.5303428808795374,0.12658920884132385,-0.2659108340740204,-1.6117314100265503,-0.9830960631370544,-0.42538127303123474,-0.19153642654418945,-0.16679134964942932,-0.27113357186317444,-1.2922683954238892,-0.7750786542892456,-0.1314651519060135,-0.15447752177715302,-0.14665339887142181,0.11047676506536508,3.892990852806213,-20.296231748566665,0.2817567750690763,-0.3096512125367288,-0.12683467409297647,-0.16295227,-1.2316988,1.0904862,-1.6084977,-1.5486318,0.12294321,-0.16295227,-1.2316988,1.0904862,-1.6084977,-1.5486318,0.12294321,-0.14477044343948364,-1.2175310850143433,1.0876744985580444,-1.6121217012405396,-1.530342936515808,0.12658920884132385,-0.45454597,-0.35419273,0.07029209,0.09059994,-0.45722213,-0.09115012,-0.1654828,0.018869484115866107,0.0,0.00047173710289665275,0.029999999329447746,0.015,60.0,False,0,0.4352090450323729,0.07862788508180305,0.18894066378615643,0.21734262649807118,-0.18719555005424976,0.11301469619569635,0.9998474784738937,0.00301555453542519,0.002517403622165999,0.017016456208529367,0.17434347,-0.18901506,0.18176922,0.08111364360341738,4.440000338945538e-05,0.00015725700359325856,0.0006572489946847782,0.0003491590032353997,0.00023030099691823125,0.00017486000433564186,0.0020671640086220577,0.0177008710015798,0.019768035010201856,50.586717368920155,0
78,1.5801379019976594,-0.14711028734316045,-1.2195080679706116,1.0877845923053187,-1.6117755375304164,-1.5328696409808558,0.12625005841255188,-0.28761550784111023,-1.5822144746780396,-0.7761197686195374,-0.37685075402259827,-0.18706940114498138,-0.15220271050930023,-0.27145788073539734,-1.2996186017990112,-0.5803759098052979,-0.126434326171875,-0.15638196468353271,-0.14880305528640747,-0.09477666367813864,3.842872236796371,-19.865763268827795,0.2741316643276998,-0.28440347579720393,-0.13050649781394785,-0.16530512,-1.2337722,1.0906171,-1.6080816,-1.5513185,0.1224863,-0.16530512,-1.2337722,1.0906171,-1.6080816,-1.5513185,0.1224863,-0.14711028337478638,-1.2195080518722534,1.0877846479415894,-1.611775517463684,-1.5328696966171265,0.12625005841255188,-0.4548709,-0.3566037,0.07080988,0.09234799,-0.46121946,-0.094093904,-0.16842662,0.01572457009655509,0.0,0.0003931142524138773,0.029999999329447746,0.015,60.0,False,0,0.4351392265652328,0.07704148340787272,0.18966639143896896,0.21726576993005214,-0.1871751082280998,0.11306876369504636,0.9998503076308685,0.002782815675615011,0.001577817784730226,0.017004552335108277,0.17434347,-0.18901506,0.18176922,0.08102754166766267,4.4486994738690555e-05,0.00013117899652570486,0.0008071930060395971,0.000333093004883267,0.00017581200518179685,0.00020865100668743253,0.0021257850021356717,0.017711644002702087,0.01983742900483776,50.40975822805111,0
79,1.600134349995642,-0.14957744279970342,-1.2215144795230408,1.0881713072406214,-1.6112591228880824,-1.535356346760885,0.12581531703472137,-0.2793300151824951,-1.5599055290222168,-0.8554282188415527,-0.4403059780597687,-0.19551990926265717,-0.15812188386917114,-0.2606916129589081,-1.3023200035095215,-0.5877241492271423,-0.1273791640996933,-0.15511593222618103,-0.14637643098831177,0.4338712591441869,3.5710190814928424,-20.537532957699828,0.2603598420834061,-0.3107198837296692,-0.13480664296340966,-0.16778369,-1.2358932,1.0910411,-1.607451,-1.5539124,0.12193767,-0.16778369,-1.2358932,1.0910411,-1.607451,-1.5539124,0.12193767,-0.14957743883132935,-1.2215144634246826,1.088171362876892,-1.61125910282135,-1.5353564023971558,0.12581531703472137,-0.45515624,-0.3594699,0.071744405,0.095204435,-0.46389925,-0.096941225,-0.17113113,0.01310380841379591,0.0,0.0003275952103448978,0.029999999329447746,0.015,60.0,False,0,0.43498364962259684,0.07542360483060043,0.19029181185703833,0.21726756726706456,-0.1872227583207124,0.11309326970206748,0.9998488522770606,0.002813440985342767,0.001132663225996561,0.01712080901910801,0.17434347,-0.18901506,0.18176922,0.08100664898058167,5.0515998736955225e-05,0.0001189929898828268,0.0005308270046953112,0.0003620289935497567,0.00015597899619024247,0.00011394800094421953,0.0016933399892877787,0.01812623300065752,0.0198195729899453,50.455173807594726,0
80,1.620079568005167,-0.15215617815126592,-1.2234469515136261,1.0885747114764612,-1.6107775173582972,-1.5379803816424769,0.12531955540180206,-0.22593089938163757,-1.6175752878189087,-0.8651743531227112,-0.41874510049819946,-0.15801313519477844,-0.14788973331451416,-0.25110897421836853,-1.3042420148849487,-0.5938570499420166,-0.129503533244133,-0.1549120396375656,-0.1450062245130539,0.2143001355001548,4.088323256183809,-20.32840728009961,0.27139578209283227,-0.323500663268379,-0.1242115713744493,-0.1703902,-1.2379925,1.0914913,-1.6067679,-1.5566047,0.12129949,-0.1703902,-1.2379925,1.0914913,-1.6067679,-1.5566047,0.12129949,-0.15215617418289185,-1.2234469652175903,1.088574767112732,-1.610777497291565,-1.5379804372787476,0.12531955540180206,-0.45585075,-0.36363834,0.07291519,0.100240536,-0.4656082,-0.10050168,-0.17415397,0.010919840344829927,0.0,0.00027299600862074817,0.029999999329447746,0.015,60.0,False,0,0.4348322033959343,0.07372527654172026,0.19088469498793006,0.2172890384752517,-0.18727495420763238,0.11307796117814474,0.9998503017490287,0.0031942812790432635,0.0023020162286840795,0.016847827918777005,0.17434347,-0.18901506,0.18176922,0.08102986743621875,4.056899342685938e-05,0.00011983599688392133,0.0005532590002985671,0.00038249600038398057,0.00015707600687164813,0.00011136099055875093,0.0017276319995289668,0.018047500008833595,0.01977513200836256,50.56856255508774,0
81,1.640099262993317,-0.15477496782411748,-1.2253897947124024,1.088942829762594,-1.6103416881956996,-1.540520493184225,0.12479730695486069,-0.1602264940738678,-1.6506816148757935,-0.8581129908561707,-0.40304702520370483,-0.1672394573688507,-0.16842977702617645,-0.2474011927843094,-1.303305745124817,-0.5950875282287598,-0.1299627423286438,-0.15486744046211243,-0.14450648427009583,-0.21080360483196747,3.855339636261254,-20.447569591863378,0.26697279805622987,-0.2913971009952602,-0.12944764735962444,-0.1730066,-1.2400577,1.0918999,-1.6061919,-1.5592114,0.1206686,-0.1730066,-1.2400577,1.0918999,-1.6061919,-1.5592114,0.1206686,-0.1547749638557434,-1.225389838218689,1.0889428853988647,-1.6103416681289673,-1.5405205488204956,0.12479730695486069,-0.4557909,-0.36669692,0.073926084,0.103745446,-0.46727043,-0.10321769,-0.1766351,0.009099866954024939,0.0,0.00022749667385062349,0.029999999329447746,0.015,60.0,False,0,0.4346956703639909,0.07202811216484237,0.1915010200054386,0.21732709878714981,-0.1873045158231792,0.1131271948400058,0.9998506811702214,0.0033318600410647808,0.0018250227072762384,0.016856998541963087,0.17434347,-0.18901506,0.18176922,0.08100769396504903,4.069300484843552e-05,0.00011958500545006245,0.0006084240012569353,0.00029892800375819206,0.00015659999917261302,0.00011674700363073498,0.0018254140013596043,0.018051481994916685,0.01987689599627629,50.30966606593598,0
82,1.66013366500556,-0.15731841722597295,-1.2273271542838593,1.089388672505514,-1.6097494564452113,-1.543140713368551,0.12430906295776367,-0.1823180913925171,-1.6900380849838257,-0.8828697204589844,-0.43307310342788696,-0.14327463507652283,-0.18598435819149017,-0.2481447160243988,-1.3003534078598022,-0.5945956707000732,-0.12961158156394958,-0.15521599352359772,-0.1445821225643158,0.1526188056331268,4.154548505328003,-20.606182029107742,0.2784630278001684,-0.3109283285760266,-0.14163336984342223,-0.17287411,-1.2390443,1.0869254,-1.60946,-1.5607082,0.122841954,-0.17287411,-1.2390443,1.0869254,-1.60946,-1.5607082,0.122841954,-0.15731841325759888,-1.2273271083831787,1.0893887281417847,-1.609749436378479,-1.5431407690048218,0.12430906295776367,-0.3888925,-0.2929313,-0.06158422,0.007236659,-0.43918383,-0.03667768,-0.18871245,0.007583222461687449,0.0,0.00018958056154218624,0.015882350504398346,0.007941175,31.7647,False,0,0.4344957571839397,0.07035391320834271,0.1920696657912805,0.21732623814142274,-0.18730407153358625,0.11314555713049508,0.9998545841362414,0.0030730941387962936,0.0016217058052005971,0.01669561834097897,0.17434347,-0.18901506,0.18176922,0.08099168786089828,4.1314007830806077e-05,0.00016788300126791,0.0008048549934756011,0.0002998719864990562,0.00015538200386799872,0.00013044699153397232,0.002034903009189293,0.017831003002356738,0.01986590601154603,50.33749779238872,0
83,1.680141195000033,-0.15983468690981084,-1.2294022899917145,1.0897567907916468,-1.6092430553831996,-1.5456975142108362,0.12372695654630661,-0.24809181690216064,-1.6322784423828125,-0.8362500667572021,-0.41300758719444275,-0.20404791831970215,-0.1820220947265625,-0.24945327639579773,-1.2963734865188599,-0.5942283272743225,-0.12976862490177155,-0.1553063690662384,-0.14467883110046387,0.015873398016438944,3.765655493844056,-20.443079547872085,0.261818518317125,-0.313104372413563,-0.12839918705957043,-0.17883466,-1.2431898,1.0920756,-1.6057533,-1.563822,0.11860158,-0.17883466,-1.2431898,1.0920756,-1.6057533,-1.563822,0.11860158,-0.15983468294143677,-1.2294023036956787,1.0897568464279175,-1.6092430353164673,-1.545697569847107,0.12372695654630661,-0.47499964,-0.3446889,0.05796761,0.08724189,-0.45311016,-0.12813427,-0.15069158,0.006319352051406209,0.0,0.00015798380128515522,0.015882350504398346,0.007941175,31.7647,False,0,0.4343169581065153,0.06870356440462194,0.19273401523914369,0.21726216722585784,-0.18723595440674898,0.11311407706677612,0.9998462101772926,0.0026898283223246613,0.0029400382506731943,0.01707899405072708,0.17434347,-0.18901506,0.18176922,0.08098585677486321,4.779199662152678e-05,0.00012040500587318093,0.0005584309983532876,0.00031360700086224824,0.00019453800632618368,0.00013476300227921456,0.0017718489980325103,0.018049846999929287,0.019821695997961797,50.4497697927981,0
84,1.7001527870015707,-0.16235715547670537,-1.231500969534256,1.0900643507586878,-1.6086727581419886,-1.5483296553241175,0.12316077947616577,-0.2558848559856415,-1.52491295337677,-0.8586681485176086,-0.41741862893104553,-0.18529711663722992,-0.15070432424545288,-0.2087879627943039,-1.2619378566741943,-0.6250465512275696,-0.14728382229804993,-0.14996257424354553,-0.13483034074306488,0.342555017064456,3.9457101687645846,-20.19685606664597,0.2576850628529208,-0.3151538623456074,-0.1348107409227988,-0.18139781,-1.2453657,1.0925589,-1.6049818,-1.5665722,0.11789563,-0.18139781,-1.2453657,1.0925589,-1.6049818,-1.5665722,0.11789563,-0.1623571515083313,-1.2315009832382202,1.0900644063949585,-1.6086727380752563,-1.5483297109603882,0.12316077947616577,-0.47601655,-0.34661782,0.06236219,0.09227318,-0.45606124,-0.13162868,-0.15188025,0.0052661267095051745,0.0,0.00013165316773762936,0.015882350504398346,0.007941175,31.7647,False,0,0.4341253922790495,0.06703498319860213,0.19342089633102566,0.21726223204324813,-0.18729162981088449,0.11312258652118455,0.9998402025893353,0.003242097835695138,0.003810749049876216,0.017162108052899513,0.17434347,-0.18901506,0.18176922,0.08097747336703691,4.0095008444041014e-05,0.00011853899923153222,0.0005168589996173978,0.0003964569914387539,0.00015494901163037866,0.00011105100566055626,0.0016964340029517189,0.018141919004847296,0.019838353007799014,50.407410313087574,0
85,1.7201281879970338,-0.16478521028627569,-1.233311490421631,1.0901244322406214,-1.6083747349181117,-1.5508940855609339,0.12277265638113022,-0.26333338022232056,-1.595786690711975,-1.0197497606277466,-0.4130821228027344,-0.1781894415616989,-0.18684199452400208,-0.27238985896110535,-1.2751058340072632,-0.8182682991027832,-0.1299199014902115,-0.15403585135936737,-0.14820735156536102,0.2745650244802076,4.387702810429869,-20.385756895008633,0.2760670209532004,-0.31954988491613984,-0.13752874668504805,-0.18389706,-1.2473756,1.0926557,-1.604379,-1.5690414,0.11738445,-0.18389706,-1.2473756,1.0926557,-1.604379,-1.5690414,0.11738445,-0.1647852063179016,-1.2333115339279175,1.090124487876892,-1.6083747148513794,-1.5508941411972046,0.12277265638113022,-0.47779652,-0.3516031,0.063278064,0.09989068,-0.45367974,-0.13470517,-0.1540789,0.004388438924587646,0.0,0.00010971097311469114,0.015882350504398346,0.007941175,31.7647,False,0,0.43403955571157105,0.06540546666672317,0.1941063315207937,0.21717764856522717,-0.18733957779594476,0.11319006963169014,0.9998523769611144,0.0026029965275429254,0.0035815772824643135,0.01660265793506481,0.17434347,-0.18901506,0.18176922,0.08087443672954431,4.006999370176345e-05,0.00012003099254798144,0.0005447069997899234,0.00036705000093206763,0.00015593400166835636,0.00011241500033065677,0.0017052439943654463,0.018104005997884087,0.019809249992249534,50.48146701118189,0
86,1.740134206993389,-0.1672599951373499,-1.2351483565619965,1.0901601950274866,-1.6080309353270472,-1.553366486226217,0.12221828103065491,-0.33071935176849365,-1.5608737468719482,-0.7664473056793213,-0.3640870451927185,-0.19970400631427765,-0.17993657290935516,-0.27522385120391846,-1.2885987758636475,-0.5949537754058838,-0.1241401880979538,-0.15625829994678497,-0.1516263335943222,-0.3064235013848813,3.79064870549711,-19.871515151524587,0.2592851583644656,-0.289833667931546,-0.1273500010906257,-0.18642126,-1.2493305,1.0927649,-1.6039201,-1.5716447,0.116691865,-0.18642126,-1.2493305,1.0927649,-1.6039201,-1.5716447,0.116691865,-0.16725999116897583,-1.235148310661316,1.0901602506637573,-1.608030915260315,-1.5533665418624878,0.12221828103065491,-0.47903177,-0.35455644,0.06511545,0.10277075,-0.45695162,-0.13816047,-0.15633726,0.003657032437156371,0.0,9.142581092890928e-05,0.015882350504398346,0.007941175,31.7647,False,0,0.43394706087168905,0.06377930954498992,0.19480668648600774,0.2172764858473022,-0.18723197561227553,0.11305400973467715,0.9998321984054994,0.004232890584781598,0.004275888201621964,0.017302289133524665,0.17434347,-0.18901506,0.18176922,0.08104445644167986,4.1803999920375645e-05,0.00011794600868597627,0.0006097350124036893,0.0002539179986342788,0.00015139499737415463,0.0002743820077739656,0.0018124939961126074,0.018023484997684136,0.019835978993796743,50.413443183859364,0
87,1.76013792300364,-0.16980392137636358,-1.2370094817927857,1.0905779043780726,-1.6075178585448207,-1.5559189955340784,0.12155946344137192,-0.3337975740432739,-1.6123969554901123,-0.8736547827720642,-0.4266926944255829,-0.24878978729248047,-0.18918907642364502,-0.2638123631477356,-1.2884070873260498,-0.5878956317901611,-0.12633976340293884,-0.15578295290470123,-0.14856992661952972,0.138196688752525,3.5856213609497427,-20.50420242025948,0.24938174356562068,-0.30902471878488336,-0.12504429532180814,-0.18900096,-1.2513033,1.0932425,-1.6033026,-1.5743152,0.11592447,-0.18900096,-1.2513033,1.0932425,-1.6033026,-1.5743152,0.11592447,-0.1698039174079895,-1.2370095252990723,1.0905779600143433,-1.6075178384780884,-1.5559190511703491,0.12155946344137192,-0.47992602,-0.35734472,0.06661323,0.10538063,-0.45990247,-0.14087486,-0.15860976,0.0030475270309636426,0.0,7.618817577409107e-05,0.015882350504398346,0.007941175,31.7647,False,0,0.43374109229971297,0.06212398695382373,0.19536766954305607,0.21724136463786087,-0.18726069049116578,0.11304619374168327,0.9998374071550775,0.004084173059380097,0.0039089733822479465,0.017122341296123767,0.17434347,-0.18901506,0.18176922,0.08103185838324964,5.7523997384123504e-05,0.00017039199883583933,0.0007506999972974882,0.00028412901156116277,0.00015729200094938278,0.00015025500033516437,0.0020211109949741513,0.017813035010476597,0.019834146005450748,50.418102182225724,0
88,1.7801419540046481,-0.17250568071474248,-1.238962249164917,1.0909541288958948,-1.6069594822325648,-1.5585067907916468,0.12082527577877045,-0.2496575266122818,-1.649335265159607,-0.8892337679862976,-0.43041175603866577,-0.20528852939605713,-0.2173078954219818,-0.2544950246810913,-1.2858270406723022,-0.592631459236145,-0.12872563302516937,-0.15562526881694794,-0.14690402150154114,0.4440331995404563,4.1279146604873365,-20.57750057691854,0.24496470019395955,-0.312789669807312,-0.17330418281344415,-0.19176531,-1.2534506,1.0936964,-1.6024889,-1.5769228,0.115055606,-0.19176531,-1.2534506,1.0936964,-1.6024889,-1.5769228,0.115055606,-0.1725056767463684,-1.2389622926712036,1.0909541845321655,-1.6069594621658325,-1.5585068464279175,0.12082527577877045,-0.4814909,-0.36220813,0.068554156,0.11176493,-0.4603983,-0.14424177,-0.16107139,0.0025396058591363687,0.0,6.349014647840923e-05,0.015882350504398346,0.007941175,31.7647,False,0,0.43353051035346846,0.060394673864941885,0.19597582794938687,0.21727625879989815,-0.18726688267480018,0.11305401875973906,0.9998306910333,0.004140842411393898,0.00414192495318662,0.017442382085245747,0.17434347,-0.18901506,0.18176922,0.08104356802350275,4.0557002648711205e-05,0.00011634400289040059,0.000532536010723561,0.0003730710013769567,0.00016277001122944057,0.0006721789977746084,0.002293119003297761,0.017541084002004936,0.019834203005302697,50.417957289871886,0
89,1.8001331309933448,-0.17524415651430303,-1.240968034868576,1.0912249724017542,-1.6065088711180628,-1.5610955397235315,0.12006247043609619,-0.23548279702663422,-1.5894908905029297,-0.80472332239151,-0.37466371059417725,-0.1798102706670761,-0.192808598279953,-0.2499716728925705,-1.2809196710586548,-0.592318594455719,-0.1292867362499237,-0.1560320407152176,-0.14627084136009216,-0.23214795653373876,4.2864206124957045,-20.11661682018269,0.2695948690824609,-0.30327260893921265,-0.14149047743350823,-0.19454649,-1.2556102,1.0940299,-1.6018404,-1.5795316,0.11417418,-0.19454649,-1.2556102,1.0940299,-1.6018404,-1.5795316,0.11417418,-0.17524415254592896,-1.2409679889678955,1.091225028038025,-1.6065088510513306,-1.5610955953598022,0.12006247043609619,-0.4825583,-0.36605513,0.07012166,0.11671048,-0.46089867,-0.1472073,-0.16319859,0.0021163382159469744,0.0,5.290845539867436e-05,0.015882350504398346,0.007941175,31.7647,False,0,0.4333547156204422,0.05864392538657743,0.196656169861651,0.21726265182690152,-0.18722793104387145,0.11305747902695477,0.9998337310237628,0.003871877253927888,0.0035000298994443033,0.01747062876139456,0.17434347,-0.18901506,0.18176922,0.08103427610885629,4.060400533489883e-05,0.00011874300253111869,0.0005708359967684373,0.00040897900180425495,0.00017860099615063518,9.522499749436975e-05,0.0017751940031303093,0.01805367399356328,0.01982886799669359,50.43152237267137,0
90,1.8200809379923157,-0.17767602602113897,-1.2428113383105774,1.0915373007403772,-1.6059485874571742,-1.5633915106402796,0.11934404075145721,-0.2163596749305725,-1.5760197639465332,-0.8335732817649841,-0.40330106019973755,-0.1982547789812088,-0.19132530689239502,-0.250454306602478,-1.2798587083816528,-0.592217206954956,-0.12894617021083832,-0.15629711747169495,-0.1462869793176651,0.13475170066422404,4.071478659453495,-20.406561226685376,0.25542158780622254,-0.3106917628854149,-0.13554585018044837,-0.19333254,-1.2538254,1.0888413,-1.6071436,-1.5815324,0.11690523,-0.19333254,-1.2538254,1.0888413,-1.6071436,-1.5815324,0.11690523,-0.1776760220527649,-1.2428113222122192,1.091537356376648,-1.605948567390442,-1.5633915662765503,0.11934404075145721,-0.39141303,-0.27535146,-0.06740206,-0.029877191,-0.45352077,-0.06097027,-0.18474647,0.001763615179955812,0.0,4.40903794988953e-05,0.0015686249826103449,0.0007843125,3.13725,False,0,0.433142089629987,0.05710027304244097,0.19724228280548012,0.217234897684163,-0.18724607375835436,0.11304555768811328,0.9998277930443893,0.004237773114885737,0.004189818396936492,0.017574315343422922,0.17434347,-0.18901506,0.18176922,0.08102929223962398,9.134900756180286e-05,0.00012212801084388047,0.0006093500123824924,0.00029705600172746927,0.00015683700621593744,0.00011273499694652855,0.001759291990310885,0.01802134999888949,0.019780641989200376,50.554476469771274,0
91,1.8402846940007294,-0.18057090440859014,-1.2450382870486756,1.0920198599444788,-1.6052395306029261,-1.5662172476397913,0.11849360167980194,-0.28847867250442505,-1.6427803039550781,-0.8472697734832764,-0.4093904197216034,-0.22366945445537567,-0.2096642255783081,-0.25173401832580566,-1.2796051502227783,-0.593405544757843,-0.12946546077728271,-0.15646205842494965,-0.14643505215644836,0.4683724672698526,3.881357705016464,-20.691948445394715,0.24900110769758926,-0.3213428182544795,-0.138289014308789,-0.20034435,-1.2587268,1.0940042,-1.6011673,-1.5840054,0.11187662,-0.20034435,-1.2587268,1.0940042,-1.6011673,-1.5840054,0.11187662,-0.18057090044021606,-1.2450382709503174,1.0920199155807495,-1.6052395105361938,-1.566217303276062,0.11849360167980194,-0.49433652,-0.34221268,0.049606483,0.10180437,-0.44470254,-0.16542451,-0.13711543,0.0014696793166298434,0.0,3.674198291574609e-05,0.0015686249826103449,0.0007843125,3.13725,False,0,0.4328465382753991,0.055248756462891284,0.19791144060577323,0.2172489767540783,-0.18724081872100176,0.11305009613767288,0.9998278438663661,0.004277755653059409,0.004041795353234462,0.01759584306399105,0.17434347,-0.18901506,0.18176922,0.08103301169655083,4.005500522907823e-05,0.00011594599345698953,0.0005212599935475737,0.0003358850080985576,0.00017113200738094747,0.00010925398964900523,0.0016572129970882088,0.018402333007543348,0.020059546004631557,49.85157688858509,0
92,1.8601147529989248,-0.183234993611471,-1.2470094424537201,1.092353645955221,-1.6046749554076136,-1.5688346068011683,0.11770355701446533,-0.2161971777677536,-1.5678997039794922,-0.8754837512969971,-0.44098758697509766,-0.16917696595191956,-0.1971426159143448,-0.19220612943172455,-1.2344645261764526,-0.6235556602478027,-0.1542244255542755,-0.1525275558233261,-0.13380195200443268,0.5590311489193245,4.098419203604538,-20.47774125383621,0.24937957256862864,-0.3251939645166607,-0.1360906413067996,-0.20307821,-1.2608012,1.0945017,-1.6003319,-1.5866543,0.11096247,-0.20307821,-1.2608012,1.0945017,-1.6003319,-1.5866543,0.11096247,-0.18323498964309692,-1.2470093965530396,1.0923537015914917,-1.6046749353408813,-1.568834662437439,0.11770355701446533,-0.49608073,-0.3447941,0.05370105,0.10857462,-0.44549075,-0.16852708,-0.13753276,0.001224732763858203,0.0,3.0618319096455074e-05,0.0015686249826103449,0.0007843125,3.13725,False,0,0.4326086360781306,0.053535226591149385,0.19854400384699597,0.21722055124505046,-0.18725213620460535,0.11307464986899884,0.9998250948418398,0.004590860093778852,0.004539981719963986,0.01755149822452522,0.17434347,-0.18901506,0.18176922,0.08099689203824216,3.858401032630354e-05,0.00011696400179062039,0.0007221710111480206,0.0003516690048854798,0.00015093901311047375,0.00012392998905852437,0.0018736030033323914,0.017797125998185948,0.01967072900151834,50.836956775867954,0
93,1.8802468960057013,-0.18578941026796514,-1.2487487953952332,1.0923236052142542,-1.6044160328307093,-1.5713375250445765,0.11708907037973404,-0.21095380187034607,-1.6317946910858154,-1.1213626861572266,-0.41304585337638855,-0.17553934454917908,-0.22740961611270905,-0.27324554324150085,-1.261425495147705,-0.8664324283599854,-0.12889152765274048,-0.1548279970884323,-0.1493033468723297,0.28600857690668136,4.609213322936211,-20.37390374259338,0.25368460763174694,-0.3144091135026768,-0.14041328863909222,-0.20573536,-1.2627654,1.0945319,-1.5997356,-1.5890145,0.11024746,-0.20573536,-1.2627654,1.0945319,-1.5997356,-1.5890145,0.11024746,-0.18578940629959106,-1.248748779296875,1.092323660850525,-1.604416012763977,-1.5713375806808472,0.11708907037973404,-0.49864858,-0.3504148,0.055206597,0.11700913,-0.44192314,-0.17104018,-0.13923807,0.0010206106365485024,0.0,2.5515265913712564e-05,0.0015686249826103449,0.0007843125,3.13725,False,0,0.4325044956865708,0.051871041924676405,0.19924335884448982,0.21726529320572688,-0.18720275704618464,0.1130616053373113,0.9998301767702261,0.004109448371908302,0.003919230651958968,0.01753144545396426,0.17434347,-0.18901506,0.18176922,0.08103273548581129,0.00012084099580533803,0.0001269390049856156,0.0006822190043749288,0.0002907940070144832,0.00030257499020081013,0.00012502899335231632,0.0020349190017441288,0.017942283011507243,0.01997720201325137,50.05706000953864,0
94,1.9002619550010422,-0.18836814561952764,-1.2505937379649659,1.092339340840475,-1.6041399441161097,-1.5738137404071253,0.11638598144054413,-0.2794039845466614,-1.5885097980499268,-0.8032987117767334,-0.3850383162498474,-0.1932695060968399,-0.2420361340045929,-0.28120964765548706,-1.2742670774459839,-0.6459203958511353,-0.12047434598207474,-0.1562652736902237,-0.15363472700119019,-0.010532923898507018,4.05824954702939,-20.096229348228956,0.23354898189004317,-0.30018612148987567,-0.13875202178137397,-0.20837133,-1.2647208,1.0946552,-1.5993526,-1.5916073,0.10943482,-0.20837133,-1.2647208,1.0946552,-1.5993526,-1.5916073,0.10943482,-0.18836814165115356,-1.2505937814712524,1.0923393964767456,-1.6041399240493774,-1.573813796043396,0.11638598144054413,-0.50007975,-0.3531743,0.057894696,0.119682014,-0.44483802,-0.17377898,-0.14112647,0.0008505088637904188,0.0,2.126272159476047e-05,0.0015686249826103449,0.0007843125,3.13725,False,0,0.43237876408741466,0.05020694067797607,0.19996999743979005,0.21726494515777303,-0.1872498127997725,0.11304916463245027,0.9998270342909866,0.003999666885294501,0.003596162461454761,0.017803085103224002,0.17434347,-0.18901506,0.18176922,0.0810420612736301,4.477199399843812e-05,0.00013210499309934676,0.0007046319951768965,0.0004279140121070668,0.00019803200848400593,0.00010372399992775172,0.002021617998252623,0.01782512200588826,0.019846740004140884,50.386108740848975,0
95,1.9202019049989758,-0.19099885622133428,-1.252510742550232,1.092618767415182,-1.603560586968893,-1.576339069996969,0.11549278348684311,-0.3540779948234558,-1.54800283908844,-0.8198860287666321,-0.4006159007549286,-0.18651899695396423,-0.21657395362854004,-0.26973116397857666,-1.2715750932693481,-0.5872395038604736,-0.12417477369308472,-0.1558561772108078,-0.1504213511943817,0.0296604221231922,3.6020600816476627,-20.42945440681352,0.22823536287807974,-0.3072903853592388,-0.1344693206162312,-0.2110639,-1.2667398,1.095028,-1.5986791,-1.5942742,0.10843369,-0.2110639,-1.2667398,1.095028,-1.5986791,-1.5942742,0.10843369,-0.1909988522529602,-1.2525107860565186,1.0926188230514526,-1.6035605669021606,-1.5763391256332397,0.11549278348684311,-0.5016265,-0.3557269,0.060231097,0.12203769,-0.44837558,-0.17647727,-0.14282036,0.0007087573864920157,0.0,1.771893466230039e-05,0.0015686249826103449,0.0007843125,3.13725,False,0,0.43213080628696565,0.048532529569094165,0.20059925041047522,0.21723691326160752,-0.18726679138894722,0.11300957441083893,0.9998209446284878,0.004584228415623426,0.004791608705022947,0.01772203757204832,0.17434347,-0.18901506,0.18176922,0.08106043016070444,4.329498915467411e-05,0.0001278020063182339,0.0006717399955959991,0.00021488701167982072,0.0001452049909858033,0.00023957499070093036,0.0018292309978278354,0.01795100599701982,0.019780236994847655,50.55551155734279,0
96,1.9400901240005624,-0.19378978410829717,-1.254417048101761,1.092926327382223,-1.6029507122435511,-1.5788338820086878,0.11456234008073807,-0.2832169234752655,-1.5815486907958984,-0.8392400741577148,-0.4109194278717041,-0.20885223150253296,-0.23439064621925354,-0.2587290406227112,-1.2681794166564941,-0.5915395617485046,-0.12793919444084167,-0.15607726573944092,-0.1483410894870758,0.3954551258616088,4.146637381429027,-20.477981182833954,0.23295281533753506,-0.3237165253534592,-0.1391578352074209,-0.2139359,-1.2688054,1.0954305,-1.5978442,-1.5967457,0.107404865,-0.2139359,-1.2688054,1.0954305,-1.5978442,-1.5967457,0.107404865,-0.1937897801399231,-1.254417061805725,1.0929263830184937,-1.6029506921768188,-1.5788339376449585,0.11456234008073807,-0.50365305,-0.35970727,0.06260163,0.12766193,-0.4477962,-0.1789368,-0.14417456,0.0005906311554100131,0.0,1.4765778885250327e-05,0.0015686249826103449,0.0007843125,3.13725,False,0,0.4318736770794004,0.046800094150018345,0.20121132089358185,0.21729364979704688,-0.18720625910809371,0.11290159449374543,0.999815883800686,0.005707112390702164,0.0044470552917312564,0.017772441545629382,0.17434347,-0.18901506,0.18176922,0.08118337334293135,4.1001010686159134e-05,0.0001158660015789792,0.0006927749927854165,0.00046104298962745816,0.00015532301040366292,0.00011375400936231017,0.0019232519989600405,0.0178060589969391,0.01972931099589914,50.68600724109707,0
97,1.9600907410058426,-0.19664413133730108,-1.2563783687404175,1.0931933561908167,-1.6023465595641078,-1.5813310782061976,0.11357291042804718,-0.24041801691055298,-1.6110179424285889,-0.7929999232292175,-0.3486499488353729,-0.16341248154640198,-0.20557422935962677,-0.25272586941719055,-1.2645410299301147,-0.5920138955116272,-0.12917861342430115,-0.15688171982765198,-0.14703598618507385,-0.02596497111374596,4.449707776695504,-19.907686948662658,0.24134462143912389,-0.3024417634621237,-0.1410435164844353,-0.21663398,-1.2706345,1.0954514,-1.5975295,-1.5994303,0.10643108,-0.21663398,-1.2706345,1.0954514,-1.5975295,-1.5994303,0.10643108,-0.196644127368927,-1.256378412246704,1.0931934118270874,-1.6023465394973755,-1.5813311338424683,0.11357291042804718,-0.4997463,-0.3564026,0.056449577,0.12042561,-0.45247954,-0.17854562,-0.14580251,0.0004921926295083442,0.0,1.2304815737708606e-05,0.0005882349796593189,0.0002941175,1.17647,False,3,0.4316175532385979,0.04504065285117971,0.20186141113519593,0.21723475018258953,-0.18718541741610806,0.11295717917969958,0.9998262117568733,0.004740549820537395,0.003765889163625211,0.017632471393273806,0.17434347,-0.18901506,0.18176922,0.08110553019470902,3.953099076170474e-05,0.00011984800221398473,0.0006908849900355563,0.0003424860042287037,0.00017701199976727366,0.00010958401253446937,0.0018836160015780479,0.017977205003262497,0.019860821004840545,50.35038580511232,0
98,1.9801307470042957,-0.19944698015321904,-1.2583465737155457,1.0935800711261194,-1.6016179523863734,-1.5838211218463343,0.11259488016366959,-0.2295224964618683,-1.5907020568847656,-0.8290379643440247,-0.41571715474128723,-0.20100952684879303,-0.22920547425746918,-0.25235942006111145,-1.2615097761154175,-0.5915235877037048,-0.1289484202861786,-0.15692757070064545,-0.1469547599554062,0.07850492927364838,4.574571942520633,-20.242752298995928,0.2454194565851489,-0.31143633629648265,-0.14241302246507154,-0.21972834,-1.2729148,1.096197,-1.5962557,-1.6017737,0.105238125,-0.21972834,-1.2729148,1.096197,-1.5962557,-1.6017737,0.105238125,-0.19944697618484497,-1.2583465576171875,1.0935801267623901,-1.6016179323196411,-1.583821177482605,0.11259488016366959,-0.5070341,-0.3642066,0.06542101,0.13405804,-0.4488153,-0.18391883,-0.1452895,0.00041016052459028686,0.0,1.0254013114757172e-05,0.0005882349796593189,0.0002941175,1.17647,False,3,0.4313036870080112,0.04331692224220064,0.20245833390352316,0.21724422553639688,-0.1872471623946766,0.1129696089121728,0.9998179096707002,0.005111959945872392,0.004597214046514228,0.017802169916628228,0.17434347,-0.18901506,0.18176922,0.08109862718891196,3.944699710700661e-05,0.0001148060109699145,0.0005099940026411787,0.000339261008775793,0.0001491719885962084,0.00011682300828397274,0.0016414819983765483,0.018259246004163288,0.019900728002539836,50.2494180048275,0
99,2.0001388939999742,-0.2022016684161585,-1.2603557866862793,1.0939596335040491,-1.6008383236327113,-1.5863097349749964,0.1116127222776413,-0.2929973006248474,-1.5665959119796753,-0.869392454624176,-0.43424198031425476,-0.220547616481781,-0.24325580894947052,-0.2504268288612366,-1.2561216354370117,-0.5933417677879333,-0.1308237910270691,-0.1574721336364746,-0.14672040939331055,0.34375210814421386,3.981255519729163,-20.550385338230672,0.21449363510999322,-0.32232839648651007,-0.13807936799435971,-0.22255388,-1.2750678,1.0966623,-1.5952646,-1.6042416,0.10416743,-0.22255388,-1.2750678,1.0966623,-1.5952646,-1.6042416,0.10416743,-0.20220166444778442,-1.260355830192566,1.0939596891403198,-1.600838303565979,-1.586309790611267,0.1116127222776413,-0.5088052,-0.36779803,0.06756456,0.13934375,-0.44829652,-0.18613233,-0.14630175,0.00034180043715857243,0.0,8.54501092896431e-06,0.0005882349796593189,0.0002941175,1.17647,False,3,0.43096886246327476,0.041619031796465734,0.203068645667046,0.21726968432165644,-0.18728405365279216,0.11300710085237464,0.9998175639477507,0.004927906968134175,0.004625906898844213,0.01786390826667149,0.17434347,-0.18901506,0.18176922,0.0810795032492978,4.451700078789145e-05,0.00013103299716021866,0.0006544040079461411,0.00028060999466106296,0.00016548200801480561,0.00011776101018767804,0.0018404769944027066,0.018006376005359925,0.019846852999762632,50.38582187372275,0
100,2.0201307230017846,-0.20471746126283819,-1.2622318428805848,1.0942352453814905,-1.6002809009947718,-1.5885995070086878,0.11070266366004944,-0.2885955274105072,-1.555240511894226,-0.8293744921684265,-0.37563371658325195,-0.20673859119415283,-0.22588451206684113,-0.25462302565574646,-1.255514144897461,-0.5907064080238342,-0.12862026691436768,-0.15706436336040497,-0.14726684987545013,0.21356631161884465,4.109411850695066,-20.297256859829876,0.2216879325640971,-0.3112466283688697,-0.13946873872291893,-0.2251357,-1.2770953,1.0970151,-1.5945145,-1.6065418,0.10317443,-0.2251357,-1.2770953,1.0970151,-1.5945145,-1.6065418,0.10317443,-0.2047174572944641,-1.2622318267822266,1.0942353010177612,-1.6002808809280396,-1.5885995626449585,0.11070266366004944,-0.51045614,-0.37158614,0.069494784,0.14416024,-0.44855332,-0.18820581,-0.14769514,0.0002848336976321437,0.0,7.120842440803592e-06,0.0005882349796593189,0.0002941175,1.17647,False,3,0.4306990335255723,0.04005762936657341,0.20368776728902238,0.21725492934882526,-0.18729558961783832,0.11302701406103381,0.9998085374538436,0.005453292997877945,0.005267023442230562,0.018038108213616632,0.17434347,-0.18901506,0.18176922,0.08105455790714436,0.00011604400060605258,0.0001289209903916344,0.0006676540069747716,0.000315905999741517,0.00017296700389124453,0.0001485660031903535,0.0019354309915797785,0.017874515004223213,0.01980994599580299,50.47969339299883,0
101,2.040104550003889,-0.20788795152773076,-1.2644349497607728,1.0946014563189905,-1.599496980706686,-1.5914443174945276,0.1095661148428917,-0.25186777114868164,-1.5628769397735596,-0.8147069811820984,-0.36384084820747375,-0.20182955265045166,-0.2203606218099594,-0.2540167272090912,-1.2550092935562134,-0.589599072933197,-0.1273561716079712,-0.15679174661636353,-0.14741230010986328,0.1704837088301785,4.5586494908218445,-20.06261959871797,0.22481904139619205,-0.3117625293173565,-0.14314842225871477,-0.22836518,-1.2794372,1.097491,-1.5935624,-1.6094179,0.10195058,-0.22836518,-1.2794372,1.097491,-1.5935624,-1.6094179,0.10195058,-0.2078879475593567,-1.2644349336624146,1.0946015119552612,-1.5994969606399536,-1.5914443731307983,0.1095661148428917,-0.51193106,-0.37505716,0.072237104,0.14836551,-0.44933763,-0.1903884,-0.14916,0.00023736141469345309,0.0,5.9340353673363275e-06,0.0005882349796593189,0.0002941175,1.17647,False,3,0.43033980764972435,0.03810464473121459,0.20438497781961426,0.2172648560406139,-0.18730858109250137,0.11306319178946782,0.9998067146619667,0.005308322038443085,0.0055340926411504635,0.01810288875772759,0.17434347,-0.18901506,0.18176922,0.08102886103483643,4.4760992750525475e-05,0.00011422201350796968,0.0005919599934713915,0.00029171899950597435,0.0001527940039522946,0.00010782798926811665,0.0018074859981425107,0.018007311009569094,0.019814797007711604,50.467335073420934,0
102,2.0601137460034806,-0.21072703996767217,-1.2664942604354401,1.094961945210592,-1.5987206898131312,-1.5938738028155726,0.10853157192468643,-0.24489691853523254,-1.5600141286849976,-0.820960283279419,-0.3847338855266571,-0.22278280556201935,-0.21647381782531738,-0.24877376854419708,-1.2516337633132935,-0.5898579955101013,-0.12797610461711884,-0.15608471632003784,-0.14705480635166168,0.2633769366889318,4.480560546340972,-20.33828334960129,0.22865216400314703,-0.3148279518358859,-0.14176588868517737,-0.23126125,-1.2816103,1.0979396,-1.5926347,-1.6118624,0.100840025,-0.23126125,-1.2816103,1.0979396,-1.5926347,-1.6118624,0.100840025,-0.2107270359992981,-1.2664942741394043,1.0949620008468628,-1.598720669746399,-1.5938738584518433,0.10853157192468643,-0.51335543,-0.37790012,0.07444021,0.15214972,-0.4497134,-0.19228874,-0.15008898,0.00019780117891121093,0.0,4.9450294727802735e-06,0.0005882349796593189,0.0002941175,1.17647,False,3,0.42999007036338655,0.03639125443639666,0.20502437688402117,0.2172627447327391,-0.18732715253596735,0.11303109467408144,0.9998113893651035,0.005146673769343309,0.005567360326987683,0.01788007077563051,0.17434347,-0.18901506,0.18176922,0.08105457178242217,3.9121005102060735e-05,0.00012036800035275519,0.0008908900053938851,0.00041392099228687584,0.00029593300132546574,0.00025545500102452934,0.0023791300045559183,0.017462832998717204,0.019841963003273122,50.398239319115774,0
103,2.0800998710037675,-0.2135556379901331,-1.268539087181427,1.0953848997699183,-1.59790100673818,-1.5963996092425745,0.10747773200273514,-0.2982674837112427,-1.5544816255569458,-0.8509676456451416,-0.37897631525993347,-0.2261422872543335,-0.19544804096221924,-0.2551618814468384,-1.2524986267089844,-0.5905712842941284,-0.1283264458179474,-0.15789853036403656,-0.1475338339805603,0.19803668274037722,4.264148060052488,-20.46724841424752,0.22689766525755872,-0.3155951992087085,-0.14365895623080568,-0.234145,-1.2837859,1.0984488,-1.5916542,-1.6144226,0.0997058,-0.234145,-1.2837859,1.0984488,-1.5916542,-1.6144226,0.0997058,-0.21355563402175903,-1.2685390710830688,1.095384955406189,-1.5979009866714478,-1.5963996648788452,0.10747773200273514,-0.5147342,-0.38117048,0.0765958,0.15617065,-0.45057356,-0.19429821,-0.15122324,0.00016483431575934243,0.0,4.120857893983561e-06,0.0005882349796593189,0.0002941175,1.17647,False,3,0.42960814898658445,0.03466687913091595,0.20563194052948167,0.21723198985136527,-0.1873246802083375,0.11304407834407774,0.999803941669458,0.0052234927166988085,0.005705378467277296,0.01822652822914772,0.17434347,-0.18901506,0.18176922,0.08102732978802701,6.341800326481462e-05,0.0001301989977946505,0.0006852969963802025,0.00031983900407794863,0.0003190339921275154,0.00015930700465105474,0.0020623159944079816,0.01774835100513883,0.01981066699954681,50.47785619852557,0
104,2.1000916009943467,-0.21645099321474248,-1.2706439358047028,1.095794979725973,-1.5971218548216761,-1.59888202348818,0.1064157709479332,-0.26103293895721436,-1.5322370529174805,-0.8507954478263855,-0.4028461277484894,-0.22313697636127472,-0.16570374369621277,-0.2557470500469208,-1.250106692314148,-0.5902107357978821,-0.12823429703712463,-0.15814682841300964,-0.1476830542087555,0.15877186797686438,4.3460534466229825,-20.276963073679894,0.20905668844835357,-0.3074072514469829,-0.14014734968060777,-0.2370981,-1.2860337,1.0989733,-1.5906984,-1.6169242,0.098563164,-0.2370981,-1.2860337,1.0989733,-1.5906984,-1.6169242,0.098563164,-0.2164509892463684,-1.270643949508667,1.0957950353622437,-1.5971218347549438,-1.5988820791244507,0.1064157709479332,-0.51617765,-0.3847462,0.079455875,0.16058636,-0.45105115,-0.19631514,-0.15242086,0.00013736192979945205,0.0,3.4340482449863014e-06,0.0005882349796593189,0.0002941175,1.17647,False,3,0.42923074566719743,0.03292498003257489,0.20627417749669236,0.21727009728688718,-0.18729919121779193,0.11305518203213816,0.9998046175781321,0.005232753130802181,0.005580681921465593,0.018225736878480253,0.17434347,-0.18901506,0.18176922,0.0810386272592268,4.181099939160049e-05,0.00013522000517696142,0.0013093819870846346,0.0003295500064268708,0.00017458100046496838,0.00010345500777475536,0.0029379400075413287,0.016886401994270273,0.0198243420018116,50.443036137523116,0
105,2.1200959910056554,-0.21934682527651006,-1.272745208149292,1.0961902777301233,-1.5962687931456507,-1.6015036741839808,0.10536189377307892,-0.245122492313385,-1.5425488948822021,-0.8382102251052856,-0.38001829385757446,-0.204934224486351,-0.19849683344364166,-0.2546931803226471,-1.2462867498397827,-0.5892626047134399,-0.12789642810821533,-0.1581881195306778,-0.14769500494003296,0.45957904161735375,4.729364199472567,-20.204025280338236,0.2253120350899305,-0.3239570141871289,-0.14752376284701824,-0.24006134,-1.2882714,1.0994586,-1.5896332,-1.6194853,0.097440906,-0.24006134,-1.2882714,1.0994586,-1.5896332,-1.6194853,0.097440906,-0.219346821308136,-1.2727452516555786,1.096190333366394,-1.5962687730789185,-1.6015037298202515,0.10536189377307892,-0.51786286,-0.3881545,0.08170636,0.16588755,-0.4495382,-0.19802468,-0.15294604,0.0001144682748328767,0.0,2.8617068708219178e-06,0.0005882349796593189,0.0002941175,1.17647,False,3,0.42882542881347857,0.031156365337847207,0.20691175839595852,0.2172834782798909,-0.18730022165194724,0.11303761702517916,0.9998016437333179,0.005500704700806681,0.005486419089082798,0.018337908554616988,0.17434347,-0.18901506,0.18176922,0.08106058714065599,3.960001049563289e-05,0.00011569300841074437,0.0005029900057706982,0.0003264440019847825,0.00015424800221808255,9.939300070982426e-05,0.0015903720050118864,0.018254723006975837,0.019845095011987723,50.39028532722747,0
106,2.140276164995157,-0.22223169008363897,-1.2748786968043824,1.0965822378741663,-1.5954653225340785,-1.603997055684225,0.10429126024246216,-0.2116485834121704,-1.5566284656524658,-0.8161144256591797,-0.3343215882778168,-0.1909446269273758,-0.1747356504201889,-0.2546719014644623,-1.2438968420028687,-0.5886766910552979,-0.12786005437374115,-0.15821510553359985,-0.14773306250572205,0.13007842003843173,4.710508379783306,-20.196429103584347,0.21603077429114467,-0.31282129928178726,-0.1446753288778953,-0.24299793,-1.2905375,1.099956,-1.5886784,-1.6220142,0.09629241,-0.24299793,-1.2905375,1.099956,-1.5886784,-1.6220142,0.09629241,-0.2222316861152649,-1.274878740310669,1.096582293510437,-1.5954653024673462,-1.6039971113204956,0.10429126024246216,-0.51915616,-0.39146903,0.084342875,0.16967404,-0.45042557,-0.1999713,-0.15413196,9.539022902739725e-05,0.0,2.3847557256849314e-06,0.0005882349796593189,0.0002941175,1.17647,False,3,0.4284279494540026,0.029422953010548064,0.20756984446735463,0.21724826803455052,-0.18730993292540735,0.11305487776068206,0.9998019779075704,0.0051902677433185605,0.005521988826731953,0.018399398021391036,0.17434347,-0.18901506,0.18176922,0.08102709756778728,3.999800537712872e-05,0.00012920300650876015,0.000720854994142428,0.0003387440083315596,0.0002995349932461977,0.00013879699690733105,0.002038358012214303,0.017975821989239193,0.020014180001453497,49.96457511261399,0
107,2.1600895439914893,-0.22509605089296514,-1.2770040494254609,1.0970285574542444,-1.5945378742613734,-1.606483284627096,0.10316696017980576,-0.2689627408981323,-1.6004856824874878,-0.8353511095046997,-0.3637843728065491,-0.21262675523757935,-0.20083241164684296,-0.25496095418930054,-1.2413747310638428,-0.5884583592414856,-0.12755779922008514,-0.15843728184700012,-0.14767058193683624,0.1871046919366588,4.608466214826436,-20.297944413419152,0.2273590456667355,-0.3166582055139461,-0.15166885381906633,-0.24591589,-1.2927642,1.1004989,-1.5875982,-1.6244862,0.09510291,-0.24591589,-1.2927642,1.1004989,-1.5875982,-1.6244862,0.09510291,-0.22509604692459106,-1.2770040035247803,1.0970286130905151,-1.5945378541946411,-1.6064833402633667,0.10316696017980576,-0.5204959,-0.39400572,0.08675695,0.17349076,-0.4500713,-0.20160116,-0.15445763,7.949185752283105e-05,0.0,1.9872964380707764e-06,0.0005882349796593189,0.0002941175,1.17647,False,3,0.42798758337269754,0.027710880945734123,0.2081902078842106,0.2172810739193005,-0.18728820152192044,0.11300365274726769,0.9997958935579399,0.005715642393010041,0.005365716098589397,0.01862095418564315,0.17434347,-0.18901506,0.18176922,0.08108836950342617,9.954501001629978e-05,0.00012142000196035951,0.0008717460004845634,0.0005027059960411862,0.00016164800035767257,9.70519904512912e-05,0.002216295004473068,0.01744791498640552,0.01966420999087859,50.853810067318165,0
108,2.1801261119981064,-0.22795230547060186,-1.2791721385768433,1.0975592772113245,-1.5935799084105433,-1.6089685598956507,0.10201369225978851,-0.3077796995639801,-1.5411391258239746,-0.8478881120681763,-0.3996840715408325,-0.23654504120349884,-0.18708060681819916,-0.25453388690948486,-1.2392247915267944,-0.5884547233581543,-0.12776020169258118,-0.1585729867219925,-0.1476810723543167,0.1735085755138699,4.213922062928565,-20.48346513708642,0.19985495243194712,-0.3168248555328085,-0.14308959450556252,-0.24881929,-1.2950504,1.1011297,-1.5864898,-1.6269828,0.09388438,-0.24881929,-1.2950504,1.1011297,-1.5864898,-1.6269828,0.09388438,-0.22795230150222778,-1.2791721820831299,1.0975593328475952,-1.593579888343811,-1.6089686155319214,0.10201369225978851,-0.5216749,-0.39695653,0.089258485,0.1772527,-0.4503561,-0.20323294,-0.15512615,6.624321460235921e-05,0.0,1.6560803650589803e-06,0.0005882349796593189,0.0002941175,1.17647,False,3,0.42751621253837113,0.026011013287685958,0.2087957581215938,0.21726989283717396,-0.1873020918826293,0.11304704747050025,0.9997938509109993,0.005806450230242755,0.0060880648371787775,0.018480537355864333,0.17434347,-0.18901506,0.18176922,0.08104535515916425,3.7777004763484e-05,0.00013847500667907298,0.0007408270030282438,0.0002871409960789606,0.0002898989914683625,9.7562005976215e-05,0.0019643220002762973,0.01793386299686972,0.019898184997146018,50.25583992426592,0
109,2.200276011004462,-0.23086816469301397,-1.2813934546760102,1.0979865233050745,-1.592668195764059,-1.6115425268756312,0.10095489025115967,-0.29261237382888794,-1.557543396949768,-0.817072868347168,-0.3403255045413971,-0.21144241094589233,-0.1862173080444336,-0.25382745265960693,-1.2355998754501343,-0.5876579284667969,-0.12744730710983276,-0.15845590829849243,-0.14784738421440125,0.09399486697398585,4.671545622089708,-20.120188926285717,0.2045485001671224,-0.31343797461627637,-0.14463869564713996,-0.25180423,-1.297414,1.101668,-1.5853593,-1.629489,0.09275614,-0.25180423,-1.297414,1.101668,-1.5853593,-1.629489,0.09275614,-0.2308681607246399,-1.2813934087753296,1.0979865789413452,-1.5926681756973267,-1.6115425825119019,0.10095489025115967,-0.5234016,-0.40051287,0.09203649,0.18272223,-0.4486592,-0.20496874,-0.15542707,5.520267883529934e-05,0.0,1.3800669708824836e-06,0.0005882349796593189,0.0002941175,1.17647,False,3,0.4270583257062452,0.024262793769639406,0.20946562141766648,0.21730150261319028,-0.18726659914027632,0.11298436259104841,0.9997953254277638,0.005855654486315315,0.00557961339485569,0.018544623794453746,0.17434347,-0.18901506,0.18176922,0.08111600858636259,3.830700006801635e-05,0.00011818899656645954,0.0006205800018506125,0.0002895950019592419,0.00015614400035701692,0.00010221899719908834,0.0016958859923761338,0.018281121010659263,0.019977007003035396,50.05754865321194,0
110,2.220208269995055,-0.23381501833070928,-1.2835762661746521,1.0984728972064417,-1.59173645595693,-1.6140874067889612,0.0998055711388588,-0.24433255195617676,-1.5226858854293823,-0.7972055077552795,-0.340452641248703,-0.21753095090389252,-0.18317800760269165,-0.2529204189777374,-1.23284113407135,-0.586534857749939,-0.1269889920949936,-0.1584533005952835,-0.1480831354856491,0.26994169997309303,5.00723084230944,-20.058702182761287,0.21393519782184323,-0.3171209748812021,-0.1500893693799654,-0.25480983,-1.2997118,1.1022747,-1.58426,-1.6320046,0.091541305,-0.25480983,-1.2997118,1.1022747,-1.58426,-1.6320046,0.091541305,-0.2338150143623352,-1.283576250076294,1.0984729528427124,-1.5917364358901978,-1.614087462425232,0.0998055711388588,-0.5248701,-0.40338925,0.095042735,0.18691006,-0.44792753,-0.20660658,-0.15576361,4.6002232362749455e-05,0.0,1.1500558090687364e-06,0.0005882349796593189,0.0002941175,1.17647,False,3,0.42658269100383167,0.022514229797499577,0.21009705355116284,0.21729772759659505,-0.18729220476317274,0.11295122008759624,0.9997817006364342,0.006064559779019169,0.006240524640989618,0.018996038023177727,0.17434347,-0.18901506,0.18176922,0.08114156854966499,4.015200829599053e-05,0.00011564799933694303,0.0005935619992669672,0.0002925469889305532,0.00015266300761140883,0.0001092710008379072,0.0016837459988892078,0.018095188002916984,0.019778934001806192,50.55884204420122,0
111,2.2400867919932352,-0.23671132722963506,-1.2858419579318543,1.0989397207843226,-1.5907336674132289,-1.6166051069842737,0.0986882895231247,-0.2793205678462982,-1.545478105545044,-0.7960038185119629,-0.3479538559913635,-0.23067213594913483,-0.1822591871023178,-0.2535015046596527,-1.231867790222168,-0.5867714285850525,-0.126923069357872,-0.15862450003623962,-0.1479208767414093,0.26025066745776826,4.588112928738191,-19.955139364794306,0.20789334036064605,-0.31012685402466617,-0.15002538027040824,-0.25775078,-1.3020792,1.10284,-1.5831208,-1.6345254,0.090363644,-0.25775078,-1.3020792,1.10284,-1.5831208,-1.6345254,0.090363644,-0.236711323261261,-1.285841941833496,1.0989397764205933,-1.5907336473464966,-1.6166051626205444,0.0986882895231247,-0.5259861,-0.4059319,0.097505376,0.19032015,-0.4480056,-0.20811619,-0.15605937,3.833519363562455e-05,0.0,9.583798408906138e-07,0.0005882349796593189,0.0002941175,1.17647,False,3,0.4260834683744075,0.020800759690895655,0.21075981002075247,0.2173146903772362,-0.18732540992765653,0.11298188825096722,0.9997921625819302,0.005990585328475358,0.0057297073295468895,0.018625644865408658,0.17434347,-0.18901506,0.18176922,0.08112384523729188,3.48839967045933e-05,0.00010532500164117664,0.00068423300399445,0.0003341859992360696,0.00030099699506536126,0.0001749889925122261,0.001954779989318922,0.017745901001035236,0.019700680990354158,50.75966665769674,0
112,2.260140723999939,-0.23965150514711553,-1.2880116564086457,1.099459473286764,-1.5896598301329554,-1.6191027800189417,0.09752671420574188,-0.2761213183403015,-1.5699832439422607,-0.8183467984199524,-0.3667043447494507,-0.2454076111316681,-0.18846142292022705,-0.2545810341835022,-1.2287671566009521,-0.586215615272522,-0.12688352167606354,-0.15886028110980988,-0.14799973368644714,0.23884638414021797,4.708053351339795,-20.232361459789143,0.2075447924362466,-0.31274553124218474,-0.14728239268143173,-0.26073718,-1.304366,1.1034659,-1.5818992,-1.6370189,0.0891419,-0.26073718,-1.304366,1.1034659,-1.5818992,-1.6370189,0.0891419,-0.23965150117874146,-1.2880116701126099,1.0994595289230347,-1.5896598100662231,-1.6191028356552124,0.09752671420574188,-0.52714217,-0.4088579,0.10016058,0.19401531,-0.44790357,-0.2096204,-0.15650019,3.194599469635379e-05,0.0,7.986498674088448e-07,0.0005882349796593189,0.0002941175,1.17647,False,3,0.4255602630961385,0.01908117378639878,0.21135594523459744,0.2173208718515618,-0.18728643309551324,0.11297785345740498,0.9997901322405001,0.005830217932858536,0.005736633896350255,0.018782557774198603,0.17434347,-0.18901506,0.18176922,0.08113136194251831,4.480699135456234e-05,0.00013634300557896495,0.0008839570073178038,0.00028553500305861235,0.00017507499433122575,0.00028580000798683614,0.002211942002759315,0.017661250996752642,0.019873192999511957,50.31904032857518,0
113,2.280296819997602,-0.24257213274110967,-1.2902529400638123,1.0999982992755335,-1.5886508427061976,-1.6215971151935022,0.09639259427785873,-0.2907445430755615,-1.5521775484085083,-0.812921941280365,-0.3875073194503784,-0.23508822917938232,-0.19796119630336761,-0.2540055811405182,-1.2269232273101807,-0.5862889885902405,-0.12693114578723907,-0.15983670949935913,-0.14800499379634857,0.3997437026069717,4.513600317341201,-20.526817896125454,0.19328093651208567,-0.3164485703842893,-0.1486799729531654,-0.26371914,-1.3067238,1.104105,-1.5806996,-1.639444,0.08795185,-0.26371914,-1.3067238,1.104105,-1.5806996,-1.639444,0.08795185,-0.2425721287727356,-1.290252923965454,1.0999983549118042,-1.5886508226394653,-1.621597170829773,0.09639259427785873,-0.5286756,-0.4117741,0.102666974,0.19878127,-0.44617027,-0.21101867,-0.15630801,2.6621662246961494e-05,0.0,6.655415561740374e-07,0.0005882349796593189,0.0002941175,1.17647,False,3,0.4250353628082303,0.017372791794856568,0.21198364256582536,0.21731294442179588,-0.18728065395962723,0.11292945501730424,0.9997837308592277,0.006277186870664552,0.00577479785946517,0.0189659885115037,0.17434347,-0.18901506,0.18176922,0.08116832940493265,7.46750010875985e-05,0.0001205849985126406,0.0005491350020747632,0.0003886789927491918,0.00027440799749456346,0.00013521499931812286,0.0019082700018770993,0.018007684993790463,0.019915954995667562,50.210999182190164,0
114,2.3001279159943806,-0.24554473558534795,-1.2925287050059815,1.1005290190326136,-1.5876323185362757,-1.624202076588766,0.09521541744470596,-0.21031610667705536,-1.556928038597107,-0.7998391389846802,-0.37314438819885254,-0.21544593572616577,-0.20533256232738495,-0.2542825937271118,-1.222638487815857,-0.5853636860847473,-0.1264468878507614,-0.15995945036411285,-0.1481044590473175,0.416143564607542,4.986822575472375,-20.07305639167957,0.2075298105363789,-0.31548045425788346,-0.1514644083687298,-0.26674503,-1.3091183,1.1047473,-1.5794976,-1.641983,0.08672303,-0.26674503,-1.3091183,1.1047473,-1.5794976,-1.641983,0.08672303,-0.24554473161697388,-1.292528748512268,1.1005290746688843,-1.5876322984695435,-1.6242021322250366,0.09521541744470596,-0.5300076,-0.4147391,0.10545598,0.20336908,-0.4445216,-0.21230967,-0.15623634,2.2184718539134577e-05,0.0,5.546179634783645e-07,0.0005882349796593189,0.0002941175,1.17647,False,3,0.4244943487146963,0.01562130057642562,0.21262852154007542,0.21731313401398947,-0.18726568705277957,0.11296267859035636,0.9997874801950771,0.005812716150114476,0.005724083980201521,0.01893348529473847,0.17434347,-0.18901506,0.18176922,0.08114057573707506,4.647699825000018e-05,0.00013515799946617335,0.0006634430028498173,0.00030795400380156934,0.0001703340094536543,0.00013001798652112484,0.0018497010023565963,0.01781622300040908,0.019665924002765678,50.8493778303713,0
115,2.3201322270033415,-0.24855548540224248,-1.29486899197612,1.1010916868792933,-1.5865184269347132,-1.6266682783709925,0.0940026044845581,-0.2556024193763733,-1.5282858610153198,-0.8274021744728088,-0.38032034039497375,-0.24812225997447968,-0.19599096477031708,-0.2542775869369507,-1.2197962999343872,-0.5848051905632019,-0.12625575065612793,-0.15981349349021912,-0.14809145033359528,0.585231143804263,4.83519060317063,-20.1045049249928,0.19440595116100562,-0.3182574434414257,-0.1512459633230156,-0.269794,-1.3115382,1.1054168,-1.578273,-1.644457,0.08545682,-0.269794,-1.3115382,1.1054168,-1.578273,-1.644457,0.08545682,-0.2485554814338684,-1.2948689460754395,1.101091742515564,-1.586518406867981,-1.6266683340072632,0.0940026044845581,-0.53096277,-0.4167319,0.10812593,0.2061331,-0.44471708,-0.2136447,-0.15615745,1.8487265449278817e-05,0.0,4.6218163623197043e-07,0.0005882349796593189,0.0002941175,1.17647,False,3,0.4239253191632822,0.01389655338759587,0.21327471074329205,0.21731349867636376,-0.18728602299914954,0.11297975772982201,0.9997891007512539,0.005883858548721912,0.005609130993512995,0.01886037642051489,0.17434347,-0.18901506,0.18176922,0.08112585045303272,4.312199598643929e-05,0.00012521000462584198,0.0006758649979019538,0.00037887900543864816,0.00019110500579699874,0.00017851100710686296,0.001971738995052874,0.017825557006290182,0.019797296001343057,50.51194869906272,0
116,2.340108966003754,-0.25151139894594365,-1.297146425848343,1.1016748587237757,-1.5853687725462855,-1.629185978566305,0.09284839779138565,-0.2679228186607361,-1.5398086309432983,-0.8292031288146973,-0.3941330909729004,-0.2410387098789215,-0.18153990805149078,-0.25487765669822693,-1.2177648544311523,-0.584587574005127,-0.12630857527256012,-0.16013911366462708,-0.14889025688171387,0.667959595763739,4.786162590242125,-20.296475140956865,0.2058115178397291,-0.31829269341527006,-0.15294913055233952,-0.2728035,-1.3139188,1.1060977,-1.5769551,-1.6469022,0.08425721,-0.2728035,-1.3139188,1.1060977,-1.5769551,-1.6469022,0.08425721,-0.2515113949775696,-1.2971464395523071,1.1016749143600464,-1.5853687524795532,-1.6291860342025757,0.09284839779138565,-0.532302,-0.41930965,0.11056948,0.2103433,-0.44290483,-0.21477968,-0.15578504,1.5406054541065682e-05,0.0,3.8515136352664205e-07,0.0005882349796593189,0.0002941175,1.17647,False,3,0.42333747882561307,0.012189071532101862,0.2138843646557163,0.21730684584299909,-0.18729873360735882,0.11297082497786355,0.9997839085552717,0.006022882668738854,0.005947159289706727,0.01898766123190129,0.17434347,-0.18901506,0.18176922,0.08112963180380321,3.82209982490167e-05,0.00011584999447222799,0.0005179809959372506,0.0002709909895202145,0.00015366099250968546,0.00010965000547003001,0.001536329000373371,0.01827718700224068,0.01981351600261405,50.47059794274107,0
117,2.360138738004025,-0.2544162909137171,-1.299489365225174,1.1022685209857386,-1.5843092403807582,-1.631688419972555,0.09165868908166885,-0.26964423060417175,-1.4983515739440918,-0.8218989372253418,-0.407696396112442,-0.21595069766044617,-0.16597169637680054,-0.25558197498321533,-1.2157838344573975,-0.5842992067337036,-0.12632660567760468,-0.16032958030700684,-0.14910224080085754,0.20245783004242623,4.730385842889701,-20.008268287219288,0.1868236330878877,-0.30521880870330276,-0.1497345059864666,-0.27574632,-1.3163556,1.106813,-1.5757816,-1.6494218,0.08301053,-0.27574632,-1.3163556,1.106813,-1.5757816,-1.6494218,0.08301053,-0.254416286945343,-1.2994893789291382,1.1022685766220093,-1.5843092203140259,-1.6316884756088257,0.09165868908166885,-0.533251,-0.42165637,0.11361047,0.21318947,-0.4433348,-0.21620388,-0.15581654,1.28383787842214e-05,0.0,3.2095946960553503e-07,0.0005882349796593189,0.0002941175,1.17647,False,3,0.42275533112683755,0.0105073019467553,0.21452899220522367,0.2173174383962517,-0.187300949474809,0.1129777353630699,0.9997890925996252,0.0058000294787569125,0.005693454732380046,0.01886083873323111,0.17434347,-0.18901506,0.18176922,0.0811293353361857,6.234900502022356e-05,0.00017863399989437312,0.0009951329993782565,0.0003417490079300478,0.0001593289925949648,0.00016791500092949718,0.0023933839984238148,0.0173939250089461,0.019787309007369913,50.53744294525059,0
118,2.380132776001119,-0.25746232668031865,-1.3017704051784058,1.1028512159930628,-1.5830842457213343,-1.634150807057516,0.09047327935695648,-0.2301344871520996,-1.5287554264068604,-0.826862096786499,-0.4251100718975067,-0.22323337197303772,-0.2060736119747162,-0.25537464022636414,-1.2124313116073608,-0.5836310982704163,-0.12590713798999786,-0.16030538082122803,-0.14902539551258087,0.4901785845174924,4.78561670474398,-20.133392961189845,0.19017721176370178,-0.3106865703099109,-0.15168140550075854,-0.27884656,-1.318741,1.1074967,-1.5743774,-1.6517876,0.08178582,-0.27884656,-1.318741,1.1074967,-1.5743774,-1.6517876,0.08178582,-0.2574623227119446,-1.3017704486846924,1.1028512716293335,-1.583084225654602,-1.6341508626937866,0.09047327935695648,-0.5346058,-0.42426318,0.11613518,0.21767157,-0.44091907,-0.21718645,-0.15521957,1.0698648986851167e-05,0.0,2.674662246712792e-07,0.0005882349796593189,0.0002941175,1.17647,False,3,0.42214084938353563,0.008786541271323844,0.21512980089342013,0.2172925936768637,-0.187280973081351,0.1129632457483594,0.999787437571944,0.006102214007344286,0.005960918797786989,0.018769632171609242,0.17434347,-0.18901506,0.18176922,0.08112889086889499,0.00014037100481800735,0.00012988100934308022,0.0005631790118059143,0.00031055799627210945,0.0002110799978254363,0.00011938800162170082,0.0018570519896456972,0.017967203006264754,0.01982425499591045,50.44325752500107,0
119,2.400128234003205,-0.26042062440981084,-1.3041390639594574,1.1035173575030726,-1.5819021664061488,-1.6366685072528284,0.08928792178630829,-0.24979107081890106,-1.5270397663116455,-0.8375541567802429,-0.42977994680404663,-0.19106227159500122,-0.17902396619319916,-0.25379690527915955,-1.2102317810058594,-0.5832127928733826,-0.12618578970432281,-0.160557359457016,-0.14904938638210297,0.4493228591323013,4.845751052530394,-20.20797436516353,0.19309300626023873,-0.31812417961303446,-0.1525944418167888,-0.28184882,-1.3212153,1.1082804,-1.5730499,-1.654276,0.080549404,-0.28184882,-1.3212153,1.1082804,-1.5730499,-1.654276,0.080549404,-0.26042062044143677,-1.3041390180587769,1.1035174131393433,-1.5819021463394165,-1.6366685628890991,0.08928792178630829,-0.5357046,-0.42690623,0.11907667,0.22130555,-0.44018486,-0.21846288,-0.15491056,8.915540822375973e-06,0.0,2.2288852055939934e-07,0.0005882349796593189,0.0002941175,1.17647,False,3,0.4215040270737517,0.007097198068542827,0.21574431162001967,0.21730829758969758,-0.1873074765262522,0.11296577795618813,0.9997897089444803,0.005722264928631679,0.005544198606431278,0.01889622379588875,0.17434347,-0.18901506,0.18176922,0.08113449603659668,0.00011240200547035784,0.00012049899669364095,0.0005143410089658573,0.0003438299900153652,0.00017483800183981657,0.00010816700523719192,0.0017240269953617826,0.018105476003256626,0.01982950299861841,50.42990739957897,0
120,2.4201383579929825,-0.26338416734804326,-1.306517021065094,1.1040847937213343,-1.580794473687643,-1.6391432921039026,0.0880509614944458,-0.2784257233142853,-1.4949959516525269,-0.8177613615989685,-0.4002927243709564,-0.22486844658851624,-0.19801051914691925,-0.25523436069488525,-1.2063201665878296,-0.5826476216316223,-0.1256573647260666,-0.16038085520267487,-0.14902900159358978,0.28896884475807205,4.832414436334165,-19.83706500031962,0.1867745610374175,-0.3074925466470982,-0.15356572043751257,-0.28486374,-1.323679,1.108963,-1.5717807,-1.6566672,0.0792747,-0.28486374,-1.323679,1.108963,-1.5717807,-1.6566672,0.0792747,-0.2633841633796692,-1.3065170049667358,1.104084849357605,-1.5807944536209106,-1.6391433477401733,0.0880509614944458,-0.5369895,-0.42904788,0.12195547,0.22534314,-0.43809626,-0.21940649,-0.15406664,7.429617351979977e-06,0.0,1.8574043379949945e-07,0.0005882349796593189,0.0002941175,1.17647,False,3,0.42089349669599735,0.005411335307995847,0.21640555168003525,0.21731810507784147,-0.18733246513492668,0.11301883243479849,0.9997870674331547,0.005491385557268524,0.005783603416525911,0.019033189636970194,0.17434347,-0.18901506,0.18176922,0.08109418434535914,3.900700539816171e-05,0.00011396400805097073,0.0005813059979118407,0.00034868199145421386,0.00017566200403962284,0.00011025599087588489,0.001708719995804131,0.018144027999369428,0.01985274799517356,50.370860509744645,0
121,2.4401017960044555,-0.2663915793048304,-1.308914915924408,1.1047471205340784,-1.5795055828490199,-1.641597096120016,0.08686885982751846,-0.2750397324562073,-1.5345807075500488,-0.8083446621894836,-0.44798195362091064,-0.24018767476081848,-0.2113945186138153,-0.25479575991630554,-1.2041246891021729,-0.5819768905639648,-0.12540632486343384,-0.1605604887008667,-0.14902102947235107,0.45194568234740595,4.682654128912032,-20.134535706537488,0.18187406901634356,-0.31932291878725655,-0.15633015827967994,-0.28791136,-1.3261633,1.1097395,-1.5703758,-1.6590991,0.07804775,-0.28791136,-1.3261633,1.1097395,-1.5703758,-1.6590991,0.07804775,-0.2663915753364563,-1.3089148998260498,1.1047471761703491,-1.5795055627822876,-1.6415971517562866,0.08686885982751846,-0.53799456,-0.43121043,0.12480967,0.2282434,-0.4375495,-0.22052774,-0.15374285,6.191347793316648e-06,0.0,1.547836948329162e-07,0.0005882349796593189,0.0002941175,1.17647,False,3,0.4202226838870712,0.0037307469143750133,0.21701805254892065,0.217306915975249,-0.18732842387705761,0.1130250220610077,0.9997878579658738,0.005425753703310423,0.00576792523751173,0.01901388659065662,0.17434347,-0.18901506,0.18176922,0.08108309158130675,3.923600888811052e-05,0.0001147720031440258,0.0005039319948991761,0.000377729011233896,0.00017314600700046867,0.00010673799260985106,0.001650060003157705,0.018152496006223373,0.019802556009381078,50.498531579775324,0
122,2.4601221189950593,-0.2693570295916956,-1.3112493616393586,1.1053865591632288,-1.5782724819579066,-1.644111458455221,0.08563560992479324,-0.2698111832141876,-1.4517217874526978,-0.8051888942718506,-0.43173670768737793,-0.18939745426177979,-0.19848154485225677,-0.25436168909072876,-1.2020946741104126,-0.5821896195411682,-0.12577393651008606,-0.16054539382457733,-0.14915618300437927,0.6233037221666442,4.75036341997082,-20.095900718798116,0.17515816807197895,-0.3243745655118575,-0.15334825482009817,-0.29091728,-1.3285918,1.1104853,-1.569,-1.661569,0.076774664,-0.29091728,-1.3285918,1.1104853,-1.569,-1.661569,0.076774664,-0.26935702562332153,-1.3112493753433228,1.1053866147994995,-1.5782724618911743,-1.6441115140914917,0.08563560992479324,-0.53900653,-0.43355986,0.1274682,0.23181239,-0.43643817,-0.22152367,-0.15302797,5.15945649443054e-06,0.0,1.289864123607635e-07,0.0005882349796593189,0.0002941175,1.17647,False,3,0.41955941703492855,0.00205325198435646,0.21762113824556834,0.2173018350035206,-0.18732760803823464,0.11305915220226324,0.9997888350835196,0.005438972093463017,0.00596449858214125,0.018898405768606474,0.17434347,-0.18901506,0.18176922,0.0810514811285186,6.771300104446709e-05,0.00016213400522246957,0.0008548080077162012,0.000306097004795447,0.00019399699522182345,0.00011374999303370714,0.002130836990545504,0.01765697100199759,0.019787807992543094,50.536168552719104,0
123,2.4801292149932124,-0.2724087874041956,-1.3136556607535859,1.1060808340655726,-1.5770894489684046,-1.646562401448385,0.08440230786800385,-0.26612719893455505,-1.5680358409881592,-0.8407436609268188,-0.3823826014995575,-0.20645561814308167,-0.22298042476177216,-0.2545635402202606,-1.1993309259414673,-0.5816845893859863,-0.12551383674144745,-0.16064859926700592,-0.1491057276725769,0.35156667671788133,4.955372961127768,-19.9764448956751,0.18719957268987142,-0.30620175701611824,-0.156551983883234,-0.2940163,-1.3310764,1.1112744,-1.5676755,-1.6639386,0.07550938,-0.2940163,-1.3310764,1.1112744,-1.5676755,-1.6639386,0.07550938,-0.27240878343582153,-1.3136556148529053,1.1060808897018433,-1.5770894289016724,-1.6465624570846558,0.08440230786800385,-0.54018795,-0.43551955,0.1298365,0.23534822,-0.4344041,-0.22232331,-0.15215944,4.2995470786921165e-06,0.0,1.0748867696730292e-07,0.0005882349796593189,0.0002941175,1.17647,False,3,0.4188896811222605,0.00035932951921668205,0.2182401390381804,0.21719510852980484,-0.18733088984375879,0.1130290672650248,0.9998069522552885,0.005361058028081992,0.005884694838852342,0.017963509918710548,0.17434347,-0.18901506,0.18176922,0.08102042032546732,3.8938000216148794e-05,0.00011660800373647362,0.0005340860079741105,0.00033256599272135645,0.00019892699492629617,0.00013776100240647793,0.0017063720006262884,0.018139715990400873,0.01984608799102716,50.38776410001413,0
124,2.5001217880053446,-0.27542096773256475,-1.3160584729960938,1.1068032423602503,-1.575780530969137,-1.6490119139300745,0.08313758671283722,-0.2734864354133606,-1.4801411628723145,-0.8134352564811707,-0.4380156695842743,-0.2173626571893692,-0.20576556026935577,-0.25421127676963806,-1.1954227685928345,-0.5810756087303162,-0.12527374923229218,-0.16095273196697235,-0.14917102456092834,0.7126330038009754,4.888589999201529,-19.925661258864253,0.17879139948358486,-0.31653367707361396,-0.15566252041424006,-0.29706413,-1.3335679,1.1121255,-1.5662438,-1.6663584,0.074204944,-0.29706413,-1.3335679,1.1121255,-1.5662438,-1.6663584,0.074204944,-0.2754209637641907,-1.3160585165023804,1.106803297996521,-1.5757805109024048,-1.6490119695663452,0.08313758671283722,-0.54107934,-0.4377325,0.13305669,0.23841807,-0.43366063,-0.22331606,-0.15154754,3.5829558989100972e-06,0.0,8.957389747275244e-08,0.0005882349796593189,0.0002941175,1.17647,False,3,0.4181822427114767,-0.0013046130165269634,0.21883126660248467,0.2171784168855203,-0.18736568183109395,0.11304202665547697,0.9997996295566768,0.005304963757892545,0.0058217952087970615,0.01840167367822154,0.17434347,-0.18901506,0.18176922,0.08099988139325622,3.880000440403819e-05,0.00011725700460374355,0.0005888269952265546,0.0002906440058723092,0.00015584600623697042,0.00011020000965800136,0.0016519080090802163,0.018178357000579126,0.019830265009659342,50.427969546191086,0
125,2.5200943579984596,-0.2784484068499964,-1.3184972268394013,1.1074979940997522,-1.5744582615294398,-1.6514814535724085,0.08190762996673584,-0.26298224925994873,-1.5220786333084106,-0.8093859553337097,-0.41177064180374146,-0.2026038020849228,-0.19758079946041107,-0.25523948669433594,-1.1923059225082397,-0.580601155757904,-0.12544465065002441,-0.16018031537532806,-0.1492290198802948,0.9339255775611708,4.794757880415647,-20.112116764224833,0.18262932548095545,-0.33109828531242835,-0.1583124651645323,-0.3001407,-1.3360962,1.1129305,-1.5647737,-1.6687455,0.07294067,-0.3001407,-1.3360962,1.1129305,-1.5647737,-1.6687455,0.07294067,-0.2784484028816223,-1.3184971809387207,1.107498049736023,-1.5744582414627075,-1.6514815092086792,0.08190762996673584,-0.54230744,-0.43997458,0.13581216,0.24211428,-0.43159977,-0.22417395,-0.15055743,2.985796582425081e-06,0.0,7.464491456062703e-08,0.0005882349796593189,0.0002941175,1.17647,False,3,0.41746537458279726,-0.002974559383796996,0.21944480366268193,0.21717178190537498,-0.187336542941027,0.11303843854562018,0.9998037540409211,0.005421293168658434,0.006030718469768502,0.018075732558380575,0.17434347,-0.18901506,0.18176922,0.08100001603208437,3.869799547828734e-05,0.0001136880018748343,0.0005080349947093055,0.0002496639935998246,0.00017239400767721236,0.00011899499804712832,0.0015355420036939904,0.01827820300241001,0.019813745006104,50.4700146131855,0
126,2.5400892719917465,-0.28148156801332647,-1.3209653061679383,1.1081956068622034,-1.573158403436178,-1.6538727919207972,0.08071411401033401,-0.25136399269104004,-1.5183202028274536,-0.7962738275527954,-0.3958541452884674,-0.2570803463459015,-0.24199894070625305,-0.25525930523872375,-1.1892884969711304,-0.5796729326248169,-0.12517257034778595,-0.16027793288230896,-0.14938370883464813,0.4233340062444779,4.969572279016175,-19.73570066536213,0.16656167500991426,-0.306426340258997,-0.15385043381091298,-0.30321872,-1.3386371,1.1137488,-1.5633448,-1.6710781,0.07171405,-0.30321872,-1.3386371,1.1137488,-1.5633448,-1.6710781,0.07171405,-0.2814815640449524,-1.32096529006958,1.1081956624984741,-1.5731583833694458,-1.6538728475570679,0.08071411401033401,-0.5434287,-0.44179413,0.13882715,0.24533802,-0.43013194,-0.22500163,-0.14953944,2.4881638186875676e-06,0.0,6.22040954671892e-08,0.0005882349796593189,0.0002941175,1.17647,False,3,0.41674857914330976,-0.0046250404899205455,0.2200705284720684,0.21719163850130058,-0.1873076729588462,0.11303821192419387,0.9998012421533472,0.00543980839324535,0.005879660418283886,0.018257430134621444,0.17434347,-0.18901506,0.18176922,0.08101131244088977,7.375300629064441e-05,0.0001444689987692982,0.0007535940094385296,0.00032866900437511504,0.00020129300537519157,0.00014223999460227787,0.002069277994451113,0.01775227599136997,0.019821553985821083,50.45013124174463,0
127,2.5600854770018486,-0.2845848242389124,-1.3233731102994462,1.1089590231524866,-1.5718361339964808,-1.6563618818866175,0.0794086828827858,-0.22631186246871948,-1.518488883972168,-0.8233718276023865,-0.3779664933681488,-0.21978555619716644,-0.19941070675849915,-0.25539693236351013,-1.187064528465271,-0.5794724822044373,-0.12489023059606552,-0.1603652834892273,-0.14937099814414978,0.5079065055226248,5.427340519689988,-20.14009135047897,0.18586210734548628,-0.31935424152715225,-0.15789270817721868,-0.3063666,-1.3411217,1.1146307,-1.5618997,-1.6735239,0.07037282,-0.3063666,-1.3411217,1.1146307,-1.5618997,-1.6735239,0.07037282,-0.28458482027053833,-1.3233730792999268,1.1089590787887573,-1.5718361139297485,-1.6563619375228882,0.0794086828827858,-0.5445446,-0.4437149,0.14179017,0.24841169,-0.42904982,-0.22589663,-0.14854796,2.0734698489063066e-06,0.0,5.1836746222657666e-08,0.0005882349796593189,0.0002941175,1.17647,False,3,0.4160057886699889,-0.006318634364919359,0.22064834024521168,0.21718575148156238,-0.18729930744477805,0.11304788933780735,0.9997995168339087,0.00556397218432449,0.006133107676810191,0.018230836758901046,0.17434347,-0.18901506,0.18176922,0.0810001650316047,4.911399446427822e-05,0.00013459299225360155,0.000685881997924298,0.0003481820021988824,0.00017897698853630573,0.0001309770013904199,0.0019144800025969744,0.017882168001960963,0.019796648004557937,50.51360208908913,0
128,2.580083598004421,-0.28759700456728154,-1.3258131754449387,1.109732453023092,-1.5705487760463548,-1.6587794462787073,0.07815633714199066,-0.27920830249786377,-1.4806885719299316,-0.840018630027771,-0.3448649048805237,-0.25027310848236084,-0.2186422049999237,-0.25545164942741394,-1.1847347021102905,-0.5793919563293457,-0.12491878122091293,-0.1602509617805481,-0.14916974306106567,0.3934549146007229,5.140359487986434,-20.03548073378093,0.17266341392039883,-0.30909869794561456,-0.15729967517627252,-0.30942082,-1.3436313,1.1155207,-1.5604918,-1.6758938,0.06908946,-0.30942082,-1.3436313,1.1155207,-1.5604918,-1.6758938,0.06908946,-0.28759700059890747,-1.3258131742477417,1.1097325086593628,-1.5705487728118896,-1.658779501914978,0.07815633714199066,-0.5455953,-0.44545135,0.14470567,0.2514249,-0.4278576,-0.22667196,-0.1474072,1.7278915407552555e-06,0.0,4.319728851888139e-08,0.0005882349796593189,0.0002941175,1.17647,False,3,0.41526452034822686,-0.007954242667363333,0.2212388148125387,0.21720691005765227,-0.18729289665380897,0.1130717306960006,0.9998090538796438,0.0051568826011650784,0.005425879598626339,0.01804973537966577,0.17434347,-0.18901506,0.18176922,0.08099127073134439,4.3495994759723544e-05,0.00013071698776911944,0.0007393780106212944,0.0002459520037518814,0.0001876179885584861,0.00013577200297731906,0.0019047850073548034,0.01788475300418213,0.019789538011536933,50.53175063596829,0
129,2.6000871769938385,-0.2903092543231409,-1.3280776900104065,1.110391918812887,-1.5692273901407425,-1.6609442869769495,0.07703045010566711,-0.25485432147979736,-1.5016522407531738,-0.822753369808197,-0.38529250025749207,-0.23790964484214783,-0.22043780982494354,-0.2566620707511902,-1.180788278579712,-0.578464925289154,-0.12480080872774124,-0.16057181358337402,-0.14936327934265137,0.8027571882885249,5.150251790428223,-20.08207108705718,0.17351426003587628,-0.3203854103727662,-0.15875173573284618,-0.31217757,-1.3459642,1.1163048,-1.5590488,-1.6779789,0.06793718,-0.31217757,-1.3459642,1.1163048,-1.5590488,-1.6779789,0.06793718,-0.29030925035476685,-1.3280776739120483,1.1103919744491577,-1.5692273378372192,-1.6609443426132202,0.07703045010566711,-0.5467077,-0.44716293,0.14782074,0.25446367,-0.42586395,-0.22733182,-0.1463234,1.4399096172960463e-06,0.0,3.599774043240116e-08,0.0005882349796593189,0.0002941175,1.17647,False,3,0.41456009503329305,-0.009410656764127192,0.22178799066951424,0.2171735303752329,-0.18732771115495353,0.11304113352715515,0.9998077295803734,0.005188798502002954,0.005619974715310653,0.01805554372968008,0.17434347,-0.18901506,0.18176922,0.08099883731133939,0.00014124000153969973,0.0001376610016450286,0.0007300360011868179,0.00027823100390378386,0.00017654799739830196,0.00010684400331228971,0.0019618079968495294,0.017867280999780633,0.019829088996630162,50.43096030129998,0
130,2.620087767994846,-0.2936185042010706,-1.3308265519193192,1.1112735907184046,-1.5677175091444333,-1.6636136213885706,0.07562500983476639,-0.3231142461299896,-1.4750866889953613,-0.8073348999023438,-0.3492113947868347,-0.22649900615215302,-0.2061515599489212,-0.2559487521648407,-1.1769683361053467,-0.5776721835136414,-0.12488764524459839,-0.16075117886066437,-0.1494651436805725,0.8193398401321921,5.274688626467402,-19.952799444899657,0.1742655016581881,-0.32254316580702747,-0.16011134651441866,-0.3155392,-1.3488007,1.1173167,-1.5573878,-1.6805731,0.06649949,-0.3155392,-1.3488007,1.1173167,-1.5573878,-1.6805731,0.06649949,-0.29361850023269653,-1.3308265209197998,1.1112736463546753,-1.5677175521850586,-1.6636136770248413,0.07562500983476639,-0.54801774,-0.44935247,0.15107791,0.2582434,-0.42398623,-0.22813798,-0.14491378,1.1999246810800387e-06,0.0,2.999811702700097e-08,0.0005882349796593189,0.0002941175,1.17647,False,3,0.41370009850101486,-0.011191131705915854,0.2224400909532156,0.21722369226722138,-0.18733043597371235,0.11304718724897837,0.9998057588217295,0.00533202803680472,0.005647378126329944,0.01811515634294792,0.17434347,-0.18901506,0.18176922,0.08102018120952857,0.00014055900101084262,0.00012509799853432924,0.0005646010104101151,0.00036250799894332886,0.00017639998986851424,0.00011112300853710622,0.001838203999795951,0.017995999995036982,0.019834203994832933,50.41795477451542,0
131,2.6400894010002958,-0.29668981233705694,-1.333287076359131,1.1120551268206995,-1.5663382101668795,-1.6660082975970667,0.074343740940094,-0.28127604722976685,-1.4770078659057617,-0.7735688090324402,-0.354754239320755,-0.23485788702964783,-0.17334827780723572,-0.2506079375743866,-1.1712809801101685,-0.5772214531898499,-0.12476354092359543,-0.15963202714920044,-0.148965522646904,0.5718620903219667,5.32081343160597,-19.97880645631308,0.16813488801185886,-0.313665426413853,-0.15818418399687928,-0.3186538,-1.351333,1.1182216,-1.5558883,-1.6828938,0.06519294,-0.3186538,-1.351333,1.1182216,-1.5558883,-1.6828938,0.06519294,-0.29668980836868286,-1.3332871198654175,1.1120551824569702,-1.5663381814956665,-1.6660083532333374,0.074343740940094,-0.54909956,-0.45114902,0.15416272,0.2612475,-0.4221346,-0.2287701,-0.14375542,9.999372342333657e-07,0.0,2.4998430855834144e-08,0.0005882349796593189,0.0002941175,1.17647,False,3,0.4129167118982888,-0.012824510345433186,0.22302255573834262,0.21718534020821514,-0.1873640543089674,0.11303450145603125,0.9997972095639716,0.005449235593733477,0.005940891626972273,0.018455244845596533,0.17434347,-0.18901506,0.18176922,0.08100996083076542,3.901499439962208e-05,0.00012781300756614655,0.0005921929987380281,0.00021237500186543912,0.00017499599198345095,0.00010643700079526752,0.0015942250029183924,0.018239796001580544,0.019834021004498936,50.418419934776246,0
132,2.6600908469990827,-0.29974681535829717,-1.335757092838623,1.1128576437579554,-1.5649826329066236,-1.6683834234820765,0.07310152053833008,-0.24364233016967773,-1.5025355815887451,-0.7873613834381104,-0.3362145721912384,-0.23238274455070496,-0.19651763141155243,-0.2553824484348297,-1.1738568544387817,-0.5775060653686523,-0.12434811145067215,-0.16152745485305786,-0.14950579404830933,0.5599592120238603,5.316897758096614,-19.901611700730793,0.16590574134715924,-0.3134840865792363,-0.1605696425330541,-0.32176182,-1.3538637,1.119141,-1.5544018,-1.6851934,0.063927785,-0.32176182,-1.3538637,1.119141,-1.5544018,-1.6851934,0.063927785,-0.2997468113899231,-1.3357571363449097,1.112857699394226,-1.5649826526641846,-1.6683834791183472,0.07310152053833008,-0.5503752,-0.45266563,0.15708266,0.2645223,-0.42024726,-0.22934337,-0.14221023,8.332810285278048e-07,0.0,2.083202571319512e-08,0.0005882349796593189,0.0002941175,1.17647,False,3,0.4121285294214662,-0.014442665106707263,0.22360414210251509,0.2171738370446347,-0.18730325403822898,0.11303729880599146,0.9998014761351924,0.005442166217912937,0.006083097562284575,0.018178076054899836,0.17434347,-0.18901506,0.18176922,0.0810027664317536,4.2104002204723656e-05,0.00011640199227258563,0.000673863003612496,0.00026986398734152317,0.00017808700795285404,0.00011527400056365877,0.0017863839893834665,0.018019534007180482,0.01980591799656395,50.489959625879806,0
133,2.680087218002882,-0.30279809633363897,-1.3383018982461472,1.1136730352984827,-1.5635339061594387,-1.6707614103900355,0.07180077582597733,-0.2571502923965454,-1.515979528427124,-0.7785982489585876,-0.32922834157943726,-0.23353056609630585,-0.16885340213775635,-0.25683605670928955,-1.1709189414978027,-0.5769173502922058,-0.12425371259450912,-0.16189639270305634,-0.14971183240413666,0.5746095405547096,5.250008164233772,-19.86988622724151,0.16785323483563933,-0.30693804183429974,-0.15803127509016746,-0.32485604,-1.3564814,1.1201009,-1.5528452,-1.6875192,0.06259847,-0.32485604,-1.3564814,1.1201009,-1.5528452,-1.6875192,0.06259847,-0.3027980923652649,-1.3383018970489502,1.1136730909347534,-1.563533902168274,-1.6707614660263062,0.07180077582597733,-0.55144894,-0.45448953,0.1606935,0.2672174,-0.41894263,-0.23005778,-0.14115715,6.94400857106504e-07,0.0,1.7360021427662602e-08,0.0005882349796593189,0.0002941175,1.17647,False,3,0.4113069949379716,-0.01604576951838766,0.22419838742663814,0.21719350668085746,-0.1873134461543334,0.11301608200407517,0.9997979452328922,0.005794973868799528,0.005942448636223021,0.01830886133956088,0.17434347,-0.18901506,0.18176922,0.08103095504476034,5.2162999054417014e-05,0.00012697899364866316,0.0007125480042304844,0.0002523339935578406,0.00016829700325615704,0.0001094839972211048,0.0017858600040199235,0.01804294000612572,0.019828800010145642,50.431695286065626,0
134,2.7001308549952228,-0.30554706255068,-1.340614230637886,1.1144622007953089,-1.5621879140711208,-1.6728804747210901,0.07066695392131805,-0.250797837972641,-1.4527629613876343,-0.781366229057312,-0.3392317593097687,-0.23508740961551666,-0.17343547940254211,-0.2567448616027832,-1.1663336753845215,-0.5763674974441528,-0.12440242618322372,-0.1617407649755478,-0.1495203971862793,0.523382669987229,5.2569917940780835,-19.858026502543176,0.15769872278616923,-0.3008377588359894,-0.15600439455746917,-0.3276562,-1.3588456,1.1210135,-1.5513798,-1.6895777,0.06144212,-0.3276562,-1.3588456,1.1210135,-1.5513798,-1.6895777,0.06144212,-0.3055470585823059,-1.3406141996383667,1.1144622564315796,-1.562187910079956,-1.6728805303573608,0.07066695392131805,-0.5527288,-0.4557854,0.16378081,0.2702033,-0.41743022,-0.2306209,-0.13961141,5.786673809220867e-07,0.0,1.4466684523052169e-08,0.0005882349796593189,0.0002941175,1.17647,False,3,0.4105443127314335,-0.017474467058855202,0.2247166184590214,0.21720585448728472,-0.1873071164567052,0.1130048268356362,0.9997962381033024,0.005760364494118841,0.006048904790272883,0.01837741352671463,0.17434347,-0.18901506,0.18176922,0.08104716775081497,0.00018280900258105248,0.000129285006551072,0.0006356319936458021,0.0002690399996936321,0.00016988599963951856,0.00011364200327079743,0.0018499540019547567,0.018018311995547265,0.01986826599750202,50.33151861998058,0
135,2.720124482002575,-0.3086946646319788,-1.3431559068015595,1.1153481642352503,-1.5607080732337018,-1.675239388142721,0.06940123438835144,-0.24831777811050415,-1.4756752252578735,-0.7671404480934143,-0.3537580370903015,-0.2367974817752838,-0.17287516593933105,-0.256048321723938,-1.1640018224716187,-0.576046884059906,-0.12437178939580917,-0.16175700724124908,-0.14955468475818634,0.9988018194518276,5.397863895769185,-19.881493153731864,0.15611061872553528,-0.3179198381737375,-0.16286724850562112,-0.33085474,-1.361455,1.122021,-1.5497615,-1.6918347,0.060159512,-0.33085474,-1.361455,1.122021,-1.5497615,-1.6918347,0.060159512,-0.30869466066360474,-1.343155860900879,1.115348219871521,-1.5607080459594727,-1.6752394437789917,0.06940123438835144,-0.5540019,-0.45747754,0.16681755,0.27366394,-0.41488063,-0.23104304,-0.13777907,4.822228174350723e-07,0.0,1.2055570435876808e-08,0.0005882349796593189,0.0002941175,1.17647,False,3,0.40969177129075046,-0.01909697416245392,0.22528020471654414,0.21718244494384326,-0.18724700057466037,0.11290043142950736,0.9997810197396477,0.0053127930984302515,0.0076461356365519345,0.01874214906677201,0.17434347,-0.18901506,0.18176922,0.08112468431969759,3.805001324508339e-05,0.00012567300291266292,0.0005315570015227422,0.00033245600934606045,0.00015032100782264024,0.0001123770052799955,0.0016337590059265494,0.01820525999937672,0.01983901900530327,50.40571813216595,0
136,2.740103888005251,-0.3121150175677698,-1.3458679628423234,1.116314713154928,-1.559137443346419,-1.6778252760516565,0.06797253340482712,-0.22838634252548218,-1.4329514503479004,-0.8231576681137085,-0.3422500193119049,-0.26070690155029297,-0.17529508471488953,-0.2512238919734955,-1.1570091247558594,-0.5748931169509888,-0.12430869787931442,-0.1607746183872223,-0.14905685186386108,0.5821430415721198,5.133592212524321,-19.697630795446006,0.15395414826793705,-0.2994874561619864,-0.1587403251864575,-0.33432546,-1.3642253,1.1231272,-1.5480875,-1.6944042,0.05870286,-0.33432546,-1.3642253,1.1231272,-1.5480875,-1.6944042,0.05870286,-0.31211501359939575,-1.3458679914474487,1.1163147687911987,-1.5591374635696411,-1.6778253316879272,0.06797253340482712,-0.55526096,-0.45893225,0.17031102,0.27624893,-0.41447386,-0.23174182,-0.13646786,4.0185234786256023e-07,0.0,1.0046308696564006e-08,0.0005882349796593189,0.0002941175,1.17647,False,3,0.4087658235824387,-0.02086200835976059,0.2258767504846061,0.21719856837109722,-0.1872207357150468,0.11296344925438095,0.9997856667150049,0.005450613829937138,0.007252934063632574,0.018609897116464245,0.17434347,-0.18901506,0.18176922,0.08108029170058476,3.8654994568787515e-05,0.00011597199772950262,0.0005095350061310455,0.0002443349949317053,0.00014997899415902793,0.00016300698916893452,0.0015712510066805407,0.018250595006975345,0.019821846013655886,50.44938797885267,0
137,2.7601746959990123,-0.31519872346986944,-1.348433480863907,1.1172879377948206,-1.5575454731336613,-1.6801593939410608,0.06668303906917572,-0.19859224557876587,-1.4938102960586548,-0.8358394503593445,-0.37035998702049255,-0.24984729290008545,-0.16202279925346375,-0.25346410274505615,-1.1543906927108765,-0.5744590759277344,-0.12405579537153244,-0.16079285740852356,-0.14898277819156647,1.1146021568319568,5.322395110307391,-19.924054867013236,0.16462283483791834,-0.31572729304394404,-0.16447691070482995,-0.33745834,-1.3668385,1.1242278,-1.5463952,-1.6966643,0.05739895,-0.33745834,-1.3668385,1.1242278,-1.5463952,-1.6966643,0.05739895,-0.31519871950149536,-1.348433494567871,1.1172879934310913,-1.5575454235076904,-1.6801594495773315,0.06668303906917572,-0.5564904,-0.46012408,0.17349306,0.27875614,-0.41262072,-0.23210229,-0.13491501,3.3487695655213357e-07,0.0,8.37192391380334e-09,0.0005882349796593189,0.0002941175,1.17647,False,3,0.4078636960720871,-0.022428689722478082,0.2264035957409626,0.217188692372501,-0.18726652553355272,0.11298767418364525,0.999797565753035,0.005204866302748646,0.006371012548481749,0.018363183071891193,0.17434347,-0.18901506,0.18176922,0.08105351353217992,5.626400525216013e-05,0.00017024298722390085,0.0008902650006348267,0.00028268298774491996,0.00019312700896989554,0.00010951999865937978,0.002154498011805117,0.0176943529950222,0.019848851006827317,50.38074998175132,0
138,2.7800784059945727,-0.3182433287249964,-1.350925014620163,1.1181700865374964,-1.5560583623922248,-1.6824458281146448,0.06540153920650482,-0.2862952649593353,-1.4929649829864502,-0.8289536833763123,-0.3673062026500702,-0.27033326029777527,-0.16598831117153168,-0.26030629873275757,-1.154882550239563,-0.5740575790405273,-0.12374148517847061,-0.16243904829025269,-0.14971061050891876,0.8358199624714953,5.430710840685288,-19.78823327626752,0.15066021937559607,-0.31342924782499537,-0.16213843068817796,-0.34054956,-1.369394,1.1252272,-1.5447859,-1.6988865,0.056102764,-0.34054956,-1.369394,1.1252272,-1.5447859,-1.6988865,0.056102764,-0.3182433247566223,-1.3509249687194824,1.118170142173767,-1.556058406829834,-1.6824458837509155,0.06540153920650482,-0.55765593,-0.4617233,0.17642747,0.2818129,-0.4110149,-0.2324694,-0.13327606,2.790641304601113e-07,0.0,6.976603261502783e-09,0.0005882349796593189,0.0002941175,1.17647,False,3,0.4069999276210005,-0.02397633829806316,0.22694471061786095,0.21722252815712761,-0.18724080558427383,0.11297913932371019,0.9997876197415103,0.0058765263260793085,0.006371677457358375,0.01869800916004752,0.17434347,-0.18901506,0.18176922,0.08107920426969562,3.816800017375499e-05,0.00011507900489959866,0.0005379060021368787,0.00024024299636948854,0.00015061299200169742,0.00010926701361313462,0.0015355770010501146,0.018193647993030027,0.01972922499408014,50.68622818686772,0
139,2.800131746000261,-0.3213112990008753,-1.353548602466919,1.1190975348102015,-1.5544852924397965,-1.6847413221942347,0.06412387639284134,-0.2926687002182007,-1.4696813821792603,-0.7910664081573486,-0.4083012640476227,-0.28631675243377686,-0.16416698694229126,-0.25997352600097656,-1.1518616676330566,-0.5729607343673706,-0.12323519587516785,-0.16265825927257538,-0.1498231440782547,0.6177468926057665,4.985507160266331,-19.899509712410786,0.13008218747791092,-0.3040126793750867,-0.16109554160167705,-0.34366024,-1.372079,1.1262902,-1.5430938,-1.7010875,0.054816272,-0.34366024,-1.372079,1.1262902,-1.5430938,-1.7010875,0.054816272,-0.3213112950325012,-1.3535486459732056,1.1190975904464722,-1.5544853210449219,-1.6847413778305054,0.06412387639284134,-0.5587235,-0.46325862,0.17981605,0.28478825,-0.40865263,-0.23269013,-0.13181828,2.3255344205009275e-07,0.0,5.813836051252319e-09,0.0005882349796593189,0.0002941175,1.17647,False,3,0.40609443979488546,-0.025518713966717885,0.22751065785522087,0.21716664410292988,-0.1872815341776877,0.11306622061728595,0.9997977700886215,0.005551123761336482,0.006081665740816455,0.018346841664184148,0.17434347,-0.18901506,0.18176922,0.08097488520412913,0.00010157999349758029,0.00011885400454048067,0.0005217380094109103,0.00039150701195467263,0.00015296300989575684,0.00010704901069402695,0.0017670469969743863,0.01814069900137838,0.019907745998352766,50.231703784182464,0
140,2.820124905992998,-0.32410890260805303,-1.3558010470918198,1.1199944655047815,-1.5531346567771216,-1.6868775526629847,0.06292398273944855,-0.3079753518104553,-1.458870530128479,-0.8446590900421143,-0.38000261783599854,-0.2647149860858917,-0.15751048922538757,-0.25787851214408875,-1.1478840112686157,-0.5727789402008057,-0.12327811121940613,-0.1623065173625946,-0.14968091249465942,0.5673873618590415,5.55321295895682,-19.76935728953779,0.1566774300317549,-0.2992364754558417,-0.1595334599177407,-0.3465213,-1.3743613,1.127322,-1.5416552,-1.7032042,0.05359432,-0.3465213,-1.3743613,1.127322,-1.5416552,-1.7032042,0.05359432,-0.32410889863967896,-1.3558011054992676,1.1199945211410522,-1.5531346797943115,-1.6868776082992554,0.06292398273944855,-0.5603094,-0.46400455,0.18318698,0.28698882,-0.40816385,-0.2332416,-0.13036536,1.9379453504174398e-07,0.0,4.8448633760436e-09,0.0005882349796593189,0.0002941175,1.17647,False,3,0.4052783919584018,-0.02693596745043304,0.22796620752724295,0.2172102867578224,-0.1872891039883576,0.11303691070092688,0.9998012593699749,0.005406401697666716,0.006043780257008488,0.018211365402139905,0.17434347,-0.18901506,0.18176922,0.08102267462070027,3.931799437850714e-05,0.00011601998994592577,0.0005202820029808208,0.00038964199484325945,0.00015749401063658297,0.00010819200542755425,0.0016763180028647184,0.01816058899566997,0.019836906998534687,50.41108475599891,0
141,2.8401460839959327,-0.32752925554384404,-1.358704851274826,1.12108022371401,-1.551317886715271,-1.6894391218768519,0.06150620058178902,-0.29271459579467773,-1.4680818319320679,-0.830444872379303,-0.4121915102005005,-0.26067304611206055,-0.1827956736087799,-0.25588691234588623,-1.145531177520752,-0.5729031562805176,-0.12331884354352951,-0.16196216642856598,-0.1487877517938614,1.1142271283550467,5.471285538864452,-19.93370187022599,0.15029175031180858,-0.3112693715906848,-0.1636983046574022,-0.35000598,-1.3773302,1.1285412,-1.5396743,-1.7056079,0.052176997,-0.35000598,-1.3773302,1.1285412,-1.5396743,-1.7056079,0.052176997,-0.32752925157546997,-1.3587048053741455,1.1210802793502808,-1.5513179302215576,-1.6894391775131226,0.06150620058178902,-0.5619182,-0.46563363,0.18652476,0.29109043,-0.4042187,-0.23323005,-0.12799911,1.6149544586812e-07,0.0,4.037386146703e-09,0.0005882349796593189,0.0002941175,1.17647,False,3,0.40423491568751696,-0.0286367412225751,0.22856175223056568,0.21719821076595675,-0.18729342430246937,0.11303604182018968,0.9998022182869525,0.005488462641131496,0.0061702820750530515,0.018092736104924668,0.17434347,-0.18901506,0.18176922,0.08101693141692658,3.912200918421149e-05,0.00011533200449775904,0.0005684830102836713,0.0002785079996101558,0.00015333399642258883,0.00016455299919471145,0.0018420289998175576,0.018017002992564812,0.01985903199238237,50.354921648929576,0
142,2.860089712004992,-0.3306644598590296,-1.3613334459117432,1.1220787207232874,-1.5497879546931763,-1.6917384306537073,0.06020087003707886,-0.255852609872818,-1.4243627786636353,-0.818653404712677,-0.3997374475002289,-0.23307427763938904,-0.1674565225839615,-0.2517574429512024,-1.13621985912323,-0.571303129196167,-0.12369533628225327,-0.16138850152492523,-0.1484515517950058,0.716429522700758,5.476440379142208,-19.67824263240468,0.14686832353698126,-0.30327756624538166,-0.16120880766700985,-0.3531876,-1.380014,1.12968,-1.5380436,-1.70786,0.05085939,-0.3531876,-1.380014,1.12968,-1.5380436,-1.70786,0.05085939,-0.3306644558906555,-1.3613334894180298,1.122078776359558,-1.549787998199463,-1.691738486289978,0.06020087003707886,-0.5630782,-0.46701097,0.19003199,0.29360956,-0.40303636,-0.233537,-0.1266462,1.3457953822343334e-07,0.0,3.3644884555858338e-09,0.0005882349796593189,0.0002941175,1.17647,False,3,0.4033042322747398,-0.03018836617526238,0.2291097657014585,0.2172015743290841,-0.18731743555608438,0.11305832076470065,0.999800555476048,0.005505960984194635,0.005918176760304446,0.018263194072579654,0.17434347,-0.18901506,0.18176922,0.08099930411419386,4.9305002903565764e-05,0.00014376299805007875,0.0008312069985549897,0.0005459179956233129,0.00023388299450743943,0.00019022599735762924,0.0023994530056370422,0.017377594005665742,0.019777047011302784,50.5636660229654,0
143,2.8800992159958696,-0.33380443254579717,-1.363828183417656,1.1230571905719202,-1.5481934093735,-1.6940019766436976,0.058891840279102325,-0.26857396960258484,-1.410952091217041,-0.8163755536079407,-0.4446377456188202,-0.26309677958488464,-0.14764440059661865,-0.25720253586769104,-1.1393851041793823,-0.5716607570648193,-0.122914157807827,-0.1623266190290451,-0.14885827898979187,0.8074354843520033,5.381445964980688,-19.69358157209865,0.14577736264312743,-0.3042992907388592,-0.1613401434121305,-0.3563934,-1.3825386,1.1308237,-1.536362,-1.7100801,0.049536116,-0.3563934,-1.3825386,1.1308237,-1.536362,-1.7100801,0.049536116,-0.3338044285774231,-1.363828182220459,1.123057246208191,-1.5481934547424316,-1.6940020322799683,0.058891840279102325,-0.5647242,-0.46776065,0.19416139,0.29578587,-0.40195283,-0.2338931,-0.1250803,1.1214961518619445e-07,0.0,2.8037403796548615e-09,0.0005882349796593189,0.0002941175,1.17647,False,3,0.40236951676316024,-0.03172793142537743,0.2296020789559794,0.21722492712722188,-0.18728744452887242,0.1129889061648358,0.999799722698572,0.005769208702463359,0.005941820842181514,0.018217405452933693,0.17434347,-0.18901506,0.18176922,0.08107117952842581,4.1651990613900125e-05,0.00012538800365291536,0.0006956409924896434,0.0002577580016804859,0.00015655800234526396,0.00013786900672130287,0.0018108479998772964,0.018006230995524675,0.01981707899540197,50.461523629795465,0
144,2.9001020839932607,-0.33692914644350225,-1.3664398950389405,1.1241615454303187,-1.54654040679846,-1.6962655226336878,0.057610947638750076,-0.2648303508758545,-1.4308394193649292,-0.8169659376144409,-0.4279874861240387,-0.2252768725156784,-0.16949452459812164,-0.2582334280014038,-1.1379599571228027,-0.5713634490966797,-0.1230153888463974,-0.16271139681339264,-0.14899007976055145,1.112659794239108,5.4149785939335455,-19.892042917513688,0.14611340578194873,-0.3100339338170045,-0.16551700984261294,-0.3595633,-1.385201,1.1320375,-1.5346028,-1.712281,0.048253007,-0.3595633,-1.385201,1.1320375,-1.5346028,-1.712281,0.048253007,-0.3369291424751282,-1.366439938545227,1.1241616010665894,-1.546540379524231,-1.6962655782699585,0.057610947638750076,-0.5658535,-0.4690261,0.19689777,0.29844037,-0.4003865,-0.23394847,-0.12352108,9.345801265516206e-08,0.0,2.3364503163790515e-09,0.0005882349796593189,0.0002941175,1.17647,False,3,0.4013893066331937,-0.03324151518784296,0.23008890620751857,0.21719508457280717,-0.1873078643587752,0.11303699337918306,0.9998078125859575,0.005181207438204091,0.005699343966929211,0.018028129186767147,0.17434347,-0.18901506,0.18176922,0.08101416495027874,0.00014551599451806396,0.00017832299636211246,0.0009127259982051328,0.00036182499025017023,0.00025509900297038257,0.0001965690025826916,0.002557992993388325,0.017194590996950865,0.01975258399033919,50.62628770438799,0
145,2.9201382439932786,-0.34009057680238897,-1.369067834024765,1.1251876989947718,-1.5449614741704245,-1.6984899679767054,0.05629362910985947,-0.2437554895877838,-1.46139395236969,-0.849677324295044,-0.41330674290657043,-0.2492803931236267,-0.21189457178115845,-0.25842222571372986,-1.1312295198440552,-0.5702273845672607,-0.12303581088781357,-0.16267165541648865,-0.1489638388156891,0.7983994127549008,5.255619618153133,-19.850680190023,0.1372893829721354,-0.29386231412524694,-0.15970287367765995,-0.36277744,-1.3878723,1.1331861,-1.5329217,-1.7144393,0.04693342,-0.36277744,-1.3878723,1.1331861,-1.5329217,-1.7144393,0.04693342,-0.3400905728340149,-1.3690677881240845,1.1251877546310425,-1.5449614524841309,-1.698490023612976,0.05629362910985947,-0.5671716,-0.47011355,0.19995797,0.30099416,-0.39873043,-0.2340052,-0.12191863,7.788167721263505e-08,0.0,1.9470419303158763e-09,0.0005882349796593189,0.0002941175,1.17647,False,3,0.4004300464598377,-0.034763882868984214,0.2306168528752807,0.21717238203851388,-0.18729483521746987,0.11303489800212085,0.9998003834879555,0.005327157109841608,0.006143830822948629,0.018250929793565504,0.17434347,-0.18901506,0.18176922,0.0810042125939985,6.08240079600364e-05,0.00015443700249306858,0.000880070001585409,0.0004991739988327026,0.00025700499827507883,0.0001311430096393451,0.0024451220087939873,0.01736092499049846,0.019806046999292448,50.4896307696192,0
146,2.940124710003147,-0.3432710806476038,-1.371672512297966,1.1262777487384241,-1.5432770580849429,-1.7007978598224085,0.054988279938697815,-0.2611096203327179,-1.4412415027618408,-0.785485029220581,-0.39200928807258606,-0.22597818076610565,-0.18075962364673615,-0.257480651140213,-1.1277414560317993,-0.5694643259048462,-0.12280012667179108,-0.16258227825164795,-0.1488046497106552,1.0853394310363544,5.410172032329774,-19.845915664624577,0.14187278430548683,-0.3029340659984684,-0.16229849758117282,-0.36602205,-1.3905011,1.1344435,-1.5311507,-1.7167068,0.045621723,-0.36602205,-1.3905011,1.1344435,-1.5311507,-1.7167068,0.045621723,-0.34327107667922974,-1.371672511100769,1.1262778043746948,-1.5432770252227783,-1.7007979154586792,0.054988279938697815,-0.56877446,-0.47071454,0.20414184,0.3031591,-0.39772215,-0.2341639,-0.120253004,6.490139767719587e-08,0.0,1.622534941929897e-09,0.0005882349796593189,0.0002941175,1.17647,False,3,0.3994274800121999,-0.03629558594114435,0.23110177594130218,0.21716231113308337,-0.1873397790595348,0.11303455640777804,0.9998012901403994,0.0053618589754245135,0.0056274777488405404,0.018355679067590634,0.17434347,-0.18901506,0.18176922,0.08099823614735387,4.38570132246241e-05,0.00012877500557806343,0.0006559949979418889,0.00028787300107069314,0.00016950898861978203,0.00011216600250918418,0.0018286849954165518,0.017976241011638194,0.019804926007054746,50.49248856793448,0
147,2.960123223994742,-0.3461521307574671,-1.3740809273770829,1.127247158681051,-1.541783009921648,-1.702789608632223,0.05383025109767914,-0.24871306121349335,-1.438114047050476,-0.8162810802459717,-0.39936086535453796,-0.24885980784893036,-0.1982649266719818,-0.2573784589767456,-1.12554931640625,-0.5695610642433167,-0.12303363531827927,-0.16244371235370636,-0.1487799733877182,0.8284531556735653,5.328916775383186,-19.811073210959783,0.14225378098023955,-0.2987211053874489,-0.16408093906432675,-0.368954,-1.3929436,1.135539,-1.5295702,-1.7186633,0.04446181,-0.368954,-1.3929436,1.135539,-1.5295702,-1.7186633,0.04446181,-0.346152126789093,-1.3740808963775635,1.1272472143173218,-1.5417829751968384,-1.7027896642684937,0.05383025109767914,-0.5700472,-0.47156772,0.20729476,0.30532017,-0.39684093,-0.2342111,-0.11887237,5.40844980643299e-08,0.0,1.3521124516082475e-09,0.0005882349796593189,0.0002941175,1.17647,False,3,0.39852745943961876,-0.03765772811603885,0.23156695104815406,0.2171846828161598,-0.18733668179125135,0.11306360847972556,0.9998074914288568,0.005204616847632726,0.005395071402303656,0.01813227031023102,0.17434347,-0.18901506,0.18176922,0.08098548068027087,4.448500112630427e-05,0.00011110000195913017,0.00047894500312395394,0.0002535350067773834,0.00015114599955268204,0.0001525209954706952,0.001494031006586738,0.018358222994720563,0.0198522540013073,50.37211391382301,0
148,2.980091061996063,-0.34965688387026006,-1.3769711267999192,1.1284650007831019,-1.5399150413325806,-1.705268685017721,0.05233810096979141,-0.23991499841213226,-1.3880534172058105,-0.7976194024085999,-0.38253024220466614,-0.21676130592823029,-0.177700012922287,-0.2578853964805603,-1.1211934089660645,-0.5686148405075073,-0.12282977253198624,-0.16275636851787567,-0.14878645539283752,1.1196935231214797,5.4004210389340805,-19.719120396794956,0.13806277807180398,-0.3046145021271191,-0.16243915396866965,-0.37252626,-1.3958653,1.1369195,-1.5276101,-1.7211021,0.042968478,-0.37252626,-1.3958653,1.1369195,-1.5276101,-1.7211021,0.042968478,-0.349656879901886,-1.3769711256027222,1.1284650564193726,-1.5399150848388672,-1.7052687406539917,0.05233810096979141,-0.5717344,-0.47235483,0.21136235,0.30762511,-0.3958353,-0.2342406,-0.11724477,4.5070415053608255e-08,0.0,1.1267603763402064e-09,0.0005882349796593189,0.0002941175,1.17647,False,3,0.3974077298050271,-0.039315186962863326,0.23209860888494435,0.21720009822263478,-0.18733180094647975,0.11302766471427739,0.9998034154297556,0.00531750298628282,0.006021007219328315,0.01812688987245134,0.17434347,-0.18901506,0.18176922,0.08102423047875686,5.759399209637195e-05,0.00011002800602000207,0.0005904040008317679,0.0002337079931749031,0.00015259200881700963,0.0001082399976439774,0.0015609089896315709,0.01825764900422655,0.01981855799385812,50.457757840399154,0
149,3.0000869689974934,-0.35249072710146123,-1.3792936664870759,1.1295021216021937,-1.5384472397020836,-1.7073119322406214,0.05117659643292427,-0.26328104734420776,-1.4040874242782593,-0.7764712572097778,-0.3758571147918701,-0.250251442193985,-0.20647510886192322,-0.25384998321533203,-1.1156452894210815,-0.5683268904685974,-0.12318267673254013,-0.1620127558708191,-0.14831151068210602,0.7796108338845982,5.555760615240021,-19.700813758683434,0.14675958607224898,-0.29564127033037113,-0.16461242740903387,-0.3754131,-1.3982067,1.1380899,-1.5260612,-1.7230847,0.04181319,-0.3754131,-1.3982067,1.1380899,-1.5260612,-1.7230847,0.04181319,-0.35249072313308716,-1.37929368019104,1.1295021772384644,-1.5384472608566284,-1.707311987876892,0.05117659643292427,-0.5730594,-0.47282645,0.21469218,0.30965182,-0.39431667,-0.23408516,-0.11577663,3.755867921134021e-08,0.0,9.389669802835053e-10,0.0005882349796593189,0.0002941175,1.17647,False,3,0.3964949338837666,-0.04065858241736778,0.23251151779029608,0.21718089726510564,-0.18734830408571962,0.11304724913811676,0.9998011010147327,0.005520283339474835,0.006069826856589795,0.018176772542976623,0.17434347,-0.18901506,0.18176922,0.08099711776851858,6.792400381527841e-05,0.00012310298916418105,0.0007185260037658736,0.00032396899769082665,0.0001869830011855811,0.00015789599274285138,0.001995751998038031,0.017781627000658773,0.019777378998696804,50.56281725024804,0
150,3.0200932909938274,-0.3556440512286585,-1.3819069427302857,1.1306355635272425,-1.5367464062622567,-1.7094882170306605,0.049906205385923386,-0.30963072180747986,-1.4085142612457275,-0.8258000016212463,-0.3617563247680664,-0.2474050670862198,-0.19636213779449463,-0.25902795791625977,-1.1163661479949951,-0.5682723522186279,-0.12276557832956314,-0.16215232014656067,-0.14881090819835663,0.9828170027813261,5.411335585823718,-19.776333602022078,0.1351185771488074,-0.29661039882452533,-0.1644119000079448,-0.37862706,-1.4008445,1.1393406,-1.5242815,-1.7252327,0.04054725,-0.37862706,-1.4008445,1.1393406,-1.5242815,-1.7252327,0.04054725,-0.3556440472602844,-1.3819069862365723,1.1306356191635132,-1.5367463827133179,-1.7094882726669312,0.049906205385923386,-0.574575,-0.47343636,0.21762608,0.3116217,-0.3936114,-0.23397382,-0.114257,3.129889934278351e-08,0.0,7.824724835695878e-10,0.0005882349796593189,0.0002941175,1.17647,False,3,0.39546934344480833,-0.0421214204876912,0.23297648697238466,0.2171800899945441,-0.18730950166348334,0.11306348141763516,0.9998071172798232,0.005339168715604711,0.005595127168292796,0.01805193996094847,0.17434347,-0.18901506,0.18176922,0.08098372684447072,5.510299524758011e-05,0.0001357689907308668,0.0005998559936415404,0.0003353969950694591,0.0001682760048424825,0.00011332498979754746,0.001775982993422076,0.018085767995216884,0.01986175098863896,50.34802825652209,0
151,3.0400858740031254,-0.35914451280702764,-1.38481459141288,1.1319564024554651,-1.5348195445588608,-1.7118914763080042,0.04844963550567627,-0.2867811620235443,-1.404466986656189,-0.7828783988952637,-0.3963346481323242,-0.2647886872291565,-0.19620387256145477,-0.2550131380558014,-1.1086276769638062,-0.5668801665306091,-0.1229216456413269,-0.16180819272994995,-0.14853985607624054,1.1601000725351618,5.546508457783398,-19.633932122150615,0.13431769062487167,-0.2919062604531939,-0.16262642352508477,-0.38219273,-1.4037846,1.1408473,-1.5222477,-1.7275443,0.039105568,-0.38219273,-1.4037846,1.1408473,-1.5222477,-1.7275443,0.039105568,-0.35914450883865356,-1.3848146200180054,1.1319564580917358,-1.5348196029663086,-1.711891531944275,0.04844963550567627,-0.5762053,-0.4742492,0.22227168,0.3142995,-0.39132068,-0.23360172,-0.112824604,2.608241611898626e-08,0.0,6.520604029746565e-10,0.0005882349796593189,0.0002941175,1.17647,False,3,0.3943073354889915,-0.04372832701170943,0.23346761047434547,0.21718631028935334,-0.18729056539626757,0.1130363482732388,0.9998023535815468,0.005569645878505084,0.006250591005035439,0.018031010814082843,0.17434347,-0.18901506,0.18176922,0.0810104379654574,0.00018655600433703512,0.00012494099792093039,0.0005613590037683025,0.00025733199436217546,0.0001739209983497858,0.00010761500743683428,0.001756333003868349,0.018069740006467327,0.019826073010335676,50.43863197107579,0
152,3.060091997991549,-0.36232167879213506,-1.3874777567437668,1.133110825215475,-1.5331329007497807,-1.7141063849078577,0.0471363291144371,-0.26407748460769653,-1.388631820678711,-0.7721711993217468,-0.35195279121398926,-0.2591588795185089,-0.23747196793556213,-0.2548174560070038,-1.1054669618606567,-0.5668747425079346,-0.12297998368740082,-0.16168715059757233,-0.14829622209072113,1.1498767564609738,5.306184417198184,-19.822566073433904,0.12536673219700414,-0.3060712050617784,-0.16442713014203492,-0.38544357,-1.4064517,1.1421388,-1.520467,-1.7296882,0.03780719,-0.38544357,-1.4064517,1.1421388,-1.520467,-1.7296882,0.03780719,-0.362321674823761,-1.3874777555465698,1.1331108808517456,-1.5331329107284546,-1.7141064405441284,0.0471363291144371,-0.5780475,-0.47434852,0.22569796,0.3166457,-0.38954335,-0.23322855,-0.11081395,2.1735346765821884e-08,0.0,5.433836691455471e-10,0.0005882349796593189,0.0002941175,1.17647,False,3,0.393260214354091,-0.04519344935420877,0.23394640847933626,0.21718039264449693,-0.18734489587901337,0.11305574188762425,0.9998057549349476,0.005467287961341633,0.005702798373470978,0.018057158919278296,0.17434347,-0.18901506,0.18176922,0.08098971553106751,4.105600237380713e-05,0.00012476999836508185,0.0007042469951556996,0.0002619099977891892,0.00017250300152227283,0.00011146499309688807,0.001824985010898672,0.01801012498617638,0.01983510999707505,50.41565184904259,0
153,3.080088135000551,-0.36552602449526006,-1.3901012551835557,1.1342995802508753,-1.531471361672022,-1.7162869612323206,0.045861050486564636,-0.23569850623607635,-1.4162756204605103,-0.7707331776618958,-0.34628528356552124,-0.26734459400177,-0.25094836950302124,-0.26065272092819214,-1.1076172590255737,-0.5660586357116699,-0.12198030948638916,-0.16266179084777832,-0.1489075869321823,1.2290908735303634,5.432344342838364,-19.653530899438984,0.12630571364874926,-0.296683156412653,-0.1644263129172545,-0.38870013,-1.4090881,1.1434807,-1.5187627,-1.7318866,0.036536828,-0.38870013,-1.4090881,1.1434807,-1.5187627,-1.7318866,0.036536828,-0.365526020526886,-1.3901013135910034,1.134299635887146,-1.5314713716506958,-1.7162870168685913,0.045861050486564636,-0.5793525,-0.47466937,0.22952582,0.31771794,-0.38998938,-0.23310554,-0.11012025,1.8112788971518236e-08,0.0,4.528197242879559e-10,0.0005882349796593189,0.0002941175,1.17647,False,3,0.39221168164533005,-0.0466561950399514,0.23439988321778923,0.21717398400746943,-0.18738505320248933,0.11304017922476463,0.9998026521230209,0.005295202429841396,0.0055035780064517864,0.01834081412133988,0.17434347,-0.18901506,0.18176922,0.08099871268000301,4.477999755181372e-05,0.000122053999803029,0.0006735000060871243,0.00028150899743195623,0.00017892400501295924,0.00011315400479361415,0.0018880400020861998,0.017927740002050996,0.019815780004137196,50.4648315529955,0
154,3.1000773230043706,-0.3687546888934534,-1.3927387458137055,1.1355598608600062,-1.5296989952078839,-1.7185090223895472,0.04454677179455757,-0.2541135549545288,-1.3855795860290527,-0.7726870775222778,-0.34785109758377075,-0.25405818223953247,-0.23554173111915588,-0.2607354521751404,-1.1050615310668945,-0.565857470035553,-0.12199939787387848,-0.16282212734222412,-0.14898838102817535,1.1853391445098955,5.718165193236026,-19.58330766862678,0.13053746918807854,-0.30289683172456394,-0.16515518807682553,-0.39199507,-1.4117316,1.1448969,-1.5169238,-1.7340938,0.035236254,-0.39199507,-1.4117316,1.1448969,-1.5169238,-1.7340938,0.035236254,-0.36875468492507935,-1.392738699913025,1.1355599164962769,-1.5296989679336548,-1.7185090780258179,0.04454677179455757,-0.58100986,-0.4748235,0.23342305,0.31937817,-0.38961717,-0.23276298,-0.10893967,1.509399080959853e-08,0.0,3.773497702399633e-10,0.0005882349796593189,0.0002941175,1.17647,False,3,0.39111866180754906,-0.04811777197810656,0.2348204437153012,0.21716372642011428,-0.18732031330223542,0.11304638253046337,0.9998054504922187,0.0053723134473062885,0.005681025734227337,0.01810775645062182,0.17434347,-0.18901506,0.18176922,0.08098935407658418,9.977100125979632e-05,0.00012893800158053637,0.0005702430062228814,0.00026439600333105773,0.00017621500592213124,0.00010942800145130605,0.0017045939894160256,0.018123312009265646,0.019827905998681672,50.43396917790958,0
155,3.120086929993704,-0.37165576616396123,-1.3951074045947571,1.136674706135885,-1.5280661147883912,-1.7204573790179651,0.0433642603456974,-0.2823079824447632,-1.4013007879257202,-0.7859352827072144,-0.35521963238716125,-0.2768665850162506,-0.22262701392173767,-0.25973016023635864,-1.1005772352218628,-0.5654796361923218,-0.12248507142066956,-0.16290022432804108,-0.14878150820732117,1.2496460378243248,5.377623654968485,-19.704253252155986,0.12125627193982368,-0.30046751555348605,-0.16263326956729332,-0.39495105,-1.41411,1.1461343,-1.5152187,-1.7359816,0.034076992,-0.39495105,-1.41411,1.1461343,-1.5152187,-1.7359816,0.034076992,-0.37165576219558716,-1.395107388496399,1.1366747617721558,-1.5280661582946777,-1.7204574346542358,0.0433642603456974,-0.5823817,-0.4750628,0.23648772,0.32118595,-0.38810286,-0.2321817,-0.10762354,1.2578325674665443e-08,0.0,3.144581418666361e-10,0.0005882349796593189,0.0002941175,1.17647,False,3,0.39013051312050107,-0.04941257218483712,0.23519626762414325,0.21719284273317097,-0.18731765841403158,0.1130622695635613,0.9998056569890329,0.005233273722785432,0.005657102692573739,0.018145385996642456,0.17434347,-0.18901506,0.18176922,0.08099132985571734,0.0001209110050695017,0.0001147840084740892,0.0005678519955836236,0.00026056499336846173,0.00016777499695308506,0.00011724600335583091,0.0017392849986208603,0.018116865991032682,0.019856150989653543,50.36222783162108,0
156,3.1400980399921536,-0.3752644697772425,-1.3980782938054581,1.1381233374225062,-1.5260937710157414,-1.7228778044330042,0.04195019230246544,-0.2416212558746338,-1.3663020133972168,-0.824101984500885,-0.36604782938957214,-0.30731722712516785,-0.23918704688549042,-0.2592287063598633,-1.0953571796417236,-0.5643994808197021,-0.1223670169711113,-0.16313505172729492,-0.14868587255477905,1.1163785680547513,5.633049283325338,-19.64871826455431,0.12287188038909924,-0.2881677990230622,-0.16201936295328356,-0.39864537,-1.417066,1.1477749,-1.5131742,-1.7383649,0.03268679,-0.39864537,-1.417066,1.1477749,-1.5131742,-1.7383649,0.03268679,-0.3752644658088684,-1.3980783224105835,1.1381233930587769,-1.5260937213897705,-1.722877860069275,0.04195019230246544,-0.58452237,-0.4746922,0.2412871,0.32298952,-0.38717547,-0.23158512,-0.10613569,1.0481938062221203e-08,0.0,2.620484515555301e-10,0.0005882349796593189,0.0002941175,1.17647,False,3,0.3888955033937438,-0.05101477531580237,0.23565912111566845,0.21720478078701866,-0.1873180407371035,0.11305728734493875,0.9998069924269077,0.005358856584377718,0.005525303069721834,0.018077338374516597,0.17434347,-0.18901506,0.18176922,0.08100186469336888,4.278500273358077e-05,0.00012624799273908138,0.0006628650007769465,0.00025396498676855117,0.00016979200881905854,0.00011617099517025054,0.0017123110010288656,0.018117982996045612,0.019830293997074477,50.42789583187864,0
157,3.160087726995698,-0.3784750143634241,-1.4007226836732407,1.1394084135638636,-1.5242851872793217,-1.7250540892230433,0.04060909152030945,-0.2615354061126709,-1.4351122379302979,-0.7972968816757202,-0.359436571598053,-0.2552637457847595,-0.24637362360954285,-0.2542252540588379,-1.0874532461166382,-0.5639180541038513,-0.12247633188962936,-0.16278545558452606,-0.14818207919597626,1.0395750280588052,5.529500412817208,-19.671738394022906,0.11962182025132373,-0.29248719722505384,-0.16324980945188247,-0.4019261,-1.4196997,1.1492007,-1.5113058,-1.7404994,0.031373013,-0.4019261,-1.4196997,1.1492007,-1.5113058,-1.7404994,0.031373013,-0.37847501039505005,-1.4007227420806885,1.1394084692001343,-1.5242851972579956,-1.725054144859314,0.04060909152030945,-0.5862769,-0.47442427,0.2448051,0.32448497,-0.38613063,-0.230902,-0.10452669,8.734948385184337e-09,0.0,2.1837370962960843e-10,0.0005882349796593189,0.0002941175,1.17647,False,3,0.3877782709127934,-0.05243364976553591,0.2360655974498162,0.217219103279003,-0.1872815731607221,0.11302292997120149,0.9998017979904426,0.005708247274238236,0.00574180634591448,0.018188453500631554,0.17434347,-0.18901506,0.18176922,0.08103935992189477,0.00016440100444015115,0.00015029300993774086,0.0007539389916928485,0.00032957499206531793,0.00023160000273492187,0.00013553501048590988,0.002221247006673366,0.017561589993420057,0.019782837000093423,50.54886718195563,0
158,3.1800917829968967,-0.3817547003375452,-1.403335840707161,1.1406744162188929,-1.5224753816476841,-1.7272608915912073,0.03930666297674179,-0.29334259033203125,-1.3579375743865967,-0.7964401245117188,-0.3893415331840515,-0.24759939312934875,-0.2090577632188797,-0.26062309741973877,-1.0889372825622559,-0.563110888004303,-0.1217622458934784,-0.1638646423816681,-0.1485271453857422,1.473872318552421,5.639860457655461,-19.753382229040387,0.13091578352756325,-0.3087473787150313,-0.1692859789077412,-0.40527466,-1.422296,1.1506186,-1.5094453,-1.7427151,0.030094203,-0.40527466,-1.422296,1.1506186,-1.5094453,-1.7427151,0.030094203,-0.38175469636917114,-1.4033358097076416,1.1406744718551636,-1.5224753618240356,-1.727260947227478,0.03930666297674179,-0.5879991,-0.47400728,0.24860267,0.32575098,-0.38635397,-0.2303115,-0.10349291,7.279123654320281e-09,0.0,1.8197809135800702e-10,0.0005882349796593189,0.0002941175,1.17647,False,3,0.3866535731298927,-0.05388066802703906,0.23646699048359576,0.21719104690362914,-0.18733901602146583,0.11306375935441067,0.9998056454825992,0.005307985402652665,0.005548006356372254,0.018159111378285762,0.17434347,-0.18901506,0.18176922,0.08098867112231889,4.5747001422569156e-05,0.00015413800429087132,0.0008174649992724881,0.00031220998789649457,0.0002650210080901161,0.00012035900726914406,0.0022231769980862737,0.017575674995896406,0.01979885199398268,50.507978962816765,0
159,3.2000944820028963,-0.38500816026796514,-1.4060141456178208,1.1420076529132288,-1.5207030487111588,-1.7293966452227991,0.03803202882409096,-0.3119576871395111,-1.378843903541565,-0.7801726460456848,-0.4268546402454376,-0.2742660641670227,-0.23521289229393005,-0.2608788013458252,-1.0861824750900269,-0.562542736530304,-0.1215251237154007,-0.16419562697410583,-0.14875665307044983,1.307870872251601,5.204175596269363,-19.57673745900897,0.10982762391971501,-0.28194592167895316,-0.16023512441312948,-0.40858603,-1.4249525,1.1521342,-1.5076385,-1.7448412,0.028849095,-0.40858603,-1.4249525,1.1521342,-1.5076385,-1.7448412,0.028849095,-0.38500815629959106,-1.4060142040252686,1.1420077085494995,-1.5207030773162842,-1.7293967008590698,0.03803202882409096,-0.5894466,-0.47345763,0.25316292,0.32661477,-0.38611376,-0.22957334,-0.10306282,6.065936378600234e-09,0.0,1.5164840946500586e-10,0.0005882349796593189,0.0002941175,1.17647,False,3,0.38552355662339277,-0.0552920230163122,0.23687209435423817,0.21718175304496654,-0.18731728523880586,0.11304703713759807,0.9998003327541517,0.005624847251199055,0.006054281761953754,0.01819250697171479,0.17434347,-0.18901506,0.18176922,0.08099839448097787,6.798500544391572e-05,0.0001572379987919703,0.0007449099939549342,0.00033952399098780006,0.0002881290129153058,0.00011982698924839497,0.0022285870072664693,0.017518409003969282,0.01974699601123575,50.6406138650666,0
160,3.2200939879985526,-0.3882487455951136,-1.4086585354856034,1.1433852354632776,-1.5188386005214234,-1.7315576712237757,0.03669094666838646,-0.28384238481521606,-1.375874638557434,-0.7742589712142944,-0.42790114879608154,-0.2877219617366791,-0.21804854273796082,-0.260618656873703,-1.0813547372817993,-0.562391996383667,-0.1216198280453682,-0.16442394256591797,-0.14868208765983582,1.4743239140464777,5.797245556878912,-19.71406017818068,0.12174194954173148,-0.29999267353222553,-0.16902933752647212,-0.41190574,-1.4275662,1.1536698,-1.5057205,-1.7469639,0.027545061,-0.41190574,-1.4275662,1.1536698,-1.5057205,-1.7469639,0.027545061,-0.3882487416267395,-1.408658504486084,1.1433852910995483,-1.51883864402771,-1.7315577268600464,0.03669094666838646,-0.59142494,-0.47269124,0.25711432,0.3279537,-0.38515425,-0.22864717,-0.101830244,5.054946982166862e-09,0.0,1.2637367455417155e-10,0.0005882349796593189,0.0002941175,1.17647,False,3,0.3843643672171151,-0.05668769969279244,0.23723741174350724,0.21718301859951655,-0.1873338741463679,0.1130546513390005,0.9998063572833144,0.0050995348065674415,0.005356254049412249,0.018234461916718545,0.17434347,-0.18901506,0.18176922,0.08099225774140212,0.0001754749973770231,0.0001822010090108961,0.0008204439945984632,0.00033029800397343934,0.0001984169939532876,0.00012064099428243935,0.0023192359949462116,0.017475034997914918,0.01979427099286113,50.51966805752298,0
161,3.240093815998989,-0.39154225984682256,-1.4112907958081742,1.1447432676898401,-1.5170336340418835,-1.7337330023394983,0.035436198115348816,-0.2645629644393921,-1.3981146812438965,-0.7772172093391418,-0.4015248417854309,-0.255264550447464,-0.22275283932685852,-0.2596333920955658,-1.0779553651809692,-0.561839759349823,-0.12191031128168106,-0.1643768548965454,-0.1484736204147339,1.3973174783190916,5.825061855425908,-19.637144153318552,0.12237772826743862,-0.2948701337902667,-0.16605167521216463,-0.4152578,-1.4301867,1.1551566,-1.5038437,-1.7490634,0.02634078,-0.4152578,-1.4301867,1.1551566,-1.5038437,-1.7490634,0.02634078,-0.3915422558784485,-1.4112907648086548,1.1447433233261108,-1.517033576965332,-1.733733057975769,0.035436198115348816,-0.5928891,-0.47239986,0.26033166,0.32974717,-0.3832583,-0.22738545,-0.10065285,4.212455818472385e-09,0.0,1.0531139546180963e-10,0.0005882349796593189,0.0002941175,1.17647,False,3,0.3832104263732368,-0.058105649768397744,0.23761257537650168,0.21717738342298118,-0.18731899279797734,0.11305346918855057,0.9998048125526987,0.005333090316781856,0.005714613866337255,0.018145615546739435,0.17434347,-0.18901506,0.18176922,0.08099059050499711,0.000267629002337344,0.00017047800065483898,0.0007243150030262768,0.0003837849944829941,0.00023117200180422515,0.00013264900189824402,0.0025144840037683025,0.01724637800361961,0.019760862007387914,50.605079860693024,0
162,3.260094219003804,-0.3948624769793909,-1.413954959516861,1.1461551825152796,-1.5152480502477665,-1.7359169165240687,0.034125588834285736,-0.254176527261734,-1.363486647605896,-0.7827466130256653,-0.3934546709060669,-0.27166324853897095,-0.19746682047843933,-0.2590165436267853,-1.0739127397537231,-0.5609430074691772,-0.12167390435934067,-0.16426657140254974,-0.14851708710193634,1.2481005241858707,5.905104523801752,-19.319220161816602,0.12290626498088249,-0.2915671610037687,-0.16583247042447263,-0.41864926,-1.4328051,1.1567583,-1.5020304,-1.7512631,0.025069423,-0.41864926,-1.4328051,1.1567583,-1.5020304,-1.7512631,0.025069423,-0.39486247301101685,-1.4139549732208252,1.1461552381515503,-1.5152480602264404,-1.7359169721603394,0.034125588834285736,-0.5946698,-0.4712525,0.26507542,0.33044294,-0.38365388,-0.22640418,-0.1004495,3.5103798487269876e-09,0.0,8.77594962181747e-11,0.0005882349796593189,0.0002941175,1.17647,False,3,0.3820417716796202,-0.059525472811983955,0.2379838326482754,0.2171962937699682,-0.18729692012366958,0.1130595804313638,0.9998087557241141,0.005172987541933773,0.005403093033648375,0.01806848749221696,0.17434347,-0.18901506,0.18176922,0.08099587419837717,4.5280990889295936e-05,0.00015934399561956525,0.000689860011334531,0.0003466600028332323,0.00023349501134362072,0.0001773000112734735,0.002093324001180008,0.017694905007374473,0.01978822900855448,50.535093340980566,0
163,3.2801057409960777,-0.39817554155458623,-1.4166064721396943,1.1475890318499964,-1.5133677062443276,-1.7380369345294397,0.03282397612929344,-0.2457067221403122,-1.4086718559265137,-0.8314864039421082,-0.3969338536262512,-0.24646033346652985,-0.20809458196163177,-0.2590266466140747,-1.0706583261489868,-0.5608685612678528,-0.12167473882436752,-0.16343611478805542,-0.14826700091362,1.3013281385220474,5.795356072968987,-19.65550856551199,0.11544261847074352,-0.2968605608476541,-0.16686892428781258,-0.42202756,-1.4354165,1.1583501,-1.5001246,-1.7533722,0.023815181,-0.42202756,-1.4354165,1.1583501,-1.5001246,-1.7533722,0.023815181,-0.39817553758621216,-1.4166064262390137,1.147589087486267,-1.5133676528930664,-1.7380369901657104,0.03282397612929344,-0.5963002,-0.47024956,0.26902598,0.3310758,-0.3833806,-0.22521989,-0.10006377,2.9253165406058232e-09,0.0,7.313291351514559e-11,0.0005882349796593189,0.0002941175,1.17647,False,3,0.3808534664998498,-0.060912774199089956,0.23832732826799866,0.21718685231295914,-0.18729095928736852,0.11306657015876263,0.9998024090695833,0.005498272154406994,0.005996971208326333,0.018137544217136394,0.17434347,-0.18901506,0.18176922,0.08098507630558022,0.00018685500253923237,0.00016591799794696271,0.0007829559908714145,0.00040089500544127077,0.00023337799939326942,0.0001492469891672954,0.0024199689942179248,0.017351251997752115,0.01977122099197004,50.57856570447237,0
164,3.300177747005364,-0.4014690558062952,-1.419283152823784,1.1490777174579065,-1.5115112674287339,-1.7401955763446253,0.031554173678159714,-0.28620240092277527,-1.3639219999313354,-0.8188235759735107,-0.39523637294769287,-0.3024354875087738,-0.20039328932762146,-0.25971612334251404,-1.0669459104537964,-0.5600576400756836,-0.12189100682735443,-0.16379587352275848,-0.14824004471302032,1.4597666813428543,5.344640625226058,-19.556922553898335,0.10272490234678015,-0.2911228535604777,-0.16556152844103258,-0.42540553,-1.4380176,1.160029,-1.4982617,-1.7555522,0.022588085,-0.42540553,-1.4380176,1.160029,-1.4982617,-1.7555522,0.022588085,-0.40146905183792114,-1.419283151626587,1.1490777730941772,-1.5115113258361816,-1.740195631980896,0.031554173678159714,-0.5984119,-0.46836257,0.2737812,0.3312407,-0.38391456,-0.22415222,-0.09917331,2.4377637838381862e-09,0.0,6.094409459595466e-11,0.0005882349796593189,0.0002941175,1.17647,False,3,0.3796517854359217,-0.062290969181070174,0.23866578525185783,0.21718493857948218,-0.18736336676676218,0.11303586860229564,0.9998004263289866,0.005279971012884589,0.005862310089258672,0.01835275672958025,0.17434347,-0.18901506,0.18176922,0.08100860246103955,6.505000055767596e-05,0.00013718599802814424,0.0005831739981658757,0.000319996994221583,0.00016650400357320905,0.00012883800081908703,0.001881939999293536,0.017978184012463316,0.019860124011756852,50.35215285705251,0
165,3.320134893001523,-0.40479976335634404,-1.4219784003547211,1.1505125204669397,-1.5097261045924206,-1.7423480192767542,0.03027557022869587,-0.24406814575195312,-1.3612719774246216,-0.8276243805885315,-0.3616773784160614,-0.3102665841579437,-0.1941618025302887,-0.2599276304244995,-1.063550353050232,-0.5594093799591064,-0.1217590719461441,-0.16387253999710083,-0.14825522899627686,1.4123461216986715,5.550612616570982,-19.316208565168143,0.11352346091605046,-0.2884711129861769,-0.1656913186279868,-0.42880234,-1.4406494,1.1616399,-1.4964836,-1.7577395,0.021355797,-0.42880234,-1.4406494,1.1616399,-1.4964836,-1.7577395,0.021355797,-0.40479975938796997,-1.4219783544540405,1.1505125761032104,-1.5097260475158691,-1.742348074913025,0.03027557022869587,-0.6000644,-0.4667747,0.27818254,0.33106327,-0.38478774,-0.22299433,-0.099086955,2.0314698198651553e-09,0.0,5.078674549662889e-11,0.0005882349796593189,0.0002941175,1.17647,False,3,0.3784627887175117,-0.06368276945967057,0.23903784507057604,0.21718682975950296,-0.18734244515859977,0.11306102821635507,0.9998026269768711,0.005354863083422938,0.005851841167201172,0.018216610308497798,0.17434347,-0.18901506,0.18176922,0.08098868619599447,4.361700848676264e-05,0.0001251379871973768,0.0006538269954035059,0.00037447200156748295,0.00019465100194793195,0.00010599700908642262,0.0018735280027613044,0.017911375005496666,0.01978490300825797,50.543588693996256,0
166,3.340125991991954,-0.4082229773150843,-1.4245606672814866,1.1520569960223597,-1.507819728260376,-1.7445510069476526,0.02900545485317707,-0.2675866484642029,-1.3651798963546753,-0.8286491632461548,-0.346062570810318,-0.279321551322937,-0.17444121837615967,-0.2599125802516937,-1.0599498748779297,-0.5583704113960266,-0.12164696305990219,-0.1641150414943695,-0.14815875887870789,1.74147593817702,5.760518786671283,-19.638221619228382,0.11475681909146311,-0.29471487226086823,-0.1677345952314474,-0.43228653,-1.4431658,1.1633601,-1.4945587,-1.7599306,0.020147685,-0.43228653,-1.4431658,1.1633601,-1.4945587,-1.7599306,0.020147685,-0.4082229733467102,-1.4245606660842896,1.1520570516586304,-1.5078197717666626,-1.7445510625839233,0.02900545485317707,-0.6015891,-0.46512702,0.2825754,0.33152735,-0.3844898,-0.22144423,-0.09881468,1.6928915165542963e-09,0.0,4.232228791385741e-11,0.0005882349796593189,0.0002941175,1.17647,False,3,0.3772271207948867,-0.0650994989209621,0.23931630443966334,0.2171642766537449,-0.18733704474300536,0.11303218687628439,0.9998084734700874,0.005280430170816884,0.005688503481342762,0.01796582975289835,0.17434347,-0.18901506,0.18176922,0.08100134256908151,3.853000816889107e-05,0.00011746199743356556,0.0005566749896388501,0.00031776899413671345,0.00017383699014317244,0.00011937999806832522,0.001679643988609314,0.018134926998754963,0.019814570987364277,50.46791074294258,0
167,3.3601380140025867,-0.41158849397768194,-1.4272142213634034,1.1536019484149378,-1.5059964966825028,-1.746636215840475,0.027786945924162865,-0.2721914052963257,-1.3566826581954956,-0.8210651278495789,-0.33510541915893555,-0.3040558695793152,-0.2022240310907364,-0.2599538266658783,-1.0575385093688965,-0.5584301948547363,-0.12213955819606781,-0.16445091366767883,-0.14809587597846985,1.637769561482819,5.729050792654221,-19.513176464197077,0.11197726411835097,-0.2883973060115298,-0.16600433920993413,-0.43571663,-1.4457395,1.1650903,-1.4927324,-1.7620322,0.018991392,-0.43571663,-1.4457395,1.1650903,-1.4927324,-1.7620322,0.018991392,-0.41158849000930786,-1.42721426486969,1.1536020040512085,-1.5059964656829834,-1.7466362714767456,0.027786945924162865,-0.6032037,-0.46313122,0.2872066,0.33160007,-0.384896,-0.21988887,-0.09873949,1.4107429304619136e-09,0.0,3.526857326154784e-11,0.0005882349796593189,0.0002941175,1.17647,False,3,0.3760117334518471,-0.0664660675249035,0.23962684973737464,0.21719163163730099,-0.18730828759743423,0.11303786074480254,0.9998006009075823,0.005359460560207849,0.005959025845746601,0.018289838407788153,0.17434347,-0.18901506,0.18176922,0.08101159380392906,4.933901072945446e-05,0.00012883800081908703,0.0006119710014900193,0.00041318399598822,0.00019415099814068526,0.00014776999887544662,0.0019968080014223233,0.017842749002738856,0.01983955700416118,50.40435125594077,0
168,3.3801452000043355,-0.41490251222719365,-1.4298474800637742,1.1551302115069788,-1.5041567173651238,-1.7488115469561976,0.02653317339718342,-0.3032418191432953,-1.3277170658111572,-0.8018884062767029,-0.33368512988090515,-0.282755047082901,-0.20748557150363922,-0.2615206241607666,-1.052231788635254,-0.5571467280387878,-0.12171413004398346,-0.1647568643093109,-0.14798994362354279,1.4650526544727986,5.694254397641997,-19.42206129084828,0.10600437785801262,-0.2780962636144939,-0.1619704228863447,-0.4391004,-1.4482703,1.1668291,-1.4909234,-1.7642603,0.017795205,-0.4391004,-1.4482703,1.1668291,-1.4909234,-1.7642603,0.017795205,-0.4149025082588196,-1.4298474788665771,1.1551302671432495,-1.5041567087173462,-1.7488116025924683,0.02653317339718342,-0.6049478,-0.46057016,0.2924721,0.33083147,-0.3862182,-0.21844922,-0.09902214,1.1756191087182614e-09,0.0,2.9390477717956536e-11,0.0005882349796593189,0.0002941175,1.17647,False,3,0.3747859911392519,-0.06782474357002498,0.23993637153727168,0.21720550554954374,-0.18728282574669944,0.11302305491558896,0.9997962116931539,0.00579600383421429,0.0059903398812316995,0.018384797971448423,0.17434347,-0.18901506,0.18176922,0.08103203378177462,6.163999205455184e-05,0.00012974400306120515,0.0005981639988021925,0.00029045600967947394,0.00015310799062717706,0.00011160501162521541,0.001727958006085828,0.018118099003913812,0.01984605700999964,50.38784275869709,0
169,3.4000957359967288,-0.41825992265810186,-1.432444007401802,1.1567233244525355,-1.5022418585470696,-1.7509787718402308,0.02530643902719021,-0.2898881435394287,-1.368464469909668,-0.8665571808815002,-0.349636435508728,-0.29745322465896606,-0.235831618309021,-0.2615811228752136,-1.048810362815857,-0.5564609169960022,-0.12171407788991928,-0.16465896368026733,-0.14772704243659973,1.6268212359242882,5.658426755181665,-19.489229188542854,0.1054286017531402,-0.28285722057566404,-0.16385197701538146,-0.4425233,-1.4507763,1.168593,-1.4890493,-1.766477,0.016631193,-0.4425233,-1.4507763,1.168593,-1.4890493,-1.766477,0.016631193,-0.4182599186897278,-1.4324439764022827,1.1567233800888062,-1.502241849899292,-1.7509788274765015,0.02530643902719021,-0.6065847,-0.45830896,0.2967414,0.32981282,-0.38745466,-0.21688116,-0.099823125,9.796825905985512e-10,0.0,2.449206476496378e-11,0.0005882349796593189,0.0002941175,1.17647,False,3,0.3735321006427561,-0.06918093143592305,0.24019983722613056,0.2171671134197889,-0.1873314146011938,0.11303931750009076,0.9997967211767907,0.005629411007122359,0.006014983313671884,0.01840106886372948,0.17434347,-0.18901506,0.18176922,0.08099690829211337,0.00014975600061006844,0.00014028600708115846,0.0005772959993919358,0.0003207920090062544,0.00017440601368434727,0.00015627600078005344,0.001972204991034232,0.01777342900459189,0.019745633995626122,50.644106956581446,0
170,3.420137256005546,-0.4216211477862757,-1.4350384783795853,1.1583173910724085,-1.5004574444941063,-1.753157917653219,0.02406022511422634,-0.2790446877479553,-1.330636739730835,-0.8288958072662354,-0.3282671570777893,-0.276721328496933,-0.24469336867332458,-0.2606290876865387,-1.0453894138336182,-0.5559837222099304,-0.12190627306699753,-0.16496875882148743,-0.14766375720500946,1.6949235083148522,5.881455535825413,-19.250027131618037,0.10856792260791308,-0.2826320975209005,-0.16313375913368083,-0.44594973,-1.4532661,1.1703827,-1.4872555,-1.7686313,0.015464068,-0.44594973,-1.4532661,1.1703827,-1.4872555,-1.7686313,0.015464068,-0.4216211438179016,-1.435038447380066,1.1583174467086792,-1.5004574060440063,-1.7531579732894897,0.02406022511422634,-0.60821474,-0.45569387,0.3016322,0.33004987,-0.38683507,-0.21490392,-0.09956091,8.16402158832126e-10,0.0,2.041005397080315e-11,0.0005882349796593189,0.0002941175,1.17647,False,3,0.3722964980268429,-0.07054421900255622,0.24047940671586113,0.21717602616317286,-0.18731800603346183,0.11305436418920602,0.9998045954116105,0.005261971735637046,0.005599988092535892,0.01821442750719915,0.17434347,-0.18901506,0.18176922,0.08098913400209617,5.340699863154441e-05,0.00013535600737668574,0.0006809339975006878,0.00032851099967956543,0.00019923799845855683,0.0001258569973288104,0.002120056000421755,0.017730538005707785,0.01985059400612954,50.376326254580405,0
171,3.440127576002851,-0.42502147356142217,-1.4376566869071503,1.1599691549884241,-1.498554752474167,-1.7553060690509241,0.022815225645899773,-0.25507402420043945,-1.326770305633545,-0.8120678663253784,-0.33784419298171997,-0.2594258785247803,-0.2596256732940674,-0.2603621482849121,-1.0415524244308472,-0.5554348230361938,-0.12175943702459335,-0.1653348207473755,-0.1475801020860672,1.6880093783465657,5.704750038179693,-19.231643960512834,0.10719431938352696,-0.28468801215823014,-0.1664371570663207,-0.44942057,-1.4557548,1.1722513,-1.4853817,-1.7708093,0.014298748,-0.44942057,-1.4557548,1.1722513,-1.4853817,-1.7708093,0.014298748,-0.4250214695930481,-1.4376566410064697,1.1599692106246948,-1.4985547065734863,-1.7553061246871948,0.022815225645899773,-0.6099778,-0.45245263,0.30705252,0.32932332,-0.38757908,-0.21291195,-0.100224875,6.80335132360105e-10,0.0,1.7008378309002626e-11,0.0005882349796593189,0.0002941175,1.17647,False,3,0.37102323800591025,-0.07189279509467436,0.24073112834694843,0.21719545226650902,-0.1873324467568886,0.11302860382959334,0.9998034366118332,0.005456096748961898,0.005715279238365736,0.01818529290507821,0.17434347,-0.18901506,0.18176922,0.08102096297173811,4.0287995943799615e-05,0.00011749898840207607,0.0005176249978831038,0.0003515110001899302,0.00017287700029555708,0.00016403300105594099,0.0017787539982236922,0.018029559010756202,0.019808313008979894,50.48385491216038,0
172,3.460107388003962,-0.4283989111529749,-1.4401806157878418,1.1616218725787562,-1.4967033204487343,-1.7574875990497034,0.02159292995929718,-0.293968141078949,-1.35018789768219,-0.8094443082809448,-0.3371286392211914,-0.2655200660228729,-0.23429299890995026,-0.26030653715133667,-1.037986159324646,-0.5549721121788025,-0.12188152223825455,-0.1653723418712616,-0.14752197265625,1.6230570327435196,5.729098859776649,-19.447606714091975,0.10531092044141593,-0.27920887502264014,-0.16285520209719967,-0.45284674,-1.4581673,1.174083,-1.4835874,-1.7730432,0.013156461,-0.45284674,-1.4581673,1.174083,-1.4835874,-1.7730432,0.013156461,-0.42839890718460083,-1.4401806592941284,1.1616219282150269,-1.4967032670974731,-1.7574876546859741,0.02159292995929718,-0.611196,-0.449665,0.31152582,0.3278968,-0.38888806,-0.21091174,-0.10137406,5.669459436334208e-10,0.0,1.4173648590835521e-11,0.0005882349796593189,0.0002941175,1.17647,False,3,0.3697601882035391,-0.07323950877309429,0.24095564476248052,0.21720482687218962,-0.18731971497673947,0.11302773794499581,0.9998019859392665,0.005632401742841502,0.005564184674300452,0.0182551026093518,0.17434347,-0.18901506,0.18176922,0.08102692158016495,3.986300725955516e-05,0.00012961399625055492,0.0006704569968860596,0.00033205100044142455,0.00017627800116315484,0.00012759200762957335,0.0018827949970727786,0.017935431009391323,0.0198182260064641,50.4586030895919,0
173,3.480076892999932,-0.4318316618548792,-1.442775161271431,1.1632712523089808,-1.4948708203485985,-1.7596352736102503,0.020369552075862885,-0.24379810690879822,-1.3523986339569092,-0.8029763102531433,-0.36141160130500793,-0.2705269455909729,-0.2337794005870819,-0.2608907222747803,-1.034380555152893,-0.5540763139724731,-0.1216767281293869,-0.16546541452407837,-0.14750370383262634,1.691404411772502,5.660764771386459,-19.243906343513004,0.09731227603599645,-0.27636647202593384,-0.15990859201910324,-0.45633814,-1.460636,1.1759201,-1.4817815,-1.7751877,0.012022899,-0.45633814,-1.460636,1.1759201,-1.4817815,-1.7751877,0.012022899,-0.4318316578865051,-1.4427751302719116,1.1632713079452515,-1.4948707818984985,-1.759635329246521,0.020369552075862885,-0.6126622,-0.4465215,0.3162198,0.32723284,-0.38881075,-0.20866631,-0.102178074,4.724549530278507e-10,0.0,1.1811373825696268e-11,0.0005882349796593189,0.0002941175,1.17647,False,3,0.36848971870924685,-0.07459069670306495,0.24120784867568737,0.2171949975520649,-0.18735240347853815,0.11304723560367837,0.9998056710487894,0.005067672239604015,0.00523010211656922,0.018319652395641175,0.17434347,-0.18901506,0.18176922,0.08100450319212361,5.508000322151929e-05,0.0001382610062137246,0.0006071179959690198,0.0003068090009037405,0.00017035000200849026,0.0001240230049006641,0.0018093380058417097,0.01790576899657026,0.01971510700241197,50.72252460398307,0
174,3.500192370993318,-0.4349296728717249,-1.4450875681689759,1.164776627217428,-1.4931481641582032,-1.7616336981402796,0.019327186048030853,-0.2728857398033142,-1.3032437562942505,-0.8124660849571228,-0.38376376032829285,-0.27030670642852783,-0.23859092593193054,-0.26073113083839417,-1.0302104949951172,-0.5535474419593811,-0.12174344807863235,-0.165788471698761,-0.14742784202098846,1.9430616022703702,5.618416604630992,-19.16583775915518,0.10359036668561669,-0.2774639581098653,-0.1621339020295311,-0.45950007,-1.4628057,1.177628,-1.4801339,-1.7772739,0.011054337,-0.45950007,-1.4628057,1.177628,-1.4801339,-1.7772739,0.011054337,-0.43492966890335083,-1.4450875520706177,1.1647766828536987,-1.4931482076644897,-1.7616337537765503,0.019327186048030853,-0.6142605,-0.44295612,0.3212835,0.32535732,-0.39100313,-0.20682123,-0.103229165,3.9371246085654224e-10,0.0,9.842811521413557e-12,0.0005882349796593189,0.0002941175,1.17647,False,3,0.3673190340841971,-0.07580939374472978,0.24141251611432496,0.217232780138707,-0.1873088045748926,0.11306983623915322,0.9998167878337945,0.004498673796595728,0.004282521435569183,0.018105658118764828,0.17434347,-0.18901506,0.18176922,0.081006235061643,0.00015444499149452895,0.00014277199807111174,0.0005860849923919886,0.00032925501000136137,0.0001735660043777898,0.0001270709908567369,0.0019377159915165976,0.017971599998418242,0.01990931598993484,50.22774265602848,0
175,3.520087227996555,-0.43872195879091436,-1.4478765067509194,1.1667287985431116,-1.4910772827318688,-1.76402455965151,0.018036814406514168,-0.24913427233695984,-1.3012603521347046,-0.7814955711364746,-0.4043690860271454,-0.2754116356372833,-0.24722708761692047,-0.2612125873565674,-1.027679204940796,-0.5536889433860779,-0.12196477502584457,-0.16655823588371277,-0.14734038710594177,2.0729949491402375,5.51807618812558,-19.57660371698072,0.09634124153879876,-0.28946455526462816,-0.16644143282061916,-0.4633766,-1.4654164,1.1798152,-1.4781259,-1.779714,0.009861616,-0.4633766,-1.4654164,1.1798152,-1.4781259,-1.779714,0.009861616,-0.4387219548225403,-1.4478764533996582,1.1667288541793823,-1.4910773038864136,-1.7640246152877808,0.018036814406514168,-0.61636657,-0.43849888,0.32715705,0.32378572,-0.39223325,-0.20437996,-0.10368048,3.280937173804519e-10,0.0,8.202342934511298e-12,0.0005882349796593189,0.0002941175,1.17647,False,3,0.36588155243423165,-0.07727825854457107,0.24161345706217977,0.2172345155766321,-0.18730537832268357,0.11306793824814354,0.9998236224660446,0.004125614924164738,0.0037487723128869135,0.017935477670930875,0.17434347,-0.18901506,0.18176922,0.08100883578016704,6.175099406391382e-05,0.00017257699801120907,0.0006643849919782951,0.00034609199792612344,0.000188509002327919,0.00010999299411196262,0.002304514011484571,0.017357292992528528,0.0196618070040131,50.86002521517446,0
176,3.540132234003977,-0.4421318213092249,-1.4503801104477425,1.1685331503497522,-1.4892855671099205,-1.7661646048175257,0.016795208677649498,-0.2597423195838928,-1.251132607460022,-0.8010991215705872,-0.4055483937263489,-0.2729804813861847,-0.21191272139549255,-0.25717830657958984,-1.0211830139160156,-0.5538137555122375,-0.12249696999788284,-0.16616389155387878,-0.1467149257659912,1.8742394222058694,5.759209353171533,-19.428517256295542,0.09475807568264925,-0.27187331629268224,-0.16151033264266573,-0.46683273,-1.467758,1.1818333,-1.4764037,-1.7818896,0.008717776,-0.46683273,-1.467758,1.1818333,-1.4764037,-1.7818896,0.008717776,-0.44213181734085083,-1.4503800868988037,1.168533205986023,-1.4892855882644653,-1.7661646604537964,0.016795208677649498,-0.61752284,-0.43445054,0.33250237,0.3220459,-0.39312264,-0.20193581,-0.10507449,2.734114311503766e-10,0.0,6.8352857787594156e-12,0.0005882349796593189,0.0002941175,1.17647,False,3,0.3645917308470461,-0.07859151492136637,0.24178474263624325,0.2172463713038355,-0.1873315007409425,0.11306608699479397,0.999827062947985,0.004159535389164843,0.0038162392090653956,0.017721067758286947,0.17434347,-0.18901506,0.18176922,0.08101613638567166,4.4872009311802685e-05,0.0001406840019626543,0.000678647993481718,0.0003099330060649663,0.0002760500065051019,0.00013702901196666062,0.002000199005124159,0.0178575760073727,0.01985777501249686,50.35810907167001,0
177,3.5601357069972437,-0.4455831686602991,-1.4528739240816613,1.1702850500689905,-1.4874893215349694,-1.7683394590960901,0.01568475179374218,-0.28463485836982727,-1.314433217048645,-0.7816539406776428,-0.40939828753471375,-0.2676723301410675,-0.2282639443874359,-0.26377585530281067,-1.0205167531967163,-0.5519490838050842,-0.12159399688243866,-0.16744647920131683,-0.1469516009092331,1.8875538918504584,5.857881032898923,-19.27748005751153,0.09442439425820136,-0.2771225676169704,-0.16321780368091854,-0.47032237,-1.4700925,1.1837867,-1.4746876,-1.7841122,0.0077057034,-0.47032237,-1.4700925,1.1837867,-1.4746876,-1.7841122,0.0077057034,-0.44558316469192505,-1.452873945236206,1.1702851057052612,-1.4874893426895142,-1.7683395147323608,0.01568475179374218,-0.6184798,-0.43046507,0.33754173,0.32004455,-0.394318,-0.19947621,-0.1067254,2.2784285929198053e-10,0.0,5.6960714822995135e-12,0.0005882349796593189,0.0002941175,1.17647,False,3,0.36329696323240157,-0.07992214169562753,0.24197077143009274,0.21721704911593426,-0.18727520717507193,0.11305101621752651,0.9998230362681866,0.004372140506580351,0.004596744972737824,0.01770987372205044,0.17434347,-0.18901506,0.18176922,0.08101458487928613,4.735900438390672e-05,0.00013727699115406722,0.0006705520063405856,0.0004389060050016269,0.00019544899987522513,0.00013176799984648824,0.002036741003394127,0.01777871399826836,0.019815455001662485,50.46565925012076,0
178,3.5800932519923663,-0.4489858786212366,-1.4553112176111718,1.1720784346209925,-1.4856617760709305,-1.7705028692828577,0.01451872568577528,-0.31258320808410645,-1.2961519956588745,-0.8126678466796875,-0.38727352023124695,-0.29006898403167725,-0.21428492665290833,-0.2639692723751068,-1.0174283981323242,-0.5506447553634644,-0.12160138040781021,-0.16765636205673218,-0.14722301065921783,1.9132895558424499,5.817418779816766,-19.29097337130169,0.09242544266182019,-0.2721713228997988,-0.16399029989319083,-0.47380245,-1.4723289,1.1858057,-1.4729455,-1.7863259,0.0066451393,-0.47380245,-1.4723289,1.1858057,-1.4729455,-1.7863259,0.0066451393,-0.44898587465286255,-1.4553111791610718,1.1720784902572632,-1.4856617450714111,-1.7705029249191284,0.01451872568577528,-0.6204143,-0.4254441,0.34318107,0.31790823,-0.39557633,-0.19683968,-0.1080319,1.898690494099838e-10,0.0,4.746726235249595e-12,0.0005882349796593189,0.0002941175,1.17647,False,3,0.36199520921694595,-0.08122101993100053,0.24211779699466476,0.21723570104797288,-0.18735305209479325,0.1130174602610854,0.9998091863026544,0.0049318539197578445,0.005262211405283961,0.018155826877012223,0.17434347,-0.18901506,0.18176922,0.0810512848751407,4.453500150702894e-05,0.0001313539978582412,0.000678166004945524,0.00033096699917223305,0.0001712669909466058,0.00011472600453998893,0.0018530969973653555,0.017916461991262622,0.019769558988627978,50.58281778441436,0
179,3.6001350110018393,-0.4524033705340784,-1.4577925515225907,1.1739228407489222,-1.4838785094073792,-1.7727530638324183,0.01338422391563654,-0.3085744380950928,-1.3028334379196167,-0.7844544649124146,-0.40764203667640686,-0.3000154197216034,-0.20502227544784546,-0.2629433274269104,-1.0140372514724731,-0.5508176684379578,-0.12211678922176361,-0.16764725744724274,-0.14688292145729065,1.930908818001881,5.800378448371442,-19.0598235132144,0.09550984416132216,-0.2692582080210488,-0.1623179057937492,-0.4772416,-1.4746169,1.1878957,-1.4712474,-1.788632,0.0056190435,-0.4772416,-1.4746169,1.1878957,-1.4712474,-1.788632,0.0056190435,-0.45240336656570435,-1.4577925205230713,1.1739228963851929,-1.483878493309021,-1.772753119468689,0.01338422391563654,-0.62095594,-0.42060846,0.349319,0.31577593,-0.39697227,-0.19412951,-0.11057828,1.5822420784165317e-10,0.0,3.95560519604133e-12,0.0005882349796593189,0.0002941175,1.17647,False,3,0.36067565414353187,-0.08253365582987317,0.24227340718820992,0.21718652366038546,-0.18731305243934032,0.11305851798140389,0.9998100010446773,0.005046637068758196,0.005050141684243606,0.018137536338471098,0.17434347,-0.18901506,0.18176922,0.08099126623472394,0.00015954500122461468,0.00014160100545268506,0.0007284760067705065,0.00032242899760603905,0.000202164999791421,0.00011377700138837099,0.002113973008817993,0.017715492998831905,0.0198294660076499,50.43000147428154,0
180,3.6200944799929857,-0.4558804670916956,-1.460166835491993,1.1758001486407679,-1.4820351612618943,-1.774952236806051,0.012230145744979382,-0.2853719890117645,-1.2661470174789429,-0.7552917003631592,-0.39109402894973755,-0.27809587121009827,-0.18007797002792358,-0.2621476650238037,-1.0091677904129028,-0.5503022074699402,-0.12217111885547638,-0.16768710315227509,-0.1467059850692749,1.8596204863786197,6.030742548783378,-19.22031507223455,0.09548247883889648,-0.27163419094785,-0.16183918577063572,-0.480748,-1.4767882,1.1900014,-1.4695089,-1.7908804,0.0045804773,-0.480748,-1.4767882,1.1900014,-1.4695089,-1.7908804,0.0045804773,-0.45588046312332153,-1.4601668119430542,1.1758002042770386,-1.4820351600646973,-1.7749522924423218,0.012230145744979382,-0.621688,-0.41553447,0.35503015,0.3131569,-0.3982049,-0.19124171,-0.11295344,1.3185350653471099e-10,0.0,3.296337663367775e-12,0.0005882349796593189,0.0002941175,1.17647,False,3,0.3593445497786902,-0.08384528261033855,0.24236941517462457,0.21719111327018364,-0.1873082641303102,0.11305467475997416,0.9998072541357731,0.005238418015050881,0.0055606075443481616,0.01808474461895069,0.17434347,-0.18901506,0.18176922,0.08099705532472964,4.431299748830497e-05,0.00014869999722577631,0.000757278990931809,0.00033645599614828825,0.00017831599689088762,0.00015014699602033943,0.00203291600337252,0.017738965994794853,0.019771881998167373,50.57687478069556,0
181,3.6400931870011846,-0.4593456427203577,-1.4625870150378724,1.1777151266681116,-1.4802746561220665,-1.7771700064288538,0.011122668161988258,-0.24263158440589905,-1.3246108293533325,-0.7326922416687012,-0.3601706624031067,-0.31151822209358215,-0.18739931285381317,-0.260805606842041,-1.0062190294265747,-0.5497917532920837,-0.12232416123151779,-0.16806986927986145,-0.14655765891075134,2.091208370444768,5.926623843653619,-19.235542528460964,0.095779261978553,-0.2740843665330005,-0.16302971368378655,-0.4842721,-1.4789906,1.1921523,-1.4678439,-1.7931432,0.0035864115,-0.4842721,-1.4789906,1.1921523,-1.4678439,-1.7931432,0.0035864115,-0.45934563875198364,-1.4625869989395142,1.1777151823043823,-1.4802746772766113,-1.7771700620651245,0.011122668161988258,-0.6231616,-0.41008782,0.36092773,0.31076902,-0.39932606,-0.18840642,-0.114554465,1.0987792211225918e-10,0.0,2.7469480528064794e-12,0.0005882349796593189,0.0002941175,1.17647,False,3,0.35801424530551795,-0.0851511805248889,0.24248103315434838,0.21718355068044917,-0.18729851528027128,0.11301129867377824,0.99979893428456,0.00580818641155242,0.005854050422295667,0.018278568015885684,0.17434347,-0.18901506,0.18176922,0.08103006442986714,6.290400051511824e-05,0.00017535399820189923,0.0007784399931551889,0.0004038219922222197,0.00024201000633183867,0.00013500700879376382,0.0023053879995131865,0.017430560998036526,0.019735948997549713,50.66895947715276,0
182,3.6600899449986173,-0.46286183992494756,-1.4649819520166893,1.1796558539019983,-1.4784842070988198,-1.7793658415423792,0.010040424764156342,-0.28739532828330994,-1.2833079099655151,-0.7933810949325562,-0.35602837800979614,-0.2990525960922241,-0.20008796453475952,-0.26105403900146484,-1.0015414953231812,-0.5488944053649902,-0.12217022478580475,-0.16827598214149475,-0.1464952528476715,1.9422234383733517,5.933907401921403,-19.07993407642231,0.08952327251526256,-0.2629209388963576,-0.1624422912139639,-0.48783532,-1.4811275,1.1943425,-1.4662056,-1.7954488,0.002632299,-0.48783532,-1.4811275,1.1943425,-1.4662056,-1.7954488,0.002632299,-0.4628618359565735,-1.4649819135665894,1.179655909538269,-1.4784841537475586,-1.77936589717865,0.010040424764156342,-0.62433714,-0.40363967,0.36716512,0.30696288,-0.40207082,-0.18520315,-0.1182057,9.156493509354931e-11,0.0,2.289123377338733e-12,0.0005882349796593189,0.0002941175,1.17647,False,3,0.3566699240055683,-0.08645867216051137,0.24257025391586542,0.21720109058228157,-0.18733729691617135,0.11302217026789563,0.9998007995942977,0.00558705898829227,0.005567849621469554,0.018335035470449786,0.17434347,-0.18901506,0.18176922,0.08102930294498593,0.00013706099707633257,0.00016293101361952722,0.000739325987524353,0.0003087149962084368,0.00029066699789837003,0.00013605999993160367,0.0022374010004568845,0.017517696993309073,0.019755097993765958,50.61984508077693,0
183,3.6800875890039606,-0.4663899580584925,-1.4673063319972535,1.1816685835467737,-1.4766961124590416,-1.7815998236285608,0.008977913297712803,-0.23059947788715363,-1.2605738639831543,-0.8143210411071777,-0.3724295198917389,-0.3028435707092285,-0.17922942340373993,-0.26155492663383484,-0.9983763098716736,-0.5484088063240051,-0.12231624126434326,-0.16844697296619415,-0.1463402658700943,2.3974116394875047,5.75789665438827,-19.342074225368773,0.08263090351127157,-0.2759775279401711,-0.16563107711540637,-0.49139526,-1.4832337,1.196583,-1.464573,-1.7977723,0.0016805665,-0.49139526,-1.4832337,1.196583,-1.464573,-1.7977723,0.0016805665,-0.4663899540901184,-1.46730637550354,1.1816686391830444,-1.4766961336135864,-1.7815998792648315,0.008977913297712803,-0.62513304,-0.39818293,0.37285924,0.30307737,-0.40430972,-0.18243368,-0.12071293,7.630411257795777e-11,0.0,1.9076028144489442e-12,0.0005882349796593189,0.0002941175,1.17647,False,3,0.3553116723397415,-0.08776754474094113,0.24261270457413728,0.2171758825832139,-0.1873220611463069,0.11306191860008673,0.9998027646000173,0.0052817381174016164,0.005733614478345479,0.018264777865971096,0.17434347,-0.18901506,0.18176922,0.08098256377834384,5.410400626715273e-05,0.0001431440032320097,0.0007391379913315177,0.00028044999635312706,0.0002069200127152726,0.00013301400758791715,0.001968372002011165,0.017812682010116987,0.019781054012128152,50.553423462009675,0
184,3.700125343995751,-0.4698894659625452,-1.4695986074260254,1.1836727301227015,-1.474936844115593,-1.7838590780841272,0.007867966778576374,-0.28222548961639404,-1.265336036682129,-0.8001853227615356,-0.3660801351070404,-0.311393678188324,-0.1550488919019699,-0.26256662607192993,-0.9947459697723389,-0.5477357506752014,-0.12251268327236176,-0.16878463327884674,-0.14607727527618408,2.0553521418348346,5.975740030898361,-19.081022260207785,0.0840783283053069,-0.2669367154502398,-0.16095673333817873,-0.49491882,-1.4852687,1.1988595,-1.4629674,-1.8001169,0.000692165,-0.49491882,-1.4852687,1.1988595,-1.4629674,-1.8001169,0.000692165,-0.46988946199417114,-1.469598650932312,1.1836727857589722,-1.474936842918396,-1.783859133720398,0.007867966778576374,-0.6257337,-0.3917501,0.37966597,0.29923618,-0.40644518,-0.17939505,-0.123769656,6.358676048163147e-11,0.0,1.589669012040787e-12,0.0005882349796593189,0.0002941175,1.17647,False,3,0.3539573315368039,-0.0890671952564479,0.2426518273006124,0.2171943218958482,-0.18731665554809607,0.1130820374072907,0.9998043712962713,0.00533474907952246,0.005560181922885536,0.01821643048082671,0.17434347,-0.18901506,0.18176922,0.08097536474811008,5.175100523047149e-05,0.00013602500257547945,0.0006883480091346428,0.0003015830006916076,0.00019091299327556044,0.00010683201253414154,0.0018673169979592785,0.017965113001991995,0.019832429999951273,50.422464619941024,0
185,3.7200878619914874,-0.4733975569354456,-1.4718719285777588,1.185784641896383,-1.4732525882175942,-1.78611928621401,0.006829306483268738,-0.29497647285461426,-1.2825855016708374,-0.8454164862632751,-0.33022406697273254,-0.2908626198768616,-0.1648324429988861,-0.2631414234638214,-0.9911623597145081,-0.5470122694969177,-0.12260116636753082,-0.16915370523929596,-0.14589045941829681,2.2244032185064277,6.077234425959901,-19.25320381037273,0.0932233771188369,-0.26856798805203125,-0.16349952660251016,-0.49845016,-1.4872922,1.2012095,-1.4614463,-1.8024386,-0.00021745544,-0.49845016,-1.4872922,1.2012095,-1.4614463,-1.8024386,-0.00021745544,-0.47339755296707153,-1.4718719720840454,1.1857846975326538,-1.473252534866333,-1.7861193418502808,0.006829306483268738,-0.6263148,-0.38550484,0.3856225,0.2951562,-0.40798214,-0.17616905,-0.12709667,5.2988967068026236e-11,0.0,1.3247241767006559e-12,0.0005882349796593189,0.0002941175,1.17647,False,3,0.35259827521703585,-0.09036183370536566,0.2426585293727367,0.21719407687904235,-0.18734475483182522,0.11305980054258881,0.9997975552999978,0.005681090429078701,0.00583192995527488,0.01839873254053457,0.17434347,-0.18901506,0.18176922,0.08099351399442847,3.773599746637046e-05,0.0001114109909394756,0.0005092950013931841,0.0003820830024778843,0.0001443859946448356,0.0001002000062726438,0.0016504959930898622,0.018153301993152127,0.01980379798624199,50.49536461110721,0
186,3.7401049030013382,-0.47688275972475225,-1.4741629746607323,1.1878369490252894,-1.4715241280249138,-1.7883737722979944,0.005826250184327364,-0.2503247559070587,-1.268728256225586,-0.8350262641906738,-0.34660372138023376,-0.32175084948539734,-0.1749122440814972,-0.2628829777240753,-0.987175703048706,-0.5461947917938232,-0.12264478206634521,-0.16950027644634247,-0.14593642950057983,2.499588933904951,5.7664393668013325,-19.202074446020074,0.08170880868883133,-0.2746146301743264,-0.16454714639552703,-0.5019647,-1.4892867,1.2035508,-1.4598817,-1.8047818,-0.0010870863,-0.5019647,-1.4892867,1.2035508,-1.4598817,-1.8047818,-0.0010870863,-0.4768827557563782,-1.4741629362106323,1.18783700466156,-1.4715241193771362,-1.7883738279342651,0.005826250184327364,-0.6270485,-0.3780924,0.39284396,0.29106018,-0.4101982,-0.17283341,-0.13049842,4.4157472556688527e-11,0.0,1.1039368139172132e-12,0.0005882349796593189,0.0002941175,1.17647,False,3,0.35123542430433907,-0.09163760192710926,0.24268579076289895,0.217205645177769,-0.18729850270967663,0.1130380604775479,0.9998023295758448,0.0053983831829204285,0.006013933385729416,0.018167254367391552,0.17434347,-0.18901506,0.18176922,0.08101904391659927,5.218300793785602e-05,0.00014825401012785733,0.0007687809993512928,0.00035471700539346784,0.00024811299226712435,0.00018622599600348622,0.0022115249885246158,0.017614081007195637,0.019825605995720252,50.43982011020847,0
187,3.760100865998538,-0.48036224046816045,-1.4763289105943223,1.1899717489825647,-1.469910630290844,-1.7906959692584437,0.0048318286426365376,-0.2883121371269226,-1.250754714012146,-0.8070247769355774,-0.3245198428630829,-0.2836644947528839,-0.19792254269123077,-0.26255789399147034,-0.9838806390762329,-0.5453923344612122,-0.12294766306877136,-0.1696968972682953,-0.14576105773448944,2.7559874044073362,5.916003093826638,-19.087419737909507,0.0795585783657438,-0.27192032839465474,-0.16620518564032696,-0.5054633,-1.4911798,1.2059472,-1.4584246,-1.8071777,-0.001951566,-0.5054633,-1.4911798,1.2059472,-1.4584246,-1.8071777,-0.001951566,-0.4803622364997864,-1.47632896900177,1.1899718046188354,-1.4699106216430664,-1.7906960248947144,0.0048318286426365376,-0.6275261,-0.3712705,0.3993824,0.28715196,-0.412041,-0.16958487,-0.13367474,3.6797893797240445e-11,0.0,9.199473449310112e-13,0.0005882349796593189,0.0002941175,1.17647,False,3,0.3498810680687063,-0.09292688784147116,0.24265998721455848,0.2172007682210437,-0.18733976582998663,0.11306499864234823,0.999806618943188,0.00530897280074013,0.005534630247724166,0.01810978487421069,0.17434347,-0.18901506,0.18176922,0.08099274789441271,0.000124242011224851,0.00017712499538902193,0.0007696079992456362,0.00036880499101243913,0.0002777420013444498,0.0002757210022537038,0.0025825010088738054,0.017120913995313458,0.019703415004187264,50.75262332887397,0
188,3.7801378019939875,-0.48353368440736944,-1.4782767084291955,1.1918333212481897,-1.4683914122036477,-1.7926843802081507,0.003909451887011528,-0.325874924659729,-1.25831937789917,-0.7689987421035767,-0.31518179178237915,-0.3350432217121124,-0.17957687377929688,-0.2620820105075836,-0.9815201163291931,-0.5450842976570129,-0.12306242436170578,-0.16912710666656494,-0.14547733962535858,2.418689880604428,5.747327355357245,-18.861338525907787,0.07651582219997934,-0.2638039569019945,-0.16035222899842322,-0.50862294,-1.4928344,1.2080802,-1.4570926,-1.809267,-0.0027491944,-0.50862294,-1.4928344,1.2080802,-1.4570926,-1.809267,-0.0027491944,-0.48353368043899536,-1.4782767295837402,1.1918333768844604,-1.4683914184570312,-1.7926844358444214,0.003909451887011528,-0.627231,-0.36394277,0.40616965,0.28246942,-0.41456494,-0.16646616,-0.13826706,3.066491149770037e-11,0.0,7.666227874425093e-13,0.0005882349796593189,0.0002941175,1.17647,False,3,0.3486616470652013,-0.09407106631700933,0.2426428607814252,0.21716054447237643,-0.18734843517814867,0.11305141179250713,0.9998025017691945,0.005510742710821296,0.005997543860315349,0.01812829557202603,0.17434347,-0.18901506,0.18176922,0.08098282056743522,4.2674000724218786e-05,0.0001397580053890124,0.0007743549940641969,0.00030872999923303723,0.00016645599680487067,0.0001427630049875006,0.0020572889916365966,0.01776509400224313,0.019822382993879728,50.44802132562748,0
189,3.8001354110019747,-0.48737079301943,-1.480650619869568,1.194272820149557,-1.4665423792651673,-1.795246426259176,0.00281860725954175,-0.2521167993545532,-1.2705504894256592,-0.803147554397583,-0.3378492593765259,-0.2900731563568115,-0.17159786820411682,-0.26153886318206787,-0.9774087071418762,-0.544495165348053,-0.12333141267299652,-0.16952377557754517,-0.14522476494312286,2.534060107949778,5.429833148209446,-19.362083414186902,0.06859089112410531,-0.27007469445926857,-0.16471993366762192,-0.51248825,-1.4948835,1.2108043,-1.4554534,-1.8119076,-0.003681227,-0.51248825,-1.4948835,1.2108043,-1.4554534,-1.8119076,-0.003681227,-0.4873707890510559,-1.4806506633758545,1.1942728757858276,-1.466542363166809,-1.7952464818954468,0.00281860725954175,-0.6279357,-0.35582262,0.4132873,0.27722335,-0.4165305,-0.16249587,-0.1426333,2.5554092914750313e-11,0.0,6.388523228687578e-13,0.0005882349796593189,0.0002941175,1.17647,False,3,0.34713428181469197,-0.09546197195841677,0.2425738987599632,0.21717886106429365,-0.1873254882646549,0.11304249708382766,0.9998045767978373,0.00543315324982463,0.00550256041954006,0.018195030554773655,0.17434347,-0.18901506,0.18176922,0.0810005455587009,4.4501997763291e-05,0.00014159800775814801,0.0005755869933636859,0.00032417199690826237,0.00017090800974983722,0.00012645201059058309,0.0017985729937208816,0.01799914000730496,0.01979771300102584,50.51088476472933,0
190,3.8201441309938673,-0.4908950964557093,-1.4827828642776986,1.1964800993548792,-1.4649465021542092,-1.7975524107562464,0.0018492202507331967,-0.25633788108825684,-1.240133285522461,-0.7971607446670532,-0.3196585178375244,-0.28188982605934143,-0.19497132301330566,-0.256469190120697,-0.9717690944671631,-0.5455842614173889,-0.12412818521261215,-0.16863305866718292,-0.14488667249679565,2.509879356658307,6.177209273569141,-19.017352834969124,0.08288172267334402,-0.2657672666337753,-0.16506464755960507,-0.5160146,-1.4967078,1.2132914,-1.4540141,-1.8142555,-0.0045030946,-0.5160146,-1.4967078,1.2132914,-1.4540141,-1.8142555,-0.0045030946,-0.4908950924873352,-1.4827828407287598,1.19648015499115,-1.4649465084075928,-1.797552466392517,0.0018492202507331967,-0.6279866,-0.34812385,0.42028102,0.2733097,-0.4175762,-0.15880787,-0.14626896,2.1295077428958597e-11,0.0,5.323769357239649e-13,0.0005882349796593189,0.0002941175,1.17647,False,3,0.34575945813620795,-0.09673525374818429,0.24251586859972998,0.21718179757170306,-0.1873057191788891,0.11305788411797782,0.99980124516165,0.005382343777465637,0.00593570082050153,0.018256539294270485,0.17434347,-0.18901506,0.18176922,0.08098945852139885,4.4706001062877476e-05,0.00013713398948311806,0.000629682996077463,0.0003253229951951653,0.0001700830034678802,0.00012857599358540028,0.0018475260003469884,0.017959461998543702,0.01980698799889069,50.48723208475746,0
191,3.840085742995143,-0.4943950811969202,-1.4848411169699212,1.198684040700094,-1.4633338835886498,-1.7998512426959437,0.0009530296083539724,-0.24910196661949158,-1.2581299543380737,-0.7171719670295715,-0.32300934195518494,-0.29459476470947266,-0.19839277863502502,-0.2624029815196991,-0.971451461315155,-0.5437633395195007,-0.1233580932021141,-0.16999049484729767,-0.14511345326900482,2.480677414395487,5.819741364323307,-18.83848865429193,0.0838292181662523,-0.2622931995645471,-0.16281788809189524,-0.51950264,-1.4984398,1.2158016,-1.4526101,-1.8166498,-0.0052639944,-0.51950264,-1.4984398,1.2158016,-1.4526101,-1.8166498,-0.0052639944,-0.49439507722854614,-1.4848411083221436,1.1986840963363647,-1.4633338451385498,-1.7998512983322144,0.0009530296083539724,-0.62768877,-0.33996698,0.4279375,0.2680923,-0.41996318,-0.1554256,-0.15078169,1.7745897857465498e-11,0.0,4.4364744643663747e-13,0.0005882349796593189,0.0002941175,1.17647,False,3,0.34438632602933755,-0.09799159038571503,0.24243136740032586,0.21718000400040158,-0.18730531333146488,0.11306421328128617,0.9997980178613471,0.0056944511329018515,0.006120270110905493,0.01827699398517293,0.17434347,-0.18901506,0.18176922,0.08098314877018573,5.77549944864586e-05,0.00014292998821474612,0.0007141770038288087,0.0003428469935897738,0.0002567509945947677,0.00012920799781568348,0.002048994996584952,0.017692006993456744,0.019741001990041696,50.6559900305186,0
192,3.860109412999009,-0.49790698686708623,-1.4868522596410294,1.2010391394244593,-1.4617453080466767,-1.8021429220782679,3.888511855620891e-05,-0.3011474311351776,-1.2209528684616089,-0.7835394740104675,-0.343858927488327,-0.3212868273258209,-0.2027677446603775,-0.263516902923584,-0.9699747562408447,-0.5431658029556274,-0.12328024953603745,-0.17043951153755188,-0.14506250619888306,2.984542560830311,5.476519022484248,-19.307729940219076,0.07340600259876259,-0.2684087778759737,-0.1649429506323261,-0.5230306,-1.500125,1.2184163,-1.4512432,-1.8190211,-0.006028649,-0.5230306,-1.500125,1.2184163,-1.4512432,-1.8190211,-0.006028649,-0.49790698289871216,-1.4868522882461548,1.20103919506073,-1.461745262145996,-1.8021429777145386,3.888511855620891e-05,-0.6280898,-0.33181918,0.43442866,0.2625534,-0.42195377,-0.15168835,-0.15513228,1.478824821455458e-11,0.0,3.6970620536386457e-13,0.0005882349796593189,0.0002941175,1.17647,False,3,0.3429961409653637,-0.09923523000852702,0.24228432032268027,0.2171824721949733,-0.1873185706231604,0.11304853490352189,0.9998053261800808,0.005457244622686086,0.005781933552628915,0.01805950828212774,0.17434347,-0.18901506,0.18176922,0.08099747714055759,4.5509994379244745e-05,0.0001356069988105446,0.0006995089934207499,0.0002934360090875998,0.00019103199883829802,0.00014836499758530408,0.0019599210063461214,0.017821525994804688,0.01978144700115081,50.55241914010759,0
193,3.8800857750029536,-0.5014546553241175,-1.4887871381691475,1.2033284346209925,-1.4602393221906205,-1.8045209089862269,-0.0008714834796350601,-0.2643558084964752,-1.22635817527771,-0.7589797973632812,-0.33897244930267334,-0.32338887453079224,-0.20260366797447205,-0.2625553011894226,-0.9664774537086487,-0.5430232286453247,-0.12352632731199265,-0.17051544785499573,-0.14471539855003357,2.785683065597145,6.011241771323495,-18.84423622961846,0.07863848627272693,-0.25568701915742564,-0.15938222094790339,-0.5265803,-1.5017189,1.2209989,-1.4499518,-1.8214809,-0.0067949668,-0.5265803,-1.5017189,1.2209989,-1.4499518,-1.8214809,-0.0067949668,-0.5014546513557434,-1.4887871742248535,1.2033284902572632,-1.460239291191101,-1.8045209646224976,-0.0008714834693819284,-0.62814087,-0.32329267,0.4417607,0.25718942,-0.42399687,-0.14808708,-0.1593585,1.2323540178795486e-11,0.0,3.080885044698872e-13,0.0005882349796593189,0.0002941175,1.17647,False,3,0.34161769984570456,-0.10051577220790842,0.24214829542979946,0.21718405351445358,-0.18730403981032237,0.1130261951440428,0.9998062291910237,0.005334334329906065,0.006026872366037064,0.017963284830902516,0.17434347,-0.18901506,0.18176922,0.08101757346498423,5.641399184241891e-05,0.00014962899149395525,0.0006891899975016713,0.00032535099308006465,0.0002517440007068217,0.00013019800826441497,0.002035890007391572,0.017678971998975612,0.019714862006367184,50.723154931393196,0
194,3.9001354229985736,-0.5050023237811487,-1.4907094699195405,1.205688778554098,-1.4587198582342644,-1.8068464438067835,-0.0017655531512659195,-0.2577005624771118,-1.2432208061218262,-0.7548284530639648,-0.3583967089653015,-0.34375816583633423,-0.20052756369113922,-0.26228418946266174,-0.9626783132553101,-0.5422592163085938,-0.12367897480726242,-0.17057156562805176,-0.14447683095932007,2.4645169618826044,5.975721662934098,-18.811752748889592,0.08489701869169555,-0.2473313513609293,-0.1591253131350591,-0.53009963,-1.5032451,1.2236807,-1.4486972,-1.8239152,-0.007528454,-0.53009963,-1.5032451,1.2236807,-1.4486972,-1.8239152,-0.007528454,-0.5050023198127747,-1.4907094240188599,1.2056888341903687,-1.4587198495864868,-1.8068464994430542,-0.0017655531410127878,-0.6274325,-0.31339195,0.449798,0.2505656,-0.4267187,-0.14407253,-0.16583173,1.0269616815662906e-11,0.0,2.5674042039157266e-13,0.0005882349796593189,0.0002941175,1.17647,False,3,0.34022965390011495,-0.10177092774114797,0.24198130645212756,0.21718659818936664,-0.18731395234703735,0.11305375798005009,0.9998073356356743,0.005249281837841434,0.005586256120265623,0.018069527950601856,0.17434347,-0.18901506,0.18176922,0.08099532504202692,4.78389993077144e-05,0.00013777200365439057,0.0005887500010430813,0.00038212801155168563,0.00019327100017108023,0.00015076799900270998,0.0019981979858130217,0.017854749006801285,0.019852946992614307,50.37035561380484,0
195,3.9201045999943744,-0.5085371176349085,-1.4925873291543503,1.2081368605243128,-1.457118348484375,-1.8091710249530237,-0.0026124159442346695,-0.29348427057266235,-1.2599921226501465,-0.7934886813163757,-0.4163611829280853,-0.3451743721961975,-0.21568362414836884,-0.26266831159591675,-0.9586331844329834,-0.5419166684150696,-0.1240445002913475,-0.17095573246479034,-0.14437958598136902,3.1189715189715175,5.809213463007786,-19.327201336746924,0.06882769659001836,-0.2680801027324798,-0.1647501717694158,-0.53364116,-1.5048286,1.2263693,-1.4473506,-1.8263024,-0.008234719,-0.53364116,-1.5048286,1.2263693,-1.4473506,-1.8263024,-0.008234719,-0.5085371136665344,-1.4925873279571533,1.2081369161605835,-1.4571183919906616,-1.8091710805892944,-0.002612415933981538,-0.6276012,-0.3060297,0.45580906,0.24419418,-0.4282838,-0.14055757,-0.16986476,8.558014013052422e-12,0.0,2.1395035032631055e-13,0.0005882349796593189,0.0002941175,1.17647,False,3,0.3388148276026674,-0.1029994344527993,0.24176131026582176,0.2171884882396259,-0.18727574727768675,0.11302115379323423,0.999798412784913,0.00595781203818595,0.006128894665215176,0.01816766295720186,0.17434347,-0.18901506,0.18176922,0.08102479843736356,4.595999780576676e-05,0.00013178899826016277,0.0006417510012397543,0.0003148300020257011,0.00023336299636866897,0.000191908999113366,0.001996855004108511,0.017796347994590178,0.01979320299869869,50.522393978667594,0
196,3.9401379649934825,-0.5116718451129358,-1.4943011415055771,1.2102897802936,-1.4559152659824868,-1.8113611380206507,-0.0033796469317834976,-0.29815930128097534,-1.2666125297546387,-0.7833039164543152,-0.41262903809547424,-0.36178991198539734,-0.18741141259670258,-0.2625610828399658,-0.9544369578361511,-0.5411486625671387,-0.12431124597787857,-0.1712428629398346,-0.14424528181552887,2.5948514895877373,5.986780290526635,-18.577351431362715,0.08218267749877417,-0.24340829106373016,-0.15909579952906916,-0.5367809,-1.5061765,1.2288275,-1.4463277,-1.8285744,-0.008863535,-0.5367809,-1.5061765,1.2288275,-1.4463277,-1.8285744,-0.008863535,-0.5116718411445618,-1.494301199913025,1.2102898359298706,-1.4559152126312256,-1.8113611936569214,-0.003379646921530366,-0.62772703,-0.29688117,0.463442,0.23968908,-0.43033117,-0.1370972,-0.1737488,7.131678344210351e-12,0.0,1.782919586052588e-13,0.0005882349796593189,0.0002941175,1.17647,False,3,0.3375796357581644,-0.1041283134374988,0.2416238490854845,0.21722211339441028,-0.18728759138765294,0.11303137310554329,0.9998073819505119,0.005639583610081304,0.005350752699927291,0.01801957977546755,0.17434347,-0.18901506,0.18176922,0.0810336619001267,0.00023958900419529527,0.00017922400729730725,0.0008194060064852238,0.0003420590073801577,0.00019675299699883908,0.00012294200132600963,0.0024195560108637437,0.017382191988872364,0.019801747999736108,50.50059217061679,0
197,3.9601216099981684,-0.5155466238604944,-1.4962555107525368,1.213128391896383,-1.4543039140156289,-1.813979450856344,-0.004289929066793263,-0.27711525559425354,-1.2113864421844482,-0.8092275857925415,-0.4099434018135071,-0.3691102862358093,-0.21974220871925354,-0.26244497299194336,-0.9531329870223999,-0.5411795377731323,-0.12422168999910355,-0.1712748110294342,-0.1440652459859848,2.6463865506463637,5.499986249526932,-18.788084621469388,0.07610997295916544,-0.2452730684572216,-0.16204250821294908,-0.54062265,-1.5076942,1.232007,-1.4450423,-1.8313,-0.009602658,-0.54062265,-1.5076942,1.232007,-1.4450423,-1.8313,-0.009602658,-0.5155466198921204,-1.4962555170059204,1.2131284475326538,-1.4543038606643677,-1.8139795064926147,-0.004289929289370775,-0.62690145,-0.28596914,0.47196504,0.2315403,-0.43301412,-0.13281824,-0.18122782,5.94306528684196e-12,0.0,1.48576632171049e-13,0.0005882349796593189,0.0002941175,1.17647,False,3,0.3360244084935106,-0.10547727535791268,0.2413207858609796,0.21717822630848263,-0.18734665576959023,0.1130181046333558,0.9997990998124472,0.005576694735518223,0.006329498508327529,0.01818252666115716,0.17434347,-0.18901506,0.18176922,0.08102046866464162,3.78239928977564e-05,0.00011864099360536784,0.000715547997970134,0.00026706499920692295,0.00016895100998226553,0.00012673699529841542,0.0018037150002783164,0.01798318799410481,0.019786902994383126,50.53847993715178,0
198,3.9800923540024087,-0.5190361181842249,-1.497948781853058,1.2157557646380823,-1.4529133898070832,-1.816406551991598,-0.005041901265279591,-0.2644936740398407,-1.2131823301315308,-0.8607117533683777,-0.4088957905769348,-0.30824345350265503,-0.21314729750156403,-0.2567816376686096,-0.9505095481872559,-0.5429162383079529,-0.12534451484680176,-0.1707366555929184,-0.14368924498558044,2.9621460463596527,5.804689155109487,-19.248037274297037,0.07367694901527737,-0.24776984255437345,-0.158073686564342,-0.54409575,-1.5089998,1.2349336,-1.4438676,-1.8337656,-0.010192255,-0.54409575,-1.5089998,1.2349336,-1.4438676,-1.8337656,-0.010192255,-0.5190361142158508,-1.4979487657546997,1.215755820274353,-1.4529134035110474,-1.8164066076278687,-0.005041901487857103,-0.6264908,-0.27627727,0.47944576,0.2261468,-0.43397605,-0.12875883,-0.18586907,4.952554405701633e-12,0.0,1.2381386014254085e-13,0.0005882349796593189,0.0002941175,1.17647,False,3,0.33461741167878123,-0.10670002149429783,0.24101482623303153,0.2171943631904224,-0.1873359437062724,0.1130440286935598,0.9998035070509896,0.005646459500548296,0.005798418314027963,0.018096104169711864,0.17434347,-0.18901506,0.18176922,0.08100722780507362,3.9296995964832604e-05,0.00011387999984435737,0.0005160339933354408,0.000329486996633932,0.00015079800505191088,0.00011320799239911139,0.001603778000571765,0.018211804010206833,0.0198155820107786,50.46533578756629,0
199,4.000097550000646,-0.5225356260882776,-1.4996158865145226,1.2182720343219202,-1.45158056289468,-1.8188050428973597,-0.005832497273580373,-0.2689388394355774,-1.218647837638855,-0.8148592710494995,-0.381947785615921,-0.3241848349571228,-0.21405750513076782,-0.26250410079956055,-0.9471359252929688,-0.5392897725105286,-0.12468738853931427,-0.17215386033058167,-0.1437954306602478,2.8943758784744253,5.728205081733422,-18.971197661922062,0.08009733963835836,-0.24041971856872102,-0.15788671141420207,-0.547533,-1.5102884,1.2377895,-1.4427432,-1.8362188,-0.010835925,-0.547533,-1.5102884,1.2377895,-1.4427432,-1.8362188,-0.010835925,-0.5225356221199036,-1.4996159076690674,1.218272089958191,-1.45158052444458,-1.8188050985336304,-0.005832497496157885,-0.62493443,-0.26681048,0.48793417,0.22093377,-0.43534338,-0.12508568,-0.19134931,4.127128671418028e-12,0.0,1.031782167854507e-13,0.0005882349796593189,0.0002941175,1.17647,False,3,0.33323574623921937,-0.1079273489290214,0.2407432214661678,0.21719088752066934,-0.18732731296204558,0.11306411523506806,0.9998049661665326,0.00526315528093253,0.0054798431628261205,0.018230293295139303,0.17434347,-0.18901506,0.18176922,0.0809885279328753,6.441900040954351e-05,0.00012692200834862888,0.0007368000078713521,0.000303238004562445,0.0002023819979513064,0.0001619079994270578,0.002032969001447782,0.017784878000384197,0.01981784700183198,50.4595680806073,0
200,4.020088732999284,-0.5260098616229456,-1.5013127115419884,1.220875088368551,-1.4502979081920166,-1.8211959044085901,-0.006571594868795216,-0.3057778775691986,-1.1844375133514404,-0.8116292357444763,-0.3967018127441406,-0.30649518966674805,-0.2312004566192627,-0.2630724012851715,-0.9436420798301697,-0.5374733805656433,-0.12432429939508438,-0.17262931168079376,-0.1435062140226364,2.890491564806448,5.756782834627905,-18.902706974441006,0.08603015266243197,-0.24509723943288364,-0.15761073854927996,-0.5509865,-1.511553,1.2406886,-1.4417928,-1.8387172,-0.011414368,-0.5509865,-1.511553,1.2406886,-1.4417928,-1.8387172,-0.011414368,-0.5260098576545715,-1.5013127326965332,1.2208751440048218,-1.4502979516983032,-1.8211959600448608,-0.006571595091372728,-0.6244162,-0.2560073,0.49533483,0.21262738,-0.43803135,-0.12106931,-0.19805881,3.4392738928483567e-12,0.0,8.598184732120892e-14,0.0005882349796593189,0.0002941175,1.17647,False,3,0.3318484889386146,-0.10913326433021615,0.2404608867608719,0.21719176957807215,-0.18730175537487195,0.11305686651447723,0.9998028665539452,0.005396488972464156,0.005771978026427806,0.018214270126351562,0.17434347,-0.18901506,0.18176922,0.08099568055630015,9.237699850928038e-05,0.00012688900460489094,0.0006582740024896339,0.0002790300059132278,0.00017358000332023948,0.00012141000479459763,0.0018439629930071533,0.01796368400391657,0.019807646996923722,50.485552380618834,0
201,4.0401358810049715,-0.529571835194723,-1.5028381583145638,1.223539177571432,-1.4489445251277466,-1.8236268202411097,-0.007299248372213185,-0.25564539432525635,-1.1817342042922974,-0.7792754173278809,-0.3954164683818817,-0.2936769425868988,-0.22350409626960754,-0.26159346103668213,-0.941570520401001,-0.5380417108535767,-0.12460758537054062,-0.17257195711135864,-0.14338062703609467,3.285731342043963,5.700906762976658,-19.08842031849669,0.05987751883863595,-0.2514622322524178,-0.15899619390176195,-0.5544836,-1.5126802,1.2436956,-1.4406339,-1.8411474,-0.011975689,-0.5544836,-1.5126802,1.2436956,-1.4406339,-1.8411474,-0.011975689,-0.5295718312263489,-1.502838134765625,1.2235392332077026,-1.4489445686340332,-1.8236268758773804,-0.007299248594790697,-0.62279356,-0.24604955,0.5039108,0.20776576,-0.43801233,-0.116911024,-0.20396021,2.8660615773736304e-12,0.0,7.165153943434077e-14,0.0005882349796593189,0.0002941175,1.17647,False,3,0.33043389355165736,-0.1103623112533372,0.24009585369647876,0.21719590774841235,-0.18731657677147426,0.1130571662038372,0.9998099921839607,0.005349044523471306,0.005510944481523713,0.017915067284535888,0.17434347,-0.18901506,0.18176922,0.08099730341770611,7.569500303361565e-05,0.00012530099775176495,0.0006832160142948851,0.0003432299999985844,0.0001968340075109154,0.00011902098776772618,0.0018836359959095716,0.01800132100470364,0.019884957000613213,50.28927143112062,0
202,4.060122057999251,-0.5331342856036585,-1.5043331024101754,1.2262466589557093,-1.447785073225834,-1.8260653654681605,-0.008001152669088185,-0.2181502729654312,-1.173426866531372,-0.7717899680137634,-0.3616240322589874,-0.2815951704978943,-0.2444026917219162,-0.2606549561023712,-0.9403398036956787,-0.5389110445976257,-0.12552648782730103,-0.17273470759391785,-0.14317792654037476,3.1879122417382,5.9860578976362095,-18.721112715425242,0.07245180780881287,-0.2408297581067618,-0.15385483296870728,-0.5580728,-1.5137897,1.2466605,-1.4398065,-1.8437409,-0.012546879,-0.5580728,-1.5137897,1.2466605,-1.4398065,-1.8437409,-0.012546879,-0.5331342816352844,-1.5043331384658813,1.22624671459198,-1.4477850198745728,-1.8260654211044312,-0.00800115242600441,-0.62346363,-0.23641187,0.5103431,0.19946486,-0.44188914,-0.11364318,-0.20862561,2.388384647811359e-12,0.0,5.970961619528398e-14,0.0005882349796593189,0.0002941175,1.17647,False,3,0.32904562378478014,-0.11160268910232353,0.23973213834078602,0.21717561864824333,-0.18734669008494442,0.11305651522842228,0.9998040968904114,0.005345222269674816,0.005889494584107295,0.0181261442893769,0.17434347,-0.18901506,0.18176922,0.08098649745883492,4.5038003008812666e-05,0.00012426300963852555,0.0006978940073167905,0.00030047399923205376,0.0001558030053274706,0.00013206498988438398,0.0018743660039035603,0.017941584999789484,0.019815951003693044,50.464396072317335,0
203,4.080089184004464,-0.5366528669940394,-1.5057492193630715,1.2290108839618128,-1.4465166565826912,-1.8285158316241663,-0.008724037800924123,-0.2809087038040161,-1.2580677270889282,-0.7961905002593994,-0.3585614264011383,-0.3231121897697449,-0.21646857261657715,-0.2610764801502228,-0.9369400143623352,-0.5383332371711731,-0.12515489757061005,-0.17268851399421692,-0.14295636117458344,3.0116924081883236,5.646228447597815,-18.78706639560714,0.07678325903611388,-0.24396853871271884,-0.15787877471448442,-0.5615418,-1.5147612,1.2497387,-1.4389248,-1.8462855,-0.013110699,-0.5615418,-1.5147612,1.2497387,-1.4389248,-1.8462855,-0.013110699,-0.5366528630256653,-1.505749225616455,1.2290109395980835,-1.4465166330337524,-1.828515887260437,-0.008724037557840347,-0.6222232,-0.22529814,0.51819354,0.1897948,-0.4442387,-0.109666556,-0.21608476,1.990320539842799e-12,0.0,4.9758013496069985e-14,0.0005882349796593189,0.0002941175,1.17647,False,3,0.32763418951846296,-0.11280899846334722,0.23931311561799626,0.21719172209100723,-0.18733222909521316,0.11305342996400264,0.9998044717457081,0.005400179070609098,0.005814551711195958,0.01811340209404273,0.17434347,-0.18901506,0.18176922,0.0809979319806446,4.0557992178946733e-05,0.00011731199629139155,0.0006668300047749653,0.00033961000735871494,0.00017349299741908908,0.0001111919991672039,0.0018035769899142906,0.01799767201009672,0.019801249000011012,50.50186480658083,0
204,4.100132519000908,-0.5401156584369105,-1.5071831208518525,1.2318547407733362,-1.4453382802060624,-1.830982510243551,-0.009379212056295216,-0.28326815366744995,-1.2451444864273071,-0.7663698196411133,-0.36844539642333984,-0.2853880226612091,-0.22875821590423584,-0.2628636360168457,-0.9346756339073181,-0.5387188196182251,-0.12597642838954926,-0.1732729822397232,-0.1428760588169098,3.4341640155176587,5.919034340011109,-19.033639703592762,0.0695478778488675,-0.24498851955418677,-0.15386346335860612,-0.56494963,-1.5157582,1.252916,-1.4379874,-1.8487434,-0.013599423,-0.56494963,-1.5157582,1.252916,-1.4379874,-1.8487434,-0.013599423,-0.5401156544685364,-1.5071830749511719,1.231854796409607,-1.445338249206543,-1.8309825658798218,-0.009379211813211441,-0.62084883,-0.21437779,0.5265282,0.18377036,-0.44402105,-0.10550528,-0.2221588,1.6586004498689996e-12,0.0,4.146501124672499e-14,0.0005882349796593189,0.0002941175,1.17647,False,3,0.3262267929864472,-0.11399371284180082,0.23888837427359375,0.21719851179731847,-0.18735761276805063,0.1130145352945789,0.9997965825162204,0.0055122359061161585,0.006157984642168143,0.01839734854343702,0.17434347,-0.18901506,0.18176922,0.08103399882547623,4.2109008063562214e-05,0.00011979999544564635,0.000540210006874986,0.0003684999974211678,0.0001563139958307147,0.00011002599785570055,0.001720171989290975,0.018159016006393358,0.019879187995684333,50.30386554104195,0
205,4.120132551994175,-0.5432503859149378,-1.508423176859953,1.2343781630145472,-1.4443234515241166,-1.8331940809832972,-0.009981457387105763,-0.3007759749889374,-1.1624079942703247,-0.7647835612297058,-0.3543941378593445,-0.30978110432624817,-0.20038722455501556,-0.2626752555370331,-0.9312583804130554,-0.5380803346633911,-0.12632986903190613,-0.17363202571868896,-0.14285552501678467,3.2752159044560485,5.953052350067656,-18.415135531711805,0.07374202024329472,-0.23083152802340304,-0.15204645981898568,-0.56804097,-1.5165682,1.2557484,-1.4372565,-1.8510635,-0.014060972,-0.56804097,-1.5165682,1.2557484,-1.4372565,-1.8510635,-0.014060972,-0.5432503819465637,-1.5084232091903687,1.2343782186508179,-1.4443234205245972,-1.8331941366195679,-0.009981457144021988,-0.61976403,-0.20362362,0.5342536,0.17667452,-0.44673336,-0.10198789,-0.22840004,1.3821670415574997e-12,0.0,3.4554176038937494e-14,0.0005882349796593189,0.0002941175,1.17647,False,3,0.3249720893938606,-0.11506675469936642,0.23850754141207473,0.2171941296651024,-0.18735788127142425,0.11304020641169912,0.9998005444450996,0.0054409023061148904,0.005853682810841169,0.018301944591645164,0.17434347,-0.18901506,0.18176922,0.08100989533192844,3.94770031562075e-05,0.0001181980042019859,0.0005326710088411346,0.0002912580093834549,0.00021486800687853247,0.00011610500223468989,0.0016659139946568757,0.01817488500091713,0.019840798995574005,50.40119605178579,0
206,4.140129841995076,-0.5470579306231897,-1.5098427024534722,1.2375100294696253,-1.4431127768806,-1.8359435240374964,-0.010657612477437794,-0.2932075262069702,-1.2167139053344727,-0.764544665813446,-0.35613635182380676,-0.32138627767562866,-0.2171618938446045,-0.2609745264053345,-0.9295207858085632,-0.5373831987380981,-0.1261308342218399,-0.17353838682174683,-0.1426057368516922,3.643276385614154,5.682403387576743,-18.939002708456353,0.07192256107564653,-0.24838222461556872,-0.15800335890488487,-0.5717789,-1.5175612,1.259217,-1.4363288,-1.8538166,-0.0145727685,-0.5717789,-1.5175612,1.259217,-1.4363288,-1.8538166,-0.0145727685,-0.5470579266548157,-1.5098427534103394,1.237510085105896,-1.4431127309799194,-1.835943579673767,-0.01065761223435402,-0.6180247,-0.1929623,0.542674,0.16959786,-0.4468274,-0.0978789,-0.23535092,1.151805867964583e-12,0.0,2.879514669911458e-14,0.0005882349796593189,0.0002941175,1.17647,False,3,0.3234363569593386,-0.11637322562164705,0.23800322409243008,0.21719953331775949,-0.1873140979873323,0.1130392871093127,0.9998013254030722,0.0053996109332025985,0.006196866393648812,0.018160165999944994,0.17434347,-0.18901506,0.18176922,0.08101444110722375,3.8910991861484945e-05,0.00012734100164379925,0.0005419060034910217,0.00032971099426504225,0.00020447000861167908,0.00013525599206332117,0.001874755005701445,0.01794846799748484,0.019823223003186285,50.4458835901339,0
207,4.160140673993737,-0.5505402723895472,-1.511035231207945,1.2404406706439417,-1.4421062034419556,-1.8384421507464808,-0.011233154927388966,-0.2388533353805542,-1.1659502983093262,-0.7246059775352478,-0.32164207100868225,-0.3209347724914551,-0.21634191274642944,-0.2553114593029022,-0.9281208515167236,-0.539616584777832,-0.12693916261196136,-0.17281745374202728,-0.14230632781982422,3.3487787372919526,6.018818520595125,-18.649851431505407,0.07565219860484951,-0.23270328516331557,-0.15271441078071235,-0.5751821,-1.5182581,1.2625062,-1.4355791,-1.8563509,-0.01498275,-0.5751821,-1.5182581,1.2625062,-1.4355791,-1.8563509,-0.01498275,-0.5505402684211731,-1.5110352039337158,1.2404407262802124,-1.4421062469482422,-1.8384422063827515,-0.011233154684305191,-0.61604506,-0.1805714,0.55163795,0.16318032,-0.44771773,-0.093739875,-0.24255669,9.598382233038192e-13,0.0,2.3995955582595483e-14,0.0005882349796593189,0.0002941175,1.17647,False,3,0.3220459813514498,-0.11756607683667988,0.23749854430759076,0.21719856423744058,-0.18730349381248873,0.11305086779926195,0.999801832055053,0.005550341753152569,0.005882870999532463,0.018191084431900616,0.17434347,-0.18901506,0.18176922,0.0810043273409075,4.031199205201119e-05,0.00012099099694751203,0.0006790629995521158,0.0002666140062501654,0.000156260997755453,0.00011540799459908158,0.0017295730067417026,0.01811110498965718,0.01984067799639888,50.40150342551307,0
208,4.180132737994427,-0.5540068785296839,-1.512304813866951,1.2434356848346155,-1.4411029380610962,-1.8408926169024866,-0.01181203523744756,-0.25197634100914,-1.1788716316223145,-0.7662918567657471,-0.3459411561489105,-0.3340752124786377,-0.21446801722049713,-0.26046985387802124,-0.927075982093811,-0.5375710129737854,-0.12637002766132355,-0.1740235686302185,-0.1423064023256302,3.2852545218684446,5.72048302224939,-18.674210982978707,0.0767579848833627,-0.23282021420406815,-0.15332592091768424,-0.5786185,-1.5190492,1.2657909,-1.4350288,-1.8589187,-0.015408533,-0.5786185,-1.5190492,1.2657909,-1.4350288,-1.8589187,-0.015408533,-0.5540068745613098,-1.5123047828674316,1.2434357404708862,-1.4411029815673828,-1.8408926725387573,-0.011812034994363785,-0.6152915,-0.16860998,0.55887955,0.15185364,-0.4506497,-0.089912444,-0.25028935,7.998651860865161e-13,0.0,1.9996629652162904e-14,0.0005882349796593189,0.0002941175,1.17647,False,3,0.3206450713472664,-0.11872723857963043,0.23699903211438098,0.2171993717690356,-0.18731284828659425,0.11304040796586888,0.9997996565976813,0.005245766355505566,0.006091985238909175,0.0183320037149593,0.17434347,-0.18901506,0.18176922,0.08101343100169618,4.228200123179704e-05,0.00011952400382142514,0.0006905010086484253,0.0003279810043750331,0.00017069699242711067,0.00012420699931681156,0.0018694169993977994,0.017943377999472432,0.01981279499887023,50.47243460889906,0
209,4.200144100992475,-0.5574582258807581,-1.5133693118444462,1.2465031782733362,-1.4401032042554398,-1.8433435598956507,-0.012387100850240529,-0.27823156118392944,-1.198827862739563,-0.8352691531181335,-0.36972400546073914,-0.3382556438446045,-0.22667083144187927,-0.2613658905029297,-0.9235811829566956,-0.5360389947891235,-0.1261996626853943,-0.1745060384273529,-0.14204879105091095,3.5480933831737107,5.338040674137475,-18.78236208886419,0.061584604152363824,-0.23551511239019401,-0.1560626192656461,-0.5820065,-1.5197016,1.2691697,-1.434322,-1.8613784,-0.01584072,-0.5820065,-1.5197016,1.2691697,-1.434322,-1.8613784,-0.01584072,-0.557458221912384,-1.5133693218231201,1.246503233909607,-1.4401031732559204,-1.8433436155319214,-0.012387100607156754,-0.61370665,-0.15830815,0.566662,0.1445305,-0.45087034,-0.08634051,-0.2566293,6.665543217387634e-13,0.0,1.6663858043469087e-14,0.0005882349796593189,0.0002941175,1.17647,False,3,0.3192467955293701,-0.11987800973162152,0.23641068727089712,0.2171904204172477,-0.18731684101879573,0.11303503921485943,0.9998003591042426,0.00544316997272957,0.006313252987385937,0.018159390320227824,0.17434347,-0.18901506,0.18176922,0.08101316728667106,4.0273997001349926e-05,0.0001234820083482191,0.0005382689996622503,0.0004088099958607927,0.00017114399815909564,0.00012241900549270213,0.0017558550025569275,0.018097629988915287,0.019853484991472214,50.36899065476595,0
210,4.220133868991979,-0.5609834829913538,-1.514391006236412,1.2495668570147913,-1.4392235291055222,-1.8459251562701624,-0.01291066804994756,-0.22444863617420197,-1.170716643333435,-0.8193755149841309,-0.3225138187408447,-0.3290204405784607,-0.22659644484519958,-0.26108136773109436,-0.9231510758399963,-0.5366324782371521,-0.12725313007831573,-0.17472465336322784,-0.1418645977973938,3.473490432329457,5.793611511027264,-18.568680067784396,0.06471125143566758,-0.23049237205825177,-0.15324076036176393,-0.58545566,-1.520302,1.2725528,-1.4336668,-1.8639604,-0.016219422,-0.58545566,-1.520302,1.2725528,-1.4336668,-1.8639604,-0.016219422,-0.5609834790229797,-1.5143910646438599,1.249566912651062,-1.4392235279083252,-1.845925211906433,-0.012910667806863785,-0.6118048,-0.14777392,0.5746489,0.13891815,-0.45087802,-0.08271886,-0.26295736,5.554619347823029e-13,0.0,1.3886548369557573e-14,0.0005882349796593189,0.0002941175,1.17647,False,3,0.3178432986482393,-0.1210837225951163,0.2358343050877625,0.21718139974814116,-0.18734161464553384,0.11305236115551262,0.999809826169466,0.005189412800196176,0.005509433714495201,0.01797299070706396,0.17434347,-0.18901506,0.18176922,0.08099318422929465,3.997699241153896e-05,0.00011603999882936478,0.0005296910094330087,0.0003809569898294285,0.00015719298971816897,0.00012120700557716191,0.0016913329891394824,0.018138352999812923,0.019829685988952406,50.42944202732832,0
211,4.240138024004409,-0.5644272009478968,-1.5153355237892647,1.2526701132403772,-1.438332499270775,-1.8484247366534632,-0.013413254414693654,-0.20446494221687317,-1.212650179862976,-0.7772364616394043,-0.32695233821868896,-0.3158232271671295,-0.22675251960754395,-0.2603854238986969,-0.9213934540748596,-0.5363438725471497,-0.1272549033164978,-0.1745227426290512,-0.14183564484119415,3.4294963267424285,5.766868141613932,-18.676820621287497,0.07046252073722784,-0.22162621150062903,-0.14569685673512367,-0.588853,-1.5207396,1.2759655,-1.4331758,-1.866532,-0.016572017,-0.588853,-1.5207396,1.2759655,-1.4331758,-1.866532,-0.016572017,-0.5644271969795227,-1.5153355598449707,1.252670168876648,-1.4383325576782227,-1.8484247922897339,-0.013413254171609879,-0.61064583,-0.13509955,0.58238256,0.12891872,-0.45267993,-0.07896908,-0.27051932,4.628849456519191e-13,0.0,1.1572123641297978e-14,0.0005882349796593189,0.0002941175,1.17647,False,3,0.3164531536324017,-0.12223758343218423,0.23521601403192274,0.21720372250945486,-0.18734168006430615,0.11306332526886248,0.9998089610286375,0.005233948020829969,0.005442425416443696,0.018027716764353822,0.17434347,-0.18901506,0.18176922,0.08099569108400807,4.033399454783648e-05,0.00011651999375317246,0.0005334640009095892,0.0003721639950526878,0.0002505040029063821,0.0001231219939654693,0.0017837199993664399,0.01806196900724899,0.01984568900661543,50.388777112583824,0
212,4.26015335599368,-0.5675180594073694,-1.5161452640644093,1.25551683107485,-1.4375875306180497,-1.8506844679461878,-0.01388866106142217,-0.28021153807640076,-1.1779747009277344,-0.7855440974235535,-0.31332191824913025,-0.3617376387119293,-0.19067522883415222,-0.2607811689376831,-0.9196850061416626,-0.5363762378692627,-0.12713384628295898,-0.1747826635837555,-0.14167560636997223,3.4409883761036095,5.428899130234834,-18.706652579104468,0.06015531067012448,-0.22250078079142116,-0.14951984937226126,-0.5919488,-1.5211697,1.2790446,-1.4327408,-1.8688678,-0.01692592,-0.5919488,-1.5211697,1.2790446,-1.4327408,-1.8688678,-0.01692592,-0.5675180554389954,-1.5161452293395996,1.2555168867111206,-1.4375874996185303,-1.8506845235824585,-0.013888660818338394,-0.6107684,-0.12561204,0.58819294,0.12116628,-0.4545798,-0.07593145,-0.27562657,3.857374547099326e-13,0.0,9.643436367748315e-15,0.0005882349796593189,0.0002941175,1.17647,False,3,0.31520334359497276,-0.12327119125819233,0.23463875226398023,0.21716275516548647,-0.18735559761862336,0.11305045509431841,0.9998005644701187,0.005386464428987258,0.005511162000097253,0.01842337554832879,0.17434347,-0.18901506,0.18176922,0.08098465413394862,9.939899609889835e-05,0.00013492300058715045,0.0006311530014500022,0.0003526520013110712,0.00016968700219877064,0.00015888801135588437,0.0019400940072955564,0.017887109992443584,0.01982720399973914,50.43575483528372,0
213,4.280100282005151,-0.5713093916522425,-1.5171021495810528,1.2590392271624964,-1.4366536748460312,-1.8534744421588343,-0.014422241841451466,-0.2874647378921509,-1.1628432273864746,-0.7602158188819885,-0.34776344895362854,-0.372857004404068,-0.18830592930316925,-0.26075661182403564,-0.9163156151771545,-0.536196768283844,-0.12751421332359314,-0.17510093748569489,-0.14145910739898682,3.7309858463201753,5.727388005322412,-18.742379393316217,0.054874417228681915,-0.22201714957807117,-0.14792476444168706,-0.595672,-1.5215906,1.2829245,-1.4321661,-1.8716669,-0.017301776,-0.595672,-1.5215906,1.2829245,-1.4321661,-1.8716669,-0.017301776,-0.5713093876838684,-1.5171021223068237,1.259039282798767,-1.436653733253479,-1.853474497795105,-0.014422241598367691,-0.60906523,-0.112211615,0.59713084,0.11219203,-0.45481044,-0.07198837,-0.28347117,3.214478789249439e-13,0.0,8.036196973123597e-15,0.0005882349796593189,0.0002941175,1.17647,False,3,0.31365708991398444,-0.12452890828040283,0.2339113133903806,0.21717478415523583,-0.18737378775642097,0.11305620919394534,0.9997999839921546,0.00552045535386409,0.005956055476597496,0.018276867361753706,0.17434347,-0.18901506,0.18176922,0.08098576207247862,8.398000500164926e-05,0.00012915900151710957,0.0006645090033998713,0.0003614879969973117,0.00017212000966537744,0.0001474230084568262,0.0019557780033210292,0.017817929008742794,0.019773707012063824,50.57220678904091,0
214,4.300127157999668,-0.5746853987323206,-1.5178895492902775,1.2622459570514124,-1.4359408479980011,-1.8560321966754358,-0.014833752308980763,-0.28246355056762695,-1.1729419231414795,-0.7639474272727966,-0.32342609763145447,-0.35293257236480713,-0.19991791248321533,-0.255977600812912,-0.9167743921279907,-0.5395252108573914,-0.12855249643325806,-0.17442744970321655,-0.14133983850479126,3.6808023613761605,5.897127842989603,-18.266846999521984,0.06598862829480619,-0.21915943741011837,-0.14513952463548555,-0.5989883,-1.5218958,1.2864498,-1.4317749,-1.8742521,-0.017567782,-0.5989883,-1.5218958,1.2864498,-1.4317749,-1.8742521,-0.017567782,-0.5746853947639465,-1.5178894996643066,1.262246012687683,-1.4359408617019653,-1.8560322523117065,-0.014833752065896988,-0.60757214,-0.10015733,0.60509425,0.10415061,-0.4554945,-0.06835076,-0.29074973,2.678732324374532e-13,0.0,6.696830810936331e-15,0.0005882349796593189,0.0002941175,1.17647,False,3,0.31228182523359105,-0.1256636168999407,0.23324139462556026,0.21719485540458797,-0.1873577617171354,0.11304139139069531,0.999798535024781,0.005585514119307319,0.0059244042349110475,0.01834692237629077,0.17434347,-0.18901506,0.18176922,0.08100927633201786,4.6411005314439535e-05,0.000136850998387672,0.0006879229913465679,0.0003340179973747581,0.00017579599807504565,0.0001274759997613728,0.00189706300443504,0.017949422996025532,0.019846486000460573,50.38675360347385,0
215,4.320136784997885,-0.5780790487872522,-1.518614200209715,1.2655275503741663,-1.435254068379738,-1.8585742155658167,-0.01522857347597295,-0.2851938307285309,-1.2022318840026855,-0.77266925573349,-0.3572935461997986,-0.3322192132472992,-0.2213759422302246,-0.2617608308792114,-0.9137281775474548,-0.5360545516014099,-0.12768423557281494,-0.1756051927804947,-0.1413823515176773,4.004980516779442,5.6442313688544665,-18.829529298451142,0.05873967389259372,-0.22359735903193656,-0.14910428600167264,-0.60230047,-1.5221673,1.2900454,-1.4314117,-1.8767855,-0.01782175,-0.60230047,-1.5221673,1.2900454,-1.4314117,-1.8767855,-0.01782175,-0.5780790448188782,-1.5186141729354858,1.265527606010437,-1.4352540969848633,-1.8585742712020874,-0.015228573232889175,-0.60553616,-0.088828824,0.6129434,0.096059486,-0.45528144,-0.064829424,-0.2985506,2.2322769369787768e-13,0.0,5.580692342446942e-15,0.0005882349796593189,0.0002941175,1.17647,False,3,0.3109000654787967,-0.12679103078189213,0.23253216379359876,0.21722383864262687,-0.1873713002169594,0.1130392677325585,0.9998086055098416,0.004680152851418183,0.004939217552439163,0.018343634796989607,0.17434347,-0.18901506,0.18176922,0.08102613688071009,4.167300357948989e-05,0.00011812499724328518,0.0005195839912630618,0.000540766995982267,0.00019107700791209936,0.00012777200026903301,0.0018984589987667277,0.01795398000103887,0.0198524389998056,50.37164451228347,0
216,4.340134747995762,-0.5815008322345179,-1.5192992736450215,1.2688143889056605,-1.4346296799233933,-1.8610852400409144,-0.01568633714784795,-0.2675285339355469,-1.1977989673614502,-0.7478705644607544,-0.327763170003891,-0.35489994287490845,-0.19679608941078186,-0.2613406181335449,-0.912807047367096,-0.5355397462844849,-0.1277971714735031,-0.17612463235855103,-0.14108261466026306,3.710053014639935,5.893076587320644,-18.482136535310133,0.06359350588669584,-0.21729071186512847,-0.14362228778176422,-0.605615,-1.522331,1.2936836,-1.4310411,-1.879259,-0.018132193,-0.605615,-1.522331,1.2936836,-1.4310411,-1.879259,-0.018132193,-0.5815008282661438,-1.5192992687225342,1.2688144445419312,-1.4346296787261963,-1.861085295677185,-0.015686336904764175,-0.6028541,-0.075792305,0.62172896,0.08971248,-0.4543435,-0.061146423,-0.3062311,1.8602307808156475e-13,0.0,4.650576952039119e-15,0.0005882349796593189,0.0002941175,1.17647,False,3,0.3095268262905096,-0.1279208966262827,0.23181643963911708,0.2172182988955726,-0.1873077680363951,0.11302559474965984,0.9998025913841111,0.005393306929127626,0.00597244623750046,0.018167025973817027,0.17434347,-0.18901506,0.18176922,0.08103611768410005,3.998501051682979e-05,0.00011984400043729693,0.0005297919997246936,0.00032117299269884825,0.00024362499243579805,0.0001213710056617856,0.0017292249976890162,0.018100460001733154,0.01982968499942217,50.42944454383111,0
217,4.360127541003749,-0.584912125264303,-1.5198493611863633,1.272153679524557,-1.4340134871057053,-1.863608185444967,-0.016058270131246388,-0.22329822182655334,-1.1819920539855957,-0.7698371410369873,-0.3267843425273895,-0.34750378131866455,-0.19628633558750153,-0.2597053349018097,-0.9123245477676392,-0.5359689593315125,-0.12815038859844208,-0.1760258972644806,-0.14076094329357147,3.753772947985282,5.714445668782764,-18.591419768576202,0.053425727167451,-0.2136185144896621,-0.1422056141064876,-0.60896885,-1.522427,1.2973026,-1.4308048,-1.8818252,-0.018377936,-0.60896885,-1.522427,1.2973026,-1.4308048,-1.8818252,-0.018377936,-0.584912121295929,-1.519849419593811,1.2721537351608276,-1.4340134859085083,-1.8636082410812378,-0.016058269888162613,-0.60141814,-0.06443738,0.628723,0.08021586,-0.4554228,-0.05799166,-0.31406477,1.5501923173463728e-13,0.0,3.8754807933659325e-15,0.0005882349796593189,0.0002941175,1.17647,False,3,0.3081513539780529,-0.12904267617504772,0.23104489405579384,0.21716101104803454,-0.1873401435578371,0.11305084441869483,0.9997972936662478,0.0058866791965203535,0.006529099589997828,0.018111902830098364,0.17434347,-0.18901506,0.18176922,0.08098371976257808,4.1086997953243554e-05,0.00012288399739190936,0.0006258200010051951,0.0002545750030549243,0.00015413299843203276,0.00010999799997080117,0.0016649069875711575,0.018167323010857217,0.019832229998428375,50.42297311392849,0
218,4.3801252730045235,-0.5883196035968226,-1.520395853822567,1.2756126562701624,-1.4334320437959214,-1.866166893635885,-0.016464058552877248,-0.2650696337223053,-1.1541776657104492,-0.8327956199645996,-0.34742286801338196,-0.34094512462615967,-0.20353563129901886,-0.25877845287323,-0.9111043810844421,-0.536075234413147,-0.1281529814004898,-0.17572994530200958,-0.14078989624977112,4.114639785564224,5.7111152575882205,-18.490282469489202,0.05779070610844294,-0.2202966378310735,-0.1438044163483687,-0.6123535,-1.5224807,1.3010489,-1.4305671,-1.8843801,-0.018646317,-0.6123535,-1.5224807,1.3010489,-1.4305671,-1.8843801,-0.018646317,-0.5883195996284485,-1.5203958749771118,1.275612711906433,-1.4334321022033691,-1.8661669492721558,-0.016464058309793472,-0.6008482,-0.05212155,0.63590467,0.07162506,-0.4553294,-0.054556474,-0.3209096,1.2918269311219775e-13,0.0,3.229567327804944e-15,0.0005882349796593189,0.0002941175,1.17647,False,3,0.3067563213822178,-0.1301539342303861,0.23024429085687104,0.21721116854155362,-0.18723943933436432,0.11304693535282567,0.999812363542076,0.005041547782297427,0.00556784180685967,0.01785454088145418,0.17434347,-0.18901506,0.18176922,0.08101571065022908,3.947499499190599e-05,0.00011853099567815661,0.0005312139983288944,0.0003306599974166602,0.00015133900160435587,0.00010905400267802179,0.0016283209988614544,0.01821110100718215,0.019839422006043606,50.40469423430652,0
219,4.400136996002402,-0.5917399565326136,-1.5208230403116723,1.279205624257223,-1.4329187881997605,-1.8687203566180628,-0.016815010701314748,-0.25713303685188293,-1.1377193927764893,-0.801123321056366,-0.33915138244628906,-0.3621133267879486,-0.1942543387413025,-0.25901567935943604,-0.910061776638031,-0.5366899967193604,-0.12857279181480408,-0.1766604781150818,-0.14068546891212463,3.8414629402090243,5.664510305050779,-18.319220283874298,0.06741048371170451,-0.21046224811441455,-0.14098734755484038,-0.6156923,-1.522427,1.3049508,-1.4303764,-1.8869052,-0.018873753,-0.6156923,-1.522427,1.3049508,-1.4303764,-1.8869052,-0.018873753,-0.5917399525642395,-1.5208230018615723,1.2792056798934937,-1.4329187870025635,-1.8687204122543335,-0.016815010458230972,-0.5988098,-0.04010017,0.6436277,0.06355982,-0.45461822,-0.051468585,-0.32852837,1.076522442601648e-13,0.0,2.69130610650412e-15,0.0005882349796593189,0.0002941175,1.17647,False,3,0.30535632487845565,-0.1312596141857657,0.22937332820257694,0.2171847498287545,-0.18732423223041098,0.11306920036895642,0.9998031896605404,0.005438628946444752,0.005674251217003249,0.018214302952020516,0.17434347,-0.18901506,0.18176922,0.08098103117941101,3.976600419264287e-05,0.00011609599459916353,0.000519173001521267,0.0004061600047862157,0.0001554930058773607,0.00011402099335100502,0.0016960089997155592,0.018153559998609126,0.019849568998324685,50.378927627315264,0
220,4.420135581996874,-0.5951183477984827,-1.521226243381836,1.2826617399798792,-1.4324446034482499,-1.87128192583193,-0.017137829457418263,-0.22204136848449707,-1.1099607944488525,-0.8213146924972534,-0.35760998725891113,-0.3443222939968109,-0.19639819860458374,-0.2598792612552643,-0.9091299772262573,-0.5365779399871826,-0.1287427693605423,-0.17691971361637115,-0.140659362077713,3.938999810057358,5.562007090442488,-18.580280430315717,0.05626023530464688,-0.20401965635211913,-0.1404762460250961,-0.619049,-1.5222989,1.3086772,-1.4303173,-1.8894721,-0.019062337,-0.619049,-1.5222989,1.3086772,-1.4303173,-1.8894721,-0.019062337,-0.5951183438301086,-1.5212262868881226,1.28266179561615,-1.4324445724487305,-1.8712819814682007,-0.017137829214334488,-0.5982668,-0.026814962,0.6503848,0.053183272,-0.45475242,-0.048112668,-0.33583155,8.971020355013734e-14,0.0,2.2427550887534336e-15,0.0005882349796593189,0.0002941175,1.17647,False,3,0.30398260289034057,-0.1323628654307018,0.2285462410142702,0.21716445950505853,-0.18735856416411076,0.11300600308068114,0.999800745876388,0.005254138331451681,0.006195149179584789,0.018232918650497892,0.17434347,-0.18901506,0.18176922,0.08102321691639526,4.0220998926088214e-05,0.00011707399971783161,0.0005913570057600737,0.00038543500704690814,0.00015577599697280675,0.0001133940095314756,0.0017440340016037226,0.018091566002112813,0.019835600003716536,50.414406411332806,0
221,4.440142064995598,-0.598511044179098,-1.52158326775346,1.2862046400653284,-1.432002769117691,-1.8738368193255823,-0.017453495656148732,-0.23795461654663086,-1.1343048810958862,-0.797770619392395,-0.36167797446250916,-0.34652432799339294,-0.19345030188560486,-0.26002243161201477,-0.9072977304458618,-0.5352409482002258,-0.12860894203186035,-0.17699921131134033,-0.14055895805358887,4.215641584273422,5.8777254138163535,-18.44384839504145,0.07634456166888325,-0.2129805198258688,-0.14063186793352697,-0.6223586,-1.5222021,1.3125228,-1.4302157,-1.891999,-0.019266414,-0.6223586,-1.5222021,1.3125228,-1.4302157,-1.891999,-0.019266414,-0.5985110402107239,-1.5215833187103271,1.2862046957015991,-1.4320027828216553,-1.873836874961853,-0.017453495413064957,-0.59619,-0.015468935,0.6579512,0.044676628,-0.45405382,-0.04532296,-0.34351745,7.475850295844778e-14,0.0,1.8689625739611947e-15,0.0005882349796593189,0.0002941175,1.17647,False,3,0.302599031464549,-0.1334575591503289,0.2276837302877857,0.2171798889960544,-0.18729499701023,0.11306380836090506,0.9998027659869867,0.005502822051127654,0.005838434146818921,0.018168789531929696,0.17434347,-0.18901506,0.18176922,0.08098364992567178,4.032198921777308e-05,0.00011819100473076105,0.0005305049999151379,0.0003926510107703507,0.00023312499979510903,0.00011666900536511093,0.001776887002051808,0.018071821992634796,0.019848708994686604,50.38111044238166,0
222,4.460127377999015,-0.6018732229815882,-1.5218346577933808,1.2897775808917444,-1.4316480320743104,-1.87639028230776,-0.017752949391500294,-0.28984907269477844,-1.1285680532455444,-0.7607724666595459,-0.36777207255363464,-0.3590504825115204,-0.1975603550672531,-0.260259211063385,-0.906424343585968,-0.5360221266746521,-0.12918606400489807,-0.17725630104541779,-0.14034123718738556,4.195100308008344,5.460945407370045,-18.35995853739261,0.06339040378539211,-0.21440746885853984,-0.14192189748759865,-0.62573594,-1.5219531,1.3163415,-1.430279,-1.8945769,-0.019445557,-0.62573594,-1.5219531,1.3163415,-1.430279,-1.8945769,-0.019445557,-0.6018732190132141,-1.5218346118927002,1.2897776365280151,-1.4316480159759521,-1.8763903379440308,-0.01775294914841652,-0.5965686,-0.0029632843,0.6640983,0.03422489,-0.454664,-0.04231522,-0.3504682,6.229875246537315e-14,0.0,1.557468811634329e-15,0.0005882349796593189,0.0002941175,1.17647,False,3,0.30123210519305854,-0.134545546902509,0.22679057861819074,0.21720493098148946,-0.1873189819565406,0.11304722187037107,0.9998051868536407,0.005350804847729174,0.005632040990550314,0.018146512666438817,0.17434347,-0.18901506,0.18176922,0.08101046292310338,6.065599154680967e-05,0.000123401012388058,0.0005617660062853247,0.00024165099603123963,0.00015310700109694153,0.00011356199684087187,0.0016121419903356582,0.01819060700654518,0.019802748996880837,50.498039446821835,0
223,4.480134351004381,-0.6052101294146937,-1.5220154237798234,1.293375317250387,-1.4313448828509827,-1.8790066877948206,-0.018028084431783498,-0.29763561487197876,-1.120977759361267,-0.7617194652557373,-0.3578833043575287,-0.32716038823127747,-0.1821519434452057,-0.2596014738082886,-0.862280547618866,-0.53680819272995,-0.1294160783290863,-0.17738991975784302,-0.14024841785430908,4.20547460763669,5.53591398723284,-18.281227115639,0.06563404640242004,-0.2115383966588723,-0.1405032258375562,-0.6289878,-1.5216885,1.3202473,-1.4302973,-1.8971578,-0.019616611,-0.6289878,-1.5216885,1.3202473,-1.4302973,-1.8971578,-0.019616611,-0.6052101254463196,-1.5220154523849487,1.2933753728866577,-1.4313448667526245,-1.8790067434310913,-0.018028084188699722,-0.59444094,0.008173722,0.6717977,0.026191652,-0.45377514,-0.039713178,-0.35823205,5.1915627054477636e-14,0.0,1.2978906763619409e-15,0.0005882349796593189,0.0002941175,1.17647,False,3,0.299864550943446,-0.1356348845036623,0.2258807241837047,0.21722114791628483,-0.187291118255111,0.1130546657744333,0.9998108903120103,0.005292967379014608,0.0056417649468638725,0.01784102480522854,0.17434347,-0.18901506,0.18176922,0.08101331840538512,3.9677994209341705e-05,0.0001184069988084957,0.0005178019928280264,0.0003713229962158948,0.0001677190011832863,0.00012074000551365316,0.0016875560104381293,0.01815210199856665,0.01983965800900478,50.404094644480374,0
224,4.500141092998092,-0.6085522810565394,-1.5220514100841065,1.2971094290362757,-1.431023271088936,-1.881519619618551,-0.018291298543111623,-0.2366383671760559,-1.1577510833740234,-0.7958276271820068,-0.3938632905483246,-0.33758509159088135,-0.1771383136510849,-0.2602955996990204,-0.8006603121757507,-0.537468433380127,-0.12992386519908905,-0.17769478261470795,-0.14015403389930725,4.39064277978343,5.686115990151565,-18.487325202905122,0.059628077031722314,-0.20640961239384556,-0.13631222694048445,-0.6322557,-1.5212796,1.324278,-1.4302899,-1.8996692,-0.01978149,-0.6322557,-1.5212796,1.324278,-1.4302899,-1.8996692,-0.01978149,-0.6085522770881653,-1.522051453590393,1.2971094846725464,-1.4310232400894165,-1.8815196752548218,-0.018291298300027847,-0.59258527,0.019297268,0.67921406,0.018333409,-0.45373863,-0.037254795,-0.3661514,4.3263022545398035e-14,0.0,1.0815755636349509e-15,0.0005882349796593189,0.0002941175,1.17647,False,3,0.29849064887810217,-0.1366878806984863,0.22487637591228749,0.2171941044985007,-0.18729137604798868,0.11307176053128165,0.9998040961667034,0.005449931805827497,0.0058592232829778115,0.018102262458344925,0.17434347,-0.18901506,0.18176922,0.08098450134750168,4.006498784292489e-05,0.00013499300985131413,0.0006746029976056889,0.00028466200456023216,0.00016738798876758665,0.00012680400686804205,0.001842742000008002,0.018001864998950623,0.019844606998958625,50.391524511041034,0
225,4.52013019399601,-0.6115544478045862,-1.52206181481991,1.3004401365863245,-1.4308600735715409,-1.8838022390948694,-0.018502537404195607,-0.297979474067688,-1.114038348197937,-0.7411770224571228,-0.3871963322162628,-0.33022648096084595,-0.17738863825798035,-0.259023517370224,-0.7386336326599121,-0.537761926651001,-0.1323506087064743,-0.17798198759555817,-0.14006999135017395,4.230652624890703,5.551025659881642,-18.643177081342056,0.05861395707020039,-0.20050532417876504,-0.13481335325549035,-0.6352373,-1.5207998,1.3278543,-1.4304763,-1.9019202,-0.019887552,-0.6352373,-1.5207998,1.3278543,-1.4304763,-1.9019202,-0.019887552,-0.6115544438362122,-1.522061824798584,1.3004401922225952,-1.4308600425720215,-1.8838022947311401,-0.01850253716111183,-0.59207064,0.03155269,0.6853533,0.009592361,-0.45294833,-0.034625366,-0.37280065,3.60525187878317e-14,0.0,9.013129696957925e-16,0.0005882349796593189,0.0002941175,1.17647,False,3,0.29727500789286,-0.1376488941720877,0.22399301408153913,0.21719163776961517,-0.18732507704135257,0.11302277602379573,0.9998041217191812,0.0052883117085054925,0.005846169994466738,0.018152724855168008,0.17434347,-0.18901506,0.18176922,0.08102404359744762,0.00013094399764668196,0.00011887300934176892,0.0006293429905781522,0.00043273798655718565,0.00019438700110185891,0.00015825600712560117,0.0020203570020385087,0.017792787999496795,0.019813145001535304,50.47154300453113,0
226,4.5401415529922815,-0.6152275244342249,-1.522049942319729,1.3045037428485315,-1.4307008993676682,-1.886629883443014,-0.018776718770162404,-0.29277580976486206,-1.0144819021224976,-0.7815727591514587,-0.34904757142066956,-0.32539477944374084,-0.17801311612129211,-0.258371502161026,-0.6446740031242371,-0.5367489457130432,-0.1634950488805771,-0.17795580625534058,-0.14001746475696564,3.9363621503930553,5.7394052959293225,-18.293374754738952,0.07339465428029479,-0.184155928603873,-0.13029596518160116,-0.6388426,-1.5201902,1.3322574,-1.430645,-1.904663,-0.020038603,-0.6388426,-1.5201902,1.3322574,-1.430645,-1.904663,-0.020038603,-0.6152275204658508,-1.522049903869629,1.3045037984848022,-1.4307008981704712,-1.8866299390792847,-0.01877671852707863,-0.59037644,0.04649272,0.6938412,0.0013972995,-0.45082667,-0.031547092,-0.38174343,3.0043765656526416e-14,0.0,7.510941414131604e-16,0.0005882349796593189,0.0002941175,1.17647,False,3,0.2957866216626362,-0.13882760900743985,0.2229191994812197,0.2172673822697214,-0.18728421398630327,0.11306846006833993,0.9998357453589776,0.0037024935866267245,0.003108800103849941,0.017466885205657815,0.17434347,-0.18901506,0.18176922,0.0810262491165925,3.9874998037703335e-05,0.00012847200559917837,0.0005463850102387369,0.00028692900377791375,0.00024693399609532207,0.00017948300228454173,0.001918377005495131,0.01792249699064996,0.019840873996145092,50.401005530013,0
227,4.560132458005683,-0.6185606161700647,-1.5220154088786622,1.3083704153644007,-1.4305768770030518,-1.889151398335592,-0.019004170094625294,-0.23097190260887146,-0.8862252831459045,-0.8010580539703369,-0.3776938319206238,-0.3340345025062561,-0.17620064318180084,-0.253836989402771,-0.5780448317527771,-0.54012531042099,-0.19404096901416779,-0.17693322896957397,-0.13979890942573547,4.605822255973052,5.744035994810726,-18.476944306555005,0.06345563203102492,-0.2056414996079559,-0.13581489905976085,-0.64214164,-1.5196121,1.3363906,-1.4310126,-1.9071659,-0.020158151,-0.64214164,-1.5196121,1.3363906,-1.4310126,-1.9071659,-0.020158151,-0.6185606122016907,-1.5220154523849487,1.3083704710006714,-1.4305769205093384,-1.8891514539718628,-0.01900416985154152,-0.5895252,0.060083546,0.70050335,-0.01089358,-0.4503602,-0.028849514,-0.3901425,2.503647138043868e-14,0.0,6.25911784510967e-16,0.0005882349796593189,0.0002941175,1.17647,False,3,0.29441531202648547,-0.13986459444220223,0.22188495276517134,0.21726230813849207,-0.1872909368505584,0.11305098714357163,0.9998343294169892,0.003907533619605017,0.0034364925220266907,0.0174436890506682,0.17434347,-0.18901506,0.18176922,0.08103823389602158,0.00018610699044074863,0.00013966098777018487,0.0006857669941382483,0.0002970909990835935,0.00017135700909420848,0.00013369700172916055,0.0020242559985490516,0.01778093101165723,0.019805187010206282,50.49182315141312,0
228,4.580129658002988,-0.6218507925616663,-1.5219302785447617,1.3121898810016077,-1.4305328142694016,-1.8916366736041468,-0.019192043934957326,-0.2881713807582855,-0.8373140692710876,-0.7891995906829834,-0.37019768357276917,-0.355989545583725,-0.1568247675895691,-0.26010987162590027,-0.5017233490943909,-0.5362879037857056,-0.2262534499168396,-0.17795725166797638,-0.13447904586791992,4.380962128264976,5.300057360514079,-18.468020827459526,0.05959808507406565,-0.1924946731873201,-0.13549763228100462,-0.64540493,-1.5191114,1.3404531,-1.431368,-1.9096317,-0.020269698,-0.64540493,-1.5191114,1.3404531,-1.431368,-1.9096317,-0.020269698,-0.6218507885932922,-1.5219303369522095,1.3121899366378784,-1.4305328130722046,-1.8916367292404175,-0.01919204369187355,-0.58885396,0.070472464,0.7065808,-0.020879418,-0.44987434,-0.026941326,-0.39734873,2.086372615036557e-14,0.0,5.215931537591392e-16,0.0005882349796593189,0.0002941175,1.17647,False,3,0.2930725909675345,-0.14088953784365027,0.22085878138634785,0.21727472913997384,-0.18727964464767352,0.1130447463523282,0.9998304383776816,0.003907174975115015,0.0033760302164399154,0.017676040979136033,0.17434347,-0.18901506,0.18176922,0.081050345553504,4.554000042844564e-05,0.00013170500460546464,0.0006727099971612915,0.00030986699857749045,0.00017276399012189358,0.00012985999637749046,0.0018903080053860322,0.01792467500490602,0.019814983010292053,50.466861338240484,0
229,4.6001406269933796,-0.6252072493182581,-1.52163419247184,1.316047493611471,-1.4305208784392853,-1.894205395375387,-0.019363228474752248,-0.2580231726169586,-0.8204676508903503,-0.7938640713691711,-0.37422120571136475,-0.35544508695602417,-0.1745966672897339,-0.26121509075164795,-0.49485617876052856,-0.535459578037262,-0.26202523708343506,-0.17839586734771729,-0.12499645352363586,4.586763057749834,5.732523246614421,-18.268000506392756,0.05865850632518971,-0.1909211847090126,-0.1297150311347513,-0.6486958,-1.5183291,1.3445939,-1.4317093,-1.9121242,-0.020353116,-0.6486958,-1.5183291,1.3445939,-1.4317093,-1.9121242,-0.020353116,-0.625207245349884,-1.5216342210769653,1.3160475492477417,-1.4305208921432495,-1.8942054510116577,-0.019363228231668472,-0.5872153,0.08262734,0.7136593,-0.029711194,-0.44796765,-0.02474718,-0.40583298,1.7386438458637974e-14,0.0,4.3466096146594936e-16,0.0005882349796593189,0.0002941175,1.17647,False,3,0.2917149969140418,-0.14194768078164616,0.21976715226208227,0.21725772384183747,-0.18725926874178742,0.11307024593976939,0.9998333989809108,0.0042217192720028236,0.003674461651734007,0.017372305867698896,0.17434347,-0.18901506,0.18176922,0.08102015539907476,0.0001825900108087808,0.00012502499157562852,0.0006454730028053746,0.0003920900053344667,0.0001726700138533488,0.00014653700054623187,0.002020440995693207,0.017813735001254827,0.019834175996948034,50.41802594440395,0
230,4.620132962998468,-0.6285126844989222,-1.5213764396360894,1.3199504057513636,-1.4305089724114914,-1.8967111746417444,-0.019535366688863576,-0.24744533002376556,-0.8158533573150635,-0.7578111290931702,-0.429441899061203,-0.32976025342941284,-0.16494178771972656,-0.26003021001815796,-0.49879756569862366,-0.5372995734214783,-0.3034217655658722,-0.17831140756607056,-0.11592818796634674,4.534274771566024,5.700777669802497,-18.345401427764827,0.0674110556864837,-0.19306705744202804,-0.1306432166057937,-0.65196836,-1.5175306,1.348763,-1.4321669,-1.9145641,-0.020430386,-0.65196836,-1.5175306,1.348763,-1.4321669,-1.9145641,-0.020430386,-0.6285126805305481,-1.5213764905929565,1.3199504613876343,-1.4305089712142944,-1.8967112302780151,-0.0195353664457798,-0.58639264,0.09614684,0.7203141,-0.04144975,-0.44632158,-0.022375498,-0.4142982,1.4488698715531646e-14,0.0,3.6221746788829115e-16,0.0005882349796593189,0.0002941175,1.17647,False,3,0.2903581221422991,-0.14296336180030905,0.21867370144125423,0.21729457907572441,-0.18725618393244772,0.11302609724437833,0.9998263247096313,0.004445060966513907,0.003639610690831347,0.01772814448599543,0.17434347,-0.18901506,0.18176922,0.08107717866754878,4.080998769495636e-05,0.0001168570015579462,0.0005285389925120398,0.00035111700708512217,0.000173562002601102,0.00010990499868057668,0.0016702089924365282,0.018158684004447423,0.01982889299688395,50.431458788806154,0
231,4.640135588997509,-0.6315010229693812,-1.5210516278496762,1.323442284260885,-1.4305328142694016,-1.8990195433246058,-0.019651238118306935,-0.2570999264717102,-0.7906315326690674,-0.7415072917938232,-0.5385527610778809,-0.33723488450050354,-0.1689683198928833,-0.2600094676017761,-0.49757662415504456,-0.5374250411987305,-0.33876845240592957,-0.17833548784255981,-0.10779760032892227,4.696812137569717,5.590948354374528,-18.083354078140918,0.06380071706227397,-0.19277042341642814,-0.13188967467968032,-0.65493417,-1.5167519,1.3524787,-1.4325694,-1.9167899,-0.020467376,-0.65493417,-1.5167519,1.3524787,-1.4325694,-1.9167899,-0.020467376,-0.6315010190010071,-1.5210516452789307,1.3234423398971558,-1.4305328130722046,-1.8990195989608765,-0.01965123787522316,-0.5858289,0.107492685,0.725909,-0.050915666,-0.44425797,-0.020403465,-0.4216343,1.2073915596276371e-14,0.0,3.018478899069093e-16,0.0005882349796593189,0.0002941175,1.17647,False,3,0.2891363756500532,-0.14389250821341795,0.21767774271710824,0.21725123874765737,-0.18729009675243002,0.11303056360807293,0.9998242797147628,0.004251881063997146,0.004406841246595365,0.017716898623182466,0.17434347,-0.18901506,0.18176922,0.08104971041262705,4.0411003283225e-05,0.0001281970035051927,0.0005530299968086183,0.0003923430049326271,0.00025015699793584645,0.00011701800394803286,0.0018251050059916452,0.018013840992352925,0.01983894599834457,50.40590362428747,0
232,4.660135315003572,-0.6351006666766565,-1.520581917171814,1.3278463522540491,-1.4306486260942002,-1.9017680327044886,-0.01982576051820928,-0.26899898052215576,-0.787483274936676,-0.7415134906768799,-0.6351354122161865,-0.3587406873703003,-0.16592569649219513,-0.259543240070343,-0.49728408455848694,-0.5378846526145935,-0.3794260323047638,-0.1782844066619873,-0.09740126878023148,4.635464539187954,5.649899376363021,-18.343601749559163,0.06648167326135233,-0.1909922326219686,-0.1296292470955801,-0.6586254,-1.5157881,1.3570881,-1.4332454,-1.9196112,-0.020563401,-0.6586254,-1.5157881,1.3570881,-1.4332454,-1.9196112,-0.020563401,-0.6351006627082825,-1.5205819606781006,1.3278464078903198,-1.430648684501648,-1.9017680883407593,-0.019825760275125504,-0.58811873,0.11984733,0.7310406,-0.06491957,-0.44607702,-0.018441025,-0.4295903,1.006159633023031e-14,0.0,2.5153990825575775e-16,0.0005882349796593189,0.0002941175,1.17647,False,3,0.28765299299804814,-0.14498836784515656,0.2164037058457587,0.21727363903516456,-0.18727621772403652,0.1130106822421206,0.9998226100839956,0.004516216465558716,0.00453792914531329,0.01771256782027662,0.17434347,-0.18901506,0.18176922,0.08107872753681801,4.051299765706062e-05,0.00012010900536552072,0.0006224529934115708,0.0002956809912575409,0.00015769500168971717,0.0001095970073947683,0.0016868740058271214,0.01815446899854578,0.019841343004372902,50.39981415469742,0
233,4.680094904004363,-0.6380160490619105,-1.5201274913600464,1.3314240614520472,-1.4308984589627762,-1.9040020147906702,-0.01995736757387334,-0.29213330149650574,-0.7713537216186523,-0.7364203929901123,-0.6287515163421631,-0.3525829613208771,-0.16434848308563232,-0.2545563876628876,-0.5010275840759277,-0.542542040348053,-0.3940544128417969,-0.17743606865406036,-0.08728889375925064,4.651162349409626,5.6796794776334565,-18.060193635421843,0.062330908566764195,-0.18070392773000513,-0.12369105974068056,-0.6614742,-1.5149779,1.3609093,-1.4337171,-1.9217539,-0.020653857,-0.6614742,-1.5149779,1.3609093,-1.4337171,-1.9217539,-0.020653857,-0.6380160450935364,-1.520127534866333,1.3314241170883179,-1.4308984279632568,-1.904002070426941,-0.019957367330789566,-0.5864541,0.12873946,0.73713094,-0.07046689,-0.4437961,-0.017412253,-0.4360312,8.384663608525259e-15,0.0,2.0961659021313147e-16,0.0005882349796593189,0.0002941175,1.17647,False,3,0.2864743869743689,-0.14589029286937874,0.2153648864779192,0.2172244935654236,-0.18728571280025416,0.11302936676598019,0.9998171575991691,0.0046443423573229985,0.005002336769521323,0.017863372874689462,0.17434347,-0.18901506,0.18176922,0.0810366633353257,8.988199988380075e-05,0.0001172339980257675,0.0005230740061961114,0.00035969799500890076,0.00015545300266239792,0.00010990799637511373,0.0017016049969242886,0.01809392600262072,0.019795530999545008,50.51645242671109,0
234,4.7001326869940385,-0.6412971655475062,-1.519586132173874,1.3354409376727503,-1.4311142575791855,-1.9064963499652308,-0.02001506487001592,-0.2831369936466217,-0.7470890879631042,-0.7520836591720581,-0.6640468239784241,-0.32165807485580444,-0.17463555932044983,-0.26200538873672485,-0.4973927140235901,-0.5388285517692566,-0.39400985836982727,-0.17903165519237518,-0.07782366871833801,4.901675279565989,5.821214228681867,-18.174295392739438,0.07176312621266248,-0.17645120860444954,-0.12258032824397916,-0.66463673,-1.5139371,1.36522,-1.4342234,-1.924024,-0.02064251,-0.66463673,-1.5139371,1.36522,-1.4342234,-1.924024,-0.02064251,-0.6412971615791321,-1.5195860862731934,1.335440993309021,-1.4311143159866333,-1.9064964056015015,-0.020015064626932144,-0.5834885,0.1412234,0.7444733,-0.07772599,-0.43818867,-0.015686126,-0.44548792,6.987219673771049e-15,0.0,1.7468049184427623e-16,0.0005882349796593189,0.0002941175,1.17647,False,3,0.28513557474438767,-0.14688576501120024,0.21418580477838572,0.21720367706044572,-0.18731236335332205,0.11304167890106966,0.9998152977390103,0.004988031266832934,0.005026533545884921,0.01786806768738962,0.17434347,-0.18901506,0.18176922,0.08101464058151861,0.00017629200010560453,0.00012336600048001856,0.0005209960072534159,0.0003434710088185966,0.00015524699119850993,0.00011170899961143732,0.0017941510013770312,0.018081420988892205,0.019875571990269236,50.3130174311252,0
235,4.720137483993312,-0.6448968092547815,-1.5188786548427125,1.3400009314166468,-1.4315001678517838,-1.9092758337603968,-0.020185295735494435,-0.2675076425075531,-0.7808325886726379,-0.815337061882019,-0.6471177339553833,-0.34821978211402893,-0.17288510501384735,-0.2557067275047302,-0.5029038190841675,-0.5423564314842224,-0.39428240060806274,-0.17823299765586853,-0.0716366395354271,4.735468811671593,5.48318434108105,-18.16885370384279,0.06449093335579847,-0.1823812027385759,-0.1275150889810996,-0.6682599,-1.5127234,1.370013,-1.4351419,-1.9268295,-0.02075303,-0.6682599,-1.5127234,1.370013,-1.4351419,-1.9268295,-0.02075303,-0.6448968052864075,-1.518878698348999,1.3400009870529175,-1.4315001964569092,-1.9092758893966675,-0.02018529549241066,-0.5840773,0.1538828,0.7503002,-0.091042966,-0.4388384,-0.014193351,-0.45445457,5.822683061475874e-15,0.0,1.4556707653689685e-16,0.0005882349796593189,0.0002941175,1.17647,False,3,0.28366253321642804,-0.14798068397911873,0.21283283903184758,0.21719431204985293,-0.18728932342487245,0.11307364488915618,0.9998118042142214,0.004801432187032191,0.0048753489622168685,0.018152118706593477,0.17434347,-0.18901506,0.18176922,0.08098305642954576,4.036199243273586e-05,0.0001156109938165173,0.0005125480092829093,0.0004544830007944256,0.00017534299695398659,0.00011466498835943639,0.0017534690123284236,0.018087020987877622,0.019840490000206046,50.40198099893777,0
236,4.740136694003013,-0.6481712500201624,-1.518200473194458,1.344144646321432,-1.4318667215159913,-1.9116976896869105,-0.020292584096090138,-0.2887116074562073,-0.7370485067367554,-0.7892885208129883,-0.6295056343078613,-0.34853678941726685,-0.1909784972667694,-0.25448542833328247,-0.5020006895065308,-0.5417009592056274,-0.39352649450302124,-0.17742733657360077,-0.06483327597379684,4.7946225935023445,5.492647040964758,-18.058730122979043,0.0727961826982337,-0.17615830995112802,-0.12361586025564397,-0.6715277,-1.5115792,1.3743954,-1.4358828,-1.9291904,-0.020820312,-0.6715277,-1.5115792,1.3743954,-1.4358828,-1.9291904,-0.020820312,-0.6481712460517883,-1.5182005167007446,1.3441447019577026,-1.4318667650222778,-1.9116977453231812,-0.020292583853006363,-0.5839112,0.16553426,0.7562675,-0.100399815,-0.43731558,-0.013193207,-0.46148875,4.852235884563228e-15,0.0,1.213058971140807e-16,0.0005882349796593189,0.0002941175,1.17647,False,3,0.2823347329610708,-0.1489505579893537,0.2115906243246037,0.21720231022935754,-0.18727887237791072,0.11305201030225963,0.9998011549220133,0.005416236682426516,0.005983152593193699,0.018233816595104105,0.17434347,-0.18901506,0.18176922,0.08100586398412346,4.012900171801448e-05,0.00011982899741269648,0.0005297440075082704,0.00035374300205148757,0.00022562399681191891,0.00013803000911138952,0.0017593049997230992,0.01807899599953089,0.01983830099925399,50.40754246231089,0
237,4.76012920300127,-0.6514261404620569,-1.5174401563457032,1.3481977621661585,-1.432343290453293,-1.9141667524920862,-0.020368878041402638,-0.2919289171695709,-0.7337938547134399,-0.7278169393539429,-0.6366701722145081,-0.35161250829696655,-0.15528614819049835,-0.2621020972728729,-0.4966803789138794,-0.5362401008605957,-0.39364832639694214,-0.17922943830490112,-0.05778317525982857,4.803069529340394,5.372572384178424,-17.980108197492992,0.06835986388170347,-0.1710201555826208,-0.12114037832283878,-0.67475206,-1.5103694,1.3786794,-1.4367939,-1.9315891,-0.020857386,-0.67475206,-1.5103694,1.3786794,-1.4367939,-1.9315891,-0.020857386,-0.6514261364936829,-1.5174401998519897,1.3481978178024292,-1.4323432445526123,-1.914166808128357,-0.020368877798318863,-0.583148,0.1767706,0.7620382,-0.11126675,-0.43555906,-0.012212735,-0.46971187,4.04352990380269e-15,0.0,1.0108824759506726e-16,0.0005882349796593189,0.0002941175,1.17647,False,3,0.28103280329975217,-0.14994050795480257,0.2103685495533082,0.21719766298277016,-0.18729434708548834,0.11305000469069915,0.9998064560308596,0.005296520389341993,0.005584711759299571,0.018106144823522526,0.17434347,-0.18901506,0.18176922,0.08100477652415672,5.91529969824478e-05,0.00011861699749715626,0.0006044649926479906,0.00034957700700033456,0.00017304699576925486,0.00011232399265281856,0.0017779360059648752,0.01804637399618514,0.019824310002150014,50.44311756079009,0
238,4.780088195999269,-0.6546810309039515,-1.5166027669659634,1.3523653189288538,-1.4327621769956131,-1.9165886084186,-0.020432774220601857,-0.2702789008617401,-0.7490752339363098,-0.775280773639679,-0.6388242840766907,-0.3740628957748413,-0.17339682579040527,-0.26264774799346924,-0.49751877784729004,-0.5361499190330505,-0.3939266502857208,-0.1786944419145584,-0.05464765056967735,4.902870410816526,5.260722054630781,-18.231052154129756,0.06391712070388292,-0.17026971614734598,-0.12181023781974876,-0.6780633,-1.5090637,1.3830347,-1.437848,-1.934034,-0.020866014,-0.6780633,-1.5090637,1.3830347,-1.437848,-1.934034,-0.020866014,-0.6546810269355774,-1.5166027545928955,1.3523653745651245,-1.4327621459960938,-1.9165886640548706,-0.02043277397751808,-0.58455616,0.18847667,0.76673466,-0.12714641,-0.43613347,-0.010831015,-0.47902206,3.3696082531689086e-15,0.0,8.424020632922271e-17,0.0005882349796593189,0.0002941175,1.17647,False,3,0.27970676962880325,-0.15089381019668668,0.20908346493481583,0.21719820008247168,-0.18729632041051267,0.11305896238341714,0.9998083666433798,0.005211255603557271,0.005468266648129727,0.018060882541251547,0.17434347,-0.18901506,0.18176922,0.08099741980942148,3.9471997297368944e-05,0.0001149989984696731,0.0006036410050000995,0.0002928670000983402,0.00015390999033115804,0.00010776499402709305,0.0016476070013595745,0.01815534300112631,0.019802950002485886,50.497526877281864,0
239,4.8001291069958825,-0.6579607168780726,-1.5157265228084107,1.35661489168276,-1.4333151590875168,-1.9190571943866175,-0.020528141652242482,-0.26557958126068115,-0.7476383447647095,-0.7289396524429321,-0.6187268495559692,-0.34512045979499817,-0.17411407828330994,-0.2609250247478485,-0.499823659658432,-0.5385433435440063,-0.3946555554866791,-0.17846240103244781,-0.05147254094481468,4.948788997808977,5.380934657503576,-18.115345346803927,0.06900211331630776,-0.16712894796429975,-0.11800471309839988,-0.68129945,-1.5077329,1.3875289,-1.4387817,-1.9363207,-0.020931995,-0.68129945,-1.5077329,1.3875289,-1.4387817,-1.9363207,-0.020931995,-0.6579607129096985,-1.5157265663146973,1.3566149473190308,-1.4333151578903198,-1.9190572500228882,-0.020528141409158707,-0.58346796,0.19984128,0.7728484,-0.13666433,-0.43158403,-0.010096327,-0.4875503,2.8080068776407575e-15,0.0,7.020017194101894e-17,0.0005882349796593189,0.0002941175,1.17647,False,3,0.2783762916682154,-0.15186150344382537,0.2077824272796062,0.21718767647523282,-0.1873012946188484,0.1130443176761708,0.9998021702956299,0.005726408567484567,0.005915330269336464,0.01810681601089342,0.17434347,-0.18901506,0.18176922,0.08100417135868228,9.775100625120103e-05,0.00012310600141063333,0.0006133020069682971,0.000393476992030628,0.00017535200458951294,0.00011338100011926144,0.001900178991490975,0.01799959799973294,0.019899776991223916,50.25181942697218,0
240,4.820132103996002,-0.661262337361471,-1.5147029769471665,1.3608630339251917,-1.433880017404892,-1.9215148130999964,-0.020580593739644826,-0.2608495354652405,-0.8101029396057129,-0.7463840842247009,-0.6602368950843811,-0.38336145877838135,-0.17291612923145294,-0.2608312964439392,-0.5010455250740051,-0.5400996804237366,-0.39556336402893066,-0.1786130666732788,-0.04667450487613678,5.148856106232607,5.271899840353932,-18.0644580620533,0.06945672455526612,-0.17373756974593985,-0.12075268699451186,-0.6846325,-1.506291,1.3919656,-1.4399272,-1.9387887,-0.020962525,-0.6846325,-1.506291,1.3919656,-1.4399272,-1.9387887,-0.020962525,-0.6612623333930969,-1.5147030353546143,1.3608630895614624,-1.4338799715042114,-1.921514868736267,-0.02058059349656105,-0.58425325,0.21029957,0.77756214,-0.15118252,-0.43184328,-0.009548271,-0.49631277,2.3400057313672982e-15,0.0,5.850014328418246e-17,0.0005882349796593189,0.0002941175,1.17647,False,3,0.2770451413168962,-0.15282912532331655,0.20644090709594395,0.21720269572604017,-0.18730055108335128,0.11306540748883158,0.999808124107355,0.005185747136135297,0.0053501306373003685,0.018117230502358212,0.17434347,-0.18901506,0.18176922,0.08099424165986553,4.019000334665179e-05,0.00011672699474729598,0.0005115400126669556,0.00034020000020973384,0.0001726340124150738,0.00016617799701634794,0.0016954210004769266,0.018145691996323876,0.019841112996800803,50.400398413195916,0
241,4.840090647994657,-0.6645734945880335,-1.513697077786066,1.365091625844137,-1.4345449221185227,-1.923943821583883,-0.02065593401064092,-0.27275967597961426,-0.7543157339096069,-0.7243636250495911,-0.6610823273658752,-0.3521836996078491,-0.15887735784053802,-0.25981879234313965,-0.5023816227912903,-0.5401422381401062,-0.39536812901496887,-0.17821726202964783,-0.04192011430859566,5.201798656187675,5.461300015584042,-18.135198633326198,0.05919688932253382,-0.15918906243867614,-0.1193531023280004,-0.68795145,-1.504755,1.3964175,-1.4410261,-1.94108,-0.021006826,-0.68795145,-1.504755,1.3964175,-1.4410261,-1.94108,-0.021006826,-0.6645734906196594,-1.5136970281600952,1.3650916814804077,-1.4345449209213257,-1.9239438772201538,-0.020655933767557144,-0.58444905,0.22355083,0.7831457,-0.16203001,-0.42840117,-0.008772298,-0.5045057,1.950004776139415e-15,0.0,4.875011940348538e-17,0.0005882349796593189,0.0002941175,1.17647,False,3,0.27572837602014344,-0.1537985696144107,0.20512227809746394,0.21720034899661977,-0.187335663915635,0.11303956539702217,0.9998030051459087,0.005510385967654965,0.005962164304442483,0.018110686410518165,0.17434347,-0.18901506,0.18176922,0.08101418658637742,3.9498001569882035e-05,0.0001181310071842745,0.0006079789891373366,0.0003158129984512925,0.00015431699284818023,0.00010741800360847265,0.0017852500022854656,0.018004337995080277,0.019789587997365743,50.531622999585096,0
242,4.860079730002326,-0.6678121725665491,-1.5126255799881,1.3694208304034632,-1.435344011788704,-1.9263384977923792,-0.020704094563619435,-0.3213716745376587,-0.7282116413116455,-0.7746849656105042,-0.6469658017158508,-0.3858267068862915,-0.17118802666664124,-0.260539174079895,-0.5028201937675476,-0.540556013584137,-0.3956809341907501,-0.17853562533855438,-0.03881557285785675,5.132714026556218,5.2576316803294985,-17.982420805394767,0.0669638838070541,-0.15329300903111395,-0.11132308811060548,-0.6912223,-1.503219,1.400934,-1.4424047,-1.9434352,-0.02103178,-0.6912223,-1.503219,1.400934,-1.4424047,-1.9434352,-0.02103178,-0.667812168598175,-1.5126255750656128,1.3694208860397339,-1.4353439807891846,-1.92633855342865,-0.02070409432053566,-0.5852539,0.23516491,0.7878274,-0.1765187,-0.42741683,-0.008192133,-0.51359975,1.6250039801161793e-15,0.0,4.0625099502904485e-17,0.0005882349796593189,0.0002941175,1.17647,False,3,0.27443080946106035,-0.15473969893316347,0.20376700187605676,0.2172043804203087,-0.1873096475626363,0.11306727699633592,0.999807515613367,0.0051712013404288295,0.005503292659425864,0.018109750456858604,0.17434347,-0.18901506,0.18176922,0.08099335530730427,4.518299829214811e-05,0.00013133700122125447,0.0006801429990446195,0.0003001220029545948,0.00018118399020750076,0.00011958900722675025,0.001878516995930113,0.01794098700338509,0.019819503999315202,50.45534943934781,0
243,4.880091860992252,-0.6710475126849573,-1.5114740890315552,1.3738487402545374,-1.4361164432815094,-1.928814713154928,-0.020767990742818654,-0.2947293221950531,-0.7200089693069458,-0.8110834956169128,-0.657794713973999,-0.38102930784225464,-0.16905659437179565,-0.2610637843608856,-0.5027947425842285,-0.5409210324287415,-0.39563384652137756,-0.1783948689699173,-0.0359257236123085,5.479664464063073,5.095392836373137,-18.048665150826803,0.060749347475194566,-0.16132838823126885,-0.11662467741457708,-0.69443613,-1.5016837,1.405583,-1.4436153,-1.9458734,-0.02110725,-0.69443613,-1.5016837,1.405583,-1.4436153,-1.9458734,-0.02110725,-0.6710475087165833,-1.5114741325378418,1.373848795890808,-1.4361164569854736,-1.9288147687911987,-0.02076799049973488,-0.5847152,0.2447592,0.793357,-0.18747151,-0.4264639,-0.008481501,-0.5219787,1.3541699834301495e-15,0.0,3.385424958575374e-17,0.0005882349796593189,0.0002941175,1.17647,False,3,0.27309833525814203,-0.1556700547624369,0.2023669566749925,0.2171925297833466,-0.18732508096927392,0.11303713471706235,0.9998054623829806,0.005265210727212296,0.005821909009875513,0.018094721807023352,0.17434347,-0.18901506,0.18176922,0.08101233275633993,8.41510045574978e-05,0.00014168200141284615,0.000595064993831329,0.0002659430028870702,0.000160597002832219,0.00013530899013858289,0.001984201997402124,0.017792149999877438,0.019776351997279562,50.56544301686985,0
244,4.900095043005422,-0.67432147661318,-1.5102026511779805,1.378260914479391,-1.437000335460045,-1.9312041441546839,-0.020796124135152638,-0.30638256669044495,-0.7529765367507935,-0.78690505027771,-0.640159010887146,-0.3972897529602051,-0.17100946605205536,-0.2604621946811676,-0.5042975544929504,-0.5412933826446533,-0.3963591754436493,-0.17838004231452942,-0.033412255346775055,5.229447082927525,5.106561840578988,-18.158303966336284,0.06446503070100451,-0.15604235759190027,-0.11145223464761304,-0.6976424,-1.5000069,1.410229,-1.4448651,-1.9480972,-0.021154353,-0.6976424,-1.5000069,1.410229,-1.4448651,-1.9480972,-0.021154353,-0.6743214726448059,-1.5102026462554932,1.3782609701156616,-1.4370003938674927,-1.9312041997909546,-0.020796123892068863,-0.5830225,0.25489387,0.79919994,-0.1966169,-0.4223259,-0.008955747,-0.5306343,1.1284749861917912e-15,0.0,2.8211874654794784e-17,0.0005882349796593189,0.0002941175,1.17647,False,3,0.27179018022427126,-0.15660537954463094,0.20094181539044711,0.21719677916804192,-0.1873142186786676,0.11302327595853247,0.9998026942063547,0.005397418118543886,0.006194099547475815,0.018085775932783307,0.17434347,-0.18901506,0.18176922,0.08102656569264506,4.547899879980832e-05,0.00014176100376062095,0.0006019459979142994,0.0003470110095804557,0.00017756401211954653,0.00014458999794442207,0.002003739995416254,0.017791326012229547,0.0197950660076458,50.51763907297668,0
245,4.920137027002056,-0.6775859037982386,-1.5089026738754292,1.3826215902911585,-1.4379671227983017,-1.9335740248309534,-0.020860020314351857,-0.26303234696388245,-0.7946837544441223,-0.7426779270172119,-0.6227846145629883,-0.40609070658683777,-0.15781161189079285,-0.2588967978954315,-0.5067510008811951,-0.5407779216766357,-0.39609766006469727,-0.17878879606723785,-0.031964633613824844,5.378673108462808,5.314753006520667,-17.90202446583095,0.06822796026290226,-0.15471107477649024,-0.10787578164254275,-0.7008303,-1.4983374,1.4148054,-1.4462272,-1.9502928,-0.021248791,-0.7008303,-1.4983374,1.4148054,-1.4462272,-1.9502928,-0.021248791,-0.6775858998298645,-1.508902668952942,1.3826216459274292,-1.4379671812057495,-1.9335740804672241,-0.02086002007126808,-0.5811096,0.26413122,0.8045931,-0.2064994,-0.41796967,-0.009719306,-0.53957874,9.403958218264927e-16,0.0,2.350989554566232e-17,0.0005882349796593189,0.0002941175,1.17647,False,3,0.27050127925253237,-0.15754190091970388,0.19953338055889888,0.21716623657730158,-0.1873163978682495,0.11306599223399329,0.9998033200211552,0.00555684424782306,0.005708525734785144,0.018161786914329226,0.17434347,-0.18901506,0.18176922,0.08097412459178518,4.395400173962116e-05,0.00012929199147038162,0.000594634999288246,0.0003730340104084462,0.00019349799549672753,0.0001251399953616783,0.0018840650009224191,0.017979666008614004,0.019863731009536423,50.343009554444116,0
246,4.9401381320058135,-0.6809118429767054,-1.5075906229070206,1.3870943228351038,-1.4390086990645905,-1.9359787146197718,-0.02092630067934209,-0.23665104806423187,-0.7922880053520203,-0.7789961695671082,-0.6314449906349182,-0.42550912499427795,-0.16621969640254974,-0.25780290365219116,-0.5075080394744873,-0.5401781797409058,-0.39549851417541504,-0.17843163013458252,-0.03235073387622833,5.387381118402659,5.275658582408117,-17.90580391324648,0.06460065834723282,-0.1581301550567144,-0.11327453548563099,-0.7041699,-1.4965416,1.4194748,-1.4478395,-1.9526216,-0.021323817,-0.7041699,-1.4965416,1.4194748,-1.4478395,-1.9526216,-0.021323817,-0.6809118390083313,-1.507590651512146,1.3870943784713745,-1.4390087127685547,-1.9359787702560425,-0.020926300436258316,-0.5814529,0.27622497,0.809511,-0.2207689,-0.41606998,-0.009937929,-0.5484789,7.836631848554106e-16,0.0,1.9591579621385266e-17,0.0005882349796593189,0.0002941175,1.17647,False,3,0.2691858233087349,-0.15848653455870707,0.1981023197685313,0.2172408379033667,-0.1872812641100827,0.11300534185898514,0.999801526632152,0.005578224835797121,0.005974768001427769,0.01816784873046197,0.17434347,-0.18901506,0.18176922,0.08106578635009133,5.653900734614581e-05,0.00013183300325181335,0.0005746890092268586,0.000333823001710698,0.0001774179982021451,0.00014700200699735433,0.0020102309936191887,0.017812047008192167,0.019822278001811355,50.44828853215661,0
247,4.96010779000062,-0.6841862837420862,-1.5061466631344338,1.3915184179889124,-1.440052182679512,-1.9383600393878382,-0.02096730867494756,-0.2672225534915924,-0.7832120656967163,-0.7341105341911316,-0.6445894837379456,-0.4400053024291992,-0.16144219040870667,-0.25683099031448364,-0.5095955729484558,-0.5409813523292542,-0.39554640650749207,-0.17793643474578857,-0.033896319568157196,5.277478159513654,4.924595817350064,-17.920294351182264,0.06651644283565455,-0.14932954009197827,-0.10958140888839923,-0.7074764,-1.4947608,1.4240485,-1.4495102,-1.9550709,-0.021406187,-0.7074764,-1.4947608,1.4240485,-1.4495102,-1.9550709,-0.021406187,-0.6841862797737122,-1.5061466693878174,1.391518473625183,-1.4400521516799927,-1.9383600950241089,-0.020967308431863785,-0.58225316,0.28464842,0.81325245,-0.23645262,-0.4177679,-0.010971949,-0.5571695,6.530526540461755e-16,0.0,1.6326316351154388e-17,0.0005882349796593189,0.0002941175,1.17647,False,3,0.26788581323709976,-0.15941163974555683,0.1966479879518225,0.21719341655559254,-0.18735602219096173,0.11305360507941019,0.9998017942244377,0.005496151774168341,0.005589409934034092,0.018301057164127173,0.17434347,-0.18901506,0.18176922,0.08099818897928336,3.829400520771742e-05,0.00015122900367714465,0.0006322550034383312,0.00029267198988236487,0.00018514800467528403,0.00010551299783401191,0.002093500006594695,0.017700167998555116,0.01979366800514981,50.52120707186891,0
248,4.980087727002683,-0.6874735991107386,-1.5047580313733597,1.395935360585348,-1.4412068587592621,-1.940784756337301,-0.021003071461812794,-0.23309725522994995,-0.717787504196167,-0.7040981650352478,-0.6129680871963501,-0.3633265793323517,-0.1592622995376587,-0.25880733132362366,-0.5099647641181946,-0.541053056716919,-0.3963235914707184,-0.17821486294269562,-0.037174176424741745,5.524519054858819,5.4210639365538364,-17.85549853060095,0.07782039400540983,-0.14811435515546476,-0.10761199942144384,-0.71075535,-1.4929173,1.4286542,-1.4511582,-1.9573622,-0.02147675,-0.71075535,-1.4929173,1.4286542,-1.4511582,-1.9573622,-0.02147675,-0.6874735951423645,-1.5047580003738403,1.3959354162216187,-1.4412068128585815,-1.9407848119735718,-0.02100307121872902,-0.58204347,0.2960163,0.8179682,-0.24878453,-0.414433,-0.011841959,-0.5655272,5.442105450384796e-16,0.0,1.360526362596199e-17,0.0005882349796593189,0.0002941175,1.17647,False,3,0.26658768044057063,-0.16035098517851326,0.19523050600198003,0.2171629231383075,-0.18732777061192374,0.11304885147185023,0.9998023497283615,0.005440828089084099,0.005951679202145917,0.018173339265160005,0.17434347,-0.18901506,0.18176922,0.08098667866252152,3.9556995034217834e-05,0.00012051299563609064,0.000753495012759231,0.00029540600371547043,0.00015869399067014456,0.00014511699555441737,0.0018661309877643362,0.017889360009576194,0.01975549099734053,50.61883808074521,0
249,5.000133918001666,-0.6907566229449671,-1.5032544669559975,1.4005230108844202,-1.4424164605191727,-1.9431284109698694,-0.021082226430074513,-0.24347634613513947,-0.7390779256820679,-0.7786847352981567,-0.6132460236549377,-0.3787919580936432,-0.16357459127902985,-0.25993627309799194,-0.5121448040008545,-0.5422698259353638,-0.39724722504615784,-0.1790952831506729,-0.040555354207754135,5.176470019185282,4.9320970806068445,-17.681382977890536,0.07180625541453882,-0.14001087201130996,-0.10414717167171439,-0.7140754,-1.4910616,1.4333891,-1.4529991,-1.9597182,-0.021605495,-0.7140754,-1.4910616,1.4333891,-1.4529991,-1.9597182,-0.021605495,-0.690756618976593,-1.5032544136047363,1.400523066520691,-1.4424164295196533,-1.9431284666061401,-0.021082226186990738,-0.58296895,0.30482092,0.82164943,-0.2645657,-0.41474324,-0.013081736,-0.57436687,4.535087875320663e-16,0.0,1.1337719688301659e-17,0.0005882349796593189,0.0002941175,1.17647,False,3,0.2652798233962758,-0.16125258810072318,0.19373029416298893,0.21719979663591796,-0.18731427700520442,0.11303517372999289,0.999801899823283,0.005332354325363136,0.006149119765027033,0.018165089432324533,0.17434347,-0.18901506,0.18176922,0.08101806631905349,0.00011279400496277958,0.00015361799160018563,0.000771275008446537,0.00029127398738637567,0.0001734609977575019,0.0001411300036124885,0.002103042003000155,0.01777953200507909,0.019882574008079246,50.295298767335254,0
250,5.020134125996265,-0.6940262953387659,-1.5016521525434037,1.4051440397845667,-1.4436858010343094,-1.9454334417926233,-0.021141831074849904,-0.2573526203632355,-0.7637810111045837,-0.7963566184043884,-0.6318742036819458,-0.3685166537761688,-0.1673571914434433,-0.2600638270378113,-0.514177143573761,-0.543127715587616,-0.39744871854782104,-0.17927908897399902,-0.04364269971847534,5.911242429833829,4.772712788843114,-18.13703875322776,0.056274991507931374,-0.1526203511261942,-0.11106435938513823,-0.7173098,-1.4891782,1.4381783,-1.4548619,-1.9620266,-0.021752948,-0.7173098,-1.4891782,1.4381783,-1.4548619,-1.9620266,-0.021752948,-0.6940262913703918,-1.5016521215438843,1.4051440954208374,-1.44368577003479,-1.945433497428894,-0.02114183083176613,-0.5820869,0.31184787,0.82585543,-0.2794041,-0.4148288,-0.015277911,-0.5831091,3.779239896100553e-16,0.0,9.448099740251383e-18,0.0005882349796593189,0.0002941175,1.17647,False,3,0.2639788873682327,-0.16213858710041407,0.19219658967777717,0.21719564468185573,-0.18731311366072395,0.11304407760284055,0.9998041839870071,0.005507268056038362,0.0057246314416472665,0.018124131058144855,0.17434347,-0.18901506,0.18176922,0.08100834063024454,4.127199645154178e-05,0.00012833300570491701,0.000591643009101972,0.00046285599819384515,0.0001935270120156929,0.00012187300308141857,0.0019219599926145747,0.017902931998833083,0.019824891991447657,50.44163672777608,0
251,5.04010287100391,-0.6969545523272913,-1.5001534906080742,1.4092991987811487,-1.4449548137239,-1.9475348631488245,-0.021186653767720998,-0.2778683602809906,-0.7811222672462463,-0.7603834867477417,-0.655890166759491,-0.3657431900501251,-0.1634305864572525,-0.26049381494522095,-0.5162826776504517,-0.5429480075836182,-0.3978409767150879,-0.1794927567243576,-0.04740959778428078,5.625802376021271,4.95759115701698,-17.780042684362414,0.06273317578244979,-0.13749665368374478,-0.10314649346244978,-0.72018915,-1.4872911,1.4424999,-1.4566052,-1.9640142,-0.021865008,-0.72018915,-1.4872911,1.4424999,-1.4566052,-1.9640142,-0.021865008,-0.6969545483589172,-1.5001535415649414,1.4092992544174194,-1.4449548721313477,-1.9475349187850952,-0.021186653524637222,-0.58086455,0.32156077,0.8300166,-0.29125834,-0.41198263,-0.016958885,-0.59085184,3.1493665800837944e-16,0.0,7.873416450209487e-18,0.0005882349796593189,0.0002941175,1.17647,False,3,0.26282300762699157,-0.16294627605654827,0.1908165832153824,0.21718445408120443,-0.18731437978152934,0.11305431657366256,0.99980417268833,0.005375626015515464,0.005769041867170686,0.01815053773293324,0.17434347,-0.18901506,0.18176922,0.08099370803264047,0.00016604000120423734,0.00011510800686664879,0.0005966250027995557,0.0003396760002942756,0.00017414400645066053,0.00011188199277967215,0.001854093003203161,0.01795290999871213,0.01980700300191529,50.487193842667786,0
252,5.060134056999232,-0.7002018133746546,-1.498475582604744,1.4138153235064905,-1.4463812422803421,-1.9498680273639124,-0.021270100270406544,-0.3065769374370575,-0.7506226301193237,-0.7461312413215637,-0.6224752068519592,-0.3716183304786682,-0.17143762111663818,-0.25945737957954407,-0.5186079144477844,-0.5423657894134521,-0.3979910910129547,-0.17955204844474792,-0.0538773275911808,5.717501969239496,4.999532683268312,-17.603128902324187,0.07227084558836,-0.14509614276239505,-0.10493379056209648,-0.723375,-1.4852653,1.447192,-1.458521,-1.9662544,-0.022036105,-0.723375,-1.4852653,1.447192,-1.458521,-1.9662544,-0.022036105,-0.7002018094062805,-1.4984755516052246,1.4138153791427612,-1.4463812112808228,-1.949868083000183,-0.02127010002732277,-0.57933056,0.33025804,0.8344142,-0.30349582,-0.40965617,-0.019150143,-0.59927297,2.624472150069829e-16,0.0,6.561180375174573e-18,0.0005882349796593189,0.0002941175,1.17647,False,3,0.26155046535437576,-0.16384611123849943,0.18931422000161835,0.21717665812187884,-0.18732548132144095,0.11305741761151057,0.9998011259332724,0.005552084492726867,0.005813905438534077,0.01825123712812649,0.17434347,-0.18901506,0.18176922,0.08098672129384266,0.00010894100705627352,0.00019806998898275197,0.0008260050090029836,0.0002594700054032728,0.00015857300604693592,0.00011414900654926896,0.0022131109872134402,0.01759792200755328,0.01981103299476672,50.47692365482203,0
253,5.080090196002857,-0.7037408987628382,-1.4965895500830193,1.4189437071429651,-1.4480400916985054,-1.9524124304400843,-0.021337811146871388,-0.29220935702323914,-0.7648630738258362,-0.7389228343963623,-0.6529507637023926,-0.3454549014568329,-0.1696581095457077,-0.25305455923080444,-0.523489773273468,-0.5460015535354614,-0.3979274034500122,-0.17835675179958344,-0.06095600500702858,5.834467032957467,4.890021652303143,-17.700222451319163,0.06829905708693239,-0.13652894114063874,-0.10203901787267164,-0.7268325,-1.4829866,1.452509,-1.4607964,-1.9686966,-0.022214586,-0.7268325,-1.4829866,1.452509,-1.4607964,-1.9686966,-0.022214586,-0.7037408947944641,-1.4965895414352417,1.4189437627792358,-1.4480401277542114,-1.952412486076355,-0.021337810903787613,-0.5772905,0.3400738,0.83913136,-0.3189065,-0.40710196,-0.021919385,-0.6086647,2.187060125058191e-16,0.0,5.467650312645477e-18,0.0005882349796593189,0.0002941175,1.17647,False,3,0.2601399946528944,-0.16480205314870688,0.1876136143945211,0.2171987206502025,-0.18726552201633834,0.11306167633018843,0.9998090259282079,0.005226956149412379,0.005655302887952581,0.017960051666071657,0.17434347,-0.18901506,0.18176922,0.08099605241274899,4.622100095730275e-05,0.000133039997308515,0.00069727300433442,0.0002959929988719523,0.00019258201064076275,0.00011178200657013804,0.0019095619936706498,0.01786855500540696,0.01977811699907761,50.560930549993046,0
254,5.10013519799395,-0.7070067564593714,-1.494761401121952,1.4235203901873987,-1.4495937538198014,-1.9547060171710413,-0.021446053181783498,-0.27068427205085754,-0.771095335483551,-0.7569794058799744,-0.6489907503128052,-0.3730549216270447,-0.16521355509757996,-0.2531590759754181,-0.5238766670227051,-0.54591965675354,-0.396952748298645,-0.1782463788986206,-0.06797601282596588,5.8408966433612,4.737947141389651,-17.664011747247372,0.057162093082155016,-0.1316734704483289,-0.1010938723462299,-0.73003376,-1.480795,1.4572508,-1.4627762,-1.9709079,-0.022436218,-0.73003376,-1.480795,1.4572508,-1.4627762,-1.9709079,-0.022436218,-0.7070067524909973,-1.494761347770691,1.4235204458236694,-1.4495937824249268,-1.954706072807312,-0.021446052938699722,-0.5756745,0.34915835,0.8432609,-0.32956028,-0.40504727,-0.024754131,-0.6161036,1.8225501042151593e-16,0.0,4.556375260537898e-18,0.0005882349796593189,0.0002941175,1.17647,False,3,0.25886732634553244,-0.16568809994387335,0.18606438919532917,0.21719107874962507,-0.1873183706751737,0.11301466319469171,0.9997980422256108,0.005553477819385207,0.006216730227984174,0.0182848651078735,0.17434347,-0.18901506,0.18176922,0.08103077174538355,3.9951002690941095e-05,0.00012007799523416907,0.0007600800017826259,0.00026246599736623466,0.00015610600530635566,0.00011243099288549274,0.0018603140051709488,0.018021408992353827,0.019881722997524776,50.29745159031224,0
255,5.120135428005597,-0.7102106253253382,-1.493020662372448,1.4280641714679163,-1.4513127145222207,-1.9570134321795862,-0.0215380827533167,-0.26590701937675476,-0.7497968673706055,-0.7709489464759827,-0.6810457110404968,-0.39039647579193115,-0.17857903242111206,-0.25914299488067627,-0.5182495713233948,-0.5392838716506958,-0.39692407846450806,-0.17932863533496857,-0.07673037797212601,6.011304919755783,4.982852685324365,-17.51935070818906,0.0701453049825192,-0.14201042821866477,-0.0998821092759466,-0.73325104,-1.478699,1.4618938,-1.4652516,-1.9732633,-0.022614356,-0.73325104,-1.478699,1.4618938,-1.4652516,-1.9732633,-0.022614356,-0.7102106213569641,-1.4930206537246704,1.428064227104187,-1.4513126611709595,-1.957013487815857,-0.021538082510232925,-0.5760099,0.35804296,0.84574014,-0.3484732,-0.40624502,-0.026906818,-0.6245364,1.5187917535126328e-16,0.0,3.7969793837815824e-18,0.0005882349796593189,0.0002941175,1.17647,False,3,0.2576251083204706,-0.16657490324375657,0.1845692956427629,0.2171637226565993,-0.18732359373741234,0.11304123078283099,0.999804523402746,0.005405581328758225,0.00579518637816264,0.018114529945335498,0.17434347,-0.18901506,0.18176922,0.08099365503030638,4.020000051241368e-05,0.00011750900011975318,0.000523131006048061,0.0003281679964857176,0.0001492220035288483,0.00011254000128246844,0.0016271429922198877,0.01821053901221603,0.01983768200443592,50.40911532790924,0
256,5.140137559996219,-0.7134550253497522,-1.4911282372525712,1.4327800909625452,-1.4530650091222306,-1.9592469374286097,-0.021664921437398732,-0.2481188178062439,-0.7952867150306702,-0.7289170622825623,-0.6526139378547668,-0.3645648658275604,-0.17203889787197113,-0.25964146852493286,-0.5191396474838257,-0.5391224026679993,-0.39662525057792664,-0.17949427664279938,-0.08705209940671921,5.663053983623837,5.199390229790884,-17.498637122841167,0.07327264600664656,-0.12145436978650415,-0.09455325749802199,-0.7363534,-1.4765497,1.4667747,-1.467541,-1.9752731,-0.02288494,-0.7363534,-1.4765497,1.4667747,-1.467541,-1.9752731,-0.02288494,-0.7134550213813782,-1.4911282062530518,1.432780146598816,-1.453065037727356,-1.9592469930648804,-0.021664921194314957,-0.5724601,0.3644617,0.8498628,-0.3618998,-0.4006529,-0.030500505,-0.63251144,1.265659794593861e-16,0.0,3.1641494864846523e-18,0.0005882349796593189,0.0002941175,1.17647,False,3,0.25635924774283636,-0.16743177804425968,0.1829795254314737,0.2172130698752725,-0.18732247151020304,0.11301011402239193,0.999800713918815,0.005787595489706322,0.005694750885276567,0.01823651243728498,0.17434347,-0.18901506,0.18176922,0.08104617611084042,3.837500116787851e-05,0.00011800900392699987,0.0005240589962340891,0.00026268699730280787,0.00015542999608442187,0.00011278199963271618,0.0015575510042253882,0.01828439999371767,0.01984195099794306,50.398269812462814,0
257,5.160123202993418,-0.7166879812823694,-1.4891446617296715,1.4375727812396448,-1.4548563298634072,-1.96157151857485,-0.021808926259176076,-0.27713313698768616,-0.7205762267112732,-0.7719144225120544,-0.6937903761863708,-0.3476249873638153,-0.1810574233531952,-0.2589881718158722,-0.5243678092956543,-0.542333722114563,-0.3982536494731903,-0.17995356023311615,-0.09771793335676193,6.1465670221889965,4.954537779436172,-17.499118626199536,0.06815593966749564,-0.1385616083952285,-0.099128029853953,-0.7395063,-1.4741808,1.4716831,-1.4700139,-1.9774011,-0.023148801,-0.7395063,-1.4741808,1.4716831,-1.4700139,-1.9774011,-0.023148801,-0.7166879773139954,-1.4891446828842163,1.4375728368759155,-1.454856276512146,-1.9615715742111206,-0.0218089260160923,-0.5704582,0.37409583,0.8527578,-0.37893933,-0.39573988,-0.03349689,-0.64074314,1.054716495494884e-16,0.0,2.6367912387372104e-18,0.0005882349796593189,0.0002941175,1.17647,False,3,0.2550694887943048,-0.16828514167086478,0.1813562665314679,0.2171957151621046,-0.18731702391403876,0.11304852902329694,0.9998081164307464,0.005525681914896561,0.005659975657193819,0.017919634083957244,0.17434347,-0.18901506,0.18176922,0.08100451943024517,4.703699960373342e-05,0.00016369600780308247,0.0008348410046892241,0.00022305399761535227,0.00015434699889738113,0.0001316069974564016,0.0019903130014427006,0.01777463599864859,0.019764949000091292,50.59461575111482,0
258,5.180094719995395,-0.7199619452105921,-1.4872051787427445,1.4423440138446253,-1.4567949336818238,-1.9638169447528284,-0.021964375172750294,-0.1759723573923111,-0.7518800497055054,-0.7973489761352539,-0.6700050234794617,-0.3926154375076294,-0.18023023009300232,-0.2566691040992737,-0.5284501314163208,-0.5427407622337341,-0.39849579334259033,-0.17914573848247528,-0.1084519773721695,6.180205298228591,4.931186045565005,-17.544370773953663,0.06436592749385675,-0.13011925421187998,-0.09607467205506855,-0.7426459,-1.472071,1.4766032,-1.4722923,-1.979689,-0.023504678,-0.7426459,-1.472071,1.4766032,-1.4722923,-1.979689,-0.023504678,-0.719961941242218,-1.487205147743225,1.442344069480896,-1.4567949771881104,-1.9638170003890991,-0.02196437492966652,-0.5670993,0.3783516,0.8564772,-0.38743317,-0.39680138,-0.03850757,-0.6472933,8.789304129124033e-17,0.0,2.1973260322810086e-18,0.0005882349796593189,0.0002941175,1.17647,False,3,0.2538016709445129,-0.16914641678356537,0.1797606561587638,0.2171787054875465,-0.18732674848817568,0.11305365858864365,0.9998061925547348,0.00520267812505419,0.0055191436433281995,0.018167409286261947,0.17434347,-0.18901506,0.18176922,0.08099096698271738,3.9470993215218186e-05,0.00011549200280569494,0.0005035799986217171,0.0002529969933675602,0.00015104700287338346,0.00015772299957461655,0.001558597999974154,0.01824959900113754,0.019808197001111694,50.48415057381937,0
259,5.200121731002582,-0.7231901327716272,-1.4851687488010903,1.447057072316305,-1.4588173788836976,-1.9660537878619593,-0.022119824086324513,-0.2634434998035431,-0.7983314394950867,-0.743874728679657,-0.6378881335258484,-0.38015317916870117,-0.1788681000471115,-0.2561059296131134,-0.5283003449440002,-0.5416721105575562,-0.3984515964984894,-0.17868219316005707,-0.12151889503002167,5.884657988456827,4.918012494420849,-17.567845017565052,0.08090940962419987,-0.1105313007397127,-0.08357032104208637,-0.7458352,-1.4697028,1.4813861,-1.4750402,-1.9819072,-0.023792319,-0.7458352,-1.4697028,1.4813861,-1.4750402,-1.9819072,-0.023792319,-0.7231901288032532,-1.485168695449829,1.4470571279525757,-1.4588173627853394,-1.96605384349823,-0.022119823843240738,-0.5661264,0.3866474,0.8582224,-0.4055712,-0.39633635,-0.04181237,-0.6544309,7.324420107603362e-17,0.0,1.8311050269008407e-18,0.0005882349796593189,0.0002941175,1.17647,False,3,0.25255881516745465,-0.17000424073650433,0.17816185726313405,0.21719192706276086,-0.18738788975383694,0.11302796045912131,0.9998040591027972,0.005193044622052136,0.006025591051029393,0.018127848533220484,0.17434347,-0.18901506,0.18176922,0.08101851193849094,9.991199476644397e-05,0.00011639999866019934,0.0006063340115360916,0.00032935400668065995,0.00015377499221358448,0.00011504298890940845,0.0017587879992788658,0.01810686700628139,0.019865655005560257,50.33813381537669,0
260,5.220125833002385,-0.7260683218585413,-1.483298772280552,1.4513958136187952,-1.460665152674057,-1.9681018034564417,-0.02230245271791631,-0.22972188889980316,-0.763241171836853,-0.7328097224235535,-0.6172618865966797,-0.39695635437965393,-0.18097291886806488,-0.25529420375823975,-0.5329498648643494,-0.5419126749038696,-0.39792853593826294,-0.17915301024913788,-0.13511216640472412,6.352196211127517,4.6777256589826814,-17.56974401547579,0.07017993660239553,-0.1284601556707075,-0.09206258090917346,-0.74853367,-1.4676497,1.4858525,-1.4772742,-1.9837426,-0.024153674,-0.74853367,-1.4676497,1.4858525,-1.4772742,-1.9837426,-0.024153674,-0.7260683178901672,-1.4832987785339355,1.451395869255066,-1.4606651067733765,-1.9681018590927124,-0.022302452474832535,-0.5616337,0.39122796,0.8614165,-0.41522712,-0.39101768,-0.046280555,-0.6602841,6.103683423002803e-17,0.0,1.5259208557507007e-18,0.0005882349796593189,0.0002941175,1.17647,False,3,0.2514213467224248,-0.17075505722854767,0.17669356265647856,0.21717422198873526,-0.1873452509097649,0.11305221976227282,0.9998086873931401,0.005197021449952272,0.005522648971672865,0.01803080148874223,0.17434347,-0.18901506,0.18176922,0.0809894329997784,3.850999928545207e-05,0.00011323700891807675,0.0005078989925095811,0.00028380300500430167,0.00015008599439170212,0.0001617579982848838,0.0016049050027504563,0.0182420990022365,0.019847004004986957,50.38543851498846,0
261,5.240103107993491,-0.7295568625079554,-1.4810254958323021,1.4565838019000452,-1.4630061996034165,-1.9705236593829554,-0.022483174000875294,-0.28575390577316284,-0.7481092214584351,-0.7478722929954529,-0.6417650580406189,-0.3663334250450134,-0.16874930262565613,-0.25620558857917786,-0.5348595976829529,-0.5427610278129578,-0.3994690477848053,-0.17962734401226044,-0.1417003720998764,6.314007985524624,4.855907911751479,-17.543232840249175,0.07846819384264297,-0.11893712722504325,-0.08953945977217845,-0.75188273,-1.4650446,1.4911383,-1.4803091,-1.9860011,-0.024506591,-0.75188273,-1.4650446,1.4911383,-1.4803091,-1.9860011,-0.024506591,-0.7295568585395813,-1.4810254573822021,1.456583857536316,-1.4630062580108643,-1.970523715019226,-0.02248317375779152,-0.5581471,0.39952153,0.86386114,-0.43257293,-0.38693476,-0.050585456,-0.6675213,5.086402852502336e-17,0.0,1.271600713125584e-18,0.0005882349796593189,0.0002941175,1.17647,False,3,0.25006938335578,-0.1716663447390615,0.17493813321184448,0.21720803021220927,-0.18732877814172794,0.11305498843645015,0.9998107165537512,0.0052059479914782665,0.005702385704366449,0.017857593784186034,0.17434347,-0.18901506,0.18176922,0.0810053099859882,4.0808008634485304e-05,0.00011567499313969165,0.0005093189975013956,0.00028012300026603043,0.00014936999650672078,0.00010944499808829278,0.0015641039935871959,0.018255226998007856,0.019819330991595052,50.455789876261626,0
262,5.2601476660056505,-0.7326996962176722,-1.4788214054754754,1.4613383452044886,-1.46527902156625,-1.9727419058429163,-0.022733513508931935,-0.296090304851532,-0.7628781199455261,-0.7451913356781006,-0.6016979217529297,-0.3723205029964447,-0.17754259705543518,-0.24885691702365875,-0.5434309244155884,-0.5471242666244507,-0.39898958802223206,-0.17837463319301605,-0.1418893188238144,6.181239589676528,4.846311164453889,-17.243141589848026,0.07610408644407494,-0.11462125625013429,-0.08727637942229788,-0.7548755,-1.4626484,1.4959626,-1.4831836,-1.9879867,-0.024925824,-0.7548755,-1.4626484,1.4959626,-1.4831836,-1.9879867,-0.024925824,-0.7326996922492981,-1.4788213968276978,1.4613384008407593,-1.46527898311615,-1.972741961479187,-0.02273351326584816,-0.5543947,0.40432537,0.8656044,-0.44761524,-0.3811168,-0.05480776,-0.6732886,4.2386690437519466e-17,0.0,1.0596672609379867e-18,0.0005882349796593189,0.0002941175,1.17647,False,3,0.24885316635584606,-0.17249521636672852,0.1733061184081427,0.21716445689735528,-0.1873217830743484,0.11302749553889102,0.9997991890086475,0.005550382800123443,0.006173143476097723,0.018239054703131714,0.17434347,-0.18901506,0.18176922,0.08100573649563733,0.0001025870005832985,0.00016481199418194592,0.0009519489976810291,0.0003586249949876219,0.0001782629988156259,0.00012579999747686088,0.0023425779945682734,0.0174712460138835,0.019813824008451775,50.46981337743994,0
263,5.28010863099189,-0.7358439604388636,-1.4766023245504876,1.466229263936178,-1.4675042194179078,-1.9749582449542444,-0.02296907106508428,-0.26212331652641296,-0.8223874568939209,-0.758651614189148,-0.6089333295822144,-0.3635927438735962,-0.18037916719913483,-0.2541598677635193,-0.5381287336349487,-0.5421432256698608,-0.39936327934265137,-0.17878159880638123,-0.1420195996761322,6.455413025150656,4.646205861141376,-17.662177080788993,0.06889709924479305,-0.11895488270762926,-0.08734492991141882,-0.75780237,-1.4602207,1.5009531,-1.4858993,-1.9900229,-0.025373878,-0.75780237,-1.4602207,1.5009531,-1.4858993,-1.9900229,-0.025373878,-0.7358439564704895,-1.47660231590271,1.4662293195724487,-1.4675042629241943,-1.9749583005905151,-0.022969070822000504,-0.54896086,0.4095411,0.8680949,-0.45987615,-0.37661365,-0.060120184,-0.67867225,3.5322242031266224e-17,0.0,8.830560507816557e-19,0.0005882349796593189,0.0002941175,1.17647,False,3,0.24759696887773291,-0.1732838130793003,0.1716331001025072,0.21719054051103345,-0.18732601810027874,0.11304246615719965,0.9998067832532145,0.005357868115224988,0.005711116704754931,0.018028386644290833,0.17434347,-0.18901506,0.18176922,0.08100673777835705,4.277900734450668e-05,0.00012716100900433958,0.0007400920003419742,0.0003080649912590161,0.00017273500270675868,0.00010893199942074716,0.0018948520009871572,0.017884580985992216,0.019779432986979373,50.55756657222132,0
264,5.300140017003287,-0.738964859639303,-1.4744055357626458,1.4710872809039515,-1.4698743310621758,-1.9771364370929163,-0.023240391408101857,-0.31668996810913086,-0.8020371198654175,-0.7649950385093689,-0.646314799785614,-0.375842809677124,-0.15853315591812134,-0.2538703680038452,-0.5396237373352051,-0.5417051315307617,-0.40015333890914917,-0.1786472499370575,-0.1422823667526245,6.570482573563132,4.517843469360007,-17.39972148294995,0.06617226520064642,-0.1188805971597627,-0.08956451889087283,-0.7607104,-1.4577411,1.5058889,-1.4888767,-1.991905,-0.025821306,-0.7607104,-1.4577411,1.5058889,-1.4888767,-1.991905,-0.025821306,-0.738964855670929,-1.4744055271148682,1.4710873365402222,-1.469874382019043,-1.977136492729187,-0.02324039116501808,-0.5436389,0.41660902,0.8700406,-0.47505835,-0.36921263,-0.06452288,-0.6838247,2.9435201692721853e-17,0.0,7.358800423180464e-19,0.0005882349796593189,0.0002941175,1.17647,False,3,0.24636967808637292,-0.17407350202002325,0.1699864163498545,0.21715618716903282,-0.1873438432810978,0.11303971610129943,0.9997997747778778,0.005574468422629299,0.005922090936493178,0.018284413357490883,0.17434347,-0.18901506,0.18176922,0.08099053636351317,0.00014628400094807148,0.00015433599764946848,0.0006304669950623065,0.00038915099867153913,0.00019429100211709738,0.00013572099851444364,0.00206501099455636,0.017779426008928567,0.019844437003484927,50.39195618522147,0
265,5.320086722000269,-0.7420824209796351,-1.4722277012518425,1.475882355366842,-1.4723972839168091,-1.9792850653277796,-0.02355844179262334,-0.2474575787782669,-0.7539145946502686,-0.7558051943778992,-0.6015774011611938,-0.3972778618335724,-0.17295685410499573,-0.2518649399280548,-0.5417264699935913,-0.5409970283508301,-0.3994176387786865,-0.1784311830997467,-0.14258286356925964,6.310613688848323,4.822026691642567,-17.23932206252576,0.0720032911409341,-0.10117673135711515,-0.0813616350830092,-0.7635873,-1.4554099,1.5107558,-1.4918698,-1.9937323,-0.026340544,-0.7635873,-1.4554099,1.5107558,-1.4918698,-1.9937323,-0.026340544,-0.742082417011261,-1.472227692604065,1.4758824110031128,-1.4723973274230957,-1.9792851209640503,-0.023558441549539566,-0.5376227,0.42044625,0.8718347,-0.48681137,-0.36118147,-0.069552556,-0.68785965,2.452933474393488e-17,0.0,6.13233368598372e-19,0.0005882349796593189,0.0002941175,1.17647,False,3,0.24517311698629746,-0.1748770105453173,0.16837405787038978,0.21720757286816028,-0.18732009528477048,0.11305776272916719,0.9998071641072713,0.005256973893774397,0.005551154872688754,0.018088604010072624,0.17434347,-0.18901506,0.18176922,0.08100289586318603,4.368099325802177e-05,0.00012652500299736857,0.0007405250071315095,0.0003126030060229823,0.0001705030008452013,0.0001751160016283393,0.0019579060026444495,0.017809286000556313,0.019767192003200762,50.58887472930283,0
266,5.340103772003204,-0.7451799551593226,-1.4699318569949646,1.4807727972613733,-1.4749137920192261,-1.9814026991473597,-0.023850742970601857,-0.2549736499786377,-0.7172842025756836,-0.7497230768203735,-0.6073135733604431,-0.3749300539493561,-0.163063183426857,-0.2502777576446533,-0.5440619587898254,-0.5408222675323486,-0.39946484565734863,-0.1778903752565384,-0.14275197684764862,6.511662033319227,4.877709414022558,-17.08403948451853,0.07856954173165435,-0.1148830206319677,-0.08383744118943025,-0.7664708,-1.4529047,1.5156697,-1.495101,-1.9954236,-0.026792062,-0.7664708,-1.4529047,1.5156697,-1.495101,-1.9954236,-0.026792062,-0.7451799511909485,-1.4699318408966064,1.480772852897644,-1.4749138355255127,-1.9814027547836304,-0.02385074272751808,-0.5322712,0.42567858,0.8724211,-0.50467885,-0.3505213,-0.07353301,-0.6920126,2.04411122866124e-17,0.0,5.1102780716531e-19,0.0005882349796593189,0.0002941175,1.17647,False,3,0.24395913553469245,-0.1756431910913711,0.16670123788819607,0.21718523514680432,-0.18731375840878955,0.1130472696845529,0.9997947808659141,0.005736071460864157,0.0058871671915799745,0.018517096756740695,0.17434347,-0.18901506,0.18176922,0.08100011284514093,0.0002579419960966334,0.0001304460020037368,0.0006583380018128082,0.0003145460068481043,0.00016811100067570806,0.0001342899922747165,0.0020477250072872266,0.017793193997931667,0.019840919005218893,50.40089119546142,0
267,5.360136661998695,-0.7482851187335413,-1.4675984916142006,1.4856403509723108,-1.4775144097260018,-1.9834650198565882,-0.024225536976949513,-0.2430131435394287,-0.7777716517448425,-0.761014997959137,-0.6369553804397583,-0.3783731758594513,-0.159718319773674,-0.24886389076709747,-0.5495281219482422,-0.5420417189598083,-0.3998657763004303,-0.17729000747203827,-0.14305931329727173,6.855897247850863,4.199041796284193,-17.366393370560587,0.0606491308215625,-0.1173290198413737,-0.08793905712156617,-0.7693355,-1.4504398,1.5205778,-1.4982706,-1.997257,-0.027365655,-0.7693355,-1.4504398,1.5205778,-1.4982706,-1.997257,-0.027365655,-0.7482851147651672,-1.4675984382629395,1.4856404066085815,-1.477514386177063,-1.9834650754928589,-0.024225536733865738,-0.52626014,0.4289653,0.873436,-0.51890737,-0.34479725,-0.07850296,-0.6954214,1.7034260238843666e-17,0.0,4.258565059710917e-19,0.0005882349796593189,0.0002941175,1.17647,False,3,0.24275988045519492,-0.17640554333016223,0.1650278765716568,0.21720581046969173,-0.18731214014296538,0.11306919880040518,0.9998054223503238,0.005381835324707562,0.005273418050607169,0.018230998863389525,0.17434347,-0.18901506,0.18176922,0.08099242950559954,5.630099622067064e-05,0.0001635249936953187,0.0008663620101287961,0.0002756629983196035,0.00018970700330100954,0.00010537100024521351,0.0021254849998513237,0.017683668003883213,0.019809153003734536,50.481714175839535,0
268,5.380103342002258,-0.751314942036764,-1.4652654019049187,1.4904430548297327,-1.4802959498814126,-1.9854987303363245,-0.024599854146138966,-0.26561954617500305,-0.8047845959663391,-0.7580764889717102,-0.6256288290023804,-0.37872928380966187,-0.18240675330162048,-0.24872684478759766,-0.5516961812973022,-0.5421043634414673,-0.40054696798324585,-0.17645394802093506,-0.14304417371749878,6.337289985619311,4.582326437570235,-17.301482760962823,0.08020572767382281,-0.10583718951384752,-0.07843778289263655,-0.772182,-1.4479051,1.5253557,-1.5017681,-1.9987909,-0.027866539,-0.772182,-1.4479051,1.5253557,-1.5017681,-1.9987909,-0.027866539,-0.7513149380683899,-1.4652653932571411,1.4904431104660034,-1.4802958965301514,-1.9854987859725952,-0.02459985390305519,-0.52167654,0.4340092,0.8728153,-0.536806,-0.33230156,-0.0816671,-0.6983969,1.4195216865703058e-17,0.0,3.5488042164257645e-19,0.0005882349796593189,0.0002941175,1.17647,False,3,0.24160894360301344,-0.17716977542348322,0.16338463420677188,0.21718702432033302,-0.18729061218298254,0.11307276454752309,0.9998029991628796,0.005367020553792206,0.005529025070379695,0.01829025852070529,0.17434347,-0.18901506,0.18176922,0.08097991983519695,3.846999607048929e-05,0.00011633700341917574,0.000516052998136729,0.0003288059961050749,0.00015107099898159504,0.00010942600783891976,0.0015936429990688339,0.018215054005850106,0.01980869700491894,50.482876271552726,0
269,5.400137485994492,-0.7540472189532679,-1.46302896112714,1.4948714415179651,-1.4828007456711312,-1.9873011747943323,-0.024974648152486623,-0.239667147397995,-0.7694106101989746,-0.7507913112640381,-0.6571447253227234,-0.3801400065422058,-0.17282482981681824,-0.24867600202560425,-0.5539421439170837,-0.5421014428138733,-0.40069806575775146,-0.1763739138841629,-0.14329801499843597,6.592129377747777,5.1006273252377845,-17.078762769157308,0.09447831645921875,-0.10462387683196994,-0.07141910226820865,-0.77468336,-1.4455351,1.5297781,-1.5049319,-2.0000331,-0.028364308,-0.77468336,-1.4455351,1.5297781,-1.5049319,-2.0000331,-0.028364308,-0.7540472149848938,-1.463028907775879,1.4948714971542358,-1.4828007221221924,-1.987301230430603,-0.024974647909402847,-0.515903,0.43734494,0.8726649,-0.5532804,-0.3182999,-0.08474152,-0.70042884,1.1829347388085881e-17,0.0,2.9573368470214703e-19,0.0005882349796593189,0.0002941175,1.17647,False,3,0.24055104767591173,-0.1778276722413042,0.1618372137984806,0.21718056953578418,-0.18731494570747823,0.11302431104425718,0.9997986890033175,0.005434038537662472,0.00572746516193409,0.0184458402532417,0.17434347,-0.18901506,0.18176922,0.08101710035794459,3.9564998587593436e-05,0.00011668801016639918,0.0006172260036692023,0.00042487600876484066,0.00017580199346411973,0.00011410699517000467,0.0018261740042362362,0.018037764995824546,0.019863939000060782,50.34248242490777,0
270,5.420125995995477,-0.7569778601275843,-1.4606945601156731,1.4998815695392054,-1.4856590938619156,-1.9892547766314905,-0.025400940571920216,-0.25966811180114746,-0.8026332855224609,-0.7646306157112122,-0.635373592376709,-0.40128079056739807,-0.1570812463760376,-0.24886585772037506,-0.5560305118560791,-0.5428778529167175,-0.4015996754169464,-0.17569930851459503,-0.14337149262428284,6.464091599274094,4.540237635726009,-17.449526554687772,0.06773665411039065,-0.08755399793235008,-0.07626919189389739,-0.7773362,-1.4429473,1.5348153,-1.5082142,-2.0014873,-0.028957745,-0.7773362,-1.4429473,1.5348153,-1.5082142,-2.0014873,-0.028957745,-0.7569778561592102,-1.4606945514678955,1.499881625175476,-1.485659122467041,-1.9892548322677612,-0.02540094032883644,-0.50895786,0.44368327,0.873341,-0.56387687,-0.30580866,-0.088920124,-0.7019161,9.857789490071567e-18,0.0,2.464447372517892e-19,0.0005882349796593189,0.0002941175,1.17647,False,3,0.23938786866678602,-0.17850892258005402,0.16014208803502714,0.21717914872663469,-0.18731390074828694,0.11306121034890698,0.9997999807841726,0.005425230193478178,0.005761328017928921,0.018367876909041504,0.17434347,-0.18901506,0.18176922,0.08098506320710283,3.8332000258378685e-05,0.00011806999100372195,0.0005399729998316616,0.000418806986999698,0.00017388700507581234,0.00011056500079575926,0.001754734999849461,0.01807361000101082,0.01982834500086028,50.4328525631672,0
271,5.44009958600509,-0.7602160612689417,-1.458055668776371,1.505279843007223,-1.4889317092350502,-1.9913447538958948,-0.02588349977602178,-0.24811169505119324,-0.7744827270507812,-0.7362233400344849,-0.6283739805221558,-0.406849205493927,-0.1832682192325592,-0.2436714470386505,-0.5626776814460754,-0.5468451380729675,-0.40168827772140503,-0.17374032735824585,-0.14323249459266663,6.72652376884698,4.756568127309128,-17.099719332046924,0.08829260009323109,-0.10123676252282551,-0.07304236264849011,-0.780256,-1.4402568,1.5402145,-1.5120676,-2.0029075,-0.029599926,-0.780256,-1.4402568,1.5402145,-1.5120676,-2.0029075,-0.029599926,-0.7602160573005676,-1.4580556154251099,1.5052798986434937,-1.488931655883789,-1.9913448095321655,-0.025883499532938004,-0.5009981,0.44497058,0.87336737,-0.57839626,-0.28906977,-0.09291067,-0.7021837,8.214824575059639e-18,0.0,2.05370614376491e-19,0.0005882349796593189,0.0002941175,1.17647,False,3,0.23814356687536553,-0.17927547849323605,0.158293289818879,0.21719137347862272,-0.1873203193905355,0.11306695903307414,0.9998113468487292,0.004804765180341045,0.0045902369243832715,0.018252496244593616,0.17434347,-0.18901506,0.18176922,0.08098651861843684,4.0180995711125433e-05,0.00011412700405344367,0.0005132189980940893,0.0003207880072295666,0.00015212100697681308,0.00014428500435315073,0.0016439370083389804,0.018172942000092007,0.019816879008430988,50.46203287483136,0
272,5.46013199200388,-0.7628129164325159,-1.4558469590595742,1.5095871130572718,-1.4916670855930825,-1.9929803053485315,-0.02627116838564092,-0.27419668436050415,-0.7790444493293762,-0.7408388257026672,-0.6170843839645386,-0.3945426642894745,-0.19499436020851135,-0.24280165135860443,-0.5620858073234558,-0.5440713167190552,-0.40047687292099,-0.17307402193546295,-0.14342345297336578,6.479484794507664,4.792012567102488,-17.088156616225046,0.0916055099551238,-0.09893181426786461,-0.0683707642690284,-0.7826879,-1.4379466,1.5444248,-1.5154543,-2.003829,-0.030038005,-0.7826879,-1.4379466,1.5444248,-1.5154543,-2.003829,-0.030038005,-0.7628129124641418,-1.455846905708313,1.5095871686935425,-1.4916670322418213,-1.9929803609848022,-0.026271168142557144,-0.49687535,0.44750878,0.8709397,-0.5946806,-0.27121875,-0.094170906,-0.7023018,6.845687145883033e-18,0.0,1.7114217864707584e-19,0.0005882349796593189,0.0002941175,1.17647,False,3,0.2371651241446005,-0.1798934544152971,0.1567948919655322,0.21721863157802643,-0.18738265726753786,0.11307495676900832,0.999818902375344,0.004214506086938287,0.0035981927047301116,0.018205729188980713,0.17434347,-0.18901506,0.18176922,0.08099287979602515,5.63729990972206e-05,0.00017080600082408637,0.0008143640006892383,0.0002739019982982427,0.00017760398623067886,0.00012121099280193448,0.0020585379970725626,0.017756974004441872,0.019815512001514435,50.46551408429786,0
273,5.480098426996847,-0.7659075895892542,-1.4531353277019043,1.514925781880514,-1.4950149369290848,-1.9948776404010218,-0.026856247578756154,-0.23701657354831696,-0.8105217218399048,-0.7516502141952515,-0.6670698523521423,-0.3887222409248352,-0.18995922803878784,-0.24736301600933075,-0.5592169761657715,-0.5373640060424805,-0.4008559286594391,-0.17299987375736237,-0.1438404619693756,7.093720606495499,4.221775321090773,-17.40065702952817,0.06688847301042712,-0.1065304711433665,-0.07911637514186066,-0.7855359,-1.4352227,1.5496854,-1.519457,-2.0049415,-0.03071545,-0.7855359,-1.4352227,1.5496854,-1.519457,-2.0049415,-0.03071545,-0.7659075856208801,-1.453135371208191,1.5149258375167847,-1.4950149059295654,-1.9948776960372925,-0.02685624733567238,-0.4907066,0.4478143,0.8689893,-0.61105317,-0.2515943,-0.09648008,-0.70102245,5.704739288235861e-18,0.0,1.4261848220589653e-19,0.0005882349796593189,0.0002941175,1.17647,False,3,0.23597537680429664,-0.18058802767353482,0.1549346061138306,0.2172499066921551,-0.18735709815289658,0.11308146635268408,0.9998213889685821,0.00356135056300005,0.0028717790285006867,0.018338613661712633,0.17434347,-0.18901506,0.18176922,0.08100443942285408,0.0001190939947264269,0.00011769299453590065,0.0005121879949001595,0.00036561999877449125,0.00015023800369817764,0.00010859000030905008,0.0017207189957844093,0.01808656800130848,0.019807286997092888,50.486469961624216,0
274,5.500126953003928,-0.7687085310565394,-1.4507016849568863,1.5197213331805628,-1.4982207801989098,-1.996528450642721,-0.02732736269106084,-0.3021166920661926,-0.7412527799606323,-0.7241587042808533,-0.5933820009231567,-0.38283854722976685,-0.18430718779563904,-0.2435542792081833,-0.56845623254776,-0.5445585250854492,-0.4016152620315552,-0.17134186625480652,-0.1433752179145813,6.812758421124788,4.5548612107120645,-16.97414496136502,0.08643955477726158,-0.0941204802348484,-0.06946973250160206,-0.7880556,-1.432883,1.5544534,-1.5229391,-2.00551,-0.03126996,-0.7880556,-1.432883,1.5544534,-1.5229391,-2.00551,-0.03126996,-0.7687085270881653,-1.4507017135620117,1.5197213888168335,-1.4982208013534546,-1.9965285062789917,-0.027327362447977066,-0.48367646,0.44546786,0.8682981,-0.6179566,-0.22454247,-0.09856498,-0.69753224,4.753949406863218e-18,0.0,1.1884873517158046e-19,0.0005882349796593189,0.0002941175,1.17647,False,3,0.23493289036367998,-0.18122632330768706,0.15327360489678796,0.21714343515922763,-0.18729265063379769,0.11307976111213745,0.999799329476555,0.005685579559060744,0.005872066484637478,0.01829043757400218,0.17434347,-0.18901506,0.18176922,0.0809508865384285,3.974699939135462e-05,0.0001184940047096461,0.0007278020057128742,0.0003442150045884773,0.00017649499932304025,0.0001118320069508627,0.001885254998342134,0.01794156600954011,0.019826821007882245,50.43672909552395,0
275,5.5201319710031385,-0.7712186018573206,-1.4483952608755608,1.5240476767169397,-1.501140096490719,-1.997885529194967,-0.02780610719789678,-0.2575717866420746,-0.8018114566802979,-0.747689425945282,-0.5521295666694641,-0.4158951938152313,-0.18788105249404907,-0.24710895121097565,-0.5663201212882996,-0.5409284830093384,-0.4021240174770355,-0.1712280958890915,-0.14366066455841064,6.704899255265633,4.521471065983243,-16.987727597155132,0.07721486240751489,-0.09025708571630615,-0.07105316629630593,-0.79038423,-1.4306358,1.5586988,-1.5262011,-2.006183,-0.03179035,-0.79038423,-1.4306358,1.5586988,-1.5262011,-2.006183,-0.03179035,-0.7712185978889465,-1.4483952522277832,1.5240477323532104,-1.5011401176452637,-1.9978855848312378,-0.027806106954813004,-0.47914082,0.44398603,0.8662756,-0.62652475,-0.20743304,-0.09960608,-0.69423586,3.961624505719348e-18,0.0,9.904061264298371e-20,0.0005882349796593189,0.0002941175,1.17647,False,3,0.23401044952339195,-0.18177032401853552,0.1517339692599944,0.2171922490758472,-0.18728650810874445,0.11303041524652506,0.9998012745738959,0.005704815043986615,0.0056380312288309845,0.018250968020725823,0.17434347,-0.18901506,0.18176922,0.08101869905636727,0.00013333201059140265,0.00011777800682466477,0.0005356809997465461,0.00041836200398392975,0.0001729869982227683,0.00011075599468313158,0.0018417240062262863,0.017997817005380057,0.019839541011606343,50.404391886636354,0
276,5.54010522000317,-0.7739551703082483,-1.4459088158658524,1.529017750416891,-1.5045338210514565,-1.9993422667132776,-0.028344456349508107,-0.21478460729122162,-0.8616606593132019,-0.7480926513671875,-0.5517966151237488,-0.41211363673210144,-0.17087985575199127,-0.24496586620807648,-0.5724553465843201,-0.5413178205490112,-0.4016079008579254,-0.16937999427318573,-0.1436837762594223,6.958737789800403,4.717129411833435,-17.132402730764852,0.08940959254821906,-0.09151590777248314,-0.0648313605008065,-0.79298306,-1.4282724,1.5635247,-1.5301952,-2.0065122,-0.032304764,-0.79298306,-1.4282724,1.5635247,-1.5301952,-2.0065122,-0.032304764,-0.7739551663398743,-1.445908784866333,1.5290178060531616,-1.5045337677001953,-1.9993423223495483,-0.02834445610642433,-0.47569776,0.44091016,0.8626725,-0.6415364,-0.1792483,-0.09900766,-0.69024014,3.3013537547661237e-18,0.0,8.25338438691531e-20,0.0005882349796593189,0.0002941175,1.17647,False,3,0.232989133405397,-0.18233837802969213,0.15000880427137858,0.2171516579785801,-0.18732720064922062,0.11305579332151512,0.999799634304068,0.005322015732236708,0.0056721291934767,0.018444032157113984,0.17434347,-0.18901506,0.18176922,0.08097484418383047,4.0202008676715195e-05,0.00013152499741408974,0.0008159529970725998,0.0003224339889129624,0.00017256000137422234,0.00014836899936199188,0.0020593269873643294,0.017747953010257334,0.019807279997621663,50.486487802468275,0
277,5.56012865199591,-0.7769892851458948,-1.4431676727584382,1.5344050566302698,-1.508281761114933,-2.0008142630206507,-0.02891856828798467,-0.2474910169839859,-0.8347083330154419,-0.7717540860176086,-0.6023769378662109,-0.4087992012500763,-0.20411324501037598,-0.2403169572353363,-0.5817924737930298,-0.5466619729995728,-0.4001863896846771,-0.16774675250053406,-0.14337332546710968,6.811779096239445,4.55311463405154,-17.349577426812353,0.09015834341371941,-0.08262302458653945,-0.06117768341888653,-0.7959066,-1.4256513,1.5687518,-1.5345663,-2.0069392,-0.032836717,-0.7959066,-1.4256513,1.5687518,-1.5345663,-2.0069392,-0.032836717,-0.7769892811775208,-1.4431676864624023,1.5344051122665405,-1.5082817077636719,-2.000814199447632,-0.028918568044900894,-0.47293282,0.43791017,0.85866606,-0.65711486,-0.15312532,-0.09795373,-0.68511343,2.75112812897177e-18,0.0,6.877820322429425e-20,0.0005882349796593189,0.0002941175,1.17647,False,3,0.23188503734951918,-0.18294899150469693,0.14812237286043603,0.21713646444590476,-0.18732918456823777,0.11306547662264799,0.9997992644525555,0.005320359165973516,0.005545599516206638,0.018503903182723217,0.17434347,-0.18901506,0.18176922,0.08095855397076995,0.0001541620003990829,0.00019310100469738245,0.0010802930046338588,0.0003176949976477772,0.0001768829970387742,0.0001203379943035543,0.002548742006183602,0.0172165599942673,0.0197653020004509,50.59371215158702,0
278,5.580095883997274,-0.7796643416034144,-1.440732241874077,1.539173428212301,-1.5118140403977414,-2.0020321051227015,-0.029480759297506154,-0.2367110550403595,-0.7963225245475769,-0.7470125555992126,-0.6034224033355713,-0.3867848217487335,-0.20055601000785828,-0.24155448377132416,-0.5844375491142273,-0.5459204912185669,-0.4009671211242676,-0.16601170599460602,-0.14311625063419342,6.6417898895482645,4.913266345264418,-16.957004053801835,0.0895971251698795,-0.080185517638764,-0.06112883703109619,-0.79849035,-1.4234482,1.573322,-1.5386658,-2.0067983,-0.033310283,-0.79849035,-1.4234482,1.573322,-1.5386658,-2.0067983,-0.033310283,-0.7796643376350403,-1.4407322406768799,1.5391734838485718,-1.511813998222351,-2.0020320415496826,-0.02948075905442238,-0.47065064,0.43210146,0.8537137,-0.6712953,-0.11915269,-0.095738135,-0.67811465,2.2926067741431418e-18,0.0,5.731516935357854e-20,0.0005882349796593189,0.0002941175,1.17647,False,3,0.23094677721824639,-0.1834947601460658,0.1464558357250707,0.21716085535164406,-0.1872925403403065,0.11306686014068616,0.9997960216503073,0.0056263721175666154,0.005988514862788075,0.018451097778793092,0.17434347,-0.18901506,0.18176922,0.08097104649272713,4.2396990465931594e-05,0.00013158599904272705,0.0006560859910678118,0.00031133000447880477,0.0001683550071902573,0.00012520900054369122,0.001809400986530818,0.01797866700508166,0.01978806799161248,50.53550454869407,0
279,5.600128335994668,-0.7823351065265101,-1.4382850539735337,1.5440061728106897,-1.51531599209223,-2.0031331221209925,-0.030059162770406544,-0.2283364236354828,-0.7962161898612976,-0.7410109043121338,-0.6111940145492554,-0.38574859499931335,-0.1699950397014618,-0.24924388527870178,-0.5797156691551208,-0.5396274924278259,-0.40175268054008484,-0.1651265174150467,-0.1430082470178604,6.854078160460729,4.533924970373272,-16.974288085979218,0.09165506373764608,-0.08243495061515865,-0.06034135996847534,-0.8012112,-1.4214377,1.5778822,-1.5426863,-2.0070488,-0.033786975,-0.8012112,-1.4214377,1.5778822,-1.5426863,-2.0070488,-0.033786975,-0.782335102558136,-1.4382851123809814,1.5440062284469604,-1.5153160095214844,-2.0031330585479736,-0.03005916252732277,-0.47190168,0.42118293,0.8468977,-0.6842581,-0.09789242,-0.09319532,-0.66981167,1.9105056451192847e-18,0.0,4.7762641127982124e-20,0.0005882349796593189,0.0002941175,1.17647,False,3,0.23000052858747316,-0.183992682928767,0.1447590223463013,0.21715390749040683,-0.1873188828142805,0.11305455529840605,0.9997995148117589,0.005529444224250884,0.005815835036158868,0.01834517131108103,0.17434347,-0.18901506,0.18176922,0.08097725778110253,9.5489012892358e-05,0.0001573590125190094,0.0006991200061747804,0.0003285020065959543,0.00017415700131095946,0.00014917500084266067,0.0019974270107923076,0.017833951991633512,0.01983137900242582,50.42513684387141,0
280,5.620126178997452,-0.7849815527545374,-1.435818613772728,1.5487821737872522,-1.5189613376608868,-2.0039909521686,-0.03058177629579717,-0.2075260877609253,-0.8005308508872986,-0.7233183979988098,-0.621085524559021,-0.38342583179473877,-0.20480568706989288,-0.24929006397724152,-0.5856286287307739,-0.5410226583480835,-0.40286368131637573,-0.1628974974155426,-0.14275974035263062,6.841516814207292,4.449237480740865,-17.189157876043875,0.0902830682404157,-0.07733464233604603,-0.05944822950325075,-0.80382717,-1.4193009,1.5824274,-1.5466769,-2.0064757,-0.03418372,-0.80382717,-1.4193009,1.5824274,-1.5466769,-2.0064757,-0.03418372,-0.7849815487861633,-1.4358186721801758,1.548782229423523,-1.5189613103866577,-2.003990888595581,-0.030581776052713394,-0.47114038,0.41294453,0.84112746,-0.6928877,-0.062122423,-0.090048596,-0.6590408,1.5920880375994042e-18,0.0,3.9802200939985105e-20,0.0005882349796593189,0.0002941175,1.17647,False,3,0.22911697218334318,-0.1844662945095787,0.14305749974678528,0.2171877716128602,-0.1872979771538847,0.11306794735921898,0.9998033082381765,0.005365830471640613,0.0055865342499305335,0.01825782775864895,0.17434347,-0.18901506,0.18176922,0.08098424522324989,4.231699858792126e-05,0.00012757499644067138,0.000742577001801692,0.0002900349936680868,0.0001717470004223287,0.00012137599696870893,0.0018752739997580647,0.01794131100177765,0.019816585001535714,50.46278155002507,0
281,5.640106632999959,-0.7876513640033167,-1.4333625447801133,1.5535019079791468,-1.522718147640564,-2.004756752644674,-0.03113252321352178,-0.19577768445014954,-0.8359995484352112,-0.7259426712989807,-0.6209194660186768,-0.3656769096851349,-0.19530600309371948,-0.25000208616256714,-0.5944518446922302,-0.5438457131385803,-0.40304651856422424,-0.16252517700195312,-0.14255721867084503,6.746985915292061,4.646865936543126,-16.955352602447533,0.09363779585406065,-0.08287357736250253,-0.05657030335580397,-0.80648345,-1.417386,1.5868807,-1.5506729,-2.0058193,-0.03459934,-0.80648345,-1.417386,1.5868807,-1.5506729,-2.0058193,-0.03459934,-0.7876513600349426,-1.433362603187561,1.5535019636154175,-1.5227181911468506,-2.0047566890716553,-0.031132522970438004,-0.47080275,0.39941457,0.83446664,-0.6988681,-0.026568236,-0.086670466,-0.6456164,1.3267400313328367e-18,0.0,3.316850078332092e-20,0.0005882349796593189,0.0002941175,1.17647,False,3,0.22826114797514285,-0.18494677641229573,0.14137263083915205,0.21719487511504815,-0.1873073797245565,0.11302554493327567,0.9997995802174718,0.005417481846844959,0.006077831527505278,0.01828874325701616,0.17434347,-0.18901506,0.18176922,0.08102377744751137,3.84050072170794e-05,0.00011669700325001031,0.0005845630075782537,0.00035898599890060723,0.0001714730024104938,0.00011322098725941032,0.0017201580049004406,0.01809589599724859,0.01981605400214903,50.46413377211987,0
282,5.660137629005476,-0.7900140921222132,-1.4312426310828705,1.5578201452838343,-1.5260901165059586,-2.005326573048727,-0.031614128743306935,-0.2789861559867859,-0.8410013914108276,-0.7633060812950134,-0.617241382598877,-0.38855862617492676,-0.1811152547597885,-0.2491995245218277,-0.5986549258232117,-0.5446493029594421,-0.4023420810699463,-0.159298375248909,-0.14217205345630646,7.188757062627457,4.028260162073977,-16.775613254768363,0.08014230112963627,-0.08663165413604455,-0.06365242493552742,-0.8090199,-1.4157412,1.5908232,-1.5544709,-2.0052702,-0.034885652,-0.8090199,-1.4157412,1.5908232,-1.5544709,-2.0052702,-0.034885652,-0.7900140881538391,-1.43124258518219,1.557820200920105,-1.526090145111084,-2.005326509475708,-0.03161412850022316,-0.47514543,0.38753363,0.8250741,-0.70951754,0.0014058788,-0.08178806,-0.63409525,1.105616692777364e-18,0.0,2.7640417319434105e-20,0.0005882349796593189,0.0002941175,1.17647,False,3,0.2274944498732887,-0.1853276197169401,0.13985450758439705,0.21715910417971374,-0.18732849705405008,0.11302701363903606,0.9997955245184081,0.005522175349596281,0.006142410294891105,0.018458332803986503,0.17434347,-0.18901506,0.18176922,0.08100317597364069,0.00011330899724271148,0.00016608499572612345,0.0009177180036203936,0.0003316369984531775,0.0002021309919655323,0.0001309440121985972,0.002363701001740992,0.017422350007109344,0.019786051008850336,50.54065611943981,0
283,5.680111837005825,-0.7929242292987269,-1.4286117267659684,1.5631502310382288,-1.530284435754158,-2.005775753651754,-0.032172981892721,-0.2603874206542969,-0.8720132112503052,-0.8151106238365173,-0.5773704648017883,-0.35449808835983276,-0.18103773891925812,-0.24873976409435272,-0.6043325662612915,-0.5457998514175415,-0.4017842710018158,-0.15666094422340393,-0.141931414604187,7.464906517657664,4.095497158330713,-17.37605254107002,0.08306734245880881,-0.08974031091424983,-0.06275842339737722,-0.8120525,-1.4138745,1.5958253,-1.5588247,-2.004431,-0.035267077,-0.8120525,-1.4138745,1.5958253,-1.5588247,-2.004431,-0.035267077,-0.7929242253303528,-1.4286117553710938,1.5631502866744995,-1.5302844047546387,-2.0057756900787354,-0.03217298164963722,-0.47820583,0.368432,0.81687605,-0.71350574,0.033616416,-0.07735238,-0.6149058,9.213472439811368e-19,0.0,2.303368109952842e-20,0.0005882349796593189,0.0002941175,1.17647,False,3,0.22658070093560045,-0.18574742482151302,0.13795599753534682,0.2171452904742082,-0.18735352109747536,0.11299770305937318,0.9997946810791479,0.005325273944673702,0.006525921024023437,0.018430814919849416,0.17434347,-0.18901506,0.18176922,0.08102023603645658,4.575999628286809e-05,0.00013523300003726035,0.0006609050033148378,0.00032162699790205806,0.00016528699779883027,0.0001232920039910823,0.0018849629996111616,0.017905397005961277,0.019790360005572438,50.5296517960475,0
284,5.700139352993574,-0.7955344359027308,-1.4263583582690735,1.5678113142596644,-1.534256224786379,-2.006033722554342,-0.03268319765199834,-0.28866544365882874,-0.8577725887298584,-0.7593259215354919,-0.5650255084037781,-0.3407754898071289,-0.18453657627105713,-0.24651364982128143,-0.6140183210372925,-0.5509539842605591,-0.40136632323265076,-0.13069429993629456,-0.1413816213607788,6.811972762416524,4.530708810080253,-17.02866553571876,0.09934564250530367,-0.07350805784085274,-0.05134254215778393,-0.8148402,-1.4124016,1.6001656,-1.5629935,-2.003327,-0.035561223,-0.8148402,-1.4124016,1.6001656,-1.5629935,-2.003327,-0.035561223,-0.7955344319343567,-1.4263583421707153,1.567811369895935,-1.5342562198638916,-2.0060336589813232,-0.032683197408914566,-0.48264423,0.3489187,0.8088566,-0.71843266,0.06767009,-0.07195062,-0.5960952,7.677893699842807e-19,0.0,1.9194734249607017e-20,0.0005882349796593189,0.0002941175,1.17647,False,3,0.22582887529254392,-0.18614581029299904,0.1363128721527863,0.21714770859781968,-0.18739457534581166,0.11289576200355446,0.9997914915858217,0.005585500370841613,0.007383670702655429,0.018201390382550288,0.17434347,-0.18901506,0.18176922,0.08110722894337,4.405301297083497e-05,0.00018357898807153106,0.0007087959966156632,0.0003345220029586926,0.00017199899593833834,0.00014550299965776503,0.0020083379931747913,0.017767748999176547,0.01977608699235134,50.56612060751771,0
285,5.720146181003656,-0.7979124228106897,-1.4243966203979035,1.5719688574420374,-1.5377550435117264,-2.0060699621783655,-0.033078972493306935,-0.2722379267215729,-0.8290359973907471,-0.7241459488868713,-0.5787416100502014,-0.2545211613178253,-0.1825581192970276,-0.25278252363204956,-0.6127817034721375,-0.5450878739356995,-0.40118640661239624,-0.011535932309925556,-0.14126767218112946,6.89942592433374,4.251368438246379,-17.178266466337647,0.08626340703608955,-0.06506297249860354,-0.05634593950710786,-0.8175455,-1.4114082,1.6038159,-1.5667866,-2.0022213,-0.03572652,-0.8175455,-1.4114082,1.6038159,-1.5667866,-2.0022213,-0.03572652,-0.7979124188423157,-1.4243966341018677,1.571968913078308,-1.537755012512207,-2.0060698986053467,-0.03307897225022316,-0.49082604,0.32470986,0.79617375,-0.72579116,0.09621292,-0.066188745,-0.57643366,6.398244749869005e-19,0.0,1.5995611874672515e-20,0.0005882349796593189,0.0002941175,1.17647,False,3,0.2251634070886158,-0.18646565362644202,0.13484205467155275,0.21711678591920097,-0.18743720438759348,0.11288030760295217,0.9997936908208314,0.005355404748641754,0.007917310960843109,0.017920818702076374,0.17434347,-0.18901506,0.18176922,0.08110319964182376,0.0001300839940086007,0.00012816399976145476,0.000655948999337852,0.0003190239949617535,0.00017160999414045364,0.00012370599142741412,0.0019128919957438484,0.017915727003128268,0.019828618998872116,50.43215566635688,0
286,5.740102714000386,-0.8005669752704065,-1.422302634721138,1.576555077229635,-1.541739809592702,-2.005963150654928,-0.03354055086244756,-0.21663549542427063,-0.83448725938797,-0.7172074913978577,-0.6091387271881104,-0.12349432706832886,-0.18966077268123627,-0.253507524728775,-0.6187891364097595,-0.5450511574745178,-0.4024420976638794,0.09922584146261215,-0.14107781648635864,7.150263978842741,4.086673947477188,-17.170492484644445,0.09344489799293156,-0.07571596655544671,-0.05136772606266717,-0.82051796,-1.4104459,1.6077598,-1.5710452,-2.0003881,-0.035919204,-0.82051796,-1.4104459,1.6077598,-1.5710452,-2.0003881,-0.035919204,-0.8005669713020325,-1.4223026037216187,1.5765551328659058,-1.541739821434021,-2.005963087081909,-0.033540550619363785,-0.4987749,0.29641685,0.7801189,-0.7326332,0.13937615,-0.059466373,-0.5502378,5.331870624890838e-19,0.0,1.3329676562227096e-20,0.0005882349796593189,0.0002941175,1.17647,False,3,0.22445797055559383,-0.1868135967988535,0.13323314390959198,0.2171242339616445,-0.1874877019511853,0.11284715409798443,0.9997978279311892,0.005425028006594005,0.008248183109583068,0.017515503844625642,0.17434347,-0.18901506,0.18176922,0.08113432266251028,3.9014004869386554e-05,0.0001163220003945753,0.0005284329963615164,0.0002846930001396686,0.0001528309949208051,0.00011168399942107499,0.0015736970090074465,0.01822140399599448,0.019795101005001925,50.517549758766826,0
287,5.760280524002155,-0.8035185972796839,-1.42007531345401,1.5815194288836878,-1.5462130785784503,-2.0056965986834925,-0.03400737444032842,-0.22015859186649323,-0.8573386669158936,-0.718137800693512,-0.6136379837989807,-0.05751413851976395,-0.19205759465694427,-0.2515448033809662,-0.6326619982719421,-0.5524474382400513,-0.4023773670196533,0.11855468899011612,-0.14040251076221466,7.112323516732719,4.306375401458765,-16.953167787860508,0.0939519075603244,-0.08280856852755926,-0.05516531713190603,-0.8237829,-1.4094526,1.6121465,-1.5756135,-1.998615,-0.036121134,-0.8237829,-1.4094526,1.6121465,-1.5756135,-1.998615,-0.036121134,-0.8035185933113098,-1.4200752973556519,1.5815194845199585,-1.5462130308151245,-2.0056965351104736,-0.034007374197244644,-0.5066081,0.2655698,0.7656761,-0.7350126,0.17703737,-0.052844014,-0.51895547,4.443225520742365e-19,0.0,1.1108063801855913e-20,0.0005882349796593189,0.0002941175,1.17647,False,3,0.2237188954745052,-0.1871991310187528,0.131497503101719,0.21712610863524953,-0.1875281505630604,0.11273656774510393,0.9997927348707959,0.005395069121882138,0.009454785318015298,0.01720380827926887,0.17434347,-0.18901506,0.18176922,0.08122852149319386,5.389799480326474e-05,0.00014810299035161734,0.0008904879941837862,0.0003225999971618876,0.00021613198623526841,0.00012992200208827853,0.002211140003055334,0.01774415200634394,0.019955292009399273,50.112020386821875,0
288,5.780132059997413,-0.8062327543841761,-1.4182049197009583,1.5859501997577112,-1.5502409537187596,-2.0052221457110804,-0.034386459981099904,-0.3007812798023224,-0.8371747732162476,-0.7179118990898132,-0.6375072598457336,-0.022311385720968246,-0.1774137020111084,-0.2536305785179138,-0.6407650709152222,-0.555534839630127,-0.4032100737094879,0.12243076413869858,-0.14000383019447327,7.006311684493519,4.51886087026689,-16.762820342720225,0.10085550362835156,-0.07126214079212553,-0.04724940934368991,-0.8269983,-1.4088534,1.6157695,-1.5798736,-1.9972056,-0.036256533,-0.8269983,-1.4088534,1.6157695,-1.5798736,-1.9972056,-0.036256533,-0.806232750415802,-1.4182049036026,1.585950255393982,-1.5502409934997559,-2.0052220821380615,-0.03438645973801613,-0.5191381,0.23378769,0.74548167,-0.74081516,0.20041145,-0.046751834,-0.4901551,3.702687933951971e-19,0.0,9.256719834879928e-21,0.0005882349796593189,0.0002941175,1.17647,False,3,0.22307833621642964,-0.18752096845050004,0.12996275081264297,0.2171749931080176,-0.1876694387584721,0.11263809368214847,0.9997968092073095,0.005753571450060076,0.010795204840764717,0.016022556950156384,0.17434347,-0.18901506,0.18176922,0.08133549811206311,4.329599323682487e-05,0.00013227699673734605,0.000665995990857482,0.0003266239946242422,0.0001671189966145903,0.0001293499954044819,0.001856540999142453,0.017836643994087353,0.019693184993229806,50.77898777388135,0
289,5.800137376994826,-0.8089864889727991,-1.4165079605630417,1.5903623739825647,-1.5542490438422938,-2.004547421132223,-0.034702603016988576,-0.28477466106414795,-0.8807398080825806,-0.7771465182304382,-0.6428568959236145,-0.022043421864509583,-0.1662691980600357,-0.2601487636566162,-0.6412950158119202,-0.5517706274986267,-0.4043155312538147,0.12494008243083954,-0.13989028334617615,7.098640921506472,4.156481350907324,-17.03129440300124,0.08759005585583578,-0.06624112933300956,-0.05322557450335083,-0.8302751,-1.4090168,1.6197089,-1.5835375,-1.9963909,-0.03640926,-0.8302751,-1.4090168,1.6197089,-1.5835375,-1.9963909,-0.03640926,-0.808986485004425,-1.4165079593658447,1.5903624296188354,-1.5542490482330322,-2.004547357559204,-0.0347026027739048,-0.5322158,0.18727921,0.73366237,-0.7322105,0.20391116,-0.042666394,-0.4523608,3.085573278293309e-19,0.0,7.713933195733273e-21,0.0005882349796593189,0.0002941175,1.17647,False,3,0.22245582238016331,-0.18781386021925234,0.12846428090197257,0.21668021875645663,-0.18815382536239028,0.11264823938122091,0.9998097975353382,0.00490152546408979,0.01011786015245224,0.015934792257300323,0.17434347,-0.18901506,0.18176922,0.08106079531477252,3.9758990169502795e-05,0.00016403000336140394,0.000543853995623067,0.0002644259948283434,0.000152731008711271,0.0001133699988713488,0.0016408839874202386,0.018136236001737416,0.019777119989157654,50.56347944231651,0
290,5.820187990000704,-0.8115490118609827,-1.4150531601956864,1.594283405934469,-1.5579063960215827,-2.003777329121725,-0.03503591219057256,-0.2799926996231079,-0.9452637434005737,-0.802594780921936,-0.61943519115448,-0.015694361180067062,-0.16121914982795715,-0.26313596963882446,-0.647477388381958,-0.5544820427894592,-0.4050843417644501,0.12487521022558212,-0.13968582451343536,7.177509292263174,3.9251950556814936,-16.947118838169285,0.08585553433679209,-0.06623509883641043,-0.05298345722521393,-0.8332215,-1.4091426,1.6234797,-1.586571,-1.9958409,-0.036636796,-0.8332215,-1.4091426,1.6234797,-1.586571,-1.9958409,-0.036636796,-0.8115490078926086,-1.415053129196167,1.5942834615707397,-1.5579063892364502,-2.003777265548706,-0.035035911947488785,-0.54181224,0.14776349,0.7299064,-0.71661544,0.19840768,-0.04002207,-0.41816753,2.5713110652444247e-19,0.0,6.4282776631110616e-21,0.0005882349796593189,0.0002941175,1.17647,False,3,0.22191641989061286,-0.1880820359423545,0.12713695073382403,0.21611542517353813,-0.1885025314380481,0.11260377489708825,0.9998022475775905,0.005606761301626655,0.011272975315571705,0.01539493401897906,0.17434347,-0.18901506,0.18176922,0.08080234075743195,4.0305996662937105e-05,0.00011545298912096769,0.000619276994257234,0.00042409799061715603,0.00017490000755060464,0.00011394299508538097,0.0018377409869572148,0.01804897200781852,0.019886712994775735,50.28483089501525,0
291,5.840125442002318,-0.8147309462176722,-1.4135475170663376,1.5989249388324183,-1.5624597373283287,-2.0025890509234827,-0.035303894673482716,-0.23250731825828552,-0.9405695796012878,-0.7522668838500977,-0.6024155616760254,-0.019942190498113632,-0.1899513155221939,-0.2642373740673065,-0.6619167327880859,-0.5561805963516235,-0.4029928743839264,0.12183891236782074,-0.13956484198570251,6.815096950507906,3.6778390110908425,-17.391617208956113,0.08301110830365054,-0.056101090982013525,-0.05507110181746943,-0.8367678,-1.4102126,1.6275022,-1.5905252,-1.9933926,-0.0366647,-0.8367678,-1.4102126,1.6275022,-1.5905252,-1.9933926,-0.0366647,-0.8147309422492981,-1.4135475158691406,1.598924994468689,-1.5624597072601318,-2.002588987350464,-0.03530389443039894,-0.5509218,0.08337242,0.71442914,-0.7016349,0.22990866,-0.034020115,-0.35693625,2.1427592210370206e-19,0.0,5.3568980525925514e-21,0.0005882349796593189,0.0002941175,1.17647,False,3,0.22132296520726708,-0.1884207622619232,0.12561256344933747,0.2156810974471617,-0.18870846869220376,0.1130353531424605,0.9998403681228392,0.005192606806838492,0.004927838882565452,0.016371134779313064,0.17434347,-0.18901506,0.18176922,0.08020747122679055,0.00019641598919406533,0.00011490100587252527,0.0006027000054018572,0.0002814860054058954,0.0001554689952172339,0.00011564799933694303,0.0018203189974883571,0.01794859900837764,0.019768918005866,50.58445786983747,0
292,5.860092503004125,-0.8176701704608362,-1.4123922449401398,1.6030471960650843,-1.5665684731541951,-2.0014756361590784,-0.03553611436952764,-0.2564026713371277,-0.9416719675064087,-0.7682121992111206,-0.5586721301078796,-0.012303875759243965,-0.17859020829200745,-0.25904497504234314,-0.6703248023986816,-0.556047260761261,-0.39827287197113037,0.1182820200920105,-0.13985350728034973,7.210268203057898,3.915971004734633,-17.002141948240535,0.08743608560738919,-0.06490781922440812,-0.05096276309955425,-0.8402315,-1.4111116,1.6307493,-1.5944519,-1.9912733,-0.036677577,-0.8402315,-1.4111116,1.6307493,-1.5944519,-1.9912733,-0.036677577,-0.8176701664924622,-1.412392258644104,1.603047251701355,-1.5665684938430786,-2.0014755725860596,-0.03553611412644386,-0.56403255,0.03201541,0.692551,-0.6970859,0.25505581,-0.028536579,-0.30904135,1.7856326841975173e-19,0.0,4.464081710493793e-21,0.0005882349796593189,0.0002941175,1.17647,False,3,0.2207917913834311,-0.18874490078572662,0.12430988883459146,0.21540618882647616,-0.1889641712135317,0.11304237322938238,0.9998510622419289,0.005215397699565666,0.005942133435089773,0.015340260573278548,0.17434347,-0.18901506,0.18176922,0.08005953708453002,4.051798896398395e-05,0.0001167940063169226,0.0008471170003758743,0.0002611559903016314,0.00021269799617584795,0.00017199099238496274,0.0019950300047639757,0.017816261999541894,0.01981129200430587,50.476263727911125,0
293,5.880107252000016,-0.8206656614886683,-1.411489726310112,1.607107941304342,-1.5706131757509247,-2.0003350416766565,-0.03578311601747686,-0.2640950679779053,-0.9200230836868286,-0.7436822056770325,-0.5792702436447144,0.0013698302209377289,-0.17957048118114471,-0.26190057396888733,-0.6857782006263733,-0.5563125610351562,-0.3986648619174957,0.12228039652109146,-0.1394544541835785,6.7806526915261625,2.9450179862111208,-15.623249528092693,0.04090350536005794,-0.08868929742808909,-0.07188343971167314,-0.84368443,-1.4122524,1.6340578,-1.5982395,-1.9891375,-0.036743946,-0.84368443,-1.4122524,1.6340578,-1.5982395,-1.9891375,-0.036743946,-0.8206656575202942,-1.411489725112915,1.6071079969406128,-1.570613145828247,-2.0003349781036377,-0.03578311577439308,-0.5754702,-0.01906688,0.67374337,-0.6906586,0.27993712,-0.024020797,-0.25935656,1.4880272368312643e-19,0.0,3.720068092078161e-21,0.0005882349796593189,0.0002941175,1.17647,False,3,0.2202561857060248,-0.18907781843457466,0.12309164400296493,0.21487353827407152,-0.18931898828075933,0.11303377220593785,0.9998489050666255,0.005211832276384854,0.004791552210519119,0.015876241030415458,0.17434347,-0.18901506,0.18176922,0.07979562099719904,0.00012897999840788543,0.00016883399803191423,0.0008880999957909808,0.00029199299751780927,0.00022937198809813708,0.0001342350005870685,0.0024053720117080957,0.017359510995447636,0.01976488300715573,50.594784681394636,0
294,5.900081464991672,-0.8233407179461878,-1.4111805719188233,1.6102679411517542,-1.57428040126943,-1.999340836201803,-0.036025349293844044,-0.3312312364578247,-0.673099160194397,-0.3718244135379791,-0.512916088104248,0.08269394934177399,-0.1425008773803711,-0.26431015133857727,-0.6927573084831238,-0.5604178309440613,-0.4006742238998413,0.12570543587207794,-0.13417407870292664,6.217073309303338,-0.30824200520483136,-1.7997286125885423,-0.3638559601314788,-0.4595414493953721,-0.18900118606167765,-0.84642076,-1.4126487,1.637264,-1.6015083,-1.9873937,-0.036847137,-0.84642076,-1.4126487,1.637264,-1.6015083,-1.9873937,-0.036847137,-0.8233407139778137,-1.4111806154251099,1.610267996788025,-1.5742803812026978,-1.9993408918380737,-0.03602534905076027,-0.5770018,-0.036701728,0.6749008,-0.68069553,0.29867968,-0.020544738,-0.22463109,1.240022697359387e-19,0.0,3.1000567433984677e-21,0.0005882349796593189,0.0002941175,1.17647,False,3,0.219875810352093,-0.1894870970043695,0.12226911913776398,0.21476627834317918,-0.18960054032802556,0.11288988366841238,0.999764081804789,0.007184750835481727,0.012705226241335247,0.016085389528256347,0.17434347,-0.18901506,0.18176922,0.07986682499470202,4.545898991636932e-05,0.0001343909971183166,0.0006431530055124313,0.00033830599568318576,0.00017267800285480917,0.00011277200246695429,0.001934550004079938,0.017861755986814387,0.019796305990894325,50.51447479443733,0
295,5.920081022995873,-0.8265798727618616,-1.4114506554654618,1.6135314146624964,-1.5787426433958949,-1.9981239477740687,-0.036237541829244435,-0.532578706741333,0.029875822365283966,0.23555079102516174,-0.37350308895111084,0.29515767097473145,-0.10233516246080399,-0.26470232009887695,-0.7056488990783691,-0.5635164380073547,-0.4016020596027374,0.12790945172309875,-0.11093645542860031,5.86505389781205,-3.8530100525590236,21.330221816658444,-0.8061950997011764,-1.270865679604059,-0.31274620004798087,-0.8497658,-1.4135003,1.6402599,-1.6055727,-1.9861251,-0.03691274,-0.8497658,-1.4135003,1.6402599,-1.6055727,-1.9861251,-0.03691274,-0.8265798687934875,-1.4114506244659424,1.613531470298767,-1.5787426233291626,-1.9981240034103394,-0.03623754158616066,-0.5796484,-0.05124357,0.66820925,-0.67075264,0.29997328,-0.016879983,-0.20123112,1.0333522477994892e-19,0.0,2.583380619498723e-21,0.0005882349796593189,0.0002941175,1.17647,False,3,0.21953439585430798,-0.190107733953428,0.12160016709804858,0.21431346635489779,-0.19004470763677983,0.11263394011653625,0.9997847481628622,0.005644497155818048,0.012374824729323598,0.015668166508529032,0.17434347,-0.18901506,0.18176922,0.07986456188217567,0.000133562003611587,0.00013168501027394086,0.0007037390023469925,0.000327023008139804,0.0001715889957267791,0.00013339999713934958,0.0020575369999278337,0.01775050099240616,0.019808037992333993,50.484555834707855,0
296,5.9400739910051925,-0.8293893972979944,-1.4118577253869553,1.6162250677691858,-1.5823718510069789,-1.9969051519977015,-0.03636533418764287,-0.5992039442062378,0.4571855366230011,0.8379191756248474,-0.24516326189041138,0.4949752688407898,-0.043904952704906464,-0.25520002841949463,-0.9592137932777405,-0.5611766576766968,-0.39896467328071594,0.12814286351203918,-0.09608665108680725,4.411015280630151,-6.175768096442469,41.679919100999996,-1.1827174913844734,-1.9297675221224604,-0.41657925687082503,-0.8526133,-1.4140197,1.6428581,-1.6089637,-1.9848361,-0.036943052,-0.8526133,-1.4140197,1.6428581,-1.6089637,-1.9848361,-0.036943052,-0.8293893933296204,-1.4118577241897583,1.6162251234054565,-1.5823718309402466,-1.9969052076339722,-0.0363653339445591,-0.58059686,-0.054050554,0.66582537,-0.66479826,0.3017267,-0.0144429095,-0.1895615,8.61126873166241e-20,0.0,2.1528171829156025e-21,0.0005882349796593189,0.0002941175,1.17647,False,3,0.21925163776754497,-0.19060960005711206,0.12107910944053632,0.2140219806663096,-0.19058277595319906,0.11227357196556613,0.9997747031989611,0.007560541431148208,0.013346775552424235,0.014669822422051011,0.17434347,-0.18901506,0.18176922,0.08004053706582806,4.252500366419554e-05,0.0001278890122193843,0.0006718959921272472,0.0003684370021801442,0.00017096298688557,0.0001204169966513291,0.0019467980018816888,0.017871969001134858,0.019818767003016546,50.45722571176065,0
297,5.9601463839935604,-0.8329528013812464,-1.4124966722777863,1.6197107473956507,-1.58667053798818,-1.9952896277057093,-0.03652078310121709,-0.6192717552185059,1.1405330896377563,1.7151799201965332,0.0027551762759685516,0.7909407615661621,-0.005999547429382801,-0.25494489073753357,-1.093367338180542,-0.561735987663269,-0.39981773495674133,0.1255841702222824,-0.08338238298892975,2.182082595560125,-7.768744138723411,70.42797252460814,-1.5921039687137162,-2.8903549783986153,-0.533456116136565,-0.8562949,-1.4163146,1.6456939,-1.6130581,-1.9823289,-0.036948595,-0.8562949,-1.4163146,1.6456939,-1.6130581,-1.9823289,-0.036948595,-0.8329527974128723,-1.4124966859817505,1.6197108030319214,-1.5866705179214478,-1.99528968334198,-0.036520782858133316,-0.5835519,-0.09544921,0.64957654,-0.65968883,0.32401994,-0.01069532,-0.14741188,7.176057276385342e-20,0.0,1.7940143190963355e-21,0.0005882349796593189,0.0002941175,1.17647,False,3,0.2188442692482943,-0.19117142225757658,0.12041796612341943,0.21379100034567966,-0.19081490990951686,0.11228338215090418,0.999788616653455,0.007041251995369102,0.013008473918851689,0.014279084962286054,0.17434347,-0.18901506,0.18176922,0.07992264576370055,4.0050988900475204e-05,0.00011778900807257742,0.0007246370078064501,0.0003104089992120862,0.00017235799168702215,0.00016897000023163855,0.001978050990146585,0.017950353998458013,0.019928404988604598,50.17963056109192,0
298,5.980281541997101,-0.8361342589007776,-1.4129942518523713,1.6229823271380823,-1.590586324731344,-1.9935944716082972,-0.03661662737001592,-0.7335702776908875,1.6710624694824219,2.4828975200653076,0.3008652925491333,1.04928719997406,0.026039544492959976,-0.2503941059112549,-1.0826034545898438,-0.5629567503929138,-0.398912250995636,0.12356530129909515,-0.07267710566520691,-2.2514449597806916,-8.168284856661208,92.57679212303441,-1.768154935215093,-3.410373841747122,-0.5748018172223933,-0.859766,-1.4183773,1.6480818,-1.6168456,-1.9801226,-0.036967877,-0.859766,-1.4183773,1.6480818,-1.6168456,-1.9801226,-0.036967877,-0.8361342549324036,-1.4129942655563354,1.622982382774353,-1.5905863046646118,-1.9935945272445679,-0.036616627126932144,-0.5907945,-0.13457513,0.62748575,-0.6564813,0.3367976,-0.008781209,-0.11322646,5.980047730321118e-20,0.0,1.4950119325802795e-21,0.0005882349796593189,0.0002941175,1.17647,False,3,0.2184975795927133,-0.1916107246322584,0.1197468925873354,0.21357501071936064,-0.19121521342852682,0.11209477570070209,0.9997950609695044,0.00718964338962964,0.013426666695037651,0.013334933515571388,0.17434347,-0.18901506,0.18176922,0.07999051933685727,0.00011090199404861778,0.00012006999168079346,0.0006764889985788614,0.000417910996475257,0.00018967098731081933,0.00014683199697174132,0.002060708007775247,0.017911161994561553,0.0199718700023368,50.070424045569865,0
299,6.000106364997919,-0.8393867651568812,-1.4133580488017579,1.6265690962420862,-1.5943285427489222,-1.9918087164508265,-0.03666812578310186,-0.7718042135238647,1.7188268899917603,3.0041377544403076,0.5615856051445007,1.1820307970046997,0.03851374611258507,-0.2564290165901184,-1.1012074947357178,-0.5675190687179565,-0.4017205238342285,0.1262490153312683,-0.06154790148139,-5.748020239645932,-6.0950174658982625,103.1343680166698,-1.6806417015230681,-3.5625287656961118,-0.527599446545428,-0.8631767,-1.4182955,1.6510584,-1.6206676,-1.977802,-0.03692711,-0.8631767,-1.4182955,1.6510584,-1.6206676,-1.977802,-0.03692711,-0.8393867611885071,-1.4133580923080444,1.626569151878357,-1.59432852268219,-1.9918087720870972,-0.03666812554001808,-0.5947491,-0.12343564,0.6122316,-0.6584773,0.3501682,-0.006474607,-0.10200673,4.983373108600932e-20,0.0,1.245843277150233e-21,0.0005882349796593189,0.0002941175,1.17647,False,3,0.21806245064026816,-0.19195279039377205,0.11894339022754918,0.2133897390189368,-0.19163632623170937,0.11150871473584988,0.9997648477504792,0.009392184530819416,0.014641271732099498,0.012947761573815173,0.17434347,-0.18901506,0.18176922,0.08042400944108652,4.592099867295474e-05,0.00019660399993881583,0.0009517650032648817,0.00040967400127556175,0.0002857670042430982,0.00014014200132805854,0.0026092059997608885,0.017043069994542748,0.019652275994303636,50.884691436750515,0
300,6.0201093170035165,-0.8428190390216272,-1.4140947473100205,1.6307953039752405,-1.5980774364867152,-1.989791218434469,-0.03666431108583623,-0.6280720829963684,1.6905429363250732,2.8409454822540283,0.7967159152030945,1.1491292715072632,-0.020979173481464386,-0.26001816987991333,-1.1124686002731323,-0.571523129940033,-0.4033242166042328,0.1284593790769577,-0.05065704509615898,-8.633801690675035,-0.7946455806391217,94.93663797630461,-1.0405947157393483,-2.9780957768688014,-0.32752124272916705,-0.86686647,-1.4190865,1.6546197,-1.6246997,-1.9758497,-0.036859225,-0.86686647,-1.4190865,1.6546197,-1.6246997,-1.9758497,-0.036859225,-0.8428190350532532,-1.4140948057174683,1.6307953596115112,-1.598077416419983,-1.9897912740707397,-0.03666431084275246,-0.6011861,-0.124791995,0.5956074,-0.66555715,0.34853962,-0.004872903,-0.10405048,4.1528109238341096e-20,0.0,1.0382027309585275e-21,0.0005882349796593189,0.0002941175,1.17647,False,3,0.21751896779049468,-0.19217438491300287,0.11806689555092548,0.2128070335019458,-0.19219495789049096,0.11065625434269927,0.9998076294903495,0.011592715008555857,0.012285257761630673,0.00996809057522595,0.17434347,-0.18901506,0.18176922,0.08091113572936444,0.00015238999912980944,0.0001744110049912706,0.0009083789918804541,0.00033634899591561407,0.0002646080101840198,0.00014068100426811725,0.0025707499880809337,0.017176482011564076,0.01974723199964501,50.64000868668463,0
301,6.040131179994205,-0.8458974997149866,-1.4143019032529374,1.6345656553851526,-1.6014138660826625,-1.988044563923971,-0.03666049638857061,-0.5785499215126038,1.33418607711792,2.513704776763916,0.9828091859817505,1.106415867805481,-0.06892284750938416,-0.26390233635902405,-1.0783321857452393,-0.5610590577125549,-0.40044930577278137,0.13023865222930908,-0.04097646474838257,-10.350445554913684,4.970630189828533,79.71755856097273,-0.311491556648999,-2.1949217779207815,-0.08625398274537194,-0.87019163,-1.4199858,1.6573141,-1.6287525,-1.973226,-0.036869317,-0.87019163,-1.4199858,1.6573141,-1.6287525,-1.973226,-0.036869317,-0.8458974957466125,-1.414301872253418,1.6345657110214233,-1.6014138460159302,-1.9880446195602417,-0.03666049614548683,-0.60735303,-0.14209613,0.56870764,-0.6834671,0.3704655,-0.005220531,-0.10138751,3.460675769861758e-20,0.0,8.651689424654396e-22,0.0005882349796593189,0.0002941175,1.17647,False,3,0.21701119734857152,-0.19236800895508088,0.11716113561714661,0.21269492522441788,-0.19250581072909337,0.10987566073696421,0.9997643375676983,0.014569186535288084,0.013267497540717724,0.009112377736948746,0.17434347,-0.18901506,0.18176922,0.08155797849741074,4.482100484892726e-05,0.00013477301399689168,0.0006517869915114716,0.0003108910023001954,0.0001793429983081296,0.00012965100177098066,0.0018858019902836531,0.017950622001080774,0.019836423991364427,50.412312241124674,0
302,6.060150635996251,-0.849701229725973,-1.4142182034305115,1.639439884816305,-1.6050592861571253,-1.9860265890704554,-0.036704365407125294,-0.3343881368637085,0.7452980875968933,1.741490364074707,0.7957065105438232,1.016430139541626,-0.12447894364595413,-0.26812034845352173,-1.0562527179718018,-0.5483565330505371,-0.3983001410961151,0.13035184144973755,-0.026947593316435814,-7.8257771990000755,10.083367538829982,60.038668359116215,0.3476743145933495,-1.7192600224640726,0.11346145196860616,-0.8736308,-1.4195037,1.6635805,-1.6319338,-1.9715157,-0.03680633,-0.8736308,-1.4195037,1.6635805,-1.6319338,-1.9715157,-0.03680633,-0.8497012257575989,-1.4142181873321533,1.6394399404525757,-1.605059266090393,-1.986026644706726,-0.03670436516404152,-0.59824055,-0.13213687,0.6035154,-0.67186445,0.36277363,-0.0025491675,-0.09527747,2.8838964748847986e-20,0.0,7.209741187211997e-22,0.0005882349796593189,0.0002941175,1.17647,False,3,0.21624207660126568,-0.1924883230020073,0.11588526792240461,0.21227759684433586,-0.19280150022734188,0.10829775233925598,0.999627990234186,0.02386982955324856,0.011309110244599945,0.006798747406079023,0.17434347,-0.18901506,0.18176922,0.08277313698981749,3.9753998862579465e-05,0.00011790699500124902,0.0006941970059415326,0.000368218999938108,0.0001743360044201836,0.00012823600263800472,0.001930387006723322,0.017922803992405534,0.019853190999128856,50.3697365347404,0
303,6.080277308996301,-0.8530634085284632,-1.414362983112671,1.6435688177691858,-1.60858215908193,-1.9838216940509241,-0.036724392567769826,-0.3253396153450012,0.07112495601177216,1.015893816947937,0.5595133304595947,0.7945737242698669,-0.15647120773792267,-0.26555803418159485,-1.051727533340454,-0.5469526052474976,-0.3987670838832855,0.13221585750579834,-0.015287190675735474,-3.866704205654303,10.772617550041543,35.540556665974236,0.697005940143763,-1.1830122100847185,0.17603671611154137,-0.87707996,-1.4176172,1.6685137,-1.6357459,-1.9706506,-0.03675435,-0.87707996,-1.4176172,1.6685137,-1.6357459,-1.9706506,-0.03675435,-0.8530634045600891,-1.4143630266189575,1.6435688734054565,-1.6085821390151978,-1.9838217496871948,-0.03672439232468605,-0.60041475,-0.08135451,0.623621,-0.6790935,0.32928082,-0.00074901595,-0.14329614,2.403247062403999e-20,0.0,6.008117656009998e-22,0.0005882349796593189,0.0002941175,1.17647,False,3,0.21570875685973434,-0.1926182440736114,0.114840314042544,0.21141234820252214,-0.19333187218524184,0.1067722384694888,0.9995311526561308,0.029513837089529586,0.00812026949573852,0.0006979361086091943,0.17434347,-0.18901506,0.18176922,0.08376923286655891,4.1898005292750895e-05,0.0001220159902004525,0.0005866769934073091,0.0003414800012251362,0.00016040199261624366,0.00012003599840682,0.0017796619940781966,0.018173556003603153,0.01995321799768135,50.11722921667093,0
304,6.100089703002595,-0.8564170042621058,-1.4147803646377106,1.6476739088641565,-1.612051626245016,-1.9815848509417933,-0.03681546846498662,-0.21281670033931732,-0.5454462170600891,0.2221764475107193,0.1372021734714508,0.5425679087638855,-0.17322178184986115,-0.2649953365325928,-1.0159180164337158,-0.5133572220802307,-0.38861191272735596,0.13159222900867462,-0.006275169085711241,0.06518856760131975,9.660391548940732,14.889302852048731,0.633722941982001,-0.7551181807095865,0.12562893858213303,-0.8799764,-1.4152993,1.6739402,-1.6396265,-1.9687835,-0.036827914,-0.8799764,-1.4152993,1.6739402,-1.6396265,-1.9687835,-0.036827914,-0.8564170002937317,-1.4147803783416748,1.6476739645004272,-1.6120516061782837,-1.981584906578064,-0.03681546822190285,-0.5889852,-0.012973715,0.6566563,-0.6893723,0.3200356,-0.00031114556,-0.20188612,2.002705885336666e-20,0.0,5.006764713341665e-22,0.0005882349796593189,0.0002941175,1.17647,False,3,0.21518487257462898,-0.19274076903479198,0.11387609163788001,0.21075305840522676,-0.19355247548632235,0.10514015807611031,0.999269794562192,0.03689186596309848,0.008747499511028886,-0.004725892818872405,0.17434347,-0.18901506,0.18176922,0.08496034332691596,0.00017910900351125747,0.00016387400683015585,0.000872817006893456,0.0003832119982689619,0.00022034099674783647,0.00016725400928407907,0.002424794001854025,0.017244271002709866,0.01966906500456389,50.84125756704582,0
305,6.120129913004348,-0.859321419392721,-1.4154108178666611,1.6509893576251429,-1.6152950725951136,-1.979626480733053,-0.03682834306825811,-0.285844087600708,-0.8123244643211365,-0.17476233839988708,-0.17558495700359344,0.22758573293685913,-0.17169609665870667,-0.26778143644332886,-0.9735821485519409,-0.49403539299964905,-0.38425344228744507,0.12745919823646545,0.001989484764635563,1.868383945434989,5.714817076532956,3.373177170212541,0.31724362459009087,-0.4726879022173272,0.01201408548682023,-0.8822599,-1.4133364,1.6789275,-1.6427904,-1.9681957,-0.036862116,-0.8822599,-1.4133364,1.6789275,-1.6427904,-1.9681957,-0.036862116,-0.8593214154243469,-1.4154108762741089,1.6509894132614136,-1.6152950525283813,-1.9796265363693237,-0.03682834282517433,-0.57346267,0.05186283,0.69845456,-0.6873837,0.28577197,-0.0008443238,-0.2570519,1.6689215711138884e-20,0.0,4.172303927784721e-22,0.0005882349796593189,0.0002941175,1.17647,False,3,0.21482102841835238,-0.19294091573645172,0.11318711045399532,0.21006478290655597,-0.1937414256706483,0.10366350757807828,0.998930147096435,0.044310618568329234,0.008607607195863922,-0.01005259872948072,0.17434347,-0.18901506,0.18176922,0.08601658899405272,3.895199915859848e-05,0.00012924300972372293,0.0006411780050257221,0.00036654800351243466,0.00017262001347262412,0.00011158800043631345,0.0018713309982558712,0.01800893701147288,0.019880268009728752,50.3011327367736,0
306,6.140123969991691,-0.8624866644488733,-1.4162279826453705,1.6541956106769007,-1.6191278896727503,-1.9777162710772913,-0.036879841481344044,-0.43150147795677185,-0.8541767597198486,-0.3740091323852539,-0.44466885924339294,0.045414961874485016,-0.12708690762519836,-0.26062747836112976,-0.9342506527900696,-0.47977882623672485,-0.3822724223136902,0.12678056955337524,0.007469114847481251,3.506370862574249,1.6645861315903812,-2.7337520528937103,-0.10168373865738185,-0.3656474269569739,-0.11653362324848814,-0.8847892,-1.4112829,1.6826792,-1.647185,-1.9660844,-0.036938127,-0.8847892,-1.4112829,1.6826792,-1.647185,-1.9660844,-0.036938127,-0.8624866604804993,-1.41622793674469,1.6541956663131714,-1.619127869606018,-1.977716326713562,-0.03687984123826027,-0.5575635,0.12362457,0.71208626,-0.7014283,0.2907998,-0.0014571183,-0.31593144,1.3907679759282402e-20,0.0,3.476919939820601e-22,0.0005882349796593189,0.0002941175,1.17647,False,3,0.2145124397479931,-0.19333464127501485,0.1126092401920635,0.20974416404114002,-0.1940345762647321,0.10248857469670043,0.9986351766769348,0.0499507310397037,0.008558816431858664,-0.012629047397740345,0.17434347,-0.18901506,0.18176922,0.08697025896897771,0.00024219299666583538,0.00012153301213402301,0.0006125579966465011,0.0003003230085596442,0.00015286200505215675,0.0001101119996747002,0.001931976992636919,0.017903291998663917,0.019835268991300836,50.415247730624195,0
307,6.160194829993998,-0.8658512274371546,-1.4168230307153244,1.6571462790118616,-1.6232553921141566,-1.9763196150409144,-0.036899868641988576,-0.376150518655777,-0.5764990448951721,-0.18930234014987946,-0.4787178039550781,0.100055031478405,-0.11433281749486923,-0.24574702978134155,-0.682967483997345,-0.47862985730171204,-0.3807238042354584,0.12312773615121841,0.005893654190003872,5.65334779402499,-0.878963182436764,3.891343313802123,-0.42041192665465177,-0.7664474267788375,-0.18792412484232274,-0.8881273,-1.412781,1.6849724,-1.6519786,-1.9634831,-0.036884077,-0.8881273,-1.412781,1.6849724,-1.6519786,-1.9634831,-0.036884077,-0.8658512234687805,-1.4168230295181274,1.6571463346481323,-1.6232553720474243,-1.976319670677185,-0.0368998683989048,-0.55690324,0.101051666,0.695653,-0.71808106,0.32091558,0.0003948193,-0.31017056,1.1589733132735335e-20,0.0,2.897433283183834e-22,0.0005882349796593189,0.0002941175,1.17647,False,3,0.21417002611759298,-0.19394927268501702,0.11209246119253191,0.20958272764291913,-0.194138892160304,0.10202883718948941,0.9985228071771762,0.05192825427533326,0.009389138014140399,-0.012941450565803769,0.17434347,-0.18901506,0.18176922,0.08733033911515731,3.869699139613658e-05,0.00011623800673987716,0.0005565469909925014,0.00033055798849090934,0.00015441999130416662,0.00011586501204874367,0.0016685479931766167,0.018239860000903718,0.019908407994080335,50.23003347617474,0
308,6.180138095005532,-0.8695057074176233,-1.417133854036667,1.6600435415851038,-1.62780823330068,-1.9750078360186976,-0.03693610826601201,-0.28102317452430725,-0.04578955098986626,0.3609248101711273,-0.2657182514667511,0.5240806341171265,-0.05768328160047531,-0.23796981573104858,-0.520413339138031,-0.49318939447402954,-0.38653188943862915,0.12410571426153183,0.0007747921627014875,6.950910932409418,-0.7491597962122212,26.3536675571546,-0.7231631805783097,-1.7141112081198568,-0.2176487860388891,-0.89209455,-1.4142308,1.687292,-1.656455,-1.9624351,-0.036890943,-0.89209455,-1.4142308,1.687292,-1.656455,-1.9624351,-0.036890943,-0.8695057034492493,-1.4171338081359863,1.6600435972213745,-1.6278082132339478,-1.9750078916549683,-0.03693610802292824,-0.56472147,0.07257552,0.6812085,-0.7161708,0.31431776,0.0011291405,-0.29459965,9.658110943946113e-21,0.0,2.4145277359865285e-22,0.0005882349796593189,0.0002941175,1.17647,False,3,0.2138213453038808,-0.19471558375797737,0.11153493041650292,0.20902482386585972,-0.19469572317640646,0.10149703414055922,0.9984459745009131,0.05339487775116489,0.008720611882830484,-0.013362675069419887,0.17434347,-0.18901506,0.18176922,0.08762813820063954,5.7181998272426426e-05,0.0001235249947058037,0.0006401360005838796,0.00033215299481526017,0.00015423601143993437,0.0001364539930364117,0.0019033650023629889,0.01782671500404831,0.0197300800064113,50.684031675241535,0
309,6.200132326994208,-0.8722975889789026,-1.4175049376538773,1.6624487082110804,-1.6315232716002406,-1.9738472143756312,-0.03699952760805303,-0.3885306119918823,0.9321736693382263,1.2548627853393555,-0.016559457406401634,1.006098985671997,0.026574231684207916,-0.24214114248752594,-0.5867756605148315,-0.5289038419723511,-0.3995303213596344,0.12727342545986176,-0.003169597825035453,6.608602020952436,-2.507603451870353,56.15196381276778,-1.1216252799542745,-2.833441650791531,-0.2849415890214758,-0.8951763,-1.4157158,1.6892222,-1.6598353,-1.9615912,-0.03697095,-0.8951763,-1.4157158,1.6892222,-1.6598353,-1.9615912,-0.03697095,-0.8722975850105286,-1.417504906654358,1.662448763847351,-1.6315232515335083,-1.9738472700119019,-0.036999527364969254,-0.57196707,0.044727378,0.6693365,-0.70780355,0.30640182,0.00071446394,-0.2740145,8.048425786621762e-21,0.0,2.0121064466554406e-22,0.0005882349796593189,0.0002941175,1.17647,False,3,0.21358126681590317,-0.19528064236073786,0.11109629840262941,0.20862806556705799,-0.1954410460520198,0.10152054574253838,0.9984787948605853,0.052253453410910554,0.009378604606465554,-0.014890753784614108,0.17434347,-0.18901506,0.18176922,0.08750186882648285,3.886899503413588e-05,0.00015123399498406798,0.0007010319968685508,0.0002746660029515624,0.0001562839897815138,0.0001139599917223677,0.001829362998250872,0.017992516994127072,0.019821879992377944,50.44930149837086,0
310,6.220128072993248,-0.8752639929400843,-1.4177780461362381,1.6653159300433558,-1.635613580743307,-1.9722850958453577,-0.03707486787904912,-0.4904903471469879,1.9643988609313965,2.3692104816436768,0.22495494782924652,1.4542087316513062,0.14820930361747742,-0.2587660551071167,-0.6421023607254028,-0.5571575164794922,-0.4088909924030304,0.12506946921348572,-0.003282542573288083,4.196117442730419,-4.46052926292702,93.86257375820742,-1.6023495030263135,-4.097517494349163,-0.37255985890095333,-0.89867145,-1.4181962,1.6910874,-1.663716,-1.9602629,-0.036986854,-0.89867145,-1.4181962,1.6910874,-1.663716,-1.9602629,-0.036986854,-0.8752639889717102,-1.4177780151367188,1.6653159856796265,-1.6356135606765747,-1.9722851514816284,-0.03707486763596535,-0.58518595,-0.010453689,0.6442834,-0.7025596,0.3005565,0.0022003148,-0.23559879,6.7070214888514685e-21,0.0,1.6767553722128671e-22,0.0005882349796593189,0.0002941175,1.17647,False,3,0.21333725453289476,-0.1957841771803825,0.11049503283414855,0.20840929091745478,-0.19601732317059267,0.10149623833967435,0.9984975151711752,0.0515742708342917,0.00890785182332397,-0.016229606794632773,0.17434347,-0.18901506,0.18176922,0.08748293527856903,0.00017657599528320134,0.00011914799688383937,0.0005293949943734333,0.0003348099999129772,0.00014824900426901877,0.0001124159898608923,0.0017946520092664286,0.01804440798878204,0.01983905999804847,50.40561398062046,0
311,6.240099943999667,-0.8783605734454554,-1.4180516463569184,1.6685450712787073,-1.639662881890768,-1.9704564253436487,-0.03710681596864873,-0.6024673581123352,2.1426284313201904,3.3211474418640137,0.5368587374687195,1.8051730394363403,0.2797695994377136,-0.2577727138996124,-0.676853358745575,-0.5750059485435486,-0.4097311496734619,0.12077593803405762,-0.00499765807762742,0.5095565762264371,-3.0535958695699907,122.52127678635756,-1.823524181039084,-4.996623600254005,-0.3880683061795839,-0.90166706,-1.4171263,1.6940005,-1.667517,-1.9576509,-0.036864586,-0.90166706,-1.4171263,1.6940005,-1.667517,-1.9576509,-0.036864586,-0.8783605694770813,-1.4180516004562378,1.668545126914978,-1.6396628618240356,-1.9704564809799194,-0.03710681572556496,-0.5826618,0.023133392,0.6363844,-0.69635266,0.32014084,0.006055703,-0.22809704,5.5891845740428904e-21,0.0,1.3972961435107226e-22,0.0005882349796593189,0.0002941175,1.17647,False,3,0.21303664336325284,-0.19618807082351594,0.10977873241235517,0.2082716939254961,-0.19630049715046044,0.10095948890463542,0.9983564406258764,0.053628006563031995,0.010856622839110248,-0.017047754822520366,0.17434347,-0.18901506,0.18176922,0.08794552376240697,3.8430996937677264e-05,0.0001239400007762015,0.0006333390047075227,0.00024090299848467112,0.00015249999705702066,0.00011030500172637403,0.0018498669960536063,0.01796306000323966,0.019812926999293268,50.4720983444632,0
312,6.2600966680038255,-0.8818095366107386,-1.4191728395274659,1.6729219595538538,-1.6441084347166957,-1.968222443257467,-0.03704721132387334,-0.690680980682373,2.0067224502563477,3.6840717792510986,0.9019665122032166,1.9148128032684326,0.3275008201599121,-0.25865864753723145,-0.8085097074508667,-0.5875869989395142,-0.41018661856651306,0.11928321421146393,-0.009486174210906029,-5.142682910122161,1.2058614087309358,131.341092058046,-1.4966776600837195,-4.897034748212577,-0.2657236082965173,-0.9049852,-1.416826,1.6982657,-1.672162,-1.9547378,-0.036652464,-0.9049852,-1.416826,1.6982657,-1.672162,-1.9547378,-0.036652464,-0.8818095326423645,-1.4191728830337524,1.6729220151901245,-1.6441084146499634,-1.9682224988937378,-0.037047211080789566,-0.57939166,0.058672745,0.63359004,-0.7013423,0.33711937,0.009868679,-0.23333684,4.657653811702409e-21,0.0,1.1644134529256023e-22,0.0005882349796593189,0.0002941175,1.17647,False,3,0.21260365938104003,-0.19645101978885687,0.10900107256864225,0.20810948566534335,-0.19649274142030365,0.100504491728775,0.9982167003319821,0.05573565595243098,0.011491852810337206,-0.01802478931761931,0.17434347,-0.18901506,0.18176922,0.08831769999151648,4.88279911223799e-05,0.00013877400488127023,0.0009011270012706518,0.00038687800406478345,0.00023880899243522435,0.00017578201368451118,0.002369757989072241,0.017418754010577686,0.019788511999649927,50.53437064988468,0
313,6.2801296889956575,-0.884923283253805,-1.4212825310281296,1.6770232359515589,-1.648088117639059,-1.9660690466510218,-0.036911789570943654,-0.8183515667915344,1.7467983961105347,3.683582067489624,1.2079802751541138,1.6003550291061401,0.26278653740882874,-0.25739094614982605,-1.0781497955322266,-0.5710822343826294,-0.4045090675354004,0.1249467134475708,-0.008129986003041267,-10.787281014806595,5.129533296090365,122.71625292454718,-0.7997484180828711,-3.8599054670286894,-0.07906201544347724,-0.9076225,-1.4145432,1.7029699,-1.6761767,-1.9524735,-0.036303684,-0.9076225,-1.4145432,1.7029699,-1.6761767,-1.9524735,-0.036303684,-0.8849232792854309,-1.4212825298309326,1.6770232915878296,-1.6480880975723267,-1.9660691022872925,-0.03691178932785988,-0.5674808,0.16848464,0.64866585,-0.70221424,0.3398889,0.015202621,-0.2693226,3.881378176418674e-21,0.0,9.703445441046686e-23,0.0005882349796593189,0.0002941175,1.17647,False,3,0.21223285128672476,-0.19666384859734634,0.10856365003397328,0.2078356524839588,-0.1968851975987085,0.09994866472653288,0.9981380240063489,0.056915683969344565,0.009286834967549111,-0.01987215522657908,0.17434347,-0.18901506,0.18176922,0.0887596144427783,4.512901068665087e-05,0.00012848600454162806,0.0006931570096639916,0.00031972999568097293,0.000168855010997504,0.00011156599794048816,0.0018839530093828216,0.01796621199173387,0.019850165001116693,50.37741499598335,0
