step,time,q0,q1,q2,q3,q4,q5,current0,current1,current2,current3,current4,current5,ctrl_output0,ctrl_output1,ctrl_output2,ctrl_output3,ctrl_output4,ctrl_output5,tcp_force0,tcp_force1,tcp_force2,tcp_force3,tcp_force4,tcp_force5,ctrl_pre_alpha0,ctrl_pre_alpha1,ctrl_pre_alpha2,ctrl_pre_alpha3,ctrl_pre_alpha4,ctrl_pre_alpha5,ctrl0,ctrl1,ctrl2,ctrl3,ctrl4,ctrl5,obs_q0,obs_q1,obs_q2,obs_q3,obs_q4,obs_q5,action0,action1,action2,action3,action4,action5,action6,gripper_norm,gripper_ctrl,finger_pos_est,gripper_obs,gripper_fb_pos,gripper_fb_pct,grasped,obj_flag,tcp_x,tcp_y,tcp_z,box_x,box_y,box_z,box_qw,box_qx,box_qy,box_qz,target_x,target_y,target_z,box_to_target_dist,recv_time_s,mocap_time_s,obs_time_s,policy_time_s,ctrl_time_s,send_time_s,compute_time_s,sleep_time_s,loop_dt_true_s,loop_hz_true,overrun_count
0,0.020089014011318795,-0.098945442830221,-1.7415734730162562,1.7620185057269495,-1.481252284055092,-1.3496440092669886,0.13521476089954376,0.09211249649524689,-0.6220658421516418,-1.2540640830993652,-0.37214750051498413,0.1871180236339569,0.06195298209786415,1.8192313492825215e-18,-0.4886976480484009,-0.8391417264938354,-0.247823104262352,0.015059090219438076,0.0,-2.8503269289288697,1.9769748096437028,-0.33810444026760844,0.1107185941837795,0.08450123403620484,0.00036672561895885643,-0.08698969,-1.756936,1.7453297,-1.4932895,-1.3508749,0.13515918,-0.08698969,-1.756936,1.7453297,-1.4932895,-1.3508749,0.13515918,-0.09894544631242752,-1.741573452949524,1.7620185613632202,-1.4812523126602173,-1.3496440649032593,0.13521476089954376,0.29889378,-0.38406256,-0.4172199,-0.3009287,-0.030770136,-0.0013896758,-0.17747763,0.16666666666666666,0.041548981815576556,0.004166666666666667,0.0,,,False,0,0.24702116187093945,0.15939768113303524,0.14829997032029876,0.3633638438282178,-0.0023421451475581657,0.1699463015330113,0.9996474133641541,0.012030957768587877,0.00905789108494694,-0.02186956699531816,0.21651419,0.21151058,0.18445662,0.25982371173956814,3.055199340451509e-05,0.00010551000013947487,0.0005857560026925057,0.0003861379955196753,0.0001736699923640117,9.528599912300706e-05,0.0017989010084420443,0.01828904400463216,0.020087945013074204,49.781100025371025,0
1,0.040119468001648784,-0.09882194200624639,-1.741695066491598,1.7619670073138636,-1.4812607553652306,-1.3496645132647913,0.13521118462085724,0.3248678147792816,-1.0069940090179443,-1.6803789138793945,-0.6054421067237854,0.142006516456604,0.03992420807480812,0.3958532214164734,-0.9829517006874084,-1.2455507516860962,-0.4519599676132202,-0.004407063592225313,-0.0015746393473818898,-2.542474335265609,2.3763948933738055,-1.8580305209052708,0.12175385259221186,0.07686988410524352,0.0018825901185660476,-0.08389099,-1.765256,1.762139,-1.4935664,-1.3553946,0.13442884,-0.08389099,-1.765256,1.762139,-1.4935664,-1.3553946,0.13442884,-0.09882194548845291,-1.7416950464248657,1.7619670629501343,-1.4812607765197754,-1.349664568901062,0.13521118462085724,0.3732739,-0.589025,0.0042969687,-0.3076416,-0.14325121,-0.01955869,-0.109203056,0.3055555555555556,0.039364920705556875,0.0076388888888888895,0.008333333767950535,,,False,0,0.24701586311450838,0.15942199328269038,0.14834137121488047,0.3633184897557013,-0.0023203373908918827,0.16995175197855597,0.999635510080685,0.012139468541404581,0.009215592463150913,-0.022282684049428736,0.21651419,0.21151058,0.18445662,0.2597798256453831,0.00012406300811562687,0.00019459999748505652,0.0007549959991592914,0.0003697219945024699,0.00024128200311679393,0.000136009999550879,0.0022268430038820952,0.01753851299872622,0.019765356002608314,50.59357392136201,0
2,0.06009116000495851,-0.09791690507997686,-1.7426721058287562,1.760834042225973,-1.482076683347561,-1.34973651567568,0.13523030281066895,0.40607041120529175,-1.2265492677688599,-1.8215093612670898,-0.7247151136398315,0.07931234687566757,0.04951631277799606,0.3568214774131775,-0.915240466594696,-1.2187093496322632,-0.4479106068611145,-0.06640435755252838,-0.005031163338571787,-2.434501876689136,1.9871930283848949,-2.3465230948742724,0.13293773957407304,0.05598274398472278,0.006701434494495363,-0.08481969,-1.7670009,1.7598931,-1.4940466,-1.3573842,0.13439992,-0.08481969,-1.7670009,1.7598931,-1.4940466,-1.3573842,0.13439992,-0.09791690856218338,-1.742672085762024,1.7608340978622437,-1.482076644897461,-1.3497365713119507,0.13523030281066895,0.32743043,-0.6082209,-0.02352527,-0.29924953,-0.19119026,-0.02075972,-0.11712486,0.4212962962962963,0.03702242344617844,0.010532407407407407,0.015277777798473835,,,False,0,0.24734185699925718,0.15958254083208068,0.14891930348693208,0.3633361042124877,-0.0023191194499643667,0.16992524677206686,0.9996397815860406,0.011875805683416452,0.009299459087989924,-0.022197889482988696,0.21651419,0.21151058,0.18445662,0.2597902589105122,0.00013122199743520468,0.0001858710020314902,0.000735216002794914,0.00034937000600621104,0.000262902001850307,0.00013758300337940454,0.0022492629941552877,0.01746013600495644,0.019709398999111727,50.73721426234603,0
3,0.08009380800649524,-0.0964897314654749,-1.744599004785055,1.7586777845965784,-1.4838051733425637,-1.349914852772848,0.13523750007152557,0.3864872455596924,-1.1610058546066284,-1.4025663137435913,-0.5233149528503418,0.03299301490187645,0.010198337957262993,0.34744328260421753,-0.8910455703735352,-1.0451561212539673,-0.398227721452713,-0.13442832231521606,-0.022031139582395554,-4.546839552657401,2.493963750536485,-0.3474114843075108,0.12845026031529147,0.13785829928162557,-0.01292814688705381,-0.084957846,-1.7694004,1.756815,-1.4954977,-1.358325,0.13418122,-0.084957846,-1.7694004,1.756815,-1.4954977,-1.358325,0.13418122,-0.09648973494768143,-1.7445989847183228,1.7586778402328491,-1.4838051795959473,-1.3499149084091187,0.13523750007152557,0.2882973,-0.620035,-0.04657063,-0.29231188,-0.21025105,-0.02640708,-0.13246213,0.5177469135802468,0.03437318086624146,0.012943672839506173,0.021064814180135727,,,False,0,0.2480461368549373,0.1598036848056226,0.15004850496318506,0.3633453027721063,-0.0023209198597765133,0.16992900495656946,0.9996313827523216,0.012303728178291166,0.009443398525198652,-0.022283156626834583,0.21651419,0.21151058,0.18445662,0.25979672932155334,5.7594996178522706e-05,0.00021304200345184654,0.000772323997807689,0.0002877420047298074,0.00019814899133052677,0.00013675799709744751,0.0020950250036548823,0.01760277900029905,0.019697804003953934,50.76708042171961,0
4,0.1001219099998707,-0.09455854097475225,-1.7475725613036097,1.7574799696551722,-1.4854107660106202,-1.3503411451922815,0.13517875969409943,0.2631894052028656,-0.9316685199737549,-1.3011586666107178,-0.5262246131896973,-0.07770300656557083,-0.07679226994514465,0.2649274468421936,-0.8187125325202942,-1.0141394138336182,-0.3846900463104248,-0.14353352785110474,-0.06047787517309189,-3.3116072476416636,1.927700359007932,0.9106654444106075,0.08484921803818699,0.11398291898579369,-0.012320732369626154,-0.08398237,-1.7729521,1.7541401,-1.4974973,-1.3596969,0.13402262,-0.08398237,-1.7729521,1.7541401,-1.4974973,-1.3596969,0.13402262,-0.09455854445695877,-1.7475725412368774,1.7574800252914429,-1.4854108095169067,-1.3503412008285522,0.13517875969409943,0.26440442,-0.63448787,-0.08349775,-0.30216157,-0.23389263,-0.028903373,-0.14969222,0.5981224279835391,0.031379336416721346,0.014953060699588478,0.025887345895171165,,,False,0,0.2483993338070227,0.16012051371424615,0.1511439199938549,0.36329319558602374,-0.0023616486673080665,0.16998219675180637,0.9996361281097889,0.011527655185335448,0.009276376725403934,-0.022553519507552813,0.21651419,0.21151058,0.18445662,0.25979784171853854,4.3171996367163956e-05,0.00027541699819266796,0.0007536990015069023,0.00036564400943461806,0.00035810099507216364,0.00011394500324968249,0.0022752719960408285,0.017521734000183642,0.01979700599622447,50.512688645480644,0
5,0.12008494800829794,-0.09258634248842412,-1.7507487736144007,1.7572506109820765,-1.487016813164093,-1.351250473652975,0.13507123291492462,0.16898663341999054,-0.8960861563682556,-1.4478057622909546,-0.636025071144104,-0.07261251658201218,-0.08595632016658783,0.21661850810050964,-0.755384087562561,-1.0538543462753296,-0.38844847679138184,-0.14068669080734253,-0.08215385675430298,-2.222910483704974,1.5638050174776,-0.3031965929430965,0.09652598004810402,0.06534907505906432,-0.01240297259951411,-0.08277327,-1.7764989,1.7528582,-1.4993452,-1.3610994,0.13375486,-0.08277327,-1.7764989,1.7528582,-1.4993452,-1.3610994,0.13375486,-0.09258634597063065,-1.7507487535476685,1.7572506666183472,-1.4870167970657349,-1.3512505292892456,0.13507123291492462,0.24532692,-0.643754,-0.10981248,-0.30820993,-0.24622218,-0.032909323,-0.16375786,0.665102023319616,0.028104179203510285,0.0166275505829904,0.029906122013926506,,,False,0,0.2484966592250772,0.1603603366809036,0.1519998963375744,0.36326539162748056,-0.0023484489078497888,0.16996839840186942,0.9996288205430726,0.011788535227036196,0.009896027932728087,-0.022478739085074605,0.21651419,0.21151058,0.18445662,0.2597720364982115,0.000624802996753715,0.00012549299572128803,0.0005069239996373653,0.00034351699287071824,0.00016833600238896906,0.0001180300023406744,0.0023067770089255646,0.01744083099765703,0.019747608006582595,50.63904446891308,0
6,0.14009243399777915,-0.09089786211122686,-1.754075666467184,1.7571285406695765,-1.4887094807675858,-1.3523982206927698,0.13491162657737732,0.19565695524215698,-0.9641680717468262,-1.5468791723251343,-0.6383333802223206,-0.06909847259521484,-0.08851737529039383,0.20414283871650696,-0.737076461315155,-1.0887705087661743,-0.39609256386756897,-0.13742104172706604,-0.09893304854631424,-2.153619109293212,1.6874265018635672,-0.6347451127476715,0.0976471462748883,0.05816005942054695,-0.03433266495374636,-0.081735626,-1.7799809,1.7520941,-1.5009892,-1.3622702,0.13337839,-0.081735626,-1.7799809,1.7520941,-1.5009892,-1.3622702,0.13337839,-0.09089786559343338,-1.7540756464004517,1.7571285963058472,-1.4887094497680664,-1.3523982763290405,0.13491162657737732,0.22905591,-0.6476311,-0.12586243,-0.30699268,-0.24679933,-0.038331002,-0.17611675,0.7181306475038446,0.024581844210624697,0.017953266187596115,0.03325510025024414,,,False,0,0.24862522997118208,0.16047646815634484,0.15285836253620613,0.36330159610377966,-0.0023480521947820856,0.16997083849770728,0.9996358887291962,0.01184598434233616,0.009522892617923431,-0.02229629208615147,0.21651419,0.21151058,0.18445662,0.25979202831849,3.838000702671707e-05,0.00011495199578348547,0.0006272510072449222,0.00027449100161902606,0.00016606799908913672,0.00010295899119228125,0.0016346949996659532,0.018122120993211865,0.01975681599287782,50.615443316397354,0
7,0.16024529200512916,-0.08941299120058233,-1.7575265369811,1.756775204335348,-1.4904430148056527,-1.353670899068014,0.13478370010852814,0.28114593029022217,-0.9577799439430237,-1.507910966873169,-0.632975161075592,-0.04458562657237053,-0.12035859376192093,0.207960307598114,-0.7276108860969543,-1.0985194444656372,-0.3989364206790924,-0.13577458262443542,-0.11149268597364426,-2.91545623232291,2.139971062047518,-0.2580706421568047,0.11445693514079332,0.08034667809527948,-0.062093875802653506,-0.08077862,-1.7836267,1.7511163,-1.50296,-1.3634727,0.13299552,-0.08077862,-1.7836267,1.7511163,-1.50296,-1.3634727,0.13299552,-0.08941299468278885,-1.7575265169143677,1.7567752599716187,-1.4904429912567139,-1.3536709547042847,0.13478370010852814,0.21585932,-0.65250367,-0.14147398,-0.31292376,-0.2450445,-0.04470474,-0.18918476,0.737096533645782,0.02079814910888672,0.01842741334114455,0.035906530916690826,,,False,0,0.2488448755810693,0.16050851862307422,0.15381048987584758,0.3633257521428775,-0.0022964571927545467,0.16992420093304667,0.9996278190173127,0.01228669598733968,0.00935819474230226,-0.02248872886685589,0.21651419,0.21151058,0.18445662,0.2597658139414313,4.550399899017066e-05,0.0002775530010694638,0.0006093230040278286,0.00032167699828278273,0.0003012039960594848,0.00011477999214548618,0.002085246000206098,0.01785462800762616,0.01993987400783226,50.1507682349049,0
8,0.1801515210099751,-0.08796197572817022,-1.7611309490599574,1.7562745253192347,-1.49208618820224,-1.3549407164203089,0.1345764696598053,0.21680660545825958,-0.938270628452301,-1.5323032140731812,-0.6426457762718201,-0.08496987819671631,-0.12868010997772217,0.21210113167762756,-0.7177928686141968,-1.0952749252319336,-0.39808860421180725,-0.13396911323070526,-0.1274842470884323,-2.164373805887222,1.7587599691990394,-0.13526949583979514,0.10744397891383523,0.050265814324905234,-0.08224703237258027,-0.07918492,-1.7877991,1.7478892,-1.5069705,-1.3651912,0.1326247,-0.07918492,-1.7877991,1.7478892,-1.5069705,-1.3651912,0.1326247,-0.08796197921037674,-1.761130928993225,1.7562745809555054,-1.4920861721038818,-1.3549407720565796,0.1345764696598053,0.21942644,-0.66670585,-0.20963565,-0.37210873,-0.2562598,-0.048794385,-0.22003263,0.7235637544506069,0.016397496461868288,0.018089093861265174,0.0368548259139061,,,False,0,0.24907962989746307,0.16053291264911804,0.1548386102261537,0.3632900756685975,-0.002352196502193901,0.1699721687744599,0.9996327682147343,0.011701931335933039,0.009633781704008438,-0.022463613770412255,0.21651419,0.21151058,0.18445662,0.2597888567114919,3.876800474245101e-05,0.00022804101172368973,0.0007344320038100705,0.0002706609957385808,0.0003085530042881146,0.00010523399396333843,0.0020186559995636344,0.01773048800532706,0.019749144004890695,50.63510599509321,0
9,0.20008974900702015,-0.08661872545351201,-1.764761587182516,1.7556465307818812,-1.4937804502299805,-1.3563316504107874,0.13440418243408203,0.20135995745658875,-0.8953570127487183,-1.5105022192001343,-0.6639934778213501,-0.08481605350971222,-0.13913090527057648,0.21462590992450714,-0.7120018005371094,-1.0926768779754639,-0.3983774781227112,-0.132476344704628,-0.14206844568252563,-2.042816899967636,1.4294432270858024,-0.22617089266646964,0.10725430586283678,0.04038954926805857,-0.1072321776741463,-0.078098714,-1.7913007,1.7440984,-1.5101731,-1.3667493,0.13253751,-0.078098714,-1.7913007,1.7440984,-1.5101731,-1.3667493,0.13253751,-0.08661872893571854,-1.7647615671157837,1.7556465864181519,-1.493780493736267,-1.356331706047058,0.13440418243408203,0.21300034,-0.6634774,-0.28870308,-0.40981475,-0.26043865,-0.046666812,-0.2463511,0.6794396260474519,0.011470474600791931,0.0169859906511863,0.036178186535835266,,,False,0,0.2493666881715686,0.16050020571920362,0.15591119172175363,0.3633027905017533,-0.002341795302047263,0.1699515092783954,0.9996371306287206,0.012113050399941582,0.009360087132324755,-0.022163935489098077,0.21651419,0.21151058,0.18445662,0.2597886311093613,9.48289962252602e-05,0.00025956600438803434,0.0006491480016848072,0.0003160089981975034,0.000284834997728467,0.0002076499949907884,0.002142234006896615,0.017619250997086056,0.01976148500398267,50.603484495141075,0
10,0.22008323900809046,-0.08537131944765264,-1.768351217309469,1.7548659483539026,-1.4955245491913338,-1.3576844374286097,0.1341608613729477,0.22019995748996735,-0.9391354918479919,-1.5093129873275757,-0.6737868189811707,-0.08083472400903702,-0.1275038719177246,0.22545365989208221,-0.7225373387336731,-1.1108492612838745,-0.4094267785549164,-0.13277974724769592,-0.14228661358356476,-2.118703777300944,1.0821014178979336,-0.06988837066966183,0.1002164858808604,0.036164615253363244,-0.10293067506238747,-0.07781836,-1.7938424,1.7398449,-1.5122594,-1.368044,0.13264391,-0.07781836,-1.7938424,1.7398449,-1.5122594,-1.368044,0.13264391,-0.08537132292985916,-1.7683511972427368,1.7548660039901733,-1.495524525642395,-1.3576844930648804,0.1341608613729477,0.18882416,-0.63728195,-0.3755262,-0.4183717,-0.25898924,-0.03792393,-0.2609863,0.6078713459351324,0.006250748634338379,0.015196783648378311,0.03397198021411896,,,False,0,0.2497132907365626,0.1604496741220635,0.15702834241812158,0.36327463709308594,-0.0023391457570937735,0.16998366408988239,0.9996397927277381,0.011686615219687954,0.009335810732938819,-0.022284350699231095,0.21651419,0.21151058,0.18445662,0.25976874994325305,3.909699444193393e-05,0.0001226070016855374,0.0006906409980729222,0.0002814049948938191,0.00017765999655239284,9.765599679667503e-05,0.0017068779998226091,0.018075729996780865,0.019782607996603474,50.54945233569267,0
11,0.2400987000000896,-0.08423215547670537,-1.771956583062643,1.753906551991598,-1.4973655876568337,-1.3591683546649378,0.1338661015033722,0.2683310806751251,-0.9631944298744202,-1.6073790788650513,-0.6791743040084839,-0.03090723603963852,-0.11819352954626083,0.2270827442407608,-0.7189165949821472,-1.129152536392212,-0.41740959882736206,-0.1334289014339447,-0.1414637267589569,-2.7780556486848065,2.1121035455778503,-1.5817007342484017,0.13714740882519333,0.04052987013356335,-0.12801648378312774,-0.07866839,-1.7954078,1.7358608,-1.5131243,-1.369113,0.13272817,-0.07866839,-1.7954078,1.7358608,-1.5131243,-1.369113,0.13272817,-0.0842321589589119,-1.7719565629959106,1.7539066076278687,-1.4973655939102173,-1.3591684103012085,0.1338661015033722,0.13909411,-0.5862801,-0.4511455,-0.39397013,-0.2486152,-0.028448058,-0.2583968,0.5137782052638351,0.001082812547683716,0.01284445513159588,0.0303935669362545,,,False,0,0.25013385418197126,0.1603378503931882,0.1582066154238876,0.36330036124096177,-0.002325818078378429,0.16995517731646234,0.99963522832966,0.011795083732684394,0.009167421484444714,-0.022499769668643223,0.21651419,0.21151058,0.18445662,0.2597739017059624,3.865799226332456e-05,0.00010777098941616714,0.000678365002386272,0.00028127600671723485,0.0001717510021990165,9.99369949568063e-05,0.0017017409991240129,0.01804521399026271,0.019746954989386722,50.64071906465903,0
12,0.2600893909984734,-0.08303243318666631,-1.7756148777403773,1.7525151411639612,-1.499517598455288,-1.3605249563800257,0.1336578130722046,0.25508373975753784,-0.9452454447746277,-1.6016077995300293,-0.6792373061180115,-0.056938108056783676,-0.12544505298137665,0.21484090387821198,-0.6964755058288574,-1.14064359664917,-0.4161829948425293,-0.13306944072246552,-0.13985589146614075,-1.9604625562379747,1.876353974931635,-0.5259931247395002,0.11742670351080892,0.030561945623895387,-0.10316371055571522,-0.08024461,-1.7965031,1.732309,-1.5136265,-1.3697687,0.13274945,-0.08024461,-1.7965031,1.732309,-1.5136265,-1.3697687,0.13274945,-0.08303243666887283,-1.775614857673645,1.752515196800232,-1.499517560005188,-1.3605250120162964,0.1336578130722046,0.06969565,-0.52220494,-0.5051541,-0.35272312,-0.23109333,-0.02270889,-0.24686205,0.42814850438652935,0.0,0.010703712609663234,0.025688910856842995,,,False,0,0.25071459160053944,0.16025779699811737,0.1595571660241667,0.36334617462796526,-0.0022956752426744613,0.169906141792705,0.9996309503181344,0.012426249467678504,0.0095458218868293,-0.02219065647204111,0.21651419,0.21151058,0.18445662,0.2597777239556129,4.659200203604996e-05,0.0003444119938649237,0.0006574139988515526,0.0003410280041862279,0.0003442349989200011,0.00013321801088750362,0.002282692992594093,0.017456654997658916,0.01973934799025301,50.6602345981126,0
13,0.2800825169979362,-0.08187753358949834,-1.7792965374388636,1.750605885182516,-1.5017679569176217,-1.3618987242328089,0.1334267407655716,0.15142805874347687,-0.8421125411987305,-1.5438716411590576,-0.6585714221000671,-0.07784372568130493,-0.13562853634357452,0.1889251172542572,-0.6581447720527649,-1.1405951976776123,-0.4074239730834961,-0.13219021260738373,-0.1386287808418274,-1.2442082266922885,1.1424661250091794,-0.1167227872053507,0.10402934199354902,0.019549126622616413,-0.08369810052216065,-0.08002638,-1.7994353,1.7300991,-1.5152595,-1.3704028,0.13247514,-0.08002638,-1.7994353,1.7300991,-1.5152595,-1.3704028,0.13247514,-0.08187753707170486,-1.7792965173721313,1.7506059408187866,-1.5017679929733276,-1.3618987798690796,0.1334267407655716,0.046278972,-0.5034682,-0.51267105,-0.33728856,-0.21260138,-0.023790067,-0.2448362,0.35679042032210784,0.0,0.008919760508052696,0.02140742540359497,,,False,0,0.2514365368106838,0.16015306394186304,0.16107824531779694,0.3633012690006776,-0.0022995576347763624,0.16994321185544314,0.999631544574195,0.012121468618960074,0.009623486872366924,-0.022299609797150143,0.21651419,0.21151058,0.18445662,0.25975346675179184,3.991399717051536e-05,0.00024940101138781756,0.0005901120021007955,0.0002647619985509664,0.00015201199857983738,9.816398960538208e-05,0.0017524799914099276,0.017941527999937534,0.019694007991347462,50.776865757307945,0
14,0.3000895580044016,-0.08101541200746709,-1.782670637170309,1.748310391102926,-1.504030005340912,-1.3633659521686,0.13326147198677063,0.17259451746940613,-0.8363995552062988,-1.5123075246810913,-0.6214966177940369,-0.07322581112384796,-0.11413790285587311,0.16121195256710052,-0.6211541295051575,-1.1326544284820557,-0.39727357029914856,-0.13030821084976196,-0.11865683645009995,-1.6227018648573277,1.530494384328902,0.038419496843206835,0.10910889424817548,0.026074490312426216,-0.08616035739047317,-0.079518035,-1.8024646,1.7276556,-1.5173123,-1.3713303,0.13226968,-0.079518035,-1.8024646,1.7276556,-1.5173123,-1.3713303,0.13226968,-0.08101541548967361,-1.7826706171035767,1.7483104467391968,-1.5040299892425537,-1.3633660078048706,0.13326147198677063,0.037434474,-0.4948497,-0.5163712,-0.33205712,-0.1991066,-0.024794754,-0.24512923,0.2973253502684232,0.0,0.00743313375671058,0.017839521169662476,,,False,0,0.25228823108212034,0.15994784173680357,0.1626457089498934,0.36328301659729745,-0.0023240072436989685,0.16997580687769026,0.9996393355292461,0.011374005576136756,0.00906392082025256,-0.02257722268491696,0.21651419,0.21151058,0.18445662,0.25976145993581756,4.399000317789614e-05,0.0003171480057062581,0.0011306009982945397,0.0009099360031541437,0.0003114909923169762,9.248699643649161e-05,0.003195326993591152,0.01664225000422448,0.01983757699781563,50.40938215942968,0
15,0.3201280619978206,-0.08046418825258428,-1.7856842480101527,1.7457130591021937,-1.506123923962452,-1.3646906057940882,0.13312268257141113,0.22169655561447144,-0.863258421421051,-1.561037302017212,-0.6151105761528015,-0.07517566531896591,-0.13971643149852753,0.17181873321533203,-0.62773197889328,-1.1206028461456299,-0.3937276601791382,-0.1278652399778366,-0.09540018439292908,-1.8972232568829444,1.2836535453428255,0.0625267217533968,0.11127537702771234,0.04006418912881837,-0.09528173318822393,-0.07932739,-1.8051614,1.7248191,-1.5192119,-1.3723333,0.13210794,-0.07932739,-1.8051614,1.7248191,-1.5192119,-1.3723333,0.13210794,-0.0804641917347908,-1.7856842279434204,1.7457131147384644,-1.5061239004135132,-1.3646906614303589,0.13312268257141113,0.028420128,-0.48692733,-0.52235025,-0.3272009,-0.19106543,-0.025368651,-0.24523231,0.247771125223686,0.0,0.00619427813059215,0.014866267330944538,,,False,0,0.25321620113783194,0.159696493836426,0.16422072177064717,0.36331675342009656,-0.0023521195227448467,0.16996884880590576,0.9996370047324786,0.011851869630864797,0.009495719217718614,-0.022253162207440683,0.21651419,0.21151058,0.18445662,0.2598040518263915,3.800100239459425e-05,0.0002346989931538701,0.0005024919955758378,0.0003527830122038722,0.00015347800217568874,0.0001223310100613162,0.0019294359954074025,0.017918988000019453,0.019848423995426856,50.38183385393235,0
16,0.34014700700936373,-0.08011943498720342,-1.788525243798727,1.7428868452655237,-1.508067974155285,-1.3658960501300257,0.1329871416091919,0.22095437347888947,-0.8940771818161011,-1.478563666343689,-0.5960787534713745,-0.08562447130680084,-0.13242344558238983,0.1920154094696045,-0.6452094912528992,-1.1120314598083496,-0.39566540718078613,-0.12702858448028564,-0.09005911648273468,-2.0415857047348753,1.4441335093380947,-0.13091820376872004,0.09774306130809965,0.04152507674842886,-0.09099859892267682,-0.09661663,-1.8014746,1.7404617,-1.489266,-1.3685353,0.13763532,-0.09661663,-1.8014746,1.7404617,-1.489266,-1.3685353,0.13763532,-0.08011943846940994,-1.7885252237319946,1.7428869009017944,-1.5080679655075073,-1.3658961057662964,0.1329871416091919,-0.41242984,-0.32373264,-0.06063107,0.4700496,-0.06597962,0.11620436,-0.28045315,0.206475937686405,0.0,0.005161898442160125,0.036078449338674545,0.018039225,72.1569,False,0,0.25418854139871727,0.15942053270310083,0.1658268137034718,0.3633141867113131,-0.0023142186570477654,0.1699527964059964,0.9996371772572293,0.012092340226438313,0.009271106585762644,-0.02221026501379216,0.21651419,0.21151058,0.18445662,0.25977229916018185,0.00011045399878639728,0.00011696699948515743,0.0005081380077172071,0.00029614000231958926,0.00015083199832588434,9.83460049610585e-05,0.0017102790006902069,0.01814056200964842,0.019850841010338627,50.375699421459494,0
17,0.3600889140070649,-0.07986814180483037,-1.791326185266012,1.740044418965475,-1.5099073772183438,-1.3670771757708948,0.13284730911254883,0.2296759933233261,-0.9217123985290527,-1.5247610807418823,-0.6456047892570496,-0.06432034075260162,-0.11012190580368042,0.2024865448474884,-0.6535583138465881,-1.1094300746917725,-0.3979392349720001,-0.1274164468050003,-0.09126798063516617,-1.6204981026474887,1.642187756976306,-0.22989744077837293,0.11328035174256021,0.018103112071803824,-0.07841256714449193,-0.0718754,-1.8176942,1.7247636,-1.5282321,-1.3768947,0.13091734,-0.0718754,-1.8176942,1.7247636,-1.5282321,-1.3768947,0.13091734,-0.0798681452870369,-1.7913261651992798,1.7400444746017456,-1.5099073648452759,-1.3670772314071655,0.13284730911254883,0.19981866,-0.65920156,-0.38202178,-0.45811886,-0.24543846,-0.04824925,-0.27824065,0.1720632814053375,0.0,0.004301582035133438,0.036078449338674545,0.018039225,72.1569,False,0,0.25514617219000374,0.15912939394152917,0.1674321508242641,0.36331353798654,-0.0023313080503120556,0.16993074584636683,0.9996397410623237,0.012101450152162027,0.009124289026867276,-0.02215266406909344,0.21651419,0.21151058,0.18445662,0.25978723146268956,4.548800643533468e-05,0.00011873200128320605,0.0005051760090282187,0.0003065390046685934,0.00017012600437738,0.00010634401405695826,0.0017346679960610345,0.017988756007980555,0.01972342400404159,50.70113585729774,0
18,0.3801271359989187,-0.07986623445619756,-1.7940355739989222,1.7372964064227503,-1.5115234603038807,-1.3680670897113245,0.13273592293262482,-0.21653644740581512,-0.6935810446739197,-1.236690640449524,-0.421024888753891,-0.0891924649477005,-0.017889227718114853,-0.4534256160259247,-0.45771870017051697,-0.9265766143798828,-0.263131320476532,-0.119883693754673,0.02745368704199791,-2.0616174958310762,1.161445198163396,1.1165672819180377,0.07779805970926558,0.06140869130871759,-0.07055074270663295,-0.07409927,-1.8203605,1.7236719,-1.5282724,-1.3783343,0.12989876,-0.07409927,-1.8203605,1.7236719,-1.5282724,-1.3783343,0.12989876,-0.07986623793840408,-1.79403555393219,1.737296462059021,-1.5115234851837158,-1.3680671453475952,0.13273592293262482,0.14417417,-0.65812504,-0.34061435,-0.41872272,-0.25667706,-0.07092932,-0.27688166,0.14338606783778124,0.0,0.0035846516959445315,0.036078449338674545,0.018039225,72.1569,False,0,0.2560660435613943,0.15882557079241633,0.16898869906274885,0.36336335287227606,-0.002273427511744646,0.16988246049593325,0.9996434631861914,0.012136644920763565,0.008950180923345943,-0.022034843308731015,0.21651419,0.21151058,0.18445662,0.25977045171839286,3.9282997022382915e-05,0.0001164350105682388,0.0006853950035292655,0.0003575550072127953,0.00017627800116315484,0.00011449999874457717,0.001975588995264843,0.017875956997158937,0.01985154599242378,50.37391044413588,0
19,0.4001265440019779,-0.0807421843158167,-1.796429296533102,1.7355240027057093,-1.5112776321223755,-1.3688042799579065,0.13297061622142792,-0.07754703611135483,-0.8505887985229492,-1.3135870695114136,-0.3905245363712311,-0.15231357514858246,0.0682658702135086,-0.08094105124473572,-0.8272233605384827,-1.1137222051620483,-0.15139245986938477,-0.13061979413032532,0.13698092103004456,-1.849927705462122,0.5985354214455463,1.3456345990206995,0.043573976744763515,0.07862962859688402,-0.08249551459886453,-0.074694335,-1.8225327,1.7214118,-1.5292879,-1.3792018,0.13021852,-0.074694335,-1.8225327,1.7214118,-1.5292879,-1.3792018,0.13021852,-0.08074218779802322,-1.7964292764663696,1.73552405834198,-1.511277675628662,-1.3688043355941772,0.13297061622142792,0.1511964,-0.6525856,-0.35280624,-0.45025763,-0.25993484,-0.0688025,-0.28185332,0.11948838986481772,0.0,0.002987209746620443,0.036078449338674545,0.018039225,72.1569,False,0,0.25648181889000754,0.15840699765947475,0.1700401694246892,0.3633179855914058,-0.002327710996971148,0.1699396727650636,0.9996382853319213,0.012131113899202087,0.00934997168126138,-0.02210695240301825,0.21651419,0.21151058,0.18445662,0.25978628487773114,0.00011459000234026462,0.0002466949954396114,0.00048480900295544416,0.0003836459945887327,0.0001534710027044639,9.702600073069334e-05,0.0018076239939546213,0.017987204002565704,0.019794827996520326,50.5182464922548,0
20,0.42007420399750117,-0.08090430894960576,-1.799075265923971,1.734436337147848,-1.511636746381857,-1.3699896971331995,0.13300299644470215,0.16821789741516113,-1.2210206985473633,-1.7597107887268066,-0.8837990760803223,-0.03908521309494972,-0.04978952929377556,0.33651384711265564,-0.8014044761657715,-1.1380261182785034,-0.4768771529197693,-0.1424567848443985,-0.057215914130210876,-1.1271318133333672,2.7222201115764695,-2.855578583539656,0.17292389263686628,-0.023113591542989993,-0.030013806395320516,-0.07561059,-1.8254176,1.719912,-1.5282815,-1.3806702,0.13023576,-0.07561059,-1.8254176,1.719912,-1.5282815,-1.3806702,0.13023576,-0.08090431243181229,-1.7990752458572388,1.7344363927841187,-1.511636734008789,-1.3699897527694702,0.13300299644470215,0.13234302,-0.65855926,-0.36310902,-0.41611797,-0.26700953,-0.06918069,-0.28526235,0.09957365822068143,0.0,0.002489341455517036,0.036078449338674545,0.018039225,72.1569,False,0,0.25675734661492544,0.1580688120056434,0.17098175985003963,0.3632797807596557,-0.0023430511956304047,0.16993776295916746,0.9996323167216308,0.01232525360108798,0.009756731281595573,-0.02209303713170922,0.21651419,0.21151058,0.18445662,0.25977743237835077,3.888299397658557e-05,0.00011426900164224207,0.0006293379992712289,0.00027269798738416284,0.00015063500904943794,9.345999569632113e-05,0.0016471609997097403,0.018137673992896453,0.019784834992606193,50.54376245107482,0
21,0.44035813900700305,-0.08044463792909795,-1.8024608097472132,1.7323325316058558,-1.5138585542193432,-1.3709829489337366,0.13277554512023926,0.31045305728912354,-1.057291030883789,-1.465897798538208,-0.5879753232002258,-0.13363906741142273,-0.14454533159732819,0.2982690632343292,-0.7434468269348145,-1.1293952465057373,-0.44366714358329773,-0.13835875689983368,-0.1491805464029312,-4.087194108885112,1.1762142918133014,0.10476502633650575,0.07470787866301339,0.11677586383014811,-0.1034424000722429,-0.07601245,-1.8285978,1.7178591,-1.5296661,-1.3813201,0.12980308,-0.07601245,-1.8285978,1.7178591,-1.5296661,-1.3813201,0.12980308,-0.08044464141130447,-1.802460789680481,1.7323325872421265,-1.5138585567474365,-1.3709830045700073,0.13277554512023926,0.110804774,-0.65342367,-0.36183545,-0.39518768,-0.2584277,-0.07431188,-0.2919993,0.08297804851723452,0.0,0.002074451212930863,0.036078449338674545,0.018039225,72.1569,False,0,0.25756942332368266,0.15788390203852384,0.17258276121436783,0.3632876913939318,-0.0023362471136627126,0.16994483957691003,0.9996356185666896,0.011864442060067459,0.009200304599669999,-0.02243132801029407,0.21651419,0.21151058,0.18445662,0.25977590516802485,3.8977988879196346e-05,0.00011256498692091554,0.0006015600083628669,0.0002546969917602837,0.00015217399050015956,9.824999142438173e-05,0.0015726920100860298,0.018455505996826105,0.020028198006912135,49.92960423373485,0
22,0.4600902579986723,-0.07966882387270147,-1.8062969646849574,1.7304232756244105,-1.5159605753472825,-1.3724826017962855,0.13244469463825226,0.23892411589622498,-0.8423947691917419,-1.453858733177185,-0.7563520669937134,-0.1241781935095787,-0.14776210486888885,0.23634111881256104,-0.6796019077301025,-1.1072067022323608,-0.41360360383987427,-0.13693760335445404,-0.14412793517112732,-0.2259073868375668,1.6795032206770346,-0.11033820472489989,0.0929111359539407,-0.012896016482724959,-0.07487335964362124,-0.07567642,-1.8323237,1.7154075,-1.5318385,-1.3829788,0.12947041,-0.07567642,-1.8323237,1.7154075,-1.5318385,-1.3829788,0.12947041,-0.07966882735490799,-1.806296944618225,1.7304233312606812,-1.5159605741500854,-1.3724826574325562,0.13244469463825226,0.099810235,-0.65066755,-0.37539476,-0.39695022,-0.26240376,-0.074357264,-0.2993124,0.06914837376436211,0.0,0.0017287093441090528,0.036078449338674545,0.018039225,72.1569,False,0,0.25823351999814076,0.15767114627617,0.17421179530272626,0.36324973177092584,-0.002368335310821724,0.1699936519978289,0.9996395337938626,0.011685581938485094,0.009351153110429939,-0.02228802100628489,0.21651419,0.21151058,0.18445662,0.2597781554206801,3.9690989069640636e-05,0.00011789999553002417,0.0007929500134196132,0.0004851179983234033,0.0003334159991936758,9.770400356501341e-05,0.002498811998520978,0.017086606996599585,0.019585418995120563,51.05839197257594,0
23,0.48013198100670706,-0.0787895361529749,-1.8100558720030726,1.7284300963031214,-1.518395410185196,-1.3739317099200647,0.13205333054065704,0.1503520905971527,-0.7337382435798645,-1.4191943407058716,-0.7467450499534607,-0.0851907953619957,-0.1558852642774582,0.2067333608865738,-0.6521909236907959,-1.098893642425537,-0.40091219544410706,-0.1339387148618698,-0.1427496075630188,0.031156776283170443,1.383217342744296,0.5216943035242577,0.08900335955477678,-0.02338613553383163,-0.05692340082341461,-0.091240585,-1.8157673,1.7003384,-1.5319585,-1.3913258,0.13189179,-0.091240585,-1.8157673,1.7003384,-1.5319585,-1.3913258,0.13189179,-0.07878953963518143,-1.8100558519363403,1.728430151939392,-1.5183954238891602,-1.3739317655563354,0.13205333054065704,-0.31127617,-0.14278732,-0.7022945,-0.33907592,-0.4348518,-0.0040384755,-0.24619174,0.05762364480363509,0.0,0.0014405911200908773,0.024901950731873512,0.012450975000000001,49.8039,False,0,0.2589680690536517,0.1574911802659401,0.1758909360559689,0.36330173936230303,-0.002320430249279398,0.16992983506697878,0.9996523600208256,0.011334945549728338,0.008528128234198316,-0.022224496704864427,0.21651419,0.21151058,0.18445662,0.2597716613282335,6.343900167848915e-05,0.00011484899732749909,0.0005058700044173747,0.0002866220020223409,0.0001539009972475469,0.00010748799832072109,0.0017661970050539821,0.018053035004413687,0.01981923200946767,50.456041864906716,0
24,0.5000742970005376,-0.07811433473695928,-1.8135467968382777,1.7263925711261194,-1.5208388318172474,-1.3754027525531214,0.13164635002613068,0.22746685147285461,-0.9031083583831787,-1.4483253955841064,-0.6362127661705017,-0.11450108140707016,-0.13883337378501892,0.2035786211490631,-0.648812472820282,-1.1009670495986938,-0.4015818238258362,-0.13340400159358978,-0.14228865504264832,-1.786784460616827,0.9918390894684727,0.31085873845534295,0.06575970898082847,0.031345819907403254,-0.08940163728790272,-0.077280015,-1.8369349,1.7056814,-1.5371513,-1.3870373,0.12971534,-0.077280015,-1.8369349,1.7056814,-1.5371513,-1.3870373,0.12971534,-0.0781143382191658,-1.8135467767715454,1.7263926267623901,-1.5208388566970825,-1.375402808189392,0.13164635002613068,0.02085813,-0.58470434,-0.51777947,-0.40781233,-0.29086298,-0.048275333,-0.28405333,0.04801970400302924,0.0,0.0012004926000757311,0.024901950731873512,0.012450975000000001,49.8039,False,0,0.25974177497793643,0.15725389499442263,0.17752933851827202,0.36332362456172135,-0.0022941591671245976,0.16992461168684503,0.999654716380631,0.011346515398289334,0.008206443942277932,-0.022235368947448042,0.21651419,0.21151058,0.18445662,0.2597626970697939,3.980699693784118e-05,0.00011521700071170926,0.0006269069999689236,0.00039352399471681565,0.00014901299437042326,9.516099817119539e-05,0.001730568998027593,0.01801703599630855,0.019747604994336143,50.63905219325647,0
25,0.5200905980018433,-0.07776862779726201,-1.8168040714659632,1.7244623343097132,-1.522945949142315,-1.3769829908954065,0.13125105202198029,0.032083939760923386,-0.7446606755256653,-1.643972635269165,-0.686954140663147,-0.10767500102519989,-0.13826686143875122,-0.08988457173109055,-0.32647496461868286,-1.1403642892837524,-0.39876553416252136,-0.16058914363384247,-0.13320432603359222,-0.9668826057702027,1.5458943439167676,-0.5830884162097525,0.10732896023710145,-0.004458109538537008,-0.08448864137278572,-0.07750888,-1.8401511,1.7044913,-1.5391308,-1.3887409,0.12908001,-0.07750888,-1.8401511,1.7044913,-1.5391308,-1.3887409,0.12908001,-0.07776863127946854,-1.816804051399231,1.7244623899459839,-1.5229460000991821,-1.3769830465316772,0.13125105202198029,0.0064937375,-0.58367413,-0.4992776,-0.40461928,-0.29394737,-0.05427595,-0.293385,0.040016420002524374,0.0,0.0010004105000631094,0.024901950731873512,0.012450975000000001,49.8039,False,0,0.260462506093945,0.15691448457766138,0.17905160136434772,0.3633439457891253,-0.0023227473141637653,0.16991025809422872,0.9996566333600525,0.011625420852630745,0.008351615031126537,-0.021947200342632762,0.21651419,0.21151058,0.18445662,0.25979851550202954,3.9345002733170986e-05,0.0001142919936683029,0.0006094470008974895,0.00025206799909938127,0.00015064699982758611,0.00014743000792805105,0.001637909997953102,0.01818793900019955,0.01982584899815265,50.439201876962684,0
26,0.5400783310033148,-0.07814389864076787,-1.8192717037596644,1.721414868031637,-1.524938677703478,-1.3787582556353968,0.1310080587863922,-0.27803871035575867,-0.827113687992096,-1.5278955698013306,-0.7688069939613342,-0.18463240563869476,-0.12087011337280273,-0.20598267018795013,-0.6725515723228455,-1.150047779083252,-0.41269174218177795,-0.1402301788330078,-0.12295505404472351,0.22107359163091694,0.013762673952148294,-0.6530851068306311,0.05577776119442163,-0.0434877438939573,-0.06823236435549743,-0.07927389,-1.8420172,1.7012895,-1.5412551,-1.390639,0.12865071,-0.07927389,-1.8420172,1.7012895,-1.5412551,-1.390639,0.12865071,-0.0781439021229744,-1.8192716836929321,1.7214149236679077,-1.524938702583313,-1.3787583112716675,0.1310080587863922,-0.02824956,-0.5686368,-0.50313586,-0.4079098,-0.29701465,-0.058933757,-0.29865244,0.03334701666877031,0.0,0.0008336754167192578,0.024901950731873512,0.012450975000000001,49.8039,False,0,0.2615121807804186,0.1563246879029897,0.18071224138011563,0.363322144583487,-0.0022908529218396085,0.16990861384955314,0.9996571492721731,0.011458973897644244,0.008211447428702558,-0.022064279527586456,0.21651419,0.21151058,0.18445662,0.25976003481661863,3.874299000017345e-05,0.00011141599679831415,0.0006094999989727512,0.00032750800892245024,0.00017267301154788584,9.392699575982988e-05,0.0016846229991642758,0.01813869600300677,0.019823319002171047,50.4456392943321,0
27,0.5601340940047521,-0.07858640352358037,-1.8218871555724085,1.7180092970477503,-1.5271893565407773,-1.3807099501239222,0.13081243634223938,-0.18366163969039917,-0.7652179002761841,-1.413291573524475,-0.6033561825752258,-0.13070590794086456,-0.16093438863754272,-0.16771405935287476,-0.7350560426712036,-1.1066182851791382,-0.41404420137405396,-0.12735889852046967,-0.14340214431285858,-0.9466170970160472,0.889605693797699,1.008570726913809,0.06508524021025143,0.0016347382318285687,-0.08639908107102393,-0.08072619,-1.8443475,1.6975257,-1.5433416,-1.3931831,0.12839843,-0.08072619,-1.8443475,1.6975257,-1.5433416,-1.3931831,0.12839843,-0.0785864070057869,-1.8218871355056763,1.718009352684021,-1.5271893739700317,-1.3807100057601929,0.13081243634223938,-0.0534946,-0.56150943,-0.51208884,-0.4038063,-0.31182882,-0.060349975,-0.30169815,0.027789180557308595,0.0,0.0006947295139327149,0.024901950731873512,0.012450975000000001,49.8039,False,0,0.2626862984282889,0.15566610869207395,0.18255003982750187,0.36332587841311914,-0.0022955844478267174,0.169924369602973,0.9996518230857095,0.011518185550353947,0.008443458441937226,-0.02218632795967404,0.21651419,0.21151058,0.18445662,0.25976515753453244,3.9171005482785404e-05,0.00011559600534383208,0.0004926730034640059,0.0003078400040976703,0.00015422599972225726,9.344200952909887e-05,0.0016263879952020943,0.01817464300256688,0.019801030997768976,50.50242081398045,0
28,0.5801234520040452,-0.07895976701845342,-1.824430604974264,1.7151649633990687,-1.5294364814511319,-1.3825691382037562,0.1305684596300125,0.03887784481048584,-1.1273192167282104,-1.467761516571045,-0.5768477916717529,-0.0018306411802768707,-0.1658429056406021,-0.09958646446466446,-0.6924837231636047,-1.102774739265442,-0.41003769636154175,-0.1315995156764984,-0.14365984499454498,-3.183136938628891,3.1115217383701115,0.06280694603022918,0.14325688977257617,0.059956601427327075,-0.10445406623208904,-0.08179619,-1.8466169,1.6943682,-1.5456128,-1.3953724,0.12814152,-0.08179619,-1.8466169,1.6943682,-1.5456128,-1.3953724,0.12814152,-0.07895977050065994,-1.8244305849075317,1.7151650190353394,-1.529436469078064,-1.3825691938400269,0.1305684596300125,-0.07091045,-0.55465627,-0.519919,-0.40440783,-0.32007986,-0.060673498,-0.30596164,0.023157650464423828,0.0,0.0005789412616105957,0.024901950731873512,0.012450975000000001,49.8039,False,0,0.263725434579509,0.15505600128589955,0.1842125654993379,0.363272365456717,-0.0023229320824894916,0.16995531783512682,0.9996596018668491,0.01105708645432916,0.008219299457335563,-0.02215637425428203,0.21651419,0.21151058,0.18445662,0.2597556999836892,3.9264006773009896e-05,0.00011347299732733518,0.0006325970025500283,0.0002661949984030798,0.00015254800382535905,9.50800022110343e-05,0.0017285830108448863,0.01807538399589248,0.019803967006737366,50.49493364939445,0
29,0.6001751820003847,-0.07895452180971319,-1.827524801293844,1.7126310507403772,-1.53134514883671,-1.3840377966510218,0.13028816878795624,-0.19747225940227509,-1.0385756492614746,-1.6712501049041748,-0.8094608187675476,-0.12636534869670868,-0.1492578238248825,-0.15144741535186768,-0.6452286243438721,-1.107770323753357,-0.4090627431869507,-0.13710111379623413,-0.14282619953155518,-0.30012969506876525,0.5869954389626744,-1.5382930017425007,0.07291375711354342,-0.037836605123808875,-0.06914951629866661,-0.08272899,-1.8492951,1.6916564,-1.5473909,-1.3973072,0.1277866,-0.08272899,-1.8492951,1.6916564,-1.5473909,-1.3973072,0.1277866,-0.07895452529191971,-1.8275247812271118,1.712631106376648,-1.5313451290130615,-1.3840378522872925,0.13028816878795624,-0.09436169,-0.54425955,-0.52436763,-0.4011439,-0.3317318,-0.062538885,-0.31121528,0.019298042053686522,0.0,0.0004824510513421631,0.024901950731873512,0.012450975000000001,49.8039,False,0,0.2645437667874295,0.1546493168895704,0.18591075406010055,0.363295510402184,-0.0023225839996294383,0.16993521409734327,0.9996738844773916,0.010519707630424337,0.007411303989404579,-0.022058205981115353,0.21651419,0.21151058,0.18445662,0.25976961375650515,4.663899017032236e-05,0.00011700400500558317,0.0005045530124334618,0.0003100519970757887,0.0001491270086262375,9.77140007307753e-05,0.0016739450074965134,0.01818312899558805,0.019857074003084563,50.35988685164097,0
30,0.6201247130084084,-0.0790632406817835,-1.8309604130186976,1.7095869223224085,-1.5337868903628369,-1.385737721120016,0.1299143135547638,-0.267473429441452,-0.6727533340454102,-1.4212613105773926,-0.6414212584495544,-0.08753025531768799,-0.14814484119415283,-0.2465386986732483,-0.6153534054756165,-1.1085487604141235,-0.4086799919605255,-0.1404414027929306,-0.14197185635566711,0.07924650363379376,1.0694540819963372,0.4830778133968238,0.07492474769533199,-0.028399556870206948,-0.07339953324345609,-0.084248245,-1.8519853,1.6884682,-1.5496879,-1.3994799,0.12728325,-0.084248245,-1.8519853,1.6884682,-1.5496879,-1.3994799,0.12728325,-0.07906324416399002,-1.8309603929519653,1.7095869779586792,-1.5337868928909302,-1.3857377767562866,0.1299143135547638,-0.12962508,-0.5256224,-0.5279698,-0.3975254,-0.34355152,-0.065776795,-0.31672934,0.016081701711405435,0.0,0.0004020425427851359,0.024901950731873512,0.012450975000000001,49.8039,False,0,0.265574546441288,0.1541427880281551,0.18791182284348154,0.3632640453316069,-0.002297717129218915,0.16996018959471448,0.9996688267597591,0.010219454669653365,0.00728483794159091,-0.022466811326351893,0.21651419,0.21151058,0.18445662,0.259729970184465,4.6228000428527594e-05,0.00012092600809410214,0.00047837800229899585,0.00029911599995102733,0.0002785359974950552,0.00010648700117599219,0.0021245359966997057,0.017641705009737052,0.019766241006436758,50.591308669886,0
31,0.64013260199863,-0.07937175432314092,-1.8341847858824671,1.7066353003131312,-1.536047813748457,-1.3874738852130335,0.12956717610359192,-0.2961641550064087,-0.613052248954773,-1.3692409992218018,-0.6718956828117371,-0.1163630336523056,-0.14413298666477203,-0.24919790029525757,-0.6034443378448486,-1.1052826642990112,-0.40669843554496765,-0.1409870833158493,-0.1417284905910492,0.2259686977488164,0.4779485664044939,1.0278403875849689,0.05114763997353185,-0.03160593982146302,-0.07787131962898389,-0.09715212,-1.8245225,1.6774383,-1.5558386,-1.4124875,0.12908883,-0.09715212,-1.8245225,1.6774383,-1.5558386,-1.4124875,0.12908883,-0.07937175780534744,-1.8341847658157349,1.7066353559494019,-1.5360478162765503,-1.3874739408493042,0.12956717610359192,-0.44450915,0.24155767,-0.7299263,-0.49476784,-0.6253378,-0.01195849,-0.29287645,0.013401418092837864,0.0,0.0003350354523209466,0.010784300044178963,0.00539215,21.5686,False,0,0.2665695816219277,0.1535794397399174,0.18982406616009745,0.36328480171015676,-0.002345292544808383,0.169955866496453,0.9996273613461797,0.012183881377386782,0.00985391232823487,-0.022351851017298235,0.21651419,0.21151058,0.18445662,0.25978110303246194,6.805299199186265e-05,0.00011381499643903226,0.0007445700030075386,0.0003106640069745481,0.00016641299589537084,0.00010376299906056374,0.001818685996113345,0.018026393998297863,0.019845079994411208,50.39032345959911,0
32,0.6600931410066551,-0.08000165620912725,-1.8369037113585414,1.7039926687823694,-1.5382196691683312,-1.3893564383136194,0.12923534214496613,-0.13742278516292572,-0.9599990844726562,-1.5715516805648804,-0.7017835974693298,-0.0830603539943695,-0.1630755513906479,-0.25529274344444275,-0.599288821220398,-1.1060734987258911,-0.4072433412075043,-0.14165671169757843,-0.14218588173389435,-1.3055744522483907,1.4285317794089663,-0.29948683474088783,0.08986983448087814,-0.00761983182676545,-0.07553622507679808,-0.091999106,-1.8506107,1.6791162,-1.5521032,-1.4049082,0.12744667,-0.091999106,-1.8506107,1.6791162,-1.5521032,-1.4049082,0.12744667,-0.08000165969133377,-1.836903691291809,1.7039927244186401,-1.538219690322876,-1.3893564939498901,0.12923534214496613,-0.29993618,-0.3426753,-0.62191254,-0.3470859,-0.3887911,-0.044716846,-0.27776796,0.01116784841069822,0.0,0.0002791962102674555,0.010784300044178963,0.00539215,21.5686,False,0,0.2675374677266696,0.15290119851329304,0.19150665967072122,0.36332908976699485,-0.0023531057139959885,0.1699108764064617,0.9996306989989372,0.012344663845511522,0.009456887441872544,-0.022285775136007883,0.21651419,0.21151058,0.18445662,0.2598150736092242,4.060400533489883e-05,0.00011538299440871924,0.0005019920063205063,0.00033298699418082833,0.00015577999874949455,9.411500650458038e-05,0.001693956000963226,0.01806801400380209,0.019761970004765317,50.6022425779851,0
33,0.6801299460057635,-0.08072501817812139,-1.8395410976805628,1.70111591020693,-1.540467282091715,-1.3912413755999964,0.1289038211107254,-0.3441893458366394,-0.5438122749328613,-1.5231496095657349,-0.7570978999137878,-0.11017703264951706,-0.11301194131374359,-0.4656640887260437,-0.11179906129837036,-1.0782082080841064,-0.4071839451789856,-0.18094243109226227,-0.13545992970466614,0.32725437649237277,1.1700962186152286,-0.010546099918810004,0.08740842043653302,-0.029912058487086973,-0.08090361166819586,-0.09281447,-1.8540273,1.6770046,-1.554647,-1.406342,0.1267916,-0.09281447,-1.8540273,1.6770046,-1.554647,-1.406342,0.1267916,-0.08072502166032791,-1.8395410776138306,1.7011159658432007,-1.5404672622680664,-1.391241431236267,0.1289038211107254,-0.3022361,-0.36215612,-0.60278386,-0.3544931,-0.37751615,-0.052805495,-0.2877047,0.009306540342248516,0.0,0.00023266350855621293,0.010784300044178963,0.00539215,21.5686,False,0,0.26857368613097665,0.15219155577886684,0.19326269703342736,0.36334672844172616,-0.002358130441441295,0.16996538650978252,0.9996300067011917,0.012148781725441931,0.00917433881477416,-0.022540568562059646,0.21651419,0.21151058,0.18445662,0.25982613120485404,3.927299985662103e-05,0.00011255199206061661,0.0007665760058443993,0.0002879080129787326,0.00016026099910959601,0.00019455399888101965,0.0020892139873467386,0.017783518007490784,0.019872731994837523,50.32020762217177,0
34,0.700138997999602,-0.08209115663637334,-1.840665956536764,1.6974876562701624,-1.5429238484105845,-1.3937647978412073,0.1286919116973877,-0.4767444133758545,-0.6168307662010193,-1.5028117895126343,-0.7228551506996155,-0.17646457254886627,-0.13501745462417603,-0.2735033631324768,-0.5988767147064209,-1.1381080150604248,-0.40522637963294983,-0.15168824791908264,-0.12928399443626404,0.9765473501217152,-0.4005019395861248,0.5357330566879843,-0.006140567874578918,-0.05987682365593583,-0.10162651095424265,-0.09556493,-1.8540725,1.673394,-1.5573428,-1.4094657,0.1264408,-0.09556493,-1.8540725,1.673394,-1.5573428,-1.4094657,0.1264408,-0.08209116011857986,-1.8406659364700317,1.697487711906433,-1.5429238080978394,-1.393764853477478,0.1286919116973877,-0.33684427,-0.33516392,-0.6023432,-0.3604753,-0.3925206,-0.056277882,-0.29174122,0.007755450285207097,0.0,0.00019388625713017744,0.010784300044178963,0.00539215,21.5686,False,0,0.2699407120189005,0.15113818427603593,0.19488114298058426,0.36336508015139674,-0.0023406106579920657,0.1699285711809166,0.9996381406672565,0.012119284704879513,0.009408442472674177,-0.022095323926443654,0.21651419,0.21151058,0.18445662,0.25982413830142487,3.958000161219388e-05,0.00011568200716283172,0.0005039529933128506,0.00032369598920922726,0.00014697900041937828,9.905699698720127e-05,0.0016710090130800381,0.018143814988434315,0.019814824001514353,50.467266321597144,0
35,0.720090918999631,-0.08393222490419561,-1.841745515862936,1.6937783400165003,-1.5452035919627924,-1.3965242544757288,0.12851238250732422,-0.30230700969696045,-0.7715747356414795,-1.4403698444366455,-0.7162664532661438,-0.07555636018514633,-0.1434643566608429,-0.23575237393379211,-0.714382529258728,-1.1172492504119873,-0.4020720422267914,-0.12753111124038696,-0.14304548501968384,0.46990597646000226,1.3302084890156347,0.23419931706865255,0.06506794949507007,-0.07286448627487635,-0.09877971186693205,-0.09872638,-1.8542186,1.6695275,-1.559803,-1.4135426,0.12617736,-0.09872638,-1.8542186,1.6695275,-1.559803,-1.4135426,0.12617736,-0.08393222838640213,-1.8417454957962036,1.693778395652771,-1.5452035665512085,-1.3965243101119995,0.12851238250732422,-0.3698538,-0.31182823,-0.60627186,-0.36498645,-0.42545742,-0.058375757,-0.29404557,0.006462875237672581,0.0,0.00016157188094181453,0.010784300044178963,0.00539215,21.5686,False,0,0.2713424490604235,0.1498997805587478,0.19649672835267343,0.36332821210831795,-0.002320958047452988,0.1699603219279034,0.9996287078850462,0.012222957537255247,0.009463250908744524,-0.02243832029837336,0.21651419,0.21151058,0.18445662,0.25978535248614015,7.947199628688395e-05,0.00011402700329199433,0.0004976350028300658,0.00027424599102232605,0.00015503699250984937,9.555500582791865e-05,0.0016849659878062084,0.018082344002323225,0.019767309990129434,50.58857277491666,0
36,0.7401354400062701,-0.08598930040468389,-1.8428245983519496,1.6903470198260706,-1.5474423424205561,-1.3988574186908167,0.12822945415973663,-0.020563095808029175,-1.132629156112671,-1.5165828466415405,-0.6213663816452026,-0.0465337373316288,-0.14231376349925995,-0.23274779319763184,-0.6728817820549011,-1.1141399145126343,-0.40726974606513977,-0.1342219114303589,-0.14323371648788452,-3.4139171660287775,2.268851036097718,0.4906508640296969,0.09509911689047272,0.06182351888200164,-0.10539128759445701,-0.10156839,-1.8544326,1.666031,-1.5623477,-1.4166563,0.1258593,-0.10156839,-1.8544326,1.666031,-1.5623477,-1.4166563,0.1258593,-0.08598930388689041,-1.8428245782852173,1.6903470754623413,-1.5474423170089722,-1.3988574743270874,0.12822945415973663,-0.38947725,-0.29020098,-0.6079011,-0.37263477,-0.44496894,-0.05925357,-0.298557,0.005385729364727151,0.0,0.00013464323411817877,0.010784300044178963,0.00539215,21.5686,False,0,0.2727086484046482,0.14870299261257844,0.1980464595421332,0.3634217072514958,-0.002328126279162766,0.169903952100679,0.999624386487102,0.012493301810108284,0.009658186741720785,-0.022398917189558075,0.21651419,0.21151058,0.18445662,0.2598472513399387,0.00010946700058411807,0.00011527400056365877,0.0004855720035266131,0.0003223240055376664,0.0001526160049252212,9.327600128017366e-05,0.0017907540022861212,0.01808848700602539,0.01987924100831151,50.3037313940658,0
37,0.7602445070078829,-0.08778506914247686,-1.8445388279356898,1.6873129049884241,-1.548992420812585,-1.4009764830218714,0.1279299557209015,-0.17062866687774658,-1.0339573621749878,-1.7549222707748413,-0.9104700088500977,-0.08176326751708984,-0.15555579960346222,-0.2590741813182831,-0.6036463379859924,-1.1103349924087524,-0.4095011055469513,-0.145207017660141,-0.1424848884344101,-0.07436773003601224,1.34466282271498,-2.1393517587928415,0.10054448981499416,-0.058745803874196194,-0.08193521654742078,-0.10414231,-1.8552319,1.6630918,-1.5638047,-1.4194512,0.12549697,-0.10414231,-1.8552319,1.6630918,-1.5638047,-1.4194512,0.12549697,-0.08778507262468338,-1.8445388078689575,1.6873129606246948,-1.548992395401001,-1.400976538658142,0.1279299557209015,-0.40893093,-0.2673256,-0.6055303,-0.37031004,-0.46186706,-0.060824525,-0.30435017,0.004488107803939293,0.0,0.00011220269509848232,0.010784300044178963,0.00539215,21.5686,False,0,0.27377222343661667,0.14764575718740514,0.19957115195325614,0.3634076013126885,-0.002374133124233402,0.16994323579205875,0.9995969256217004,0.013035712498654954,0.010838396618050519,-0.02277288929498551,0.21651419,0.21151058,0.18445662,0.25987494314523885,4.156499926466495e-05,0.00011492100020404905,0.0005058109964011237,0.00030344400147441775,0.0001556939969304949,9.504900663159788e-05,0.001688642005319707,0.018252394002047367,0.019941036007367074,50.14784586069435,0
38,0.7801304290042026,-0.08951741853822881,-1.846841951409811,1.6836212317096155,-1.5512501665255805,-1.403175179158346,0.1276271641254425,-0.34376901388168335,-0.5146301984786987,-1.4651944637298584,-0.7421624064445496,-0.13645249605178833,-0.14642676711082458,-0.27331170439720154,-0.5595877170562744,-1.1061173677444458,-0.41062816977500916,-0.15070801973342896,-0.14199237525463104,1.0146243781348872,0.6272579273282117,0.6470426776476825,0.062404321595547846,-0.05817961678511908,-0.07587581875310624,-0.10723345,-1.8559363,1.6596155,-1.5658747,-1.4226611,0.12506887,-0.10723345,-1.8559363,1.6596155,-1.5658747,-1.4226611,0.12506887,-0.08951742202043533,-1.8468419313430786,1.6836212873458862,-1.5512502193450928,-1.4031752347946167,0.1276271641254425,-0.44290072,-0.2273583,-0.60014486,-0.36561188,-0.48714724,-0.0639574,-0.31102648,0.003740089836616077,0.0,9.350224591540193e-05,0.010784300044178963,0.00539215,21.5686,False,0,0.27506130271502854,0.1465624000264816,0.20155296053883714,0.36343444547989656,-0.002366703754517427,0.1699398376140857,0.9996111756337828,0.012557090276768535,0.009912436885101645,-0.022837336963929544,0.21651419,0.21151058,0.18445662,0.2598841932587934,3.8618993130512536e-05,0.0002317160106031224,0.0005804990069009364,0.0003006670012837276,0.00017856800695881248,0.00010096600453834981,0.0019502149953041226,0.01778514200123027,0.019735356996534392,50.670479392676,0
39,0.8001311620027991,-0.09152537981142217,-1.8486987553038539,1.6800029913531702,-1.5533398513546963,-1.4054887930499476,0.12730756402015686,-0.4154331386089325,-0.45995277166366577,-1.278298258781433,-0.7102825045585632,-0.1861976683139801,-0.15007783472537994,-0.2735121548175812,-0.5447943806648254,-1.1002227067947388,-0.40751540660858154,-0.15128475427627563,-0.14188702404499054,0.9325987011608521,-0.13055758901244607,1.7962299575957823,0.009479887456710408,-0.04323507142225611,-0.06977868787270362,-0.11464144,-1.8369596,1.6551305,-1.5747933,-1.4326752,0.124428526,-0.11464144,-1.8369596,1.6551305,-1.5747933,-1.4326752,0.124428526,-0.09152538329362869,-1.8486987352371216,1.680003046989441,-1.5533398389816284,-1.4054888486862183,0.12730756402015686,-0.5779016,0.29347804,-0.6218138,-0.5363379,-0.67965966,-0.07197588,-0.33156276,0.0031167415305133977,0.0,7.791853826283495e-05,0.0007843149942345917,0.00039215750000000003,1.56863,False,0,0.2763447843141009,0.14537558870021552,0.20338301417658564,0.363439961562446,-0.002357720619517522,0.16995853508935543,0.9996024429699105,0.012676159193641073,0.010356882085973526,-0.02295593224643426,0.21651419,0.21151058,0.18445662,0.2598788752163873,4.018300387542695e-05,0.00011711000115610659,0.0005252509872661904,0.00030161699396558106,0.0001534369948785752,9.734899504110217e-05,0.001677534994087182,0.018122925001080148,0.01980045999516733,50.50387719497772,0
40,0.8200910529994871,-0.09401446977724248,-1.8497477970519007,1.6771181265460413,-1.555235530515649,-1.4081838766681116,0.12698756158351898,-0.17043086886405945,-0.9092656970024109,-1.6116582155227661,-0.8129169940948486,-0.10324552655220032,-0.15203407406806946,-0.2766932547092438,-0.540613055229187,-1.100137710571289,-0.4067363739013672,-0.15231376886367798,-0.14207911491394043,-0.4837178824892543,1.35353440091235,-0.5799037905673821,0.07878931236343183,-0.04040111624706837,-0.0868468313349064,-0.115056634,-1.8524494,1.651409,-1.5701158,-1.4310033,0.124646895,-0.115056634,-1.8524494,1.651409,-1.5701158,-1.4310033,0.124646895,-0.094014473259449,-1.8497477769851685,1.677118182182312,-1.555235505104065,-1.4081839323043823,0.12698756158351898,-0.526054,-0.06754152,-0.64272743,-0.37200877,-0.57048374,-0.0585166,-0.3117501,0.002597284608761165,0.0,6.493211521902912e-05,0.0007843149942345917,0.00039215750000000003,1.56863,False,0,0.2775441623727384,0.14397487482153393,0.2047327846814765,0.36346513530178504,-0.0023557970037594335,0.16995204886771972,0.9995898186612193,0.01279069071018804,0.010531969848179404,-0.02335855279426391,0.21651419,0.21151058,0.18445662,0.259891887292162,0.00011109499610029161,0.00011355298920534551,0.0004869339900324121,0.0003673799947137013,0.00017218799621332437,9.346399747300893e-05,0.0017810410063248128,0.018016436995822005,0.019797478002146818,50.51148433611397,0
41,0.8401833050011192,-0.09649974504579717,-1.850807329217428,1.6738560835467737,-1.5573186783916135,-1.4107664267169397,0.12665605545043945,-0.21123850345611572,-0.7099407315254211,-1.5434932708740234,-0.8107045888900757,-0.1413966715335846,-0.16563817858695984,-0.376039981842041,-0.22031891345977783,-1.0511398315429688,-0.41487330198287964,-0.17707589268684387,-0.1429043859243393,-0.06223372413272553,0.870067807360345,-0.5668559369675796,0.06509362861975422,-0.055217322951379225,-0.08267824951151959,-0.11788675,-1.853429,1.648929,-1.572095,-1.4333978,0.124036536,-0.11788675,-1.853429,1.648929,-1.572095,-1.4333978,0.124036536,-0.09649974852800369,-1.8508073091506958,1.6738561391830444,-1.5573186874389648,-1.4107664823532104,0.12665605545043945,-0.53467506,-0.06554093,-0.623179,-0.36940795,-0.5657826,-0.06548791,-0.31681785,0.002164403840634304,0.0,5.411009601585761e-05,0.0007843149942345917,0.00039215750000000003,1.56863,False,0,0.27884090887457047,0.14258636047116524,0.20624574107125043,0.3636011301071888,-0.0023924989495414904,0.16994106085848215,0.9995662394326882,0.013350189372295478,0.011223932125951557,-0.023731247411274355,0.21651419,0.21151058,0.18445662,0.2599996145221588,0.00013253999350126833,0.00011438099318183959,0.0005963430012343451,0.00027617400337476283,0.00015651500143576413,9.30700043682009e-05,0.0016758419951656833,0.018248674998176284,0.019924516993341967,50.18942242535479,0
42,0.8600856889970601,-0.09910709062685186,-1.8509875736632289,1.67018968263735,-1.559903697376587,-1.4139674345599573,0.12627291679382324,-0.3564906418323517,-0.43482881784439087,-1.412882924079895,-0.6827920079231262,-0.16655820608139038,-0.1590448021888733,-0.2749096751213074,-0.15493787825107574,-1.1186678409576416,-0.41146358847618103,-0.16345255076885223,-0.14111997187137604,0.738268740291222,0.6376771773890416,0.8239686081479282,0.05413370364049321,-0.0579054511523872,-0.045282827421848686,-0.12115115,-1.8526449,1.6456326,-1.5746706,-1.4371572,0.123550564,-0.12115115,-1.8526449,1.6456326,-1.5746706,-1.4371572,0.123550564,-0.09910709410905838,-1.8509875535964966,1.6701897382736206,-1.5599037408828735,-1.413967490196228,0.12627291679382324,-0.5511013,-0.041433793,-0.613928,-0.3691715,-0.5797409,-0.06805873,-0.32178867,0.0018036698671952537,0.0,4.509174667988134e-05,0.0007843149942345917,0.00039215750000000003,1.56863,False,0,0.2803601758251825,0.14099134076691242,0.20770920428424966,0.3633123237569569,-0.0023854140689583067,0.1699346594567361,0.9996182695730617,0.012933157123957935,0.010659379465132134,-0.021965153611493905,0.21651419,0.21151058,0.18445662,0.25983086546567324,4.4426997192204e-05,0.0002509949990781024,0.0005800409999210387,0.0002932920033344999,0.00016962099471129477,0.00010152900358662009,0.001799083998776041,0.017942371996468864,0.019741455995244905,50.65482506664496,0
43,0.8800871200073743,-0.10188609758485967,-1.8509203396239222,1.666704003010885,-1.5621064894697447,-1.4172595183001917,0.1258825659751892,-0.39901620149612427,-0.45495912432670593,-1.4580284357070923,-0.7970173954963684,-0.17637717723846436,-0.15635791420936584,-0.2653679847717285,-0.316294401884079,-1.1139510869979858,-0.40219399333000183,-0.14814329147338867,-0.14118091762065887,1.7230615465087327,-0.21591714810582746,0.03513315307159459,0.028243601190712744,-0.10104214889305452,-0.0632960669698581,-0.124705315,-1.8511667,1.6422465,-1.5772312,-1.4413626,0.12308948,-0.124705315,-1.8511667,1.6422465,-1.5772312,-1.4413626,0.12308948,-0.10188610106706619,-1.85092031955719,1.6667040586471558,-1.5621064901351929,-1.4172595739364624,0.1258825659751892,-0.57048035,-0.0061611016,-0.6114393,-0.37811783,-0.6025755,-0.069827214,-0.32549778,0.0015030582226627114,0.0,3.757645556656779e-05,0.0007843149942345917,0.00039215750000000003,1.56863,False,0,0.2817883248633343,0.13933025233119822,0.20900657542804554,0.3633190095641507,-0.0023836900242571605,0.16991986279251386,0.999612909978309,0.013206320755714393,0.010813866874144535,-0.021970841981902817,0.21651419,0.21151058,0.18445662,0.25983405100926055,4.1306004277430475e-05,0.00024930801009759307,0.0005535950040211901,0.00027480500284582376,0.00017462100367993116,9.55360010266304e-05,0.0017365789972245693,0.017944929000805132,0.0196815079980297,50.80911483510863,0
44,0.9001315690111369,-0.10511714616884404,-1.8508359394469203,1.6632426420794886,-1.5645124458572646,-1.420584503804342,0.1255231648683548,-0.15569262206554413,-0.8656054139137268,-1.4863132238388062,-0.6121609210968018,-0.1404617726802826,-0.15550224483013153,-0.25668060779571533,-0.5657007694244385,-1.110358476638794,-0.40615031123161316,-0.1501002311706543,-0.14219553768634796,-1.6418741364892206,1.4431685186254815,0.4884296704365454,0.07851919249242309,-0.004228643650620057,-0.09420985886882316,-0.12849742,-1.8498634,1.6389966,-1.579849,-1.4454824,0.12269386,-0.12849742,-1.8498634,1.6389966,-1.579849,-1.4454824,0.12269386,-0.10511714965105057,-1.850835919380188,1.6632426977157593,-1.5645124912261963,-1.4205845594406128,0.1255231648683548,-0.5845068,0.024313813,-0.6061519,-0.38341305,-0.62244534,-0.07073269,-0.33028558,0.001252548518885593,0.0,3.1313712972139826e-05,0.0007843149942345917,0.00039215750000000003,1.56863,False,0,0.28330572479221544,0.13752253207097606,0.210324749205667,0.36331021538747776,-0.0023436530333453606,0.1699132576610379,0.9996161901458749,0.012940473151443048,0.010792472305535383,-0.02199067028770369,0.21651419,0.21151058,0.18445662,0.2597964942042764,0.00012109099770896137,0.00023034299374558032,0.0006717840005876496,0.00029940000968053937,0.00019351000082679093,0.00016833300469443202,0.0020858110074186698,0.01776247400266584,0.01984828501008451,50.382186646953144,0
45,0.9201821770111565,-0.1082237402545374,-1.8508645496764125,1.6600268522845667,-1.5663509711487968,-1.4238269964801233,0.12516023218631744,-0.1337425410747528,-0.9639042615890503,-1.608127474784851,-0.7792934775352478,-0.10006701946258545,-0.15318454802036285,-0.26698973774909973,-0.5520206093788147,-1.102296233177185,-0.40841424465179443,-0.15547792613506317,-0.1425282210111618,-0.42823377341125324,1.5800749134822458,-1.148316971738137,0.07457621511652492,-0.06050131147754092,-0.08935551341453538,-0.1319495,-1.8489255,1.6360767,-1.5818194,-1.4492553,0.122313604,-0.1319495,-1.8489255,1.6360767,-1.5818194,-1.4492553,0.122313604,-0.10822374373674393,-1.8508645296096802,1.6600269079208374,-1.5663509368896484,-1.423827052116394,0.12516023218631744,-0.593144,0.048476785,-0.5987562,-0.3867111,-0.63570625,-0.07116572,-0.33521426,0.0010437904324046609,0.0,2.6094760810116524e-05,0.0007843149942345917,0.00039215750000000003,1.56863,False,0,0.28462278860418816,0.1357799673158295,0.2115310420469063,0.3633163804203297,-0.002401817599745233,0.16994815014309353,0.9996124741916802,0.012912362237647862,0.01078989881307019,-0.02217599271659259,0.21651419,0.21151058,0.18445662,0.2598459074418305,4.3509004171937704e-05,0.00012458999117370695,0.0006615629972657189,0.000452252003015019,0.0001899089984362945,0.000133376001031138,0.0019591349991969764,0.01790818601148203,0.019867321010679007,50.33391263283478,0
46,0.9400886340008583,-0.11115724245180303,-1.8512159786620082,1.6564300696002405,-1.5684613231899966,-1.4269922415362757,0.12480827420949936,-0.35122591257095337,-0.6271421313285828,-1.470008373260498,-0.743333637714386,-0.17393194139003754,-0.1511000543832779,-0.2767934203147888,-0.4150409400463104,-1.0971211194992065,-0.4101531207561493,-0.1594834327697754,-0.14246167242527008,1.581205917436802,0.15732300731647986,0.04055602994052088,0.03427317672954477,-0.09883344422052541,-0.07339015186407732,-0.13556059,-1.8477534,1.6331102,-1.5837326,-1.4532274,0.12187472,-0.13556059,-1.8477534,1.6331102,-1.5837326,-1.4532274,0.12187472,-0.11115724593400955,-1.8512159585952759,1.6564301252365112,-1.568461298942566,-1.4269922971725464,0.12480827420949936,-0.6100836,0.08656503,-0.58299935,-0.3817838,-0.6558777,-0.073338956,-0.34161863,0.0008698253603372175,0.0,2.1745634008430438e-05,0.0005882349796593189,0.0002941175,1.17647,False,3,0.28600930502744565,0.13408667456302598,0.21299779253359796,0.36335086897859886,-0.0021900399303436575,0.1699516141277355,0.9996717377013096,0.009245544112314806,0.005457522254839923,-0.023262386354512346,0.21651419,0.21151058,0.18445662,0.25969089973236353,0.0001553939946461469,0.0002394860057393089,0.0007333089888561517,0.0003238400095142424,0.00019461898773442954,0.00013190200843382627,0.002147868988686241,0.017612201001611538,0.01976006999029778,50.607108198047946,0
47,0.960087883999222,-0.11425716081728154,-1.8513361416258753,1.6528356711017054,-1.570649599427572,-1.4302929083453577,0.12442897260189056,-0.3791155517101288,-0.385580450296402,-1.337876796722412,-0.7237486839294434,-0.2233382761478424,-0.1651088446378708,-0.27752184867858887,-0.22400328516960144,-1.0926769971847534,-0.4092228412628174,-0.1605994999408722,-0.14224345982074738,1.5811910298861112,-0.3947928882513026,1.0362852484067668,0.0031165192251218776,-0.0759512501080683,-0.06810837518069568,-0.13896932,-1.8469511,1.6297151,-1.5860959,-1.4569639,0.12151409,-0.13896932,-1.8469511,1.6297151,-1.5860959,-1.4569639,0.12151409,-0.11425716429948807,-1.851336121559143,1.652835726737976,-1.5706496238708496,-1.4302929639816284,0.12442897260189056,-0.61780393,0.10962432,-0.5780162,-0.3861572,-0.6667724,-0.07287211,-0.34549993,0.0007248544669476812,0.0,1.812136167369203e-05,0.0005882349796593189,0.0002941175,1.17647,False,3,0.28743095912003724,0.13230388066906937,0.21441663276093,0.3633029774310317,-0.002240171484909851,0.1699372122595435,0.9996584152534241,0.010831544045364764,0.007817063565544013,-0.022464851170351186,0.21651419,0.21151058,0.18445662,0.2597058875596597,4.696099495049566e-05,0.0002114309900207445,0.0006832409999333322,0.0003051649982808158,0.0001923119998537004,0.0002380960067966953,0.002090014997520484,0.01769594800134655,0.019785962998867035,50.540880929437755,0
48,0.9800936140090926,-0.11766654649843389,-1.850924631158346,1.649721924458639,-1.5726858578123988,-1.4339459578143519,0.12402644008398056,-0.23691034317016602,-0.4848904609680176,-1.545337438583374,-0.7472960948944092,-0.15775610506534576,-0.14586178958415985,-0.27761563658714294,-0.12213711440563202,-1.0897871255874634,-0.407461553812027,-0.16126179695129395,-0.1422501504421234,0.26972006992440595,0.5874937999322051,-0.12232982879500351,0.033928964635848824,-0.06096092721862855,-0.07765483367975182,-0.14277008,-1.84563,1.6268023,-1.5883328,-1.4611852,0.12110792,-0.14277008,-1.84563,1.6268023,-1.5883328,-1.4611852,0.12110792,-0.11766654998064041,-1.8509246110916138,1.6497219800949097,-1.5726858377456665,-1.4339460134506226,0.12402644008398056,-0.62758833,0.13236284,-0.5729901,-0.39117306,-0.6809814,-0.07296297,-0.3489617,0.0006040453891230677,0.0,1.5101134728076694e-05,0.0005882349796593189,0.0002941175,1.17647,False,3,0.288790584376988,0.13035157345213846,0.21550670940740005,0.3633505223373377,-0.0023016330493953233,0.16988852375926114,0.9996332458285089,0.01166614101381669,0.009743128018451756,-0.022414329910996393,0.21651419,0.21151058,0.18445662,0.25978607223680167,0.00019951000285800546,0.0001568369916640222,0.000599710998358205,0.00032944999111350626,0.0003248590073781088,0.00012553799024317414,0.002148956002201885,0.017558591003762558,0.019707547005964443,50.74198223134276,0
49,1.000128700005007,-0.12111837068666631,-1.8503896198668421,1.6466997305499476,-1.5747786960997523,-1.4375188986407679,0.12364201247692108,-0.15426598489284515,-0.5536965727806091,-1.5974109172821045,-0.815713107585907,-0.11449280381202698,-0.16855624318122864,-0.27313631772994995,-0.1308274120092392,-1.093823790550232,-0.4090840816497803,-0.16106507182121277,-0.14209963381290436,-0.17687558871296158,1.0042423087040069,-0.6742134121231538,0.06422520670271509,-0.06544103445963897,-0.08411179178996059,-0.14649813,-1.8440819,1.6243376,-1.5903355,-1.4651816,0.120729744,-0.14649813,-1.8440819,1.6243376,-1.5903355,-1.4651816,0.120729744,-0.12111837416887283,-1.8503895998001099,1.6466997861862183,-1.57477867603302,-1.4375189542770386,0.12364201247692108,-0.6344938,0.1576917,-0.5590564,-0.3889196,-0.69156575,-0.07280663,-0.35410768,0.0005033711576025564,0.0,1.2584278940063911e-05,0.0005882349796593189,0.0002941175,1.17647,False,3,0.29014783835179075,0.1283975014936637,0.2165496667669472,0.36340799702177523,-0.002365868015983253,0.1698755485125196,0.9996053382009401,0.012914948839197917,0.010552002391436438,-0.02260561099292859,0.21651419,0.21151058,0.18445662,0.25987215349235393,4.319299478083849e-05,0.0001914080057758838,0.0005849100125487894,0.00038152500928845257,0.00016800299636088312,0.00013018700701650232,0.0018751989991869777,0.017902986000990495,0.019778185000177473,50.56075671205557,0
50,1.0201048790040659,-0.124397102986471,-1.8500691852965296,1.6433003584491175,-1.576963563958639,-1.441096607838766,0.12321197986602783,-0.2304469496011734,-0.34644055366516113,-1.4916642904281616,-0.7622357606887817,-0.20389801263809204,-0.15766842663288116,-0.27510446310043335,-0.1284199357032776,-1.0925815105438232,-0.40975484251976013,-0.1621490865945816,-0.14201253652572632,1.0898597201382203,0.7061681788810862,-0.0925204189342238,0.045775609118245006,-0.08245465152811417,-0.07914925115521329,-0.1500311,-1.8427372,1.6215689,-1.5922259,-1.4691169,0.120305926,-0.1500311,-1.8427372,1.6215689,-1.5922259,-1.4691169,0.120305926,-0.12439710646867752,-1.8500691652297974,1.6433004140853882,-1.5769635438919067,-1.4410966634750366,0.12321197986602783,-0.6408501,0.18329892,-0.5432869,-0.38155982,-0.70050704,-0.072651275,-0.3591828,0.0004194759646687971,0.0,1.0486899116719927e-05,0.0005882349796593189,0.0002941175,1.17647,False,3,0.29153793351892926,0.12647644054841828,0.217799208256216,0.36342997992047626,-0.002433616152880917,0.17001574175933004,0.9995880760476952,0.0132963870926698,0.010259639059586243,-0.023273578563670662,0.21651419,0.21151058,0.18445662,0.25993251108554355,4.160800017416477e-05,0.00011775500024668872,0.0005918590031797066,0.00027785199927166104,0.0001674410013947636,0.0001069330028258264,0.0016294639935949817,0.0181752780044917,0.019804741998086683,50.49295770157516,0
51,1.0401147570082685,-0.12776405016054326,-1.8496648273863734,1.6400044600116175,-1.5791975460448207,-1.4448559919940394,0.12280502915382385,-0.39054766297340393,-0.16008564829826355,-1.3645693063735962,-0.7753700613975525,-0.1803671419620514,-0.16775217652320862,-0.2761777341365814,-0.12376544624567032,-1.086797833442688,-0.4082368314266205,-0.16292902827262878,-0.1419449895620346,1.7665536559363055,0.037654026092025936,0.8197448429336293,0.02157652242601332,-0.08232338651272295,-0.07185170811797344,-0.15359014,-1.8415285,1.618697,-1.5946763,-1.4732255,0.11993134,-0.15359014,-1.8415285,1.618697,-1.5946763,-1.4732255,0.11993134,-0.1277640461921692,-1.8496648073196411,1.6400045156478882,-1.5791975259780884,-1.44485604763031,0.12280502915382385,-0.6456524,0.20340757,-0.532688,-0.3869682,-0.70923525,-0.071842216,-0.3640425,0.00034956330389066426,0.0,8.739082597266607e-06,0.0005882349796593189,0.0002941175,1.17647,False,3,0.29291876047043536,0.12447970796124119,0.21900023945307412,0.36348417467371075,-0.00239862416219592,0.16999651079035186,0.9995664936484758,0.013646878139689253,0.010801461411951362,-0.02374674817541418,0.21651419,0.21151058,0.18445662,0.25993541839889034,6.21090002823621e-05,0.00013817600847687572,0.000564239002414979,0.0003502959880279377,0.00027501399745233357,0.000133505993289873,0.0019894779979949817,0.017785628006095067,0.01977510600409005,50.56862905276826,0
52,1.0601782910089241,-0.13127595583070928,-1.848750730554098,1.6369503180133265,-1.581259389916891,-1.448634449635641,0.12239407002925873,-0.3651425242424011,-0.2593962848186493,-1.444251537322998,-0.7907233238220215,-0.18038621544837952,-0.18114687502384186,-0.27294668555259705,-0.12711256742477417,-1.0854829549789429,-0.40717965364456177,-0.1627282202243805,-0.14200294017791748,1.4614246702528075,-0.0826026610200466,0.19101627994019044,0.01648365206719484,-0.08747712379889815,-0.07185066691326239,-0.15736984,-1.8397979,1.6160321,-1.5968577,-1.4774307,0.1195505,-0.15736984,-1.8397979,1.6160321,-1.5968577,-1.4774307,0.1195505,-0.1312759518623352,-1.8487507104873657,1.6369503736495972,-1.5812593698501587,-1.4486345052719116,0.12239407002925873,-0.652347,0.22382101,-0.52295744,-0.3899566,-0.7199052,-0.071089365,-0.36780754,0.00029130275324222024,0.0,7.2825688310555066e-06,0.0005882349796593189,0.0002941175,1.17647,False,3,0.29426038324369685,0.12243368779651777,0.21996274987474493,0.3633143961486388,-0.002395850506260756,0.1699851218608857,0.9996159990897379,0.013355666669231207,0.010134892902454356,-0.02206225607154547,0.21651419,0.21151058,0.18445662,0.2598378124010984,6.153600406832993e-05,0.00017034800839610398,0.0006887549970997497,0.0002817589993355796,0.00019146798877045512,0.00013458600733429193,0.002023562992690131,0.017733076005242765,0.019756638997932896,50.615896767898036,0
53,1.0800947539974004,-0.1349423567401331,-1.8474909267821253,1.6340401808368128,-1.583423753777975,-1.4525535742389124,0.12201803922653198,-0.18890690803527832,-0.4718632102012634,-1.553344964981079,-0.8242756128311157,-0.11660009622573853,-0.17043320834636688,-0.26924020051956177,-0.1356935203075409,-1.0881412029266357,-0.4093441069126129,-0.16305063664913177,-0.14195019006729126,-0.02289049241377686,1.1077126487287086,-0.4744050539856881,0.04564862297331591,-0.05821973829649174,-0.08334036892770816,-0.16115606,-1.8377424,1.6136842,-1.5990607,-1.4816304,0.119233236,-0.16115606,-1.8377424,1.6136842,-1.5990607,-1.4816304,0.119233236,-0.13494235277175903,-1.847490906715393,1.6340402364730835,-1.5834237337112427,-1.452553629875183,0.12201803922653198,-0.65534246,0.24371266,-0.5089025,-0.39092225,-0.72692144,-0.06962004,-0.37256402,0.0002427522943685169,0.0,6.068807359212922e-06,0.0005882349796593189,0.0002941175,1.17647,False,3,0.29562440288682323,0.12029829869319836,0.22079700777268224,0.3632795558277617,-0.002419648620742342,0.16998589560964175,0.9996160055309136,0.01324971000757865,0.010252209158772002,-0.022071815355023137,0.21651419,0.21151058,0.18445662,0.25983768038197913,0.0008119510021060705,0.00015601700579281896,0.0007336529961321503,0.00032213299709837884,0.00023160400451160967,0.00014388299314305186,0.002809223995427601,0.016897477995371446,0.019706701990799047,50.744158026385875,0
54,1.1000886690017069,-0.13846952119936162,-1.846431394616598,1.6310280005084437,-1.5855614147581996,-1.4563515822040003,0.12162637710571289,-0.23212291300296783,-0.4334019720554352,-1.559792399406433,-0.7560611963272095,-0.17194710671901703,-0.17479641735553741,-0.27084043622016907,-0.1331499218940735,-1.087057113647461,-0.40979477763175964,-0.16385161876678467,-0.1418771594762802,0.42729309689728434,0.24783349658958478,-0.49904228964179154,0.028429156565578786,-0.06877759811393194,-0.07843917430234307,-0.16482681,-1.8357719,1.6114074,-1.6008363,-1.485675,0.11888626,-0.16482681,-1.8357719,1.6114074,-1.6008363,-1.485675,0.11888626,-0.13846951723098755,-1.8464313745498657,1.6310280561447144,-1.5855613946914673,-1.456351637840271,0.12162637710571289,-0.65893215,0.2664868,-0.49051765,-0.38187262,-0.73308444,-0.06850288,-0.37710178,0.00020229357864043075,0.0,5.057339466010769e-06,0.0005882349796593189,0.0002941175,1.17647,False,3,0.29695829734079016,0.11822456596068089,0.22172785113593285,0.36327183782545874,-0.002485902693467299,0.17003523360625167,0.9996178995976484,0.012714639908398306,0.009887625922831107,-0.022463758971101398,0.21651419,0.21151058,0.18445662,0.2598851306718684,0.0005497059901244938,0.00015288099530152977,0.0006233180029084906,0.0003544320061337203,0.00019144598627462983,0.0001314169930992648,0.002505300013581291,0.01727743099036161,0.0197827310039429,50.549138023495836,0
55,1.1200954880041536,-0.14195758501161748,-1.845471521417135,1.6279709974872034,-1.5877381763853968,-1.4603470007525843,0.12118828296661377,-0.32213038206100464,-0.2495107799768448,-1.4960769414901733,-0.7629497051239014,-0.16770559549331665,-0.1481981873512268,-0.27272292971611023,-0.12628720700740814,-1.0828840732574463,-0.4090926945209503,-0.16459797322750092,-0.1416407823562622,1.5415841009870834,-0.23025725867576752,0.09877413880390312,0.012215808239241795,-0.08726489222788858,-0.0728601599651431,-0.16838823,-1.8339317,1.609041,-1.6030357,-1.4898803,0.11852923,-0.16838823,-1.8339317,1.609041,-1.6030357,-1.4898803,0.11852923,-0.1419575810432434,-1.8454715013504028,1.6279710531234741,-1.5877381563186646,-1.460347056388855,0.12118828296661377,-0.6607664,0.2884961,-0.47325313,-0.382438,-0.7383315,-0.066476375,-0.38209423,0.00016857798220035896,0.0,4.2144495550089744e-06,0.0005882349796593189,0.0002941175,1.17647,False,3,0.29827673009265554,0.11610719227429604,0.22270887661646357,0.363285893785331,-0.002445136985838504,0.17000131038414862,0.9996157252036014,0.013235955155225841,0.01040010615891662,-0.022022594003663177,0.21651419,0.21151058,0.18445662,0.25986138766089695,4.740999429486692e-05,0.00014880001253914088,0.0006453440000768751,0.0003266929998062551,0.00018851101049222052,0.00011300800542812794,0.0018469149945303798,0.017959005999728106,0.019805920994258486,50.48995198405006,0
56,1.1400865680043353,-0.14557010332216436,-1.8442722759642542,1.6250303427325647,-1.58984436611318,-1.464351002370016,0.12082898616790771,-0.34917905926704407,-0.1661340594291687,-1.420957326889038,-0.7224607467651367,-0.17309437692165375,-0.1487012803554535,-0.27182120084762573,-0.12434259802103043,-1.0794230699539185,-0.40725597739219666,-0.16454526782035828,-0.14149433374404907,1.7462482869867244,-0.09832592856474119,0.6188381162084078,0.010227358439310715,-0.084550707620308,-0.07212997243626454,-0.17211549,-1.8319979,1.6066198,-1.605196,-1.4941379,0.11825273,-0.17211549,-1.8319979,1.6066198,-1.605196,-1.4941379,0.11825273,-0.14557009935379028,-1.844272255897522,1.6250303983688354,-1.5898443460464478,-1.4643510580062866,0.12082898616790771,-0.66363484,0.30685818,-0.46026266,-0.3837912,-0.7446716,-0.064406306,-0.38623506,0.00014048165183363248,0.0,3.5120412958408123e-06,0.0005882349796593189,0.0002941175,1.17647,False,3,0.29957811364004716,0.11394526123304194,0.22357997680417507,0.3632702575525449,-0.0023989291165876087,0.16999135888698472,0.9996170703425993,0.01334225831949436,0.010530062729061145,-0.02183530656611058,0.21651419,0.21151058,0.18445662,0.25981506536471216,5.864400009158999e-05,0.00015365899889729917,0.0007058370101731271,0.0003894250112352893,0.0002544900053180754,0.00013844099885318428,0.0020995069935452193,0.017687542000203393,0.019787048993748613,50.538107037382545,0
57,1.1601073260098929,-0.14926225343813115,-1.8426763019957484,1.6223714987384241,-1.5919658146300257,-1.4684222380267542,0.12046503275632858,-0.2530641555786133,-0.40930312871932983,-1.5244249105453491,-0.7132476568222046,-0.16983692348003387,-0.14893461763858795,-0.268676221370697,-0.12924997508525848,-1.0794528722763062,-0.4074918329715729,-0.1647270768880844,-0.14150014519691467,1.0210029194127537,0.19697184121956335,0.006888383490908256,0.02098919389454592,-0.08584114373808176,-0.0754390764147916,-0.17583667,-1.8298147,1.6043931,-1.6075655,-1.4984261,0.11800144,-0.17583667,-1.8298147,1.6043931,-1.6075655,-1.4984261,0.11800144,-0.14926224946975708,-1.8426762819290161,1.6223715543746948,-1.5919657945632935,-1.468422293663025,0.12046503275632858,-0.6643606,0.3215417,-0.44946074,-0.38999298,-0.7500956,-0.06158983,-0.39028615,0.00011706804319469374,0.0,2.9267010798673436e-06,0.0005882349796593189,0.0002941175,1.17647,False,3,0.30085813804207656,0.11173783527426336,0.22424900862234615,0.36325314133146264,-0.0023570976063432055,0.16997884246545922,0.9996715190181777,0.011110365449714384,0.00720412387301548,-0.021944449313739747,0.21651419,0.21151058,0.18445662,0.25977165426923665,5.1901995902881026e-05,0.000168594007845968,0.0007668869948247448,0.0003866689949063584,0.0002547170006437227,0.0001462640066165477,0.002227889999630861,0.017558414008817635,0.019786304008448496,50.54000987617561,0
58,1.180157296010293,-0.15300161043276006,-1.8409811458983363,1.6198299566852015,-1.5940200291075648,-1.4725034872638147,0.12008988857269287,-0.20916230976581573,-0.5046703219413757,-1.5470092296600342,-0.770171582698822,-0.16816550493240356,-0.16638843715190887,-0.2681073844432831,-0.13351190090179443,-1.080797791481018,-0.40862518548965454,-0.16535279154777527,-0.1412847936153412,0.6920392233943392,0.4913227174870164,-0.8294808063544703,0.0363586145886063,-0.08876629488029472,-0.0760379788710067,-0.17957959,-1.8274134,1.602632,-1.6094388,-1.5026509,0.117727935,-0.17957959,-1.8274134,1.602632,-1.6094388,-1.5026509,0.117727935,-0.153001606464386,-1.840981125831604,1.6198300123214722,-1.5940200090408325,-1.4725035429000854,0.12008988857269287,-0.66444933,0.33919096,-0.42994913,-0.38546944,-0.75368255,-0.059048794,-0.3947762,9.75567026622448e-05,0.0,2.43891756655612e-06,0.0005882349796593189,0.0002941175,1.17647,False,3,0.30210344312348913,0.10950973088456328,0.2248451739929538,0.3632482033520937,-0.00235738065253351,0.17002407035945283,0.9996725703927073,0.010498590803822162,0.006586998566789171,-0.022387111588997897,0.21651419,0.21151058,0.18445662,0.2597665812115144,5.1000999519601464e-05,0.00014487501175608486,0.0007853499992052093,0.0003882040036842227,0.00027342300745658576,0.00014694799028802663,0.0021849139884579927,0.01764064001326915,0.01982555400172714,50.43995239239635,0
59,1.2001462260086555,-0.15664321580995733,-1.839473386804098,1.617152516041891,-1.5961758098998011,-1.4765995184527796,0.11971888691186905,-0.26550328731536865,-0.37025371193885803,-1.5069098472595215,-0.7594618797302246,-0.1465129554271698,-0.1521696299314499,-0.2685621380805969,-0.1343519538640976,-1.0803213119506836,-0.40972423553466797,-0.16600237786769867,-0.1409604400396347,0.8686265339676885,0.4226181743797927,-0.1394538042852646,0.028587807593347447,-0.07563024859111825,-0.07845279191877753,-0.18320146,-1.8250927,1.6007819,-1.6113946,-1.506822,0.117469415,-0.18320146,-1.8250927,1.6007819,-1.6113946,-1.506822,0.117469415,-0.15664321184158325,-1.8394733667373657,1.6171525716781616,-1.5961757898330688,-1.4765995740890503,0.11971888691186905,-0.66395617,0.35951772,-0.40926534,-0.38047186,-0.75556004,-0.056236744,-0.39964002,8.129725221853733e-05,0.0,2.0324313054634335e-06,0.0005882349796593189,0.0002941175,1.17647,False,3,0.30335271610426373,0.10729536421047933,0.22556051138273894,0.36326210025567385,-0.0023528868652981463,0.17001419266364465,0.9996782697724816,0.010774671798200887,0.006621042365255965,-0.021987016967730602,0.21651419,0.21151058,0.18445662,0.2597712807231776,5.09169913129881e-05,0.0001545609993627295,0.0006844279996585101,0.0003757149970624596,0.00024322701210621744,0.00015031600196380168,0.002082923994748853,0.017680307006230578,0.01976323100097943,50.599013893550186,0
60,1.220094465999864,-0.1602261702166956,-1.8378664455809535,1.6145346800433558,-1.5983849964537562,-1.4806435743915003,0.11936821788549423,-0.3193366825580597,-0.22341156005859375,-1.4390767812728882,-0.698418140411377,-0.18506520986557007,-0.17584681510925293,-0.26940488815307617,-0.13074293732643127,-1.0754352807998657,-0.4082443118095398,-0.16633503139019012,-0.14081324636936188,1.6316524307414222,-0.3891055584129036,0.4733791312424657,-0.005089764979339068,-0.08951133009775698,-0.06867566881473465,-0.1867613,-1.8228654,1.5987412,-1.6136922,-1.5109818,0.11724539,-0.1867613,-1.8228654,1.5987412,-1.6136922,-1.5109818,0.11724539,-0.16022616624832153,-1.8378664255142212,1.6145347356796265,-1.598384976387024,-1.480643630027771,0.11936821788549423,-0.6633785,0.375026,-0.39483854,-0.38267913,-0.7584544,-0.053070623,-0.4040013,6.774771018211445e-05,0.0,1.6936927545528613e-06,0.0005882349796593189,0.0002941175,1.17647,False,3,0.304592018364509,0.10510194080685037,0.22624122374951483,0.3632423233505139,-0.002326588752437707,0.1699874944797521,0.9996727652168765,0.010843749506608024,0.007275060764236752,-0.021995839984547873,0.21651419,0.21151058,0.18445662,0.2597399438024033,0.00013699800183530897,0.0001576930080773309,0.0006649440038017929,0.00039532499795313925,0.0002200599992647767,0.00014891500177327543,0.0021402330021373928,0.017585868990863673,0.019726101993001066,50.69425273958361,0
61,1.2401069879997522,-0.1639192740069788,-1.8359915218748988,1.612190071736471,-1.600462099114889,-1.4848831335650843,0.11903637647628784,-0.31822365522384644,-0.3617818355560303,-1.4358019828796387,-0.7684568166732788,-0.17441649734973907,-0.16397427022457123,-0.26792678236961365,-0.13210640847682953,-1.0729401111602783,-0.4070541560649872,-0.16628523170948029,-0.14074264466762543,1.4579027691915283,-0.23530052100270588,0.1699183955862278,0.0069521736040402925,-0.0909385228765156,-0.07292766599110301,-0.19041052,-1.8204839,1.5967857,-1.6161118,-1.5153692,0.117067344,-0.19041052,-1.8204839,1.5967857,-1.6161118,-1.5153692,0.117067344,-0.16391927003860474,-1.8359915018081665,1.6121901273727417,-1.6004620790481567,-1.484883189201355,0.11903637647628784,-0.6622812,0.38768998,-0.38511196,-0.39124116,-0.76214856,-0.049225867,-0.40785298,5.6456425151762045e-05,0.0,1.4114106287940512e-06,0.0005882349796593189,0.0002941175,1.17647,False,3,0.30577177020116103,0.10282993494314795,0.22673307299850956,0.3632209577527217,-0.002318198094577148,0.16999223211286113,0.9996756482073389,0.010757833217661255,0.0069993242585640845,-0.021996379431468777,0.21651419,0.21151058,0.18445662,0.2597207029082374,5.1506998715922236e-05,0.00015834100486245006,0.000660714998957701,0.00033128701034002006,0.0002320529893040657,0.0001273929956369102,0.0020123930007684976,0.017736075998982415,0.019748468999750912,50.6368367093476,0
62,1.2600991439976497,-0.167640511189596,-1.833931108514303,1.6099513212787073,-1.6026188335814417,-1.4890778700457972,0.11870944499969482,-0.2713085412979126,-0.3852333426475525,-1.4913156032562256,-0.7543025612831116,-0.17517781257629395,-0.1831570416688919,-0.2653397023677826,-0.1382533609867096,-1.0745404958724976,-0.40841659903526306,-0.16614477336406708,-0.14059768617153168,0.5956765471032635,0.1656145780842481,-0.2613437131367451,0.015848576904607274,-0.07629048495979127,-0.07511652179790318,-0.1940806,-1.8176973,1.5953017,-1.6181827,-1.5196472,0.116887785,-0.1940806,-1.8176973,1.5953017,-1.6181827,-1.5196472,0.116887785,-0.16764050722122192,-1.8339310884475708,1.609951376914978,-1.6026188135147095,-1.4890779256820679,0.11870944499969482,-0.66100234,0.40584642,-0.36623943,-0.38909486,-0.7642321,-0.045541577,-0.41178495,4.704702095980171e-05,0.0,1.1761755239950427e-06,0.0005882349796593189,0.0002941175,1.17647,False,3,0.30695511754703203,0.10055013450929617,0.22715179479083364,0.3632380477044221,-0.0023957012919632744,0.17002997889362373,0.9996527133270754,0.011515736962803627,0.008357325483879689,-0.022182051064060473,0.21651419,0.21151058,0.18445662,0.25979206786730286,6.716999632772058e-05,0.00015519899898208678,0.0006015580001985654,0.00032573599310126156,0.00017320600454695523,0.00013459700858220458,0.0018718419887591153,0.01785909599857405,0.019730937987333164,50.681827728716115,0
63,1.2801444200013066,-0.17129308382143194,-1.8319388828673304,1.6077669302569788,-1.6046978435912074,-1.4932220617877405,0.11841355264186859,-0.25098779797554016,-0.3993472158908844,-1.5678881406784058,-0.8251314759254456,-0.20344571769237518,-0.19736160337924957,-0.2648341953754425,-0.1421509087085724,-1.0759261846542358,-0.410367876291275,-0.1668611317873001,-0.1403384655714035,0.9341021243418212,-0.1038377450247988,-0.4145627826748197,0.0037310756005413184,-0.08887810495229975,-0.07526448462546104,-0.19761857,-1.8150816,1.5936737,-1.6204466,-1.5238508,0.11676061,-0.19761857,-1.8150816,1.5936737,-1.6204466,-1.5238508,0.11676061,-0.17129307985305786,-1.8319388628005981,1.6077669858932495,-1.604697823524475,-1.4932221174240112,0.11841355264186859,-0.65813726,0.42143306,-0.35233116,-0.39371803,-0.7657158,-0.0413236,-0.41586915,3.920585079983476e-05,0.0,9.80146269995869e-07,0.0005882349796593189,0.0002941175,1.17647,False,3,0.30809003583272104,0.09830091212040636,0.22756512586492106,0.363255587669193,-0.0023698823901316573,0.17002586896120583,0.9996566089959648,0.011412626423313131,0.007893201501096174,-0.02222767731444099,0.21651419,0.21151058,0.18445662,0.2597809452499408,4.472701402846724e-05,0.00012904999312013388,0.0006403050065273419,0.0003868460044031963,0.00019579399668145925,0.00014527399616781622,0.001905238998006098,0.017950743000255898,0.019855981998261996,50.362656457259604,0
64,1.3001445880072424,-0.17489892641176397,-1.8299304447569789,1.6055315176593226,-1.6068622074522914,-1.4974530378924769,0.11813826858997345,-0.26857444643974304,-0.319950133562088,-1.4489789009094238,-0.8197919726371765,-0.21255207061767578,-0.189448282122612,-0.26601067185401917,-0.13823653757572174,-1.0720239877700806,-0.4095970392227173,-0.1674763709306717,-0.1401406079530716,1.8985497865698369,-0.3149747481367581,-0.19848399479808254,0.009098213587575642,-0.10852979581229592,-0.07192128850047942,-0.20110388,-1.8123373,1.592273,-1.6225927,-1.528107,0.116665035,-0.20110388,-1.8123373,1.592273,-1.6225927,-1.528107,0.116665035,-0.1748989224433899,-1.8299304246902466,1.6055315732955933,-1.606862187385559,-1.4974530935287476,0.11813826858997345,-0.65512383,0.43982863,-0.3314649,-0.39326248,-0.76634985,-0.03683084,-0.42029437,3.267154233319563e-05,0.0,8.167885583298909e-07,0.0005882349796593189,0.0002941175,1.17647,False,3,0.30923031385006805,0.09603411908870352,0.22800655914314558,0.36323882597577184,-0.002369611995158699,0.17005342457671208,0.9996541224053863,0.01106435103863533,0.007925717693974868,-0.022502006456698274,0.21651419,0.21151058,0.18445662,0.2597697255759652,4.301300214137882e-05,0.00012905198673252016,0.0006479870062321424,0.0006312849873211235,0.0002270800032420084,0.0002156269911210984,0.0022560579964192584,0.017556428007083014,0.019812486003502272,50.47322177657206,0
65,1.3201360840030247,-0.17856294313539678,-1.8277374706664027,1.603347126637594,-1.6090742550291957,-1.501669708882467,0.11787450313568115,-0.28053903579711914,-0.3025120496749878,-1.4173777103424072,-0.789125382900238,-0.25838905572891235,-0.18547828495502472,-0.26457613706588745,-0.13989150524139404,-1.070773720741272,-0.40950289368629456,-0.16747963428497314,-0.13989605009555817,1.5221909489671022,-0.3854872577453141,0.49042591417659726,0.004931056999703358,-0.08726129278590038,-0.07300250940023281,-0.20468856,-1.8096088,1.5905257,-1.6249809,-1.5323992,0.11657368,-0.20468856,-1.8096088,1.5905257,-1.6249809,-1.5323992,0.11657368,-0.1785629391670227,-1.8277374505996704,1.6033471822738647,-1.6090742349624634,-1.5016697645187378,0.11787450313568115,-0.6531405,0.45321563,-0.3205362,-0.39766723,-0.768235,-0.032520585,-0.42399243,2.722628527766303e-05,0.0,6.806571319415758e-07,0.0005882349796593189,0.0002941175,1.17647,False,3,0.3103784250731084,0.093742805090868,0.2283882821021452,0.36327322500791015,-0.002351640852465081,0.17001051153542746,0.9996555568936131,0.011710833351456677,0.008110229911251276,-0.022042244556952067,0.21651419,0.21151058,0.18445662,0.2597767442851449,4.426301165949553e-05,0.00013392600521910936,0.0006462640012614429,0.0003921129973605275,0.00019776599947363138,0.00012750699534080923,0.0020137240062467754,0.017791231992305256,0.019804955998552032,50.49241210498581,0
66,1.3401219320076052,-0.18228418031801397,-1.8253303966917933,1.601450268422262,-1.6112362347044886,-1.5059202353106897,0.11763520538806915,-0.23553156852722168,-0.41045743227005005,-1.4743564128875732,-0.8065310716629028,-0.22334706783294678,-0.19981828331947327,-0.2630215287208557,-0.14156506955623627,-1.0689334869384766,-0.4092489182949066,-0.1675877422094345,-0.13960199058055878,1.0688174091835978,-0.6075122853760425,-0.09201162211371136,-0.014013483276247171,-0.0788701797197767,-0.07083291710772877,-0.20825614,-1.8066173,1.5890315,-1.6274996,-1.5366873,0.11654583,-0.20825614,-1.8066173,1.5890315,-1.6274996,-1.5366873,0.11654583,-0.1822841763496399,-1.825330376625061,1.6014503240585327,-1.6112362146377563,-1.5059202909469604,0.11763520538806915,-0.649299,0.46782893,-0.31047106,-0.40658265,-0.76917315,-0.027234286,-0.4280724,2.268857106471919e-05,0.0,5.672142766179798e-07,0.0005882349796593189,0.0002941175,1.17647,False,3,0.3114774789478754,0.09142578972421984,0.22860327721121929,0.3632775957052942,-0.0023699863283319963,0.17002020489937614,0.9996365521282531,0.012221589093763672,0.008803983365988798,-0.022356811495997542,0.21651419,0.21151058,0.18445662,0.2597937777268083,4.285998875275254e-05,0.00012768199667334557,0.0005707969976356253,0.00030449598853010684,0.000176832007127814,0.00011038299999199808,0.0016992559976642951,0.018105253999237902,0.019804509996902198,50.49354920452054,0
67,1.3601532769971527,-0.18597346941103154,-1.822831769982809,1.5996664206134241,-1.6133338413634242,-1.5101764837848108,0.11741960048675537,-0.22876830399036407,-0.5035105347633362,-1.5500009059906006,-0.8708751797676086,-0.19623133540153503,-0.18389646708965302,-0.2627710998058319,-0.14627057313919067,-1.0711039304733276,-0.4103829860687256,-0.16796545684337616,-0.1393996626138687,0.8433020640608401,-0.1950365265372071,-0.867681294090928,-0.004293540492002805,-0.08835549891805587,-0.07173833982837376,-0.2118128,-1.8034949,1.5880433,-1.6295575,-1.540979,0.11651706,-0.2118128,-1.8034949,1.5880433,-1.6295575,-1.540979,0.11651706,-0.18597346544265747,-1.8228317499160767,1.5996664762496948,-1.613333821296692,-1.5101765394210815,0.11741960048675537,-0.6459832,0.483422,-0.29057744,-0.40559155,-0.7700634,-0.022563547,-0.43209967,1.890714255393266e-05,0.0,4.7267856384831657e-07,0.0005882349796593189,0.0002941175,1.17647,False,3,0.3125356239942902,0.08911495725800128,0.2287459357325507,0.36309042629919397,-0.0022782727031005435,0.1699615933809567,0.9996933747701986,0.010919985236598062,0.0074564193398735075,-0.020934884522623314,0.21651419,0.21151058,0.18445662,0.2596158225897789,0.00016227099695242941,0.00013863100321032107,0.0005593489913735539,0.00030282599618658423,0.00017309701070189476,0.00013397300790529698,0.00187047800864093,0.017901699990034103,0.019772177998675033,50.57611761673457,0
68,1.3800895210006274,-0.1895511786090296,-1.8204947910704554,1.5977957884417933,-1.6155721149840296,-1.5144112745868128,0.1172242984175682,-0.2919304072856903,-0.38378822803497314,-1.4885313510894775,-0.819144070148468,-0.15110571682453156,-0.1846955567598343,-0.2635669708251953,-0.14657403528690338,-1.071258544921875,-0.4116131067276001,-0.16836003959178925,-0.12493167817592621,1.230942542727354,-0.44881638163143295,-0.3985860010704587,-0.0008748448200633432,-0.09139319906878489,-0.07173368575182379,-0.21521945,-1.8005098,1.5869936,-1.6316509,-1.5451362,0.116498195,-0.21521945,-1.8005098,1.5869936,-1.6316509,-1.5451362,0.116498195,-0.18955117464065552,-1.8204947710037231,1.597795844078064,-1.6155720949172974,-1.5144113302230835,0.1172242984175682,-0.64170694,0.4996251,-0.2700572,-0.4019698,-0.76812094,-0.018152533,-0.4368312,1.575595212827722e-05,0.0,3.9389880320693047e-07,0.0005882349796593189,0.0002941175,1.17647,False,3,0.3136009740365477,0.08683177388825652,0.22898995254873303,0.36314351182571397,-0.0022741271891101623,0.17000635730630292,0.9996817443159136,0.011088175119262066,0.00705656498958,-0.021532081851526923,0.21651419,0.21151058,0.18445662,0.2596398892586572,4.6864995965734124e-05,0.00013417100126389414,0.0006291749887168407,0.0003525119973346591,0.00017711400869302452,0.00013196900545153767,0.001840845012338832,0.017908037989400327,0.01974888300173916,50.63577519356089,0
69,1.4001309809973463,-0.19311649004091436,-1.8180481396117152,1.5959237257586878,-1.6178351841368617,-1.518670384083883,0.11708807945251465,-0.28196683526039124,-0.2941966950893402,-1.4302659034729004,-0.7607506513595581,-0.17929743230342865,-0.17994488775730133,-0.26416632533073425,-0.14451150596141815,-1.0667757987976074,-0.4101487398147583,-0.16871897876262665,-0.10573981702327728,1.4967788096346972,-0.7734035041676088,0.22571740785432554,-0.0083681260737817,-0.08334226086815866,-0.07200844849554584,-0.21857354,-1.797468,1.5855055,-1.6342657,-1.5493791,0.11659708,-0.21857354,-1.797468,1.5855055,-1.6342657,-1.5493791,0.11659708,-0.19311648607254028,-1.818048119544983,1.5959237813949585,-1.6178351640701294,-1.5186704397201538,0.11708807945251465,-0.6364262,0.5145031,-0.26045653,-0.41076186,-0.7677167,-0.012275104,-0.44045386,1.3129960106897683e-05,0.0,3.2824900267244206e-07,0.0005882349796593189,0.0002941175,1.17647,False,3,0.3146643197411065,0.08453768407723716,0.2292091819831676,0.3631551722571223,-0.0022948944397265963,0.17005666997876515,0.9996743913010078,0.010408158177237625,0.007061683290396056,-0.022200551961737616,0.21651419,0.21151058,0.18445662,0.25966077889100236,5.60750049771741e-05,0.00013388799561653286,0.0005631429958157241,0.00030143800540827215,0.0001714289974188432,0.00020506799046415836,0.0018034509994322434,0.018030235994956456,0.0198336869943887,50.41926900847622,0
70,1.4201419290038757,-0.19674379030336553,-1.8153845272459925,1.5943411032306116,-1.6200648746886195,-1.5229180494891565,0.1169370487332344,-0.29594314098358154,-0.332461416721344,-1.465921401977539,-0.7646864652633667,-0.1825716495513916,-0.1908603310585022,-0.2622167468070984,-0.1481916308403015,-1.0643988847732544,-0.4088219404220581,-0.16857635974884033,-0.08737976849079132,1.4734469671339605,-0.08379945072379716,-0.003505785356464175,0.0019996851635267765,-0.09298827051961205,-0.07707259271261446,-0.22204666,-1.7942898,1.584196,-1.6368709,-1.5536559,0.11666737,-0.22204666,-1.7942898,1.584196,-1.6368709,-1.5536559,0.11666737,-0.19674378633499146,-1.8153845071792603,1.5943411588668823,-1.6200648546218872,-1.5229181051254272,0.1169370487332344,-0.6325719,0.5273679,-0.25362945,-0.42014965,-0.7684427,-0.006742004,-0.44414046,1.0941633422414737e-05,0.0,2.735408355603684e-07,0.0005882349796593189,0.0002941175,1.17647,False,3,0.31568424572044307,0.08222729789947532,0.22926127509785313,0.3631896569917375,-0.002337460894282704,0.17001409086686511,0.9996638764261971,0.011407690737691281,0.0077987581686400995,-0.021935010780853564,0.21651419,0.21151058,0.18445662,0.25971766750769965,4.030799027532339e-05,0.00011850699956994504,0.0005179690051591024,0.0002969859924633056,0.00015916500706225634,0.00010123700485564768,0.0015640299970982596,0.0182717470015632,0.01983577699866146,50.413956562804735,0
71,1.4401464300026419,-0.20025521913637334,-1.812538286248678,1.592891041432516,-1.6222173176207484,-1.527121369038717,0.11684506386518478,-0.27895987033843994,-0.4568430185317993,-1.5525174140930176,-0.7797197103500366,-0.21492616832256317,-0.1871485710144043,-0.2599148154258728,-0.15461987257003784,-1.0675560235977173,-0.4107629954814911,-0.1685914546251297,-0.06821878999471664,1.309132860965948,-0.8701134580998564,-0.49683774476580533,-0.01488987480216528,-0.09470397358546574,-0.06960027118081667,-0.22533041,-1.7907635,1.5833957,-1.6391611,-1.5577909,0.11680988,-0.22533041,-1.7907635,1.5833957,-1.6391611,-1.5577909,0.11680988,-0.20025521516799927,-1.8125382661819458,1.5928910970687866,-1.6222172975540161,-1.5271214246749878,0.11684506386518478,-0.6268799,0.5443686,-0.23738301,-0.42359674,-0.76673555,-0.0008795165,-0.4479558,9.11802785201228e-06,0.0,2.2795069630030702e-07,0.0005882349796593189,0.0002941175,1.17647,False,3,0.316660713434826,0.07996222459483107,0.2292047167529177,0.3632456655442032,-0.0023282754311044493,0.17001126897145116,0.9996343258344225,0.01208400917067912,0.008882007843045228,-0.022502463240057034,0.21651419,0.21151058,0.18445662,0.25974189714133045,4.5199994929134846e-05,0.0001347920042462647,0.0005789050046587363,0.00028784900496248156,0.00015096600691322237,9.906200284603983e-05,0.001664707000600174,0.01814006399945356,0.019804771000053734,50.492883760043824,0
72,1.4600914980110247,-0.2038047949420374,-1.8096829853453578,1.5913961569415491,-1.624498029748434,-1.5314438978778284,0.11677670478820801,-0.2419857531785965,-0.4282122850418091,-1.5454810857772827,-0.8045294284820557,-0.20475751161575317,-0.1619020700454712,-0.2601572573184967,-0.15804018080234528,-1.0697063207626343,-0.4127580225467682,-0.16900943219661713,-0.04602712020277977,1.1114706545354263,-0.5527247488066633,-0.7133444726478118,-0.008220420148279388,-0.08550558454113985,-0.07362023231883774,-0.22859997,-1.7871926,1.5825602,-1.6415832,-1.5620067,0.11699032,-0.22859997,-1.7871926,1.5825602,-1.6415832,-1.5620067,0.11699032,-0.20380479097366333,-1.8096829652786255,1.5913962125778198,-1.6244980096817017,-1.5314439535140991,0.11677670478820801,-0.61987954,0.5622597,-0.22090057,-0.42713007,-0.76406956,0.0053403554,-0.45173606,7.598356543343568e-06,0.0,1.899589135835892e-07,0.0005882349796593189,0.0002941175,1.17647,False,3,0.3176551190237523,0.077644593271107,0.22918106115108783,0.36330549877143586,-0.0023044268127866236,0.16999794985317385,0.999642291112728,0.01179577704984035,0.008381593673995054,-0.02249181918514827,0.21651419,0.21151058,0.18445662,0.2597568123624372,4.051499126944691e-05,0.00020295000285841525,0.0011610090004978701,0.00045398100337479264,0.0002879639941966161,0.0002634770062286407,0.002872609009500593,0.016847452003275976,0.01972006101277657,50.709782254329895,0
73,1.4801402900047833,-0.20731717744936162,-1.80694641689443,1.5898736158954065,-1.6268383465208949,-1.5356844107257288,0.11670470237731934,-0.252361536026001,-0.3755990266799927,-1.4407531023025513,-0.7452239990234375,-0.21624119579792023,-0.15308664739131927,-0.25944575667381287,-0.1553373783826828,-1.0659730434417725,-0.4117833375930786,-0.16896605491638184,-0.0237955991178751,1.6427866527437835,-0.4279163750313232,-0.10463173415903149,-0.006657159169779412,-0.08952105049151152,-0.07251345965835752,-0.23185796,-1.7838098,1.5816394,-1.6440434,-1.5661682,0.1171504,-0.23185796,-1.7838098,1.5816394,-1.6440434,-1.5661682,0.1171504,-0.20731717348098755,-1.8069463968276978,1.5898736715316772,-1.6268383264541626,-1.5356844663619995,0.11670470237731934,-0.61351955,0.5784143,-0.20585611,-0.43012726,-0.76209354,0.01114253,-0.45506027,6.33196378611964e-06,0.0,1.5829909465299102e-07,0.0005882349796593189,0.0002941175,1.17647,False,3,0.3186442442308069,0.0753503594259224,0.22921414626855563,0.3632865711227567,-0.0023032268711253145,0.17000769020585177,0.9996386175158182,0.012178011349581982,0.008640382340791404,-0.022352413023215632,0.21651419,0.21151058,0.18445662,0.25974458685087043,4.4172993511892855e-05,0.00016150300507433712,0.000863642999320291,0.00031388500065077096,0.00021348199516069144,0.00012767700536642224,0.0021000179986003786,0.017750127997715026,0.019850145996315405,50.37746322800953,0
74,1.5001362100010738,-0.21078378358949834,-1.8039680920042933,1.588510815297262,-1.6291119060912074,-1.5399358908282679,0.11668915301561356,-0.27847424149513245,-0.3583714962005615,-1.4684135913848877,-0.7452810406684875,-0.198815256357193,-0.14805233478546143,-0.2583329379558563,-0.15418845415115356,-1.0630391836166382,-0.41095566749572754,-0.16906097531318665,0.000247448479058221,1.3069173030657333,-0.6168907071941154,-0.09796640468544393,-0.016976746160398508,-0.08245458375050006,-0.06880996428454517,-0.23509893,-1.7803774,1.5803274,-1.646822,-1.5703853,0.11737375,-0.23509893,-1.7803774,1.5803274,-1.646822,-1.5703853,0.11737375,-0.21078377962112427,-1.803968071937561,1.5885108709335327,-1.629111886024475,-1.5399359464645386,0.11668915301561356,-0.60787874,0.5897676,-0.20458841,-0.44275218,-0.7612349,0.01711483,-0.45888546,5.276636488433034e-06,0.0,1.3191591221082587e-07,0.0005882349796593189,0.0002941175,1.17647,False,3,0.3195959789191707,0.07306664197118962,0.22911159826000949,0.3633099592923218,-0.0023819428100459493,0.17001469874571493,0.999641427585823,0.011954695935698142,0.00856535063900881,-0.022377966996708774,0.21651419,0.21151058,0.18445662,0.2598222108356432,4.560100205708295e-05,0.0001305230107391253,0.0005540699930861592,0.00025353601085953414,0.00016902899369597435,0.00011277900193817914,0.001630450991797261,0.018167772999731824,0.019798223991529085,50.50958108302353,0
75,1.5201292350102449,-0.21426421800722295,-1.8008305035033167,1.5873459021197718,-1.6314465008177699,-1.544159237538473,0.11671192944049835,-0.23763211071491241,-0.42032554745674133,-1.5267587900161743,-0.7481526136398315,-0.20429560542106628,-0.12113843858242035,-0.2572045922279358,-0.15967655181884766,-1.0634502172470093,-0.4113442003726959,-0.16919870674610138,0.024266250431537628,1.268603306550321,-0.7559387335799086,-0.27728944397980937,-0.020460889583131275,-0.09012478691743342,-0.07116174396868234,-0.23828512,-1.7765903,1.579663,-1.6494282,-1.5744913,0.11766025,-0.23828512,-1.7765903,1.579663,-1.6494282,-1.5744913,0.11766025,-0.21426421403884888,-1.8008304834365845,1.5873459577560425,-1.6314464807510376,-1.5441592931747437,0.11671192944049835,-0.60052276,0.60600406,-0.19207397,-0.4495447,-0.7582983,0.023707965,-0.4626014,4.397197073694195e-06,0.0,1.0992992684235489e-07,0.0005882349796593189,0.0002941175,1.17647,False,3,0.3205299835434379,0.07078096048447204,0.22890263699727967,0.3632860337379706,-0.0023742308158930473,0.17000575424878678,0.9996383586560774,0.0119346958069968,0.008624906073094192,-0.022500370695910814,0.21651419,0.21151058,0.18445662,0.2598028423447964,4.066999827045947e-05,0.00012874699314124882,0.0005489330069394782,0.00029403300140984356,0.00017505099822301418,0.00011006199929397553,0.0016492519935127348,0.01817469000525307,0.019823941998765804,50.444053965768155,0
76,1.540121034006006,-0.2177355925189417,-1.7976342640318812,1.5862067381488245,-1.633838792840475,-1.5483821074115198,0.1167205423116684,-0.24272483587265015,-0.43711450695991516,-1.5420665740966797,-0.7707878947257996,-0.2083842158317566,-0.0444004163146019,-0.25657764077186584,-0.1675402820110321,-1.06805419921875,-0.4135325253009796,-0.16949638724327087,0.046613797545433044,1.0925254026838727,-0.9203897850665831,-0.6618284856953947,-0.018660204963974334,-0.07745980735511693,-0.06839620925631662,-0.24149843,-1.772815,1.5791239,-1.6519033,-1.5785869,0.11788494,-0.24149843,-1.772815,1.5791239,-1.6519033,-1.5785869,0.11788494,-0.21773558855056763,-1.797634243965149,1.5862067937850952,-1.6338387727737427,-1.5483821630477905,0.1167205423116684,-0.5940709,0.6204817,-0.17707437,-0.45161155,-0.7551183,0.029109988,-0.4662075,3.664330894745163e-06,0.0,9.160827236862909e-08,0.0005882349796593189,0.0002941175,1.17647,False,3,0.3214618477999348,0.06849026045178205,0.22867704249748974,0.3633116054377526,-0.0023744543531280427,0.16997669503538607,0.9996435543386218,0.012069818180959159,0.00852260494362741,-0.0222373327270458,0.21651419,0.21151058,0.18445662,0.25981909145396564,6.289900920819491e-05,0.00013536300684791058,0.0005849170120200142,0.0002847520081559196,0.0001736129925120622,0.00010996700439136475,0.0017704369965940714,0.01805177700589411,0.01982221400248818,50.44845141286817,0
77,1.5600969420047477,-0.22109729448427373,-1.7944027386107386,1.585019890462057,-1.6362630329527796,-1.55261737505068,0.11674070358276367,-0.22461022436618805,-0.4289263188838959,-1.4993211030960083,-0.8276230096817017,-0.21207192540168762,0.025378596037626266,-0.2565683424472809,-0.16731682419776917,-1.066325068473816,-0.4137418866157532,-0.1695440709590912,0.07000510394573212,1.335485406171715,-0.7820193975915115,-0.3653627325184834,-0.018207183913290965,-0.08734365820792345,-0.06853609949918903,-0.24449924,-1.7689936,1.5784122,-1.6546267,-1.5826612,0.11815679,-0.24449924,-1.7689936,1.5784122,-1.6546267,-1.5826612,0.11815679,-0.22109729051589966,-1.7944027185440063,1.5850199460983276,-1.6362630128860474,-1.5526174306869507,0.11674070358276367,-0.58504874,0.635229,-0.16519356,-0.45909223,-0.7510926,0.035402138,-0.4695584,3.0536090789543024e-06,0.0,7.634022697385757e-08,0.0005882349796593189,0.0002941175,1.17647,False,3,0.3223888570617114,0.06622295442526471,0.22846384699010702,0.3633101141431597,-0.0023776790375268494,0.17001566627943002,0.9996408978183348,0.012028544954506764,0.008344528409028756,-0.022443480683827115,0.21651419,0.21151058,0.18445662,0.25981873450796417,4.7856010496616364e-05,0.00017216999549418688,0.0005787080008303747,0.00037746000452898443,0.0003616879985202104,0.00014586000179406255,0.0021303819958120584,0.017640512000070885,0.019770893995882943,50.57940223685577,0
78,1.5800963830115506,-0.22444469133485967,-1.7911402187743128,1.583860222493307,-1.638768812219137,-1.5567892233477991,0.11686424911022186,-0.27357345819473267,-0.37441712617874146,-1.439771294593811,-0.8294355273246765,-0.23899272084236145,0.06286624819040298,-0.25678837299346924,-0.1682175248861313,-1.0631343126296997,-0.41270726919174194,-0.16948866844177246,0.09320991486310959,1.3680180088758798,-0.8477754886118734,-0.20495161748544616,-0.018021776513484362,-0.08928158277768973,-0.0546775163933764,-0.24755117,-1.7651769,1.5776126,-1.6574163,-1.5867198,0.1185133,-0.24755117,-1.7651769,1.5776126,-1.6574163,-1.5867198,0.1185133,-0.2244446873664856,-1.7911401987075806,1.5838602781295776,-1.6387687921524048,-1.5567892789840698,0.11686424911022186,-0.57766235,0.6490817,-0.1561897,-0.4661891,-0.74826235,0.041226283,-0.47251603,2.544674232461919e-06,0.0,6.361685581154798e-08,0.0005882349796593189,0.0002941175,1.17647,False,3,0.32331949641075775,0.06396648399097038,0.22824528018756518,0.3632766799432968,-0.002379177451885514,0.17000296200396642,0.9996340086640667,0.012178702508201735,0.008919902677949107,-0.02244785876207081,0.21651419,0.21151058,0.18445662,0.259801785952401,5.435399361886084e-05,0.0001576409995323047,0.0009865260071819648,0.0003556689916877076,0.00020510399190243334,0.0001372480037389323,0.002351351999095641,0.01743168600660283,0.019783038005698472,50.54835358006953,0
79,1.6000928139983444,-0.22769242921938115,-1.7877699337401332,1.5828712622271937,-1.641285081902975,-1.561016861592428,0.11702823638916016,-0.28257447481155396,-0.41591665148735046,-1.49000084400177,-0.8097801804542542,-0.22459474205970764,0.11084049195051193,-0.25475484132766724,-0.1717851310968399,-1.062765121459961,-0.41297969222068787,-0.16944220662117004,0.11265508830547333,1.4689355455572937,-1.105199848338182,-0.35202837941684473,-0.014782807559524273,-0.10336000052657253,-0.02719792866108801,-0.2503288,-1.761131,1.5769348,-1.6603966,-1.5906807,0.11899787,-0.2503288,-1.761131,1.5769348,-1.6603966,-1.5906807,0.11899787,-0.22769242525100708,-1.7877699136734009,1.5828713178634644,-1.6412850618362427,-1.5610169172286987,0.11702823638916016,-0.5659094,0.66597146,-0.14841132,-0.47778913,-0.741596,0.049240895,-0.47578865,2.1205618603849326e-06,0.0,5.301404650962332e-08,0.0005882349796593189,0.0002941175,1.17647,False,3,0.32421115172751325,0.06172815410903319,0.22793636082346516,0.3633240674725341,-0.0023814922301341078,0.16999741032835866,0.9996410030997765,0.01221163130109253,0.008696515121867693,-0.022206249000399674,0.21651419,0.21151058,0.18445662,0.2598307725974452,7.439199544023722e-05,0.0001702209992799908,0.0007130189915187657,0.0003455340047366917,0.00023373700969386846,0.00022762699518352747,0.00222291199315805,0.017431572996429168,0.019654484989587218,50.87897243452534,0
80,1.6200975000101607,-0.230933968220846,-1.7842756710448207,1.5819781462298792,-1.64378084758901,-1.5651372114764612,0.11723516136407852,-0.29768794775009155,-0.4053836464881897,-1.49724543094635,-0.8280634880065918,-0.21866129338741302,0.10552740842103958,-0.25353580713272095,-0.17708659172058105,-1.0646052360534668,-0.41414716839790344,-0.16947181522846222,0.13203203678131104,1.1030843084838569,-0.819445027363186,-0.5437425577274155,-0.020288334620865753,-0.09207740610034136,0.0032287819977164967,-0.25328103,-1.7571039,1.5764332,-1.663075,-1.5946329,0.11943345,-0.25328103,-1.7571039,1.5764332,-1.663075,-1.5946329,0.11943345,-0.23093396425247192,-1.7842756509780884,1.58197820186615,-1.6437808275222778,-1.565137267112732,0.11723516136407852,-0.5586767,0.6792929,-0.13862687,-0.48235232,-0.73739076,0.05495715,-0.47873047,1.7671348836541106e-06,0.0,4.417837209135277e-08,0.0005882349796593189,0.0002941175,1.17647,False,3,0.325085222239854,0.05951425887668977,0.2275541868772354,0.3633018177281756,-0.0023173424525462184,0.16999543266934475,0.999637488424371,0.01202939127378754,0.008406660507625362,-0.02257265247996378,0.21651419,0.21151058,0.18445662,0.2597655038117849,5.633800174109638e-05,0.00016625200805719942,0.0008144699968397617,0.00025522400392219424,0.00034461899485904723,0.00019226399308536202,0.0022541009966516867,0.01751824600796681,0.019772347004618496,50.57568531274595,0
81,1.640091867011506,-0.23420507112611944,-1.7807561359801234,1.5811174551593226,-1.6463686428465785,-1.5693319479571741,0.11743545532226562,-0.2357187718153,-0.4537094235420227,-1.5262901782989502,-0.7905647158622742,-0.21314063668251038,0.1285070925951004,-0.25035983324050903,-0.18007072806358337,-1.0652601718902588,-0.4153478741645813,-0.1692250370979309,0.14234058558940887,1.087305347362895,-0.869797348649259,-0.47483596092682545,-0.018364650736955326,-0.09938853763445808,0.030851167782336025,-0.25610232,-1.7530084,1.5760561,-1.6659116,-1.5985508,0.1198919,-0.25610232,-1.7530084,1.5760561,-1.6659116,-1.5985508,0.1198919,-0.23420506715774536,-1.7807561159133911,1.5811175107955933,-1.6463686227798462,-1.5693320035934448,0.11743545532226562,-0.5474312,0.6936932,-0.12653331,-0.48857254,-0.73047125,0.061411083,-0.48149246,1.472612403045092e-06,0.0,3.6815310076127306e-08,0.0005882349796593189,0.0002941175,1.17647,False,3,0.32595917176050243,0.05726538187194743,0.22716695010973706,0.3632406002844434,-0.002387407033417926,0.17005860319197016,0.9996401345105553,0.011715377955188325,0.008791128831382179,-0.022472883457906098,0.21651419,0.21151058,0.18445662,0.2597850922924554,5.413399776443839e-05,0.0001359570014756173,0.0006037840066710487,0.0002317930047865957,0.00020110899640712887,0.00017298999591730535,0.0017582139989826828,0.01796458700846415,0.019722801007446833,50.70273738615652,0
82,1.6601011919992743,-0.23733693758119756,-1.7770825825133265,1.580256764088766,-1.6489721737303675,-1.5734322706805628,0.11768581718206406,-0.2530965805053711,-0.41554415225982666,-1.5057870149612427,-0.8078023791313171,-0.18922285735607147,0.13010892271995544,-0.24998827278614044,-0.18301190435886383,-1.0644429922103882,-0.415072500705719,-0.16906598210334778,0.1427539438009262,1.230383784044649,-0.9865439285181851,-0.3196804749019695,-0.013520401748636,-0.08997895391658149,0.0509811560898606,-0.25885183,-1.748787,1.5757191,-1.6686479,-1.6023635,0.12035923,-0.25885183,-1.748787,1.5757191,-1.6686479,-1.6023635,0.12035923,-0.2373369336128235,-1.7770825624465942,1.5802568197250366,-1.6489721536636353,-1.5734323263168335,0.11768581718206406,-0.5378721,0.7073893,-0.11344217,-0.49189448,-0.7232793,0.06683519,-0.48411804,1.227177002537577e-06,0.0,3.0679425063439425e-08,0.0005882349796593189,0.0002941175,1.17647,False,3,0.32683190210930146,0.055075693466303074,0.226735791113462,0.3633196736910688,-0.0023645778191085627,0.169993335442618,0.9996368074762361,0.012264962282656564,0.00878974826007232,-0.022329259952060965,0.21651419,0.21151058,0.18445662,0.25981459299231563,4.952799645252526e-05,0.00014177399862091988,0.0006043800094630569,0.00023054498888086528,0.00020179900457151234,0.00011544999142643064,0.0017079769895644858,0.01809435000177473,0.019802326991339214,50.49911560582562,0
83,1.680080051010009,-0.24042970338930303,-1.7733613453307093,1.5794718901263636,-1.6515990696349085,-1.5775516668902796,0.11796212941408157,-0.25763463973999023,-0.4200984239578247,-1.5025123357772827,-0.7812099456787109,-0.1976543813943863,0.13538482785224915,-0.2494523972272873,-0.18672047555446625,-1.0630007982254028,-0.41469648480415344,-0.16898342967033386,0.14292919635772705,1.3372620059825049,-0.7127798224843563,-0.4591384298274662,-0.004438375918104479,-0.08952914148077976,0.03989432616559917,-0.2615026,-1.7445476,1.5753782,-1.6714653,-1.6061673,0.12087159,-0.2615026,-1.7445476,1.5753782,-1.6714653,-1.6061673,0.12087159,-0.24042969942092896,-1.773361325263977,1.5794719457626343,-1.6515990495681763,-1.5775517225265503,0.11796212941408157,-0.5268222,0.7203423,-0.10234374,-0.49665713,-0.7153895,0.07273656,-0.4865305,1.0226475021146475e-06,0.0,2.556618755286619e-08,0.0005882349796593189,0.0002941175,1.17647,False,3,0.3276849198255798,0.05289102386980766,0.22626690263948465,0.3633014686012893,-0.0023492656515529424,0.17002193792674125,0.9996484229521033,0.011809064128177097,0.008105897319097324,-0.022311807294079923,0.21651419,0.21151058,0.18445662,0.25979011094610555,7.866800297051668e-05,0.0001768449874361977,0.0006884430040372536,0.00032841799838934094,0.00021500900038518012,0.0001391969999531284,0.002091258007567376,0.01763175400265027,0.019723012010217644,50.702194952877534,0
84,1.7001324919983745,-0.24351817766298467,-1.7695533237852992,1.578714672719137,-1.6542464695372523,-1.5815961996661585,0.11827711015939713,-0.2375802993774414,-0.39668557047843933,-1.4773674011230469,-0.7796670198440552,-0.18113528192043304,0.1332004815340042,-0.24852997064590454,-0.18956618010997772,-1.0616908073425293,-0.4142397940158844,-0.16867128014564514,0.14303286373615265,1.3081440619799007,-0.9157693459511018,-0.5519073436910626,-0.0223885257275728,-0.09467140464645862,0.03814874345124798,-0.26408312,-1.7401847,1.5750382,-1.674315,-1.6097986,0.1214453,-0.26408312,-1.7401847,1.5750382,-1.674315,-1.6097986,0.1214453,-0.2435181736946106,-1.769553303718567,1.5787147283554077,-1.65424644947052,-1.5815962553024292,0.11827711015939713,-0.51412374,0.73421574,-0.09191209,-0.50171405,-0.70505685,0.07920464,-0.48888817,8.522062517622063e-07,0.0,2.130515629405516e-08,0.0005882349796593189,0.0002941175,1.17647,False,3,0.3285353673798478,0.050719348578900654,0.22576463798259785,0.36330489396957916,-0.0023381408694950257,0.17000915618165516,0.9996388831335781,0.011765231708749314,0.008472723403050095,-0.02262513646296098,0.21651419,0.21151058,0.18445662,0.25978359909279425,4.679000994656235e-05,0.0001366439973935485,0.00057068100431934,0.0003171339922118932,0.00016687098832335323,0.0001079259964171797,0.00171528899227269,0.018140576998121105,0.019855865990393795,50.36295070100679,0
85,1.7200915860012174,-0.246558968220846,-1.7656995258727015,1.5780451933490198,-1.6569692097105921,-1.5856240431415003,0.11864835768938065,-0.2225203514099121,-0.4845453202724457,-1.5044281482696533,-0.7551447749137878,-0.20512758195400238,0.14009042084217072,-0.24687695503234863,-0.19371244311332703,-1.06156587600708,-0.4141606390476227,-0.16840972006320953,0.14318716526031494,1.2775054977480085,-0.6670838899833036,-0.4238379131084525,-0.01526829620188398,-0.08698585627920256,0.03266778993314423,-0.26688576,-1.735982,1.5745846,-1.6771904,-1.6136488,0.121972695,-0.26688576,-1.735982,1.5745846,-1.6771904,-1.6136488,0.121972695,-0.24655896425247192,-1.7656995058059692,1.5780452489852905,-1.6569691896438599,-1.585624098777771,0.11864835768938065,-0.5081702,0.74293816,-0.08651714,-0.50553024,-0.70061815,0.083108455,-0.49080884,7.101718764685053e-07,0.0,1.7754296911712634e-08,0.0005882349796593189,0.0002941175,1.17647,False,3,0.3293760710526531,0.04856204412068909,0.22522803382273335,0.3633106913597109,-0.002373060454180357,0.16998044341145785,0.999643647139831,0.012132589552157296,0.00838036851650754,-0.022250865523507846,0.21651419,0.21151058,0.18445662,0.2598172186587207,4.462699871510267e-05,0.00013393099652603269,0.000656663003610447,0.0002905839937739074,0.00016810699889902025,0.00011116600944660604,0.00177668800461106,0.0179861929937033,0.01976288099831436,50.599910007315906,0
86,1.7401074640074512,-0.24949342409242803,-1.7617374859251917,1.5774715582477015,-1.6596442661681117,-1.5895841757403772,0.11903543770313263,-0.25133177638053894,-0.4791470766067505,-1.4793217182159424,-0.7546769380569458,-0.23479017615318298,0.14194567501544952,-0.24541234970092773,-0.19739171862602234,-1.061894178390503,-0.41437676548957825,-0.16782858967781067,0.14348725974559784,1.5397489423837825,-1.198157248880479,-0.4746876493786286,-0.031531370703947945,-0.09858080066161877,0.03360862848378084,-0.26930752,-1.7315605,1.5744798,-1.6800624,-1.6171445,0.122587524,-0.26930752,-1.7315605,1.5744798,-1.6800624,-1.6171445,0.122587524,-0.24949342012405396,-1.7617374658584595,1.5774716138839722,-1.6596442461013794,-1.589584231376648,0.11903543770313263,-0.49535266,0.754424,-0.074796095,-0.5104548,-0.68900543,0.08880215,-0.49316072,5.918098970570878e-07,0.0,1.4795247426427195e-08,0.0005882349796593189,0.0002941175,1.17647,False,3,0.3301860385383337,0.04645584879196053,0.22461658327886858,0.36330243761313885,-0.0023880030037413064,0.16995241237153552,0.9996221205592374,0.011966249141282278,0.009456581619406625,-0.02287010877737669,0.21651419,0.21151058,0.18445662,0.259826419835749,4.23580058850348e-05,0.00013636700168717653,0.0005651889950968325,0.0003322039992781356,0.0001760769955581054,0.00012325099669396877,0.0017887350113596767,0.018040994997136295,0.01982973000849597,50.42933008021561,0
87,1.7601357100065798,-0.25236636797060186,-1.7577158413329066,1.5769169966327112,-1.6624928913512171,-1.5935290495501917,0.11943863332271576,-0.3088319003582001,-0.4595107138156891,-1.4821823835372925,-0.7602722644805908,-0.21982116997241974,0.14511026442050934,-0.24720607697963715,-0.20465616881847382,-1.0642704963684082,-0.41510435938835144,-0.16813121736049652,0.14357241988182068,0.9711482847060215,-1.0317573253607892,-0.41790298836622464,-0.0202177724930538,-0.08124115014325284,0.03184296093384376,-0.2717092,-1.7271167,1.5743337,-1.6831025,-1.6206559,0.123195,-0.2717092,-1.7271167,1.5743337,-1.6831025,-1.6206559,0.123195,-0.2523663640022278,-1.7577158212661743,1.576917052268982,-1.6624928712844849,-1.5935291051864624,0.11943863332271576,-0.4835707,0.76497656,-0.064584106,-0.5152395,-0.6781684,0.093909085,-0.49499375,4.931749142142398e-07,0.0,1.2329372855355996e-08,0.0005882349796593189,0.0002941175,1.17647,False,3,0.3310176415013969,0.04436075540559446,0.22400461502267976,0.3633288055934158,-0.0024099589999401656,0.16989215931003673,0.9996139105456512,0.012182181664086697,0.009684016507099477,-0.02301925895279145,0.21651419,0.21151058,0.18445662,0.2598627615309005,4.498699854593724e-05,0.00015474800602532923,0.0006084789929445833,0.00035099900560453534,0.000180643008206971,0.0001464730012230575,0.0018734820041572675,0.017945222003618255,0.019818704007775523,50.45738609384688,0
88,1.7800768849992892,-0.25519115129579717,-1.7536632023253382,1.576458756123678,-1.6652904949583949,-1.5974066893206995,0.11991311609745026,-0.2385229766368866,-0.41672179102897644,-1.5024124383926392,-0.7637688517570496,-0.2290443480014801,0.1569216102361679,-0.2453920692205429,-0.2087804675102234,-1.063335657119751,-0.4150392711162567,-0.16764101386070251,0.14376291632652283,0.6675658645926975,-1.1821081034584038,-0.3861742744064486,-0.02899847733951698,-0.06790269370549645,0.03549219893736882,-0.2740763,-1.7226845,1.5742122,-1.686031,-1.6240993,0.123864256,-0.2740763,-1.7226845,1.5742122,-1.686031,-1.6240993,0.123864256,-0.2551911473274231,-1.753663182258606,1.5764588117599487,-1.6652904748916626,-1.5974067449569702,0.11991311609745026,-0.47212902,0.7744664,-0.05616583,-0.51851344,-0.6673138,0.09877848,-0.49631268,4.109790951785332e-07,0.0,1.027447737946333e-08,0.0005882349796593189,0.0002941175,1.17647,False,3,0.33181561421509126,0.042299628530581695,0.22334032741827545,0.36330249332815195,-0.002547182284712547,0.16985238099320232,0.9995943598121007,0.012144160428411644,0.010664094761973199,-0.023449180054254542,0.21651419,0.21151058,0.18445662,0.25996310958129676,4.9718000809662044e-05,0.00013834000856149942,0.0006253089959500358,0.0003147790121147409,0.00017941900296136737,0.00015334000636357814,0.0018876890098908916,0.017838595987996086,0.019726284997886978,50.69378243836166,0
89,1.8001416160113877,-0.25798207918276006,-1.7494613132872523,1.5760200659381312,-1.668105264703268,-1.6012705008136194,0.12036454677581787,-0.2237774133682251,-0.5074955224990845,-1.5123804807662964,-0.7732082009315491,-0.2202947586774826,0.1545872837305069,-0.24304868280887604,-0.2132190316915512,-1.0628297328948975,-0.4155269265174866,-0.16694296896457672,0.1439477503299713,0.9802378490008304,-0.8541995804203043,-0.5304595087452402,-0.02373102302083553,-0.07712825643039513,0.029629898408963438,-0.27627558,-1.7180891,1.574316,-1.6888993,-1.6273919,0.12452742,-0.27627558,-1.7180891,1.574316,-1.6888993,-1.6273919,0.12452742,-0.257982075214386,-1.74946129322052,1.5760201215744019,-1.6681052446365356,-1.6012705564498901,0.12036454677581787,-0.45733735,0.7843059,-0.042601515,-0.5198501,-0.65303355,0.104071684,-0.4970625,3.4248257931544435e-07,0.0,8.56206448288611e-09,0.0005882349796593189,0.0002941175,1.17647,False,3,0.3326116206315849,0.04024688738770009,0.22262419371616235,0.363320254133774,-0.0023228869928401683,0.16996547439183696,0.9996372663086692,0.012324571395961182,0.00916316913435467,-0.0221241884248921,0.21651419,0.21151058,0.18445662,0.25978215552810296,4.819899913854897e-05,0.00013988499995321035,0.0005891019973205402,0.0005176459962967783,0.00021940500300843269,0.0001705979957478121,0.002077851997455582,0.01777316301013343,0.019851015007589012,50.37525787057748,0
90,1.82014576200163,-0.2606757322894495,-1.745260854760641,1.575613800679342,-1.6709267101683558,-1.6050694624530237,0.12085545063018799,-0.2529059052467346,-0.5038148164749146,-1.4799470901489258,-0.8047088980674744,-0.19971677660942078,0.18005068600177765,-0.24157704412937164,-0.21862204372882843,-1.0629221200942993,-0.4157974123954773,-0.16649438440799713,0.14419011771678925,0.8682978567419642,-0.9145636787813686,-0.3327437201287691,-0.028291435476640543,-0.08378521672693179,0.027976392645105635,-0.2783926,-1.7134997,1.5744958,-1.6917132,-1.6305046,0.1251919,-0.2783926,-1.7134997,1.5744958,-1.6917132,-1.6305046,0.1251919,-0.26067572832107544,-1.7452608346939087,1.5756138563156128,-1.6709266901016235,-1.6050695180892944,0.12085545063018799,-0.44292212,0.79402936,-0.027952325,-0.519663,-0.6358764,0.10841117,-0.49845037,2.85402149429537e-07,0.0,7.135053735738425e-09,0.0005882349796593189,0.0002941175,1.17647,False,3,0.3333919321812655,0.038239318383086945,0.2218963253451036,0.3632911544964886,-0.002300047730866269,0.17001167275232332,0.9996485947437186,0.011773039878602759,0.008110816307904532,-0.022323128608841766,0.21651419,0.21151058,0.18445662,0.25974433833189375,4.4119005906395614e-05,0.0001271840010304004,0.0005534969968721271,0.00029084399284329265,0.00017506199947092682,0.00011213601101189852,0.0016658929962432012,0.018150610994780436,0.019816503991023637,50.462987843515386,0
91,1.8401429560035467,-0.263280216847555,-1.740936895410055,1.5752752462970179,-1.6738368473448695,-1.6087430159198206,0.12142206728458405,-0.2807014584541321,-0.42463403940200806,-1.492199182510376,-0.7974748015403748,-0.22581860423088074,0.16369469463825226,-0.23950836062431335,-0.22179341316223145,-1.0612894296646118,-0.41516730189323425,-0.1657722145318985,0.14436975121498108,0.8343679166707826,-1.2842765446449451,-0.4923255732787356,-0.033646059730649554,-0.08171323143577387,0.029269757604421052,-0.28052744,-1.708892,1.5744748,-1.6946714,-1.6336634,0.12592097,-0.28052744,-1.708892,1.5744748,-1.6946714,-1.6336634,0.12592097,-0.2632802128791809,-1.7409368753433228,1.5752753019332886,-1.6738368272781372,-1.6087430715560913,0.12142206728458405,-0.43118092,0.8011217,-0.020013748,-0.52086496,-0.62300974,0.11247261,-0.49887154,2.3783512452461416e-07,0.0,5.945878113115354e-09,0.0005882349796593189,0.0002941175,1.17647,False,3,0.33418018789937115,0.036283265321206605,0.22111628622947033,0.36333114089010715,-0.0023217039222472465,0.1699911239579812,0.999654559765101,0.012139310901320262,0.008223882921486398,-0.021813105157282842,0.21651419,0.21151058,0.18445662,0.2597859046392776,4.4693995732814074e-05,0.0001270200009457767,0.0005600559961749241,0.00027923399466089904,0.00017320600454695523,0.00011058700329158455,0.001643240000703372,0.01816986399353482,0.01981310399423819,50.47164746577861,0
92,1.860144450009102,-0.26585609117616826,-1.7366601429381312,1.5750249067889612,-1.6766911945738734,-1.6124041716205042,0.12200881540775299,-0.20906952023506165,-0.4775082468986511,-1.4971576929092407,-0.8101056814193726,-0.2035704106092453,0.15634462237358093,-0.23719868063926697,-0.22592619061470032,-1.059757113456726,-0.4144025146961212,-0.1646769940853119,0.14442361891269684,0.8553456226878788,-1.0395595166120137,-0.4054765147156694,-0.029415217601288606,-0.07416311359266776,0.029153418131645372,-0.28243095,-1.7042811,1.5751656,-1.6973569,-1.6365197,0.12668556,-0.28243095,-1.7042811,1.5751656,-1.6973569,-1.6365197,0.12668556,-0.2658560872077942,-1.736660122871399,1.575024962425232,-1.6766911745071411,-1.612404227256775,0.12200881540775299,-0.41437152,0.80947715,0.003515683,-0.51664305,-0.60288644,0.116918676,-0.49952656,1.9819593710384512e-07,0.0,4.9548984275961285e-09,0.0005882349796593189,0.0002941175,1.17647,False,3,0.33492811047723126,0.03434468210108067,0.2203099199669169,0.3631027008633754,-0.0022383116478956345,0.16969533376820706,0.9995698905415282,0.014810269323461236,0.008749951089410908,-0.02375096429301966,0.21651419,0.21151058,0.18445662,0.25960485111343684,6.605499947909266e-05,0.00013249799667391926,0.0005852729955222458,0.00028825200570281595,0.00017167300393339247,0.00012542599870357662,0.0017249200027436018,0.01806954000494443,0.01979446000768803,50.51918565152103,0
93,1.8800920070061693,-0.2683985869037073,-1.7323161564269007,1.5748608748065394,-1.6795960865416468,-1.6159680525409144,0.12255245447158813,-0.26593154668807983,-0.45833250880241394,-1.4889249801635742,-0.7906085848808289,-0.219326913356781,0.15349993109703064,-0.2365390509366989,-0.2315991222858429,-1.0205899477005005,-0.41474711894989014,-0.16407160460948944,0.14461301267147064,0.8320128048741493,-1.3249747873695716,-0.2531362790677063,-0.036168755357336414,-0.06848379122060076,0.02950206672223398,-0.2845581,-1.6997243,1.5754375,-1.7001908,-1.6395302,0.12734538,-0.2845581,-1.6997243,1.5754375,-1.7001908,-1.6395302,0.12734538,-0.26839858293533325,-1.7323161363601685,1.57486093044281,-1.6795960664749146,-1.615968108177185,0.12255245447158813,-0.40398735,0.8147941,0.014414443,-0.51486665,-0.5890522,0.11982326,-0.5000602,1.6516328091987094e-07,0.0,4.129082022996774e-09,0.0005882349796593189,0.0002941175,1.17647,False,3,0.3356700944320391,0.03243693344477287,0.21945650355224444,0.3630318608018065,-0.002136383158573186,0.16969854704200804,0.9995804319457345,0.014105116105832035,0.00946077383731932,-0.02346197041160529,0.21651419,0.21151058,0.18445662,0.2594807437800053,0.0002694160066312179,0.00013590400340035558,0.0006194500019773841,0.00029051300953142345,0.00024279199715238065,0.00013965199468657374,0.00206672000058461,0.01768051700491924,0.019747237005503848,50.63999584961102,0
94,1.9001394540100591,-0.27078324953188115,-1.7278744182982386,1.574810806904928,-1.682493349114889,-1.619425121937887,0.1231788918375969,-0.2440255582332611,-0.45906370878219604,-1.4681742191314697,-0.7611339688301086,-0.2524432837963104,0.17609809339046478,-0.2341213822364807,-0.23610083758831024,-0.9361625909805298,-0.4135287404060364,-0.1629675030708313,0.1448999047279358,1.0611763466309114,-1.180126144876905,-0.46646610140969785,-0.03355222917043351,-0.07864459156401549,0.027494516745262612,-0.2864236,-1.6950774,1.5756865,-1.7030778,-1.6422703,0.12811634,-0.2864236,-1.6950774,1.5756865,-1.7030778,-1.6422703,0.12811634,-0.2707832455635071,-1.7278743982315063,1.5748108625411987,-1.6824933290481567,-1.6194251775741577,0.1231788918375969,-0.3910087,0.8199249,0.021888506,-0.51461035,-0.57112896,0.12343614,-0.50025886,1.376360674332258e-07,0.0,3.440901685830645e-09,0.0005882349796593189,0.0002941175,1.17647,False,3,0.3363887096853783,0.030608189732435412,0.21852770121495907,0.3630966886471136,-0.0021267237807893855,0.169651178649535,0.9995836415843066,0.014412497609993004,0.009802534255450907,-0.02299503093522521,0.21651419,0.21151058,0.18445662,0.2595121009149875,4.845400690101087e-05,0.00015904000611044466,0.0007587049913126975,0.00029482301033567637,0.00023599699488840997,0.0002826830022968352,0.0021835560037288815,0.017599881000933237,0.01978343700466212,50.54733410399529,0
95,1.9201406729989685,-0.2731235663043421,-1.7234226665892542,1.5748193899737757,-1.685268064538473,-1.6228135267840784,0.1238052248954773,-0.26155123114585876,-0.5106534957885742,-1.4002752304077148,-0.774852454662323,-0.2930133640766144,0.16613870859146118,-0.23534579575061798,-0.2433992475271225,-0.825325071811676,-0.4134550988674164,-0.16257348656654358,0.14476525783538818,1.095516122374254,-1.6087223878888028,-0.7745035951741926,-0.05573617781100261,-0.08895181113637463,0.03178761327451157,-0.28819677,-1.6904342,1.5761721,-1.7057139,-1.6448289,0.12886699,-0.28819677,-1.6904342,1.5761721,-1.7057139,-1.6448289,0.12886699,-0.273123562335968,-1.723422646522522,1.5748194456100464,-1.6852680444717407,-1.6228135824203491,0.1238052248954773,-0.3768306,0.8247102,0.03381749,-0.5111448,-0.5503819,0.12654415,-0.49969724,1.146967228610215e-07,0.0,2.8674180715255377e-09,0.0005882349796593189,0.0002941175,1.17647,False,3,0.337066118937556,0.028817464500722836,0.21755439740667148,0.3631303283659319,-0.0022280345904017824,0.1697053116163214,0.999591844748065,0.014345242459662674,0.009360571072994402,-0.02286290688172307,0.21651419,0.21151058,0.18445662,0.25961142395553766,4.503699892666191e-05,0.00013083299563731998,0.0005467829905683175,0.0003983689966844395,0.00019856999278999865,0.00010911299614235759,0.0017903669941006228,0.0180277909967117,0.019818157990812324,50.45877626283931,0
96,1.9401439740031492,-0.2753847281085413,-1.718938489953512,1.5747888723956507,-1.6881028614439906,-1.6261675993548792,0.12446345388889313,-0.24006521701812744,-0.523539662361145,-1.2812979221343994,-0.7639286518096924,-0.2824319005012512,0.15276284515857697,-0.23447252810001373,-0.24979713559150696,-0.7342614531517029,-0.4141429662704468,-0.16191993653774261,0.14481395483016968,0.7925038667413171,-1.3569640587974356,-0.6509877978189322,-0.053256170822265185,-0.0775303412523243,0.031063194037409862,-0.29003346,-1.6858314,1.5768455,-1.7081573,-1.6474686,0.1295798,-0.29003346,-1.6858314,1.5768455,-1.7081573,-1.6474686,0.1295798,-0.27538472414016724,-1.7189384698867798,1.5747889280319214,-1.6881028413772583,-1.62616765499115,0.12446345388889313,-0.36621866,0.8276762,0.051414773,-0.50136137,-0.53252274,0.12790856,-0.49829644,9.558060238418459e-08,0.0,2.389515059604615e-09,0.0005882349796593189,0.0002941175,1.17647,False,3,0.33775356746834134,0.027053779842617923,0.2165906510936593,0.3631530013360541,-0.00227433065526484,0.16987645097533902,0.9996062617916177,0.013502907627961218,0.008527779205196933,-0.02307177225602134,0.21651419,0.21151058,0.18445662,0.2596526782016099,4.3688996811397374e-05,0.0001261830038856715,0.0006272379978327081,0.00037516700103878975,0.0001976220082724467,0.0002456359943607822,0.0019743619923247024,0.017844161004177295,0.019818522996501997,50.45784694331165,0
97,1.9601321720110718,-0.2776239554034632,-1.714400430718893,1.5748193899737757,-1.6909872494139613,-1.6293967405902308,0.12516199052333832,-0.2302946150302887,-0.4773451089859009,-1.1203813552856445,-0.7145962715148926,-0.2462713122367859,0.1551820933818817,-0.23257434368133545,-0.2554953694343567,-0.6580519080162048,-0.4136446714401245,-0.16068090498447418,0.14492830634117126,1.0783974404427796,-0.9620800190773242,-0.1453121936941543,-0.03383539509413135,-0.07718340086162014,0.02516284456697102,-0.29170942,-1.681168,1.5773536,-1.7108696,-1.6498364,0.13037945,-0.29170942,-1.681168,1.5773536,-1.7108696,-1.6498364,0.13037945,-0.2776239514350891,-1.7144004106521606,1.5748194456100464,-1.690987229347229,-1.6293967962265015,0.12516199052333832,-0.35213643,0.830811,0.06335484,-0.4970588,-0.51098925,0.13043658,-0.49747068,7.96505019868205e-08,0.0,1.9912625496705124e-09,0.0005882349796593189,0.0002941175,1.17647,False,3,0.33844129911792425,0.025323448233435398,0.21559128195327196,0.36324405734331217,-0.0023117007296895014,0.16981552884126533,0.9996060639176872,0.013668849525874107,0.008564891639963273,-0.022967630633496,0.21651419,0.21151058,0.18445662,0.2597383033221522,5.717198655474931e-05,0.00013043299259152263,0.0007158900116337463,0.00032269499206449836,0.0002949150075437501,0.00018697400810196996,0.0020680220040958375,0.01770683100039605,0.019774853004491888,50.56927602813778,0
98,1.9801263219997054,-0.2797444502459925,-1.7098223171629847,1.5749357382403772,-1.6938191852965296,-1.63246995607485,0.1258564293384552,-0.2302316576242447,-0.5023811459541321,-1.0180870294570923,-0.7167744636535645,-0.22307002544403076,0.16793298721313477,-0.232530876994133,-0.26133421063423157,-0.5867795944213867,-0.4121297001838684,-0.16011451184749603,0.14481696486473083,0.5064719787824922,-1.2502827706239623,-0.2361946108360412,-0.04146949512139163,-0.0604900224180185,0.03237544949276818,-0.29347664,-1.6765311,1.5777705,-1.7135488,-1.6522169,0.13113055,-0.29347664,-1.6765311,1.5777705,-1.7135488,-1.6522169,0.13113055,-0.2797444462776184,-1.7098222970962524,1.574935793876648,-1.6938191652297974,-1.6324700117111206,0.1258564293384552,-0.34330517,0.8322805,0.07086732,-0.49324045,-0.49367145,0.13185303,-0.4962964,6.637541832235041e-08,0.0,1.6593854580587604e-09,0.0005882349796593189,0.0002941175,1.17647,False,3,0.33910375913165475,0.0236737067686166,0.21453654962248878,0.36325352536557276,-0.002315674076326876,0.16986866452944926,0.9996169533553554,0.013218064124386366,0.008117029969434846,-0.022920921863724058,0.21651419,0.21151058,0.18445662,0.25974393328132767,4.1413004510104656e-05,0.0001143409899668768,0.0005383480020100251,0.0003517469885991886,0.00017603300511837006,0.00010861799819394946,0.0016610879974905401,0.018163954999181442,0.019825042996671982,50.44125251924394,0
99,2.0001242440048372,-0.2817896048175257,-1.7052909336485804,1.5751422087298792,-1.6966210804381312,-1.6354625860797327,0.12656310200691223,-0.1950771063566208,-0.545752227306366,-0.9359394311904907,-0.7634406089782715,-0.21436716616153717,0.1654796302318573,-0.2315245270729065,-0.267422616481781,-0.5873726010322571,-0.41214147210121155,-0.159254789352417,0.14492899179458618,0.40450437606674494,-1.2736486567018062,-0.3381624035186421,-0.04883267721962366,-0.056533875628948044,0.030392606335162817,-0.29471102,-1.6718919,1.5785009,-1.7161503,-1.6540269,0.13197961,-0.29471102,-1.6718919,1.5785009,-1.7161503,-1.6540269,0.13197961,-0.2817896008491516,-1.7052909135818481,1.57514226436615,-1.696621060371399,-1.6354626417160034,0.12656310200691223,-0.32303566,0.8349747,0.083964415,-0.488232,-0.46410564,0.13541272,-0.49432433,5.531284860195867e-08,0.0,1.382821215048967e-09,0.0005882349796593189,0.0002941175,1.17647,False,3,0.3397357231888682,0.022073631202538548,0.2134567481253473,0.36322977740669987,-0.0022850736415650527,0.1698632347871873,0.9996126632671958,0.0133057881761872,0.008386607456683232,-0.022960749298503724,0.21651419,0.21151058,0.18445662,0.2597056313432307,4.2643005144782364e-05,0.0001190229959320277,0.0005126109899720177,0.00029689300572499633,0.0001558799995109439,9.843599400483072e-05,0.001541933001135476,0.018285496000316925,0.0198274290014524,50.43518249021332,0
100,2.0201046020083595,-0.28378183046449834,-1.7006832561888636,1.5754125753985804,-1.69938387493276,-1.6383636633502405,0.12722620368003845,-0.2167990356683731,-0.5479604601860046,-0.8542343974113464,-0.8165916204452515,-0.19648779928684235,0.16762587428092957,-0.23221945762634277,-0.27368494868278503,-0.5895677804946899,-0.41292423009872437,-0.15858244895935059,0.14496715366840363,0.5160591162641305,-1.2213962016724,-0.3550729831395874,-0.053163141690387404,-0.06514316661792781,0.03196947468382177,-0.29627615,-1.6672513,1.5792744,-1.7185762,-1.6560549,0.13267525,-0.29627615,-1.6672513,1.5792744,-1.7185762,-1.6560549,0.13267525,-0.28378182649612427,-1.7006832361221313,1.575412631034851,-1.6993838548660278,-1.6383637189865112,0.12722620368003845,-0.31235832,0.83579755,0.09654486,-0.4798079,-0.44227827,0.13622598,-0.4918213,4.609404050163223e-08,0.0,1.1523510125408058e-09,0.0005882349796593189,0.0002941175,1.17647,False,3,0.34034865873147085,0.020515533834397765,0.21232026466204104,0.3632440811203374,-0.0022772654251237657,0.1699151941987144,0.9996191750004972,0.012854081925767098,0.008602280761023567,-0.022854422131012832,0.21651419,0.21151058,0.18445662,0.25970437004364777,4.1230989154428244e-05,0.00011694799468386918,0.0004939830105286092,0.00024989100347738713,0.00015425999299623072,0.00010046300303656608,0.0014721300103701651,0.0183396479988005,0.019811778009170666,50.47502548923728,0
101,2.0401047360064695,-0.2856982390033167,-1.696073671380514,1.575721565877096,-1.7021476231017054,-1.6411531607257288,0.1279723346233368,-0.2280329018831253,-0.5708624720573425,-0.8488324284553528,-0.7876453399658203,-0.2042536437511444,0.15803515911102295,-0.22669140994548798,-0.2800779342651367,-0.5893669724464417,-0.41286173462867737,-0.1564568281173706,0.1458958238363266,0.48748220636686884,-1.1360942172365243,-0.25663815815210017,-0.042792551118104954,-0.05884918458818169,0.030549777080702518,-0.29780066,-1.6626691,1.5800407,-1.7209347,-1.658021,0.13344467,-0.29780066,-1.6626691,1.5800407,-1.7209347,-1.658021,0.13344467,-0.2856982350349426,-1.6960736513137817,1.5757216215133667,-1.7021476030349731,-1.6411532163619995,0.1279723346233368,-0.30256033,0.8351144,0.107975625,-0.4696786,-0.4216929,0.13680819,-0.48893642,3.8411700418026863e-08,0.0,9.602925104506716e-10,0.0005882349796593189,0.0002941175,1.17647,False,3,0.3409516592816041,0.019009654543941056,0.21116504283457146,0.363297602164799,-0.0023045280570391383,0.16990687230593068,0.9996195634093716,0.013030788727120367,0.008674184926163645,-0.022708218103825215,0.21651419,0.21151058,0.18445662,0.25975751891822735,5.7590004871599376e-05,0.00012354299542494118,0.0005054049979662523,0.0002912399941124022,0.00015488699136767536,9.865500032901764e-05,0.0016152620082721114,0.018179753998992965,0.019795016007265076,50.51776667586349,0
102,2.060090915998444,-0.28753501573671514,-1.6914602718748988,1.576209847127096,-1.7048694096007289,-1.6437714735614222,0.1287110596895218,-0.25262191891670227,-0.5029836893081665,-0.8357884883880615,-0.8251956701278687,-0.18303139507770538,0.18693381547927856,-0.22663161158561707,-0.285224586725235,-0.5884710550308228,-0.4120701253414154,-0.15519674122333527,0.14569588005542755,0.421613135870942,-1.521669248235689,-0.4703157172026209,-0.055091746017594236,-0.05450638363312203,0.02945564440318688,-0.29916155,-1.6581023,1.5809662,-1.7233894,-1.659714,0.13420701,-0.29916155,-1.6581023,1.5809662,-1.7233894,-1.659714,0.13420701,-0.28753501176834106,-1.6914602518081665,1.5762099027633667,-1.7048693895339966,-1.6437715291976929,0.1287110596895218,-0.29066342,0.8339493,0.11890945,-0.46299905,-0.39856094,0.13739878,-0.48554295,3.200975034835572e-08,0.0,8.00243758708893e-10,0.0005882349796593189,0.0002941175,1.17647,False,3,0.3415159594257648,0.01758079206826746,0.20993376909419437,0.3632966570051157,-0.002298246484371598,0.16994675307534424,0.999625836163711,0.012466917640287808,0.008568839237960552,-0.022790211593040642,0.21651419,0.21151058,0.18445662,0.2597495834405173,0.0001391680125379935,0.00011939799878746271,0.0005767219990957528,0.0003799149999395013,0.00017498699889983982,0.00014437099162023515,0.0018996440048795193,0.017834735990618356,0.019734379995497875,50.672987964564186,0
103,2.080093370997929,-0.2893107573138636,-1.6868564091124476,1.5767362753497522,-1.7075721226134242,-1.646273438130514,0.12948118150234222,-0.22249728441238403,-0.5477105379104614,-0.8266843557357788,-0.7862319946289062,-0.24995875358581543,0.16554945707321167,-0.22789429128170013,-0.29163023829460144,-0.5884710550308228,-0.41130179166793823,-0.15488874912261963,0.14553169906139374,0.5341719866178304,-1.6707481872390868,-0.3565043234153059,-0.06251827842933921,-0.053026338531886846,0.034242958957747476,-0.30037767,-1.6535819,1.5821552,-1.7255182,-1.6611251,0.13500297,-0.30037767,-1.6535819,1.5821552,-1.7255182,-1.6611251,0.13500297,-0.2893107533454895,-1.6868563890457153,1.576736330986023,-1.707572102546692,-1.6462734937667847,0.12948118150234222,-0.2766732,0.8318634,0.13547237,-0.44865292,-0.37129027,0.13804457,-0.48108146,2.66747919569631e-08,0.0,6.668697989240775e-10,0.0005882349796593189,0.0002941175,1.17647,False,3,0.3420668098168455,0.016202121416278872,0.20868450164779623,0.3633225828993497,-0.0023023567679816516,0.16994229085463106,0.9996273776306651,0.012739062652859644,0.008819268708942098,-0.02247387624721491,0.21651419,0.21151058,0.18445662,0.2597678672631671,5.776400212198496e-05,0.0001827320083975792,0.0006246029952308163,0.0003160299966111779,0.00026941999385599047,0.0001296359987463802,0.0022011990076862276,0.017559117986820638,0.019760316994506866,50.60647560856378,0
104,2.1000923289975617,-0.29101497331728154,-1.6822339497008265,1.5772774855243128,-1.710198541680807,-1.648672882710592,0.13023927807807922,-0.1983661651611328,-0.5811559557914734,-0.8371846675872803,-0.7911419868469238,-0.20710651576519012,0.16750115156173706,-0.22739098966121674,-0.2979010343551636,-0.5879493951797485,-0.4110894799232483,-0.15396110713481903,0.1455184668302536,0.3523917205368657,-1.0522055457113086,-0.4464281685444252,-0.043711478777788,-0.055774969752533515,0.026876454204261605,-0.30149335,-1.649082,1.5833043,-1.7275785,-1.6623905,0.13577788,-0.30149335,-1.649082,1.5833043,-1.7275785,-1.6623905,0.13577788,-0.29101496934890747,-1.6822339296340942,1.5772775411605835,-1.7101985216140747,-1.6486729383468628,0.13023927807807922,-0.26195922,0.8288008,0.15066874,-0.43450102,-0.34293717,0.1384648,-0.47579944,2.222899329746925e-08,0.0,5.557248324367313e-10,0.0005882349796593189,0.0002941175,1.17647,False,3,0.3425975898316211,0.014876026677235869,0.20740850581791212,0.3633381068100182,-0.002307861077662974,0.16994985075189686,0.9996377562571301,0.012134806403000154,0.00808924026791589,-0.022620291967323243,0.21651419,0.21151058,0.18445662,0.2597807491009594,5.723000504076481e-05,0.00013967699487693608,0.0006191650027176365,0.0003203230007784441,0.0001933839957928285,0.00010454500443302095,0.0017896599892992526,0.018014891000348143,0.019804550989647396,50.49344468969474,0
105,2.1200902560085524,-0.29264718690981084,-1.677584787408346,1.577914063130514,-1.7127586803831996,-1.650947395955221,0.1309937983751297,-0.2706455588340759,-0.6007379293441772,-0.8341558575630188,-0.7677462697029114,-0.21409481763839722,0.19000189006328583,-0.22514496743679047,-0.3041006326675415,-0.5857463479042053,-0.40985655784606934,-0.1522281914949417,0.14559580385684967,0.35563934722680185,-1.2937423348480197,-0.28452918913967756,-0.04782974063225718,-0.05392058413089146,0.029896300416776878,-0.30299813,-1.6446071,1.5844814,-1.7296846,-1.6638923,0.1364323,-0.30299813,-1.6446071,1.5844814,-1.7296846,-1.6638923,0.1364323,-0.29264718294143677,-1.6775847673416138,1.5779141187667847,-1.7127586603164673,-1.6509474515914917,0.1309937983751297,-0.2587736,0.82444173,0.16418202,-0.4231483,-0.32362065,0.13596258,-0.47127494,1.8524161081224378e-08,0.0,4.6310402703060947e-10,0.0005882349796593189,0.0002941175,1.17647,False,3,0.34309804693979845,0.013611611409112153,0.20607583803850477,0.36334243996137844,-0.0023749560447671775,0.169898834526036,0.9996506946626252,0.011388489365428115,0.0074952640522749385,-0.022641677370592764,0.21651419,0.21151058,0.18445662,0.2598412776891103,5.767401307821274e-05,0.00013285799650475383,0.0006110770045779645,0.00032636700780130923,0.0001966620038729161,0.00010611300240270793,0.0017797769978642464,0.018037026005913503,0.01981680300377775,50.46222641509664,0
106,2.140090372005943,-0.29418832460512334,-1.672957559625143,1.578648869191305,-1.7152515850462855,-1.6530388037311,0.13177208602428436,-0.25409621000289917,-0.6137030720710754,-0.8270808458328247,-0.7678744196891785,-0.24463480710983276,0.18760015070438385,-0.2226150780916214,-0.31067612767219543,-0.5846283435821533,-0.40856820344924927,-0.15044385194778442,0.14562615752220154,0.5419449398071745,-1.6366508217404518,-0.5390049017084357,-0.06246289644979344,-0.05959372566238624,0.030868408838281083,-0.30395678,-1.6401422,1.5858988,-1.731562,-1.6649652,0.13722028,-0.30395678,-1.6401422,1.5858988,-1.731562,-1.6649652,0.13722028,-0.29418832063674927,-1.6729575395584106,1.5786489248275757,-1.7152515649795532,-1.6530388593673706,0.13177208602428436,-0.24421117,0.82038486,0.18124695,-0.40776166,-0.29815608,0.13620482,-0.46527457,1.5436800901020316e-08,0.0,3.859200225255079e-10,0.0005882349796593189,0.0002941175,1.17647,False,3,0.3435689290248303,0.012429863969281248,0.20470010900708738,0.3633065675632708,-0.0023718792059438994,0.16964205949323727,0.9995729382751801,0.0135466573513036,0.012852162683660092,-0.022477015616437904,0.21651419,0.21151058,0.18445662,0.2598329898702075,4.13570087403059e-05,0.00012685899855569005,0.0005863249971298501,0.0003399700071895495,0.00020276100258342922,0.00010877799650188535,0.0017324070067843422,0.01809653099917341,0.019828938005957752,50.431344316046705,0
107,2.160091244004434,-0.2956793943988245,-1.6683513126769007,1.579397980366842,-1.7177349529662074,-1.6550501028644007,0.13250745832920074,-0.26226019859313965,-0.5817974805831909,-0.8344587087631226,-0.7412872910499573,-0.22503045201301575,0.17694424092769623,-0.2267119586467743,-0.3161386251449585,-0.5845038890838623,-0.4081452786922455,-0.15025828778743744,0.14523229002952576,0.33648498260698223,-1.4280480601311174,-0.49053030444827417,-0.05426368475422059,-0.050087523629570974,0.032513429923195475,-0.30517527,-1.6358,1.5870656,-1.733557,-1.6660883,0.13787195,-0.30517527,-1.6358,1.5870656,-1.733557,-1.6660883,0.13787195,-0.29567939043045044,-1.6683512926101685,1.5793980360031128,-1.717734932899475,-1.6550501585006714,0.13250745832920074,-0.23739676,0.81378174,0.19168973,-0.39555192,-0.27595413,0.1341123,-0.45817843,1.2864000750850264e-08,0.0,3.216000187712566e-10,0.0005882349796593189,0.0002941175,1.17647,False,3,0.3440303344723699,0.011285655744463725,0.20332037156572827,0.3633120908989441,-0.0024631862283038875,0.16967587299066308,0.9995866408071493,0.012804663951082018,0.011329759842659935,-0.023113647191974857,0.21651419,0.21151058,0.18445662,0.2599093491596749,4.363300104159862e-05,0.00011082299170084298,0.0005503400025190786,0.00026837800396606326,0.0001795230054995045,9.883599705062807e-05,0.001584649013238959,0.01824557599320542,0.01983022500644438,50.42807127377639,0
108,2.1800933230115334,-0.297159496937887,-1.66380037883901,1.5802810827838343,-1.7200623951353968,-1.6568921248065394,0.1332687884569168,-0.24980035424232483,-0.5812708139419556,-0.8006550669670105,-0.697880744934082,-0.2392818182706833,0.18782781064510345,-0.22411157190799713,-0.3218846321105957,-0.5831050276756287,-0.407155305147171,-0.14931312203407288,0.14520521461963654,0.6340719082071256,-1.4953102450622782,-0.3578776379622558,-0.058519800050846574,-0.05799521479715687,0.02880470441129842,-0.30603456,-1.6316046,1.5888128,-1.7347784,-1.6664754,0.13855864,-0.30603456,-1.6316046,1.5888128,-1.7347784,-1.6664754,0.13855864,-0.29715949296951294,-1.6638003587722778,1.580281138420105,-1.7200623750686646,-1.65689218044281,0.1332687884569168,-0.22187702,0.8048944,0.2132915,-0.36789975,-0.23958014,0.13224633,-0.44809014,1.0720000625708553e-08,0.0,2.680000156427138e-10,0.0005882349796593189,0.0002941175,1.17647,False,3,0.3444363452494766,0.010201909440904416,0.20188419378152364,0.3632642388670867,-0.0022839090890781084,0.169812151491299,0.9996174800723733,0.012797403872059148,0.010313843231612009,-0.022242882234590193,0.21651419,0.21151058,0.18445662,0.25972701788713043,3.806900349445641e-05,0.00010734700481407344,0.0005934580112807453,0.0002744980010902509,0.0001768609945429489,9.043900354299694e-05,0.0015887200133875012,0.01824281500012148,0.019831535013508983,50.424740158480574,0
109,2.2000970960070845,-0.29852039018739873,-1.659290452996725,1.5812614599811,-1.7223392925658167,-1.6586244742022913,0.13403531908988953,-0.22024238109588623,-0.5706651210784912,-0.8115789890289307,-0.7531365156173706,-0.23136577010154724,0.1971641331911087,-0.22456897795200348,-0.32949623465538025,-0.5846747159957886,-0.40729808807373047,-0.148490309715271,0.1449931412935257,0.7145170767739867,-1.2909742704983043,-0.37591263658493784,-0.048827348190842834,-0.06543855945430511,0.02719971331293681,-0.30723673,-1.6275332,1.5902194,-1.7367301,-1.6673703,0.1391918,-0.30723673,-1.6275332,1.5902194,-1.7367301,-1.6673703,0.1391918,-0.29852038621902466,-1.6592904329299927,1.5812615156173706,-1.7223392724990845,-1.658624529838562,0.13403531908988953,-0.21790881,0.79393125,0.22394727,-0.35976934,-0.21864434,0.1289122,-0.43927765,8.933333854757127e-09,0.0,2.2333334636892819e-10,0.0005882349796593189,0.0002941175,1.17647,False,3,0.34481002364576985,0.00919413351173503,0.2004157256070347,0.3632784931652291,-0.002313014590089032,0.16976327946006947,0.9996205813591996,0.012678111886577659,0.010693881572330479,-0.02199152421951729,0.21651419,0.21151058,0.18445662,0.2597617899124936,4.043700755573809e-05,0.00012136201257817447,0.0005631929961964488,0.00025922199711203575,0.0001659869885770604,0.00010256099631078541,0.0015628270048182458,0.018256491995998658,0.019819319000816904,50.455820402244015,0
110,2.2200893810077105,-0.29983693758119756,-1.6547476253905238,1.582257095967428,-1.7246066532530726,-1.6601875464068812,0.13477079570293427,-0.21415933966636658,-0.6163590550422668,-0.7954869866371155,-0.76334547996521,-0.19212648272514343,0.1927603930234909,-0.22111578285694122,-0.33735179901123047,-0.5823864936828613,-0.4046850800514221,-0.14586734771728516,0.1447567343711853,0.25678695607639956,-1.6685740440002752,-0.32669265646205464,-0.062164622281695434,-0.04856458017722485,0.030779605077493687,-0.30792883,-1.6233706,1.5915546,-1.7384379,-1.6675869,0.13988714,-0.30792883,-1.6233706,1.5915546,-1.7384379,-1.6675869,0.13988714,-0.2998369336128235,-1.6547476053237915,1.5822571516036987,-1.7246066331863403,-1.6601876020431519,0.13477079570293427,-0.20229708,0.78442436,0.23243791,-0.34578127,-0.18498333,0.12790856,-0.42910665,7.4444448789642725e-09,0.0,1.8611112197410682e-10,0.0005882349796593189,0.0002941175,1.17647,False,3,0.34518355310738313,0.00824186651220174,0.19892387973995748,0.3632986606916914,-0.002345905703752313,0.16971159668496055,0.9996048488748676,0.012346526305820216,0.011544530659874565,-0.022458988151506286,0.21651419,0.21151058,0.18445662,0.2598031870123558,4.679399717133492e-05,0.0001338400034001097,0.0005829239962622523,0.0002462459960952401,0.0001730599906295538,0.00015467501361854374,0.0017425829864805564,0.01805348201014567,0.019796064996626228,50.515089749928904,0
111,2.2401416720094858,-0.3011401335345667,-1.6502567730345667,1.583353344594137,-1.7267047367491664,-1.661635700856344,0.13551273941993713,-0.18485361337661743,-0.603458046913147,-0.7904903888702393,-0.7463164925575256,-0.2249833643436432,0.17211303114891052,-0.2230665236711502,-0.34700751304626465,-0.5836703777313232,-0.40513479709625244,-0.1449909657239914,0.14452201128005981,0.5791378915976357,-1.4183265486131045,-0.30951305037959215,-0.052857530150548074,-0.05743346641071931,0.028745114622505105,-0.30914378,-1.6194204,1.5931735,-1.7398812,-1.6682838,0.14043815,-0.30914378,-1.6194204,1.5931735,-1.7398812,-1.6682838,0.14043815,-0.3011401295661926,-1.6502567529678345,1.5833534002304077,-1.726704716682434,-1.6616357564926147,0.13551273941993713,-0.20009118,0.77090836,0.24550128,-0.32941043,-0.166203,0.12313532,-0.41666305,6.203704065803561e-09,0.0,1.5509260164508903e-10,0.0005882349796593189,0.0002941175,1.17647,False,3,0.34550108748607117,0.007338487439194706,0.19738625405432014,0.3633561327993012,-0.002447167022452651,0.16966938229679737,0.99957466147301,0.012626412296386268,0.012054983790050208,-0.023362164119076167,0.21651419,0.21151058,0.18445662,0.25992140933626257,4.678299592342228e-05,0.00011945200094487518,0.0005475719954119995,0.00024644299992360175,0.00020494699128903449,0.0001090059959096834,0.001581578006152995,0.018293650005944073,0.019875228012097068,50.31388819244486,0
112,2.2600872480106773,-0.3023179213153284,-1.6458336315550746,1.5845831076251429,-1.7286793194212855,-1.6629207769977015,0.13624677062034607,-0.20399390161037445,-0.5845949053764343,-0.8236080408096313,-0.7652750015258789,-0.21901942789554596,0.1829860359430313,-0.2194162756204605,-0.3541497588157654,-0.5857949256896973,-0.4062125086784363,-0.143290176987648,0.1445028930902481,0.5211819636846261,-1.3724700921561028,-0.47318155852717114,-0.053007069192544595,-0.061248166471484115,0.026773092841472064,-0.31034636,-1.6156545,1.5948377,-1.7411659,-1.6690236,0.14095008,-0.31034636,-1.6156545,1.5948377,-1.7411659,-1.6690236,0.14095008,-0.30231791734695435,-1.6458336114883423,1.5845831632614136,-1.7286792993545532,-1.6629208326339722,0.13624677062034607,-0.20071115,0.7544788,0.25636184,-0.31216452,-0.15257129,0.11758295,-0.4031501,5.169753388169634e-09,0.0,1.2924383470424086e-10,0.0005882349796593189,0.0002941175,1.17647,False,3,0.3457675883624948,0.006533162187103866,0.19580230116153385,0.3633553841970931,-0.0026387524970484513,0.1695623641950718,0.9995337003861166,0.012681295825945068,0.012895706122949217,-0.024602459000510307,0.21651419,0.21151058,0.18445662,0.2600848221932931,4.459200135897845e-05,0.00012990299728699028,0.0005588579952018335,0.0003193080046912655,0.00017364700033795089,0.00010972899326588959,0.0017061389953596517,0.01804931100923568,0.019755450004595332,50.618943115311936,0
113,2.280113672997686,-0.3035009543048304,-1.6414319477477015,1.5858519713031214,-1.7307001552977503,-1.6639917532550257,0.13695351779460907,-0.2308957576751709,-0.6017161011695862,-0.8086910843849182,-0.7645896673202515,-0.2093634009361267,0.1785418540239334,-0.2229415476322174,-0.3605749011039734,-0.5860810279846191,-0.4056444764137268,-0.14303632080554962,0.14417099952697754,-0.09106794842044802,-1.2504701054797942,-0.47690672812833734,-0.05523894146801539,-0.03701957344506166,0.03083328407928316,-0.31131986,-1.61197,1.5965282,-1.7426069,-1.6691817,0.14147197,-0.31131986,-1.61197,1.5965282,-1.7426069,-1.6691817,0.14147197,-0.3035009503364563,-1.6414319276809692,1.585852026939392,-1.730700135231018,-1.6639918088912964,0.13695351779460907,-0.19547248,0.73655087,0.26690242,-0.297669,-0.12974657,0.11296126,-0.3891151,4.308127823474695e-09,0.0,1.0770319558686738e-10,0.0005882349796593189,0.0002941175,1.17647,False,3,0.3460420431372124,0.005775491037125019,0.19421156807571013,0.3634231665129443,-0.0027007453508547906,0.16945205695283302,0.9995048330609354,0.013152277352029885,0.01362675412971631,-0.025127349127131642,0.21651419,0.21151058,0.18445662,0.2601804742067597,4.5159991714172065e-05,0.0001295730035053566,0.0005376410117605701,0.0005187880015000701,0.00019257899839431047,0.00015965000784490258,0.0019397260039113462,0.017895098993903957,0.019834824997815304,50.41637625288575,0
114,2.3000873130076798,-0.30459481874574834,-1.6371447048582972,1.587182346974508,-1.7325264416136683,-1.6649845282184046,0.13764765858650208,-0.2096175104379654,-0.6688190698623657,-0.8182291388511658,-0.791943371295929,-0.21647702157497406,0.18884381651878357,-0.22698622941970825,-0.3691878020763397,-0.5859474539756775,-0.4045996069908142,-0.1441299170255661,0.14363647997379303,0.1427564127638662,-1.4642786393047762,-0.5411732917740526,-0.0598303231243579,-0.04474391490756084,0.029446210662259168,-0.31143555,-1.6086764,1.5988283,-1.7429128,-1.6680019,0.1420015,-0.31143555,-1.6086764,1.5988283,-1.7429128,-1.6680019,0.1420015,-0.30459481477737427,-1.637144684791565,1.5871824026107788,-1.732526421546936,-1.6649845838546753,0.13764765858650208,-0.17101829,0.71170586,0.29114673,-0.25965822,-0.07543211,0.108845815,-0.36706382,3.5901065195622456e-09,0.0,8.975266298905615e-11,0.0005882349796593189,0.0002941175,1.17647,False,3,0.3462569915518699,0.005085595983245084,0.192607770043392,0.36332431099515766,-0.0023583228238522446,0.1697822724313483,0.9996077955542129,0.01372773040514656,0.008795601379741556,-0.02276973281320933,0.21651419,0.21151058,0.18445662,0.2598238993135441,6.155000301077962e-05,0.00015544499910902232,0.000669961009407416,0.0004098659992450848,0.0003326029982417822,0.00013078100164420903,0.002185484001529403,0.017466201999923214,0.019651686001452617,50.88621912267893,0
115,2.3201101570011815,-0.3057330290423792,-1.6328946552672328,1.5885723272906702,-1.7342740497984828,-1.6658666769610804,0.13830648362636566,-0.19983211159706116,-0.6252838969230652,-0.8590803146362305,-0.8107927441596985,-0.21279790997505188,0.19144906103610992,-0.22680021822452545,-0.3775584399700165,-0.5861319899559021,-0.40451672673225403,-0.1431906521320343,0.14331093430519104,0.30192223675599766,-1.557014121692914,-0.2834639810081297,-0.061731826674335216,-0.04960242761149769,0.028796993683031305,-0.3124494,-1.605703,1.6011642,-1.743301,-1.6676072,0.14229602,-0.3124494,-1.605703,1.6011642,-1.743301,-1.6676072,0.14229602,-0.3057330250740051,-1.6328946352005005,1.588572382926941,-1.7342740297317505,-1.665866732597351,0.13830648362636566,-0.16790953,0.67979205,0.3147965,-0.22567423,-0.0435104,0.09973834,-0.34319517,2.9917554329685384e-09,0.0,7.479388582421346e-11,0.0005882349796593189,0.0002941175,1.17647,False,3,0.34644255883116637,0.004416272046420564,0.1909814100833355,0.3633656360965633,-0.002299231016909778,0.1698760350785285,0.9996336433736563,0.012861272130397122,0.008085975450483274,-0.02240029285937618,0.21651419,0.21151058,0.18445662,0.25979333886999867,5.712600250262767e-05,0.00016143701213877648,0.000636800003121607,0.0002953509974759072,0.00015543699555564672,0.00011465200805105269,0.001866152000729926,0.017925145002664067,0.019791297003393993,50.52725952364369,0
116,2.3401006700005382,-0.3067978064166468,-1.6288467846312464,1.590022389088766,-1.735993047753805,-1.6666367689715784,0.1389530748128891,-0.17942243814468384,-0.6248247623443604,-0.7937008738517761,-0.7780230641365051,-0.21500535309314728,0.18149803578853607,-0.21354857087135315,-0.3890470862388611,-0.5823404788970947,-0.4006079137325287,-0.13724124431610107,0.14319056272506714,-0.019287098689008245,-1.3364077533341208,-0.20613826921869396,-0.05737308254633345,-0.036738964868397214,0.029856596204412347,-0.31314692,-1.6030647,1.6034945,-1.7438761,-1.6672063,0.14264525,-0.31314692,-1.6030647,1.6034945,-1.7438761,-1.6672063,0.14264525,-0.3067978024482727,-1.6288467645645142,1.5900224447250366,-1.7359930276870728,-1.6666368246078491,0.1389530748128891,-0.15872763,0.64455336,0.3368029,-0.19707705,-0.014235952,0.09230461,-0.31853226,2.493129527473782e-09,0.0,6.232823818684455e-11,0.0005882349796593189,0.0002941175,1.17647,False,3,0.3466024359281991,0.003807463202037984,0.1893935132437083,0.3633495364180817,-0.0023148591634685528,0.16986589910862848,0.9996295965603734,0.013257999528031066,0.008281545944586941,-0.022277102263671432,0.21651419,0.21151058,0.18445662,0.2597976702821255,3.920099698007107e-05,0.00011654000263661146,0.0004923919914290309,0.00027314700128044933,0.00015962100587785244,0.00010486200335435569,0.0015141259937081486,0.018304438999621198,0.019818564993329346,50.45774001985442,0
117,2.3600767650059424,-0.30784494081606084,-1.6247955761351527,1.5915678183185022,-1.7375761471190394,-1.6671884695636194,0.1395605504512787,-0.22103150188922882,-0.6953085064888,-0.7927470207214355,-0.7951605319976807,-0.2090257704257965,0.1789657175540924,-0.21483422815799713,-0.40115639567375183,-0.5796536207199097,-0.3971746563911438,-0.13426148891448975,0.1424517035484314,-0.13231807003349924,-1.310404628757792,-0.17331003971628522,-0.05791619115366431,-0.030635439366091567,0.02865668495115538,-0.31445447,-1.6008025,1.6054794,-1.7448803,-1.6671914,0.1428031,-0.31445447,-1.6008025,1.6054794,-1.7448803,-1.6671914,0.1428031,-0.30784493684768677,-1.6247955560684204,1.591567873954773,-1.7375761270523071,-1.6671885251998901,0.1395605504512787,-0.16523792,0.5998243,0.3477863,-0.18260495,-7.18534e-05,0.08106367,-0.29066443,2.077607939561485e-09,0.0,5.194019848903713e-11,0.0005882349796593189,0.0002941175,1.17647,False,3,0.3467237886316722,0.003270488348248529,0.18774824650489674,0.363300494628019,-0.0023976028509046722,0.16996302002847288,0.9996377531093404,0.012150516561269949,0.008310661764168005,-0.022532101245164388,0.21651419,0.21151058,0.18445662,0.25983263327490896,4.103800165466964e-05,0.00016005699581000954,0.0005219140002736822,0.00031227800354827195,0.00024817799567244947,0.0001278990093851462,0.0017523250135127455,0.018057370994938537,0.019809696008451283,50.48033041866854,0
118,2.3801300339982845,-0.30879289308656865,-1.6209360561766566,1.5932772795306605,-1.738875528375143,-1.6675594488727015,0.14014753699302673,-0.22540602087974548,-0.6818522810935974,-0.8399258852005005,-0.7868870496749878,-0.19004377722740173,0.16947855055332184,-0.21474170684814453,-0.4157524108886719,-0.5795677304267883,-0.3967924416065216,-0.13403287529945374,0.14183801412582397,-0.14155225929084764,-1.2020328134575764,-0.3211419503461034,-0.05273438074571834,-0.026475870664301855,0.029631709474332104,-0.31514704,-1.5988784,1.6075585,-1.745254,-1.666611,0.1430392,-0.31514704,-1.5988784,1.6075585,-1.745254,-1.666611,0.1430392,-0.3087928891181946,-1.6209360361099243,1.5932773351669312,-1.7388755083084106,-1.6675595045089722,0.14014753699302673,-0.15885396,0.5514426,0.3570283,-0.15946355,0.023712598,0.072291665,-0.25971457,1.731339949634571e-09,0.0,4.328349874086428e-11,0.0005882349796593189,0.0002941175,1.17647,False,3,0.3467527180074758,0.0028416049646414025,0.1860686791083913,0.3632798796494801,-0.0023982347862496083,0.16994275000825038,0.9996386364541179,0.012019841469535159,0.007866877811388057,-0.02272005492010552,0.21651419,0.21151058,0.18445662,0.25982263966186875,4.288701165933162e-05,0.00011774900485761464,0.0004977330099791288,0.0002854599879356101,0.00015884300228208303,0.00021575301070697606,0.0016483820072608069,0.018236788993817754,0.01988517100107856,50.28873022745243,0
119,2.4001300130039454,-0.3096659819232386,-1.6172639332213343,1.5950668493853968,-1.7400676212706507,-1.6676600615130823,0.14064311981201172,-0.20467785000801086,-0.671359658241272,-0.8327868580818176,-0.7711016535758972,-0.17243658006191254,0.17319035530090332,-0.2227659523487091,-0.43069523572921753,-0.5842042565345764,-0.3998236060142517,-0.07080113887786865,0.14103133976459503,0.034620002777659746,-1.502136980765937,-0.5896716727318236,-0.06133864902472373,-0.03956400061922398,0.027932842054952868,-0.31572288,-1.597502,1.6105247,-1.7443955,-1.6655778,0.14306433,-0.31572288,-1.597502,1.6105247,-1.7443955,-1.6655778,0.14306433,-0.3096659779548645,-1.617263913154602,1.5950669050216675,-1.7400676012039185,-1.667660117149353,0.14064311981201172,-0.15142298,0.49404806,0.3864439,-0.10819781,0.052057616,0.060530514,-0.22275777,1.4427832913621425e-09,0.0,3.6069582284053566e-11,0.0005882349796593189,0.0002941175,1.17647,False,3,0.34674932081811244,0.002515761921324123,0.18440385886498123,0.36323790984634174,-0.002391297360559031,0.16992919324320344,0.9996306419995258,0.012200967640325635,0.008072587777399857,-0.022902725688873936,0.21651419,0.21151058,0.18445662,0.2597939802780558,4.095499753020704e-05,0.00011833000462502241,0.0005149929929757491,0.0002925289882114157,0.00015745199925731868,0.00010228800238110125,0.001543118996778503,0.018281272001331672,0.019824390998110175,50.44291146675468,0
120,2.420127849007258,-0.31057435670961553,-1.6137668095030726,1.5969403425799769,-1.7410832844176234,-1.6676600615130823,0.14115312695503235,-0.2048555165529251,-0.7608029842376709,-0.8341286778450012,-0.7924817800521851,-0.1355297714471817,0.17474833130836487,-0.22118335962295532,-0.4458563029766083,-0.5880705714225769,-0.40085941553115845,0.00520497839897871,0.14054585993289948,-0.1461158220669353,-1.7141757020219093,-0.7025572029779613,-0.0660107361319872,-0.028897553631939996,0.03033539848325982,-0.31602928,-1.5968275,1.6132947,-1.7437872,-1.6639057,0.14314428,-0.31602928,-1.5968275,1.6132947,-1.7437872,-1.6639057,0.14314428,-0.31057435274124146,-1.6137667894363403,1.5969403982162476,-1.7410832643508911,-1.667660117149353,0.14115312695503235,-0.13637285,0.42348245,0.40885738,-0.06759637,0.093859434,0.04977871,-0.18123235,1.2023194094684522e-09,0.0,3.005798523671131e-11,0.0005882349796593189,0.0002941175,1.17647,False,3,0.3466868157742186,0.00222153182336415,0.18274393731008398,0.3632283458077192,-0.0022629431281135184,0.16994044855662438,0.9996301085195135,0.012907619548218506,0.007829420357844159,-0.022621730632997387,0.21651419,0.21151058,0.18445662,0.25968227681917216,4.1736013372428715e-05,0.0001197340025100857,0.0005094740045024082,0.0003476999991107732,0.0001799549936549738,9.719800436869264e-05,0.0016182349936570972,0.018203965009888634,0.01982220000354573,50.44848704084931,0
121,2.4401039680087706,-0.31149369875063115,-1.6106835804381312,1.5989039579974573,-1.7420431576170863,-1.6676600615130823,0.14156867563724518,-0.21361148357391357,-0.7076380848884583,-0.8382003903388977,-0.741889238357544,-0.0038685640320181847,0.17385166883468628,-0.2160421907901764,-0.4597618877887726,-0.5842344164848328,-0.3956613540649414,0.0915837287902832,0.13981175422668457,-0.4516365009622175,-1.349631701358058,-0.36033443330139736,-0.054571851213463196,-0.021780393590963013,0.030726516656776625,-0.31678984,-1.5968457,1.6162512,-1.7430202,-1.6627377,0.14299224,-0.31678984,-1.5968457,1.6162512,-1.7430202,-1.6627377,0.14299224,-0.3114936947822571,-1.610683560371399,1.598904013633728,-1.742043137550354,-1.667660117149353,0.14156867563724518,-0.13240317,0.34594458,0.4336802,-0.02442582,0.12306028,0.035589296,-0.13719308,1.0019328412237102e-09,0.0,2.5048321030592758e-11,0.0005882349796593189,0.0002941175,1.17647,False,3,0.3465746725019448,0.0019395249373937232,0.18118373982712932,0.36316434978104495,-0.0023979062532972703,0.1698828351867741,0.9996105012344347,0.012766736401288633,0.008538213199336838,-0.023301567358187867,0.21651419,0.21151058,0.18445662,0.2597604820106392,3.954100247938186e-05,0.00011693600390572101,0.0004867910029133782,0.00029251701198518276,0.00015822899877093732,0.00017766199016477913,0.00158795400056988,0.018220691999886185,0.019808646000456065,50.483006257821785,0
122,2.4601298780034995,-0.31235057512392217,-1.607758184472555,1.6010058561908167,-1.7427922687926234,-1.667457405720846,0.14192798733711243,-0.15608392655849457,-0.6830846667289734,-0.8218452334403992,-0.7118147015571594,0.06619950383901596,0.1765715628862381,-0.20785574615001678,-0.4799369275569916,-0.5833084583282471,-0.3923574388027191,0.14204566180706024,0.13928426802158356,-0.3331521101434391,-1.2819516582440855,-0.25632414881952553,-0.05430730694206468,-0.022757175515389704,0.029640020569412666,-0.3172331,-1.5976892,1.6191678,-1.7421252,-1.6614735,0.14277932,-0.3172331,-1.5976892,1.6191678,-1.7421252,-1.6614735,0.14277932,-0.3123505711555481,-1.6077581644058228,1.6010059118270874,-1.7427922487258911,-1.6674574613571167,0.14192798733711243,-0.12206261,0.25172535,0.45404646,0.016678853,0.14959954,0.021283342,-0.08530067,8.34944034353092e-10,0.0,2.08736008588273e-11,0.0005882349796593189,0.0002941175,1.17647,False,3,0.34639445761969145,0.0017515106538798682,0.17959893455772924,0.3631378587828014,-0.0023589007182648683,0.1698778766552442,0.9995981399663669,0.013133869588932654,0.008097348774596188,-0.023780045478609957,0.21651419,0.21151058,0.18445662,0.2597136841650587,4.050199640914798e-05,0.00014528899919241667,0.0005585899925790727,0.0003152999997837469,0.0002516670065233484,0.00012751200119964778,0.0017761199997039512,0.018074873005389236,0.019850993005093187,50.375313705638256,0
123,2.4801301830011653,-0.31313926378359014,-1.605232378045553,1.603187386189596,-1.7433039150633753,-1.6670745054828089,0.14223936200141907,-0.18939276039600372,-0.8213756680488586,-0.8158450722694397,-0.7300110459327698,0.09599902480840683,0.17123696208000183,-0.208206444978714,-0.5004096031188965,-0.5837492942810059,-0.3913547694683075,0.1438845843076706,0.13844028115272522,-0.3040177371379663,-1.270173890540437,-0.5364208073823586,-0.062207772909195366,-0.026841095426200785,0.02921289009341465,-0.31774417,-1.5993519,1.6221329,-1.7411531,-1.6600367,0.14244324,-0.31774417,-1.5993519,1.6221329,-1.7411531,-1.6600367,0.14244324,-0.31313925981521606,-1.6052323579788208,1.6031874418258667,-1.743303894996643,-1.6670745611190796,0.14223936200141907,-0.11512289,0.14701071,0.4736351,0.05376933,0.17594771,0.0050970856,-0.030847121,6.957866952942434e-10,0.0,1.7394667382356086e-11,0.0005882349796593189,0.0002941175,1.17647,False,3,0.34614500354509437,0.0016544989274681066,0.17808688597089717,0.3631265296132378,-0.002379205406260218,0.16989362102227049,0.9995941821526039,0.013457355476180674,0.008290715786280737,-0.023697824709047157,0.21651419,0.21151058,0.18445662,0.25972312627569805,4.020499181933701e-05,0.00011516199447214603,0.0004951640003127977,0.00031689900788478553,0.00015894499665591866,0.00010009000834543258,0.001539930992294103,0.018293535002158023,0.019833465994452126,50.41983081926895,0
124,2.500133776004077,-0.31385547319521123,-1.6031094990172328,1.6055167357074183,-1.7435561619200648,-1.6664727369891565,0.14247538149356842,-0.20514719188213348,-0.8067094683647156,-0.8156197667121887,-0.6857051253318787,0.1121438592672348,0.17745625972747803,-0.20553022623062134,-0.5247521996498108,-0.5864479541778564,-0.36172786355018616,0.14429333806037903,0.13746723532676697,-0.7293939965066739,-1.3015653236457245,-0.5860506555529971,-0.05180271024148025,-0.010941676988825491,0.030254221038179138,-0.31780985,-1.6014621,1.6251782,-1.7395042,-1.6583505,0.14207205,-0.31780985,-1.6014621,1.6251782,-1.7395042,-1.6583505,0.14207205,-0.31385546922683716,-1.6031094789505005,1.605516791343689,-1.7435561418533325,-1.6664727926254272,0.14247538149356842,-0.09885973,0.04118373,0.49153608,0.10129891,0.20305932,-0.010083286,0.028536228,0.003804831041562739,0.000570724569261074,9.512077603906848e-05,0.0005882349796593189,0.0002941175,1.17647,False,3,0.3458115583190095,0.001664521175301168,0.1766227667820252,0.36305119747266246,-0.002356529861559338,0.16979666071906957,0.9995833016457886,0.01344885975458236,0.00810979819552103,-0.02421839914248476,0.21651419,0.21151058,0.18445662,0.2596673884016373,4.000699846073985e-05,0.0001169419992947951,0.0004938260099152103,0.00027571400278247893,0.00015918600547593087,0.00017654000839684159,0.0015905140026006848,0.018244028993649408,0.019834542996250093,50.41709305775583,0
125,2.520133206009632,-0.3145673910724085,-1.6013909778990687,1.6079757849322718,-1.743516584435934,-1.6656907240497034,0.14259138703346252,-0.20808443427085876,-0.7947834730148315,-0.8557555675506592,-0.5599067807197571,0.12695792317390442,0.17039260268211365,-0.20395708084106445,-0.5490261316299438,-0.5899545550346375,-0.2135511338710785,0.1450052559375763,0.08126256614923477,-0.6234621355152562,-1.3115108292679933,-0.8910869730163651,-0.06439596616408232,-0.018240985012503878,0.029121054365591273,-0.3176069,-1.6042358,1.6279659,-1.7376254,-1.6560754,0.14159489,-0.3176069,-1.6042358,1.6279659,-1.7376254,-1.6560754,0.14159489,-0.3145673871040344,-1.6013909578323364,1.6079758405685425,-1.7435165643692017,-1.6656907796859741,0.14259138703346252,-0.075987875,-0.071121186,0.4997512,0.14727908,0.24038501,-0.024912557,0.092279986,0.019279521069318205,0.0024163242802023887,0.0004819880267329552,0.0005882349796593189,0.0002941175,1.17647,False,3,0.34538908850871064,0.0017502872707227217,0.1752107401528595,0.36339991169658875,-0.0023300755246056116,0.17002498106070021,0.9996657196217267,0.011308525758469036,0.007902740334288453,-0.021865231544186195,0.21651419,0.21151058,0.18445662,0.2598297834244507,4.190400068182498e-05,0.00011714801075868309,0.0004943809908581898,0.000361678990884684,0.0001803479972295463,0.0001063109957613051,0.0016329380014212802,0.018201625003712252,0.019834563005133532,50.41704219756102,0
126,2.540104738000082,-0.3152425924884241,-1.6003548107542933,1.6104901472674769,-1.7433306179442347,-1.664811913167135,0.14263460040092468,-0.1847257763147354,-0.8151767253875732,-0.7800825834274292,-0.483538419008255,0.12396171689033508,0.15846678614616394,-0.19777043163776398,-0.5669519305229187,-0.5914925336837769,-0.12710577249526978,0.14650560915470123,0.020552799105644226,-0.5652352766086293,-1.2123905750623618,-0.6317324930208614,-0.05209477282441661,-0.014297315501653599,0.02888323049342178,-0.31750014,-1.607413,1.6311793,-1.7354889,-1.6541146,0.14101334,-0.31750014,-1.607413,1.6311793,-1.7354889,-1.6541146,0.14101334,-0.31524258852005005,-1.600354790687561,1.6104902029037476,-1.7433305978775024,-1.6648119688034058,0.14263460040092468,-0.05643881,-0.17645544,0.517227,0.196043,0.26743475,-0.04053149,0.15178984,0.05241374196392806,0.005452121160924434,0.0013103435490982016,0.0005882349796593189,0.0002941175,1.17647,False,3,0.34491212931155807,0.0018912196823172474,0.17398692010980765,0.3634063911355241,-0.0023666586577673005,0.17002274686877247,0.999663283659925,0.011616670806022479,0.008059860258819518,-0.02175738746607248,0.21651419,0.21151058,0.18445662,0.25986367892147777,4.0345010347664356e-05,0.00011651199019979686,0.0004996939969714731,0.00034294198849238455,0.00017523700080346316,9.918899741023779e-05,0.0015911219961708412,0.018213172996183857,0.0198042949923547,50.494097385746,0
127,2.560131778009236,-0.31582719484438115,-1.599863668481344,1.6130889097796839,-1.7429763279356898,-1.66371995607485,0.14260010421276093,-0.15800045430660248,-0.8392209410667419,-0.7804905772209167,-0.38513877987861633,0.13247302174568176,0.10537824779748917,-0.189356729388237,-0.5824477672576904,-0.5949106216430664,-0.12535086274147034,0.14968416094779968,-0.03986818343400955,-0.7428982293640322,-1.009054813275376,-0.5192715697985048,-0.04939813457623637,-0.010012330907698163,0.027790263057307894,-0.31752026,-1.6104741,1.6339346,-1.7340511,-1.6522855,0.14040412,-0.31752026,-1.6104741,1.6339346,-1.7340511,-1.6522855,0.14040412,-0.3158271908760071,-1.5998636484146118,1.6130889654159546,-1.7429763078689575,-1.6637200117111206,0.14260010421276093,-0.04232701,-0.26526138,0.52114,0.2231303,0.28586382,-0.054899603,0.2042339,0.10725677933777795,0.009536799155175685,0.002681419483444449,0.0005882349796593189,0.0002941175,1.17647,False,3,0.3443835123718874,0.002133901279818582,0.17289094228549573,0.363367656489401,-0.0023429732774476715,0.16996130052422723,0.9996504480647058,0.011599315073731296,0.008695857913937318,-0.02210987518829304,0.21651419,0.21151058,0.18445662,0.25982571103299495,4.0883998735807836e-05,0.0001467300025979057,0.000514388011652045,0.0003181990032317117,0.00025391300732735544,0.0001807649969123304,0.0018068610079353675,0.018048821002594195,0.019855682010529563,50.36341735678962,0
128,2.580102560998057,-0.3163259665118616,-1.5999523601927699,1.6158655325519007,-1.7422410450377406,-1.6625097433673304,0.1426072120666504,-0.16962680220603943,-1.0884958505630493,-0.8249312043190002,-0.39091241359710693,0.13725535571575165,0.0039365701377391815,-0.18623055517673492,-0.9987285733222961,-0.5939688682556152,-0.12299022078514099,0.15149566531181335,-0.10154810547828674,-0.37074719148700425,-1.070079417356875,-0.8070991635313395,-0.05683794141594118,-0.02210565371158514,0.023147490262418614,-0.31731397,-1.6133915,1.6366172,-1.7325606,-1.6503526,0.13994455,-0.31731397,-1.6133915,1.6366172,-1.7325606,-1.6503526,0.13994455,-0.31632596254348755,-1.5999523401260376,1.6158655881881714,-1.7422410249710083,-1.662509799003601,0.1426072120666504,-0.024700375,-0.3359793,0.51879114,0.24200867,0.303931,-0.06656655,0.2501175,0.18630831189027613,0.014539149366319178,0.004657707797256903,0.0005882349796593189,0.0002941175,1.17647,False,3,0.3437321587363887,0.002476364683344761,0.17187910708836462,0.3633524764436913,-0.002337887746295555,0.17002545290435941,0.9996502055551436,0.011677579004393515,0.008085575215449538,-0.022310596200736648,0.21651419,0.21151058,0.18445662,0.2598093744746258,3.8468002458103e-05,0.00011899200035259128,0.0005971500067971647,0.0003104579955106601,0.00016527099069207907,0.0001040539937093854,0.001651925005717203,0.018143747991416603,0.019795672997133806,50.51609006396443,0
129,2.6000956740026595,-0.3166912237750452,-1.6006776295103968,1.6187122503863733,-1.7412911854186,-1.6610983053790491,0.14247536659240723,-0.19509291648864746,-1.1969348192214966,-0.8005586862564087,-0.3878282904624939,0.15036353468894958,-0.0999406948685646,-0.18936687707901,-0.9944629669189453,-0.5943048000335693,-0.1238493025302887,0.15139512717723846,-0.14481490850448608,-1.028039803494753,-1.0922479076519698,-0.5829701719088427,-0.055425280069501655,0.007295893458718417,0.015439561911785863,-0.317344,-1.6160278,1.6393656,-1.7314668,-1.6485052,0.13943711,-0.317344,-1.6160278,1.6393656,-1.7314668,-1.6485052,0.13943711,-0.31669121980667114,-1.6006776094436646,1.618712306022644,-1.7412911653518677,-1.6610983610153198,0.14247536659240723,-0.016319493,-0.3837544,0.5163311,0.24561094,0.31482866,-0.07595649,0.28012928,0.2895351601729061,0.020141735039651394,0.007238379004322652,0.0005882349796593189,0.0002941175,1.17647,False,3,0.34302184636782096,0.0029346685179420517,0.17102386796178623,0.36332106657481733,-0.0023189168663080876,0.16993037558584664,0.9996376182138211,0.012535999217362271,0.008546218093638744,-0.02223618008053931,0.21651419,0.21151058,0.18445662,0.2597813070131044,0.0001350109960185364,0.00017999199917539954,0.0007322780002141371,0.00036176800495013595,0.00032794999424368143,0.00025815800472628325,0.0024936779955169186,0.01721848400484305,0.019712162000359967,50.73010256215117,0
130,2.620137817997602,-0.3169515768634241,-1.6017748318114222,1.6216138044940394,-1.7401162586607875,-1.6596067587481897,0.1422083079814911,-0.1667117476463318,-1.2457077503204346,-0.8329793810844421,-0.3900807797908783,0.1618495136499405,-0.14356078207492828,-0.19145601987838745,-0.9797133207321167,-0.5938211679458618,-0.1251654475927353,0.15129311382770538,-0.14457377791404724,-0.4226010838775647,-1.138469294477393,-0.48996342158867867,-0.06238662819919401,-0.012679578668983449,-0.030646317679709177,-0.31743613,-1.6184891,1.6418542,-1.7304225,-1.6468084,0.13885887,-0.31743613,-1.6184891,1.6418542,-1.7304225,-1.6468084,0.13885887,-0.31695157289505005,-1.60177481174469,1.62161386013031,-1.7401162385940552,-1.6596068143844604,0.1422083079814911,-0.012113753,-0.41785964,0.5060073,0.24234475,0.31996217,-0.08373594,0.30317035,0.407945966810755,0.026205142103135584,0.010198649170268876,0.0005882349796593189,0.0002941175,1.17647,False,3,0.3422500444718093,0.0034695377082640394,0.17024491443340736,0.36335275059572314,-0.0023789347511163758,0.1699675811370653,0.9996426011959952,0.011950305107536374,0.00828937989399344,-0.0224312368388177,0.21651419,0.21151058,0.18445662,0.25984653663919016,4.3898995500057936e-05,0.0001301400043303147,0.000569485011510551,0.0002898940001614392,0.0001723949972074479,0.00011233100667595863,0.0016786860069260001,0.018172761992900632,0.019851447999826632,50.37415910460201,0
131,2.6401346620114055,-0.3171284834491175,-1.6034718952574671,1.6245082060443323,-1.7388354740538539,-1.657954517995016,0.14188863337039948,-0.1651187241077423,-1.300553560256958,-0.8472232222557068,-0.40947577357292175,0.1415989249944687,-0.16375915706157684,-0.1472160667181015,-0.9565074443817139,-0.5909618735313416,-0.1265350580215454,0.15092527866363525,-0.14418822526931763,-0.6085808318101473,-1.2372401343124282,-0.7516657032927915,-0.0545301623226563,0.007261392192680977,-0.07807391074210505,-0.31775406,-1.6208825,1.6442056,-1.7298307,-1.6452512,0.1382861,-0.31775406,-1.6208825,1.6442056,-1.7298307,-1.6452512,0.1382861,-0.3171284794807434,-1.6034718751907349,1.624508261680603,-1.7388354539871216,-1.6579545736312866,0.14188863337039948,-0.015639838,-0.43526617,0.4924324,0.22511743,0.31758437,-0.09006324,0.31482035,0.5066216390089625,0.03250154908746481,0.012665540975224064,0.0005882349796593189,0.0002941175,1.17647,False,3,0.341457893967561,0.004079976983135274,0.1696485205742164,0.36365839935775,-0.002594678658423737,0.17001292324758696,0.9995704846051411,0.012256651774519704,0.007890101566736139,-0.025423623747700182,0.21651419,0.21151058,0.18445662,0.26019435710914546,4.499100032262504e-05,0.00013187598960939795,0.0005675920110661536,0.001406463998137042,0.00020287100051064044,0.00014081300469115376,0.002869534000637941,0.01693641000019852,0.019805944000836462,50.4898933349386,0
132,2.660142881999491,-0.31721240678896123,-1.6054836712279261,1.6272700468646448,-1.7376300297179164,-1.6562359968768519,0.14145004749298096,-0.1925416737794876,-1.1184364557266235,-0.7017020583152771,-0.32823288440704346,0.14130990207195282,-0.16643354296684265,-0.09425570070743561,-0.932094395160675,-0.5890862941741943,-0.12794260680675507,0.14991743862628937,-0.1441391110420227,-1.3241572173295835,-0.9094981334096216,1.7913826017102545,-0.04848279847834996,0.09526156935073612,-0.08450665808397259,-0.31753886,-1.6231709,1.6470572,-1.7280536,-1.643494,0.1377644,-0.31753886,-1.6231709,1.6470572,-1.7280536,-1.643494,0.1377644,-0.31721240282058716,-1.6054836511611938,1.6272701025009155,-1.737630009651184,-1.6562360525131226,0.14145004749298096,-0.008161683,-0.44218,0.4946765,0.2394113,0.3185524,-0.092141494,0.32224292,0.5888513658408021,0.038946407400071624,0.014721284146020055,0.0005882349796593189,0.0002941175,1.17647,False,3,0.34070870240307793,0.004724742927552074,0.16920621611421804,0.36348846886799374,-0.00237203013973833,0.16998290451887388,0.9996011417679572,0.012082938708101528,0.008517825897760544,-0.024063771079511083,0.21651419,0.21151058,0.18445662,0.25991671929310384,0.00012261299707461149,0.0001297049893764779,0.0005578090058406815,0.00033035900560207665,0.00017201900482177734,0.00012050599616486579,0.0017921070102602243,0.018032448992016725,0.01982455600227695,50.44249161923954,0
133,2.6801302030071383,-0.3172529379474085,-1.6078053913512171,1.629899803792135,-1.7363063297667445,-1.6544817129718226,0.14098331332206726,-0.191128671169281,-1.0045613050460815,-0.5993217825889587,-0.21410372853279114,0.13595987856388092,-0.17486386001110077,-0.07650351524353027,-0.9103160500526428,-0.5886345505714417,-0.13028459250926971,0.14842426776885986,-0.1441187709569931,-1.3344195810955304,-0.6251375608222828,4.513920522182016,-0.02573334569305351,0.14354657789279385,-0.08306918571222366,-0.31729472,-1.6259418,1.6497592,-1.7266287,-1.6413887,0.13725589,-0.31729472,-1.6259418,1.6497592,-1.7266287,-1.6413887,0.13725589,-0.3172529339790344,-1.6078053712844849,1.6298998594284058,-1.7363063097000122,-1.6544817686080933,0.14098331332206726,-0.0010449137,-0.45341066,0.49648222,0.24194227,0.32732695,-0.09318556,0.33215505,0.6573761382006684,0.04558950837701559,0.016434403455016712,0.0005882349796593189,0.0002941175,1.17647,False,3,0.33996002077110565,0.005393136785984243,0.16889302204234058,0.362630871589785,-0.0016665214567436807,0.16992941364332134,0.9995891433297761,0.013629069023208016,0.00999978119458069,-0.023147959397206864,0.21651419,0.21151058,0.18445662,0.2588544067502611,4.3320003896951675e-05,0.00011635500413831323,0.0004981189995305613,0.0002342549996683374,0.000165585006470792,0.00010380899766460061,0.001561447003041394,0.018241418001707643,0.019802865004749037,50.4977436224599,0
134,2.700146893010242,-0.3173168341266077,-1.6102320156493128,1.6326411406146448,-1.7349215946593226,-1.652717415486471,0.14050400257110596,-0.2193385362625122,-0.9765944480895996,-0.5314077734947205,-0.1932554990053177,0.14871138334274292,-0.17933042347431183,-0.0699792131781578,-0.8908267617225647,-0.5829729437828064,-0.12717008590698242,0.14806687831878662,-0.1438702493906021,-1.0831332656276413,-0.8419684395027015,5.920113300024914,-0.0236551503073369,0.17532422394346425,-0.08825500512274474,-0.3172932,-1.628704,1.6522272,-1.7256248,-1.6394821,0.13673642,-0.3172932,-1.628704,1.6522272,-1.7256248,-1.6394821,0.13673642,-0.31731683015823364,-1.6102319955825806,1.6326411962509155,-1.7349215745925903,-1.6527174711227417,0.14050400257110596,0.000590965,-0.46180025,0.48964772,0.23241943,0.3308819,-0.09418945,0.33816338,0.7144801151672238,0.05000000074505806,0.017862002879180595,0.0005882349796593189,0.0002941175,1.17647,False,3,0.3391732293321512,0.006068801254165805,0.1685692311053717,0.362308697926003,-0.0012710740682697142,0.16987791823364565,0.9996013759568959,0.014181291143502648,0.010594583829667454,-0.02199405702761064,0.21651419,0.21151058,0.18445662,0.2583497867878018,3.993599966634065e-05,0.00012126899673603475,0.0005760839994763955,0.0003747740120161325,0.00019738200353458524,0.00011007800640072674,0.0017411599983461201,0.018101926005329005,0.019843086003675126,50.39538707914639,0
135,2.7201392030110583,-0.3173893133746546,-1.612687727014059,1.6353305021869105,-1.733755727807516,-1.6509698073016565,0.14004088938236237,-0.13948822021484375,-0.8842833042144775,-0.44990530610084534,-0.05229467898607254,0.17729094624519348,-0.1937132030725479,-0.03601325303316116,-0.8848709464073181,-0.5806800127029419,-0.12482897937297821,0.14935918152332306,-0.14353765547275543,-1.8893100232740863,0.07390249649897296,8.77940392439275,0.0021344915712531564,0.2682303986683165,-0.09481399718736114,-0.3169084,-1.6316125,1.6551948,-1.7236431,-1.637513,0.13625716,-0.3169084,-1.6316125,1.6551948,-1.7236431,-1.637513,0.13625716,-0.3173893094062805,-1.6126877069473267,1.6353305578231812,-1.7337557077407837,-1.6509698629379272,0.14004088938236237,0.012023353,-0.47312066,0.49660492,0.25281498,0.33642,-0.094593175,0.3472231,0.7620667626393531,0.05000000074505806,0.01905166906598383,0.0005882349796593189,0.0002941175,1.17647,False,3,0.338441819500112,0.006719428189149872,0.16829774451118162,0.3613337672763794,-0.0005406172504354315,0.16976492577941962,0.9996900613171521,0.012207531914922779,0.005124703575666451,-0.021081929043033226,0.21651419,0.21151058,0.18445662,0.25720472200128586,4.1256003896705806e-05,0.00011402000382076949,0.0004907759866910055,0.0002555170067353174,0.00015470800281036645,0.00017871300224214792,0.0015570919931633398,0.0182671540096635,0.01982424600282684,50.44328040811262,0
136,2.740102163006668,-0.3174522558795374,-1.6151486835875453,1.6379926840411585,-1.7325207195677699,-1.6490142981158655,0.1395103484392166,-0.09318374842405319,-0.8813351988792419,-0.3619852364063263,0.0700741782784462,0.02385629713535309,-0.18806526064872742,0.0003813894873019308,-0.8816208839416504,-0.5814309120178223,-0.12588390707969666,0.1500844657421112,-0.143306165933609,-2.851305897470112,-1.4243932863750923,10.971454793711157,-0.18320865815529033,0.4326768226788098,-0.0725425610905242,-0.3168285,-1.6347442,1.6577829,-1.7226425,-1.6354588,0.13563356,-0.3168285,-1.6347442,1.6577829,-1.7226425,-1.6354588,0.13563356,-0.31745225191116333,-1.615148663520813,1.6379927396774292,-1.7325206995010376,-1.6490143537521362,0.1395103484392166,0.015593993,-0.48988697,0.49475294,0.24695425,0.33888742,-0.09691964,0.3569079,0.801722302199461,0.05000000074505806,0.020043057554986525,0.0005882349796593189,0.0002941175,1.17647,False,3,0.33771714328658764,0.007422976657047532,0.16802464331636277,0.36057697723150595,9.6886829809603e-05,0.1697157871401545,0.9997271694773947,0.012484295322934953,0.0027030498680373286,-0.01955430844396725,0.21651419,0.21151058,0.18445662,0.25625598800501087,3.9739999920129776e-05,0.00011447499855421484,0.000509157995111309,0.00027765599952545017,0.0001610999897820875,0.00010086198744829744,0.0015129289968172088,0.018286670005181804,0.019799599001999013,50.50607337547784,0
137,2.760156428004848,-0.31741649309267217,-1.617742200891012,1.6406906286822718,-1.7311088047423304,-1.6472585836993616,0.13899549841880798,-0.09921437501907349,-0.7581798434257507,-0.3196927309036255,0.06581175327301025,0.04552263766527176,-0.17847424745559692,0.03636257350444794,-0.8790068030357361,-0.5784161686897278,-0.12331247329711914,0.15052160620689392,-0.14303725957870483,-3.1320798140871897,-1.7607766744117834,12.517817772713844,-0.18359904291193815,0.4906087004704585,-0.09194935745325081,-0.31646612,-1.63769,1.6608311,-1.7206527,-1.6332247,0.13507439,-0.31646612,-1.63769,1.6608311,-1.7206527,-1.6332247,0.13507439,-0.3174164891242981,-1.6177421808242798,1.6406906843185425,-1.7311087846755981,-1.6472586393356323,0.13899549841880798,0.02375925,-0.49869463,0.50351137,0.2614036,0.35084876,-0.09802767,0.36734414,0.8347685851662174,0.05000000074505806,0.020869214629155437,0.0005882349796593189,0.0002941175,1.17647,False,3,0.3369290274566121,0.008130833436090761,0.16776469393441074,0.35925916080154274,0.0008046860727057813,0.16964018733658404,0.9998276235941622,0.013678395207125044,0.004904481421557301,-0.011556659467064374,0.21651419,0.21151058,0.18445662,0.25493652149728646,4.0251004975289106e-05,0.000118524010758847,0.0005106970056658611,0.00034034400596283376,0.0002477289963280782,0.00013040100748185068,0.0017122499994002283,0.0181659160007257,0.01987816600012593,50.30645181218755,0
138,2.780137726003886,-0.317392651234762,-1.620354791680807,1.6433613936053675,-1.7296778164305628,-1.6454156080829065,0.1384650021791458,-0.05327078700065613,-0.7260940670967102,-0.2686604857444763,0.11034736037254333,0.05257437005639076,-0.19974923133850098,0.07841476052999496,-0.8804271221160889,-0.5793741345405579,-0.12410054355859756,0.15107546746730804,-0.14324073493480682,-2.770966037635137,-2.2468983933675695,13.501542575419144,-0.22799057852190002,0.498656160845943,-0.08165993355371412,-0.31680873,-1.6410325,1.6634294,-1.719596,-1.6315725,0.13429856,-0.31680873,-1.6410325,1.6634294,-1.719596,-1.6315725,0.13429856,-0.31739264726638794,-1.6203547716140747,1.6433614492416382,-1.7296777963638306,-1.6454156637191772,0.1384650021791458,0.014598263,-0.51694304,0.5016968,0.25204387,0.34607935,-0.10416108,0.37545833,0.8623071543051811,0.05000000074505806,0.02155767885762953,0.0005882349796593189,0.0002941175,1.17647,False,3,0.33614882800543533,0.008853824382843788,0.16751555113830258,0.3581355800529798,0.0008263198724064826,0.16969212283697305,0.9999090759079022,0.011714172155853114,0.00409241274220053,-0.005279601650478492,0.21651419,0.21151058,0.18445662,0.25428816103599927,5.8107005315832794e-05,0.00015584100037813187,0.0006829119956819341,0.0002700369950616732,0.0002573999954620376,0.0001418350002495572,0.0019895379955414683,0.017756392000592314,0.019745929996133782,50.643347778291435,0
139,2.8001417979976395,-0.3173716703998011,-1.6230274639525355,1.646059815083639,-1.7284156284727992,-1.6436393896686,0.13794173300266266,0.05953770503401756,-0.691755473613739,-0.1973925679922104,0.2197105586528778,0.08711163699626923,-0.198999285697937,0.11358056217432022,-0.8755212426185608,-0.5758471488952637,-0.12207362800836563,0.15223495662212372,-0.14339309930801392,-3.3621111117897513,-1.5118798633873798,15.162987099014424,-0.21108120107827813,0.5706901070581606,-0.09080363232844325,-0.31677547,-1.644079,1.665994,-1.7184745,-1.6299536,0.13368574,-0.31677547,-1.644079,1.665994,-1.7184745,-1.6299536,0.13368574,-0.317371666431427,-1.6230274438858032,1.6460598707199097,-1.728415608406067,-1.6436394453048706,0.13794173300266266,0.0149049135,-0.52628833,0.4983539,0.24852638,0.34214664,-0.10640002,0.38050607,0.8852559619209843,0.05000000074505806,0.022131399048024608,0.0005882349796593189,0.0002941175,1.17647,False,3,0.3353920919296623,0.00955155292433639,0.1672966173642929,0.35754607992029996,0.000893495975017758,0.1697216041541308,0.999916645991371,0.01206027723777053,0.004122189101563382,-0.002058760788890537,0.21651419,0.21151058,0.18445662,0.2539028822681646,3.879700670950115e-05,0.00011973700020462275,0.000485918004414998,0.00026703800540417433,0.00014940500841476023,0.0008599129942012951,0.0023110699985409155,0.017522109992569312,0.019833179991110228,50.4205578958204,0
140,2.8201354490011,-0.3172844091998499,-1.6256972752013148,1.6487582365619105,-1.7270070515074671,-1.6416962782489222,0.13737519085407257,0.08923540264368057,-0.6778066158294678,-0.14410234987735748,0.2515026032924652,0.060053858906030655,-0.19242562353610992,0.12955380976200104,-0.876311719417572,-0.577856183052063,-0.12333092093467712,0.15041306614875793,-0.14403235912322998,-3.8409804551586713,-1.7650085483612394,16.694572230753412,-0.21620335705724442,0.6330476195893218,-0.07810590035086855,-0.30179334,-1.6543549,1.6669085,-1.705476,-1.6267413,0.13283376,-0.30179334,-1.6543549,1.6669085,-1.705476,-1.6267413,0.13283376,-0.31728440523147583,-1.6256972551345825,1.6487582921981812,-1.7270070314407349,-1.6416963338851929,0.13737519085407257,0.38727677,-0.7164422,0.45375624,0.53827405,0.37387595,-0.11353583,0.25640756,0.9043799682674869,0.05000000074505806,0.022609499206687173,0.0052940999157726765,0.00264705,10.5882,False,0,0.33461607148697775,0.01031913952425027,0.16705642662271394,0.35653522365690243,0.0008197507441035871,0.16949231001466636,0.9999191894200651,0.012059481612030165,0.003255659583047053,0.0023713859344919198,0.21651419,0.21151058,0.18445662,0.2534175385321539,5.308500840328634e-05,0.00011101699783466756,0.0004827719967579469,0.0002856840001186356,0.00015387700113933533,0.0001006319944281131,0.0015001460124040022,0.018329728991375305,0.019829875003779307,50.428961342893665,0
141,2.8400936429970898,-0.3171885649310511,-1.6285516224303187,1.6515796820269983,-1.7255784473814906,-1.6397727171527308,0.13685894012451172,0.0994158536195755,-0.6281850337982178,-0.16549094021320343,0.2738034129142761,0.08360922336578369,-0.19427898526191711,0.1069759652018547,-0.8717492818832397,-0.5791847109794617,-0.12532764673233032,0.14871592819690704,-0.1442454755306244,-3.6069376630942265,-1.5296042048005651,17.108676946919697,-0.20864344998543877,0.6301570563071067,-0.07628729913939933,-0.31805736,-1.6526055,1.6709371,-1.7162958,-1.6221069,0.13102025,-0.31805736,-1.6526055,1.6709371,-1.7162958,-1.6221069,0.13102025,-0.317188560962677,-1.6285516023635864,1.651579737663269,-1.7255784273147583,-1.6397727727890015,0.13685894012451172,-0.0217203,-0.601347,0.48393422,0.23206425,0.44164792,-0.14596735,0.40051916,0.9203166402229057,0.05000000074505806,0.023007916005572643,0.0052940999157726765,0.00264705,10.5882,False,0,0.3338044345599995,0.011096272230447795,0.16683140681871228,0.3553584585086757,0.0008013450993753848,0.1696475112964292,0.9999142696433851,0.010495912891086773,0.0009290598046885506,0.007775538354018105,0.21651419,0.21151058,0.18445662,0.2527754440679802,3.990999539382756e-05,0.00011239800369367003,0.0005241339968051761,0.00034714800131041557,0.00017278299492318183,0.00010040999040938914,0.0016056440072134137,0.01818559099046979,0.019791234997683205,50.52741782496452,0
142,2.860131392008043,-0.31693774858583623,-1.6315399609007777,1.6544354597674769,-1.724058290521139,-1.6378567854510706,0.1362496167421341,0.32359984517097473,-0.668796956539154,-0.20930495858192444,0.32848334312438965,0.10619112849235535,-0.1840885430574417,0.4304283857345581,-1.0099221467971802,-0.6077848076820374,-0.09454388171434402,0.15761728584766388,-0.14490710198879242,-3.7661617995758143,-0.7660616380109802,17.358803672560864,-0.1819219421229166,0.6345683657176704,-0.07181582509493148,-0.3158166,-1.6565005,1.6730858,-1.714449,-1.62191,0.13059661,-0.3158166,-1.6565005,1.6730858,-1.714449,-1.62191,0.13059661,-0.31693774461746216,-1.6315399408340454,1.6544355154037476,-1.7240582704544067,-1.6378568410873413,0.1362496167421341,0.028028676,-0.6240138,0.4662573,0.24022913,0.39867148,-0.14132535,0.40532362,0.9335972001857548,0.05000000074505806,0.02333993000464387,0.0052940999157726765,0.00264705,10.5882,False,0,0.3329611749900004,0.011932737009514154,0.16662593478886323,0.3541749110798966,0.0009509573957940569,0.1695022474972377,0.9998417289143355,0.011609230720558807,0.0030199228014071455,0.013139576766230138,0.21651419,0.21151058,0.18445662,0.2520108428137577,0.00014101198757998645,0.00011993299995083362,0.0005207140056882054,0.0003843610029434785,0.000179820999619551,0.0001249149936484173,0.0018684029928408563,0.017875272009405307,0.019743675002246164,50.64913193142785,0
143,2.880144034003024,-0.3160293737994593,-1.6348325214781703,1.6571038405047815,-1.7219935856261195,-1.6359580198871058,0.13559949398040771,0.27809274196624756,-0.7714806199073792,-0.1928158402442932,0.2623027563095093,0.22748903930187225,-0.18936970829963684,0.15978142619132996,-0.8617803454399109,-0.5826174020767212,-0.12532463669776917,0.16098925471305847,-0.14844611287117004,-3.646632187605488,0.7078065816216235,16.4640508887987,-0.021713080521115348,0.6006939704625739,-0.08566711003978708,-0.31586093,-1.6596316,1.6752931,-1.7147094,-1.6200544,0.12973464,-0.31586093,-1.6596316,1.6752931,-1.7147094,-1.6200544,0.12973464,-0.3160293698310852,-1.634832501411438,1.6571038961410522,-1.7219935655593872,-1.6359580755233765,0.13559949398040771,0.0042113033,-0.6199769,0.4547303,0.18210457,0.39759377,-0.14662145,0.39684853,0.944664333488129,0.05000000074505806,0.023616608337203224,0.0052940999157726765,0.00264705,10.5882,False,0,0.33202829938886974,0.013009354881126466,0.166513457241503,0.35363302835581256,0.0009213946715136514,0.16943238231525287,0.9997929373318729,0.011263344838677565,0.003183121004275146,0.016644804254090068,0.21651419,0.21151058,0.18445662,0.2517441386826475,4.0749990148469806e-05,0.00011410198931116611,0.0005455520004034042,0.0003471320087555796,0.0002525300078559667,0.00010809100058395416,0.0017216010019183159,0.01812694300315343,0.019848544005071744,50.38152923179039,0
144,2.900068667004234,-0.315254036580221,-1.6383100948729457,1.659910027180807,-1.7199574909605921,-1.6335633436786097,0.13487687706947327,0.1593797206878662,-0.7378913164138794,-0.28714609146118164,0.1564617156982422,0.1069813147187233,-0.17406992614269257,0.15148667991161346,-0.847739040851593,-0.5810979604721069,-0.14416229724884033,0.1551661342382431,-0.14782224595546722,-3.0137298418528493,-1.3734621361718558,14.311266754014554,-0.1024577526650305,0.5636143805750773,-0.08384761509727662,-0.31462088,-1.6631218,1.678508,-1.7110168,-1.6180056,0.12914534,-0.31462088,-1.6631218,1.678508,-1.7110168,-1.6180056,0.12914534,-0.3152540326118469,-1.6383100748062134,1.6599100828170776,-1.7199574708938599,-1.6335633993148804,0.13487687706947327,0.015828902,-0.6202947,0.46495038,0.22351795,0.38894486,-0.14328831,0.40064743,0.9538869445734407,0.05000000074505806,0.02384717361433602,0.0052940999157726765,0.00264705,10.5882,False,0,0.33110614097999985,0.014160320558397674,0.16640795722698898,0.3524732241325894,0.0015034053371241107,0.16929533952401635,0.9996313196148392,0.010261194701993305,0.0026480305035456396,0.024997759073931664,0.21651419,0.21151058,0.18445662,0.25063467360840136,4.445799277164042e-05,0.00013488800323102623,0.0005516439996426925,0.0002922229905379936,0.0001650460035307333,0.00010855098662432283,0.0016662190028000623,0.01805652400071267,0.019722743003512733,50.70288650122827,0
145,2.9200749570009066,-0.31482440630068,-1.6418315372862757,1.6626799742328089,-1.7183038196959437,-1.631256405507223,0.13411793112754822,0.07262702286243439,-0.6568659543991089,-0.41512906551361084,-0.01033749245107174,0.06573759019374847,-0.1672622114419937,0.14137978851795197,-0.8329250812530518,-0.5816888809204102,-0.14142155647277832,0.14984101057052612,-0.14640095829963684,-1.6196986943944993,-2.5004271900882715,11.106805146895153,-0.1666407691621444,0.41831062133481467,-0.06262638668032575,-0.313366,-1.6670015,1.6817015,-1.707501,-1.6155864,0.12853502,-0.313366,-1.6670015,1.6817015,-1.707501,-1.6155864,0.12853502,-0.3148244023323059,-1.6418315172195435,1.6626800298690796,-1.7183037996292114,-1.6312564611434937,0.13411793112754822,0.03645989,-0.6292506,0.47553727,0.27006975,0.39175186,-0.13957289,0.4106902,0.9615724538112006,0.05000000074505806,0.024039311345280017,0.0052940999157726765,0.00264705,10.5882,False,0,0.3302695426330285,0.015147301397751564,0.16637157877515824,0.3512647408620865,0.0020903336795266283,0.16937610274107512,0.9994330707730538,0.010374856088745797,0.0014184805104922758,0.031998100539539526,0.21651419,0.21151058,0.18445662,0.24948341694097842,4.498299676924944e-05,0.00012886899639852345,0.0005532409995794296,0.00030455899832304567,0.00020476100326050073,0.00016534799942746758,0.0017650679947109893,0.01805488800164312,0.01981995599635411,50.454198797613394,0
146,2.940088346003904,-0.31482106844057256,-1.6451803646483363,1.6652916113482874,-1.7171608410277308,-1.629089657460348,0.13331905007362366,0.07604698091745377,-0.8077650666236877,-0.4756421148777008,-0.050050221383571625,0.1453382670879364,-0.15840579569339752,0.023472076281905174,-0.8348079919815063,-0.5741771459579468,-0.12760654091835022,0.15050439536571503,-0.14532649517059326,-1.436760674436239,-1.1706354467414504,8.949797881944823,-0.136312622985263,0.3168833760048254,-0.05813687330978519,-0.31309062,-1.6705825,1.6846585,-1.7056323,-1.6131909,0.1277736,-0.31309062,-1.6705825,1.6846585,-1.7056323,-1.6131909,0.1277736,-0.3148210644721985,-1.645180344581604,1.665291666984558,-1.7171608209609985,-1.6290897130966187,0.13331905007362366,0.04326068,-0.63505334,0.48417044,0.28821164,0.39747158,-0.13863648,0.41601798,0.9679770448426672,0.05000000074505806,0.02419942612106668,0.0052940999157726765,0.00264705,10.5882,False,0,0.3295740020065698,0.01591434293619061,0.16639225063288465,0.3501872953162769,0.0026577881334127213,0.16937981010590428,0.9991194362068511,0.011443714223757749,0.003433167547589517,0.040219094284038144,0.21651419,0.21151058,0.18445662,0.24842564428470562,4.0337996324524283e-05,0.00011528999311849475,0.0011607990018092096,0.00029109499882906675,0.00018991400429513305,0.00011289099347777665,0.0026507750008022413,0.017195392996654846,0.019846167997457087,50.38756097036623,0
147,2.9600885520048905,-0.3148754278766077,-1.6485473118224085,1.667924706135885,-1.7160355053343714,-1.6269457975970667,0.13251401484012604,0.23403555154800415,-0.9918784499168396,-0.5493776798248291,-0.07957582175731659,0.11992038786411285,-0.1805012971162796,0.08140367269515991,-0.8415904641151428,-0.5683033466339111,-0.11307861655950546,0.15258893370628357,-0.1442599594593048,-1.7419119741027083,-0.9909632397448754,6.716796220034665,-0.11111972210318642,0.26488749795165856,-0.07196921821651377,-0.31346545,-1.6741252,1.687128,-1.7053871,-1.6111656,0.1268622,-0.31346545,-1.6741252,1.687128,-1.7053871,-1.6111656,0.1268622,-0.31487542390823364,-1.6485472917556763,1.6679247617721558,-1.7160354852676392,-1.6269458532333374,0.13251401484012604,0.035249416,-0.6394461,0.4800809,0.26620778,0.39450547,-0.14129531,0.4164076,0.973314204035556,0.05000000074505806,0.024332855100888902,0.0052940999157726765,0.00264705,10.5882,False,0,0.32887647744163473,0.016657730857104074,0.16641221388794597,0.3493359482149435,0.0027127930424542513,0.16940567116932054,0.9987960787886806,0.010231838588660246,0.00375274991230393,0.04782864546640615,0.21651419,0.21151058,0.18445662,0.24792069121409158,4.153800546191633e-05,0.00014027400175109506,0.0009714369953144342,0.0003120010078419,0.00018434898811392486,0.00011521099077071995,0.002517373999580741,0.017248924996238202,0.019766298995818943,50.59116024762777,0
148,2.9801396450056927,-0.31472808519472295,-1.6519834003844203,1.6704805533038538,-1.714663644830221,-1.6248071829425257,0.13173463940620422,0.25209683179855347,-0.9539878964424133,-0.6228722333908081,-0.17694556713104248,0.17566674947738647,-0.1604941338300705,0.19017532467842102,-0.8402804136276245,-0.5669881701469421,-0.11090799421072006,0.1541621834039688,-0.1441127359867096,-0.9359282479388075,-0.4775578008598531,5.23810857737249,-0.025928047158053434,0.14548261207599206,-0.09872115215576693,-0.31295595,-1.6639942,1.6751384,-1.6929088,-1.6205071,0.13244116,-0.31295595,-1.6639942,1.6751384,-1.6929088,-1.6205071,0.13244116,-0.3147280812263489,-1.651983380317688,1.6704806089401245,-1.7146636247634888,-1.6248072385787964,0.13173463940620422,0.04430328,-0.3002702,0.116444066,0.5438713,0.107503824,0.017663145,-0.27705818,0.9777618366962967,0.044458837062120435,0.02444404591740742,0.01941175013780594,0.009705875000000003,38.8235,False,0,0.3281383440244264,0.017478248772322014,0.1664489221798291,0.3488356798062449,0.002726818185932848,0.16938239801501534,0.998635032367946,0.009611720084355136,0.003631992132672239,0.05121061344385825,0.21651419,0.21151058,0.18445662,0.24764262719234761,4.838898894377053e-05,0.00012311000318732113,0.0005421509995358065,0.0002886949951061979,0.0002241509937448427,0.00010088698763865978,0.0017009339935611933,0.01811287300370168,0.019813806997262873,50.46985670841259,0
149,3.000135185997351,-0.3143728415118616,-1.6555897198119105,1.6731413046466272,-1.7131620846190394,-1.622566048298971,0.1309565007686615,0.17021363973617554,-0.9242218732833862,-0.654147744178772,-0.25865790247917175,0.15070267021656036,-0.17798791825771332,0.2214442640542984,-0.8365380167961121,-0.572232186794281,-0.1193721815943718,0.15362749993801117,-0.14475393295288086,0.3731690817925367,-1.3629717288939847,3.6536731383887573,-0.05782144719491934,0.07648440324976102,-0.10062369593476732,-0.31716403,-1.6799003,1.6872121,-1.7096848,-1.6029733,0.12382452,-0.31716403,-1.6799003,1.6872121,-1.7096848,-1.6029733,0.12382452,-0.31437283754348755,-1.6555896997451782,1.673141360282898,-1.7131620645523071,-1.6225661039352417,0.1309565007686615,-0.06977983,-0.60776484,0.3517673,0.08693009,0.48981863,-0.17829941,0.26144415,0.9814681972469139,0.04968772009015083,0.02453670493117285,0.01941175013780594,0.009705875000000003,38.8235,False,0,0.3273508915253432,0.018406929532286353,0.1664856758394116,0.3479739412253186,0.003080064441230688,0.16946024756290518,0.9982082053928639,0.008496280051484178,0.002322857016787599,0.05918392688262791,0.21651419,0.21151058,0.18445662,0.24688021378081335,8.220199379138649e-05,0.00011994800297543406,0.0005093940126243979,0.0002715290029300377,0.000180136994458735,0.0001545569975860417,0.0016794080002000555,0.01810935999674257,0.019788767996942624,50.53371691226561,0
150,3.0201366340043023,-0.31416112581361944,-1.659070154229635,1.675570313130514,-1.7115842304625453,-1.6204565207110804,0.13021834194660187,0.17637565732002258,-0.7875791192054749,-0.6981921792030334,-0.22121813893318176,0.07966229319572449,-0.13891761004924774,0.19168461859226227,-0.6526263952255249,-0.6369110941886902,-0.08983933180570602,0.11667226999998093,-0.12533655762672424,0.037652406942417116,-1.4535202233105198,3.2038903272012567,-0.07843965351425797,0.07892794282155716,-0.10828551967987407,-0.30717295,-1.6882135,1.690232,-1.6981637,-1.5990143,0.12315218,-0.30717295,-1.6882135,1.690232,-1.6981637,-1.5990143,0.12315218,-0.31416112184524536,-1.6590701341629028,1.6755703687667847,-1.711584210395813,-1.620456576347351,0.13021834194660187,0.17470448,-0.72858286,0.36654025,0.33551094,0.5360566,-0.17665404,0.3208836,0.9845568310390949,0.05000000074505806,0.024613920775977374,0.01941175013780594,0.009705875000000003,38.8235,False,0,0.3265914833537999,0.01924705766695929,0.16655061466627175,0.3473864909790928,0.004020115251648668,0.16949054438081704,0.9968760009719901,0.007993087688912924,0.004203335325065607,0.07846461036763233,0.21651419,0.21151058,0.18445662,0.2457719233226318,3.933400148525834e-05,0.000114747992483899,0.000511701000505127,0.000284314010059461,0.00017841000226326287,9.911799861583859e-05,0.0015387520106742159,0.018287964994669892,0.019826717005344108,50.436993665187195,0
151,3.0400959969992982,-0.3140199820147913,-1.6616045437254847,1.6773093382464808,-1.7094065151610316,-1.618969742451803,0.12983432412147522,0.09929254651069641,-1.0575313568115234,-0.7369499206542969,-0.36414074897766113,0.16205181181430817,-0.1727355420589447,0.07933139055967331,-0.838178277015686,-0.6243095397949219,-0.15089915692806244,0.1582760512828827,-0.14716766774654388,-0.05479034057794502,-1.4561371450956662,2.693571830311033,-0.09492645926073964,0.06380653938005397,-0.0935789483540607,-0.30673996,-1.6910044,1.6927779,-1.6965364,-1.5959488,0.12262197,-0.30673996,-1.6910044,1.6927779,-1.6965364,-1.5959488,0.12262197,-0.31401997804641724,-1.6616045236587524,1.6773093938827515,-1.7094064950942993,-1.6189697980880737,0.12983432412147522,0.18200089,-0.73499554,0.38671312,0.32175046,0.5755237,-0.18030891,0.31483215,0.9871306925325791,0.05000000074505806,0.02467826731331448,0.01941175013780594,0.009705875000000003,38.8235,False,0,0.32582146786204574,0.01991261940010614,0.16649022470130184,0.3472657062078289,0.004998790775450494,0.16946753982593563,0.9948055516207491,0.006614119432025433,0.0037898085262093864,0.10150745596773428,0.21651419,0.21151058,0.18445662,0.24488314222165466,4.276099207345396e-05,0.00011784399976022542,0.0005914159992244095,0.0002517520042601973,0.0001939590001711622,0.00010265200398862362,0.0016239629912888631,0.018160747000365518,0.01978470999165438,50.54408178951431,0
152,3.060145226001623,-0.3140681425677698,-1.6643678150572718,1.6790207068072718,-1.707776208917135,-1.6170838514911097,0.12925580143928528,0.2064150869846344,-1.2343709468841553,-0.840501070022583,-0.4140857458114624,0.17390324175357819,-0.18079610168933868,0.1486717015504837,-0.982710063457489,-0.5896310210227966,-0.14011798799037933,0.19230790436267853,-0.15933290123939514,-0.8376999977046347,-1.2564984575632325,0.24312417732308128,-0.1108429169314169,0.059529787620437195,-0.06096965527379211,-0.3059263,-1.6939498,1.6945944,-1.6928797,-1.5947363,0.12218561,-0.3059263,-1.6939498,1.6945944,-1.6928797,-1.5947363,0.12218561,-0.31406813859939575,-1.6643677949905396,1.6790207624435425,-1.7077761888504028,-1.6170839071273804,0.12925580143928528,0.20354591,-0.7395512,0.3893397,0.3724134,0.5586883,-0.17675483,0.3174255,0.9892755771104825,0.05000000074505806,0.024731889427762065,0.01941175013780594,0.009705875000000003,38.8235,False,0,0.32520447132394836,0.020567367762944315,0.1665651400787271,0.3469291073130424,0.006148710421914344,0.16968379505148914,0.9916266209450623,0.003213892989014543,0.001631341545610536,0.1290877680355999,0.21651419,0.21151058,0.18445662,0.24372071561798106,4.0009006625041366e-05,0.0001319330040132627,0.0006625840032938868,0.00030607799999415874,0.00018120200547855347,0.00010130699956789613,0.0017530319892102852,0.01811325400194619,0.019866285991156474,50.33653499426881,0
153,3.0801343089988222,-0.31373340288271123,-1.6678539715208949,1.6807506720172327,-1.7063709698119105,-1.6146276632892054,0.12841388583183289,0.4048975110054016,-1.2554452419281006,-0.7392500042915344,-0.320369690656662,0.2668321132659912,-0.17340287566184998,0.3153586983680725,-0.932164192199707,-0.5780024528503418,-0.1145792305469513,0.18538200855255127,-0.15294140577316284,-1.679400919078991,0.9374471261565002,0.15287961836246744,0.013940710368687027,0.07140505271473352,-0.08318211993058491,-0.30636862,-1.6973312,1.6957089,-1.6935618,-1.5928822,0.12109825,-0.30636862,-1.6973312,1.6957089,-1.6935618,-1.5928822,0.12109825,-0.31373339891433716,-1.6678539514541626,1.6807507276535034,-1.7063709497451782,-1.614627718925476,0.12841388583183289,0.18411964,-0.7369295,0.37395284,0.3202282,0.54363936,-0.18289088,0.3032749,0.9910629809254021,0.05000000074505806,0.024776574523135055,0.01941175013780594,0.009705875000000003,38.8235,False,0,0.3246555187281701,0.021463847498176616,0.16687105554240025,0.34703284668315043,0.00608700168632938,0.16962606305669886,0.990423868279215,0.004517690564089531,0.000529337010892135,0.13798506075394737,0.21651419,0.21151058,0.18445662,0.2438317338246214,5.876700743101537e-05,0.00017468999431002885,0.000833790996694006,0.00031032100378070027,0.0002640289894770831,0.00011463600094430149,0.002251181998872198,0.017542996996780857,0.019794178995653056,50.51990285727977,0
154,3.1001274940063013,-0.3128469626056116,-1.6718722782530726,1.6827929655658167,-1.7045618496336878,-1.6115620771991175,0.1274559050798416,0.3431909680366516,-1.0969488620758057,-0.8200463652610779,-0.3764651417732239,0.24142399430274963,-0.15743933618068695,0.28334617614746094,-0.8661453127861023,-0.5734212398529053,-0.1086069643497467,0.1718350350856781,-0.14808522164821625,-0.14789300683316653,0.36701001625264457,-0.17581679389353802,-0.004161426805006624,0.011854137422090214,-0.08061422899975146,-0.30638295,-1.7009586,1.6971949,-1.693758,-1.5907122,0.120070934,-0.30638295,-1.7009586,1.6971949,-1.693758,-1.5907122,0.120070934,-0.31284695863723755,-1.6718722581863403,1.6827930212020874,-1.7045618295669556,-1.6115621328353882,0.1274559050798416,0.16159989,-0.7271592,0.36004907,0.27009517,0.5212486,-0.18462434,0.2850391,0.9925524841045017,0.05000000074505806,0.024813812102612545,0.01941175013780594,0.009705875000000003,38.8235,False,0,0.32397657922847906,0.022728455314189388,0.16718235457300404,0.34768293304601816,0.006716767601939075,0.16968673865148956,0.9867010991652014,0.00412175606280448,0.0026655119206450764,0.16247096390604945,0.21651419,0.21151058,0.18445662,0.24364707442742214,4.011001146864146e-05,0.00011944700963795185,0.0005166319897398353,0.0002756939938990399,0.00018239500059280545,0.00015798299864400178,0.0016429190000053495,0.018176087003666908,0.019819006003672257,50.45661723977027,0
155,3.120138021011371,-0.31164533296693975,-1.676098962823385,1.6849001089679163,-1.7026788196959437,-1.6082819143878382,0.12644639611244202,0.12353244423866272,-0.9868093729019165,-0.8401910066604614,-0.3863370418548584,0.12892529368400574,-0.17253243923187256,0.2366037368774414,-0.8247178792953491,-0.5827841758728027,-0.11912675946950912,0.1610414832830429,-0.14680983126163483,0.3737875091538453,-2.2614095396114586,-0.06036706286865676,-0.08573689615519862,-0.0017762341550807735,-0.07526682172890241,-0.306251,-1.7046806,1.6991324,-1.6934812,-1.5882382,0.11912773,-0.306251,-1.7046806,1.6991324,-1.6934812,-1.5882382,0.11912773,-0.3116453289985657,-1.6760989427566528,1.684900164604187,-1.7026787996292114,-1.6082819700241089,0.12644639611244202,0.13485853,-0.7145391,0.3558061,0.22993937,0.5010941,-0.18296665,0.26704913,0.9937937367537515,0.05000000074505806,0.024844843418843788,0.01941175013780594,0.009705875000000003,38.8235,False,0,0.32327034598780174,0.024153004852126035,0.1675231211076585,0.34824667999709924,0.007526927057616978,0.1695344451233105,0.9827435365883281,0.004562833909959351,0.00653039613858202,0.18480177442833937,0.21651419,0.21151058,0.18445662,0.2432806067553216,4.138999793212861e-05,0.00012854899978265166,0.0004915830068057403,0.00034489699464756995,0.00018372599151916802,0.00015787500888109207,0.002512370003387332,0.017330561007838696,0.019842931011226028,50.39578071577508,0
156,3.140126811005757,-0.3106735388385218,-1.6801220379271449,1.6870487372027796,-1.7008453808226527,-1.6052764097796839,0.12543196976184845,0.24020659923553467,-1.0164062976837158,-0.8523083925247192,-0.37493130564689636,0.18883995711803436,-0.16646046936511993,0.21058006584644318,-0.8049708604812622,-0.5890187621116638,-0.13152478635311127,0.15632444620132446,-0.14687252044677734,-0.2209027951265351,-0.7598821683708469,-0.05325879743501626,-0.044341420503154115,0.011227686944409628,-0.0826596162837296,-0.3218208,-1.692507,1.6889343,-1.6814556,-1.6017499,0.12598738,-0.3218208,-1.692507,1.6889343,-1.6814556,-1.6017499,0.12598738,-0.3106735348701477,-1.6801220178604126,1.6870487928390503,-1.7008453607559204,-1.6052764654159546,0.12543196976184845,-0.27868158,-0.3096266,0.04713704,0.48474234,0.08816307,0.01388532,-0.35279948,0.9948281139614595,0.04294401124119759,0.02487070284903649,0.03372550010681152,0.01686275,67.451,False,0,0.32255085791351246,0.025438674045457476,0.1677954859247293,0.3488591513172983,0.00835690069876097,0.1694716739071577,0.9793642907090305,0.004312035432104731,0.009052294227895373,0.2018539855409447,0.21651419,0.21151058,0.18445662,0.24292212237695235,4.089900176040828e-05,0.00011750101111829281,0.0004924709937768057,0.00028208499134052545,0.000182379997568205,0.00010440799815114588,0.0015337579970946535,0.018285215002833866,0.01981897299992852,50.45670126315863,0
157,3.1601021440001205,-0.30976945558656865,-1.684049745599264,1.6891348997699183,-1.6992479763426722,-1.6022875944720667,0.12441086769104004,0.26372358202934265,-1.1758620738983154,-0.8538370728492737,-0.3679102957248688,0.1685774028301239,-0.18024779856204987,0.20012150704860687,-0.7946586608886719,-0.5886505842208862,-0.1355390101671219,0.1551946997642517,-0.14654508233070374,-1.02691226352703,-0.6116506509220704,-0.6101706640150526,-0.04166393705761445,0.021260222829198067,-0.06249388274681592,-0.30463126,-1.7108818,1.6982255,-1.6952871,-1.5819641,0.117073454,-0.30463126,-1.7108818,1.6982255,-1.6952871,-1.5819641,0.117073454,-0.3097694516181946,-1.6840497255325317,1.689134955406189,-1.69924795627594,-1.6022876501083374,0.12441086769104004,0.12845472,-0.6708026,0.22726245,0.09902082,0.5080883,-0.18343528,0.014726461,0.9956900949678829,0.04323854045942426,0.024892252374197073,0.03372550010681152,0.01686275,67.451,False,0,0.3218946963802228,0.02667670718543056,0.168084875775397,0.3493311101723657,0.009209584426171629,0.16934490598778915,0.9770279716119781,0.0036788949493126426,0.010266381350415382,0.2128319994180123,0.21651419,0.21151058,0.18445662,0.2424755528357914,4.024000372737646e-05,0.00011649000225588679,0.0006248429999686778,0.00029183800506871194,0.0001827689993660897,0.00010234600631520152,0.0016730799979995936,0.0181318859977182,0.019804965995717794,50.49238661738772,0
158,3.1801357110089157,-0.3090322653399866,-1.6879283390440882,1.6910041014300745,-1.6977011166014613,-1.5995529333697718,0.12345628440380096,0.005580693483352661,-0.8721581697463989,-0.9334962964057922,-0.3135702610015869,0.060197312384843826,-0.12091953307390213,-0.042331524193286896,-0.5359579920768738,-0.6236476898193359,-0.09638611227273941,0.09933218359947205,-0.12197618931531906,-0.12657710589502252,-1.604648382296704,-0.2167261229792392,-0.06395841762754303,0.019303801870457507,-0.06114288278391411,-0.299523,-1.7159612,1.701296,-1.6852181,-1.5779241,0.11624439,-0.299523,-1.7159612,1.701296,-1.6852181,-1.5779241,0.11624439,-0.30903226137161255,-1.687928318977356,1.6910041570663452,-1.697701096534729,-1.5995529890060425,0.12345628440380096,0.23773141,-0.70082384,0.25729638,0.31207618,0.5407219,-0.18029743,-0.02520354,0.9964084124732356,0.042734469641000035,0.024910210311830893,0.03372550010681152,0.01686275,67.451,False,0,0.3212804666070606,0.027784255805009997,0.16843623698142635,0.349723788592427,0.009650095312518873,0.16934935167960438,0.9762846369099043,0.002547119329648784,0.011674484747498777,0.216160760624687,0.21651419,0.21151058,0.18445662,0.2423235125210007,4.179400275461376e-05,0.00011974299559369683,0.0006377259996952489,0.0002902790001826361,0.0002287070092279464,0.00010620699322316796,0.0017550789925735444,0.018053813008009456,0.019808892000583,50.48237932593952,0
159,3.2001282980054384,-0.3092539946185511,-1.6910187206664027,1.6921003500567835,-1.6957913837828578,-1.5977848211871546,0.12293300777673721,-0.22580599784851074,-0.8964537978172302,-0.8854089379310608,-0.4263390302658081,0.08192629367113113,-0.1583210676908493,-0.16898900270462036,-0.8264093995094299,-0.6309815049171448,-0.14683546125888824,0.153168722987175,-0.1437239795923233,0.7758299612405951,-2.879618666260427,-0.2762196071515238,-0.11175865266504516,-0.006235065110976511,-0.0825473194258804,-0.29989594,-1.7184458,1.7033243,-1.6844597,-1.575022,0.11598367,-0.29989594,-1.7184458,1.7033243,-1.6844597,-1.575022,0.11598367,-0.309253990650177,-1.6910187005996704,1.6921004056930542,-1.6957913637161255,-1.5977848768234253,0.12293300777673721,0.23395096,-0.6856769,0.28059873,0.28329214,0.56907177,-0.17373344,-0.030028882,0.997007010394363,0.0421338920108974,0.024925175259859076,0.03372550010681152,0.01686275,67.451,False,0,0.3207221886940331,0.02833337531701447,0.16876870319077839,0.35027606506836245,0.010397727283638207,0.16933145141912348,0.9756113853577077,0.0019056922099998925,0.010002430848603772,0.2192685292376699,0.21651419,0.21151058,0.18445662,0.2420070085820085,4.1983003029599786e-05,0.0001243559963768348,0.0005024299898650497,0.0002864159905584529,0.00018063299648929387,0.0001555299968458712,0.0016341260052286088,0.018174255994381383,0.019808381999609992,50.48367908190023,0
160,3.22013347200118,-0.30935651460756475,-1.6940657101073207,1.693080250416891,-1.6944195232787074,-1.5960424582110804,0.12234988063573837,0.3391215205192566,-1.1117287874221802,-0.8077954053878784,-0.3143550455570221,0.2746017277240753,-0.1898486465215683,0.36973488330841064,-0.9030343294143677,-0.5858477354049683,-0.13359886407852173,0.19348853826522827,-0.1580311805009842,-0.4876787585514017,1.2125734081527277,-0.03953385831050177,0.016988554049066747,-0.016056795674376775,-0.09071849124584842,-0.30047628,-1.7216525,1.7037307,-1.683186,-1.5745323,0.115296185,-0.30047628,-1.7216525,1.7037307,-1.683186,-1.5745323,0.115296185,-0.3093565106391907,-1.6940656900405884,1.6930803060531616,-1.694419503211975,-1.596042513847351,0.12234988063573837,0.22200538,-0.6896699,0.266261,0.2808358,0.5377566,-0.1763424,-0.0377477,0.9975058419953026,0.04137893801555038,0.024937646049882564,0.03372550010681152,0.01686275,67.451,False,0,0.3202990001242054,0.028870327057581906,0.1691860282911585,0.35042516037775007,0.010703157858610438,0.16933823955822655,0.9757295126997927,0.002730587396129277,0.010951884981510706,0.21868826023382726,0.21651419,0.21151058,0.18445662,0.24183535086847377,3.925300552509725e-05,0.00011455299681983888,0.0004924700042465702,0.00027694000164046884,0.000216757005546242,0.00011093000648543239,0.0015632720023859292,0.01827238099940587,0.019835653001791798,50.41427171112883,0
161,3.240130336009315,-0.3087971846209925,-1.697336813012594,1.6942313353167933,-1.693090101281637,-1.5933087507831019,0.12146458774805069,0.5255663394927979,-1.251104474067688,-0.7632662653923035,-0.21223634481430054,0.23183317482471466,-0.2129700630903244,0.3309061527252197,-0.8564678430557251,-0.5750531554222107,-0.11447716504335403,0.18552759289741516,-0.15148955583572388,-2.5533994046056874,1.7643909207647215,0.2072679351738434,0.0527215530649817,0.05398146374280177,-0.077729575461872,-0.30073455,-1.7247862,1.7040374,-1.6841147,-1.5727144,0.114259325,-0.30073455,-1.7247862,1.7040374,-1.6841147,-1.5727144,0.114259325,-0.3087971806526184,-1.6973367929458618,1.694231390953064,-1.6930900812149048,-1.5933088064193726,0.12146458774805069,0.20156567,-0.6862347,0.24515006,0.22438471,0.5148579,-0.18013158,-0.0486348,0.9979215349960854,0.04040624199435115,0.024948038374902136,0.03372550010681152,0.01686275,67.451,False,0,0.31989646534034116,0.02985300905334567,0.1696117865146827,0.35057968559391134,0.010745694544720387,0.16930695737673,0.9760729275029901,0.003475440457201589,0.012405213604074861,0.21706133495017566,0.21651419,0.21151058,0.18445662,0.24188760064794476,3.980600740760565e-05,0.00011225799971725792,0.0004855959996348247,0.00027319199580233544,0.00018356199143454432,0.00015431499923579395,0.0015552780096186325,0.018278691000887193,0.019833969010505825,50.418552104740684,0
162,3.2601356560044223,-0.3074138800250452,-1.7011033497252406,1.6959360281573694,-1.6912881336607875,-1.590107266102926,0.12051854282617569,0.2408871054649353,-1.0934487581253052,-0.9537115693092346,-0.4122753143310547,0.09544704109430313,-0.17560191452503204,0.26078423857688904,-0.8081477880477905,-0.582814633846283,-0.11954738944768906,0.16900673508644104,-0.14751268923282623,0.1643814887966384,-2.1397875538046702,-1.7201944322719056,-0.06849117939854728,-0.007464440975973906,-0.08305835563791876,-0.29996508,-1.7283882,1.7049584,-1.6832161,-1.5704097,0.11315028,-0.29996508,-1.7283882,1.7049584,-1.6832161,-1.5704097,0.11315028,-0.30741387605667114,-1.7011033296585083,1.6959360837936401,-1.6912881135940552,-1.5901073217391968,0.12051854282617569,0.18621972,-0.68212116,0.22556004,0.2017995,0.49244058,-0.18420643,-0.05585417,0.9982679458300712,0.03928915856406093,0.02495669864575178,0.03372550010681152,0.01686275,67.451,False,0,0.3192725959436798,0.03127675358670685,0.16994610633935203,0.35069854924322147,0.010748326958984455,0.1697366337504372,0.9761676033399501,0.003524786283561073,0.007898075185032266,0.21684565525458474,0.21651419,0.21151058,0.18445662,0.24192479252807764,4.4890999561175704e-05,0.0001302319869864732,0.0007069729908835143,0.0011691389954648912,0.0001978650107048452,0.00011852900206577033,0.0027334369951859117,0.01708543300628662,0.019818870001472533,50.45696348609686,0
163,3.2800914390099933,-0.3060491720782679,-1.7053052387633265,1.697226349507467,-1.6899625263609828,-1.5872095266925257,0.11952457576990128,0.10347244143486023,-0.8138485550880432,-0.8252874612808228,-0.2894701361656189,0.168625608086586,-0.20481649041175842,0.21612413227558136,-0.7783574461936951,-0.5950822234153748,-0.13070109486579895,0.1583017259836197,-0.14673765003681183,0.7618869263448574,-1.2268774209125424,-0.2144318426280055,-0.0371214658508877,-0.028750186409177106,-0.07482601102903265,-0.32342562,-1.718333,1.6978714,-1.670751,-1.5834578,0.120493576,-0.32342562,-1.718333,1.6978714,-1.670751,-1.5834578,0.120493576,-0.3060491681098938,-1.7053052186965942,1.6972264051437378,-1.6899625062942505,-1.5872095823287964,0.11952457576990128,-0.43441156,-0.32569528,0.016125018,0.4802897,0.09379285,0.02422505,-0.38926548,0.9985566215250593,0.03150384901091456,0.024963915538126484,0.04784315079450607,0.023921575,95.6863,False,0,0.31880602830369725,0.032566854815828564,0.17059843386193677,0.35067191298402656,0.010793682247442768,0.16971611147372037,0.9761713642051508,0.0038072767450663364,0.007693566865824844,0.21683117737861182,0.21651419,0.21151058,0.18445662,0.24187363023589128,4.564900882542133e-05,0.0001895989989861846,0.0006357689999276772,0.00044093700125813484,0.00023103698913473636,0.0001262840087292716,0.0021570170065388083,0.017610050999792293,0.0197670680063311,50.589192068328735,0
164,3.30009218500345,-0.3049419561969202,-1.7090894184508265,1.698538605366842,-1.6886488399901332,-1.5842564741717737,0.11854615062475204,0.19132930040359497,-0.8565446138381958,-0.7188584208488464,-0.25857558846473694,0.16465383768081665,-0.20175568759441376,0.20756298303604126,-0.7679604291915894,-0.5990724563598633,-0.1341690719127655,0.15584826469421387,-0.14703777432441711,0.07333012385741813,-1.296084381203555,0.7894707363471298,-0.04728170273192141,-0.0026432390156666203,-0.0732990841802344,-0.29620305,-1.7357261,1.7029738,-1.6824772,-1.5646741,0.11161792,-0.29620305,-1.7357261,1.7029738,-1.6824772,-1.5646741,0.11161792,-0.30494195222854614,-1.7090893983840942,1.6985386610031128,-1.6886488199234009,-1.5842565298080444,0.11854615062475204,0.21847247,-0.6659193,0.110879466,0.1542887,0.4895611,-0.17320578,-0.29458818,0.9987971846042161,0.02561208544299006,0.024969929615105402,0.04784315079450607,0.023921575,95.6863,False,0,0.3183531017429878,0.033785080001184756,0.17112043511687441,0.35070589551985487,0.010828043427226312,0.1697479006195856,0.9761309964777217,0.0036835353688537955,0.008518257059872454,0.21698434835007946,0.21651419,0.21151058,0.18445662,0.2418620339654784,4.898098995909095e-05,0.00012022299051750451,0.0005943440046394244,0.000272356002824381,0.00018306200217921287,0.00010165500862058252,0.0017150610074168071,0.01809269499790389,0.019807756005320698,50.48527454252683,0
165,3.320126632999745,-0.30419618288149053,-1.7124206028380335,1.7000439802752894,-1.6871253452696742,-1.5815509001361292,0.11759550124406815,0.03138849139213562,-1.0497757196426392,-0.9180355072021484,-0.3360297977924347,0.09681273251771927,-0.18586573004722595,-0.13349996507167816,-0.5187958478927612,-0.6121241450309753,-0.0908694937825203,0.09969906508922577,-0.12103063613176346,-0.43738091817204483,-1.0650777837498877,-1.1496825886843192,-0.030106605157439396,-0.010565076126372693,-0.07520533727848507,-0.2943435,-1.7380178,1.705767,-1.6757884,-1.5602773,0.11105744,-0.2943435,-1.7380178,1.705767,-1.6757884,-1.5602773,0.11105744,-0.30419617891311646,-1.7124205827713013,1.70004403591156,-1.687125325202942,-1.5815509557724,0.11759550124406815,0.246317,-0.63993126,0.14307632,0.2834245,0.5318412,-0.16345151,-0.3466175,0.9568625581163568,0.018679735641926522,0.023921563952908922,0.04784315079450607,0.023921575,95.6863,False,0,0.31781434661753005,0.03485614208902949,0.17142198708451478,0.35071747292122624,0.010810546051676747,0.1696831326628332,0.9761158138245941,0.004367584406359532,0.009094178106105242,0.21701644349702304,0.21651419,0.21151058,0.18445662,0.24188692282573068,4.07370098400861e-05,0.00011534399527590722,0.0005282450001686811,0.0002674029965419322,0.00017988099716603756,9.687799320090562e-05,0.0015389350010082126,0.01832260299124755,0.019861537992255762,50.34856819194522,0
166,3.340135544000077,-0.30459815660585576,-1.7153107128539027,1.7007439772235315,-1.6853224239745082,-1.579797093068258,0.11707352846860886,-0.1872401088476181,-1.0880346298217773,-0.9313525557518005,-0.4341298043727875,0.11042729020118713,-0.2085263580083847,-0.1263897567987442,-0.8298637270927429,-0.6412334442138672,-0.13777485489845276,0.1543840616941452,-0.14233185350894928,0.2730974928955092,-2.203243724040766,-1.5737150098425767,-0.09267987900549368,-0.013494337730864461,-0.02697046380423824,-0.2942936,-1.7402688,1.7074751,-1.6746296,-1.5575206,0.11079397,-0.2942936,-1.7402688,1.7074751,-1.6746296,-1.5575206,0.11079397,-0.3045981526374817,-1.7153106927871704,1.7007440328598022,-1.6853224039077759,-1.5797971487045288,0.11707352846860886,0.25761345,-0.62395394,0.1682771,0.26732147,0.5569136,-0.15698895,-0.34873325,0.8754192698662813,0.01170507071539759,0.021885481746657033,0.04784315079450607,0.023921575,95.6863,False,0,0.3173656076800749,0.03530982180896943,0.17182717846535883,0.35065234622139396,0.010778054751468176,0.16967554334966528,0.9761709599888524,0.004377250690368492,0.008984417781220375,0.21677265337884444,0.21651419,0.21151058,0.18445662,0.24187822267812498,0.00010698400728870183,0.00011468699085526168,0.0004939760110573843,0.00022773200180381536,0.0001531120069557801,9.850198694039136e-05,0.0015202979993773624,0.01830579899251461,0.019826096991891973,50.43857096073712,0
167,3.360134360002121,-0.3046625296222132,-1.7186199627318324,1.7010563055621546,-1.6839128933348597,-1.5780661741839808,0.1165657714009285,0.2627066373825073,-0.9599632620811462,-0.759193480014801,-0.2975243330001831,0.27323371171951294,-0.23060671985149384,0.3838740587234497,-0.8388582468032837,-0.5957860350608826,-0.1342197209596634,0.1941668838262558,-0.15635697543621063,-0.12865252114732947,0.599882658333711,0.4609652641759651,0.0005231270943658606,-0.019552495575775194,-0.08519414980756919,-0.29488492,-1.743842,1.7074265,-1.6734676,-1.5565939,0.11015334,-0.29488492,-1.743842,1.7074265,-1.6734676,-1.5565939,0.11015334,-0.3046625256538391,-1.7186199426651,1.7010563611984253,-1.6839128732681274,-1.5780662298202515,0.1165657714009285,0.24444011,-0.6305504,0.15925543,0.2611306,0.5368082,-0.1603108,-0.35001373,0.7608813652698643,0.004704796057194465,0.019022034131746607,0.04784315079450607,0.023921575,95.6863,False,0,0.31706044024508434,0.03581635647574031,0.1725255977713452,0.3506922638897915,0.010904790690456169,0.16960128558421436,0.9761052229017153,0.005119747211728914,0.00921365289821825,0.2170426934249216,0.21651419,0.21151058,0.18445662,0.24179975580774293,3.99839918827638e-05,0.00011360400822013617,0.0007002000056672841,0.00027896299434360117,0.0001600440009497106,9.915400005411357e-05,0.0017119469994213432,0.018117822997737676,0.01982976999715902,50.42922838455859,0
168,3.3800930779980263,-0.3039816061602991,-1.721919675866598,1.701583210621969,-1.6824923954405726,-1.5754688421832483,0.11578009277582169,0.5030099749565125,-0.9866442680358887,-0.6959977149963379,-0.2993842661380768,0.3512405455112457,-0.23613955080509186,0.3376201093196869,-0.7950897812843323,-0.5810635685920715,-0.11835279315710068,0.18679285049438477,-0.15015484392642975,-1.366792107441889,2.711475995771586,0.9396348876715084,0.090912207706312,0.02811619949980303,-0.09136901222945758,-0.29493853,-1.7472124,1.70711,-1.6738957,-1.5547777,0.1092295,-0.29493853,-1.7472124,1.70711,-1.6738957,-1.5547777,0.1092295,-0.30398160219192505,-1.7219196557998657,1.7015832662582397,-1.6824923753738403,-1.575468897819519,0.11578009277582169,0.22607675,-0.6323203,0.13816833,0.21491538,0.5172794,-0.16376491,-0.35341254,0.6340678043915535,0.0,0.01585169510978884,0.04784315079450607,0.023921575,95.6863,False,0,0.3167408130825704,0.03677037950885556,0.17314715590807053,0.3506853684900562,0.010850106944811536,0.1696545493659471,0.9761257141295279,0.004793250969822298,0.009466044094738045,0.21694704875129153,0.21651419,0.21151058,0.18445662,0.24183803383814315,5.7358003687113523e-05,0.00011972700303886086,0.0007312399975489825,0.00029781599005218595,0.0001893179869512096,0.00012257900380063802,0.001880387993878685,0.017895522993057966,0.01977591098693665,50.56657064549738,0
169,3.400138566008536,-0.30248719850649053,-1.7252079449095667,1.7027466932879847,-1.6807214222350062,-1.5722201506244105,0.11485814303159714,0.1756659746170044,-1.0750764608383179,-0.9435266852378845,-0.477142333984375,0.11893011629581451,-0.19467738270759583,0.26280346512794495,-0.7666783928871155,-0.5891541838645935,-0.12202176451683044,0.17171858251094818,-0.14670971035957336,-0.20439517077314145,-2.4461853959632873,-1.6611030560702962,-0.09380034507012036,-0.0054233920876851395,-0.06547226388588685,-0.2941153,-1.7506082,1.70759,-1.6728941,-1.5523257,0.10815129,-0.2941153,-1.7506082,1.70759,-1.6728941,-1.5523257,0.10815129,-0.30248719453811646,-1.7252079248428345,1.7027467489242554,-1.680721402168274,-1.5722202062606812,0.11485814303159714,0.20929727,-0.63500667,0.121079706,0.19568223,0.49736217,-0.16767137,-0.3535473,0.5283898369929613,0.0,0.013209745924824033,0.04784315079450607,0.023921575,95.6863,False,0,0.3162257252308994,0.03819422531930556,0.1735150421272804,0.3507093586140503,0.010806472922286281,0.16973659285400372,0.9761502864645618,0.003922186320322949,0.00903166247891305,0.21687235910035457,0.21651419,0.21151058,0.18445662,0.24188254134809165,4.609400639310479e-05,0.0001390129909850657,0.0005705479998141527,0.0003251799935242161,0.00017734999710228294,0.00011182200978510082,0.0017694199923425913,0.01806943101109937,0.01983885100344196,50.406144984228376,0
170,3.420143558003474,-0.3011100927935999,-1.728830476800436,1.7035473028766077,-1.6794072590269984,-1.5693877379046839,0.11399975419044495,0.22866196930408478,-1.049534797668457,-0.8292250633239746,-0.39101532101631165,0.1970674693584442,-0.21718153357505798,0.220003142952919,-0.7544710636138916,-0.603384256362915,-0.13133768737316132,0.1616179198026657,-0.14599114656448364,0.13272000305146864,-0.8729948159135905,-0.4908825980624899,-0.03552669891208075,-0.021140975355922437,-0.07369560568127481,-0.2927124,-1.7541094,1.7087458,-1.6710114,-1.5494524,0.10731391,-0.2927124,-1.7541094,1.7087458,-1.6710114,-1.5494524,0.10731391,-0.30111008882522583,-1.7288304567337036,1.7035473585128784,-1.6794072389602661,-1.5693877935409546,0.11399975419044495,0.2099426,-0.63197434,0.12996148,0.20989558,0.49838498,-0.16714622,-0.35495237,0.4403248641608011,0.0,0.011008121604020028,0.04784315079450607,0.023921575,95.6863,False,0,0.3158480794566194,0.039433868583628,0.1741515251795411,0.35066681874188366,0.010849783798438595,0.1697337480804702,0.976177854988384,0.003780605484127101,0.008544535000287942,0.21677055433642348,0.21651419,0.21151058,0.18445662,0.24182317635002173,4.5177002903074026e-05,0.0001271840010304004,0.0005484280118253082,0.0012700439983746037,0.0001971909950952977,0.00012109799718018621,0.002662147002411075,0.017150647996459156,0.01981279499887023,50.47243460889906,0
171,3.4401435790059622,-0.2998259703265589,-1.7324091396727503,1.704165283833639,-1.6782165966429652,-1.56645375887026,0.11305832862854004,0.23191413283348083,-0.8713805675506592,-0.7524651288986206,-0.37422096729278564,0.20112615823745728,-0.21894043684005737,0.2101495862007141,-0.7458824515342712,-0.6064097285270691,-0.13332520425319672,0.15918682515621185,-0.14647440612316132,-0.04040132360674313,-0.8374904793865553,0.8192779507687504,-0.02934295358273696,-0.005933979097897907,-0.07385821436994872,-0.29065675,-1.7569654,1.7090617,-1.6685445,-1.5471435,0.106905326,-0.29065675,-1.7569654,1.7090617,-1.6685445,-1.5471435,0.106905326,-0.2998259663581848,-1.732409119606018,1.7041653394699097,-1.678216576576233,-1.5664538145065308,0.11305832862854004,0.22923031,-0.6139059,0.12241142,0.24180183,0.48275793,-0.15382497,-0.40797046,0.3669373868006676,0.0,0.00917343467001669,0.04882355034351349,0.024411775,97.6471,False,3,0.3155422312927488,0.04064652029651612,0.1748489940701429,0.3506462714176808,0.010898029710476362,0.16966086761005145,0.9762319598279814,0.004645132409227613,0.008631376736808721,0.21650663431514017,0.21651419,0.21151058,0.18445662,0.2417761932421973,4.850700497627258e-05,0.00013109600695315748,0.0006073929980630055,0.0003338140086270869,0.00020660100562963635,0.0001474169985158369,0.001911530998768285,0.017892050003865734,0.01980358100263402,50.495917878033914,0
172,3.4601264689990785,-0.29867726961244756,-1.7357713184752406,1.7050212065326136,-1.6769286594786585,-1.5636480490313929,0.1121758222579956,0.2770986258983612,-1.0694139003753662,-0.8516167402267456,-0.4063017964363098,0.21814534068107605,-0.25016170740127563,0.21780835092067719,-0.7403907775878906,-0.5999759435653687,-0.1273137629032135,0.16059786081314087,-0.14626246690750122,-0.291788908475657,0.2986340171049053,-0.5410827886068503,0.002842663080388913,-0.00638204086750763,-0.07938531368315405,-0.2906614,-1.7605928,1.7095162,-1.6702654,-1.5440916,0.10565737,-0.2906614,-1.7605928,1.7095162,-1.6702654,-1.5440916,0.10565737,-0.2986772656440735,-1.7357712984085083,1.7050212621688843,-1.6769286394119263,-1.5636481046676636,0.1121758222579956,0.20039652,-0.62053907,0.112373665,0.16658007,0.48891258,-0.16296132,-0.37977305,0.305781155667223,0.0,0.007644528891680576,0.04882355034351349,0.024411775,97.6471,False,3,0.3151633104780431,0.04180736783089,0.1753936462323646,0.3507067044190119,0.010833789130561804,0.1697328718278068,0.9763203436729802,0.0038421916201943187,0.008714002859441298,0.21612005012096502,0.21651419,0.21151058,0.18445662,0.24185862980747916,4.179199459031224e-05,0.00012650599819608033,0.0005395000043790787,0.00035830300475936383,0.00019447699014563113,0.00010815200221259147,0.0017272099939873442,0.01807088499481324,0.019798094988800585,50.50991019922277,0
173,3.4800762950035278,-0.29736549059023076,-1.7392364941039027,1.7058170477496546,-1.6757961712279261,-1.560693089162008,0.11126905679702759,0.20289883017539978,-1.068484902381897,-0.8710625767707825,-0.4260680377483368,0.1336446851491928,-0.20663297176361084,0.23315897583961487,-0.729343056678772,-0.5977399945259094,-0.1194378212094307,0.16090796887874603,-0.14439953863620758,-0.7598485544628228,-1.4125951896013211,-0.8163687777513664,-0.06167291438126589,0.008575357779610675,-0.06662006394263913,-0.2894434,-1.7639818,1.710393,-1.6689658,-1.541288,0.10475455,-0.2894434,-1.7639818,1.710393,-1.6689658,-1.541288,0.10475455,-0.2973654866218567,-1.7392364740371704,1.7058171033859253,-1.6757961511611938,-1.5606931447982788,0.11126905679702759,0.19805178,-0.61863315,0.11439513,0.17075886,0.4851279,-0.16286261,-0.38490525,0.25481762972268585,0.0,0.006370440743067147,0.04882355034351349,0.024411775,97.6471,False,3,0.31482743336200314,0.043039705529555515,0.17600572294288921,0.35070299702993496,0.010880126122067072,0.16968717412581222,0.9763039973902501,0.004300166073899011,0.00895394389787734,0.2161753843323636,0.21651419,0.21151058,0.18445662,0.2418209135258596,4.068300768267363e-05,0.00014958399697206914,0.0005263670027488843,0.00027378399681765586,0.00017910200404003263,0.0003274540067650378,0.0018241840007249266,0.017954383001779206,0.019778567002504133,50.55978018394313,0
174,3.500075272997492,-0.2961362043963831,-1.7427922687926234,1.7063921133624476,-1.6746145687498988,-1.558084789906637,0.11033521592617035,0.15656939148902893,-0.9660924077033997,-0.7941355109214783,-0.4227962791919708,0.15571045875549316,-0.24906635284423828,0.2205689251422882,-0.7278950810432434,-0.602120578289032,-0.1296614557504654,0.16205233335494995,-0.14517071843147278,-0.2950794526999716,-1.2041401028018182,-0.3632192064708065,-0.03340312385809165,-0.035998889218321756,0.054262056459068946,-0.28836653,-1.7673302,1.7109777,-1.6683683,-1.5388074,0.10386926,-0.28836653,-1.7673302,1.7109777,-1.6683683,-1.5388074,0.10386926,-0.29613620042800903,-1.7427922487258911,1.7063921689987183,-1.6746145486831665,-1.5580848455429077,0.11033521592617035,0.19424151,-0.61344784,0.11463791,0.15615436,0.48193556,-0.16164896,-0.39006266,0.21234802476890488,0.0,0.005308700619222622,0.04882355034351349,0.024411775,97.6471,False,3,0.3145000737103745,0.044157017019192835,0.17670949441119374,0.3505956722203302,0.010786860522662929,0.1696847397817521,0.9760934467942073,0.004787599673071456,0.009532354923999675,0.21708928779708184,0.21651419,0.21151058,0.18445662,0.2418389269983114,5.8545992942526937e-05,0.00014433999604079872,0.0006563079950865358,0.00031972599390428513,0.00017823600501287729,0.00010165199637413025,0.0018135400023311377,0.0179996769875288,0.01981321698985994,50.47135962381993,0
175,3.520087486002012,-0.2951238791095179,-1.746287008325094,1.70697528520693,-1.6735578976073207,-1.5555599371539515,0.10945723205804825,0.28673458099365234,-0.8983529210090637,-0.7612805962562561,-0.3887884318828583,0.2625798285007477,-0.23523613810539246,0.22025945782661438,-0.7257387042045593,-0.5990632176399231,-0.1316780298948288,0.1636170595884323,-0.14597854018211365,0.05612488085542164,1.0161786428515074,0.1378388443246925,0.014131777872813087,-0.02090360004412948,-0.08585544964395939,-0.28757113,-1.7707223,1.7113087,-1.667906,-1.5366223,0.103046425,-0.28757113,-1.7707223,1.7113087,-1.667906,-1.5366223,0.103046425,-0.2951238751411438,-1.7462869882583618,1.7069753408432007,-1.6735578775405884,-1.5555599927902222,0.10945723205804825,0.1888184,-0.6108831,0.10833563,0.1412951,0.4734438,-0.16027026,-0.39497295,0.17695668730742076,0.0,0.004423917182685519,0.04882355034351349,0.024411775,97.6471,False,3,0.3141990692647956,0.04517900272718715,0.17740666307030084,0.3506198326528046,0.010779127717154575,0.16969326529468476,0.9760549377907995,0.00451244898752578,0.009709251718697668,0.21726047392449832,0.21651419,0.21151058,0.18445662,0.24185822024629514,4.3127001845277846e-05,0.00010715798998717219,0.0005355549947125837,0.00031251700420398265,0.00017285200010519475,9.132199920713902e-05,0.001635198001167737,0.01819922699360177,0.019834424994769506,50.417393005529924,0
176,3.540136125011486,-0.29388553300966436,-1.7496143780150355,1.7076438109027308,-1.6725007496275843,-1.552687946950094,0.10857462137937546,0.16582909226417542,-1.0285710096359253,-0.801713764667511,-0.4254046678543091,0.1330898255109787,-0.21043814718723297,0.22278790175914764,-0.72259122133255,-0.5985085964202881,-0.13004665076732635,0.16332733631134033,-0.14585743844509125,-0.173889039982016,-1.2008093739524186,-0.02500566724711941,-0.04262049670690521,-0.004214334172473464,-0.07080758269261206,-0.28670064,-1.7740214,1.7115936,-1.6676244,-1.5342661,0.10215978,-0.28670064,-1.7740214,1.7115936,-1.6676244,-1.5342661,0.10215978,-0.2938855290412903,-1.7496143579483032,1.7076438665390015,-1.672500729560852,-1.5526880025863647,0.10857462137937546,0.1796224,-0.61017555,0.09874417,0.12191074,0.46054634,-0.1603709,-0.39892218,0.1474639060895173,0.0,0.0036865976522379327,0.04882355034351349,0.024411775,97.6471,False,3,0.31389424044371483,0.04635480896213128,0.1780282519092221,0.3506131349464316,0.01079644096892219,0.16967680632987864,0.9761114448654407,0.004955820549862574,0.009479481242854377,0.2170068738785742,0.21651419,0.21151058,0.18445662,0.2418411426250673,5.12140104547143e-05,0.00011871100286953151,0.0005303630023263395,0.00024231200222857296,0.0001502599916420877,9.56579897319898e-05,0.0014951469929656014,0.018382154012215324,0.019877301005180925,50.30864098397235,0
177,3.5600869150075596,-0.29276782671083623,-1.7529317341246546,1.7083924452411097,-1.6715909443297328,-1.5500124136554163,0.1076454296708107,0.15871115028858185,-1.0506290197372437,-0.887855052947998,-0.44286981225013733,0.14013861119747162,-0.20011574029922485,0.2213836908340454,-0.7199071645736694,-0.6006499528884888,-0.1309245377779007,0.16163524985313416,-0.14555031061172485,-0.41652670311026785,-1.6235930878817415,-1.0779709609012016,-0.05243091791982912,-0.012765478324934463,-0.06649259935681505,-0.28569973,-1.7771037,1.7123073,-1.6668929,-1.5316837,0.10128288,-0.28569973,-1.7771037,1.7123073,-1.6668929,-1.5316837,0.10128288,-0.29276782274246216,-1.7529317140579224,1.7083925008773804,-1.6715909242630005,-1.550012469291687,0.1076454296708107,0.17670278,-0.6043001,0.0978696,0.11745058,0.45821968,-0.15906368,-0.40306243,0.1228865884079311,0.0,0.0030721647101982774,0.04882355034351349,0.024411775,97.6471,False,3,0.31359307552045235,0.04744330104819523,0.17863674660763168,0.3506106724015186,0.010775383142337133,0.16969862545347827,0.976106966339629,0.0046986635644641,0.010139119343104793,0.21700305550127086,0.21651419,0.21151058,0.18445662,0.2418559219547931,4.049199924338609e-05,0.00011704298958647996,0.0005030089960200712,0.00026432199229020625,0.00017350100097246468,9.719800436869264e-05,0.0015180939954007044,0.01826472600805573,0.019782820003456436,50.54891061159536,0
178,3.5801297230063938,-0.2918279806720179,-1.7563873730101527,1.7089207808123987,-1.6708351574339808,-1.5475390593158167,0.10679427534341812,0.2913471460342407,-0.9377264976501465,-0.7899709939956665,-0.39097103476524353,0.2517111897468567,-0.21592044830322266,0.22046130895614624,-0.715848445892334,-0.6027966141700745,-0.13220126926898956,0.16068923473358154,-0.1454581320285797,-0.07907655052605798,0.5199767983380027,-0.002952221216272477,0.0004506121194899227,-0.021557623698607004,-0.062233153937326716,-0.28480443,-1.7803334,1.7130355,-1.6661506,-1.5293216,0.10050169,-0.28480443,-1.7803334,1.7130355,-1.6661506,-1.5293216,0.10050169,-0.2918279767036438,-1.7563873529434204,1.7089208364486694,-1.6708351373672485,-1.5475391149520874,0.10679427534341812,0.17558894,-0.59864986,0.102865465,0.11711476,0.4554382,-0.15731464,-0.4074556,0.10240549033994258,0.0,0.0025601372584985647,0.04882355034351349,0.024411775,97.6471,False,3,0.31335735996405306,0.048407684865991216,0.17937454653422766,0.35057821031057773,0.010804359003176531,0.16970770997106674,0.9760596098370748,0.004618325422447765,0.01050466186898201,0.21720023077302578,0.21651419,0.21151058,0.18445662,0.24181332007738507,4.872800491284579e-05,0.0001156229991465807,0.0008284329960588366,0.00024281399964820594,0.00020348500402178615,0.00015524499758612365,0.001961763991857879,0.01788303100329358,0.01984479499515146,50.391047135751364,0
179,3.6001214170100866,-0.29076844850649053,-1.7598372898497523,1.7094181219684046,-1.6700917683043421,-1.5448711554156702,0.10587690025568008,0.22070619463920593,-0.9096229672431946,-0.7784495949745178,-0.3772577941417694,0.20776157081127167,-0.19139128923416138,0.2217964082956314,-0.7072083950042725,-0.5997706055641174,-0.1306457817554474,0.1612863838672638,-0.1454828530550003,0.18457337757063713,-0.1937083283328166,0.36515685320522745,-0.006500253187476306,-0.024501072654670927,-0.07521517866826544,-0.3028493,-1.7717711,1.6997981,-1.6823686,-1.5425613,0.10107108,-0.3028493,-1.7717711,1.6997981,-1.6823686,-1.5425613,0.10107108,-0.29076844453811646,-1.75983726978302,1.7094181776046753,-1.6700917482376099,-1.544871211051941,0.10587690025568008,-0.30202138,-0.29834503,-0.24050286,-0.30692157,0.057748366,-0.120145425,-0.23576804,0.08533790861661882,0.0,0.0021334477154154705,0.0443136990070343,0.02215685,88.6274,False,0,0.3131342840718544,0.04945123947577623,0.18012317626127022,0.3505229255019608,0.010831797092048578,0.1696458240572777,0.9761436586576434,0.005010674504754678,0.010174401631729182,0.21682933121232054,0.21651419,0.21151058,0.18445662,0.24176368111585042,4.076199547853321e-05,0.0001167150039691478,0.00048763799713924527,0.00028203199326526374,0.0001713270030450076,0.00011162299779243767,0.0015246300026774406,0.018300608004210517,0.019825238006887957,50.440756355740405,0
180,3.620131757008494,-0.2896836439715784,-1.7631012401976527,1.7101042906390589,-1.6693459949889125,-1.5422118345843714,0.10497976094484329,0.13848470151424408,-0.9280014634132385,-0.8490058183670044,-0.4330369830131531,0.15450285375118256,-0.21092545986175537,0.22253796458244324,-0.7019261121749878,-0.596890389919281,-0.12866367399692535,0.16146883368492126,-0.14519202709197998,0.06227245382510414,-1.5819175076076974,-0.7057039783583764,-0.05518905829375463,-0.028598650250107927,-0.06486659012787624,-0.28552455,-1.7874781,1.7120798,-1.6699804,-1.5273846,0.09839836,-0.28552455,-1.7874781,1.7120798,-1.6699804,-1.5273846,0.09839836,-0.28968364000320435,-1.7631012201309204,1.7101043462753296,-1.6693459749221802,-1.542211890220642,0.10497976094484329,0.10397762,-0.60942096,0.049385708,-0.015859528,0.370681,-0.16453518,-0.35711902,0.07111492384718235,0.0,0.0017778730961795588,0.0443136990070343,0.02215685,88.6274,False,0,0.3128718722916548,0.05051090425783628,0.18075547580133247,0.3506543892397551,0.010877303111210688,0.16965684475513504,0.9760895652003964,0.0047489688918072445,0.009401812796882727,0.2171133441693583,0.21651419,0.21151058,0.18445662,0.24179814086448173,3.859501157421619e-05,0.00011564799933694303,0.00047459700726903975,0.0002469419996486977,0.00015167699893936515,0.0001091900048777461,0.0014547509927069768,0.018390677010756917,0.019845428003463894,50.38943981583347,0
181,3.640100673001143,-0.288950268422262,-1.766320367852682,1.7105711142169397,-1.6688176594176234,-1.5398619810687464,0.10413593053817749,-0.022033067420125008,-0.8499549627304077,-0.9717046022415161,-0.5419961214065552,0.10041183233261108,-0.19870047271251678,-0.04298379272222519,-0.5209103226661682,-0.6799205541610718,-0.19407421350479126,0.10585252940654755,-0.14057832956314087,0.8900242079223757,-1.7277757288718454,-1.1398908747423393,-0.061546902651043,-0.05204873728982611,-0.062154658633319426,-0.28453234,-1.7898471,1.714442,-1.6676241,-1.524155,0.09774948,-0.28453234,-1.7898471,1.714442,-1.6676241,-1.524155,0.09774948,-0.28895026445388794,-1.7663203477859497,1.7105711698532104,-1.6688176393508911,-1.539862036705017,0.10413593053817749,0.11044781,-0.58816916,0.09677086,0.029838845,0.39267606,-0.1596613,-0.35205668,0.059262436539318626,0.0,0.0014815609134829657,0.0443136990070343,0.02215685,88.6274,False,0,0.3126949993941164,0.0513629970448619,0.18147158392641521,0.35058598888795284,0.010811509602285191,0.16971293614620817,0.9760340276713296,0.004853487454396476,0.010950227331599277,0.2172880944980457,0.21651419,0.21151058,0.18445662,0.24181137909606892,3.9291990105994046e-05,0.00011293998977635056,0.0004833819984924048,0.0002707740059122443,0.0001494590105721727,9.290300658904016e-05,0.0014587290061172098,0.018345082993619144,0.019803811999736354,50.495328879778945,0
182,3.660135595011525,-0.2892692724810999,-1.7689501247801722,1.710268799458639,-1.669345041314596,-1.5384047667132776,0.10332965850830078,-0.1834230124950409,-0.9490471482276917,-1.4036388397216797,-0.7484750151634216,0.16148175299167633,-0.17860820889472961,-0.19031842052936554,-0.7387690544128418,-1.0894442796707153,-0.41617006063461304,0.14481079578399658,-0.14588715136051178,0.3327130044393225,-1.333919745778791,-0.7661192341154118,-0.06101550683266356,-0.04134846374274673,-0.06577766337266329,-0.28493083,-1.7914749,1.714563,-1.6676288,-1.5223335,0.09724466,-0.28493083,-1.7914749,1.714563,-1.6676288,-1.5223335,0.09724466,-0.28926926851272583,-1.76895010471344,1.7102688550949097,-1.6693450212478638,-1.5384048223495483,0.10332965850830078,0.10846127,-0.5631213,0.1073537,0.042905014,0.40178183,-0.15212502,-0.36706793,0.04938536378276553,0.0,0.0012346340945691382,0.0443136990070343,0.02215685,88.6274,False,0,0.31290519713730197,0.05156593464173832,0.18239653372004788,0.350805207774027,0.010173284341923857,0.16919669313673805,0.976850402685961,0.0038858116069875994,0.01679577775102414,0.21322771421894143,0.21651419,0.21151058,0.18445662,0.24249464361147585,5.680799949914217e-05,0.00015937400166876614,0.0006873300008010119,0.00026010099099949,0.00023992299975361675,0.00013288900663610548,0.0019246090087108314,0.017887801004690118,0.01981241001340095,50.47341536560208,0
183,3.6801279979990795,-0.28944665590395147,-1.7717672787108363,1.709895435963766,-1.670143266717428,-1.5370453039752405,0.10252008587121964,0.21680745482444763,-0.8529883623123169,-1.0943524837493896,-0.5101076364517212,0.24665948748588562,-0.18368352949619293,0.1355305314064026,-0.7610352635383606,-0.871263861656189,-0.3728198707103729,0.17770157754421234,-0.1481575220823288,-1.0511409371719138,1.0649329799370852,1.21179074506867,0.032218223892530824,0.0067511519323965605,-0.08488621082884813,-0.28576934,-1.7940555,1.7132527,-1.6698903,-1.5220549,0.09647293,-0.28576934,-1.7940555,1.7132527,-1.6698903,-1.5220549,0.09647293,-0.2894466519355774,-1.771767258644104,1.7098954916000366,-1.6701432466506958,-1.5370453596115112,0.10252008587121964,0.091932416,-0.55720454,0.08392947,0.006323711,0.37476155,-0.15117896,-0.37694842,0.04115446981897128,0.0,0.001028861745474282,0.0443136990070343,0.02215685,88.6274,False,0,0.3131644580829173,0.05177214742885431,0.18343229258639426,0.3506966475203937,0.010205674135228888,0.16903028025778274,0.976687546501283,0.0035812223972554436,0.017672760999033563,0.21390705792432152,0.21651419,0.21151058,0.18445662,0.24241817531187715,3.882400051224977e-05,0.0001316559937549755,0.0005608479987131432,0.00036826200084760785,0.00016870499530341476,0.00010946200927719474,0.0017195839900523424,0.018100483997841366,0.019820067987893708,50.45391371062954,0
184,3.700125661009224,-0.28909522691835576,-1.7746197185912074,1.7102225462542933,-1.6701022587218226,-1.5350387732135218,0.10165803134441376,0.3014283776283264,-1.0650802850723267,-0.9103648066520691,-0.49579277634620667,0.25471338629722595,-0.18583068251609802,0.2761506140232086,-0.7150295972824097,-0.5655068755149841,-0.24299128353595734,0.17262621223926544,-0.14569227397441864,-0.9520632889510077,0.7327423573437786,-0.38589654477705326,0.0161618647322071,0.005938997418189189,-0.07948466515844409,-0.28604263,-1.7966372,1.7123625,-1.6719543,-1.5210395,0.095632344,-0.28604263,-1.7966372,1.7123625,-1.6719543,-1.5210395,0.095632344,-0.2890952229499817,-1.774619698524475,1.710222601890564,-1.6701022386550903,-1.5350388288497925,0.10165803134441376,0.07631445,-0.55043566,0.05349845,-0.046302177,0.34998405,-0.15064211,-0.3849055,0.0342953915158094,0.0,0.000857384787895235,0.0443136990070343,0.02215685,88.6274,False,0,0.31311871342101144,0.05238653829778734,0.18414796812957665,0.35074451107339844,0.010240068012739004,0.16912687007697363,0.9766525941822399,0.0035782213434937074,0.016519705751964944,0.21415871201508996,0.21651419,0.21151058,0.18445662,0.24240998753538967,3.8605998270213604e-05,0.00011373599409125745,0.0004734539979835972,0.00025822900352068245,0.00015413500659633428,0.00010108899732585996,0.0014424210094148293,0.018389801000012085,0.019832222009426914,50.42299342578289,0
185,3.720528482008376,-0.28843576112856084,-1.77789368251943,1.710715119038717,-1.6698194942870082,-1.5327413717852991,0.10082738846540451,0.1304444968700409,-0.9417740702629089,-0.9047656655311584,-0.5551711916923523,0.12591266632080078,-0.17472848296165466,0.23047710955142975,-0.6869252324104309,-0.5911272764205933,-0.15264545381069183,0.16099269688129425,-0.14471283555030823,0.7607009050242972,-1.6181848382201254,-1.3022703609120008,-0.053920155005117036,-0.05574126712773773,-0.06331975448305835,-0.28578395,-1.7996627,1.7126311,-1.6717032,-1.5193262,0.09480117,-0.28578395,-1.7996627,1.7126311,-1.6717032,-1.5193262,0.09480117,-0.28843575716018677,-1.7778936624526978,1.7107151746749878,-1.6698194742202759,-1.5327414274215698,0.10082738846540451,0.06629555,-0.5442251,0.04789851,-0.047094975,0.33538008,-0.15065545,-0.38966098,0.028579492929841167,0.0,0.0007144873232460292,0.0443136990070343,0.02215685,88.6274,False,0,0.31297669179113025,0.053192804862635265,0.18490141131460314,0.350728050507747,0.010302905169693129,0.1691779709505189,0.9766563182810494,0.003695215217525299,0.015885037510118653,0.21418793624155735,0.21651419,0.21151058,0.18445662,0.24234547367883916,3.7124991649761796e-05,0.00011204600741621107,0.0007647320016985759,0.0002879220119211823,0.00015798700042068958,9.4682996859774e-05,0.0017700799944577739,0.018473835007171147,0.02024391500162892,49.39755970717795,0
186,3.7401051500055473,-0.28795177141298467,-1.781177660027975,1.7110069433795374,-1.669875284234518,-1.5308015982257288,0.09994079917669296,0.20068520307540894,-0.7733538746833801,-0.7394874691963196,-0.5509799718856812,0.2729831039905548,-0.17267616093158722,0.21760573983192444,-0.7209856510162354,-0.6162024736404419,-0.24410662055015564,0.15884476900100708,-0.14735102653503418,0.5246665774100949,0.5614342972146643,0.7985481128784062,0.019487113004283525,-0.03773349507292445,-0.07331144451388512,-0.28546694,-1.8024946,1.7129949,-1.6717494,-1.5175725,0.09401543,-0.28546694,-1.8024946,1.7129949,-1.6717494,-1.5175725,0.09401543,-0.2879517674446106,-1.7811776399612427,1.711006999015808,-1.6698752641677856,-1.5308016538619995,0.09994079917669296,0.062120467,-0.53292495,0.04969935,-0.046851926,0.33072716,-0.14813423,-0.39547998,0.023816244108200973,0.0,0.0005954061027050243,0.0443136990070343,0.02215685,88.6274,False,0,0.31292789609651367,0.05383049784110847,0.1857635097058206,0.3506611619889764,0.010451020190272317,0.16924147113431642,0.976476707320977,0.003885772003627076,0.01478515210860085,0.21508032021380485,0.21651419,0.21151058,0.18445662,0.24218146124586787,4.26680053351447e-05,0.00015562400221824646,0.0006916480051586404,0.00033524799800943583,0.00025107900728471577,0.00013583400868810713,0.001968382013728842,0.017427194994525053,0.019395577008253895,51.55814645650627,0
187,3.760134302006918,-0.287391487752096,-1.7843934498228968,1.7115352789508265,-1.6698957882323207,-1.5285080114947718,0.09906313568353653,0.10001251101493835,-0.8780854344367981,-0.8493832349777222,-0.6781631112098694,0.11106907576322556,-0.17314797639846802,0.2014046609401703,-0.6641541123390198,-0.6072375178337097,-0.36279192566871643,0.15303824841976166,-0.1452304869890213,0.5935191665916166,-1.3957871066405967,-0.19785064415758163,-0.053447928088625675,-0.041942642410051294,-0.07689980617949198,-0.3044739,-1.7573817,1.690845,-1.6867633,-1.5620174,0.10330906,-0.3044739,-1.7573817,1.690845,-1.6867633,-1.5620174,0.10330906,-0.2873914837837219,-1.7843934297561646,1.7115353345870972,-1.6698957681655884,-1.5285080671310425,0.09906313568353653,-0.42706075,0.6752927,-0.51725924,-0.42168817,-0.8377343,0.10614809,-0.34231308,0.01984687009016748,0.0,0.000496171752254187,0.029999999329447746,0.015,60.0,False,0,0.31284353939606035,0.0545885286000949,0.18652595386918097,0.3506421925313828,0.01055350683652203,0.16934797314696978,0.9764106560947131,0.0041066717390030585,0.01378346246452018,0.21544235008081555,0.21651419,0.21151058,0.18445662,0.24207920244924835,5.487899761646986e-05,0.00015581400657538325,0.0007059359923005104,0.00031933099671732634,0.00027064300957135856,0.00018906699551735073,0.002094879004289396,0.017706914004520513,0.01980179300880991,50.500477383795264,0
188,3.780131096005789,-0.28711063066591436,-1.7873584232726039,1.7119677702533167,-1.6701723537840785,-1.5266364256488245,0.09818053245544434,0.27839356660842896,-0.972806990146637,-0.8685272336006165,-0.6924083232879639,0.1657337099313736,-0.17507807910442352,0.20675994455814362,-0.6494710445404053,-0.6035803556442261,-0.40124717354774475,0.1505451798439026,-0.1436241716146469,-0.12485792651870804,0.23664088759367682,-0.5459038138723002,-0.006955039209163823,-0.02978876988247631,-0.08297331192251907,-0.3007976,-1.7881002,1.6969466,-1.690841,-1.5347297,0.0958088,-0.3007976,-1.7881002,1.6969466,-1.690841,-1.5347297,0.0958088,-0.2871106266975403,-1.7873584032058716,1.7119678258895874,-1.6701723337173462,-1.5266364812850952,0.09818053245544434,-0.34217483,-0.018547444,-0.37552902,-0.51671416,-0.20233038,-0.05929335,-0.3481007,0.0165390584084729,0.0,0.0004134764602118225,0.029999999329447746,0.015,60.0,False,0,0.3128249617009179,0.05513970368566788,0.1872772032468898,0.3506309924909745,0.010585373938088775,0.16941831037223865,0.9762890974186464,0.0033940767151663977,0.013758950172199285,0.21600641685209562,0.21651419,0.21151058,0.18445662,0.24204216291640637,3.955900319851935e-05,0.00011747800454031676,0.00047664598969276994,0.0003313040069770068,0.0001712769881123677,0.00017698199371807277,0.00163050000264775,0.018199087004177272,0.019829587006825022,50.42969375286617,0
189,3.8001312039996265,-0.2868889013873499,-1.790077348748678,1.7119916121112269,-1.6704007587828578,-1.5249446074115198,0.097402423620224,-0.40778008103370667,-0.2570250332355499,-1.3083323240280151,-0.8294281959533691,-0.15213370323181152,-0.1044631227850914,-0.5248192548751831,0.0922519639134407,-1.1070550680160522,-0.4327574670314789,-0.001350247417576611,-0.11267045140266418,2.2703615673649398,-2.4851267969988124,0.07434562319031829,-0.10113220316516176,-0.083412100691902,-0.05768305363745063,-0.29958498,-1.7979436,1.7056841,-1.686361,-1.5295321,0.09354148,-0.29958498,-1.7979436,1.7056841,-1.686361,-1.5295321,0.09354148,-0.28688889741897583,-1.7900773286819458,1.7119916677474976,-1.6704007387161255,-1.5249446630477905,0.097402423620224,-0.31740212,-0.19665588,-0.15768935,-0.3990056,-0.11468614,-0.09652352,-0.28286204,0.013782548673727416,0.0,0.00034456371684318544,0.029999999329447746,0.015,60.0,False,0,0.31287325483643896,0.0556090955988971,0.18808873931362322,0.35062723928572775,0.010621397211334312,0.1694263697613977,0.9762847782692057,0.0041965461900485175,0.012582564654889064,0.21608344191628612,0.21651419,0.21151058,0.18445662,0.24200967935924092,3.822799772024155e-05,0.00011485900904517621,0.00047719699796289206,0.0003353240026626736,0.00017430000298190862,0.00010278099216520786,0.0015504490002058446,0.01828084498993121,0.019831293990137056,50.4253530050708,0
190,3.8201320619991748,-0.2876957098590296,-1.789933820764059,1.7108867804156702,-1.671797891656393,-1.5263150374041956,0.09729697555303574,-0.6481205224990845,-0.1302555799484253,-1.5478079319000244,-0.9042593240737915,-0.24713292717933655,-0.013826814480125904,-0.3673042058944702,-0.06256070733070374,-1.1850357055664062,-0.4730401337146759,-0.20745083689689636,0.024310709908604622,2.9610201805947893,-3.721502330140719,-0.25785433442673183,-0.14197679354078474,-0.09284152271274478,-0.05252109662708103,-0.29964298,-1.7966539,1.7078599,-1.6864992,-1.5270932,0.09362455,-0.29964298,-1.7966539,1.7078599,-1.6864992,-1.5270932,0.09362455,-0.2876957058906555,-1.7899338006973267,1.710886836051941,-1.6717978715896606,-1.5263150930404663,0.09729697555303574,-0.29868197,-0.1680028,-0.075672746,-0.36753473,-0.019451123,-0.09181081,-0.27942893,0.01148545722810618,0.0,0.00028713643070265454,0.029999999329447746,0.015,60.0,False,0,0.31333928423009816,0.05489341258120207,0.18858227639222588,0.3506617316813261,0.01066645405277645,0.16948290026697008,0.976161543960255,0.004074944028632983,0.01215185220497065,0.21666660833089366,0.21651419,0.21151058,0.18445662,0.24198789407899207,3.9075996028259397e-05,0.00011154200183227658,0.0004939000064041466,0.0002347429981455207,0.00014973999350331724,9.372300701215863e-05,0.0014265299978433177,0.018415989994537085,0.019842519992380403,50.39682461622836,0
191,3.8401300219993573,-0.2896044890033167,-1.7891184292235316,1.7089508215533655,-1.6742364368834437,-1.5285494963275355,0.0972418263554573,-0.23280613124370575,-0.6191436648368835,-1.547813892364502,-0.814247190952301,-0.08841730654239655,-0.1843126267194748,-0.26686209440231323,-0.4087815582752228,-1.0874449014663696,-0.4313240349292755,-0.11295516043901443,-0.1234806701540947,0.7427552022802747,0.28512416666966395,-0.6836227349708586,-0.015141837597750184,-0.0988330298843792,-0.07127368422710884,-0.30048174,-1.7954509,1.7083874,-1.6858609,-1.5283458,0.09396618,-0.30048174,-1.7954509,1.7083874,-1.6858609,-1.5283458,0.09396618,-0.2896044850349426,-1.7891184091567993,1.7089508771896362,-1.6742364168167114,-1.5285495519638062,0.0972418263554573,-0.27193135,-0.15831314,-0.014087109,-0.29061198,0.005094335,-0.08189126,-0.2698655,0.009571214356755151,0.0,0.0002392803589188788,0.029999999329447746,0.015,60.0,False,0,0.3142071898406186,0.05351524174150701,0.18929028611320373,0.35062697412396837,0.010685999222482239,0.16942271628527014,0.9762351576483432,0.0044112508352454624,0.012586259250725105,0.216303127520645,0.21651419,0.21151058,0.18445662,0.24195613673030186,3.841199213638902e-05,0.00011009200534317642,0.00048674199206288904,0.0002417700015939772,0.00014935299986973405,9.705098636914045e-05,0.0014237409923225641,0.018414821999613196,0.01983856299193576,50.406876768569035,0
192,3.860130029002903,-0.2918346563922327,-1.7888318500914515,1.7071808020221155,-1.6770202122130335,-1.5297845045672815,0.09688253700733185,0.06290791928768158,-1.1472277641296387,-1.3804662227630615,-0.535823404788971,-0.04652136564254761,-0.15093176066875458,-0.20553910732269287,-0.7848743796348572,-1.0366456508636475,-0.3981487452983856,-0.0993511900305748,-0.15051230788230896,-4.540196239784188,2.4477477845204025,0.6192977360172334,0.08107937580473328,0.12442176064901805,-0.09134855387060618,-0.3023241,-1.7947239,1.7055988,-1.689372,-1.5301032,0.093712635,-0.3023241,-1.7947239,1.7055988,-1.689372,-1.5301032,0.093712635,-0.29183465242385864,-1.7888318300247192,1.7071808576583862,-1.6770201921463013,-1.5297845602035522,0.09688253700733185,-0.26223558,-0.14730048,-0.039550215,-0.30879313,-0.007967064,-0.0792475,-0.27627745,0.007976011963962627,0.0,0.0001994002990990657,0.029999999329447746,0.015,60.0,False,0,0.31517294255411504,0.052254322050232845,0.19015089998961568,0.3506549326295674,0.010586528316951657,0.16933428983633886,0.976339405856774,0.004227812831376224,0.013663664231036233,0.21577015880703854,0.21651419,0.21151058,0.18445662,0.2420597054004504,6.165800732560456e-05,0.00016062801296357065,0.0006993510032771155,0.0002587029885035008,0.0002658540033735335,0.0001164559944299981,0.0020133520010858774,0.017766421995474957,0.019779773996560834,50.55669494372751,0
193,3.8800826009974116,-0.293370548878805,-1.7895680866637171,1.706597153340475,-1.6787735424437464,-1.530210320149557,0.09643223136663437,-0.23940959572792053,-1.0892608165740967,-1.593449354171753,-0.8356992602348328,-0.1166883036494255,-0.1670353263616562,-0.19883525371551514,-0.6880596876144409,-1.0244089365005493,-0.3840872645378113,-0.10901608318090439,-0.1441708654165268,-0.08606185287661078,-0.2504564571850183,-1.651529377705766,-0.022534618343532337,-0.026648054597602285,-0.07800696521628508,-0.30423802,-1.7948908,1.703557,-1.6917037,-1.5317504,0.09327133,-0.30423802,-1.7948908,1.703557,-1.6917037,-1.5317504,0.09327133,-0.2933705449104309,-1.7895680665969849,1.7065972089767456,-1.6787735223770142,-1.5302103757858276,0.09643223136663437,-0.27168688,-0.13306677,-0.07600548,-0.32325518,-0.038501672,-0.07902261,-0.28611133,0.006646676636635524,0.0,0.0001661669159158881,0.029999999329447746,0.015,60.0,False,0,0.31567260978218925,0.05153797664462287,0.19078117055777769,0.3506460260146056,0.010489918719579086,0.1692694442095042,0.9763134586355104,0.003975549781116648,0.014918998730577351,0.21580928519130763,0.21651419,0.21151058,0.18445662,0.24213902769688075,4.036500467918813e-05,0.00011656299466267228,0.0005952599894953892,0.00037916000292170793,0.00017301199841313064,9.306299034506083e-05,0.0017197879933519289,0.018065342999761924,0.019785130993113853,50.54300627820188,0
194,3.900077351005166,-0.2947953383075159,-1.791030069390768,1.7060416380511683,-1.6807338200011195,-1.5303786436664026,0.09595700353384018,-0.3702157437801361,-0.5259650349617004,-1.4104063510894775,-0.7529999017715454,-0.020752308890223503,-0.1671164333820343,-0.24180302023887634,-0.6419899463653564,-1.0721863508224487,-0.4074004888534546,-0.03314691409468651,-0.14288266003131866,2.96151731212323,-0.8976093441835238,0.4735596325863034,-0.018557244922357705,-0.10675542039573181,-0.0797359183800537,-0.3030208,-1.75954,1.6976386,-1.6888205,-1.5577812,0.10047613,-0.3030208,-1.75954,1.6976386,-1.6888205,-1.5577812,0.10047613,-0.29479533433914185,-1.7910300493240356,1.706041693687439,-1.6807337999343872,-1.5303786993026733,0.09595700353384018,-0.20563675,0.78725183,-0.21007773,-0.20216835,-0.6850635,0.11297814,-0.3152933,0.00553889719719627,0.0,0.00013847242992990675,0.015882350504398346,0.007941175,31.7647,False,0,0.3161909619781201,0.05091127971888563,0.19164176647444864,0.35062912098178123,0.010450044493155666,0.1692822200305468,0.9763577821726391,0.004100144198447407,0.01499271532248378,0.21560124776456208,0.21651419,0.21151058,0.18445662,0.24216196810488513,4.261299909558147e-05,0.00013760199362877756,0.0005851800087839365,0.0003001260047312826,0.00015585700748488307,0.00010126199049409479,0.0016709779883967713,0.01814044700586237,0.01981142499425914,50.47592489130768,0
195,3.9200914750108495,-0.29637414613832647,-1.7919427357115687,1.7055085341082972,-1.682808061639303,-1.530353848134176,0.09545746445655823,-0.39903193712234497,-0.5964211821556091,-1.3052536249160767,-0.6279924511909485,-0.1995115727186203,-0.17246556282043457,-0.23104915022850037,-0.6213213205337524,-1.07996666431427,-0.40897035598754883,-0.09612961858510971,-0.1416204422712326,0.7608811668837695,-2.155271119048004,1.768376524663967,-0.07849004799643067,-0.03537121000254309,-0.05838608787578553,-0.31552425,-1.7729014,1.6913356,-1.70565,-1.5494318,0.09669495,-0.31552425,-1.7729014,1.6913356,-1.70565,-1.5494318,0.09669495,-0.2963741421699524,-1.7919427156448364,1.7055085897445679,-1.6828080415725708,-1.5303539037704468,0.09545746445655823,-0.4787524,0.47603217,-0.35432473,-0.5710476,-0.47694755,0.030937044,-0.36780846,0.004615747664330225,0.0,0.00011539369160825563,0.015882350504398346,0.007941175,31.7647,False,0,0.3167667596398367,0.05026674974699939,0.1923558420133018,0.3507718147659967,0.010537551941400524,0.16932841573031693,0.9765333877330331,0.0037117848047171238,0.013179556657606784,0.2149304696347166,0.21651419,0.21151058,0.18445662,0.24216550768386877,8.636899292469025e-05,0.00012998998863622546,0.0005416250060079619,0.00037631999293807894,0.00019166100537404418,0.00010129300062544644,0.0017941559926839545,0.018032403007964604,0.019826559000648558,50.437395615007546,0
196,3.9401303979975637,-0.2982600370990198,-1.7918297253050746,1.7054570356952112,-1.6844359836974085,-1.5309231917010706,0.09501592069864273,-0.1128913015127182,-0.2291257232427597,-1.5076507329940796,-0.7127780318260193,-0.20519579946994781,-0.1204303726553917,-0.27505502104759216,0.3202556073665619,-1.006932020187378,-0.3595688045024872,-0.21582148969173431,-0.11745660752058029,-0.5909599786740528,0.06045441359036249,-0.41844305149384947,-0.01404508085372013,-0.02110415170980551,-0.08119014437257241,-0.31671125,-1.7729616,1.6949996,-1.7065793,-1.5495473,0.096264854,-0.31671125,-1.7729616,1.6949996,-1.7065793,-1.5495473,0.096264854,-0.29826003313064575,-1.7918297052383423,1.705457091331482,-1.6844359636306763,-1.5309232473373413,0.09501592069864273,-0.4612802,0.47170198,-0.2614368,-0.5535849,-0.46560153,0.031223245,-0.3326505,0.0038464563869418543,0.0,9.616140967354636e-05,0.015882350504398346,0.007941175,31.7647,False,0,0.31717172049799724,0.04943260368893867,0.19254752204182973,0.35076287990722793,0.01044439117499571,0.16912583538512543,0.976501460663659,0.003914825043019544,0.01584802517684434,0.21489151728032863,0.21651419,0.21151058,0.18445662,0.2422506113905365,4.4788001105189323e-05,0.00014334399020299315,0.0006300499953795224,0.00029414800519589335,0.00018660999194253236,0.00010857099550776184,0.0017799199995351955,0.01806737699371297,0.019847296993248165,50.38469471889241,0
197,3.9600844770029653,-0.29968053499330694,-1.790037294427389,1.704801384602682,-1.6859485111632289,-1.5329325834857386,0.09516192227602005,-0.2516590356826782,-0.4506106376647949,-1.6619224548339844,-0.7917796969413757,-0.18636080622673035,0.05895659327507019,-0.3429719805717468,-0.014256283640861511,-1.1405326128005981,-0.4403388202190399,-0.20289787650108337,0.15257669985294342,0.6430146023051608,-0.053094081329484205,-0.8711556976109408,-0.008844688040237516,-0.07062930040348289,-0.05802994584515943,-0.317702,-1.7702439,1.6957718,-1.7084281,-1.5500957,0.09665653,-0.317702,-1.7702439,1.6957718,-1.7084281,-1.5500957,0.09665653,-0.29968053102493286,-1.7900372743606567,1.7048014402389526,-1.6859484910964966,-1.5329326391220093,0.09516192227602005,-0.45053667,0.49483424,-0.22574039,-0.56199116,-0.42907718,0.037365243,-0.35081503,0.0032053803224515454,0.0,8.013450806128864e-05,0.015882350504398346,0.007941175,31.7647,False,0,0.31760888595236697,0.04837015226197329,0.19243315880250458,0.35075372983985664,0.01026063022251431,0.16913718991193927,0.9765846883534337,0.0032073871999114007,0.016337798727064364,0.21448797117480214,0.21651419,0.21151058,0.18445662,0.24239736799975586,0.00013826201029587537,0.000161774005391635,0.0007245770102599636,0.0002772389998426661,0.0002585640031611547,0.00021305399422999471,0.002187231002608314,0.017545511000207625,0.01973274200281594,50.67719427220485,0
198,3.9800896829983685,-0.30129796663393194,-1.7877751789488734,1.7031472365008753,-1.6881610355772914,-1.5354631582843226,0.09539666026830673,-0.5552366971969604,-0.17912223935127258,-1.5372525453567505,-0.8684634566307068,-0.31228479743003845,0.1103336364030838,-0.3461160659790039,-0.16506659984588623,-1.1063872575759888,-0.4519737660884857,-0.15971577167510986,0.13950569927692413,2.563713301254126,-3.517203857154124,-0.9556861601769289,-0.11731655925796072,-0.14884118415871106,0.007385600437068075,-0.31796837,-1.7666318,1.697476,-1.7083675,-1.5504873,0.097350985,-0.31796837,-1.7666318,1.697476,-1.7083675,-1.5504873,0.097350985,-0.30129796266555786,-1.7877751588821411,1.703147292137146,-1.688161015510559,-1.5354632139205933,0.09539666026830673,-0.4167598,0.5285822,-0.14178258,-0.505162,-0.37560105,0.04885804,-0.34822625,0.0026711502687096216,0.0,6.677875671774054e-05,0.015882350504398346,0.007941175,31.7647,False,0,0.3183674861135704,0.04701680547012901,0.19261195163822586,0.35079905559416147,0.01027831895756582,0.16916983492382937,0.9766649860072829,0.0030891214519469003,0.015743218509651807,0.21416836405328088,0.21651419,0.21151058,0.18445662,0.24240572712607217,4.173599882051349e-05,0.0001272970112040639,0.000606963993050158,0.0003188029950251803,0.00020545799634419382,0.00011421600356698036,0.0017610569921089336,0.018065555996145122,0.019826612988254055,50.437258274644954,0
199,4.000138205999974,-0.30384570757021123,-1.7848760090269984,1.70111591020693,-1.69142546276235,-1.5384538809405726,0.09559658914804459,-0.2971736788749695,-0.29701095819473267,-1.2217419147491455,-0.5453991889953613,-0.1332738846540451,0.13640552759170532,-0.28163644671440125,-0.21643543243408203,-1.0790849924087524,-0.4286094009876251,-0.1463329792022705,0.13930276036262512,-0.49750275231698765,-0.14909923975213674,2.093131376959983,-0.0034073576965467467,0.005985314532805043,0.006615207492649484,-0.31869954,-1.762753,1.695529,-1.711711,-1.5515599,0.09825487,-0.31869954,-1.762753,1.695529,-1.711711,-1.5515599,0.09825487,-0.30384570360183716,-1.7848759889602661,1.7011159658432007,-1.6914254426956177,-1.5384539365768433,0.09559658914804459,-0.37134594,0.5530739,-0.1396744,-0.50714004,-0.3276511,0.06645693,-0.3483523,0.002225958557258018,0.0,5.5648963931450454e-05,0.015882350504398346,0.007941175,31.7647,False,0,0.31944417032573813,0.04516229944041715,0.1928700810159256,0.35080561979172664,0.010298578837560215,0.16911073420219327,0.9767290577279233,0.003858336802956911,0.015979243775789312,0.2138461579019141,0.21651419,0.21151058,0.18445662,0.24239627982169376,0.00010946800466626883,0.00012589199468493462,0.0005100900016259402,0.00031606298580300063,0.00018546699720900506,0.00010127299174200743,0.0016871139960130677,0.018165745001169853,0.01985285899718292,50.370578874402824,0
200,4.020140802007518,-0.30658227602113897,-1.7816106281676234,1.7001569906817835,-1.694118162194723,-1.5410707632647913,0.09579659253358841,-0.06749609112739563,-0.5943714380264282,-1.5771068334579468,-0.7875756025314331,-0.09285812079906464,0.1324891597032547,-0.23213326930999756,-0.20376315712928772,-1.0483888387680054,-0.40514200925827026,-0.13802337646484375,0.1415056437253952,0.1685155957800627,1.0978319235690408,-0.8960927976129232,0.04136050029815407,-0.05632426915665298,0.022489702963377,-0.32117474,-1.7599136,1.6935617,-1.7147812,-1.5537659,0.0985089,-0.32117474,-1.7599136,1.6935617,-1.7147812,-1.5537659,0.0985089,-0.3065822720527649,-1.7816106081008911,1.7001570463180542,-1.6941181421279907,-1.541070818901062,0.09579659253358841,-0.36481208,0.5424263,-0.16488521,-0.5165753,-0.31737685,0.06780766,-0.34044543,0.0018549654643816816,0.0,4.6374136609542045e-05,0.015882350504398346,0.007941175,31.7647,False,0,0.3202421745624435,0.04342344380357187,0.19258142187510907,0.35061780414775445,0.010603327384310286,0.16942407299686196,0.9761771672359592,0.003354548138643801,0.013242600386296485,0.2165443733246352,0.21651419,0.21151058,0.18445662,0.2420195935903061,3.942099283449352e-05,0.00011842600360978395,0.0005031360051361844,0.0002709419932216406,0.0001871330023277551,0.00010462099453434348,0.001565907004987821,0.018268525003804825,0.019834432008792646,50.417375176495995,0
201,4.04014485400694,-0.30889588991274053,-1.7788111172118128,1.699198071156637,-1.697120805779928,-1.5431769529925745,0.09606371819972992,-0.19450980424880981,-0.5495437383651733,-1.5588438510894775,-0.7771883010864258,-0.13994739949703217,0.1646527349948883,-0.20875409245491028,-0.19849614799022675,-1.058971881866455,-0.40463876724243164,-0.13530205190181732,0.1440097987651825,0.6471924346415051,-0.09778368246148218,-1.0377178204072357,-0.005937192613691063,-0.07446859159418795,-0.011824600167372893,-0.32334206,-1.7575111,1.6955166,-1.7155738,-1.5549479,0.098468415,-0.32334206,-1.7575111,1.6955166,-1.7155738,-1.5549479,0.098468415,-0.30889588594436646,-1.7788110971450806,1.6991981267929077,-1.6971207857131958,-1.5431770086288452,0.09606371819972992,-0.3611539,0.5324993,-0.09203997,-0.4613264,-0.29427013,0.060117446,-0.33330593,0.0015458045536514014,0.0,3.864511384128504e-05,0.015882350504398346,0.007941175,31.7647,False,0,0.32109614176857726,0.04191760507846726,0.1924723462828393,0.3506032856087277,0.010857423375232255,0.1696702890251831,0.9761408801893832,0.00456398396098208,0.009099642460187954,0.2168992673968263,0.21651419,0.21151058,0.18445662,0.24178546924720137,4.04699967475608e-05,0.00013337699056137353,0.0005634349945466965,0.0003950789978262037,0.00018497499695513397,0.00013199300155974925,0.0018689919961616397,0.017955132003407925,0.019824123999569565,50.44359085030505,0
202,4.060087737001595,-0.31098825136293584,-1.7761336765685023,1.6980927626239222,-1.700176855126852,-1.5450761953936976,0.09639886766672134,-0.2775561213493347,-0.3138248026371002,-1.4123127460479736,-0.7346330881118774,-0.18163304030895233,0.15519948303699493,-0.2194298952817917,-0.20836371183395386,-1.0800421237945557,-0.41251128911972046,-0.13951854407787323,0.14381131529808044,0.34456743396339223,-0.7248017243195559,0.6088530505470567,-0.004511634074685229,-0.04154878668938792,0.040228903563174365,-0.30769834,-1.7451344,1.6918563,-1.6990258,-1.555749,0.10120132,-0.30769834,-1.7451344,1.6918563,-1.6990258,-1.555749,0.10120132,-0.31098824739456177,-1.77613365650177,1.6980928182601929,-1.7001768350601196,-1.5450762510299683,0.09639886766672134,0.08224797,0.7749812,-0.15591343,0.028776878,-0.26682082,0.12006119,-0.28157124,0.001288170461376168,0.0,3.22042615344042e-05,0.0015686249826103449,0.0007843125,3.13725,False,0,0.3219838791043217,0.04051536404371526,0.19245718881530313,0.35063248646932066,0.010812972109426243,0.16969757628819213,0.9761276881495478,0.00442859889346919,0.009547188929751108,0.21694228434330445,0.21651419,0.21151058,0.18445662,0.24183688586248775,4.451100539881736e-05,0.0001296440022997558,0.0005561300058616325,0.0003247059939894825,0.00026810000417754054,0.00013676700473297387,0.0018168060050811619,0.017946460997336544,0.019763267002417706,50.59892172066828,0
203,4.080143863000558,-0.3130915800677698,-1.773102422753805,1.697301212941305,-1.7028776607909144,-1.5469067732440394,0.09674995392560959,-0.30644771456718445,-0.3732576072216034,-1.4442784786224365,-0.7779337167739868,-0.18018589913845062,0.1526527851819992,-0.2307092845439911,-0.218794047832489,-1.0651681423187256,-0.40483611822128296,-0.14138895273208618,0.14161506295204163,1.0511600138287107,-1.3247824194507092,0.02044316268880153,-0.034068959766403006,-0.06675756950893581,0.04379450062926683,-0.33036166,-1.7470031,1.695782,-1.7241452,-1.5654521,0.099594586,-0.33036166,-1.7470031,1.695782,-1.7241452,-1.5654521,0.099594586,-0.31309157609939575,-1.7731024026870728,1.6973012685775757,-1.7028776407241821,-1.54690682888031,0.09674995392560959,-0.43175188,0.65248215,-0.037982017,-0.5316869,-0.46363166,0.07111583,-0.3713037,0.00107347538448014,0.0,2.68368846120035e-05,0.0015686249826103449,0.0007843125,3.13725,False,0,0.3227537443132631,0.03915999470053609,0.19218263598355736,0.3505871449376097,0.010868313398624253,0.1696778188334782,0.9761231277499757,0.004932694926138534,0.009790919536132446,0.2169411033824906,0.21651419,0.21151058,0.18445662,0.2417670202635411,0.00019990700820926577,0.0002020130050368607,0.001129828000557609,0.00034477299777790904,0.00021124401246197522,0.00012545299250632524,0.0027776689967140555,0.01708915199560579,0.019866820992319845,50.335179462611656,0
204,4.100081765005598,-0.3151190916644495,-1.7698122463622035,1.6967328230487269,-1.7054797611632289,-1.5486982504474085,0.09710192680358887,0.06345811486244202,-0.46942922472953796,-1.4941130876541138,-0.672283947467804,-0.09244676679372787,0.15809865295886993,-0.033901557326316833,-0.11844994872808456,-1.0489778518676758,-0.3317781388759613,-0.13459788262844086,0.14823266863822937,-0.20599045390555076,1.1561739190288927,0.20249583818619565,0.0447721974970223,-0.04306166933135981,0.02500522109031946,-0.3275727,-1.7419788,1.6946771,-1.7259955,-1.5670676,0.10147235,-0.3275727,-1.7419788,1.6946771,-1.7259955,-1.5670676,0.10147235,-0.31511908769607544,-1.7698122262954712,1.6967328786849976,-1.7054797410964966,-1.5486983060836792,0.09710192680358887,-0.31134033,0.69583637,-0.051394485,-0.51289517,-0.45923427,0.109260626,-0.35449257,0.0008945628204001167,0.0,2.2364070510002918e-05,0.0015686249826103449,0.0007843125,3.13725,False,0,0.32346591723204765,0.037852304633264375,0.19174040230675224,0.35064557395238455,0.01082675070884819,0.1696468350314284,0.9760929839398743,0.004953046632621096,0.009732410704768447,0.21707898032539044,0.21651419,0.21151058,0.18445662,0.24183581199233034,4.325000918470323e-05,0.0001318829890806228,0.0005681900074705482,0.00031112099532037973,0.00017425099213141948,0.00012504500045906752,0.001722372995573096,0.018030412000371143,0.01975278499594424,50.6257725280423,0
205,4.120133047006675,-0.316019360219137,-1.7661706409850062,1.6959493795977991,-1.706843992272848,-1.5502775351153772,0.09760373830795288,-0.1723436415195465,-0.5224547386169434,-1.4191795587539673,-0.7342314124107361,-0.12236134707927704,0.16744059324264526,-0.30902668833732605,-0.16141720116138458,-1.0607630014419556,-0.41095033288002014,-0.168771892786026,0.1434648483991623,-0.2578993849309549,0.9028333197902981,0.5508563069115029,0.044129384488001924,-0.024372106173753773,0.023796925056955992,-0.33061376,-1.7387232,1.6922598,-1.7296681,-1.5696793,0.101587296,-0.33061376,-1.7387232,1.6922598,-1.7296681,-1.5696793,0.101587296,-0.31601935625076294,-1.766170620918274,1.6959494352340698,-1.7068439722061157,-1.550277590751648,0.09760373830795288,-0.36486042,0.6861864,-0.0922424,-0.5706057,-0.48504156,0.09958893,-0.37054497,0.0007454690170000973,0.0,1.8636725425002433e-05,0.0015686249826103449,0.0007843125,3.13725,False,0,0.32394853747640173,0.03702042613836459,0.19110369784013925,0.35059563367344965,0.010762568149085215,0.16960440137381433,0.9760885322795747,0.004712914722042084,0.01030737169427932,0.21707766664293346,0.21651419,0.21151058,0.18445662,0.24186398849086388,4.511699080467224e-05,0.00013242100249044597,0.0005392760067479685,0.000322537001920864,0.00016513200534973294,0.00010225399455521256,0.0016754249954828992,0.018187584006227553,0.019863009001710452,50.344839491030164,0
206,4.140063857004861,-0.3170097509967249,-1.762529035607809,1.6956175009356897,-1.7083383999266566,-1.552098576222555,0.09810680150985718,-0.4699900150299072,-0.39657062292099,-1.5865135192871094,-0.9388577342033386,-0.3244999349117279,0.17559349536895752,-0.3134445250034332,-0.20425103604793549,-1.0605226755142212,-0.450370192527771,-0.17434446513652802,0.14402012526988983,1.7291747488675713,-3.2636704299827044,-1.5713371209267204,-0.10814750131152484,-0.0937597205516403,0.057765294366841524,-0.32914627,-1.7344569,1.6934794,-1.728688,-1.5681477,0.10252694,-0.32914627,-1.7344569,1.6934794,-1.728688,-1.5681477,0.10252694,-0.31700974702835083,-1.7625290155410767,1.6956175565719604,-1.7083383798599243,-1.5520986318588257,0.09810680150985718,-0.30341294,0.7018021,-0.053454515,-0.5087411,-0.40122598,0.110503495,-0.3553933,0.0006212241808334145,0.0,1.5530604520835363e-05,0.0015686249826103449,0.0007843125,3.13725,False,0,0.32435433329880464,0.036123998186123676,0.1903257099102767,0.3506370610966154,0.010757876670182784,0.16965197639003177,0.9760946983505551,0.004906498009909742,0.009799559325239075,0.21706915746079405,0.21651419,0.21151058,0.18445662,0.24188793407185008,4.321399319451302e-05,0.00012421500287018716,0.0005367690027924255,0.0003743779961951077,0.00018995300342794508,0.00010418800229672343,0.0017179639980895445,0.01803815399762243,0.019756117995711975,50.61723159464061,0
207,4.16009646000748,-0.31877071062196904,-1.7588354549803675,1.6951544920550745,-1.7111402950682582,-1.5546982924090784,0.0986420139670372,-0.39662966132164,-0.3429533839225769,-1.4737502336502075,-0.7800270318984985,-0.25019749999046326,0.18773972988128662,-0.2924744486808777,-0.22301232814788818,-1.089828372001648,-0.4434800446033478,-0.16668948531150818,0.1445547491312027,1.040325171020244,-1.605220954608255,-0.05749907596907641,-0.05369602986765829,-0.06749899761162212,0.04567170044560401,-0.3288427,-1.7308017,1.6961117,-1.7287321,-1.5671551,0.10324925,-0.3288427,-1.7308017,1.6961117,-1.7287321,-1.5671551,0.10324925,-0.31877070665359497,-1.7588354349136353,1.6951545476913452,-1.7111402750015259,-1.5546983480453491,0.0986420139670372,-0.25179955,0.700843,0.023926808,-0.43979472,-0.3114201,0.11518092,-0.34276617,0.0005176868173611788,0.0,1.294217043402947e-05,0.0015686249826103449,0.0007843125,3.13725,False,0,0.3250202741819413,0.03470468634781944,0.18974387738953663,0.3506954850443576,0.010795060645949133,0.1696744742748296,0.9760623012646715,0.004633800348915249,0.009613590243375247,0.21722905661502284,0.21651419,0.21151058,0.18445662,0.24188810267091626,5.044299177825451e-05,0.00011801999062299728,0.000501255999552086,0.0002673350099939853,0.0001626310113351792,0.00012235200847499073,0.001550701999804005,0.018311128005734645,0.01986183000553865,50.34782795548754,0
208,4.18008095100231,-0.3209036032306116,-1.754843374291891,1.6947405974017542,-1.7141686878600062,-1.5574896971331995,0.0992082953453064,-0.09590665996074677,-0.4507007300853729,-1.4342782497406006,-0.7054099440574646,-0.09344266355037689,0.17358674108982086,-0.23041489720344543,-0.2275696098804474,-1.0759975910186768,-0.41890597343444824,-0.14864809811115265,0.1444801241159439,-0.04266365773620276,1.6259809800079212,0.5148359759029271,0.059138966795866374,-0.04333235475442171,0.02325566957250759,-0.33025268,-1.7274737,1.696829,-1.7310431,-1.5683881,0.103783526,-0.33025268,-1.7274737,1.696829,-1.7310431,-1.5683881,0.103783526,-0.32090359926223755,-1.7548433542251587,1.694740653038025,-1.714168667793274,-1.5574897527694702,0.0992082953453064,-0.23372678,0.68423945,0.052208774,-0.42186165,-0.27245826,0.11438083,-0.32998508,0.00043140568113431566,0.0,1.0785142028357892e-05,0.0015686249826103449,0.0007843125,3.13725,False,0,0.32572578695204685,0.03310370821183274,0.1890833572383841,0.35065108674167283,0.010812265137674389,0.169720380490701,0.9760666398631597,0.004386910981625549,0.009778595610769221,0.21720737352824193,0.21651419,0.21151058,0.18445662,0.24184639782892886,3.886700142174959e-05,0.00012649199925363064,0.0006002650043228641,0.0002953580114990473,0.00018662700313143432,0.00010484100494068116,0.0017096460069296882,0.01808215399796609,0.019791800004895777,50.525975391456875,0
209,4.200103677998413,-0.3226216475116175,-1.7508908710875453,1.694557015095846,-1.7169472179808558,-1.5596478621112269,0.09979136288166046,-0.19294100999832153,-0.6052459478378296,-1.519318699836731,-0.7099602222442627,-0.23753660917282104,0.17357796430587769,-0.19295546412467957,-0.23162205517292023,-1.0497151613235474,-0.3965945541858673,-0.13222545385360718,0.1450614333152771,-0.4578973193644498,-1.0614573979851418,-0.6627519192346673,-0.04548183551551164,-0.03273254707892456,0.04377240895970004,-0.33255386,-1.7243613,1.6974015,-1.7333802,-1.5706413,0.10403519,-0.33255386,-1.7243613,1.6974015,-1.7333802,-1.5706413,0.10403519,-0.3226216435432434,-1.750890851020813,1.6945570707321167,-1.7169471979141235,-1.5596479177474976,0.09979136288166046,-0.24830557,0.66323906,0.07111174,-0.41082424,-0.27483433,0.106095776,-0.31917536,0.0003595047342785964,0.0,8.98761835696491e-06,0.0015686249826103449,0.0007843125,3.13725,False,0,0.3263609955708007,0.031810939017862555,0.18832240329975683,0.3506508035784729,0.010781102578009152,0.16969591077754412,0.9760251717222489,0.004659653797051065,0.01012227810232089,0.21737235186278378,0.21651419,0.21151058,0.18445662,0.24187359400544886,3.8062993553467095e-05,0.00012854000669904053,0.0006534249987453222,0.0002907810121541843,0.00017684900376480073,0.00010145599662791938,0.0017147700127679855,0.018130086988094263,0.019844857000862248,50.390889687769004,0
210,4.220346098009031,-0.3241694609271448,-1.7470666370787562,1.6944502035724085,-1.7196256122984828,-1.5618580023394983,0.1004142090678215,-0.24126729369163513,-0.4304533004760742,-1.1961904764175415,-0.6823614239692688,-0.11665673553943634,0.17774294316768646,-0.23419390618801117,-0.19215127825737,-0.7428798079490662,-0.40017035603523254,-0.13894174993038177,0.1452348828315735,0.4567694945886809,0.47992486010750035,0.09836497102640401,0.02149123530691484,-0.05164852639309225,0.027121572332661974,-0.3328822,-1.7184366,1.697511,-1.7362751,-1.57284,0.10517899,-0.3328822,-1.7184366,1.697511,-1.7362751,-1.57284,0.10517899,-0.32416945695877075,-1.747066617012024,1.6944502592086792,-1.7196255922317505,-1.561858057975769,0.1004142090678215,-0.21781828,0.7157491,0.07651603,-0.41623777,-0.2745469,0.11911952,-0.3271491,0.000299587278565497,0.0,7.489681964137425e-06,0.0005882349796593189,0.0002941175,1.17647,False,3,0.3269414038193245,0.030574232106140287,0.1875578034810583,0.35050298583391526,0.010893141781981915,0.16966621043065538,0.9757565496617981,0.004312088784215977,0.011140326312092054,0.21853237783637688,0.21651419,0.21151058,0.18445662,0.24170046104811152,3.877299604937434e-05,0.00011641900346148759,0.0005065379955340177,0.00029286900826264173,0.00015747599536553025,0.00015447499754372984,0.001586155005497858,0.018483495005057193,0.02006965001055505,49.8264792596821,0
211,4.240079488008632,-0.3256138006793421,-1.7431918583311976,1.694608513508932,-1.7222658596434535,-1.5635364691363733,0.10105710476636887,-0.36306312680244446,-0.3836686611175537,-1.0025262832641602,-0.7042436599731445,-0.27575215697288513,0.17023709416389465,-0.21397283673286438,-0.2687273919582367,-0.5865988731384277,-0.4038045108318329,-0.13934534788131714,0.14293575286865234,0.6219569925904359,-1.5306605937997182,0.461760933984703,-0.04909440101479379,-0.04176386511714463,0.042124117188094466,-0.33459693,-1.7174228,1.6983753,-1.7375395,-1.5732275,0.1052587,-0.33459693,-1.7174228,1.6983753,-1.7375395,-1.5732275,0.1052587,-0.325613796710968,-1.7431918382644653,1.6946085691452026,-1.7222658395767212,-1.563536524772644,0.10105710476636887,-0.2245785,0.64422446,0.09417035,-0.3818415,-0.24227564,0.105039954,-0.29975888,0.00024965606547124747,0.0,6.241401636781188e-06,0.0005882349796593189,0.0002941175,1.17647,False,3,0.3274955604883299,0.02950956957056477,0.18668072004750916,0.3506090421267839,0.010843701157896193,0.16975848854109638,0.9758876848117813,0.005082585416502348,0.010089304340079746,0.2179806213893428,0.21651419,0.21151058,0.18445662,0.24179467204844246,3.6787998396903276e-05,0.00010674800432752818,0.0004845179937547073,0.00027263100491836667,0.00015849201008677483,9.544899512548e-05,0.0014569140039384365,0.01813297400076408,0.019589888004702516,51.04674410389441,0
212,4.260081896005431,-0.3271377722369593,-1.7391778431334437,1.6949322859393519,-1.7246548138060511,-1.565240208302633,0.10168348252773285,-0.25427353382110596,-0.4796169102191925,-0.9513238072395325,-0.7561328411102295,-0.19373483955860138,0.16626383364200592,-0.21059083938598633,-0.2512281537055969,-0.5900078415870667,-0.4043554365634918,-0.1409689337015152,0.14377203583717346,0.28294907650998724,-0.3688928612222219,-0.3381688146348527,-0.014127650969765024,-0.06043470404288411,0.03289574791198161,-0.33498,-1.7147325,1.7004136,-1.738656,-1.5733538,0.10575545,-0.33498,-1.7147325,1.7004136,-1.738656,-1.5733538,0.10575545,-0.3271377682685852,-1.7391778230667114,1.6949323415756226,-1.7246547937393188,-1.5652402639389038,0.10168348252773285,-0.1960557,0.6111326,0.13702972,-0.3500322,-0.20283905,0.101799205,-0.27537164,0.0002080467212260396,0.0,5.20116803065099e-06,0.0005882349796593189,0.0002941175,1.17647,False,3,0.3279653219330782,0.028439507695190283,0.1856695925970601,0.3505728207005068,0.010793321212726812,0.1695892459289617,0.9759469283259815,0.005413542116384444,0.011494872186877093,0.21763778190564947,0.21651419,0.21151058,0.18445662,0.24182674786408476,3.994400321971625e-05,0.00013719600974582136,0.0005841459933435544,0.0003343170101288706,0.00017106298764701933,0.00010976400517392904,0.001834584996686317,0.01797734400315676,0.019811928999843076,50.47464080897527,0
213,4.280091613007244,-0.3285711447345179,-1.7351876697936,1.6953075567828577,-1.7270657024779261,-1.5668066183673304,0.1023145243525505,-0.11098818480968475,-0.6608773469924927,-0.9161931872367859,-0.7079843282699585,-0.1623523235321045,0.1839015930891037,-0.21201825141906738,-0.2913290858268738,-0.6005412936210632,-0.40714845061302185,-0.14067117869853973,0.142879918217659,-0.6846835675724732,0.6538076444725391,-0.32264984348691295,0.024587401115734667,-0.027827671594301544,0.02571299834911995,-0.3364686,-1.712106,1.7020134,-1.7400678,-1.5740058,0.10602312,-0.3364686,-1.712106,1.7020134,-1.7400678,-1.5740058,0.10602312,-0.3285711407661438,-1.7351876497268677,1.6953076124191284,-1.7270656824111938,-1.566806674003601,0.1023145243525505,-0.19743632,0.57704246,0.16764341,-0.32505286,-0.17997967,0.092714794,-0.2545111,0.00017337226768836635,0.0,4.334306692209159e-06,0.0005882349796593189,0.0002941175,1.17647,False,3,0.3284304304276888,0.027432130995264575,0.18464847346871582,0.3505640329641009,0.010758596871272829,0.16965036401800523,0.9759031433301599,0.004648322811002482,0.011325833063918907,0.2178603405708557,0.21651419,0.21151058,0.18445662,0.24184694969336631,3.925499913748354e-05,0.0001197380042867735,0.0005822149978484958,0.00025586200354155153,0.00015610200352966785,9.957399743143469e-05,0.0015837760001886636,0.0182343589985976,0.019818134998786263,50.458834802631216,0
214,4.300089312004275,-0.3296745459185999,-1.73154940227651,1.695792023335592,-1.7291003666319789,-1.5681136290179651,0.1029135063290596,-0.28531336784362793,-0.5399558544158936,-0.9195151329040527,-0.8016918301582336,-0.2146291434764862,0.1859768033027649,-0.21067774295806885,-0.30500903725624084,-0.5905479192733765,-0.4031626284122467,-0.13657894730567932,0.1418936848640442,0.24269648110231012,-1.4519307386457152,-0.8650593493650716,-0.04394068505146067,-0.04996271327758755,0.0368000436275267,-0.33766833,-1.7098945,1.7034283,-1.7411873,-1.574795,0.106240615,-0.33766833,-1.7098945,1.7034283,-1.7411873,-1.574795,0.106240615,-0.32967454195022583,-1.7315493822097778,1.6957920789718628,-1.7291003465652466,-1.5681136846542358,0.1029135063290596,-0.19984463,0.54137117,0.19090568,-0.3021742,-0.16703345,0.08317766,-0.23193775,0.0001444768897403053,0.0,3.6119222435076328e-06,0.0005882349796593189,0.0002941175,1.17647,False,3,0.32879152094590125,0.026628863300213516,0.18364549397579324,0.3506243078864808,0.010688238157114973,0.16973709751668847,0.976041747360559,0.005098623180808044,0.01037369068666205,0.21727610808070358,0.21651419,0.21151058,0.18445662,0.24193346973412627,4.747600178234279e-05,0.00013311099610291421,0.0005804670072393492,0.00030455499654635787,0.00017438599024899304,0.00010732900409493595,0.0016927980032050982,0.01812328900268767,0.01981608700589277,50.46404972397563,0
215,4.320101222998346,-0.33081132570375615,-1.7281385860838832,1.6963594595538538,-1.7312609157957972,-1.5694440046893519,0.10355044901371002,-0.23529070615768433,-0.4840191602706909,-0.7959238290786743,-0.7320321798324585,-0.14965364336967468,0.163675919175148,-0.2185797244310379,-0.3072449862957001,-0.5855474472045898,-0.4017258584499359,-0.13577552139759064,0.141309916973114,0.4415010401551376,-0.3149354354823891,0.26074916518581565,-0.009944214323530067,-0.05338090962994199,0.030764826835567877,-0.3378789,-1.7079285,1.7052902,-1.7417073,-1.5746509,0.10670455,-0.3378789,-1.7079285,1.7052902,-1.7417073,-1.5746509,0.10670455,-0.3308113217353821,-1.7281385660171509,1.6963595151901245,-1.731260895729065,-1.5694440603256226,0.10355044901371002,-0.17668958,0.5052514,0.22326834,-0.26116177,-0.13017155,0.07885242,-0.20648852,0.00012039740811692108,0.0,3.0099352029230272e-06,0.0005882349796593189,0.0002941175,1.17647,False,3,0.32914944822491937,0.025808896974199056,0.18269733770184088,0.3506068530636169,0.010674444786274748,0.16971282596849407,0.9760739915405646,0.00569227329816956,0.010549748404914742,0.2171078387118684,0.21651419,0.21151058,0.18445662,0.2419367224915654,3.870901127811521e-05,0.00011224500485695899,0.0004964989930158481,0.00024360200040973723,0.00017423101235181093,0.0001084870018530637,0.0014847579877823591,0.018359269000939094,0.019844026988721453,50.39299737741537,0
216,4.34013236600731,-0.33195192018617803,-1.7248546085753382,1.6972053686725062,-1.7331539593138636,-1.5704954306231897,0.10407374054193497,-0.2094726413488388,-0.4984792470932007,-0.8255089521408081,-0.7158480286598206,-0.17448842525482178,0.1888999342918396,-0.22406423091888428,-0.31318920850753784,-0.5857858657836914,-0.4015299081802368,-0.1368703693151474,0.14048555493354797,-0.2271328469285333,-0.2309247534095178,0.21767388175839864,-0.007455342856950984,-0.029442524177887983,0.030886427532332908,-0.33885765,-1.7066058,1.706549,-1.7430067,-1.5747408,0.10690385,-0.33885765,-1.7066058,1.706549,-1.7430067,-1.5747408,0.10690385,-0.33195191621780396,-1.724854588508606,1.6972054243087769,-1.7331539392471313,-1.5704954862594604,0.10407374054193497,-0.17264359,0.4562185,0.23359185,-0.24631853,-0.10613192,0.07075267,-0.17818676,0.00010033117343076758,0.0,2.5082793357691896e-06,0.0005882349796593189,0.0002941175,1.17647,False,3,0.3294103010142555,0.025089866024289687,0.1816566796601429,0.3506692219867218,0.010687524136375819,0.1697412658739418,0.9760614080576839,0.005008645945234113,0.009384238911874438,0.21723479059918877,0.21651419,0.21151058,0.18445662,0.24195870877892456,3.8622994907200336e-05,0.00010773900430649519,0.00047191898920573294,0.00027152299298904836,0.00015478699060622603,9.859599231276661e-05,0.0014360490022227168,0.018416189996059984,0.0198522389982827,50.37215198177415,0
217,4.3600881040038075,-0.33303529420961553,-1.7216378651061,1.6983450094806116,-1.734786172906393,-1.5713947455035608,0.10453353077173233,-0.2535906732082367,-0.6453256607055664,-0.8855375051498413,-0.8094775080680847,-0.1855105757713318,0.17046494781970978,-0.21415536105632782,-0.32173147797584534,-0.5841990113258362,-0.39906150102615356,-0.13474535942077637,0.140734001994133,-0.3344324091009849,-0.8472610584436315,-0.8221598834283901,-0.03345036015422491,-0.036435442682506244,0.036363391568405234,-0.33928284,-1.7054513,1.7087713,-1.7430422,-1.5741545,0.10705896,-0.33928284,-1.7054513,1.7087713,-1.7430422,-1.5741545,0.10705896,-0.33303529024124146,-1.7216378450393677,1.6983450651168823,-1.7347861528396606,-1.5713948011398315,0.10453353077173233,-0.156189,0.40466392,0.26065812,-0.20640062,-0.06899258,0.06313564,-0.14614536,8.360931119230632e-05,0.0,2.090232779807658e-06,0.0005882349796593189,0.0002941175,1.17647,False,3,0.32956227040139463,0.02446407119946247,0.18050182099465398,0.3506852824221082,0.010667123448588407,0.169724179316038,0.9760146364131754,0.004985852095273255,0.009047478000620309,0.21745954791829059,0.21651419,0.21151058,0.18445662,0.24198558556887317,3.787600144278258e-05,0.00011002800602000207,0.0005153349920874462,0.0003599119954742491,0.00017709200619719923,0.00015779200475662947,0.0016754079988459125,0.018099173001246527,0.01977458100009244,50.56997162141263,0
218,4.380089002006571,-0.3340871969806116,-1.718741079370016,1.699460808430807,-1.7363749943175257,-1.572301212941305,0.1049884483218193,-0.20948201417922974,-0.593278706073761,-0.8535994291305542,-0.7710484862327576,-0.13808085024356842,0.17697253823280334,-0.21366561949253082,-0.3369559049606323,-0.5897572040557861,-0.4011213481426239,-0.13299964368343353,0.14054860174655914,-0.045655790122838616,0.046684828068239516,-0.5748089629545429,-0.003784969126371566,-0.03856587105383878,0.03185507648899234,-0.33965254,-1.7049041,1.7115924,-1.742404,-1.5734237,0.10711908,-0.33965254,-1.7049041,1.7115924,-1.742404,-1.5734237,0.10711908,-0.33408719301223755,-1.7187410593032837,1.6994608640670776,-1.7363749742507935,-1.5723012685775757,0.1049884483218193,-0.1391335,0.34592375,0.303288,-0.15072581,-0.028060962,0.05326593,-0.1102618,6.96744259935886e-05,0.0,1.741860649839715e-06,0.0005882349796593189,0.0002941175,1.17647,False,3,0.3296952062843115,0.023852567499236338,0.17944592087107825,0.35066670786004334,0.010720037817632994,0.16975787596766628,0.9762486936714653,0.004564719985355358,0.008549412773320799,0.21643607967128428,0.21651419,0.21151058,0.18445662,0.24192931961049102,4.204799188300967e-05,0.00011822399392258376,0.0005876590003026649,0.0002860169915948063,0.00015787201118655503,9.954000415746123e-05,0.001613671993254684,0.01821559500240255,0.019829266995657235,50.43050760368539,0
219,4.400035092010512,-0.33502036729921514,-1.7161904774107875,1.7005932966815394,-1.7378555736937464,-1.572913948689596,0.10539202392101288,-0.21237286925315857,-0.5006152987480164,-0.7863521575927734,-0.7270395159721375,-0.15315601229667664,0.1587311327457428,-0.20959189534187317,-0.3471730649471283,-0.5871675610542297,-0.3987902104854584,-0.13029402494430542,0.13992716372013092,0.14114823480793637,-0.41316281668341914,0.31644398018413894,-0.007747264987632743,-0.03269795909759038,0.030405147256191593,-0.34053093,-1.7054031,1.7136166,-1.7428728,-1.5732912,0.10701649,-0.34053093,-1.7054031,1.7136166,-1.7428728,-1.5732912,0.10701649,-0.33502036333084106,-1.7161904573440552,1.70059335231781,-1.7378555536270142,-1.5729140043258667,0.10539202392101288,-0.137764,0.26968455,0.32558233,-0.12543204,-0.009429328,0.04061155,-0.07180275,5.806202166132383e-05,0.0,1.451550541533096e-06,0.0005882349796593189,0.0002941175,1.17647,False,3,0.3298094123363572,0.02335897007552353,0.17847505929398252,0.35071188624358995,0.010725085494623482,0.16979715178553864,0.9761608800815372,0.004308986718033888,0.008697327903088482,0.21683100605723385,0.21651419,0.21151058,0.18445662,0.24194780268241017,3.860000288113952e-05,0.00011696500587277114,0.0005046479927841574,0.00027807700098492205,0.00015808500756975263,0.00010387999645899981,0.00152424699626863,0.018256191004184075,0.019780438000452705,50.55499782042812,0
220,4.420133851002902,-0.3358996550189417,-1.7138234577574671,1.7020209471331995,-1.738979002038473,-1.5733221212970179,0.10574769228696823,-0.2194470763206482,-0.5761841535568237,-0.7899896502494812,-0.8085700273513794,-0.15100067853927612,0.16872696578502655,-0.20475445687770844,-0.3592313826084137,-0.58017897605896,-0.39272037148475647,-0.12724506855010986,0.13924731314182281,0.04411911249096029,-0.929281983698754,-0.1973103570580068,-0.032080610746064726,-0.03789025117925184,0.03457863241549949,-0.3406011,-1.7059588,1.7157794,-1.7427591,-1.5722551,0.10702795,-0.3406011,-1.7059588,1.7157794,-1.7427591,-1.5722551,0.10702795,-0.3358996510505676,-1.7138234376907349,1.7020210027694702,-1.7389789819717407,-1.5733221769332886,0.10574769228696823,-0.11753571,0.1966144,0.34396014,-0.094501756,0.02667753,0.03200647,-0.030974647,4.83850180511032e-05,0.0,1.20962545127758e-06,0.0005882349796593189,0.0002941175,1.17647,False,3,0.3297965140092368,0.02297806554911159,0.17741439544519164,0.35068532953056186,0.010745394769419013,0.1697771290523198,0.9761793594671121,0.004597895218198486,0.00845095867210771,0.21675176238749763,0.21651419,0.21151058,0.18445662,0.2419174331692391,4.0771992644295096e-05,0.00011514200014062226,0.0005182949971640483,0.00030217799940146506,0.00018024499877355993,9.916900307871401e-05,0.0015755260101286694,0.01835874999233056,0.019934276002459228,50.16485172958542,0
221,4.440134347009007,-0.3368156591998499,-1.7116347752013148,1.7036297957049769,-1.7400127849974574,-1.573697868977682,0.10610205680131912,-0.16761091351509094,-0.6981877684593201,-0.8279029130935669,-0.7530699372291565,-0.11959008127450943,0.16189029812812805,-0.2076127827167511,-0.38327357172966003,-0.5844081044197083,-0.39437463879585266,-0.12814640998840332,0.13825495541095734,-0.18855493875502494,0.022392195485931465,-0.4707696532010984,-0.0025824698859632893,-0.03115486437442322,0.028691805828614702,-0.3411324,-1.7070807,1.7183375,-1.7419403,-1.5714784,0.10685801,-0.3411324,-1.7070807,1.7183375,-1.7419403,-1.5714784,0.10685801,-0.33681565523147583,-1.7116347551345825,1.7036298513412476,-1.740012764930725,-1.5736979246139526,0.10610205680131912,-0.10791886,0.11385051,0.3676933,-0.04818866,0.055489235,0.018898787,0.01372436,0.0018702354728682466,0.0002744871936738491,4.6755886821706167e-05,0.0005882349796593189,0.0002941175,1.17647,False,3,0.3297232849396876,0.022614511261646108,0.1763356021482531,0.3507078012249579,0.010729520105152384,0.16976781096313798,0.9761990269152906,0.004580349391802165,0.008545765468023016,0.21665977840661652,0.21651419,0.21151058,0.18445662,0.2419436363089644,3.94689996028319e-05,0.00011373699817340821,0.0004925200046272948,0.000283603003481403,0.0001802620099624619,0.00016516399045940489,0.0015973239933373407,0.018241077006678097,0.019838401000015438,50.40728836962323,0
222,4.4600848740083165,-0.3375757376300257,-1.709916730920309,1.7053592840777796,-1.7407733402647914,-1.5737417379962366,0.10636581480503082,-0.15977534651756287,-0.6764323711395264,-0.8155179619789124,-0.8010563254356384,-0.0690593272447586,0.15970423817634583,-0.20227134227752686,-0.39945414662361145,-0.5880389213562012,-0.39599913358688354,-0.019870895892381668,0.13782745599746704,-0.42605845347800386,-0.431467515396691,-0.8378537054907281,-0.013942772857752757,-0.023362621342382858,0.02931434199042006,-0.3413544,-1.7087764,1.721031,-1.7411071,-1.5704582,0.106606774,-0.3413544,-1.7087764,1.721031,-1.7411071,-1.5704582,0.106606774,-0.3375757336616516,-1.7099167108535767,1.7053593397140503,-1.740773320198059,-1.5737417936325073,0.10636581480503082,-0.09446702,0.02850926,0.39178967,-0.008344519,0.082091086,0.00602403,0.05962969,0.01133906950549149,0.001467080991715193,0.00028347673763728725,0.0005882349796593189,0.0002941175,1.17647,False,3,0.3295770501967754,0.022410193539695547,0.17532515909361657,0.35069975060026715,0.010729787740073653,0.16971601376247955,0.9762176737692376,0.0046937418079495315,0.007916147820661515,0.21659713413594892,0.21651419,0.21151058,0.18445662,0.24194209931167693,4.04820020776242e-05,0.0001159149978775531,0.0005270179972285405,0.00030026900640223175,0.0001959410001290962,0.0001202120038215071,0.0016244909929810092,0.018164424007409252,0.01978891500039026,50.533341518738084,0
223,4.480194604999269,-0.33822662035097295,-1.7087441883482875,1.707109276448385,-1.7413870296873988,-1.5737059752093714,0.1065535843372345,-0.2088645100593567,-0.6109644174575806,-0.7761610746383667,-0.7836912274360657,0.0796608179807663,0.15685981512069702,-0.20248958468437195,-0.4108714461326599,-0.5881142020225525,-0.3937782943248749,0.10020959377288818,0.11961136758327484,-0.00019129622484191644,-0.5523125039336795,-0.4593551492569422,-0.015036189558461623,-0.03380499459066435,0.030091970104021266,-0.3413304,-1.7108291,1.7236867,-1.7399201,-1.5692234,0.10632987,-0.3413304,-1.7108291,1.7236867,-1.7399201,-1.5692234,0.10632987,-0.3382266163825989,-1.7087441682815552,1.7071093320846558,-1.7413870096206665,-1.573706030845642,0.1065535843372345,-0.0775951,-0.052124694,0.41443428,0.036670636,0.112065524,-0.0055927793,0.10347827,0.03302686690452913,0.0035366463474929334,0.0008256716726132282,0.0005882349796593189,0.0002941175,1.17647,False,3,0.32938528865992195,0.022277220124507523,0.1744558355267511,0.35068852577215154,0.010728687251275177,0.16972923177963264,0.9762062077672714,0.004472774307369019,0.007746478971938417,0.21665982308135126,0.21651419,0.21151058,0.18445662,0.24193598230192714,4.048700793646276e-05,0.00012101500760763884,0.0005954249936621636,0.00036742699739988893,0.0001616869994904846,9.192699508275837e-05,0.00169767600891646,0.01823604699166026,0.01993372300057672,50.16624340425861,0
224,4.500141545999213,-0.3388622442828577,-1.7079454861082972,1.7090495268451136,-1.7417980633177699,-1.5734780470477503,0.10664214193820953,-0.23633219301700592,-0.5550323724746704,-0.7344946265220642,-0.7500168085098267,0.12373035401105881,0.1644294112920761,-0.20066504180431366,-0.4229605495929718,-0.5871138572692871,-0.3916868567466736,0.14700962603092194,0.07378039509057999,0.06567509001354695,-0.5472781917241387,0.00016000397183374426,-0.0173218168713042,-0.031316690611539806,0.029303426468212455,-0.34143242,-1.7131965,1.7259774,-1.739377,-1.5680286,0.10596883,-0.34143242,-1.7131965,1.7259774,-1.739377,-1.5680286,0.10596883,-0.33886224031448364,-1.707945466041565,1.7090495824813843,-1.7417980432510376,-1.573478102684021,0.10664214193820953,-0.06425449,-0.13127503,0.42319676,0.060524087,0.1362382,-0.01683268,0.14601657,0.0705689071297912,0.00645697770640254,0.0017642226782447802,0.0005882349796593189,0.0002941175,1.17647,False,3,0.32911699122111693,0.022224693259458063,0.17361141841932312,0.3507611881886799,0.01079264008520702,0.1697367283470103,0.9761755052342905,0.0046354978196404655,0.0075723212419971184,0.21680077935281467,0.21651419,0.21151058,0.18445662,0.24192276839896257,4.124699626117945e-05,0.00012340900138951838,0.000510184996528551,0.00024850000045262277,0.00017790500714909285,0.00011820699728559703,0.0015554510027868673,0.018227144988486543,0.01978259599127341,50.54948301229649,0
225,4.520126734001678,-0.3394253889666956,-1.7074600658812464,1.7111991087542933,-1.7419058285155238,-1.5731232802020472,0.10668513178825378,-0.20493805408477783,-0.648249089717865,-0.7869537472724915,-0.6973035931587219,0.14623112976551056,0.14121845364570618,-0.19654269516468048,-0.4320370852947235,-0.5867124199867249,-0.29421040415763855,0.1486833542585373,0.02576622925698757,-0.38443588313306876,-0.48479893085997666,-0.4561852323679082,-0.02119203607136899,-0.02496090856870808,0.029429853563403236,-0.34138188,-1.7155803,1.7282926,-1.7386508,-1.5667341,0.10560958,-0.34138188,-1.7155803,1.7282926,-1.7386508,-1.5667341,0.10560958,-0.33942538499832153,-1.7074600458145142,1.711199164390564,-1.7419058084487915,-1.5731233358383179,0.10668513178825378,-0.04891228,-0.20300704,0.42733464,0.08137375,0.15973213,-0.026888702,0.18642774,0.1267109729498847,0.010185532551258803,0.0031677743237471176,0.0005882349796593189,0.0002941175,1.17647,False,3,0.3287424939268538,0.022265204674145517,0.17275508527948957,0.3507398741589315,0.010722701550020078,0.1697298853188714,0.9762079033558358,0.00414434488052717,0.006961548902097572,0.21668516834197624,0.21651419,0.21151058,0.18445662,0.2419693903539197,3.877899143844843e-05,0.00011403100506868213,0.00048783600504975766,0.00024647799727972597,0.0001793730043573305,0.0001775760028976947,0.0015589489921694621,0.01826424300088547,0.019823191993054934,50.445962504441795,0
226,4.540132788009942,-0.3399465719806116,-1.7075334988036097,1.7134812513934534,-1.7418543301024378,-1.5726316610919397,0.10668981075286865,-0.12923705577850342,-0.9980231523513794,-0.8387192487716675,-0.5002085566520691,0.17370019853115082,0.13495609164237976,-0.19588853418827057,-0.8369149565696716,-0.5901437401771545,-0.15066516399383545,0.1497342586517334,-0.021992981433868408,-0.40295892000225564,0.13503321987270434,-0.87296497741836,0.004602734942302481,-0.031490441872170656,0.025200567240037514,-0.34112772,-1.7179503,1.7310191,-1.7370018,-1.5653359,0.10525849,-0.34112772,-1.7179503,1.7310191,-1.7370018,-1.5653359,0.10525849,-0.33994656801223755,-1.7075334787368774,1.7134813070297241,-1.7418543100357056,-1.5726317167282104,0.10668981075286865,-0.029528523,-0.2604225,0.43844688,0.12131229,0.1823975,-0.035783112,0.22227876,0.20313319565109278,0.014631107728928328,0.00507832989127732,0.0005882349796593189,0.0002941175,1.17647,False,3,0.3283046522467474,0.02237647365891976,0.1720048991548354,0.35076764588244286,0.010732123639178696,0.16972168989152137,0.9761858643339845,0.004158431755012217,0.006923940220409361,0.21678539821345863,0.21651419,0.21151058,0.18445662,0.24197747798909913,3.980900510214269e-05,0.00011344699305482209,0.0004992159956600517,0.00021072900563012809,0.00017368899716529995,0.00010929099516943097,0.0014596060063922778,0.018386406998615712,0.01984601300500799,50.387954484745,0
227,4.560079399001552,-0.34031802812685186,-1.708036562005514,1.7157424131976526,-1.7416593037047328,-1.5718887487994593,0.1067056730389595,-0.1763194501399994,-1.0208187103271484,-0.7917022705078125,-0.42308732867240906,0.15664902329444885,0.03189326077699661,-0.19589856266975403,-0.8348695039749146,-0.5921249985694885,-0.12934274971485138,0.15047651529312134,-0.06879035383462906,-0.3853128943715526,-0.607504673628581,-0.40882902298540363,-0.012580063003995263,-0.026861284814558878,-0.02531301596465703,-0.34151384,-1.7203414,1.7333653,-1.7366881,-1.5642707,0.1048761,-0.34151384,-1.7203414,1.7333653,-1.7366881,-1.5642707,0.1048761,-0.3403180241584778,-1.7080365419387817,1.7157424688339233,-1.7416592836380005,-1.57188880443573,0.1067056730389595,-0.029895674,-0.30762392,0.4405698,0.12427988,0.19045177,-0.04573929,0.24731174,0.29979328005058786,0.019577342551201582,0.0074948320012646966,0.0005882349796593189,0.0002941175,1.17647,False,3,0.3278487518552876,0.022605788908939464,0.17137483360516362,0.3507173313857826,0.01069689330002163,0.16964682698500425,0.9762057384039806,0.00339668200089145,0.007965365150045575,0.21667348677813905,0.21651419,0.21151058,0.18445662,0.24198337262281502,3.899399598594755e-05,0.00011311500566080213,0.000496153996209614,0.00023839500499889255,0.0001696580002317205,0.00010846000805031508,0.0014750830014236271,0.018306614001630805,0.019781697003054433,50.5517802565469,0
228,4.580081291001989,-0.34055787721742803,-1.7090040645995082,1.7181132475482386,-1.7412268124022425,-1.571038548146383,0.10663028806447983,-0.23788776993751526,-0.9872532486915588,-0.8442909121513367,-0.4209294319152832,0.1811475157737732,-0.04677634686231613,-0.19464173913002014,-0.8252721428871155,-0.5885298252105713,-0.1261156052350998,0.1513172835111618,-0.11060003936290741,0.10778513357548522,-0.7291925638319012,-0.3198963375013979,-0.032364234121109704,-0.057289803468100926,-0.0019161646835172915,-0.34148937,-1.7224926,1.735492,-1.7363329,-1.5629746,0.104580656,-0.34148937,-1.7224926,1.735492,-1.7363329,-1.5629746,0.104580656,-0.34055787324905396,-1.7090040445327759,1.7181133031845093,-1.7412267923355103,-1.5710386037826538,0.10663028806447983,-0.02328765,-0.3372138,0.4344667,0.12234662,0.20160064,-0.051240806,0.26638678,0.4158615873385073,0.02490507809445262,0.010396539683462684,0.0005882349796593189,0.0002941175,1.17647,False,3,0.3273168853738975,0.022931456973599485,0.1708197797615589,0.3506984609777625,0.010700710815644117,0.16964688270388278,0.9761953926527916,0.0033616427223419876,0.007881143047305486,0.21672372715924482,0.21651419,0.21151058,0.18445662,0.241969736105888,4.158599767833948e-05,0.00012840500858146697,0.0007326389895752072,0.000280317006399855,0.00020982298883609474,9.654999303165823e-05,0.001831860005040653,0.018000180993112735,0.01983204099815339,50.423453647212234,0
229,4.600120585004333,-0.3408730665790003,-1.7101856670775355,1.7206009070025843,-1.7406326733031214,-1.5701583067523401,0.10643859207630157,-0.12285353243350983,-1.0828856229782104,-0.8209970593452454,-0.42803728580474854,0.2096235603094101,-0.10037161409854889,-0.19872917234897614,-0.8138172626495361,-0.5880946516990662,-0.12759479880332947,0.15058477222919464,-0.1428402066230774,0.00641028613366966,-0.07797444880346804,-0.3119143222702971,0.003141728678709076,-0.03405161245503998,0.049249763561099814,-0.34132716,-1.7247138,1.7379425,-1.7353674,-1.5617428,0.10425315,-0.34132716,-1.7247138,1.7379425,-1.7353674,-1.5617428,0.10425315,-0.3408730626106262,-1.7101856470108032,1.720600962638855,-1.7406326532363892,-1.5701583623886108,0.10643859207630157,-0.011352415,-0.363203,0.43353704,0.1316297,0.2103895,-0.054636117,0.28251436,0.5132179894487561,0.03055536536499858,0.012830449736218903,0.0005882349796593189,0.0002941175,1.17647,False,3,0.3267266534844635,0.02326170711117561,0.17027101128470584,0.35071069140364847,0.010692490478754944,0.16961092322964563,0.9762002499993394,0.0034565279592475157,0.0074930358031055164,0.21671417978759483,0.21651419,0.21151058,0.18445662,0.24198554401695485,0.00017830000433605164,0.00012353400234133005,0.00048181200691033155,0.0002527640026528388,0.00015251999138854444,9.857700206339359e-05,0.0016181040118681267,0.01823961599438917,0.019857720006257296,50.358248564532765,0
230,4.620128964001196,-0.3410270849810999,-1.7116748295226039,1.722973648701803,-1.7399727306761683,-1.569099251423971,0.10621114075183868,-0.1383270025253296,-1.1319812536239624,-0.8302733302116394,-0.40776345133781433,0.15960785746574402,-0.12827381491661072,-0.16231949627399445,-0.7990330457687378,-0.5889237523078918,-0.13070985674858093,0.1502322554588318,-0.1425272822380066,-0.6435608596118749,-0.31336124557544265,-0.6255661492417922,-0.02151119457722435,-0.014521662635875114,-0.03853072040050689,-0.3416598,-1.726965,1.7400286,-1.7350516,-1.5606382,0.10379843,-0.3416598,-1.726965,1.7400286,-1.7350516,-1.5606382,0.10379843,-0.34102708101272583,-1.7116748094558716,1.7229737043380737,-1.739972710609436,-1.5690993070602417,0.10621114075183868,-0.015818607,-0.38225442,0.42637277,0.12302582,0.21152732,-0.0603178,0.29289934,0.5943483245406301,0.03641335217282176,0.014858708113515754,0.0005882349796593189,0.0002941175,1.17647,False,3,0.32615167764158126,0.023683212085670605,0.16984542283568083,0.35069125518371924,0.01075189888137311,0.16960688563234624,0.9760996162450077,0.00344030917160228,0.007555994972173869,0.21716501407053024,0.21651419,0.21151058,0.18445662,0.24192571216919712,5.469498864840716e-05,0.00011420800001360476,0.0005702199996449053,0.0002477119996910915,0.00015111500397324562,0.000153031010995619,0.0016259410040220246,0.01821911499428097,0.019845055998302996,50.39038439022357,0
231,4.640122251003049,-0.3410747686969202,-1.713550706902975,1.7254365126239222,-1.7392498455443324,-1.567925755177633,0.10595130920410156,-0.2085593044757843,-1.0331302881240845,-0.8493149280548096,-0.4168953001499176,0.17323186993598938,-0.1566426306962967,-0.11979330331087112,-0.7849112749099731,-0.5867566466331482,-0.12988902628421783,0.15017564594745636,-0.14221984148025513,-0.16306385699850734,-0.9521320699603281,-0.5742498068424419,-0.043367408203405504,-0.013879754070372407,-0.07177180599445569,-0.34181273,-1.729047,1.7422249,-1.7345065,-1.5594963,0.10342071,-0.34181273,-1.729047,1.7422249,-1.7345065,-1.5594963,0.10342071,-0.34107476472854614,-1.7135506868362427,1.7254365682601929,-1.7392498254776,-1.5679258108139038,0.10595130920410156,-0.018448964,-0.38740647,0.41970894,0.11858481,0.21073945,-0.0632649,0.2971009,0.6619569371171918,0.042355370204895736,0.016548923427929796,0.0005882349796593189,0.0002941175,1.17647,False,3,0.32554444376520003,0.024178900955628326,0.16949802995673413,0.3507019369018441,0.010731660852235286,0.16955872524294066,0.9760519524169505,0.0027553363022555185,0.00879381730543364,0.21734231974458645,0.21651419,0.21151058,0.18445662,0.24195139138438737,3.751899930648506e-05,0.00011238399019930512,0.0005158830026630312,0.00039597999420948327,0.000171598992892541,9.571301052346826e-05,0.0016512059955857694,0.018177199002821,0.019828404998406768,50.432699961512334,0
232,4.6601088989991695,-0.34114152589906865,-1.7156101665892542,1.7278202215777796,-1.7386142216124476,-1.566897217427389,0.10563993453979492,-0.21762743592262268,-0.9947699308395386,-0.7983976602554321,-0.4064277112483978,0.20126789808273315,-0.1540285050868988,-0.09161723405122757,-0.7998748421669006,-0.576403796672821,-0.12829101085662842,0.15300492942333221,-0.14358864724636078,0.33933342332138683,-0.47959311011411593,-0.02225962948734804,-0.02598663833511619,-0.04045506540498532,-0.08320212797901745,-0.33329365,-1.7410915,1.7459366,-1.7248571,-1.5545039,0.10187968,-0.33329365,-1.7410915,1.7459366,-1.7248571,-1.5545039,0.10187968,-0.3411415219306946,-1.715610146522522,1.7278202772140503,-1.7386142015457153,-1.5668972730636597,0.10563993453979492,0.19619702,-0.63703275,0.45290792,0.3439269,0.30983445,-0.09400635,0.297378,0.7182974475976598,0.048302930276840926,0.017957436189941497,0.003529410110786557,0.001764705,7.05882,False,0,0.32495798844071866,0.02462477758910569,0.16924196164375144,0.3506512887909439,0.010708730224373157,0.16952814592293525,0.9761032344513213,0.0029964446722282913,0.008796285390886827,0.2171085549508027,0.21651419,0.21151058,0.18445662,0.2419442212887355,0.00011489000462461263,0.00011320899648126215,0.00048576500557828695,0.00024589800159446895,0.00014848199498374015,9.83339996309951e-05,0.001521675003459677,0.018305185993085615,0.019826860996545292,50.43662737002311,0
233,4.680131239001639,-0.34126121202577764,-1.7178322277464808,1.7303279081927698,-1.737864156762594,-1.5655954519854944,0.10528063774108887,-0.20176365971565247,-0.9771692156791687,-0.8052230477333069,-0.4011571407318115,0.17767521739006042,-0.16093604266643524,-0.1067906990647316,-0.7595788240432739,-0.586068332195282,-0.13145339488983154,0.14941686391830444,-0.14260591566562653,-0.04719194663175401,-0.6396863680298052,-0.11515075134632638,-0.03192717209143959,-0.025055649386256065,-0.07450190662098499,-0.34161466,-1.7382454,1.7473855,-1.7322333,-1.5538272,0.10158907,-0.34161466,-1.7382454,1.7473855,-1.7322333,-1.5538272,0.10158907,-0.34126120805740356,-1.7178322076797485,1.7303279638290405,-1.7378641366958618,-1.5655955076217651,0.10528063774108887,-0.008836114,-0.51033026,0.42643747,0.1407713,0.29420725,-0.092289306,0.35009986,0.76524787299805,0.05000000074505806,0.01913119682495125,0.003529410110786557,0.001764705,7.05882,False,0,0.32434186338688936,0.025133353386673676,0.16897890654191602,0.3506681542972846,0.01075653461274589,0.16950420010375739,0.9760544410405108,0.003250565010676215,0.008960098573053297,0.2173174771143796,0.21651419,0.21151058,0.18445662,0.24191537873356153,5.847298598382622e-05,0.00012457800039555877,0.0005672620027326047,0.0004292980011086911,0.00017490399477537721,9.790799231268466e-05,0.0018111229874193668,0.017991393004194833,0.0198025159916142,50.49863362935656,0
234,4.700178594008321,-0.3413174788104456,-1.720022817651266,1.7328746954547327,-1.7370296917357386,-1.5643847624408167,0.10491401702165604,0.15876656770706177,-1.1767675876617432,-0.8767073154449463,-0.36588069796562195,0.20353001356124878,-0.18535049259662628,0.2734728753566742,-0.9036151170730591,-0.6024113893508911,-0.10896022617816925,0.161901593208313,-0.14541007578372955,-0.6043082637375903,0.1602596102802659,-0.7846407947913185,-0.007569319305826697,-0.019712878246357594,-0.07666219444803947,-0.3410347,-1.7399012,1.7487899,-1.7317741,-1.5535777,0.10143025,-0.3410347,-1.7399012,1.7487899,-1.7317741,-1.5535777,0.10143025,-0.34131747484207153,-1.7200227975845337,1.7328747510910034,-1.7370296716690063,-1.5643848180770874,0.10491401702165604,0.007068799,-0.4969588,0.3978779,0.13139081,0.27017772,-0.08709417,0.33902612,0.804373227498375,0.05000000074505806,0.020109330687459376,0.003529410110786557,0.001764705,7.05882,False,0,0.32369161542757174,0.025651272996749824,0.16868266847335694,0.350646642873626,0.010885393106547384,0.16964341169548605,0.9759263545282266,0.0032176956110477497,0.007676885817945576,0.21794153875574107,0.21651419,0.21151058,0.18445662,0.24178795338267003,3.972799459006637e-05,0.0001139599917223677,0.0004927650006720796,0.00027983800100628287,0.0001569700107211247,9.809801122173667e-05,0.0014898880035616457,0.01839296700200066,0.019882855005562305,50.29458796134892,0
235,4.72013717101072,-0.3409155050860804,-1.7228766880431117,1.735260311757223,-1.735791345635885,-1.5628989378558558,0.10448689758777618,0.2161569595336914,-1.0961169004440308,-0.8087697625160217,-0.4318538010120392,0.19688698649406433,-0.14192362129688263,0.19958335161209106,-0.7816198468208313,-0.5887760519981384,-0.12810325622558594,0.1595967710018158,-0.1455778181552887,-0.392742087879311,0.13129592125202916,-0.4490829995940504,0.006703551833633483,-0.02134248915425139,-0.051845136436821954,-0.34150884,-1.742355,1.750419,-1.732582,-1.5527287,0.10087935,-0.34150884,-1.742355,1.750419,-1.732582,-1.5527287,0.10087935,-0.3409155011177063,-1.7228766679763794,1.7352603673934937,-1.7357913255691528,-1.5628989934921265,0.10448689758777618,-0.014833545,-0.4869586,0.3789662,0.08023426,0.2542575,-0.0901887,0.327749,0.8369776895819792,0.05000000074505806,0.02092444223954948,0.003529410110786557,0.001764705,7.05882,False,0,0.3229905938517938,0.0264002895356531,0.16858761792541552,0.35076188796283536,0.010761991086136541,0.16972273652631303,0.9761186962963675,0.0034345262793100467,0.007382273659758173,0.21708519415852512,0.21651419,0.21151058,0.18445662,0.241949437723711,3.8197002140805125e-05,0.00011091999476775527,0.0004737880080938339,0.00025852001272141933,0.0001511330046923831,0.00010006099182646722,0.0014373110025189817,0.018368978999205865,0.019806290001724847,50.48901131473457,0
236,4.740131354003097,-0.3405349890338343,-1.7259775600829066,1.737586800252096,-1.7345944843687953,-1.5611775557147425,0.10394880920648575,0.08644509315490723,-0.8707360625267029,-0.7896561622619629,-0.416703462600708,0.12305919826030731,-0.16702692210674286,0.18151748180389404,-0.7270168662071228,-0.5900163650512695,-0.1427021026611328,0.15080474317073822,-0.14314088225364685,0.05975183574842023,-1.6376593295046178,-0.30108729360422604,-0.0488697847767816,-0.02795173412008449,-0.046921586156913137,-0.34152314,-1.7447367,1.752427,-1.7312036,-1.5516657,0.10039399,-0.34152314,-1.7447367,1.752427,-1.7312036,-1.5516657,0.10039399,-0.3405349850654602,-1.7259775400161743,1.7375868558883667,-1.734594464302063,-1.5611776113510132,0.10394880920648575,-0.024704218,-0.46897918,0.37100318,0.084772356,0.23779885,-0.08887058,0.3167345,0.8641480746516492,0.05000000074505806,0.021603701866291233,0.003529410110786557,0.001764705,7.05882,False,0,0.3223256117293266,0.02718833105098411,0.1685892056432125,0.3507097920146554,0.010778725660814349,0.16965110060850597,0.9761594284315508,0.004106587457487807,0.007653469356861172,0.2168808952028581,0.21651419,0.21151058,0.18445662,0.24191102307094384,3.592199936974794e-05,0.00012937499559484422,0.00047644501319155097,0.0002525809977669269,0.00014953099889680743,0.00017029700393322855,0.0014956279919715598,0.01835192900034599,0.01984755699231755,50.38403468936116,0
237,4.760106829999131,-0.3403828779803675,-1.7288547954955042,1.7399094740497034,-1.7337142429747523,-1.5597131888019007,0.10346982628107071,0.020785897970199585,-0.9619482755661011,-0.8096532821655273,-0.4322640001773834,0.15693464875221252,-0.16543930768966675,0.03812568262219429,-0.7126845121383667,-0.5917292833328247,-0.14356271922588348,0.14665907621383667,-0.14259538054466248,0.8826260533201179,-1.6681105498070707,-0.10536634548089044,-0.06184381354658659,-0.07339311620693255,-0.07527927992683629,-0.34135595,-1.747277,1.7543883,-1.7302063,-1.5505627,0.100072496,-0.34135595,-1.747277,1.7543883,-1.7302063,-1.5505627,0.100072496,-0.3403828740119934,-1.728854775428772,1.7399095296859741,-1.73371422290802,-1.5597132444381714,0.10346982628107071,-0.024326915,-0.4605549,0.36197114,0.08769953,0.2287629,-0.08493335,0.31120577,0.8867900622097077,0.05000000074505806,0.022169751555242694,0.003529410110786557,0.001764705,7.05882,False,0,0.3217167348935035,0.027819930265911577,0.16856202772009626,0.350714241443403,0.010727657203417628,0.16969654360595976,0.9761392729210089,0.003763923935902319,0.0078415281943058,0.2169711606328665,0.21651419,0.21151058,0.18445662,0.24195309149150454,3.8372003473341465e-05,0.0001114309998229146,0.0005443300033221021,0.0002711799897952005,0.00015157200687099248,9.42089973250404e-05,0.0015106190112419426,0.018297317990800366,0.01980793700204231,50.48481322900484,0
238,4.780126477009617,-0.3405216375934046,-1.7315284214415492,1.742075268422262,-1.733187814752096,-1.558282200490133,0.10298623889684677,-0.009669877588748932,-1.015596628189087,-0.8043730854988098,-0.3990965485572815,0.1844109147787094,-0.16810669004917145,-0.09572013467550278,-0.7138216495513916,-0.5886285901069641,-0.1375340223312378,0.14607708156108856,-0.14269809424877167,-0.268776626412988,-0.09764755576117691,0.07415920630713688,-0.006842734968575567,-0.027604175160898123,-0.08676285516132216,-0.3416661,-1.749679,1.756309,-1.7299616,-1.5494403,0.09964717,-0.3416661,-1.749679,1.756309,-1.7299616,-1.5494403,0.09964717,-0.3405216336250305,-1.731528401374817,1.7420753240585327,-1.7331877946853638,-1.5582822561264038,0.10298623889684677,-0.02861193,-0.45376444,0.35584316,0.0806539,0.22105026,-0.083476655,0.305411,0.9056583851747564,0.05000000074505806,0.02264145962936891,0.003529410110786557,0.001764705,7.05882,False,0,0.32122369519247274,0.028311357749234455,0.1685681170096047,0.35072088157910325,0.010739764979023979,0.1697190142136252,0.976143091285905,0.0035574018473889545,0.007629888358542007,0.21696502622982852,0.21651419,0.21151058,0.18445662,0.2419453574388722,5.639900336973369e-05,0.00010669100447557867,0.0005791209987364709,0.00025682100385893136,0.0001529480068711564,9.690300794318318e-05,0.0015965920028975233,0.018209713001851924,0.019806305004749447,50.48897306994946,0
239,4.8001318629976595,-0.3406017462359827,-1.7340785465636195,1.7442281881915491,-1.7326747379698695,-1.5568659941302698,0.10249865055084229,-0.0631522536277771,-1.117199420928955,-0.8225608468055725,-0.40595805644989014,0.17375881969928741,-0.17978821694850922,-0.16112397611141205,-0.7492032051086426,-0.5786441564559937,-0.1302131861448288,0.1499568372964859,-0.14346542954444885,-0.896974363501685,-0.27776350384012743,-0.4695330530652241,-0.027046160925471557,-0.015744469944981278,-0.05786035578016704,-0.34197286,-1.7518528,1.7579815,-1.7300276,-1.5482625,0.09920621,-0.34197286,-1.7518528,1.7579815,-1.7300276,-1.5482625,0.09920621,-0.34060174226760864,-1.7340785264968872,1.7442282438278198,-1.7326747179031372,-1.5568660497665405,0.10249865055084229,-0.034277573,-0.4443553,0.34383348,0.066178165,0.21508797,-0.08231101,0.29999834,0.9213819876456303,0.05000000074505806,0.023034549691140757,0.003529410110786557,0.0041176500000000005,16.4706,False,0,0.3207355206499333,0.028815735768805494,0.16854265032622712,0.3507215577097888,0.010747598695659819,0.16974449943504902,0.976119530957417,0.0034092894559737174,0.0075324252442060145,0.21707668491962603,0.21651419,0.21151058,0.18445662,0.24193768089023984,3.731600008904934e-05,0.00011626900231931359,0.0004976769996574149,0.0012427019973983988,0.0001714550016913563,9.433999366592616e-05,0.00247258399031125,0.017369845998473465,0.019842429988784716,50.39705321199154,0
240,4.820132680004463,-0.3407061735736292,-1.736927171746725,1.7463706175433558,-1.7321459255614222,-1.5554984251605433,0.10199952125549316,-0.12341856956481934,-0.9510825276374817,-0.8433624505996704,-0.4284733235836029,0.18538080155849457,-0.16090600192546844,-0.2008245587348938,-0.7143316268920898,-0.5842057466506958,-0.13025739789009094,0.14747199416160583,-0.14203622937202454,0.23288221480129956,-0.6044661193946664,-0.4328988347852711,-0.026970944432786966,-0.03500295163408699,-0.06373930301173925,-0.32597113,-1.7639526,1.7627572,-1.7140634,-1.5427147,0.09819294,-0.32597113,-1.7639526,1.7627572,-1.7140634,-1.5427147,0.09819294,-0.3407061696052551,-1.7369271516799927,1.7463706731796265,-1.73214590549469,-1.555498480796814,0.10199952125549316,0.36837596,-0.6756362,0.40966153,0.45206362,0.31959534,-0.095164515,0.17589886,0.934484989704692,0.05000000074505806,0.0233621247426173,0.008235299959778786,0.0041176500000000005,16.4706,False,0,0.3202387250701649,0.02930349935005145,0.16860469191652402,0.35073751625407606,0.01073099890017676,0.1697338118627787,0.9761409063248162,0.003663176107750178,0.008328279952232957,0.21694727671589809,0.21651419,0.21151058,0.18445662,0.24196095823544947,3.921400639228523e-05,0.00011289000394754112,0.00047983099648263305,0.0002459379902575165,0.00014983500295784324,0.00015360400720965117,0.0014901239919709042,0.018347313001868315,0.01983743699383922,50.40973792685836,0
241,4.840125991002424,-0.3408110777484339,-1.739692827264303,1.7484357992755335,-1.7317244015135707,-1.5542128721820276,0.10150468349456787,-0.22313940525054932,-0.8330049514770508,-0.7927039861679077,-0.403509259223938,0.1971324235200882,-0.19453692436218262,-0.210309237241745,-0.7000470757484436,-0.589877188205719,-0.13271871209144592,0.1458354890346527,-0.1413136124610901,0.4181122438751328,-0.7385714339040341,0.1967064023326926,-0.03985818181036894,-0.04242450168893225,-0.07256583229565791,-0.34349942,-1.7602357,1.762371,-1.729716,-1.5418663,0.09688788,-0.34349942,-1.7602357,1.762371,-1.729716,-1.5418663,0.09688788,-0.3408110737800598,-1.7396928071975708,1.7484358549118042,-1.7317243814468384,-1.5542129278182983,0.10150468349456787,-0.06720893,-0.51357245,0.34837696,0.05021066,0.30866665,-0.11542014,0.29732153,0.9454041580872432,0.05000000074505806,0.02363510395218108,0.008235299959778786,0.0041176500000000005,16.4706,False,0,0.31977573150495975,0.02975862766459108,0.16867927866504354,0.35065131074402095,0.01073372051984646,0.16968626811409115,0.976200958779717,0.004173511146965246,0.008543011072661876,0.216659351831424,0.21651419,0.21151058,0.18445662,0.24191378731129823,3.885000478476286e-05,0.00011132500367239118,0.0004901909996988252,0.00023654301185160875,0.0001481020008213818,9.564199717715383e-05,0.0014217540010577068,0.018413338999380358,0.019835093000438064,50.415695050076884,0
242,4.860110734007321,-0.34087926546205694,-1.7422386608519496,1.7504447142230433,-1.7312432728209437,-1.5529893080340784,0.10100684314966202,0.29924988746643066,-1.0665874481201172,-0.8228601813316345,-0.2925180196762085,0.2452077865600586,-0.1736430823802948,0.43630966544151306,-0.869894802570343,-0.5840590596199036,-0.08398368209600449,0.16588175296783447,-0.14350001513957977,-0.9458065138160402,0.8451881838736971,0.0980699370856465,0.006243655554893361,-0.012470271663312018,-0.06718273497623822,-0.3420016,-1.7628758,1.7628844,-1.7294708,-1.5428613,0.096737236,-0.3420016,-1.7628758,1.7628844,-1.7294708,-1.5428613,0.096737236,-0.34087926149368286,-1.7422386407852173,1.750444769859314,-1.7312432527542114,-1.5529893636703491,0.10100684314966202,-0.028058253,-0.5159283,0.3109905,0.044308946,0.25320107,-0.10674027,0.2862655,0.9545034650727027,0.05000000074505806,0.023862586626817568,0.008235299959778786,0.0041176500000000005,16.4706,False,0,0.3193098654273637,0.030210635376938064,0.16869979524298906,0.3506740846602741,0.01075527951699019,0.16975720853300402,0.976119188771788,0.0036976007511893643,0.008337337875191845,0.21704404845010006,0.21651419,0.21151058,0.18445662,0.24190420301753277,3.907800419256091e-05,0.00011147199256811291,0.0004811959952348843,0.00024961600138340145,0.00015237399202305824,0.0001002140052150935,0.0014471169997705147,0.01837384900136385,0.019820966001134366,50.45162783402027,0
243,4.880084657997941,-0.3401535193072718,-1.7451397381224574,1.7525470892535608,-1.729833265344137,-1.5514586607562464,0.10050377994775772,0.2661410868167877,-1.1169744729995728,-0.8548336029052734,-0.3664342761039734,0.2413901388645172,-0.18062150478363037,0.16030815243721008,-0.7252765893936157,-0.5884084105491638,-0.13187970221042633,0.16149188578128815,-0.14648523926734924,-1.1795883672100307,0.8780055394223063,-0.33336352212568765,0.03312848493205713,-0.0009989364622853664,-0.08123161615266412,-0.34235162,-1.7652531,1.7635313,-1.7312578,-1.5421277,0.096145295,-0.34235162,-1.7652531,1.7635313,-1.7312578,-1.5421277,0.096145295,-0.3401535153388977,-1.745139718055725,1.7525471448898315,-1.7298332452774048,-1.551458716392517,0.10050377994775772,-0.054952618,-0.5028341,0.27460587,-0.035614233,0.23327483,-0.10896217,0.2674646,0.9620862208939188,0.05000000074505806,0.024052155522347973,0.008235299959778786,0.0041176500000000005,16.4706,False,0,0.31862459582544816,0.031062088388799834,0.16868109903726958,0.35071161174157334,0.010783619382404661,0.16970951182277783,0.976099845326074,0.004073909802601576,0.008886985650570032,0.2171026344844599,0.21651419,0.21151058,0.18445662,0.2419044039555351,4.1499006329104304e-05,0.00011939099931623787,0.0006462909950641915,0.0002486400044290349,0.00015388500469271094,9.752900223247707e-05,0.0016339419962605461,0.018109237993485294,0.01974317998974584,50.65040183594422,0
244,4.9001216030010255,-0.339548412953512,-1.74831022838735,1.7547391096698206,-1.7285901508727015,-1.5497191588031214,0.09991703182458878,0.07353826612234116,-0.9860928058624268,-0.9626563787460327,-0.5224498510360718,0.18543080985546112,-0.16471414268016815,0.1359025239944458,-0.6964894533157349,-0.6024389266967773,-0.16188402473926544,0.1481321156024933,-0.14518952369689941,0.6674621331950963,-1.8701970895298454,-1.3668592298239872,-0.06874887987602664,-0.05739322153237631,-0.07164438951701566,-0.34168324,-1.7675239,1.7659293,-1.7282823,-1.5407379,0.09575293,-0.34168324,-1.7675239,1.7659293,-1.7282823,-1.5407379,0.09575293,-0.33954840898513794,-1.7483102083206177,1.7547391653060913,-1.7285901308059692,-1.549719214439392,0.09991703182458878,-0.053370614,-0.48034257,0.27975535,0.0076955482,0.2245328,-0.10410252,0.26136574,0.9684051840782657,0.05000000074505806,0.024210129601956645,0.008235299959778786,0.0041176500000000005,16.4706,False,0,0.3179702824737701,0.0319167595872244,0.16873015126581498,0.3506456070129977,0.010764128236221346,0.16966429922903858,0.9761344310761235,0.004469408311795814,0.008628292849241524,0.2169495765165782,0.21651419,0.21151058,0.18445662,0.24188673053988197,0.00012543500633910298,0.00012842100113630295,0.0004987619904568419,0.00030799201340414584,0.0001585220015840605,9.8307995358482e-05,0.0016591089952271432,0.018193398995208554,0.019852507990435697,50.37146946278868,0
245,4.920077579998178,-0.3394869009601038,-1.7514897785582484,1.756418530141012,-1.7282253704466761,-1.548227612172262,0.09935774654150009,-0.13554425537586212,-0.7760833501815796,-0.8470460772514343,-0.44404131174087524,0.13048295676708221,-0.17632319033145905,-0.17168870568275452,-0.6866549253463745,-0.6078690886497498,-0.1594095528125763,0.14283056557178497,-0.14380206167697906,1.0515816017888608,-2.167151786135484,-0.20045748150168521,-0.07931478981468987,-0.06549117469956248,-0.06486179452765875,-0.34109968,-1.7701894,1.7683074,-1.7257658,-1.5393444,0.09549951,-0.34109968,-1.7701894,1.7683074,-1.7257658,-1.5393444,0.09549951,-0.33948689699172974,-1.7514897584915161,1.7564185857772827,-1.7282253503799438,-1.5482276678085327,0.09935774654150009,-0.04031954,-0.46749237,0.29722032,0.061488505,0.22208114,-0.09645592,0.25905603,0.973670986731888,0.05000000074505806,0.024341774668297202,0.008235299959778786,0.0041176500000000005,16.4706,False,0,0.3176046881563133,0.03243977938786987,0.16905447400310147,0.3506880253295844,0.010816946227919235,0.16960480174705025,0.9760546646770262,0.005045506680958391,0.009257057197974474,0.2172696310806249,0.21651419,0.21151058,0.18445662,0.24187007247808306,3.9256003219634295e-05,0.00015023800369817764,0.0005571569927269593,0.0003045330086024478,0.00016805999621283263,0.00010615300561767071,0.0016618369991192594,0.018118223000783473,0.019780059999902733,50.555963935646176,0
246,4.940100566003821,-0.3398826758014124,-1.7542749843993128,1.7579076925860804,-1.7283054790892542,-1.5469711462603968,0.09874322265386581,-0.05261965095996857,-0.8759846091270447,-0.7783945798873901,-0.4628395140171051,0.2517090439796448,-0.1607705056667328,-0.24506430327892303,-0.6847306489944458,-0.5933340191841125,-0.2984294891357422,0.14516516029834747,-0.14302729070186615,-0.45309519345935334,0.8968486843991015,1.0209476667504307,0.01215781126468153,-0.014159430851482432,-0.07750802887320223,-0.3418943,-1.772761,1.7691138,-1.7268186,-1.5385518,0.09494582,-0.3418943,-1.772761,1.7691138,-1.7268186,-1.5385518,0.09494582,-0.33988267183303833,-1.7542749643325806,1.757907748222351,-1.728305459022522,-1.5469712018966675,0.09874322265386581,-0.05029068,-0.46215063,0.28014943,0.037171975,0.21048543,-0.09493506,0.2511783,0.9780591556099067,0.05000000074505806,0.02445147889024767,0.008235299959778786,0.0041176500000000005,16.4706,False,0,0.31737459115999095,0.03271593733003934,0.16937903527181714,0.35069867647569564,0.010779403706322853,0.16969821718140546,0.9761245795939079,0.004332758109590494,0.009316323047128266,0.2169682455199321,0.21651419,0.21151058,0.18445662,0.24190141531872494,4.1463994421064854e-05,0.0001249390043085441,0.0005662250041496009,0.00027230499836150557,0.00016772199887782335,0.0009723559924168512,0.0024928689963417128,0.017351012997096404,0.019843881993438117,50.39336558898482,0
247,4.960094958005357,-0.34011871019472295,-1.7566873035826625,1.7597211042987269,-1.7282525501646937,-1.5455592314349573,0.09814455360174179,-0.11003328859806061,-1.1023002862930298,-0.9221452474594116,-0.42263439297676086,0.19425122439861298,-0.17105871438980103,-0.21990396082401276,-0.6893042922019958,-0.580706000328064,-0.23643243312835693,0.1480303555727005,-0.14180438220500946,-0.9482116473316197,-0.5672829452306248,-0.9190098157244879,-0.02791263142612567,-0.01242733794317016,-0.08256628757049979,-0.33543414,-1.7674109,1.764351,-1.7071396,-1.5412445,0.0995085,-0.33543414,-1.7674109,1.764351,-1.7071396,-1.5412445,0.0995085,-0.3401187062263489,-1.7566872835159302,1.7597211599349976,-1.7282525300979614,-1.545559287071228,0.09814455360174179,0.11711408,-0.268091,0.11574617,0.5278235,0.107868955,0.03409861,-0.26841244,0.9817159630082556,0.04463175192475319,0.02454289907520639,0.022352950647473335,0.011176475,44.7059,False,0,0.3170618744931434,0.03310949107004183,0.1694720595003344,0.3507215197093603,0.010775424854130187,0.1697249549309554,0.976076657007808,0.004023387516191819,0.009074117924130737,0.21719991385729215,0.21651419,0.21151058,0.18445662,0.24191575919677402,4.806400102097541e-05,0.00012409299961291254,0.0007013010035734624,0.0004327200003899634,0.0002773000014713034,0.0001537180069135502,0.002081248996546492,0.01775029199779965,0.019831540994346142,50.424724951283125,0
248,4.980101774999639,-0.34036237398256475,-1.7594310245909632,1.7612927595721644,-1.7279488048949183,-1.5443595091449183,0.09755055606365204,-0.1440799981355667,-1.0386543273925781,-0.863288164138794,-0.40978512167930603,0.18727971613407135,-0.17102164030075073,-0.22311727702617645,-0.6943538188934326,-0.5870800018310547,-0.1286250352859497,0.14764030277729034,-0.14179231226444244,0.06886425147467101,-0.3420412895867727,-0.5066222761135031,-0.009436245114974437,-0.04111229456645592,-0.08335468713123748,-0.34314236,-1.7781477,1.7662947,-1.73296,-1.5314329,0.092687115,-0.34314236,-1.7781477,1.7662947,-1.73296,-1.5314329,0.092687115,-0.3403623700141907,-1.759431004524231,1.761292815208435,-1.727948784828186,-1.544359564781189,0.09755055606365204,-0.069499634,-0.46791852,0.12504663,-0.12528074,0.3231667,-0.121586,0.0833785,0.9847633025068797,0.04629932194948196,0.024619082562671993,0.022352950647473335,0.011176475,44.7059,False,0,0.31672589961551956,0.03345579923169329,0.16970842302235845,0.3506898945188925,0.010785042277113068,0.16964017043317348,0.97613313124913,0.0047634674154832775,0.009243334758743378,0.2169239791958675,0.21651419,0.21151058,0.18445662,0.24189541353028474,5.6738004786893725e-05,0.00017321899940725416,0.0007216930098365992,0.0003067479992751032,0.0001901500072563067,9.904000035021454e-05,0.001976157000171952,0.017808025993872434,0.019784182994044386,50.54542814838647,0
249,5.000129992011352,-0.34045440355409795,-1.7621880970396937,1.762641731892721,-1.7276793919005335,-1.5431821982013147,0.09709830582141876,-0.08903256058692932,-0.7425965070724487,-0.776806652545929,-0.25016218423843384,0.16535386443138123,-0.1337783932685852,-0.05358237028121948,-0.5956495404243469,-0.6024539470672607,-0.0635414645075798,0.13732652366161346,-0.12654167413711548,0.3493728475058364,-0.8901875421781781,0.8827152087452533,-0.03684336060570746,-0.02657450157017914,-0.07301856900464637,-0.33732396,-1.7854538,1.7713934,-1.7231704,-1.5290761,0.09190483,-0.33732396,-1.7854538,1.7713934,-1.7231704,-1.5290761,0.09190483,-0.3404543995857239,-1.7621880769729614,1.7626417875289917,-1.7276793718338013,-1.5431822538375854,0.09709830582141876,0.07826126,-0.5816427,0.21878986,0.11272517,0.3526542,-0.129837,0.12616342,0.9873027520890665,0.04882259041070938,0.024682568802226662,0.022352950647473335,0.011176475,44.7059,False,0,0.3164365590047494,0.03382633167623115,0.17002555550820694,0.3506733159947817,0.010770608783717567,0.1697165199053219,0.9761292594884634,0.004097512851207236,0.009089931134597655,0.21696145387016522,0.21651419,0.21151058,0.18445662,0.2418935311553303,3.82250000257045e-05,0.00011315599840600044,0.00048354800674133003,0.0003531880065565929,0.00017194698739331216,9.706499986350536e-05,0.0015639369958080351,0.01827708800556138,0.019841025001369417,50.40062194019616,0
250,5.020091176003916,-0.34030229250063115,-1.764174600640768,1.7637141386615198,-1.7262283764281214,-1.5423238913165491,0.09690630435943604,0.06597334891557693,-0.9039291143417358,-0.8029665946960449,-0.4027364253997803,0.2713339626789093,-0.1898842453956604,0.1867760270833969,-0.7259775996208191,-0.6476582288742065,-0.15838097035884857,0.16116149723529816,-0.12568050622940063,0.659034865231182,-0.028510682767912427,0.4261591897159367,0.00128581143806575,-0.050562101461455324,-0.0867400537424649,-0.337364,-1.7881032,1.772431,-1.724529,-1.5274992,0.091394044,-0.337364,-1.7881032,1.772431,-1.724529,-1.5274992,0.091394044,-0.3403022885322571,-1.7641745805740356,1.7637141942977905,-1.7262283563613892,-1.5423239469528198,0.09690630435943604,0.0734577,-0.5982153,0.21792081,0.042483177,0.37062013,-0.13780655,0.1199209,0.989418960074222,0.05000000074505806,0.02473547400185555,0.022352950647473335,0.011176475,44.7059,False,0,0.3159386037706126,0.034264801492293315,0.1700678846061796,0.3506823411147191,0.010751210010167201,0.16974228066798816,0.976146385603416,0.0038069972143984394,0.00886807732633128,0.21689889901807674,0.21651419,0.21151058,0.18445662,0.241913066879485,3.858600393868983e-05,0.00011320899648126215,0.00047627100138925016,0.00027016300009563565,0.00015325500862672925,9.876300464384258e-05,0.0014574490051018074,0.018336925000767224,0.01979437400586903,50.51940514529533,0
251,5.040134986003977,-0.34036237398256475,-1.766122957269186,1.7648442427264612,-1.7253300152220667,-1.5409610907184046,0.09654400497674942,0.043193843215703964,-1.220805048942566,-1.007681965827942,-0.4787563979625702,0.20994330942630768,-0.17191699147224426,0.06933588534593582,-0.8240211009979248,-0.6049742102622986,-0.16197916865348816,0.17706862092018127,-0.15538373589515686,0.20355286372522008,0.01937957022852952,-2.0123938713636536,-0.006938067046625387,-0.07346906766810697,-0.07117657804601661,-0.3366796,-1.790379,1.774287,-1.7198852,-1.5268556,0.0910652,-0.3366796,-1.790379,1.774287,-1.7198852,-1.5268556,0.0910652,-0.3403623700141907,-1.7661229372024536,1.764844298362732,-1.7253299951553345,-1.5409611463546753,0.09654400497674942,0.09206887,-0.6064042,0.23606575,0.13611981,0.35263857,-0.1369702,0.12750314,0.9911824667285183,0.05000000074505806,0.02477956166821296,0.022352950647473335,0.011176475,44.7059,False,0,0.31559099297787613,0.0347123635747894,0.1701495815120954,0.35072059552605667,0.010739182087828347,0.16969172131685364,0.9760863199156119,0.0035369454965317893,0.009190180466472745,0.21716006419379175,0.21651419,0.21151058,0.18445662,0.24194734648242622,4.38069982919842e-05,0.00012504700862336904,0.0005378599889809266,0.00036811199970543385,0.00019890800467692316,0.00010649400064721704,0.001735009005642496,0.018140265994588844,0.01987527500023134,50.3137692428588,0
252,5.06010431300092,-0.34016400972475225,-1.7690049610533656,1.765545670186178,-1.7251726589598597,-1.5391472021686,0.09594150632619858,0.20881980657577515,-1.0737037658691406,-0.7886952757835388,-0.3175637423992157,0.17086118459701538,-0.17012058198451996,0.2587999105453491,-0.7958120703697205,-0.5931140184402466,-0.13960886001586914,0.1707005649805069,-0.15107175707817078,-1.6061004399102623,-0.4889479234861297,0.05391143812622401,-0.03721958172542603,0.007928494738523735,-0.06501696354315781,-0.3365502,-1.7931968,1.7753004,-1.719507,-1.5251781,0.09033965,-0.3365502,-1.7931968,1.7753004,-1.719507,-1.5251781,0.09033965,-0.3401640057563782,-1.7690049409866333,1.7655457258224487,-1.7251726388931274,-1.5391472578048706,0.09594150632619858,0.09034525,-0.6047978,0.24386784,0.1416419,0.34922865,-0.14004636,0.121993385,0.9926520556070986,0.05000000074505806,0.024816301390177466,0.022352950647473335,0.011176475,44.7059,False,0,0.31549670862342405,0.03526198952218835,0.1707333024084201,0.35068821608049777,0.010754770926006543,0.1696996932553614,0.9761615817298872,0.00400228328082246,0.00850583977414301,0.21684148880640305,0.21651419,0.21151058,0.18445662,0.24191596427499223,3.868999192491174e-05,0.00011695499415509403,0.0005028099985793233,0.0002808519930113107,0.0001863509969552979,0.00010381199535913765,0.0015554079873254523,0.018250284003443085,0.019805691990768537,50.490535774569324,0
253,5.080133109004237,-0.33990794817079717,-1.7723518810667933,1.7665942350970667,-1.724743982354635,-1.537372891102926,0.09524692595005035,0.2799270749092102,-0.8655470609664917,-0.7797662615776062,-0.30467239022254944,0.2525566816329956,-0.19981369376182556,0.24876494705677032,-0.7360748052597046,-0.5797038078308105,-0.12145736813545227,0.16153624653816223,-0.14704903960227966,0.6303077498173268,1.425293748278024,0.6759872383477501,0.03960514804506438,-0.04410087694400791,-0.10506101754258028,-0.3368647,-1.7962484,1.7753327,-1.7205477,-1.5241051,0.0896188,-0.3368647,-1.7962484,1.7753327,-1.7205477,-1.5241051,0.0896188,-0.3399079442024231,-1.772351861000061,1.7665942907333374,-1.7247439622879028,-1.5373729467391968,0.09524692595005035,0.07608118,-0.5974145,0.21846133,0.1049058,0.33169606,-0.14070304,0.11166934,0.9938767130059154,0.05000000074505806,0.024846917825147887,0.022352950647473335,0.011176475,44.7059,False,0,0.3152590690816535,0.035869692767372424,0.17130005943243912,0.35069586248519863,0.010771404706473017,0.16973230157956068,0.9761283462404278,0.0038392468971207585,0.008188276229560622,0.2170060715498114,0.21651419,0.21151058,0.18445662,0.2419044150364257,4.223200085107237e-05,0.0001466370013076812,0.0007327760104089975,0.0003283100086264312,0.00019352100207470357,0.0001784559863153845,0.0019723860023077577,0.017806659001507796,0.019779045003815554,50.55855830284481,0
254,5.100093230008497,-0.33935290971864873,-1.775750299493307,1.7678869406329554,-1.7241512737669886,-1.5351842085467737,0.09447214752435684,0.16436493396759033,-0.8287784457206726,-0.7869523763656616,-0.37054798007011414,0.142753466963768,-0.1763150542974472,0.2319817990064621,-0.7028260231018066,-0.5815992951393127,-0.11717399954795837,0.156988725066185,-0.14534340798854828,0.7241239564044312,-1.371255588960294,0.11511840722260502,-0.045096269207129364,-0.05372966722653867,-0.0757151255441618,-0.33721346,-1.7991928,1.7758545,-1.7214301,-1.5228101,0.08882351,-0.33721346,-1.7991928,1.7758545,-1.7214301,-1.5228101,0.08882351,-0.33935290575027466,-1.7757502794265747,1.767886996269226,-1.7241512537002563,-1.5351842641830444,0.09447214752435684,0.05348656,-0.58606255,0.19918816,0.06802911,0.30935302,-0.1412159,0.096865855,0.9948972608382629,0.05000000074505806,0.024872431520956573,0.022352950647473335,0.011176475,44.7059,False,0,0.31495580410204943,0.036694787554416644,0.17178206664629894,0.3506505698971963,0.010796022351155352,0.16966267326832948,0.976189289085206,0.004663257346848799,0.00943273510811354,0.2166651804017012,0.21651419,0.21151058,0.18445662,0.2418631134663051,4.541300586424768e-05,0.00013446201046463102,0.000564272006158717,0.0013637509982800111,0.00022399501176550984,0.00013885399675928056,0.0028764920134563,0.016887400997802615,0.019763893011258915,50.5973190317479,0
255,5.12013322400162,-0.33889609972109014,-1.778961797753805,1.7692044417010706,-1.7234841785826625,-1.5332220236407679,0.09366622567176819,0.21986624598503113,-0.9654883742332458,-0.7849249243736267,-0.3375135362148285,0.15041488409042358,-0.16813066601753235,0.21445268392562866,-0.6899314522743225,-0.5948839783668518,-0.12942801415920258,0.153794065117836,-0.14487680792808533,-0.501807729960696,-1.1637271257006516,-0.0788869845518208,-0.03678275904078032,-0.021782822196620023,-0.07121401732579119,-0.3472123,-1.7897573,1.7709601,-1.703948,-1.5296305,0.09508221,-0.3472123,-1.7897573,1.7709601,-1.703948,-1.5296305,0.09508221,-0.33889609575271606,-1.7789617776870728,1.7692044973373413,-1.7234841585159302,-1.5332220792770386,0.09366622567176819,-0.20790546,-0.26988593,0.04388992,0.48840466,0.08978773,0.03539961,-0.33548066,0.995747717365219,0.04329038754105568,0.024893692934130476,0.03666665032505989,0.018333324999999998,73.3333,False,0,0.3146200356686098,0.03744416017814493,0.17219039664965205,0.3506508614058072,0.010830733471186522,0.16965610867003691,0.976070803520021,0.005038243709140701,0.010138320847059611,0.21715808822666935,0.21651419,0.21151058,0.18445662,0.24183487193869035,0.0001147720031440258,0.00013310101348906755,0.0005699539906345308,0.0003089800011366606,0.00020042598771397024,0.00012103100016247481,0.0018172580021200702,0.01803974799986463,0.0198570060019847,50.3600593110588,0
256,5.140127373000723,-0.33850223222841436,-1.782163759271139,1.7706173102008265,-1.7227918110289515,-1.5314462820636194,0.09291157126426697,0.30105870962142944,-1.0462126731872559,-0.8674107193946838,-0.3794194757938385,0.19803716242313385,-0.17423173785209656,0.20220015943050385,-0.6805164217948914,-0.6023040413856506,-0.1385355442762375,0.15153361856937408,-0.14480368793010712,-0.2669245107794404,0.11373849040882084,-1.0424185042797347,-0.012366923463599595,-0.04511870515492901,-0.07750926209053986,-0.3330203,-1.8056368,1.7740805,-1.7234588,-1.5157721,0.087206244,-0.3330203,-1.8056368,1.7740805,-1.7234588,-1.5157721,0.087206244,-0.3385022282600403,-1.7821637392044067,1.7706173658370972,-1.7227917909622192,-1.5314463376998901,0.09291157126426697,0.13704814,-0.58682525,0.08657955,-0.016674481,0.3918558,-0.1426331,-0.12601621,0.9964564311376825,0.04077006325125694,0.024911410778442063,0.03666665032505989,0.018333324999999998,73.3333,False,0,0.314246388007777,0.03814054045740292,0.17255801870050275,0.3506398710391785,0.010811231648157007,0.16969812983237678,0.9761260379666807,0.004784704395076966,0.010333423369011633,0.21690622372983823,0.21651419,0.21151058,0.18445662,0.24184239187277132,4.074600292369723e-05,0.00011932398774661124,0.0005073870124761015,0.0002791150036500767,0.00018271300359629095,9.865799802355468e-05,0.00156027999764774,0.01827289699576795,0.01983317699341569,50.420565516658506,0
257,5.1600830430106726,-0.33821279207338506,-1.7854811153807582,1.7716158072101038,-1.7222620449461878,-1.5296600500689905,0.09218492358922958,-0.023530013859272003,-0.7035444974899292,-0.8158103823661804,-0.2197246104478836,0.12778766453266144,-0.1307862102985382,-0.0996897891163826,-0.47268131375312805,-0.6001295447349548,-0.07497631758451462,0.1217351034283638,-0.12299595773220062,0.08487256178080646,-0.5058443957238464,0.4367522861874544,-0.017512386438934876,-0.03220927028537465,-0.06382974430346004,-0.32989338,-1.810185,1.7784187,-1.7142961,-1.5123421,0.0863789,-0.32989338,-1.810185,1.7784187,-1.7142961,-1.5123421,0.0863789,-0.338212788105011,-1.7854810953140259,1.7716158628463745,-1.7222620248794556,-1.5296601057052612,0.09218492358922958,0.20798524,-0.6175979,0.17006963,0.19914892,0.4329492,-0.1451505,-0.1466948,0.9970470259480687,0.037836167365312576,0.02492617564870172,0.03666665032505989,0.018333324999999998,73.3333,False,0,0.3139930560547637,0.038765390641715976,0.17311585326674014,0.35065532548875195,0.010914440526844309,0.16969084384883584,0.9762766784120952,0.004678152718456712,0.009865736103634348,0.21625119594936346,0.21651419,0.21151058,0.18445662,0.24176576738251573,3.936400753445923e-05,0.00011449900921434164,0.0004925440007355064,0.00029356499726418406,0.00018401899433229119,9.895299444906414e-05,0.0015347339940490201,0.018258268013596535,0.019793002007645555,50.52290701601123,0
258,5.180089143002988,-0.33845264116396123,-1.7880879841246546,1.772233788167135,-1.7207690678038539,-1.528445068989889,0.09182562679052353,-0.14390778541564941,-0.7486782670021057,-0.80149245262146,-0.3792358636856079,0.16806162893772125,-0.164751335978508,-0.14398562908172607,-0.732923686504364,-0.6423920392990112,-0.14761461317539215,0.16254132986068726,-0.14249610900878906,0.9192028966205827,-1.321424825138298,0.6583964582288514,-0.04980129741965772,-0.0464279052734999,-0.0729212508967342,-0.33053687,-1.8122052,1.7788227,-1.7159748,-1.5104476,0.08615509,-0.33053687,-1.8122052,1.7788227,-1.7159748,-1.5104476,0.08615509,-0.33845263719558716,-1.7880879640579224,1.7722338438034058,-1.7207690477371216,-1.5284451246261597,0.09182562679052353,0.19789414,-0.6029302,0.1647214,0.11985623,0.4499364,-0.1417635,-0.1536969,0.9975391882900573,0.03476222947239876,0.024938479707251434,0.03666665032505989,0.018333324999999998,73.3333,False,0,0.3136077914150722,0.03913415577196802,0.1734749436776926,0.35070165699368566,0.01085658697876417,0.16973166171643234,0.9762915362024351,0.003990373359517429,0.00906955078706003,0.21623278832648396,0.21651419,0.21151058,0.18445662,0.2418369871258971,3.911998646799475e-05,0.00012144001084379852,0.0005766129906987771,0.0004045450041303411,0.0001654880034038797,0.00010864000068977475,0.0017381409998051822,0.018103768001310527,0.01984190900111571,50.398376484025306,0
259,5.200132685000426,-0.3384287993060511,-1.790572305718893,1.772890869771139,-1.7197185955443324,-1.5270751158343714,0.09143025428056717,0.2808889150619507,-1.1596229076385498,-0.9260343909263611,-0.3393809497356415,0.24371308088302612,-0.18404600024223328,0.34941866993904114,-0.782696545124054,-0.5941326022148132,-0.14522778987884521,0.18902736902236938,-0.1559021919965744,-0.2305820604199117,1.2408186928088512,-1.5541661284133084,0.021267177370843507,-0.08475315211664554,-0.07878474150743511,-0.331152,-1.8150837,1.7789544,-1.7141039,-1.5106765,0.08557908,-0.331152,-1.8150837,1.7789544,-1.7141039,-1.5106765,0.08557908,-0.338428795337677,-1.7905722856521606,1.7728909254074097,-1.7197185754776,-1.527075171470642,0.09143025428056717,0.18191983,-0.612786,0.15158737,0.14036456,0.4099674,-0.14627929,-0.15811612,0.9979493235750477,0.03159990713000298,0.024948733089376195,0.03666665032505989,0.018333324999999998,73.3333,False,0,0.313309873359766,0.039590264433422055,0.17384112487047945,0.3507402049913802,0.010917436759203794,0.1696151250503478,0.9762082617342676,0.004825006283837244,0.008842444241157623,0.2166010282821204,0.21651419,0.21151058,0.18445662,0.24181502211256387,4.136399365961552e-05,0.00012210200657136738,0.000516179992700927,0.0003411120123928413,0.00019702799909282476,0.00010084800305776298,0.0016518940101377666,0.01821807298983913,0.019869966999976896,50.32720990433264,0
260,5.2201375080039725,-0.33782750764955694,-1.7935191593565882,1.7734745184527796,-1.718949934045309,-1.5249384085284632,0.09074404090642929,0.4550747871398926,-1.1558150053024292,-0.7969270944595337,-0.27492183446884155,0.2586953341960907,-0.17897967994213104,0.30333396792411804,-0.7405519485473633,-0.5890077948570251,-0.13178470730781555,0.18069596588611603,-0.15041474997997284,-2.024700287034919,1.985303316327771,0.16640785287771098,0.06165260846494675,0.011982210655685102,-0.0804066817856151,-0.3309591,-1.8179533,1.779367,-1.7140601,-1.5090336,0.08474708,-0.3309591,-1.8179533,1.779367,-1.7140601,-1.5090336,0.08474708,-0.33782750368118286,-1.793519139289856,1.7734745740890503,-1.7189499139785767,-1.5249384641647339,0.09074404090642929,0.17171016,-0.61085594,0.14730954,0.12224663,0.39762124,-0.1499239,-0.16162223,0.9982911029792064,0.028367462605237963,0.02495727757448016,0.03666665032505989,0.018333324999999998,73.3333,False,0,0.3131106720295237,0.04037678229638882,0.1744044041756126,0.35066466797523377,0.010862283487605399,0.169664726073824,0.9762394216419746,0.004712444510294142,0.009572668206640305,0.2164319472323274,0.21651419,0.21151058,0.18445662,0.2418158234928111,4.050400457344949e-05,0.00011659000301733613,0.0004966120031895116,0.0002775619941530749,0.00018338298832532018,0.00015362600970547646,0.0015956629940774292,0.018239586002891883,0.019835248996969312,50.41529855021195,0
261,5.240086058998713,-0.3366792837726038,-1.7969562015929164,1.7743876616107386,-1.717978139916891,-1.5224650541888636,0.08996222168207169,0.1957918107509613,-1.015438199043274,-0.8549966812133789,-0.4018332064151764,0.17259904742240906,-0.18852531909942627,0.2443440705537796,-0.6935807466506958,-0.5943633317947388,-0.13069333136081696,0.16471678018569946,-0.146805077791214,0.6103762283499277,-1.0584447678063937,-1.115540387141685,-0.03231309525134113,-0.06392657487061536,-0.07205195030832356,-0.33047763,-1.8212711,1.7795931,-1.713856,-1.5073849,0.08385371,-0.33047763,-1.8212711,1.7795931,-1.713856,-1.5073849,0.08385371,-0.33667927980422974,-1.796956181526184,1.7743877172470093,-1.7179781198501587,-1.5224651098251343,0.08996222168207169,0.1550412,-0.6078723,0.13013399,0.10305447,0.37700602,-0.15271296,-0.16940156,0.9984387956838007,0.0249794314801693,0.02496096989209502,0.03666665032505989,0.018333324999999998,73.3333,False,0,0.3127931300210289,0.04145187572645677,0.17497309118149576,0.35064022224891245,0.01085985790954708,0.1696366378015038,0.9762605933476329,0.004850520558907109,0.00922925266349357,0.21634820314914643,0.21651419,0.21151058,0.18445662,0.24180599538779504,3.936000575777143e-05,0.00011342200741637498,0.0005581739969784394,0.00031883300107438117,0.00017613000818528235,9.919700096361339e-05,0.0016291990032186732,0.01815568099846132,0.019784880001679994,50.543647467919286,0
262,5.260097099002451,-0.3354719320880335,-1.8006259403624476,1.7751448790179651,-1.7173711262144984,-1.5201285521136683,0.08916356414556503,0.15120713412761688,-0.738116979598999,-0.7826071977615356,-0.3464492857456207,0.21096715331077576,-0.183681458234787,0.21589338779449463,-0.668167233467102,-0.5987923741340637,-0.13057780265808105,0.156883105635643,-0.14582890272140503,1.3364153049648548,-1.082713383680567,0.5776235659641131,-0.026279015703748892,-0.06850968799176829,-0.07129286530842811,-0.32969052,-1.8246865,1.7801402,-1.7136208,-1.5054786,0.08308207,-0.32969052,-1.8246865,1.7801402,-1.7136208,-1.5054786,0.08308207,-0.3354719281196594,-1.8006259202957153,1.7751449346542358,-1.7173711061477661,-1.520128607749939,0.08916356414556503,0.14453505,-0.601516,0.1248796,0.09375942,0.3662504,-0.15203722,-0.1746952,0.9752691804352895,0.02148552760481835,0.02438172951088224,0.03666665032505989,0.018333324999999998,73.3333,False,0,0.31256101901556876,0.04247898838892392,0.17570247568841246,0.3506385519762107,0.010791766207880714,0.16966156479958688,0.9761212601428696,0.004721703277500535,0.009573111694109165,0.21696405132752772,0.21651419,0.21151058,0.18445662,0.24186004853127213,4.4562999391928315e-05,0.00013233799836598337,0.0005783759988844395,0.0006057480059098452,0.00021382399427238852,0.0001054050080711022,0.002041955987806432,0.01778238000406418,0.019824335991870612,50.44305142982197,0
263,5.280097889000899,-0.33450013795961553,-1.8039146862425746,1.7759493033038538,-1.716703554193014,-1.5178468863116663,0.08835289627313614,0.18145495653152466,-0.8508360981941223,-0.789815366268158,-0.3367405831813812,0.21938754618167877,-0.1828194409608841,0.208917036652565,-0.660999059677124,-0.60360187292099,-0.13350605964660645,0.15544921159744263,-0.1457976996898651,0.2588502926583753,-1.0170960065950085,0.40052129942795384,-0.041961246738786886,-0.0433648666250178,-0.06715810142749058,-0.345045,-1.8164358,1.7770069,-1.6978757,-1.5123563,0.08894137,-0.345045,-1.8164358,1.7770069,-1.6978757,-1.5123563,0.08894137,-0.33450013399124146,-1.8039146661758423,1.7759493589401245,-1.7167035341262817,-1.517846941947937,0.08835289627313614,-0.2636219,-0.31303012,0.026436506,0.47069618,0.13726595,0.014711941,-0.3961944,0.9031352479411081,0.013561639636754995,0.022578381198527703,0.04882355034351349,0.024411775,97.6471,False,0,0.31231777306362224,0.04342493573409469,0.17629991781913157,0.35062785306902683,0.010818045256519963,0.16966626617608,0.9760548984023579,0.004789780011552321,0.009719477042102619,0.21725435215195224,0.21651419,0.21151058,0.18445662,0.24183201901536058,4.10310021834448e-05,0.0001236889947904274,0.0005878840020159259,0.000387685009627603,0.0001623069983907044,0.00010725899483077228,0.0017454459884902462,0.018087616001139395,0.01983306198962964,50.42085788482295,0
264,5.300128274000599,-0.33384734789003545,-1.8069354496397914,1.776938263569967,-1.7159601650633753,-1.5158403555499476,0.08751080185174942,0.4037480652332306,-1.1568784713745117,-0.9390912652015686,-0.3845594525337219,0.31255269050598145,-0.19355377554893494,0.21204710006713867,-0.6598307490348816,-0.6046226024627686,-0.13447733223438263,0.1557541936635971,-0.14548112452030182,-0.4511773152316035,1.0616691587603009,-1.0970208387074045,0.026067557872914593,-0.050140121543198524,-0.07951304784321846,-0.32477927,-1.8308727,1.7794452,-1.7135276,-1.4985977,0.08202341,-0.32477927,-1.8308727,1.7794452,-1.7135276,-1.4985977,0.08202341,-0.3338473439216614,-1.806935429573059,1.7769383192062378,-1.715960144996643,-1.5158404111862183,0.08751080185174942,0.22670202,-0.59843093,0.062670946,0.0608154,0.43106726,-0.13718483,-0.36027315,0.7949872171839836,0.006356176584959035,0.01987468042959959,0.04882355034351349,0.024411775,97.6471,False,0,0.31201861000117337,0.04422563151467331,0.17674626799824886,0.3506494446280593,0.010767906452898657,0.1695836951778184,0.9760442598581104,0.005030561394178834,0.010826851582918939,0.21724424637010215,0.21651419,0.21151058,0.18445662,0.2418906656756873,6.113600102253258e-05,0.00011899600212927908,0.0005188890063436702,0.00028050800028722733,0.0001784819905878976,0.0001026639947667718,0.0016296810063067824,0.018209267989732325,0.019838948996039107,50.40589600788088,0
265,5.3200937189976685,-0.33300716081728154,-1.8103248081602992,1.7775562445269983,-1.7153822384276332,-1.513623062764303,0.08670034259557724,0.06045917421579361,-0.7928622364997864,-0.8490409851074219,-0.28380799293518066,0.1379285752773285,-0.1574743390083313,-0.008958294987678528,-0.4458363652229309,-0.5894198417663574,-0.07517515867948532,0.12368140369653702,-0.12445849925279617,-0.2064222978134886,-1.4366704564517534,0.03195003544845558,-0.04510388200925208,-0.027526051406892845,-0.0671043271254507,-0.32281098,-1.8333637,1.7824013,-1.7071613,-1.4947251,0.08149328,-0.32281098,-1.8333637,1.7824013,-1.7071613,-1.4947251,0.08149328,-0.33300715684890747,-1.810324788093567,1.777556300163269,-1.7153822183609009,-1.5136231184005737,0.08670034259557724,0.25490466,-0.575972,0.121125676,0.20552202,0.47245088,-0.13017657,-0.39268008,0.6624893476533197,0.0,0.016562233691332993,0.04882355034351349,0.024411775,97.6471,False,0,0.3118246783859593,0.045097481131193655,0.1774437298518796,0.3506696072240075,0.010755745591538185,0.1697413842552035,0.9761353524021353,0.004019426814756583,0.009392711567207038,0.21692249669774458,0.21651419,0.21151058,0.18445662,0.24190229516186829,4.0543003706261516e-05,0.00011618599819485098,0.0004898799961665645,0.00027562100149225444,0.00018146001093555242,0.0001559590018587187,0.00158845899568405,0.018204492997028865,0.019792951992712915,50.52303468265702,0
266,5.340128957002889,-0.3330925146685999,-1.8132649860777796,1.7778218428241175,-1.7138248882689417,-1.5121772925006312,0.08629301190376282,-0.1891537308692932,-0.6471800208091736,-0.8019077777862549,-0.41359806060791016,0.16110220551490784,-0.18505796790122986,-0.13089315593242645,-0.7021631598472595,-0.6284879446029663,-0.1357118785381317,0.16473063826560974,-0.14096985757350922,1.3935359672053567,-2.3118875401626133,0.23159775645838765,-0.09629672855650999,-0.0664961643097996,-0.05762912625650175,-0.32277018,-1.8353106,1.7824667,-1.7081878,-1.4928596,0.0814721,-0.32277018,-1.8353106,1.7824667,-1.7081878,-1.4928596,0.0814721,-0.33309251070022583,-1.8132649660110474,1.7778218984603882,-1.7138248682022095,-1.5121773481369019,0.08629301190376282,0.2580582,-0.5511413,0.11611981,0.14092577,0.48294413,-0.12052286,-0.4054859,0.5520744563777664,0.0,0.013801861409444161,0.04882355034351349,0.024411775,97.6471,False,0,0.31149183577710426,0.04554955295175386,0.1780003717133061,0.35064441540273283,0.010798064969646377,0.16965191315211453,0.9761275877189551,0.004905483903170604,0.009843372670077734,0.21691933326794655,0.21651419,0.21151058,0.18445662,0.24185866354695723,3.976198786403984e-05,0.00011988400365225971,0.000513548991875723,0.0002864559937734157,0.00017783200019039214,9.603699436411262e-05,0.0015649339911760762,0.018242530000861734,0.01980746399203781,50.48601882613439,0
267,5.360096450007404,-0.33299380937685186,-1.815838476220602,1.778233830128805,-1.71270813564443,-1.5107315222369593,0.08582640439271927,0.4384622871875763,-0.9297975301742554,-0.8496193289756775,-0.34005898237228394,0.43273067474365234,-0.190944105386734,0.3587498068809509,-0.713348925113678,-0.592059314250946,-0.14090508222579956,0.1916763335466385,-0.15238259732723236,0.23297287507621733,3.1003381722301366,0.0760128579804132,0.1018033425014995,-0.0764789103581674,-0.09879190696610643,-0.32334813,-1.8383582,1.7821673,-1.7070979,-1.492535,0.08084258,-0.32334813,-1.8383582,1.7821673,-1.7070979,-1.492535,0.08084258,-0.3329938054084778,-1.8158384561538696,1.7782338857650757,-1.7127081155776978,-1.51073157787323,0.08582640439271927,0.24114186,-0.5629929,0.09833705,0.14025456,0.45491597,-0.12459577,-0.40393063,0.4600620469814721,0.0,0.011501551174536802,0.04882355034351349,0.024411775,97.6471,False,0,0.3112201313552737,0.046034873144652697,0.17845930199095267,0.35062293487806095,0.010798791803054281,0.1696632889167202,0.9761169426870225,0.004817308932891136,0.009851038983757917,0.2169688936424802,0.21651419,0.21151058,0.18445662,0.2418454522000647,3.949699748773128e-05,0.00011655500566121191,0.0004973280010744929,0.0002971950016217306,0.00018359698879066855,0.0001034500019159168,0.0015495749976253137,0.018251904999488033,0.019801479997113347,50.50127566958528,0
268,5.380077036010334,-0.3320882956134241,-1.818568845788473,1.7787402311908167,-1.7116900883116664,-1.508160416279928,0.08521179854869843,0.43571189045906067,-1.0519864559173584,-0.8289026618003845,-0.32174646854400635,0.2765301465988159,-0.19405688345432281,0.31293633580207825,-0.6798986792564392,-0.5923538208007812,-0.132412388920784,0.18321359157562256,-0.14715617895126343,-1.825827985404866,1.280872512394467,0.16675137674802046,0.04026439206312305,0.004978827840598734,-0.08553990971887279,-0.32313114,-1.8412533,1.7821822,-1.7070705,-1.4907786,0.080010444,-0.32313114,-1.8412533,1.7821822,-1.7070705,-1.4907786,0.080010444,-0.33208829164505005,-1.8185688257217407,1.7787402868270874,-1.711690068244934,-1.5081604719161987,0.08521179854869843,0.22392844,-0.56711274,0.08604954,0.11548955,0.4345464,-0.1300338,-0.40403596,0.38338503915122674,0.0,0.009584625978780669,0.04882355034351349,0.024411775,97.6471,False,0,0.3109914934051463,0.047024860247472766,0.17895784240689813,0.350627174934226,0.010825846848198881,0.16963537189247585,0.9760507689562158,0.005326036334168676,0.010459758371114984,0.21722595356316682,0.21651419,0.21151058,0.18445662,0.24182706005454188,3.879099676851183e-05,0.00011895499483216554,0.0005685020005330443,0.0003949429956264794,0.0001657859975239262,0.00010223800200037658,0.0017084830033127218,0.018110204007825814,0.019818687011138536,50.457429366434724,0
269,5.4002205500000855,-0.3305605093585413,-1.8217350445189417,1.7795375029193323,-1.7105919323363246,-1.505444351826803,0.08452928811311722,0.17205864191055298,-1.0510090589523315,-0.9765698909759521,-0.48131391406059265,0.155928373336792,-0.19920064508914948,0.24883632361888885,-0.6513672471046448,-0.6005176305770874,-0.13401703536510468,0.1681070476770401,-0.14476945996284485,0.16008228630463017,-1.3626500818293668,-1.8024692636561528,-0.028849442978001835,-0.049246272302183064,-0.06618973159001622,-0.32205802,-1.8444717,1.7826761,-1.7060598,-1.4885802,0.07919161,-0.32205802,-1.8444717,1.7826761,-1.7060598,-1.4885802,0.07919161,-0.33056050539016724,-1.8217350244522095,1.779537558555603,-1.7105919122695923,-1.5054444074630737,0.08452928811311722,0.2125622,-0.56841534,0.078462586,0.113302454,0.42160454,-0.13344195,-0.40365663,0.31948753262602225,0.0,0.007987188315650557,0.04882355034351349,0.024411775,97.6471,False,0,0.3106557351871906,0.04826996027412593,0.1794712183831177,0.3505999091452502,0.010798284102671014,0.16972005344057145,0.9760902591109161,0.004711869286666752,0.010496975943835607,0.217060906222796,0.21651419,0.21151058,0.18445662,0.2418296403018547,3.7766003515571356e-05,0.00011324899969622493,0.0005635179986711591,0.0003550510009517893,0.00018296801135875285,9.728499571792781e-05,0.0016643739945720881,0.018308326994883828,0.019972700989455916,50.06834080818237,0
270,5.420072230001097,-0.3291233221637171,-1.8252574406065882,1.7798765341388147,-1.7099787197508753,-1.5030673185931605,0.08381787687540054,0.22233161330223083,-0.6876326203346252,-0.800109326839447,-0.37478673458099365,0.2871967852115631,-0.15622037649154663,0.23646794259548187,-0.6867057681083679,-0.6108130216598511,-0.13396622240543365,0.16777896881103516,-0.14740566909313202,1.8009021394661808,0.4556211272330929,0.6931843657823338,0.0284958760095658,-0.09544355834291866,-0.08253148660074769,-0.320538,-1.8478482,1.7836305,-1.7046502,-1.4859529,0.078471266,-0.320538,-1.8478482,1.7836305,-1.7046502,-1.4859529,0.078471266,-0.329123318195343,-1.825257420539856,1.7798765897750854,-1.709978699684143,-1.5030673742294312,0.08381787687540054,0.21463296,-0.56476927,0.09384675,0.13321298,0.42786226,-0.13366522,-0.4051199,0.2662396105216852,0.0,0.006655990263042131,0.04882355034351349,0.024411775,97.6471,False,3,0.3104755545261723,0.04934848489123232,0.1802947200941685,0.3501422938863214,0.011298509968101398,0.16980997183130095,0.9759852551296778,0.0035020897993729176,0.005805768610069868,0.21773112626834087,0.21651419,0.21151058,0.18445662,0.24115528225836175,4.126000567339361e-05,0.00013028900139033794,0.0006542659975821152,0.0003005030011991039,0.0001820370089262724,9.570199472364038e-05,0.0020822130027227104,0.01760960200044792,0.019691815003170632,50.782520546683344,0
271,5.440073406003648,-0.32774335542787725,-1.8285614452757777,1.7803548018084925,-1.7092310390868128,-1.500239674245016,0.08304949104785919,0.17973428964614868,-0.743439257144928,-0.7708863615989685,-0.3609044849872589,0.1655982881784439,-0.17778876423835754,0.20732711255550385,-0.6254858374595642,-0.6025643348693848,-0.13225379586219788,0.16090957820415497,-0.14549285173416138,0.5014186784969898,-1.2083091082051405,0.9579293185200388,-0.035119620932554725,-0.042821804193765196,-0.06965631221937202,-0.31940275,-1.8509728,1.7836602,-1.7050242,-1.4832718,0.07776311,-0.31940275,-1.8509728,1.7836602,-1.7050242,-1.4832718,0.07776311,-0.3277433514595032,-1.8285614252090454,1.7803548574447632,-1.7092310190200806,-1.5002397298812866,0.08304949104785919,0.20851514,-0.5602848,0.082634084,0.10516889,0.42419755,-0.13215952,-0.4130703,0.22186634210140435,0.0,0.005546658552535109,0.04882355034351349,0.024411775,97.6471,False,3,0.3102773962055027,0.05052758796180133,0.1810002343848551,0.3493278733670889,0.011751079355456292,0.16969039670589367,0.9764457365350935,0.004492269140189632,0.008544833683225533,0.21554695956126038,0.21651419,0.21151058,0.18445662,0.24033596619992062,4.061400250066072e-05,0.00011348900443408638,0.0005037880036979914,0.0002722149947658181,0.00018122600158676505,9.690500155556947e-05,0.0015273000026354566,0.018315401001018472,0.01984270100365393,50.39636488076171,0
272,5.460077598007047,-0.32660037675966436,-1.8314768276610316,1.7811582724200647,-1.708395620385641,-1.497901741658346,0.0822901502251625,0.31097567081451416,-1.09971284866333,-0.9684717655181885,-0.4381835162639618,0.2571648359298706,-0.18409210443496704,0.21652843058109283,-0.6135346293449402,-0.5984016060829163,-0.12853851914405823,0.1586942970752716,-0.14380615949630737,-0.5400086753976003,0.7438539247015948,-1.0419474494871084,0.034353309652710606,-0.034634018312447105,-0.08285225163138196,-0.3186956,-1.8535444,1.7838113,-1.7052613,-1.4815423,0.07709153,-0.3186956,-1.8535444,1.7838113,-1.7052613,-1.4815423,0.07709153,-0.3266003727912903,-1.8314768075942993,1.7811583280563354,-1.7083956003189087,-1.4979017972946167,0.0822901502251625,0.1976195,-0.5516885,0.06632408,0.078356,0.40898508,-0.12996544,-0.42086396,0.18488861841783696,0.0,0.004622215460445924,0.04882355034351349,0.024411775,97.6471,False,3,0.30998053061301456,0.05154700161175138,0.18146804337374836,0.34947405563855977,0.011252630618658171,0.16930902545017737,0.9773183017918908,0.004528287337919764,0.014086653288251894,0.2112580147320858,0.21651419,0.21151058,0.18445662,0.24085477885211648,3.697100328281522e-05,0.0001260010030819103,0.0004661310085793957,0.00029952199838589877,0.00018171800184063613,0.00018172500131186098,0.001586861995747313,0.018272365006851032,0.019859227002598345,50.354427182345106,0
273,5.48007073700137,-0.32533532777895147,-1.834715028802389,1.7816408316241663,-1.707715173760885,-1.4953740278827112,0.08153218030929565,0.20032840967178345,-0.9715451598167419,-0.9354919791221619,-0.4648762047290802,0.18430043756961823,-0.20266252756118774,0.22012409567832947,-0.6161306500434875,-0.6009528636932373,-0.13158786296844482,0.162218376994133,-0.14391839504241943,-0.0446437722418917,-0.8370867325854877,-1.0644472940814498,-0.010263543532367313,-0.05343880023338921,-0.07657777414447428,-0.31760854,-1.8565428,1.784544,-1.7043232,-1.4791543,0.076324955,-0.31760854,-1.8565428,1.784544,-1.7043232,-1.4791543,0.076324955,-0.3253353238105774,-1.8347150087356567,1.781640887260437,-1.7077151536941528,-1.495374083518982,0.08153218030929565,0.1931696,-0.5456966,0.07257821,0.084800705,0.4054919,-0.13018055,-0.42347074,0.15407384868153082,0.0,0.0038518462170382705,0.04882355034351349,0.024411775,97.6471,False,3,0.30977317076988947,0.05261786150680892,0.18215708532905217,0.34933068433050424,0.01142084358191759,0.16935577707205965,0.9773925983710264,0.004419727613340279,0.013331892898513591,0.21096536372185246,0.21651419,0.21151058,0.18445662,0.2406328364024442,3.6111989174969494e-05,0.00013047500397078693,0.0005871299945283681,0.00029494900081772357,0.00019055600569117814,9.38440061872825e-05,0.0016263729921774939,0.018210109003121033,0.019836481995298527,50.412164830286514,0
274,5.500130341999466,-0.3240545431720179,-1.8381854496397914,1.7819045225726526,-1.70717253307485,-1.493061367665426,0.08083267509937286,0.13983555138111115,-0.6915122866630554,-0.7997015714645386,-0.42379987239837646,0.1929977834224701,-0.1877804547548294,0.21724680066108704,-0.6091126799583435,-0.6029438376426697,-0.13561728596687317,0.16157439351081848,-0.14388063549995422,1.0884239912333487,-0.42000159326180686,0.3174014521803623,-0.027885532410266298,-0.06016927577469484,-0.0713553213312915,-0.31643206,-1.8596613,1.7848383,-1.7039446,-1.4768203,0.075694166,-0.31643206,-1.8596613,1.7848383,-1.7039446,-1.4768203,0.075694166,-0.3240545392036438,-1.838185429573059,1.7819045782089233,-1.7071725130081177,-1.4930614233016968,0.08083267509937286,0.19056189,-0.53689873,0.07334419,0.08069971,0.40602702,-0.12846264,-0.4299348,0.12839487390127569,0.0,0.0032098718475318923,0.04882355034351349,0.024411775,97.6471,False,3,0.3096091801021025,0.05362379703643475,0.1829985668646834,0.34880131745795695,0.011894666486304828,0.1693518414668018,0.9775284256724901,0.004228884301170763,0.013602413460263156,0.21032173364771792,0.21651419,0.21151058,0.18445662,0.23994698176172957,3.6316996556706727e-05,0.00013574799231719226,0.0005156800034455955,0.00033099799475166947,0.00019743300799746066,0.00010015800944529474,0.0016157840000232682,0.01824324300105218,0.019859027001075447,50.3549343049811,0
275,5.520083017006982,-0.3230379263507288,-1.84122957805776,1.7822979132281702,-1.7066198788084925,-1.4908741156207483,0.08006257563829422,0.21740825474262238,-0.728223979473114,-0.8179591298103333,-0.42870408296585083,0.2553369998931885,-0.1770714968442917,0.21992120146751404,-0.6073770523071289,-0.5998032093048096,-0.13297930359840393,0.1618330180644989,-0.1441168189048767,0.9268714008825167,0.01954126474114104,0.4239907875324386,0.018723051925183955,-0.07349840937529034,-0.0686337904012075,-0.3156439,-1.8625914,1.7847954,-1.7041115,-1.4749883,0.074993275,-0.3156439,-1.8625914,1.7847954,-1.7041115,-1.4749883,0.074993275,-0.32303792238235474,-1.8412295579910278,1.782297968864441,-1.7066198587417603,-1.490874171257019,0.08006257563829422,0.18485002,-0.5340464,0.062436126,0.062711254,0.39714682,-0.12673251,-0.43432906,0.10699572825106309,0.0,0.0026748932062765772,0.04882355034351349,0.024411775,97.6471,False,3,0.309431676471607,0.054524943314507204,0.18367421643845247,0.3485227803322441,0.012168723543603755,0.16947066715106057,0.9777660668876921,0.0030876804840669456,0.009893998078379877,0.20944232978829083,0.21651419,0.21151058,0.18445662,0.23955797865822392,5.3441006457433105e-05,0.00011756400635931641,0.0005011510074837133,0.00028054699942003936,0.00018334301421418786,0.00016752899682614952,0.0016253650101134554,0.01815439799975138,0.019779763009864837,50.55672302551179,0
276,5.540357643010793,-0.32192689577211553,-1.8440257511534632,1.782853905354635,-1.7061191997923792,-1.4884584585772913,0.07934071868658066,0.20780915021896362,-0.9295019507408142,-0.8827944397926331,-0.44934362173080444,0.16002127528190613,-0.1788552850484848,0.22445648908615112,-0.6108859181404114,-0.6002548933029175,-0.1317557990550995,0.16315554082393646,-0.14401386678218842,-0.4243715032646856,-0.732079683159376,-0.6821747741926519,-0.033489275904986154,-0.04157683096269827,-0.07579404029326776,-0.31482458,-1.8651576,1.7850496,-1.704136,-1.4729583,0.07431544,-0.31482458,-1.8651576,1.7850496,-1.704136,-1.4729583,0.07431544,-0.32192689180374146,-1.844025731086731,1.7828539609909058,-1.706119179725647,-1.488458514213562,0.07934071868658066,0.17755742,-0.5282958,0.05488848,0.049579594,0.3875039,-0.1256319,-0.43965283,0.0891631068758859,0.0,0.0022290776718971476,0.04882355034351349,0.024411775,97.6471,False,3,0.30924885088450704,0.05551131704491616,0.1842367786374729,0.3483978425767401,0.012248522380983631,0.16942168271007735,0.9770471892592953,0.0044929563317716425,0.012632523001352714,0.2126006267395115,0.21651419,0.21151058,0.18445662,0.23942580783978254,3.9848004234954715e-05,0.00012019800487905741,0.0005420829984359443,0.0002778769994620234,0.0001816019939724356,9.797098755370826e-05,0.001581762990099378,0.01847559300949797,0.02005735599959735,49.85702003893609,0
277,5.5600856770033715,-0.32093793550600225,-1.8470002613463343,1.7832797209369105,-1.7056466541686,-1.4863393942462366,0.07866169512271881,0.2755320072174072,-0.9727000594139099,-0.8997974991798401,-0.4681952893733978,0.23961199820041656,-0.18970662355422974,0.22293616831302643,-0.6100303530693054,-0.6039723753929138,-0.13426309823989868,0.16230948269367218,-0.14395764470100403,-0.05542383938532787,0.10816657350271082,-0.7813385160977947,-0.0009624393900368629,-0.05501859888591066,-0.0786789944627971,-0.3140405,-1.8677396,1.7854222,-1.7038801,-1.471053,0.073703796,-0.3140405,-1.8677396,1.7854222,-1.7038801,-1.471053,0.073703796,-0.3209379315376282,-1.847000241279602,1.7832797765731812,-1.7056466341018677,-1.4863394498825073,0.07866169512271881,0.17243522,-0.51848185,0.05356117,0.044165302,0.38216,-0.12394758,-0.44542924,0.07430258906323825,0.0,0.0018575647265809563,0.04882355034351349,0.024411775,97.6471,False,3,0.30907389652163286,0.05638472028709715,0.1848908928006243,0.34831502120048885,0.012303465618805923,0.16936736591967494,0.9767188280179737,0.004817081890020324,0.013222388181732398,0.21406155800031088,0.21651419,0.21151058,0.18445662,0.23933788210227427,3.921700408682227e-05,0.00011561000428628176,0.000540391993126832,0.00030638799944426864,0.00017975500668399036,0.00011449499288573861,0.001614962995517999,0.017962579004233703,0.019577541999751702,51.0789352418543,0
278,5.580071001997567,-0.31987125078310186,-1.8501202068724574,1.7835314909564417,-1.7053190670409144,-1.4841435591327112,0.07794665545225143,0.24455437064170837,-0.7349123358726501,-0.8110595345497131,-0.4281652569770813,0.28220099210739136,-0.17731621861457825,0.22047656774520874,-0.601302981376648,-0.6036702394485474,-0.13540531694889069,0.16159628331661224,-0.14397889375686646,1.174128705722845,0.8122894955480433,0.3427201567202816,0.038045198571516434,-0.07388533640427343,-0.06776650395711271,-0.33523363,-1.8490299,1.7655582,-1.7211417,-1.495608,0.07582306,-0.33523363,-1.8490299,1.7655582,-1.7211417,-1.495608,0.07582306,-0.3198712468147278,-1.850120186805725,1.7835315465927124,-1.7053190469741821,-1.484143614768982,0.07794665545225143,-0.3840594,0.027256532,-0.44933203,-0.39556602,-0.2866075,-0.053089894,-0.3120365,0.06191882421936521,0.0,0.0015479706054841304,0.04392154887318611,0.021960775000000002,87.8431,False,0,0.30895488265632426,0.057280375870990184,0.18566486749186606,0.34824859233735533,0.012382925898251738,0.16936660503058826,0.9765195612044677,0.004652917698764719,0.012750029142292015,0.21500069053337828,0.21651419,0.21151058,0.18445662,0.23923521194223304,4.0175000322051346e-05,0.00012067100033164024,0.0005807209963677451,0.00039079099951777607,0.00016750401118770242,0.00010337299318052828,0.0017391639994457364,0.01807049399940297,0.019809657998848706,50.48042727734713,0
279,5.600125149998348,-0.31871015230287725,-1.8531400165953578,1.7837994734393519,-1.7049886188902796,-1.4817822615252894,0.07722467929124832,0.08918896317481995,-0.692173421382904,-0.8012858033180237,-0.44223251938819885,0.18369726836681366,-0.17909084260463715,0.21899791061878204,-0.5931496620178223,-0.6013706922531128,-0.1343446522951126,0.16117973625659943,-0.14376118779182434,1.0396591469927488,-1.3793780528021602,0.2837476860599302,-0.04815317383511007,-0.05971536989291439,-0.0695976814294968,-0.31636333,-1.8720533,1.780141,-1.711528,-1.4718592,0.07244281,-0.31636333,-1.8720533,1.780141,-1.711528,-1.4718592,0.07244281,-0.3187101483345032,-1.8531399965286255,1.7837995290756226,-1.7049885988235474,-1.48178231716156,0.07722467929124832,0.058670226,-0.47283044,-0.09146217,-0.16348383,0.24807732,-0.11954686,-0.3997106,0.051599020182804343,0.0,0.0012899755045701086,0.04392154887318611,0.021960775000000002,87.8431,False,0,0.3088377124232763,0.058243116301549366,0.1864088380476476,0.3482288025921678,0.012478840257387611,0.16939241104183367,0.9762722180871886,0.004786391666538499,0.01234558972091912,0.21614167583942637,0.21651419,0.21151058,0.18445662,0.23914285621797463,4.2760002543218434e-05,0.0001401229965267703,0.0005611780070466921,0.0003300660027889535,0.0001697229890851304,0.00010998500511050224,0.0017650269874138758,0.0180434840003727,0.019808510987786576,50.48335034453496,0
280,5.620132827010821,-0.3180282751666468,-1.8556605778136195,1.7840808073626917,-1.7047835789122523,-1.479945484791891,0.07657023519277573,-0.09379006922245026,-0.6204648613929749,-1.4099013805389404,-0.8071293234825134,0.08616435527801514,-0.1491781324148178,-0.09723751246929169,-0.2686196565628052,-1.1763030290603638,-0.4643127918243408,0.07029911875724792,-0.13496297597885132,2.47399719130125,-2.1851212765821044,-1.318380650615385,-0.0637497957149263,-0.13380641122991296,-0.05732308289010915,-0.3152208,-1.8748888,1.7844061,-1.7068533,-1.4687254,0.07162937,-0.3152208,-1.8748888,1.7844061,-1.7068533,-1.4687254,0.07162937,-0.3180282711982727,-1.8556605577468872,1.7840808629989624,-1.70478355884552,-1.4799455404281616,0.07657023519277573,0.07018685,-0.480705,0.008129289,-0.05174168,0.2805022,-0.12352172,-0.39037982,0.04299918348567029,0.0,0.0010749795871417573,0.04392154887318611,0.021960775000000002,87.8431,False,0,0.30874792543194435,0.058926887164229176,0.1870166798202164,0.3482580019644984,0.012583258935900937,0.1694249976041043,0.9761446409537997,0.004583557175448264,0.011842999517339695,0.2167495868744028,0.21651419,0.21151058,0.18445662,0.2390699969078737,3.9681995986029506e-05,0.00011988900951109827,0.0005597129929810762,0.00028876299620606005,0.00018097499560099095,0.00010060299246106297,0.0016254100046353415,0.018210954003734514,0.019836364008369856,50.412464682441545,0
281,5.640131117004785,-0.31861859956850225,-1.8571349583067835,1.7832415739642542,-1.7057239017882289,-1.4796164671527308,0.07606174051761627,-0.1888999342918396,-0.8836632966995239,-1.5466123819351196,-0.8545772433280945,0.011807914823293686,-0.16237780451774597,-0.2013450413942337,-0.6451184749603271,-1.1241353750228882,-0.4338359832763672,-0.004685040097683668,-0.14255401492118835,1.3286205877434403,-0.8679235715566317,-1.4293016497197923,-0.0323246076458128,-0.11439069636607589,-0.038585611786951184,-0.31552786,-1.8749666,1.7846048,-1.706612,-1.4670799,0.0714166,-0.31552786,-1.8749666,1.7846048,-1.706612,-1.4670799,0.0714166,-0.3186185956001282,-1.8571349382400513,1.783241629600525,-1.7057238817214966,-1.4796165227890015,0.07606174051761627,0.07726814,-0.44579098,0.034078203,-0.0222026,0.31341466,-0.11612847,-0.3996488,0.035832652904725246,0.0,0.0008958163226181311,0.04392154887318611,0.021960775000000002,87.8431,False,0,0.30910513093365405,0.058720067133863116,0.18784144910158912,0.34825792383199916,0.012550383212160128,0.1694489473608515,0.975837324531228,0.004613033127231881,0.011788789160665973,0.21813123951077484,0.21651419,0.21151058,0.18445662,0.23909580557028895,4.0126004023477435e-05,0.00011590500071179122,0.000498270004754886,0.0002772770094452426,0.0001797210134100169,0.00010461399506311864,0.0015434249944519252,0.018294477005838417,0.01983790200029034,50.40855630728311,0
282,5.6601019380032085,-0.3190673033343714,-1.8588673077025355,1.781947437916891,-1.7071882687010707,-1.479323689137594,0.07553690671920776,-0.044830795377492905,-0.8819239735603333,-1.3346580266952515,-0.601484477519989,0.3240693509578705,-0.1820269674062729,-0.13084730505943298,-0.7046872973442078,-1.0357893705368042,-0.3777807652950287,0.18781840801239014,-0.14830122888088226,-0.4609505480189604,1.566438747721274,1.017269447717352,0.040816952246406024,-0.03489658170172008,-0.09390408368756258,-0.31616622,-1.8763481,1.7829485,-1.7084588,-1.4677312,0.071032986,-0.31616622,-1.8763481,1.7829485,-1.7084588,-1.4677312,0.071032986,-0.3190672993659973,-1.8588672876358032,1.7819474935531616,-1.7071882486343384,-1.4793237447738647,0.07553690671920776,0.0725272,-0.43702164,0.025023859,-0.03176449,0.28981274,-0.112598054,-0.40704155,0.029860544087271037,0.0,0.000746513602181776,0.04392154887318611,0.021960775000000002,87.8431,False,0,0.30963113995425,0.05848910717559408,0.1889647602009151,0.3483637311661911,0.012595436910204842,0.16945726294694644,0.9761852802029566,0.0028105376999008258,0.006791328617405274,0.21681398286600925,0.21651419,0.21151058,0.18445662,0.23911612045686723,3.8004989619366825e-05,0.00011558400001376867,0.0004956060001859441,0.00027324899565428495,0.00018341399845667183,0.00010211400513071567,0.0015214229933917522,0.01828860900423024,0.01981003199762199,50.47947424416279,0
283,5.680097481003031,-0.3190415541278284,-1.8610912762083949,1.78148061433901,-1.7078448734679164,-1.4782465139972132,0.07492087036371231,0.23599280416965485,-0.9370942711830139,-1.3644882440567017,-0.6087551116943359,0.36216452717781067,-0.17043443024158478,0.28469836711883545,-0.639519453048706,-1.025855302810669,-0.3694054186344147,0.18150225281715393,-0.14563806354999542,-0.9557909025834065,2.407329538660251,0.7685961651818768,0.09045275231773528,-0.01872851944491788,-0.10353763353521722,-0.31683838,-1.8782116,1.7806919,-1.7116787,-1.4681747,0.070446886,-0.31683838,-1.8782116,1.7806919,-1.7116787,-1.4681747,0.070446886,-0.31904155015945435,-1.8610912561416626,1.7814806699752808,-1.707844853401184,-1.4782465696334839,0.07492087036371231,0.05507899,-0.42800933,-0.019721549,-0.09584813,0.25179648,-0.11184961,-0.41720545,0.02488378673939253,0.0,0.0006220946684848133,0.04392154887318611,0.021960775000000002,87.8431,False,0,0.309845290563388,0.05869373304873082,0.18984970616752944,0.3484063529466164,0.012689825952097236,0.16948453863599108,0.9760870857622969,0.0027949445542436078,0.0078116714206146265,0.21722158372589842,0.21651419,0.21151058,0.18445662,0.23905940851877627,4.2163010220974684e-05,0.00012138699821662158,0.0005806920089526102,0.00036969200300518423,0.00016755300748627633,0.00010499299969524145,0.0017273730045417324,0.018082184993545525,0.019809557998087257,50.48068210792773,0
284,5.700523601000896,-0.3185051123248499,-1.8636189899840296,1.7816575209247034,-1.7078753910460414,-1.4764087835894983,0.07427090406417847,0.060230791568756104,-0.8654286861419678,-1.1551856994628906,-0.8476126194000244,0.1425916850566864,-0.1771320402622223,0.24088144302368164,-0.5877727270126343,-0.6601085066795349,-0.3857996165752411,0.16621828079223633,-0.14342749118804932,1.3459966118593114,-2.1420675663385187,-1.2236935921795347,-0.07947679848693073,-0.10695514398213012,-0.05406662691613798,-0.3167349,-1.88045,1.7802398,-1.7120664,-1.4672272,0.069825076,-0.3167349,-1.88045,1.7802398,-1.7120664,-1.4672272,0.069825076,-0.31850510835647583,-1.8636189699172974,1.7816575765609741,-1.707875370979309,-1.476408839225769,0.07427090406417847,0.044254635,-0.42077714,-0.035444416,-0.10477526,0.229541,-0.11114563,-0.42082694,0.020736488949493776,0.0,0.0005184122237373444,0.04392154887318611,0.021960775000000002,87.8431,False,0,0.30982291445348353,0.059313815196668576,0.19052929864219484,0.34839952956443676,0.012622380836174117,0.16949835421113899,0.975960188005507,0.0025986087556212284,0.007212156013231487,0.21781411843154033,0.21651419,0.21151058,0.18445662,0.23911087588953875,6.526398647110909e-05,0.00012035600957460701,0.0005283610080368817,0.0002728929976001382,0.0001780500024324283,0.00010352299432270229,0.0016354390099877492,0.018597132991999388,0.020232572001987137,49.42525349232837,0
285,5.720072844007518,-0.3181570211993616,-1.8662497005858363,1.7816732565509241,-1.7083002529540003,-1.4749611059771937,0.07362404465675354,0.179995596408844,-0.7025633454322815,-1.070481777191162,-0.7131149768829346,0.2503013610839844,-0.16481857001781464,0.21147264540195465,-0.5730614066123962,-0.6716318726539612,-0.4075741469860077,0.15277771651744843,-0.14296187460422516,1.4586898989384505,0.05861841203169737,0.4586042098124545,0.010150804333418893,-0.09006321098814686,-0.08355003207715972,-0.31659216,-1.8824856,1.7803313,-1.7122996,-1.4660175,0.069296114,-0.31659216,-1.8824856,1.7803313,-1.7122996,-1.4660175,0.069296114,-0.31815701723098755,-1.866249680519104,1.7816733121871948,-1.708300232887268,-1.4749611616134644,0.07362404465675354,0.039121136,-0.40589723,-0.033552527,-0.09998384,0.22359067,-0.10819826,-0.42671463,0.01728040745791148,0.0,0.00043201018644778704,0.04392154887318611,0.021960775000000002,87.8431,False,0,0.3098876474104642,0.059753355957898414,0.191338012957449,0.3483184079215847,0.012598201862599067,0.1694962937101118,0.9759901057321931,0.0029178770379699724,0.007178795096390781,0.21767709083149953,0.21651419,0.21151058,0.18445662,0.23908638625998932,3.957298758905381e-05,0.00012004100426565856,0.0008204460027627647,0.0002702930069062859,0.000193011001101695,0.0001208440080517903,0.0019166349957231432,0.017479961010394618,0.01939659600611776,51.555437855415256,0
286,5.740136683001765,-0.31788474718202764,-1.8685370884337367,1.7816780249225062,-1.7086273632445277,-1.4733579794513147,0.07297363877296448,0.22434981167316437,-0.7913886308670044,-1.2812272310256958,-0.7201051115989685,0.20817993581295013,-0.15283118188381195,0.20572705566883087,-0.5693883299827576,-0.8726303577423096,-0.411254346370697,0.14918367564678192,-0.14314581453800201,0.7782501275817827,0.10529138670543106,0.04219964653984376,0.012879541953120223,-0.08366396606685626,-0.07549644269202188,-0.33524686,-1.8391776,1.7599367,-1.7236345,-1.5079166,0.07761166,-0.33524686,-1.8391776,1.7599367,-1.7236345,-1.5079166,0.07761166,-0.31788474321365356,-1.8685370683670044,1.7816780805587769,-1.7086273431777954,-1.4733580350875854,0.07297363877296448,-0.43405268,0.73398596,-0.54353404,-0.37517878,-0.86396414,0.11595064,-0.34448594,0.014400339548259568,0.0,0.0003600084887064892,0.02980390004813671,0.01490195,59.6078,False,0,0.30996047196292253,0.06020677484639269,0.19204681715037114,0.34837477149519824,0.012592246325738157,0.1694979190482755,0.975928670184225,0.0029088116951236937,0.007190303861447657,0.2179518723212796,0.21651419,0.21151058,0.18445662,0.23912231567282707,4.1234001400880516e-05,0.00011651200475171208,0.0005338769988156855,0.0002809979923767969,0.000185875003808178,0.00010017000022344291,0.0015801929985173047,0.01832536599249579,0.019905558991013095,50.23722270002451,0
287,5.760118624006282,-0.31762868562807256,-1.8707343540587367,1.781684700642721,-1.709076543847555,-1.4720333258258265,0.07237835228443146,0.2567611038684845,-0.9529430270195007,-1.4861973524093628,-0.7643337845802307,0.20782901346683502,-0.17573072016239166,0.20698696374893188,-0.5653537511825562,-1.0037376880645752,-0.4058922827243805,0.15037322044372559,-0.14305450022220612,0.44040987690121225,0.0870764009005528,-0.9785112597365218,0.0030779497764266,-0.0807397930691791,-0.07371432743010163,-0.33164608,-1.8658079,1.7637483,-1.7292066,-1.4849468,0.071393006,-0.33164608,-1.8658079,1.7637483,-1.7292066,-1.4849468,0.071393006,-0.3176286816596985,-1.8707343339920044,1.7816847562789917,-1.7090765237808228,-1.4720333814620972,0.07237835228443146,-0.35043496,0.123161174,-0.4484113,-0.50325197,-0.32283568,-0.024633583,-0.36825052,0.012000282956882975,0.0,0.0003000070739220744,0.02980390004813671,0.01490195,59.6078,False,0,0.3100406145231668,0.060583815317774806,0.19274104146678767,0.34837345075148357,0.012590516666897077,0.169556604147031,0.9759023889709567,0.002395710481323001,0.007070231898590735,0.21807969712396602,0.21651419,0.21151058,0.18445662,0.2391193622644593,4.0404993342235684e-05,0.00012015399988740683,0.0005102139984956011,0.00029777899908367544,0.00018179199832957238,0.00010134799231309444,0.0015825449954718351,0.01823059600428678,0.019813140999758616,50.471553198565694,0
288,5.780090845000814,-0.31750375429262334,-1.872758527795309,1.781346623097555,-1.7096697292723597,-1.4709509054767054,0.0718153715133667,-0.3745426833629608,-0.20086580514907837,-1.603431224822998,-0.817095935344696,-0.16987812519073486,-0.11141099035739899,-0.5540502071380615,0.12302353978157043,-1.1129400730133057,-0.422738641500473,-0.05609282851219177,-0.11538819223642349,2.704252051538568,-2.5920385141014384,-0.12227993327928338,-0.09100528966861864,-0.12121577320734994,-0.05845600945635032,-0.33103552,-1.8721651,1.7700001,-1.7261426,-1.4812878,0.06976732,-0.33103552,-1.8721651,1.7700001,-1.7261426,-1.4812878,0.06976732,-0.31750375032424927,-1.8727585077285767,1.7813466787338257,-1.7096697092056274,-1.470950961112976,0.0718153715133667,-0.33829415,0.014834316,-0.28366473,-0.41182235,-0.25842148,-0.051201276,-0.32186258,0.01000023579740248,0.0,0.000250005894935062,0.02980390004813671,0.01490195,59.6078,False,0,0.31020849671558065,0.06083376097532498,0.19352231777967713,0.3483471430959286,0.012566447041489397,0.16953674512344025,0.9759309031668224,0.002628867553149764,0.007269629394882436,0.2179429548520374,0.21651419,0.21151058,0.18445662,0.23912611927954833,4.0005004848353565e-05,0.00011987899779342115,0.0005696660082321614,0.000361339989467524,0.00016367199714295566,0.00010219500109087676,0.0016938510088948533,0.018079656991176307,0.01977350800007116,50.57271577690722,0
289,5.800072195008397,-0.3184760252581995,-1.872078081170553,1.779656235371725,-1.711039205590719,-1.472762409840719,0.07184672355651855,-0.5742476582527161,-0.09241729229688644,-1.6089580059051514,-0.92461097240448,-0.22028954327106476,0.08009512722492218,-0.3657027781009674,-0.018536239862442017,-1.1848446130752563,-0.4643667936325073,-0.20928113162517548,0.11230891942977905,4.040197409604136,-3.0674850322437206,-0.4097061059717574,-0.10917087292366204,-0.16129533124991152,-0.03906945697402421,-0.33126363,-1.8689013,1.7709,-1.7270527,-1.4800555,0.0702813,-0.33126363,-1.8689013,1.7709,-1.7270527,-1.4800555,0.0702813,-0.31847602128982544,-1.8720780611038208,1.7796562910079956,-1.7110391855239868,-1.4727624654769897,0.07184672355651855,-0.3196905,0.07941905,-0.21890764,-0.40033764,-0.18232459,-0.039135713,-0.33324248,0.008333529831168734,0.0,0.00020833824577921834,0.02980390004813671,0.01490195,59.6078,False,0,0.31075020917127844,0.059922843125302286,0.19406976578198387,0.348302121294391,0.01259661591899654,0.16948857574809023,0.9759736373798389,0.0029740684944184197,0.00754993661412072,0.21773757112494507,0.21651419,0.21151058,0.18445662,0.23907921068918647,4.2966988985426724e-05,0.00012082699686288834,0.0005637370049953461,0.0002938010002253577,0.00017860600200947374,0.00010727100016083568,0.0016395419952459633,0.018163772008847445,0.01980331400409341,50.496598690163516,0
290,5.820129686006112,-0.3203671614276331,-1.870596548120016,1.7772648970233362,-1.7134424648680628,-1.4753945509540003,0.07192207872867584,-0.2624889612197876,-0.45143118500709534,-1.482709288597107,-0.7519877552986145,-0.104228675365448,-0.01860554702579975,-0.2770441472530365,-0.2447601556777954,-1.099443793296814,-0.43339982628822327,-0.12472660839557648,-0.0017525235889479518,1.415144960642112,0.4992512554281059,-0.3084043819415409,0.01695076416998937,-0.14051436322049923,-0.04881315744246457,-0.3322053,-1.8662318,1.7697941,-1.7274481,-1.4821345,0.07091611,-0.3322053,-1.8662318,1.7697941,-1.7274481,-1.4821345,0.07091611,-0.32036715745925903,-1.8705965280532837,1.777264952659607,-1.7134424448013306,-1.475394606590271,0.07192207872867584,-0.29595324,0.10911885,-0.18677045,-0.35014254,-0.16849492,-0.025149183,-0.33018672,0.0069446081926406115,0.0,0.0001736152048160153,0.02980390004813671,0.01490195,59.6078,False,0,0.31165162713872496,0.05841879221580325,0.1947661791747437,0.3483519326061643,0.012612705813234294,0.1696193184941068,0.9758532564484642,0.003118173985228362,0.006547594322227955,0.21830668987704613,0.21651419,0.21151058,0.18445662,0.23908513743537593,3.862100129481405e-05,0.00011614200775511563,0.0005159309948794544,0.00028901800396852195,0.0001790269889170304,0.00010068599658552557,0.0015601219929521903,0.018324713004403748,0.019884834997355938,50.28957998057157,0
291,5.840073927000049,-0.32263213792909795,-1.8693295917906703,1.7750890890704554,-1.7160803280272425,-1.4773247877704065,0.07181897014379501,-0.023731771856546402,-0.7485269904136658,-1.4251817464828491,-0.5940282344818115,-0.08137573301792145,-0.12975706160068512,-0.21964114904403687,-0.23233895003795624,-1.0541106462478638,-0.40417301654815674,-0.11151443421840668,-0.12562237679958344,-2.871584003335798,1.8521393388301983,0.6329037771121578,0.060534665592190146,0.03777764958942874,-0.08255752881955544,-0.33411974,-1.8638827,1.7662483,-1.7310971,-1.484534,0.07110667,-0.33411974,-1.8638827,1.7662483,-1.7310971,-1.484534,0.07110667,-0.3226321339607239,-1.869329571723938,1.775089144706726,-1.7160803079605103,-1.4773248434066772,0.07181897014379501,-0.28719044,0.136173,-0.22102042,-0.37542045,-0.18023065,-0.017807364,-0.3388235,0.005787173493867176,0.0,0.00014467933734667941,0.02980390004813671,0.01490195,59.6078,False,0,0.3126162085688665,0.056953747047547555,0.1954978658198175,0.3482519455605517,0.012604618287659438,0.16949122964166893,0.9758850537114266,0.00457397684960766,0.011052205527465683,0.21795710466703197,0.21651419,0.21151058,0.18445662,0.2390447310581149,3.903498873114586e-05,0.00011619800352491438,0.0004978319921065122,0.000288123992504552,0.00017852999735623598,0.00017465799464844167,0.0016586749989073724,0.018122451001545414,0.019781126000452787,50.55323948581644,0
292,5.86008234199835,-0.3243497053729456,-1.8688913784422816,1.773966137562887,-1.7179767094054164,-1.4786537329303187,0.07161927223205566,-0.1962611973285675,-0.6010394096374512,-1.7225782871246338,-0.8770367503166199,-0.10670353472232819,-0.15155524015426636,-0.2098502218723297,-0.15683777630329132,-1.0479148626327515,-0.39353638887405396,-0.11924480646848679,-0.14021222293376923,1.2946432017342717,0.1658303153194116,-1.753273247596001,0.001462191190166752,-0.10636050542194363,-0.07833041069238228,-0.33612368,-1.8628365,1.7646707,-1.7328194,-1.4866449,0.070907064,-0.33612368,-1.8628365,1.7646707,-1.7328194,-1.4866449,0.070907064,-0.32434970140457153,-1.8688913583755493,1.7739661931991577,-1.717976689338684,-1.4786537885665894,0.07161927223205566,-0.2943493,0.15137295,-0.23238598,-0.37106854,-0.19977605,-0.017805291,-0.34448716,0.004822644578222647,0.0,0.00012056611445556618,0.02980390004813671,0.01490195,59.6078,False,0,0.31321576777489,0.05591680741664244,0.1960042376067839,0.3482335810234032,0.012558417091017677,0.16946897335148586,0.9759240408841748,0.004759159860487987,0.011674367981741159,0.21774602283713657,0.21651419,0.21151058,0.18445662,0.23907445146448064,4.0036000427789986e-05,0.00011197000276297331,0.0005150060023879632,0.0003157339961035177,0.0001838530006352812,9.731299360282719e-05,0.0015720960072940215,0.01827678798872512,0.01984888399601914,50.38066624806505,0
293,5.880101547008962,-0.3258588949786585,-1.8689199886717738,1.7724698225604456,-1.7202564678587855,-1.4796717802630823,0.0714242234826088,-0.3686647415161133,-0.05773817002773285,-1.4054133892059326,-0.7036938667297363,-0.10240143537521362,-0.1498904973268509,-0.22490866482257843,-0.12184786796569824,-1.0745570659637451,-0.40357422828674316,-0.13180729746818542,-0.11401848495006561,3.1850509983746935,-0.15030517177755667,0.6499311671478502,0.006843523272856901,-0.14916515828516924,-0.0710842367875862,-0.33766562,-1.8623449,1.7648318,-1.7334944,-1.487867,0.070726976,-0.33766562,-1.8623449,1.7648318,-1.7334944,-1.487867,0.070726976,-0.3258588910102844,-1.8689199686050415,1.7724698781967163,-1.7202564477920532,-1.479671835899353,0.0714242234826088,-0.2951684,0.16437632,-0.19095255,-0.33094892,-0.20487769,-0.017431187,-0.34929466,0.0040188704818522065,0.0,0.00010047176204630516,0.02980390004813671,0.01490195,59.6078,False,0,0.31394493801153833,0.054972275520280764,0.1968342753839614,0.3482189506532688,0.012554849104462307,0.16944665805028666,0.9760329242039493,0.005077148214214207,0.011441932253732233,0.2172626114134416,0.21651419,0.21151058,0.18445662,0.23907076041544706,3.85189923690632e-05,0.000117606992716901,0.000668262000544928,0.0012578720052260906,0.0001733940007397905,9.708700235933065e-05,0.002677693002624437,0.01717461300722789,0.019852306009852327,50.37198195029428,0
294,5.900142261001747,-0.32748634019960576,-1.8682977161803187,1.7710321585284632,-1.7224818668761195,-1.4805205504046839,0.07131621986627579,-0.349038302898407,-0.12422962486743927,-1.2798365354537964,-0.6249329447746277,-0.20626477897167206,-0.13060711324214935,-0.23722320795059204,-0.11951277405023575,-1.0878338813781738,-0.4089754819869995,-0.13986627757549286,-0.08151231706142426,1.1067671801482701,-1.7984678190131616,1.8075173259129786,-0.053737462067027085,-0.058939572486909626,-0.0605956624459905,-0.3336149,-1.8361559,1.7611511,-1.7275445,-1.5071384,0.0765854,-0.3336149,-1.8361559,1.7611511,-1.7275445,-1.5071384,0.0765854,-0.3274863362312317,-1.8682976961135864,1.7710322141647339,-1.7224818468093872,-1.4805206060409546,0.07131621986627579,-0.15321384,0.8035444,-0.24702868,-0.12656893,-0.66544527,0.13172938,-0.31019667,0.003349058734876839,0.0,8.372646837192098e-05,0.015490200370550156,0.0077450999999999996,30.9804,False,0,0.3146950337090784,0.0540249946592023,0.1974601322059092,0.34826765264558585,0.012496934737833023,0.16951505644536705,0.9759796100636269,0.004676990981637578,0.01138235178737182,0.21751411257472406,0.21651419,0.21151058,0.18445662,0.23914150400013257,4.880600317846984e-05,0.00013911000860389322,0.0006355059886118397,0.0002892659977078438,0.000167733000125736,0.0001425709924660623,0.0018156830046791583,0.017963413993129507,0.019779096997808665,50.558425397822276,0
295,5.920076975002303,-0.3293975035296839,-1.8669935665526332,1.7703059355365198,-1.7242537937560023,-1.481776539479391,0.07121670246124268,-0.11235380172729492,-0.6684475541114807,-1.6480127573013306,-0.7943300008773804,-0.08401218056678772,-0.1343826800584793,-0.2385312020778656,-0.1336345672607422,-1.0800646543502808,-0.40342482924461365,-0.14163437485694885,-0.06863021850585938,0.10089874391994863,1.04302025630969,-1.3480102375889396,0.02408765281136798,-0.07534029217552991,-0.09116671364566659,-0.34762287,-1.8445827,1.7551166,-1.7457454,-1.5031642,0.07364744,-0.34762287,-1.8445827,1.7551166,-1.7457454,-1.5031642,0.07364744,-0.3293974995613098,-1.8669935464859009,1.7703059911727905,-1.72425377368927,-1.4817765951156616,0.07121670246124268,-0.4556346,0.56027037,-0.37973434,-0.5372905,-0.53468853,0.060768433,-0.38651386,0.0027908822790640325,0.0,6.977205697660081e-05,0.015490200370550156,0.0077450999999999996,30.9804,False,0,0.3152417684645629,0.05295814320397217,0.19757310692808663,0.34833447493712,0.01252936122866119,0.16950403419422017,0.9760245996964597,0.004069215701423924,0.0112916516005394,0.21732899311355638,0.21651419,0.21151058,0.18445662,0.23915203419917194,4.2293992009945214e-05,0.0001321580057265237,0.0006447510095313191,0.0003206080000381917,0.00016573599714320153,0.00010964401008095592,0.0017837579944171011,0.01795942800526973,0.01974318599968683,50.65038641766644,0
296,5.940078131010523,-0.3310020605670374,-1.8658963642516078,1.769226376210348,-1.7261315784850062,-1.4828737417804163,0.07117965072393417,-0.09327290207147598,-0.1722836047410965,-1.5560667514801025,-0.7383180260658264,-0.23642273247241974,0.007972337305545807,-0.22586970031261444,0.23083439469337463,-1.0215924978256226,-0.3537619709968567,-0.19747133553028107,0.061670757830142975,0.685969404102739,0.2260985409245809,-0.6317306470416177,-0.001333239296230023,-0.08778610246712902,-0.07658738197932041,-0.3483412,-1.8427643,1.7591118,-1.7450025,-1.504135,0.07355436,-0.3483412,-1.8427643,1.7591118,-1.7450025,-1.504135,0.07355436,-0.33100205659866333,-1.8658963441848755,1.7692264318466187,-1.726131558418274,-1.482873797416687,0.07117965072393417,-0.43347818,0.5783009,-0.25286633,-0.47177234,-0.5315293,0.05936776,-0.35790247,0.0023257352325533605,0.0,5.8143380813834014e-05,0.015490200370550156,0.0077450999999999996,30.9804,False,0,0.3158554160627886,0.05199637588306674,0.19788743055104707,0.348435794781371,0.012508008123061156,0.1694682540604399,0.9762393658834361,0.004429888500103755,0.011833716192072529,0.21632620288289192,0.21651419,0.21151058,0.18445662,0.23922789810320472,4.319699655752629e-05,0.00012492599489632994,0.0005950530030531809,0.000265761002083309,0.00016516099276486784,0.00010380599997006357,0.0016480069898534566,0.018172777010477148,0.019820784000330605,50.452091097068624,0
297,5.96009522699751,-0.3319929281817835,-1.863716264764303,1.7675531546222132,-1.727694650689596,-1.4852154890643519,0.07141926139593124,-0.45737361907958984,0.03790251165628433,-1.3454350233078003,-0.7113894820213318,-0.2404896467924118,0.122093066573143,-0.330885648727417,0.009196095168590546,-1.1258397102355957,-0.43267518281936646,-0.19186538457870483,0.15021494030952454,2.4882990886576537,-1.7831183107393043,1.661690030439697,-0.0502732521497625,-0.09230477936259464,-0.02089032323846695,-0.34847882,-1.8396903,1.7564944,-1.7486646,-1.5054784,0.07440495,-0.34847882,-1.8396903,1.7564944,-1.7486646,-1.5054784,0.07440495,-0.3319929242134094,-1.8637162446975708,1.7675532102584839,-1.7276946306228638,-1.4852155447006226,0.07141926139593124,-0.41214773,0.60064733,-0.2764688,-0.5242504,-0.50657123,0.07464213,-0.37998268,0.0019381126937944673,0.0,4.845281734486168e-05,0.015490200370550156,0.0077450999999999996,30.9804,False,0,0.31643592818503324,0.050915742328677606,0.19803703480104326,0.34844381919839124,0.01235138253272672,0.16942964787716178,0.9764127720629339,0.004368620138373319,0.011358785377286422,0.2155689527638354,0.21651419,0.21151058,0.18445662,0.2393650467048637,3.890800871886313e-05,0.00011408799036871642,0.0004942939995089546,0.00029909001023042947,0.00017241000023204833,0.00017202198796439916,0.0016125359979923815,0.018238460994325578,0.01985099699231796,50.3753035873707,0
298,5.980086570998537,-0.33380157152284795,-1.8604260883727015,1.7660658995257776,-1.7294498882689417,-1.4883058706866663,0.07181432098150253,-0.43674445152282715,-0.14352276921272278,-1.5215901136398315,-0.9122757315635681,-0.2051093429327011,0.14869318902492523,-0.3387800455093384,-0.08145681023597717,-1.086714267730713,-0.44140195846557617,-0.16144360601902008,0.14011260867118835,3.200139363183491,-1.3534389975661623,-0.48529091527354884,-0.03333272038879678,-0.1838690226935252,0.029155299072119847,-0.34832066,-1.8352224,1.7560977,-1.7492737,-1.5061934,0.075506315,-0.34832066,-1.8352224,1.7560977,-1.7492737,-1.5061934,0.075506315,-0.3338015675544739,-1.8604260683059692,1.7660659551620483,-1.7294498682022095,-1.488305926322937,0.07181432098150253,-0.36297724,0.6300921,-0.24920635,-0.4955952,-0.44718805,0.09229988,-0.3724734,0.0016150939114953893,0.0,4.037734778738474e-05,0.015490200370550156,0.0077450999999999996,30.9804,False,0,0.3170535524553975,0.04938795373409441,0.19781980710457345,0.3484643243329852,0.012378563389534414,0.1694591193124423,0.9763409342800438,0.004250514658288484,0.011939204130077681,0.21586513630694654,0.21651419,0.21151058,0.18445662,0.23935188679749406,3.8964004488661885e-05,0.00016352999955415726,0.0008255349966930225,0.00029446200642269105,0.00019606501155067235,0.00015956099377945065,0.0020844029932050034,0.017631292997975834,0.019715695991180837,50.72100931396573,0
299,6.00012218800839,-0.3362539450274866,-1.8566438160338343,1.7644160429583948,-1.7322021923460902,-1.491326157246725,0.0722370594739914,-0.20219527184963226,-0.4990915060043335,-1.504804253578186,-0.7778879404067993,-0.22713103890419006,0.16106420755386353,-0.26893526315689087,-0.13784149289131165,-1.0909520387649536,-0.4306439757347107,-0.14987348020076752,0.14135608077049255,-0.5956108026353679,-0.4296577817921812,-0.2168324077204941,-0.0016023262487429232,-0.03963527564614334,0.05357964555080345,-0.34977108,-1.8311149,1.7553656,-1.7511921,-1.5079908,0.07617701,-0.34977108,-1.8311149,1.7553656,-1.7511921,-1.5079908,0.07617701,-0.33625394105911255,-1.856643795967102,1.7644160985946655,-1.732202172279358,-1.4913262128829956,0.0722370594739914,-0.33792874,0.6382241,-0.2262612,-0.47474787,-0.41661638,0.09849864,-0.36995843,0.0013459115929128245,0.0,3.3647789822820615e-05,0.015490200370550156,0.0077450999999999996,30.9804,False,0,0.31794752660328274,0.04758353793147151,0.19766207825974952,0.34850553863507544,0.012257657223517472,0.1694052027662813,0.9766177306369928,0.00414731581458207,0.011719034479955804,0.214623608188481,0.21651419,0.21151058,0.18445662,0.23947858193996546,5.595500988420099e-05,0.00011795200407505035,0.0005318010080372915,0.0003743069974007085,0.0001726949994917959,9.503700130153447e-05,0.0016913180006667972,0.01816441200207919,0.019855730002745986,50.36329562608391,0
300,6.020132142002694,-0.33874303499330694,-1.8531247578062953,1.7630227247821253,-1.7348476848998011,-1.4944284597979944,0.07266011089086533,-0.048287998884916306,-0.6046196818351746,-1.6153942346572876,-0.8867348432540894,-0.06678105145692825,0.15912385284900665,-0.220115065574646,-0.12527768313884735,-1.079778790473938,-0.4163721799850464,-0.14120712876319885,0.14448381960391998,-0.14394651401520325,1.9420261292383731,-1.4332473385000613,0.08980010646881557,-0.08347528712591813,0.08439732141981075,-0.35179976,-1.827459,1.7548712,-1.7529795,-1.5102593,0.07663349,-0.35179976,-1.827459,1.7548712,-1.7529795,-1.5102593,0.07663349,-0.33874303102493286,-1.853124737739563,1.763022780418396,-1.7348476648330688,-1.4944285154342651,0.07266011089086533,-0.32641798,0.64164335,-0.20378722,-0.45329505,-0.39576793,0.09933447,-0.36847702,0.0011215929940940205,0.0,2.8039824852350513e-05,0.015490200370550156,0.0077450999999999996,30.9804,False,0,0.3187517153579249,0.04577236781584024,0.19747099812629365,0.3486266140776419,0.012193434422827672,0.16940672591812905,0.9767275028302369,0.004082512282385614,0.011644159128064319,0.21412879158626036,0.21651419,0.21151058,0.18445662,0.23959866261734605,3.8946993299759924e-05,0.00011381899821572006,0.000497160988743417,0.0003158189938403666,0.00015690800501033664,9.966699872165918e-05,0.0015452889929292724,0.018298126000445336,0.01984341499337461,50.394551559491326,0
301,6.0400858750072075,-0.3406761328326624,-1.850088735620016,1.761449162160055,-1.7377058468260707,-1.4969661871539515,0.07311093062162399,-0.2432613968849182,-0.2278696596622467,-1.4763875007629395,-0.8830711841583252,-0.15676221251487732,0.14950117468833923,-0.21120451390743256,-0.11707022786140442,-1.073822259902954,-0.40715134143829346,-0.1390518993139267,0.14545120298862457,2.1575568468832222,0.08486504452078933,-0.39347903876276724,0.023567511282548928,-0.13272013264637053,0.026065571251235292,-0.33643106,-1.8180434,1.7557007,-1.7350647,-1.5093385,0.07856983,-0.33643106,-1.8180434,1.7557007,-1.7350647,-1.5093385,0.07856983,-0.34067612886428833,-1.8500887155532837,1.7614492177963257,-1.7377058267593384,-1.4969662427902222,0.07311093062162399,0.106126964,0.8011344,-0.14371274,0.0660256,-0.3093063,0.13647239,-0.27220407,0.0009346608284116837,0.0,2.3366520710292094e-05,0.0013725500321015716,0.0006862750000000001,2.7451,False,0,0.31961898991747295,0.04424309474749959,0.19752101423695428,0.3482169519512605,0.012594727800121105,0.16949865483194043,0.9760019446234202,0.004253337244318602,0.010684132334350293,0.2174579792571958,0.21651419,0.21151058,0.18445662,0.23903321354357662,3.82839934900403e-05,0.00011776300380006433,0.0005628759972751141,0.00031872700492385775,0.00019962999795097858,0.00011171799269504845,0.0016741830040700734,0.018114100996172056,0.01978828400024213,50.53495290383765,0
302,6.06010391000018,-0.3425238768206995,-1.8469764194884242,1.759855095540182,-1.7405463657774867,-1.4992554823504847,0.07362554967403412,-0.38332653045654297,-0.030574843287467957,-1.3174409866333008,-0.745473325252533,-0.2044525146484375,0.16920338571071625,-0.22187280654907227,-0.11973373591899872,-1.0704996585845947,-0.4041048586368561,-0.1418319046497345,0.1445833295583725,1.9794016144147708,-1.5943188447936256,1.47336532090635,-0.033261268623791564,-0.0865150191504778,0.04609168469572662,-0.35885155,-1.8187006,1.7572396,-1.7591385,-1.5211197,0.07730432,-0.35885155,-1.8187006,1.7572396,-1.7591385,-1.5211197,0.07730432,-0.34252387285232544,-1.846976399421692,1.7598551511764526,-1.7405463457107544,-1.4992555379867554,0.07362554967403412,-0.40819237,0.7068974,-0.06538799,-0.46480423,-0.54660517,0.091969244,-0.39127094,0.0007788840236764032,0.0,1.947210059191008e-05,0.0013725500321015716,0.0006862750000000001,2.7451,False,0,0.3204997191345843,0.0427924848369585,0.1975576176324875,0.3482289401681356,0.012570592897164643,0.16939455071059578,0.9760100369580142,0.004200455311655297,0.011504934176988656,0.21738074784871333,0.21651419,0.21151058,0.18445662,0.2390664395188402,4.1413004510104656e-05,0.00013992399908602238,0.0006258509965846315,0.0002948460023617372,0.0002570609940448776,0.00013004799257032573,0.001860556993051432,0.01796841599571053,0.01982897298876196,50.43125534372095,0
303,6.080092432006495,-0.34442359605898076,-1.84299959758901,1.7588813940631312,-1.7429081402220667,-1.501639191304342,0.07416467368602753,0.010178044438362122,-0.3488119840621948,-1.443834900856018,-0.6300580501556396,-0.13958346843719482,0.17277930676937103,-0.031124014407396317,-0.06369516998529434,-1.0319595336914062,-0.3267955482006073,-0.13006864488124847,0.148110032081604,0.7409538026231306,0.8655543811021692,0.4498459679116123,0.031992174551573986,-0.06869202608350705,0.028066292148006954,-0.35538566,-1.8133624,1.753686,-1.7619739,-1.5233996,0.079590864,-0.35538566,-1.8133624,1.753686,-1.7619739,-1.5233996,0.079590864,-0.3444235920906067,-1.8429995775222778,1.7588814496994019,-1.7429081201553345,-1.5016392469406128,0.07416467368602753,-0.27405185,0.7409318,-0.12988849,-0.47664338,-0.54400814,0.13565482,-0.37151158,0.0006490700197303359,0.0,1.62267504932584e-05,0.0013725500321015716,0.0006862750000000001,2.7451,False,0,0.32120360452216495,0.04136092164277934,0.19705474005208615,0.34828105041255575,0.012610731529492965,0.16942988578387375,0.9759081451134449,0.003976252075117158,0.011654651749112647,0.21783405490150784,0.21651419,0.21151058,0.18445662,0.2390595337124833,0.00015220700879581273,0.0001907820114865899,0.0009444189927307889,0.00038944398693274707,0.0001825039944378659,0.00019472799613140523,0.0025270420010201633,0.017123947996878996,0.01965098999789916,50.88802142319077,0
304,6.1001336430053925,-0.3453291098224085,-1.8386455974974574,1.75808030763735,-1.7440797291197718,-1.5037067572223108,0.07481127232313156,-0.08159472048282623,-0.5739286541938782,-1.4870502948760986,-0.7433043718338013,-0.12359593063592911,0.16578134894371033,-0.3022059202194214,-0.10344507545232773,-1.0521684885025024,-0.4033108651638031,-0.16757220029830933,0.14283660054206848,0.04229744851048628,1.706336934296324,-0.15756471125563226,0.07431115375069085,-0.06437199395489279,0.01475531367701607,-0.35834134,-1.8091274,1.7517074,-1.7650502,-1.5260583,0.07986875,-0.35834134,-1.8091274,1.7517074,-1.7650502,-1.5260583,0.07986875,-0.3453291058540344,-1.838645577430725,1.7580803632736206,-1.7440797090530396,-1.5037068128585815,0.07481127232313156,-0.32530603,0.7379518,-0.15932387,-0.52426225,-0.55878663,0.126437,-0.3847873,0.0005408916831086133,0.0,1.3522292077715335e-05,0.0013725500321015716,0.0006862750000000001,2.7451,False,0,0.32163849578521947,0.0404071496226707,0.1962152500321616,0.3483151994071292,0.012570795468302049,0.16940981449161469,0.9758448396771865,0.004211538506980004,0.012168952139364784,0.21808492663719542,0.21651419,0.21151058,0.18445662,0.23911284574405642,6.145499355625361e-05,0.0001347619981970638,0.0006614730082219467,0.00028727301105391234,0.0001653010112931952,0.0001065399992512539,0.0018107820069417357,0.018035303000942804,0.01984608500788454,50.387771673995935,0
305,6.120129900999018,-0.34623510042299444,-1.8348127804198207,1.7575481573687952,-1.7453896007933558,-1.5059540907489222,0.07545267790555954,-0.36541426181793213,-0.4146278202533722,-1.6328920125961304,-0.9564117193222046,-0.24592095613479614,0.17551308870315552,-0.30355286598205566,-0.1414411962032318,-1.079339623451233,-0.4517087936401367,-0.17742852866649628,0.14521029591560364,1.8430177892195712,-2.4677247013599812,-1.8974039062061143,-0.060614166732141546,-0.12023583662820182,0.0541785877634264,-0.35693115,-1.8046083,1.7531174,-1.7638658,-1.5255377,0.08088354,-0.35693115,-1.8046083,1.7531174,-1.7638658,-1.5255377,0.08088354,-0.34623509645462036,-1.8348127603530884,1.757548213005066,-1.7453895807266235,-1.5059541463851929,0.07545267790555954,-0.26740152,0.7551096,-0.110768095,-0.4619054,-0.48959088,0.13577156,-0.37572443,0.00045074306925717777,0.0,1.1268576731429445e-05,0.0013725500321015716,0.0006862750000000001,2.7451,False,0,0.3220127961368588,0.03942851052465603,0.19544599005920646,0.34822489684007946,0.012470031983922115,0.1692494714271024,0.9759314831928574,0.003737143738925206,0.013256048485802745,0.21764210323440977,0.21651419,0.21151058,0.18445662,0.23915708250210585,4.8380999942310154e-05,0.00012546598736662418,0.0006245349941309541,0.0002989069907926023,0.0001709770003799349,0.00010485800157766789,0.001801063001039438,0.018008866987656802,0.01980992998869624,50.479734182332336,0
306,6.140124338999158,-0.34759360948671514,-1.8310610256590785,1.7567389647113245,-1.7478233776488246,-1.5088732878314417,0.07609589397907257,-0.4198031425476074,-0.17890194058418274,-1.4561725854873657,-0.8111812472343445,-0.250530868768692,0.17958851158618927,-0.2848537266254425,-0.13878107070922852,-1.1009575128555298,-0.44381317496299744,-0.16836360096931458,0.14623905718326569,2.4098159529670253,-2.334050484690919,-0.13688872486740256,-0.06590289115248528,-0.11991555450077816,0.05370572193522867,-0.35650718,-1.8008605,1.7553915,-1.7634046,-1.5255747,0.08165679,-0.35650718,-1.8008605,1.7553915,-1.7634046,-1.5255747,0.08165679,-0.34759360551834106,-1.8310610055923462,1.7567390203475952,-1.7478233575820923,-1.5088733434677124,0.07609589397907257,-0.22283962,0.75501114,-0.03368992,-0.3895302,-0.41753453,0.13902235,-0.36640587,0.00037561922438098146,0.0,9.390480609524537e-06,0.0013725500321015716,0.0006862750000000001,2.7451,False,0,0.3226158692617981,0.03805697553656833,0.19494527885841934,0.3482218213902813,0.012565575832148786,0.16925660513658145,0.9757795547938074,0.003586810362236419,0.01411104732471355,0.2182710045269737,0.21651419,0.21151058,0.18445662,0.2390754232314126,3.756200021598488e-05,0.00011458199878688902,0.0005056090012658387,0.00024338200455531478,0.00014815300528425723,9.305700950790197e-05,0.001444091001758352,0.018386707990430295,0.019830798992188647,50.42661167580288,0
307,6.1600956530019175,-0.3495224157916468,-1.826883932153219,1.755854908620016,-1.7506333790221156,-1.5121000448810022,0.07681457698345184,-0.15063238143920898,-0.3130643665790558,-1.3946223258972168,-0.6773977875709534,-0.0845494419336319,0.19241009652614594,-0.22996129095554352,-0.14174281060695648,-1.0788168907165527,-0.41712456941604614,-0.15168513357639313,0.1457809954881668,0.9326881178027802,1.1325701256638596,0.7362210402265426,0.05266130291785901,-0.08257809335762506,0.02111748083953524,-0.3571249,-1.7969793,1.7551711,-1.765706,-1.5269599,0.082572386,-0.3571249,-1.7969793,1.7551711,-1.765706,-1.5269599,0.082572386,-0.3495224118232727,-1.8268839120864868,1.7558549642562866,-1.7506333589553833,-1.512100100517273,0.07681457698345184,-0.19006227,0.7476159,-0.01709787,-0.37681586,-0.37149447,0.1439452,-0.3591637,0.00031301602031748456,0.0,7.825400507937115e-06,0.0013725500321015716,0.0006862750000000001,2.7451,False,0,0.3233154354739537,0.03639320463070452,0.1943946004718111,0.3482633678102796,0.012596812757996638,0.16926088454317909,0.9757962037829107,0.0033899615975042604,0.01338344190109647,0.21824552706607767,0.21651419,0.21151058,0.18445662,0.23907205131510903,3.747300070244819e-05,0.00010866801312658936,0.00047789799282327294,0.0002586560003692284,0.0001498749916208908,9.486799535807222e-05,0.001423224006430246,0.018387467993306927,0.019810691999737173,50.47779249777175,0
308,6.180097900010878,-0.35121280351747686,-1.8224255047240199,1.7554338614093226,-1.7531753979124964,-1.514785114918844,0.07753730565309525,-0.12668421864509583,-0.5265293717384338,-1.5259469747543335,-0.7445166707038879,-0.1711435467004776,0.19158419966697693,-0.19441182911396027,-0.1511913239955902,-1.051550030708313,-0.39426925778388977,-0.1377202868461609,0.1458919495344162,-0.04989421502873079,-0.25702855380485345,-0.7257369675992877,0.0030455480039838032,-0.06060368137387879,0.03531582932498624,-0.3591847,-1.7930824,1.754972,-1.7682378,-1.5295842,0.08308026,-0.3591847,-1.7930824,1.754972,-1.7682378,-1.5295842,0.08308026,-0.3512127995491028,-1.8224254846572876,1.7554339170455933,-1.7531753778457642,-1.5147851705551147,0.07753730565309525,-0.19929758,0.73357755,-0.011547625,-0.3765607,-0.3699755,0.13857399,-0.34986666,0.00026084668359790383,0.0,6.521167089947596e-06,0.0013725500321015716,0.0006862750000000001,2.7451,False,0,0.3239160897825284,0.034971867299875455,0.1935656178570369,0.3482375793881374,0.012618237820093383,0.16935606979708276,0.9756894758756076,0.00397008748958096,0.012755920107190694,0.21874988995458733,0.21651419,0.21151058,0.18445662,0.23903398168087522,5.2162999054417014e-05,0.00016538400086574256,0.0007225070003187284,0.001233199000125751,0.00021097500575706363,0.00012934899132233113,0.00293190500815399,0.01679514200077392,0.01972704700892791,50.69182425263284,0
309,6.200082347000716,-0.3525965849505823,-1.8183213673033656,1.755085293446676,-1.755578180352682,-1.5174215475665491,0.07828778028488159,-0.1428639441728592,-0.5240501761436462,-1.5563106536865234,-0.7626074552536011,-0.06902727484703064,0.16912907361984253,-0.19139230251312256,-0.16530682146549225,-1.0536822080612183,-0.39539942145347595,-0.13497307896614075,0.1459619551897049,0.5646606388145355,0.7975221535741428,-0.8810131149198482,0.04792271344570621,-0.09191166129946811,0.020903217045449965,-0.3605331,-1.7876353,1.75477,-1.7713104,-1.5329771,0.08400752,-0.3605331,-1.7876353,1.75477,-1.7713104,-1.5329771,0.08400752,-0.35259658098220825,-1.8183213472366333,1.7550853490829468,-1.7555781602859497,-1.5174216032028198,0.07828778028488159,-0.19841242,0.76715183,-0.007882707,-0.39330858,-0.3888868,0.14299336,-0.3583519,0.00021737223633158654,0.0,5.434305908289664e-06,0.0005882349796593189,0.0002941175,1.17647,False,3,0.3244493191227409,0.03367986403327707,0.1927930481756946,0.34817949228752715,0.012551786642039866,0.16933244437762288,0.9756843884335784,0.0044058355281365895,0.013109503322950165,0.2187434231421727,0.21651419,0.21151058,0.18445662,0.23905877239921616,5.3436000598594546e-05,0.0001195539953187108,0.0004975600022589788,0.00036494100640993565,0.0001713130041025579,0.00011069999891333282,0.001724336005281657,0.01808508299291134,0.019809418998192996,50.481036323741726,0
310,6.220090285001788,-0.35357934633363897,-1.814465662042135,1.7546971479998987,-1.75781311611318,-1.5194843451129358,0.0790749043226242,-0.3544583022594452,-0.2576453685760498,-1.4136046171188354,-0.7018924951553345,-0.18087156116962433,0.16905823349952698,-0.21557597815990448,-0.1716795265674591,-0.9879276156425476,-0.403636634349823,-0.14060860872268677,0.14493870735168457,1.1994099734614765,-1.8128072767770251,0.3285332176501176,-0.030956342511444235,-0.07354224850716663,0.04359000523544016,-0.3615327,-1.7854996,1.7552471,-1.7720616,-1.53408,0.08440866,-0.3615327,-1.7854996,1.7552471,-1.7720616,-1.53408,0.08440866,-0.3535793423652649,-1.8144656419754028,1.7546972036361694,-1.7578130960464478,-1.5194844007492065,0.0790749043226242,-0.19883357,0.7241509,0.013747324,-0.3562125,-0.36489215,0.13334405,-0.3400263,0.0001811435302763221,0.0,4.528588256908053e-06,0.0005882349796593189,0.0002941175,1.17647,False,3,0.3249745110190123,0.032658571829041236,0.19208833464650465,0.3481233935969041,0.012550029612102326,0.16936213306143633,0.9756999254787886,0.004247484854444347,0.013301728660295739,0.21866572008676496,0.21651419,0.21151058,0.18445662,0.239027465596544,4.019500920549035e-05,0.00011252299009356648,0.0005976480024401098,0.0003115720028290525,0.00015572499250993133,9.547799709253013e-05,0.0016168820002349094,0.018231574998935685,0.019848456999170594,50.38175007970579,0
311,6.240092332998756,-0.3547151724444788,-1.8103119335570277,1.7546804586993616,-1.7599064312376917,-1.5217374006854456,0.07984118163585663,-0.2704639434814453,-0.2716292142868042,-1.356450080871582,-0.741098940372467,-0.11487679928541183,0.18509642779827118,-0.23235082626342773,-0.15567220747470856,-0.8948996663093567,-0.40983232855796814,-0.14910072088241577,0.1449200063943863,1.5404065095220827,0.16206154204126838,0.5525073008900439,0.018803437372164417,-0.09431321473205972,0.026145509741622223,-0.36146802,-1.7822195,1.7559183,-1.7735213,-1.5347242,0.0851943,-0.36146802,-1.7822195,1.7559183,-1.7735213,-1.5347242,0.0851943,-0.35471516847610474,-1.8103119134902954,1.7546805143356323,-1.7599064111709595,-1.5217374563217163,0.07984118163585663,-0.16882148,0.70230883,0.030942949,-0.3403735,-0.32466972,0.1338279,-0.32201952,0.0001509529418969351,0.0,3.7738235474233777e-06,0.0005882349796593189,0.0002941175,1.17647,False,3,0.3253999312910681,0.03157646381795407,0.19114077471760824,0.3481778381342774,0.012557730587495743,0.1695341158205397,0.9757337594224068,0.004820089621291632,0.012729981427050391,0.21853682555842646,0.21651419,0.21151058,0.18445662,0.23904024002979912,3.835700044874102e-05,0.00011147599434480071,0.0005199970037210733,0.00038472498999908566,0.00017251100507564843,9.286199929192662e-05,0.001623948002816178,0.018210770998848602,0.01983471900166478,50.4166456765063,0
312,6.260086100999615,-0.35587770143617803,-1.8059126339354457,1.7547219435321253,-1.7618824444212855,-1.523759667073385,0.08063866943120956,-0.2083093523979187,-0.5412642955780029,-1.3284635543823242,-0.8174723982810974,-0.13417179882526398,0.19042269885540009,-0.2279428094625473,-0.1898425668478012,-0.8435472249984741,-0.4088002145290375,-0.1484571397304535,0.14395789802074432,0.5559464411833794,-0.3440906736624607,-1.110818801467642,0.006011691131112165,-0.08807609117497217,0.027428696395578243,-0.36202985,-1.7785099,1.7574886,-1.773947,-1.5351595,0.08582523,-0.36202985,-1.7785099,1.7574886,-1.773947,-1.5351595,0.08582523,-0.35587769746780396,-1.8059126138687134,1.754721999168396,-1.7618824243545532,-1.5237597227096558,0.08063866943120956,-0.15380411,0.6850684,0.06916658,-0.30161315,-0.28499335,0.12966391,-0.30666167,0.00012579411824744592,0.0,3.1448529561861484e-06,0.0005882349796593189,0.0002941175,1.17647,False,3,0.32581406937916546,0.030546733297066482,0.19008424336712548,0.3481481979680925,0.01255335645501768,0.16951383993077546,0.9756436723368072,0.005458240023784277,0.013957768333744484,0.2188487825770009,0.21651419,0.21151058,0.18445662,0.23902882299716516,3.995299630332738e-05,0.0001553759939270094,0.0005608020001091063,0.00028747000033035874,0.00016653801139909774,0.00012913899263367057,0.001664509007241577,0.018144517991458997,0.019809026998700574,50.48203528954742,0
313,6.280083286997979,-0.3569377104388636,-1.8017345867552699,1.7547529379474085,-1.7640325031676234,-1.5257452170001429,0.08137036859989166,-0.23440727591514587,-0.5684499144554138,-1.2232571840286255,-0.8097729086875916,-0.17570684850215912,0.1727592647075653,-0.21404559910297394,-0.2099888175725937,-0.753687858581543,-0.4058919847011566,-0.14247316122055054,0.14370742440223694,-0.09846354357804377,-1.131776124168145,-1.0838357585131113,-0.02594597638026048,-0.05475846541372955,0.0393547060031854,-0.36278698,-1.7750684,1.7587893,-1.7749472,-1.5361063,0.086338684,-0.36278698,-1.7750684,1.7587893,-1.7749472,-1.5361063,0.086338684,-0.3569377064704895,-1.8017345666885376,1.7547529935836792,-1.7640324831008911,-1.5257452726364136,0.08137036859989166,-0.1462317,0.666654,0.10090899,-0.27286792,-0.2590268,0.12420789,-0.29234424,0.00010482843187287162,0.0,2.6207107968217905e-06,0.0005882349796593189,0.0002941175,1.17647,False,3,0.3262506744443147,0.0295485266896228,0.18911868474664842,0.34826953166125413,0.012606386171562468,0.16946811668615863,0.975849772328082,0.004548257533701053,0.010887505449129859,0.21812375815751514,0.21651419,0.21151058,0.18445662,0.2390544003017613,4.6474000555463135e-05,0.00013133400352671742,0.0007165410061134025,0.00041311200766358525,0.00020102300914004445,0.00013744000170845538,0.0019879169994965196,0.017833726000390016,0.019821642999886535,50.44990468276138,0
314,6.300133324009948,-0.3579605261432093,-1.79795565227651,1.7547810713397425,-1.766019960443014,-1.5277827421771448,0.08216678351163864,-0.19089002907276154,-0.36949998140335083,-1.0108486413955688,-0.767706036567688,-0.10024102032184601,0.1663839966058731,-0.20950554311275482,-0.20806843042373657,-0.6024336218833923,-0.39989179372787476,-0.1376102715730667,0.1437397450208664,0.9674240792118992,0.379345055238815,0.01226314441796883,0.029357409710538414,-0.08490589652900922,0.02361183555549132,-0.3631836,-1.7720609,1.7596531,-1.7760426,-1.537071,0.08701863,-0.3631836,-1.7720609,1.7596531,-1.7760426,-1.537071,0.08701863,-0.3579605221748352,-1.7979556322097778,1.7547811269760132,-1.7660199403762817,-1.5277827978134155,0.08216678351163864,-0.13057685,0.6473684,0.12179813,-0.25056633,-0.23220414,0.12129621,-0.27655357,8.735702656072635e-05,0.0,2.183925664018159e-06,0.0005882349796593189,0.0002941175,1.17647,False,3,0.32663180636915135,0.028568086182105348,0.18824666721669472,0.34825702796464714,0.012542679704400598,0.16945487701202094,0.9759488674561344,0.004704150577024651,0.011054964645077457,0.21766821407823508,0.21651419,0.21151058,0.18445662,0.2391013502454432,3.9359001675620675e-05,0.0001215390075230971,0.0010219710093224421,0.00033169200469274074,0.00020956499793101102,0.00012054700346197933,0.0025333430094178766,0.0173456670017913,0.019879010011209175,50.30431593103128,0
315,6.320133932997123,-0.3588169256793421,-1.794243951837057,1.7549737135516565,-1.76776184658193,-1.5294187704669397,0.082877978682518,-0.2630887031555176,-0.30565714836120605,-0.9280750751495361,-0.785567045211792,-0.17778876423835754,0.17213477194309235,-0.21264396607875824,-0.2087356150150299,-0.5831908583641052,-0.39716091752052307,-0.1362488567829132,0.14317686855793,1.7389691895579604,-0.4103242560472851,0.25439070120148266,0.008686642449793926,-0.0985114382642638,0.027212180327212922,-0.36439735,-1.7696106,1.760306,-1.7774961,-1.5385622,0.08738862,-0.36439735,-1.7696106,1.760306,-1.7774961,-1.5385622,0.08738862,-0.358816921710968,-1.7942439317703247,1.7549737691879272,-1.7677618265151978,-1.5294188261032104,0.082877978682518,-0.13951083,0.61583203,0.13330516,-0.24335769,-0.22858436,0.11276609,-0.258479,7.279752213393864e-05,0.0,1.819938053348466e-06,0.0005882349796593189,0.0002941175,1.17647,False,3,0.32695452916446893,0.027762435822505212,0.18730492389687547,0.3482898503397449,0.01255401401590333,0.16953818088515898,0.9760019958864489,0.00456750436976294,0.009735484033588178,0.2174960100110766,0.21651419,0.21151058,0.18445662,0.23910479360748768,4.052399890497327e-05,0.00012946699280291796,0.0005114450032124296,0.0002564669994171709,0.0002373530005570501,0.00016602399409748614,0.0025504079967504367,0.01727728899277281,0.019827696989523247,50.434500816125535,0
316,6.340132723009447,-0.3595994154559534,-1.7903467617430628,1.7554014364825647,-1.7693430385985316,-1.5308111349688929,0.08357250690460205,-0.27849894762039185,-0.504629373550415,-0.8613582253456116,-0.7855545878410339,-0.22528792917728424,0.1837548017501831,-0.21167206764221191,-0.21875181794166565,-0.5860897898674011,-0.3986935019493103,-0.1365717202425003,0.14319053292274475,0.4229762095077538,-1.3411856109554836,-0.2649374479831199,-0.02638901093254413,-0.061521436483776545,0.03808990635775783,-0.36445683,-1.7668065,1.7609682,-1.7784237,-1.5386691,0.08798938,-0.36445683,-1.7668065,1.7609682,-1.7784237,-1.5386691,0.08798938,-0.35959941148757935,-1.7903467416763306,1.7554014921188354,-1.7693430185317993,-1.5308111906051636,0.08357250690460205,-0.12143539,0.5885079,0.13916937,-0.22701491,-0.19644852,0.11042181,-0.2389588,6.06646017782822e-05,0.0,1.5166150444570551e-06,0.0005882349796593189,0.0002941175,1.17647,False,3,0.3272201722766628,0.02706237995977178,0.18620417415601753,0.34831950153757296,0.012555311972038284,0.16953303539931955,0.9760079685767163,0.004450287560867589,0.009906556317972107,0.21746390880127514,0.21651419,0.21151058,0.18445662,0.23912037741997735,4.146200080867857e-05,0.00011949600593652576,0.0005368020065361634,0.00029101999825797975,0.0001626370067242533,0.00010055500024463981,0.0015806860028533265,0.018246929001179524,0.01982761500403285,50.4347093584682,0
317,6.360105312007363,-0.3604987303363245,-1.7865897617735804,1.756097141896383,-1.7708150349059046,-1.5323455969439905,0.08422401547431946,-0.14528879523277283,-0.6038665175437927,-0.8801729083061218,-0.797458827495575,-0.14696617424488068,0.18535365164279938,-0.2199663519859314,-0.23486724495887756,-0.5936552882194519,-0.40277618169784546,-0.1390259712934494,0.14255502820014954,-0.1527392198994042,0.3001271536623423,-0.7853912474309829,0.02053730010841158,-0.059616424595844285,0.026106160560615196,-0.36474684,-1.7643592,1.7624592,-1.7786794,-1.5387454,0.08842963,-0.36474684,-1.7643592,1.7624592,-1.7786794,-1.5387454,0.08842963,-0.36049872636795044,-1.7865897417068481,1.7560971975326538,-1.7708150148391724,-1.5323456525802612,0.08422401547431946,-0.10620317,0.55576247,0.15905006,-0.19660991,-0.15999256,0.10514044,-0.21499608,5.055383481523517e-05,0.0,1.2638458703808794e-06,0.0005882349796593189,0.0002941175,1.17647,False,3,0.3273948951059738,0.026322757737720078,0.1850335166085226,0.3483210559658172,0.01252841481894283,0.16951852045811278,0.9759958127959296,0.00440844600710711,0.009994466726496154,0.21751524816590204,0.21651419,0.21151058,0.18445662,0.23914452008871062,3.9615988498553634e-05,0.00011456900392659009,0.000487359007820487,0.0002697349991649389,0.00015835699741728604,9.77509916992858e-05,0.0014792989968555048,0.018330721999518573,0.019810020996374078,50.47950227730878,0
318,6.3800946950068465,-0.36120731035341436,-1.783250471154684,1.7567933241473597,-1.772179742852682,-1.533586327229635,0.08491028845310211,-0.1618361473083496,-0.47502559423446655,-0.8596554398536682,-0.7650583982467651,-0.15252482891082764,0.163246750831604,-0.21465325355529785,-0.24337340891361237,-0.5980224013328552,-0.4040592312812805,-0.13699457049369812,0.1424134224653244,0.763824608815159,-0.20138595227181819,-0.6765374591700738,0.005836564391941911,-0.08066043696825304,0.02581558475210878,-0.3654097,-1.7625567,1.7645261,-1.7785136,-1.5390782,0.08871284,-0.3654097,-1.7625567,1.7645261,-1.7785136,-1.5390782,0.08871284,-0.3612073063850403,-1.7832504510879517,1.7567933797836304,-1.7721797227859497,-1.5335863828659058,0.08491028845310211,-0.10506007,0.5173439,0.19331945,-0.15834504,-0.1372971,0.095063865,-0.19026509,4.212819567936264e-05,0.0,1.0532048919840661e-06,0.0005882349796593189,0.0002941175,1.17647,False,3,0.3275493219662024,0.025725130396510348,0.18397370419909592,0.3483139327458693,0.01255376416918205,0.16950925341732725,0.9759508640376491,0.004640809607278024,0.01040400804259998,0.21769278406839623,0.21651419,0.21151058,0.18445662,0.23912008116323705,5.151599179953337e-05,0.00012902299931738526,0.0005351069994503632,0.00047269900096580386,0.0002038550010183826,0.00012904699542559683,0.0018783060077112168,0.017897956000524573,0.01977626200823579,50.56567310766573,0
319,6.400140766010736,-0.3618415037738245,-1.7800656757750453,1.7574694792376917,-1.7735096416869105,-1.5346992651568812,0.08552946150302887,-0.2790612578392029,-0.36425524950027466,-0.7988606691360474,-0.7030227780342102,-0.18148306012153625,0.1581731140613556,-0.21000289916992188,-0.24849973618984222,-0.5947061777114868,-0.4007952809333801,-0.13350191712379456,0.14225828647613525,1.1075532279692781,-1.0695255543100974,0.1636007243166463,-0.02052001110110653,-0.07480227355954186,0.03398227255234852,-0.3657205,-1.761278,1.7660912,-1.7786106,-1.5391586,0.08900703,-0.3657205,-1.761278,1.7660912,-1.7786106,-1.5391586,0.08900703,-0.36184149980545044,-1.780065655708313,1.7574695348739624,-1.7735096216201782,-1.5346993207931519,0.08552946150302887,-0.09697516,0.46969107,0.21554124,-0.12752351,-0.11148081,0.08693913,-0.16279362,3.5106829732802206e-05,0.0,8.776707433200552e-07,0.0005882349796593189,0.0002941175,1.17647,False,3,0.3277004641058307,0.025184320032340498,0.18296228578635523,0.3483403665077129,0.012560301219951001,0.16957316753650903,0.9759252377747375,0.0039578995391535395,0.010416122997217185,0.21782052038631633,0.21651419,0.21151058,0.18445662,0.23912522679867287,4.217300738673657e-05,0.00012346799485385418,0.0005205499910516664,0.0002516260137781501,0.00015736601199023426,9.881700680125505e-05,0.0015362890117103234,0.01833088300190866,0.019867172013618983,50.33429012012873,0
320,6.4201270310004475,-0.3624780813800257,-1.7767912350096644,1.7583807150470179,-1.7746640644469203,-1.535684887562887,0.08613172173500061,-0.22508640587329865,-0.4990438222885132,-0.8336668610572815,-0.7243345975875854,-0.16094422340393066,0.15508997440338135,-0.21222041547298431,-0.25972384214401245,-0.5875692963600159,-0.396072655916214,-0.13245610892772675,0.14146587252616882,0.6747931314441455,-0.6327896214852743,-0.2033616118623953,-0.007701477006081592,-0.06471803791667631,0.030215599422676608,-0.36598244,-1.7600226,1.7674408,-1.7792794,-1.5390735,0.08932417,-0.36598244,-1.7600226,1.7674408,-1.7792794,-1.5390735,0.08932417,-0.3624780774116516,-1.7767912149429321,1.7583807706832886,-1.774664044380188,-1.5356849431991577,0.08613172173500061,-0.087609254,0.41921481,0.22650096,-0.1153822,-0.08471228,0.07981111,-0.13427006,2.9255691444001837e-05,0.0,7.31392286100046e-07,0.0005882349796593189,0.0002941175,1.17647,False,3,0.32777991507504667,0.024701806597702814,0.18181889502370288,0.3482744099103848,0.012538100231035536,0.16946294844898302,0.9759712874474574,0.004671201710602555,0.01082483528825027,0.2175799982149787,0.21651419,0.21151058,0.18445662,0.23911423240071175,4.000200715381652e-05,0.00012466699990909547,0.0005218310107011348,0.0002597359998617321,0.0001945710100699216,0.00010812800610437989,0.0016149980074260384,0.01819846298894845,0.019813460996374488,50.4707380594931,0
321,6.4401299989986,-0.36318713823427373,-1.7736083469786585,1.759423557912008,-1.7755800686278285,-1.5365622679339808,0.08665502071380615,-0.17869305610656738,-0.6485166549682617,-0.8988277316093445,-0.7423753142356873,-0.13889871537685394,0.15552887320518494,-0.21072888374328613,-0.27781233191490173,-0.5875357389450073,-0.3950044810771942,-0.13162897527217865,0.14081399142742157,0.12568326251585318,-0.15188730227882072,-0.8034092612179026,-0.0031732337250351085,-0.05766472099407092,0.03005360916100172,-0.36631998,-1.7592441,1.7694983,-1.778559,-1.5387989,0.08942697,-0.36631998,-1.7592441,1.7694983,-1.778559,-1.5387989,0.08942697,-0.36318713426589966,-1.7736083269119263,1.7594236135482788,-1.7755800485610962,-1.5365623235702515,0.08665502071380615,-0.078321405,0.35910732,0.25186846,-0.074471734,-0.055914346,0.06929879,-0.098921195,2.4379742870001534e-05,0.0,6.094935717500384e-07,0.0005882349796593189,0.0002941175,1.17647,False,3,0.3277895674987105,0.024249885941746305,0.18062544563164104,0.34823776222838515,0.012483283947999165,0.16948611690763754,0.9760603468797892,0.004847530879158248,0.010467260040872306,0.21719379312761097,0.21651419,0.21151058,0.18445662,0.23913820838832964,3.899300645571202e-05,0.00011698200250975788,0.000505667005199939,0.0003347440069774166,0.00017786500393413007,0.00010100299550686032,0.0015995650028344244,0.018238110991660506,0.01983767599449493,50.40913059964815,0
322,6.460094838010264,-0.3637283484088343,-1.7710167370238246,1.7605517546283167,-1.776437898675436,-1.5372608343707483,0.08716969192028046,-0.13321056962013245,-0.5578643083572388,-0.8846042156219482,-0.7265965342521667,-0.12851089239120483,0.15479320287704468,-0.2089320868253708,-0.28988391160964966,-0.5912964940071106,-0.3978201746940613,-0.13038212060928345,0.1405767947435379,0.4863942308704758,0.0011566717231198988,-0.7771483422101654,0.014715983255501854,-0.060402146716979285,0.02571202093993325,-0.3663553,-1.7592345,1.7718551,-1.7776713,-1.5382779,0.08950679,-0.3663553,-1.7592345,1.7718551,-1.7776713,-1.5382779,0.08950679,-0.3637283444404602,-1.7710167169570923,1.7605518102645874,-1.7764378786087036,-1.537260890007019,0.08716969192028046,-0.06567422,0.29455447,0.2825821,-0.030837826,-0.025425494,0.05842745,-0.06173994,2.0316452391667946e-05,0.0,5.079113097916987e-07,0.0005882349796593189,0.0002941175,1.17647,False,3,0.32776132232093846,0.023911048697497175,0.17957217746370338,0.3483285116658495,0.01255389507401703,0.1695206964483224,0.9759661307706392,0.004578260782131949,0.010470336809615,0.21762235275352984,0.21651419,0.21151058,0.18445662,0.23912729325584528,3.8102996768429875e-05,0.00011464799172244966,0.0004949360009049997,0.0003449900104897097,0.00017821100482251495,9.796199447009712e-05,0.0015810770128155127,0.018223072998807766,0.019804150011623278,50.494467039135166,0
323,6.480103748006513,-0.36413604417909795,-1.768740793267721,1.7616537253009241,-1.7771083317198695,-1.537696663533346,0.08762121945619583,-0.2464674860239029,-0.4450181722640991,-0.8021233081817627,-0.7137612104415894,-0.17907428741455078,0.16600288450717926,-0.208373561501503,-0.2993369400501251,-0.5894357562065125,-0.3955336809158325,-0.12899735569953918,0.1398836076259613,0.8045089054784054,-0.952298856773031,-0.19088257667733646,-0.013322680631175504,-0.07343615329660137,0.031101800723612093,-0.36659828,-1.7598379,1.7740105,-1.7769234,-1.5377783,0.0894607,-0.36659828,-1.7598379,1.7740105,-1.7769234,-1.5377783,0.0894607,-0.3641360402107239,-1.7687407732009888,1.7616537809371948,-1.7771083116531372,-1.5376967191696167,0.08762121945619583,-0.06155615,0.2225722,0.30891913,0.00462272,-0.0020380663,0.04598706,-0.024902552,1.6930376993056624e-05,0.0,4.232594248264156e-07,0.0005882349796593189,0.0002941175,1.17647,False,3,0.32770787272702506,0.023690948280834134,0.1785992432457448,0.34832592720410044,0.012601139262167943,0.16953154983861413,0.9759887180783601,0.004513419148335061,0.009753677380213594,0.2175558599223087,0.21651419,0.21151058,0.18445662,0.2390858843448838,3.553500573616475e-05,0.000135784997837618,0.0005149189964868128,0.0004602180124493316,0.00018580399046186358,0.00010022299829870462,0.0017571979988133535,0.018101242996635847,0.0198584409954492,50.356420236067976,0
324,6.500138326009619,-0.3645818869220179,-1.7664877376952113,1.7629931608783167,-1.7776295147337855,-1.5381501356707972,0.08805956691503525,-0.24149677157402039,-0.49068546295166016,-0.8058870434761047,-0.6898160576820374,-0.15951569378376007,0.165988951921463,-0.20421385765075684,-0.3152381479740143,-0.5862078666687012,-0.3916747272014618,-0.12720197439193726,0.1391180455684662,0.4125315000029199,-1.0390288124030955,-0.05407507697560732,-0.02303853731081637,-0.05220437645915692,0.035263541598554285,-0.36637598,-1.7605681,1.775757,-1.776438,-1.5370169,0.08954071,-0.36637598,-1.7605681,1.775757,-1.776438,-1.5370169,0.08954071,-0.3645818829536438,-1.766487717628479,1.7629932165145874,-1.7776294946670532,-1.5381501913070679,0.08805956691503525,-0.0448522,0.14798845,0.31909412,0.02978758,0.02833336,0.037028644,0.01537827,0.0020645446872598894,0.0003075654059648514,5.161361718149724e-05,0.0005882349796593189,0.0002941175,1.17647,False,3,0.32757294027244876,0.023485310082577728,0.1775315851947596,0.3482678442981637,0.01253275223414085,0.16944422161587475,0.9759908096122228,0.004553513398091787,0.010608038971873417,0.21750556977380303,0.21651419,0.21151058,0.18445662,0.23911623985457606,3.8569007301703095e-05,0.00012264199904166162,0.0004935329925501719,0.00028847499925177544,0.0001610650069778785,0.00010135999764315784,0.001573304005432874,0.01829765499860514,0.019870959004038014,50.3246974540478,0
325,6.520132068006205,-0.3651331106769007,-1.7645379505553187,1.7645276228534144,-1.777870317498678,-1.5384505430804651,0.08840331435203552,-0.11444459855556488,-0.6234915852546692,-0.8329383134841919,-0.6926590800285339,-0.09914367645978928,0.14204387366771698,-0.20337940752506256,-0.3335515856742859,-0.5867999196052551,-0.3908524215221405,-0.100470170378685,0.13831715285778046,0.15460267572077252,0.6081811781279431,-0.5656609050596887,0.03216433391865132,-0.06500076968814837,0.019837307598321398,-0.36631715,-1.7620429,1.7778859,-1.77542,-1.5359713,0.08941554,-0.36631715,-1.7620429,1.7778859,-1.77542,-1.5359713,0.08941554,-0.3651331067085266,-1.7645379304885864,1.764527678489685,-1.7778702974319458,-1.5384505987167358,0.08840331435203552,-0.029600946,0.06237491,0.3339551,0.06125754,0.061982743,0.025305625,0.060792178,0.011876513667891999,0.001523408964276314,0.0002969128416973,0.0005882349796593189,0.0002941175,1.17647,False,3,0.3273472737818815,0.023319707551820206,0.17645197167067897,0.34830811624869734,0.012552688650694071,0.16956433245630506,0.9760120028446362,0.004221228859028364,0.009954999979195037,0.21744808414657243,0.21651419,0.21151058,0.18445662,0.23911433342473468,3.882699820678681e-05,0.00011433100735303015,0.0005858549993718043,0.00029071800236124545,0.0001619179965928197,9.80909971985966e-05,0.0016038829926401377,0.018217292003100738,0.019821174995740876,50.45109587170677,0
326,6.540075709010125,-0.36542255083193,-1.7630750141539515,1.766153637562887,-1.777940412560934,-1.5384157339679163,0.08868696540594101,-0.19261421263217926,-0.6699606776237488,-0.8547375202178955,-0.6226797699928284,-0.010799783281981945,0.13968968391418457,-0.19877547025680542,-0.34645870327949524,-0.5913882255554199,-0.26292484998703003,0.003654065076261759,0.13811661303043365,-0.10648204156606583,-0.4217541132403233,-0.9099419314146008,0.0008865905832999097,-0.05457211213373176,0.0272900263458496,-0.36655566,-1.7637365,1.7802761,-1.7741997,-1.5351567,0.08909547,-0.36655566,-1.7637365,1.7802761,-1.7741997,-1.5351567,0.08909547,-0.3654225468635559,-1.7630749940872192,1.7661536931991577,-1.7779403924942017,-1.538415789604187,0.08868696540594101,-0.028327484,-0.01653663,0.3530594,0.09351755,0.08147509,0.010212734,0.10253599,0.03372462019985797,0.0035741288214921956,0.0008431155049964492,0.0005882349796593189,0.0002941175,1.17647,False,3,0.3270764137673362,0.02334000305708962,0.1754670396095988,0.3482974083104915,0.012508141387011756,0.16951481377650715,0.9761057922316955,0.004326740910797619,0.009699769937486112,0.21703624031410446,0.21651419,0.21151058,0.18445662,0.23914858868487088,3.972501144744456e-05,0.00011825800174847245,0.0004975220072083175,0.00025897700106725097,0.00015465999604202807,9.765299910213798e-05,0.0014810009888606146,0.018301893011084758,0.019782893999945372,50.548721537039086,0
327,6.560106058997917,-0.3655951658831995,-1.762198110620016,1.7678311506854456,-1.7778498135008753,-1.5383389631854456,0.08889912813901901,-0.25159117579460144,-0.5694391131401062,-0.8135068416595459,-0.518669068813324,0.08449091762304306,0.14562243223190308,-0.19637177884578705,-0.35879743099212646,-0.5937567353248596,-0.15379369258880615,0.11433801054954529,0.13767339289188385,0.3556895636185227,-1.092213265391027,-0.5229923016353812,-0.02499072744997868,-0.05714133898607509,0.03325324033899685,-0.36592752,-1.76587,1.7826815,-1.7724906,-1.5339996,0.088903934,-0.36592752,-1.76587,1.7826815,-1.7724906,-1.5339996,0.088903934,-0.36559516191482544,-1.7621980905532837,1.7678312063217163,-1.777849793434143,-1.5383390188217163,0.08889912813901901,-0.008309128,-0.09179623,0.37125632,0.13397844,0.108487256,0.00012014061,0.14319348,0.07102384009018442,0.006437998488545418,0.0017755960022546105,0.0005882349796593189,0.0002941175,1.17647,False,3,0.3267483577462361,0.02343015035926626,0.17461915147700233,0.34836908904803643,0.012584848926028826,0.1695598585855863,0.9759315856092965,0.004139394085651656,0.009076954590796207,0.2178486175669567,0.21651419,0.21151058,0.18445662,0.23912146930359643,3.919099981430918e-05,0.00013365500490181148,0.0004564990085782483,0.0002618319995235652,0.00019439400057308376,9.558400779496878e-05,0.0014863969990983605,0.01837576398975216,0.01986216098885052,50.34698895862051,0
328,6.580096115998458,-0.36585933366884404,-1.7616588077940882,1.7695491949664515,-1.7776433430113734,-1.5381835142718714,0.08905458450317383,-0.18836474418640137,-0.5849809646606445,-0.7840454578399658,-0.4567457437515259,0.15376493334770203,0.13530349731445312,-0.19132916629314423,-0.36538657546043396,-0.5921465158462524,-0.12772820889949799,0.14914602041244507,0.09568427503108978,0.49541958573640843,0.038221878361279014,-0.09542849979214632,0.006306489427149948,-0.06475112459131221,0.027175663723605557,-0.36556482,-1.7681162,1.7847451,-1.7712833,-1.5328478,0.08867835,-0.36556482,-1.7681162,1.7847451,-1.7712833,-1.5328478,0.08867835,-0.36585932970046997,-1.761658787727356,1.7695492506027222,-1.7776433229446411,-1.538183569908142,0.08905458450317383,0.0073625967,-0.16143483,0.37989724,0.1590016,0.13339448,-0.009405793,0.18089,0.12622518918625927,0.010055798366665841,0.003155629729656482,0.0005882349796593189,0.0002941175,1.17647,False,3,0.32638849961142047,0.023523520830324107,0.17384428749319686,0.34836480136252945,0.012534242209799547,0.16954957374627533,0.9759895739443023,0.003882667369307005,0.009580081250259382,0.2175718077520986,0.21651419,0.21151058,0.18445662,0.2391618477942155,4.051499126944691e-05,0.000119399992399849,0.0005731359997298568,0.0002934500080300495,0.0001869609986897558,0.00026644900208339095,0.0018165750079788268,0.01796085799287539,0.019777433000854217,50.56267918879101,0
329,6.600074729998596,-0.3660782019244593,-1.7614785633482875,1.771498982106344,-1.7772494755186976,-1.5377691427813929,0.08911465108394623,-0.1454077661037445,-0.8071379661560059,-0.7985343933105469,-0.4089658260345459,0.17035064101219177,0.14629633724689484,-0.12747877836227417,-0.6191574335098267,-0.5904567837715149,-0.12512417137622833,0.15034015476703644,0.04434463754296303,-0.3129998755655733,0.0034717504635726273,-0.5080846925211093,0.008350432414360084,-0.03755581001752873,0.027701359260449435,-0.3656358,-1.7703141,1.7867956,-1.7705368,-1.5318596,0.088290535,-0.3656358,-1.7703141,1.7867956,-1.7705368,-1.5318596,0.088290535,-0.3660781979560852,-1.7614785432815552,1.7714990377426147,-1.7772494554519653,-1.5377691984176636,0.08911465108394623,0.011059882,-0.22088979,0.38241556,0.16781552,0.14773859,-0.020602893,0.21347967,0.20069026915325405,0.014325391724705698,0.0050172567288313515,0.0005882349796593189,0.0002941175,1.17647,False,3,0.32595538989317446,0.02372527610322793,0.17307533582616577,0.34832622621237525,0.012533379222603301,0.16951264388289086,0.9759991074828825,0.003961478491441215,0.010010057844162732,0.2175083883622439,0.21651419,0.21151058,0.18445662,0.23914360630484732,3.940299211535603e-05,0.0001183239946840331,0.0005563960003200918,0.00027518600109033287,0.0001840499899117276,9.923199831973761e-05,0.001596576999872923,0.018180190993007272,0.019776767992880195,50.564379395056285,0
330,6.620096401005867,-0.36609012285341436,-1.7617694340147914,1.7735775152789515,-1.776567121545309,-1.5372031370746058,0.08914212137460709,-0.13091257214546204,-0.9735556840896606,-0.8342139720916748,-0.41472357511520386,0.16327998042106628,0.1265835165977478,-0.028512606397271156,-0.7682415246963501,-0.59190833568573,-0.1251915693283081,0.15143918991088867,-0.00047106322017498314,-0.2633739698949794,-0.4651826779089427,-0.805494430540079,-0.004856045493432541,-0.0464215883828173,0.029532040668025537,-0.36536276,-1.7725449,1.7889459,-1.7694283,-1.5307539,0.08797345,-0.36536276,-1.7725449,1.7889459,-1.7694283,-1.5307539,0.08797345,-0.3660901188850403,-1.761769413948059,1.7735775709152222,-1.7765671014785767,-1.5372031927108765,0.08914212137460709,0.018183887,-0.26938507,0.38420707,0.17847122,0.16123462,-0.029216768,0.24035807,0.2947922450642924,0.019132553115487103,0.00736980612660731,0.0005882349796593189,0.0002941175,1.17647,False,3,0.32543487380289876,0.024064724574800477,0.17236689762731916,0.3483149661605781,0.012518386543215274,0.16953262407904884,0.976057012967253,0.0036285517254382492,0.008312768442428592,0.21732571939671655,0.21651419,0.21151058,0.18445662,0.23914862743134427,0.00010235699301119894,0.0001246470055775717,0.0005210239905864,0.0002747819962678477,0.00018526799976825714,9.870200301520526e-05,0.001628065001568757,0.018221991005702876,0.019850056007271633,50.37769161123132,0
331,6.640074656010256,-0.3660476843463343,-1.7624660931029261,1.7755921522723597,-1.7757822475829066,-1.536529843007223,0.08915403485298157,-0.09884627908468246,-0.9292470812797546,-0.8458248376846313,-0.4218153655529022,0.15785886347293854,0.08160069584846497,0.046240244060754776,-0.7615625858306885,-0.5932506918907166,-0.12783046066761017,0.15125232934951782,-0.042496457695961,0.49738139609204485,-0.5766231776111566,-0.4880032978839456,-0.013929199633277786,-0.0715542564978672,-0.023690282532099795,-0.3648876,-1.7746718,1.7909713,-1.7681243,-1.5295377,0.087747835,-0.3648876,-1.7746718,1.7909713,-1.7681243,-1.5295377,0.087747835,-0.3660476803779602,-1.7624660730361938,1.7755922079086304,-1.7757822275161743,-1.5365298986434937,0.08915403485298157,0.029002173,-0.30514434,0.38447714,0.19144832,0.17480409,-0.035154957,0.26233587,0.40818867388211527,0.024379270449280743,0.010204716847052882,0.0005882349796593189,0.0002941175,1.17647,False,3,0.3249055438890891,0.024451950549412717,0.17178887044444968,0.3484035511799254,0.012546306037252,0.1695697539452169,0.9759423148997703,0.0029548405834264805,0.008588093001408906,0.21783970821877646,0.21651419,0.21151058,0.18445662,0.2391719201381975,4.024400550406426e-05,0.00012176900054328144,0.0005836570053361356,0.0002477749949321151,0.0001848459942266345,0.00010308199853170663,0.0016245099977822974,0.01816626101208385,0.019790771009866148,50.52860242289082,0
332,6.660106198003632,-0.3660386244403284,-1.7635570965208949,1.7776859442340296,-1.7748900852599085,-1.535776440297262,0.08913017809391022,-0.06313971430063248,-0.9494948387145996,-0.7972106337547302,-0.4008769989013672,0.19652830064296722,-0.009956689551472664,0.08853527158498764,-0.7519594430923462,-0.5924252867698669,-0.12870635092258453,0.1511208564043045,-0.08450155705213547,0.5250403535417166,-0.36067874173571124,-0.2255175246185535,-0.007876931533364447,-0.0780955613656356,0.00029237178319420766,-0.36479366,-1.7767525,1.7929728,-1.7674049,-1.5284334,0.08752382,-0.36479366,-1.7767525,1.7929728,-1.7674049,-1.5284334,0.08752382,-0.36603862047195435,-1.7635570764541626,1.7776859998703003,-1.7748900651931763,-1.5357764959335327,0.08913017809391022,0.031124162,-0.32988504,0.38217145,0.18712915,0.18357678,-0.040158916,0.27675056,0.5068238949017626,0.02991428174078465,0.012670597372544067,0.0005882349796593189,0.0002941175,1.17647,False,3,0.32433775897237094,0.024863679277034846,0.17128765973364662,0.3482955212385659,0.012571179368636679,0.16948895548907977,0.9759711841656682,0.0037019047740483985,0.008908008549805377,0.2176858634395239,0.21651419,0.21151058,0.18445662,0.23909671277827785,3.9394013583660126e-05,0.00011686699872370809,0.0005195169942453504,0.00026704500487539917,0.00017863800167106092,9.582300845067948e-05,0.0015310759918065742,0.018326934005017392,0.019858009996823967,50.357513172766915,0
333,6.680105855004513,-0.36601144472231084,-1.7648164234557093,1.7799294630633753,-1.773903032342428,-1.534926716481344,0.08901162445545197,0.08303533494472504,-1.018224835395813,-0.8679017424583435,-0.39789602160453796,0.18982350826263428,-0.09262482821941376,0.13831110298633575,-0.739926278591156,-0.5913403630256653,-0.1277494579553604,0.1515406370162964,-0.11786984652280807,0.06584029487276272,-0.11775638180284519,-0.634168032597497,0.00796754897684091,-0.0518645969682098,0.0369471623386878,-0.36463514,-1.7789958,1.7947971,-1.7665111,-1.5274701,0.08723469,-0.36463514,-1.7789958,1.7947971,-1.7665111,-1.5274701,0.08723469,-0.36601144075393677,-1.764816403388977,1.779929518699646,-1.7739030122756958,-1.5349267721176147,0.08901162445545197,0.0344077,-0.35448372,0.37168983,0.18479912,0.18641675,-0.04442332,0.29002035,0.5890199124181356,0.03571468867361546,0.014725497810453389,0.0005882349796593189,0.0002941175,1.17647,False,3,0.3237239332281488,0.025323174740308922,0.1707741711591154,0.34832672647240026,0.012603922932812131,0.1694884758119565,0.9759250860135963,0.0036433578458696073,0.008745726808605338,0.21790012027049144,0.21651419,0.21151058,0.18445662,0.23908670191233178,0.00012351199984550476,0.00015674700262025,0.0005226260109338909,0.0004402009944897145,0.00016565300757065415,0.0001297429989790544,0.0018753240001387894,0.017892706993734464,0.019768030993873253,50.586727646771294,0
334,6.700413667000248,-0.36589175859560186,-1.7663809261717738,1.7821162382708948,-1.7728492222227992,-1.5339577833758753,0.08879609405994415,0.14199265837669373,-1.0337976217269897,-0.8985146880149841,-0.4363061487674713,0.18319880962371826,-0.08721961081027985,0.18444618582725525,-0.7266910672187805,-0.5906656980514526,-0.128713458776474,0.15143786370754242,-0.13959714770317078,-0.018540848038006097,-0.36900494358362373,-0.6599599629115467,-0.01638115812548349,-0.04405404631001032,-0.0060304105021445654,-0.36474296,-1.7808166,1.7970493,-1.7655928,-1.5264962,0.08685498,-0.36474296,-1.7808166,1.7970493,-1.7655928,-1.5264962,0.08685498,-0.3658917546272278,-1.7663809061050415,1.7821162939071655,-1.772849202156067,-1.533957839012146,0.08879609405994415,0.028720006,-0.36089164,0.3733247,0.18141049,0.1865419,-0.048527796,0.2940482,0.6575165936817796,0.04159565247595311,0.01643791484204449,0.0005882349796593189,0.0002941175,1.17647,False,3,0.3231099889803312,0.025841895523181512,0.17036238254726743,0.34826042416066566,0.0125507267072011,0.16933137244857888,0.9759057807739179,0.003945443983582752,0.010473244236431877,0.21790525908629257,0.21651419,0.21151058,0.18445662,0.23910430620116763,3.7812002119608223e-05,0.00011808100680354983,0.0005062190030002967,0.00027880800189450383,0.00015447699115611613,0.00010229898907709867,0.0015265080000972375,0.018589842002256773,0.02011635000235401,49.71080737226088,0
335,6.720130538000376,-0.3657119909869593,-1.7682143650450648,1.78410512605776,-1.7718149624266566,-1.5329883734332483,0.08859248459339142,0.14685334265232086,-0.9499790072441101,-0.8216930627822876,-0.40428319573402405,0.18922297656536102,-0.13985443115234375,0.20462888479232788,-0.7177721261978149,-0.591532826423645,-0.1299443542957306,0.1506377011537552,-0.14159314334392548,0.4596761666526292,-0.41675151660874216,-0.22353645783037823,-0.020087478944981668,-0.05117000606135229,-0.04919625951159841,-0.3646664,-1.7828571,1.7989012,-1.7644807,-1.525648,0.08655842,-0.3646664,-1.7828571,1.7989012,-1.7644807,-1.525648,0.08655842,-0.3657119870185852,-1.7682143449783325,1.7841051816940308,-1.7718149423599243,-1.532988429069519,0.08859248459339142,0.026139244,-0.3660666,0.36990047,0.18335453,0.18351158,-0.050851755,0.29687008,0.714597161401483,0.04753305412828923,0.017864929035037076,0.0005882349796593189,0.0002941175,1.17647,False,3,0.3225343888164801,0.0263646220122367,0.1700989950531169,0.34826938715058386,0.012568998440278903,0.16938523356441135,0.975884007044695,0.0036081530268349837,0.010700839461658366,0.21799729743525098,0.21651419,0.21151058,0.18445662,0.23909064020098555,3.755399666260928e-05,0.000115438990178518,0.000596800004132092,0.000289336996502243,0.00015467099728994071,0.0001152079930761829,0.001628170008189045,0.017938295990461484,0.01956646599865053,51.10784952525247,0
336,6.740130851001595,-0.3655508200274866,-1.770198484460348,1.786185089741842,-1.770808836022848,-1.531971279774801,0.08835647255182266,0.17719130218029022,-0.8608078956604004,-0.7920504212379456,-0.3848649859428406,0.17583325505256653,-0.14152751863002777,0.20809808373451233,-0.7281272411346436,-0.5783687829971313,-0.12498443573713303,0.15251143276691437,-0.1427619606256485,0.3993735690098338,-0.32839544560439077,0.35247924479449416,-0.016524004997475812,-0.047484955828157545,-0.07873270659441144,-0.35076752,-1.7972674,1.8031209,-1.7507688,-1.518855,0.085049,-0.35076752,-1.7972674,1.8031209,-1.7507688,-1.518855,0.085049,-0.36555081605911255,-1.7701984643936157,1.7861851453781128,-1.7708088159561157,-1.5319713354110718,0.08835647255182266,0.3695826,-0.6767235,0.42339402,0.50099975,0.327909,-0.08268672,0.23141775,0.7621643011679026,0.05000000074505806,0.019054107529197565,0.0052940999157726765,0.00264705,10.5882,False,0,0.321947406513335,0.02689772508497372,0.1698522843163726,0.34828963760745973,0.012615087702141458,0.16936109899617974,0.9757435383052161,0.0032903865004547833,0.010798888837262495,0.21862540356937232,0.21651419,0.21151058,0.18445662,0.23906497630471837,3.822200233116746e-05,0.00011376800830475986,0.0004777790018124506,0.0002497919922461733,0.000147668004501611,0.00017469300655648112,0.0015162349882302806,0.018325041004572995,0.019841275992803276,50.39998437412567,0
337,6.760080870997626,-0.36538392702211553,-1.7722193203368128,1.7884672323810022,-1.7696424923338832,-1.5308550039874476,0.08806917816400528,0.18441800773143768,-0.954543948173523,-0.840749979019165,-0.4231438934803009,0.20233333110809326,-0.1668345183134079,0.18058614432811737,-0.690811276435852,-0.5867483019828796,-0.12821896374225616,0.14933162927627563,-0.14195837080478668,0.2735042810967532,-0.7059393952358856,-0.3737976509736863,-0.023338724064812903,-0.051633406654449314,-0.08679781007800629,-0.36519736,-1.7928481,1.8034348,-1.7625695,-1.5186226,0.084318,-0.36519736,-1.7928481,1.8034348,-1.7625695,-1.5186226,0.084318,-0.36538392305374146,-1.7722193002700806,1.788467288017273,-1.7696424722671509,-1.5308550596237183,0.08806917816400528,0.004664387,-0.5157199,0.37418804,0.17682184,0.30580953,-0.09377948,0.35154274,0.8018035843065854,0.05000000074505806,0.020045089607664636,0.0052940999157726765,0.00264705,10.5882,False,0,0.3212933618233427,0.02748316466680202,0.16952786861311192,0.3482839477019805,0.012706896257146265,0.16956220430749364,0.9755849940310303,0.003181542487436895,0.009193027744290108,0.2194066754796313,0.21651419,0.21151058,0.18445662,0.23897284370120078,3.692400059662759e-05,0.00010937299521174282,0.00047651599743403494,0.00026436400366947055,0.0001518460048828274,9.564599895384163e-05,0.0014320129994302988,0.018358465997152962,0.01979047899658326,50.5293479845862,0
338,6.780103247001534,-0.3651207129107874,-1.7743503055968226,1.790713135396139,-1.7684570751585902,-1.5297940413104456,0.08776972442865372,0.37621554732322693,-1.1860650777816772,-0.8837451338768005,-0.39445826411247253,0.21979385614395142,-0.16049613058567047,0.4141835570335388,-0.8786137700080872,-0.5996432304382324,-0.09527646005153656,0.17013800144195557,-0.14506953954696655,-0.30625504883559185,0.6163875231422746,-0.7138111711386833,0.007114008707530057,-0.040825169215134606,-0.08553748639118158,-0.3632545,-1.7948862,1.8043339,-1.7613051,-1.5192516,0.084328644,-0.3632545,-1.7948862,1.8043339,-1.7613051,-1.5192516,0.084328644,-0.36512070894241333,-1.7743502855300903,1.7907131910324097,-1.768457055091858,-1.5297940969467163,0.08776972442865372,0.046655424,-0.5134,0.34051844,0.17879863,0.26356322,-0.08602696,0.33930516,0.8348363202554878,0.05000000074505806,0.020870908006387197,0.0052940999157726765,0.00264705,10.5882,False,0,0.3206335959653488,0.028086308493051423,0.16924443963915659,0.34828550242811784,0.012593585955480246,0.16950704436386957,0.9759127067496692,0.0036360032870684953,0.008704157300834707,0.21795740666643482,0.21651419,0.21151058,0.18445662,0.23907141569870505,5.5791999329812825e-05,0.0001259769924217835,0.000630973998340778,0.0003041840100195259,0.00024434798979200423,0.00010603900591377169,0.0018186880042776465,0.017952882990357466,0.019771570994635113,50.57767034654674,0
339,6.800140562001616,-0.3641908804522913,-1.7773682079710902,1.7928078810321253,-1.766696115533346,-1.5283392111407679,0.08739850670099258,0.3211495280265808,-1.007235050201416,-0.7807186841964722,-0.3959364593029022,0.2249143421649933,-0.15095436573028564,0.17608928680419922,-0.7219284772872925,-0.5934483408927917,-0.13011476397514343,0.16591691970825195,-0.1467709094285965,-0.23490523236035568,0.17770842823135188,-0.03316581317194067,0.025367862967517522,-0.017163705602605762,-0.02985690325372229,-0.3634433,-1.7973773,1.8056263,-1.761966,-1.5183764,0.0837853,-0.3634433,-1.7973773,1.8056263,-1.761966,-1.5183764,0.0837853,-0.36419087648391724,-1.777368187904358,1.792807936668396,-1.7666960954666138,-1.5283392667770386,0.08739850670099258,0.018689651,-0.50022787,0.32045782,0.11825126,0.24907267,-0.09033014,0.32540262,0.8623636002129066,0.05000000074505806,0.021559090005322665,0.0052940999157726765,0.00264705,10.5882,False,0,0.3198869025315952,0.029027968196830935,0.16919902827091488,0.3483386658181978,0.012645842737043908,0.1695375945527287,0.9758860885240923,0.0034132011200622963,0.008656672676034972,0.218081919788605,0.21651419,0.21151058,0.18445662,0.23905534121994965,4.448099934961647e-05,0.00012459000572562218,0.0005150729994056746,0.00027971599774900824,0.00017499600653536618,0.00010036599996965379,0.0016284699959214777,0.01818607900349889,0.019814548999420367,50.46796674651807,0
340,6.820103644000483,-0.3633187452899378,-1.7804714641966761,1.7950056234942835,-1.7649842701353968,-1.5265677610980433,0.08690865337848663,0.13496534526348114,-0.8289237022399902,-0.8296477794647217,-0.4485117793083191,0.1073288768529892,-0.15446265041828156,0.1584664285182953,-0.6688234806060791,-0.6003087759017944,-0.15092787146568298,0.15124347805976868,-0.14414529502391815,0.87127276660645,-2.118741357266753,-0.4463907010447143,-0.08203326759066795,-0.05700396308657161,-0.07742260236863463,-0.3626901,-1.7999626,1.8073895,-1.759535,-1.5173202,0.0833911,-0.3626901,-1.7999626,1.8073895,-1.759535,-1.5173202,0.0833911,-0.3633187413215637,-1.7804714441299438,1.7950056791305542,-1.7649842500686646,-1.526567816734314,0.08690865337848663,0.015716502,-0.48728114,0.3095966,0.13623215,0.23119158,-0.08793885,0.31813464,0.8853030001774221,0.05000000074505806,0.022132575004435554,0.0052940999157726765,0.00264705,10.5882,False,0,0.31915398563347785,0.03002493814117272,0.16915123215334002,0.34833100574430326,0.012656574657826977,0.16952532537057116,0.9758807435949066,0.003735801744307498,0.009235155137295684,0.21807689981530445,0.21651419,0.21151058,0.18445662,0.23904295556813177,4.35479887528345e-05,0.00016273799701593816,0.0006792269996367395,0.0003085130010731518,0.00020259399025235325,0.00014136200479697436,0.0019365659973118454,0.017822998997871764,0.01975956499518361,50.60840156368573,0
341,6.8401865839987295,-0.36283809343446904,-1.7834536037840785,1.7970369497882288,-1.763744970361227,-1.525041405354635,0.08642864227294922,0.13025052845478058,-0.8482747077941895,-0.8426864743232727,-0.4886269271373749,0.15266305208206177,-0.14701484143733978,0.16832837462425232,-0.6527745127677917,-0.6012095212936401,-0.14812281727790833,0.14614063501358032,-0.14294618368148804,1.3534519473268265,-1.7885685919694276,-0.9393126363174282,-0.06289133316211773,-0.0884240918403553,-0.0660947124100758,-0.36188743,-1.802542,1.8096381,-1.7572038,-1.5159221,0.083122715,-0.36188743,-1.802542,1.8096381,-1.7572038,-1.5159221,0.083122715,-0.36283808946609497,-1.7834535837173462,1.7970370054244995,-1.7637449502944946,-1.5250414609909058,0.08642864227294922,0.023766255,-0.47720978,0.3150274,0.16352797,0.2279853,-0.08264817,0.31431535,0.9044191668145185,0.05000000074505806,0.022610479170362963,0.0052940999157726765,0.00264705,10.5882,False,0,0.3185443126438928,0.030791095635794997,0.16918042797067293,0.34828670232256886,0.012634390855025995,0.1694973685009142,0.9758879758407739,0.004037128177248327,0.009532191513518069,0.2180264011702089,0.21651419,0.21151058,0.18445662,0.2390387322410921,8.720300684217364e-05,0.00017727099475450814,0.0007352950051426888,0.0003759099927265197,0.0002498079993529245,0.0001536049967398867,0.002241698995931074,0.01758779499505181,0.019829493990982883,50.42993030758791,0
342,6.86012252799992,-0.3628171125995081,-1.7862302265562953,1.798734490071432,-1.7630611858763636,-1.5236809889422815,0.08594606071710587,0.2270512580871582,-0.9161706566810608,-0.7610834240913391,-0.3640885651111603,0.1769576519727707,-0.16293460130691528,0.09592542052268982,-0.6571892499923706,-0.5957635045051575,-0.1373303234577179,0.14656393229961395,-0.1426294445991516,-0.054472534549152324,0.44403912525682265,0.3321442893285637,0.006445937464856031,-0.036338246412623634,-0.08829846709780104,-0.36191288,-1.8050611,1.8110865,-1.7566627,-1.5148036,0.08274745,-0.36191288,-1.8050611,1.8110865,-1.7566627,-1.5148036,0.08274745,-0.36281710863113403,-1.786230206489563,1.7987345457077026,-1.7630611658096313,-1.5236810445785522,0.08594606071710587,0.022605976,-0.47077218,0.3087988,0.15996085,0.22193527,-0.079965256,0.30977136,0.9203493056787654,0.05000000074505806,0.023008732641969135,0.0052940999157726765,0.00264705,10.5882,False,0,0.3181204377823831,0.03130316183648307,0.16933031597248385,0.348295724757371,0.012631505844281528,0.16951693609728238,0.9759329566588295,0.004116606150724478,0.010043089540593226,0.21780053503474514,0.21651419,0.21151058,0.18445662,0.23904488258230036,4.514498868957162e-05,0.00013632100308313966,0.000581328000407666,0.0003583559882827103,0.00017476800712756813,0.00011612800881266594,0.0017896670033223927,0.017979209995246492,0.019768876998568885,50.58456279900939,0
343,6.880090974998893,-0.3627813498126429,-1.7889028988280238,1.8006160894977015,-1.762216707269186,-1.5223072210894983,0.08544290065765381,0.25502827763557434,-1.034109354019165,-0.8324400186538696,-0.38861748576164246,0.18065601587295532,-0.18017494678497314,0.08605334162712097,-0.6930199861526489,-0.5823968052864075,-0.12332287430763245,0.15206241607666016,-0.14296287298202515,-0.09077717598780537,-0.3201896665322632,-0.5134618533943043,-0.03307294794332338,-0.04375603667871879,-0.07591617028431223,-0.36253166,-1.8072488,1.8122194,-1.7571871,-1.5138434,0.08224049,-0.36253166,-1.8072488,1.8122194,-1.7571871,-1.5138434,0.08224049,-0.3627813458442688,-1.7889028787612915,1.8006161451339722,-1.7622166872024536,-1.522307276725769,0.08544290065765381,0.0062422007,-0.4586483,0.29008237,0.12573783,0.21159734,-0.08006026,0.30054027,0.9336244213989711,0.05000000074505806,0.023340610534974278,0.0052940999157726765,0.00264705,10.5882,False,0,0.31762817510373453,0.03184903919705502,0.1693667323878279,0.3482617742415668,0.012601872345003833,0.16949260812805708,0.9759154124931368,0.004188026720543758,0.00974521552841674,0.21789128396037571,0.21651419,0.21151058,0.18445662,0.23905234631587785,0.00021752199972979724,0.00016608499572612345,0.0013030929985689,0.0007966539997141808,0.00018536701099947095,0.00012097200669813901,0.0032234499958576635,0.016539592994377017,0.01976304299023468,50.59949525455772,0
344,6.900139534001937,-0.36265451112856084,-1.791788717309469,1.8024585882769983,-1.7613731823363246,-1.5209654013263147,0.08493264019489288,0.24491262435913086,-0.9278779625892639,-0.8467135429382324,-0.40577641129493713,0.20395441353321075,-0.19295862317085266,0.10801545530557632,-0.6551360487937927,-0.585862398147583,-0.12393390387296677,0.149883434176445,-0.14157341420650482,0.5894900794748256,-0.05521418992068782,-0.24564631549773935,-0.001053449611789799,-0.06992627006252182,-0.06896491676965186,-0.3441348,-1.8181705,1.8177487,-1.7394235,-1.5082048,0.081885956,-0.3441348,-1.8181705,1.8177487,-1.7394235,-1.5082048,0.081885956,-0.36265450716018677,-1.7917886972427368,1.802458643913269,-1.7613731622695923,-1.5209654569625854,0.08493264019489288,0.4629925,-0.6595475,0.38224983,0.54874045,0.31901634,-0.07616702,0.079345964,0.9446870178324759,0.05000000074505806,0.0236171754458119,0.010980400256812572,0.005490200000000001,21.9608,False,0,0.3171352325939361,0.03241477129963255,0.16947562072911168,0.3482608893686445,0.012580819348361506,0.16947399870016633,0.9758970518261549,0.004331098516189006,0.00974392597062944,0.21797068116023535,0.21651419,0.21151058,0.18445662,0.23907054210387815,7.950399594847113e-05,0.00017438200302422047,0.000775909997173585,0.00035701099841389805,0.00022213900228962302,0.00015117799921426922,0.0023501440009567887,0.01742697499867063,0.01977711899962742,50.563481972214404,0
345,6.920138398010749,-0.3624609152423304,-1.7946692905821742,1.804129425679342,-1.760564466516012,-1.5195606390582483,0.08445759862661362,0.14401912689208984,-0.7791488170623779,-0.786975085735321,-0.3842688202857971,0.1527193784713745,-0.17110569775104523,0.09053191542625427,-0.6387749314308167,-0.5941675305366516,-0.13200828433036804,0.14709414541721344,-0.14195513725280762,0.5274913976679912,-1.392879702227784,0.07643244555604152,-0.04227142149532687,-0.0479371645441357,-0.07024629374438757,-0.36484084,-1.8146187,1.8150486,-1.7581456,-1.5076704,0.07989882,-0.36484084,-1.8146187,1.8150486,-1.7581456,-1.5076704,0.07989882,-0.3624609112739563,-1.794669270515442,1.8041294813156128,-1.7605644464492798,-1.519560694694519,0.08445759862661362,-0.059498448,-0.49873656,0.27297857,0.060473323,0.2972563,-0.11396957,0.26793423,0.9539058481937299,0.05000000074505806,0.02384764620484325,0.010980400256812572,0.005490200000000001,21.9608,False,0,0.31668775147113226,0.03299931000471929,0.16964472248674944,0.34823527009376615,0.012646706063379282,0.16948138936252422,0.9758671125489283,0.0044303979547005365,0.010223883650482086,0.21808078097522782,0.21651419,0.21151058,0.18445662,0.23900113707569204,4.176699439994991e-05,0.00012747000437229872,0.0006513389962492511,0.00032992599881254137,0.0001737220009090379,0.00010647499584592879,0.0017817740008467808,0.018031105006230064,0.019812879007076845,50.472220601701345,0
346,6.940138392004883,-0.36224347749818975,-1.7973243198790492,1.8058393637286585,-1.7596341572203578,-1.5184991995440882,0.08400245755910873,0.44091206789016724,-0.9879917502403259,-0.7828758955001831,-0.26516056060791016,0.27039289474487305,-0.16527563333511353,0.45378535985946655,-0.7878317832946777,-0.5750423669815063,-0.07674820721149445,0.167523592710495,-0.14227285981178284,-0.49866758872049566,1.2518549030575667,0.11837051322361725,0.021533023884242858,-0.034092088442942,-0.08172327432048115,-0.36183855,-1.8181424,1.8154799,-1.7561734,-1.5087461,0.079819575,-0.36183855,-1.8181424,1.8154799,-1.7561734,-1.5087461,0.079819575,-0.3622434735298157,-1.797324299812317,1.8058394193649292,-1.7596341371536255,-1.5184992551803589,0.08400245755910873,0.010122831,-0.5204523,0.24101122,0.08651888,0.2438284,-0.10457212,0.2641743,0.9615882068281082,0.05000000074505806,0.024039705170702707,0.010980400256812572,0.005490200000000001,21.9608,False,0,0.316182118177637,0.03352589412591476,0.16971555870301053,0.34824549958378415,0.01263850474591105,0.16950702319253447,0.9758258717473457,0.004493891119373114,0.010453878613334827,0.21825299300898665,0.21651419,0.21151058,0.18445662,0.23901199421419614,4.2915999074466527e-05,0.00012393799261189997,0.0005313949950505048,0.0003068350051762536,0.00016799000150058419,0.0001032370055327192,0.0016252649948000908,0.01819917600369081,0.0198244409984909,50.44278424174095,0
347,6.9601037350075785,-0.36112958589662725,-1.800270219842428,1.8077085653888147,-1.7578379116454066,-1.5169890562640589,0.08359042555093765,0.30029362440109253,-0.9937295913696289,-0.8239606618881226,-0.3526389002799988,0.281168669462204,-0.18156836926937103,0.14217527210712433,-0.6501521468162537,-0.6013926863670349,-0.13892413675785065,0.16162438690662384,-0.1470969021320343,-0.16362411878781444,0.9727995062971688,0.2272533845014991,0.04705444967751749,-0.0427694288903618,-0.08791016989476175,-0.36192867,-1.8208286,1.8161689,-1.7576263,-1.5079496,0.079194464,-0.36192867,-1.8208286,1.8161689,-1.7576263,-1.5079496,0.079194464,-0.3611295819282532,-1.8002701997756958,1.8077086210250854,-1.7578378915786743,-1.5169891119003296,0.08359042555093765,-0.01997736,-0.5139578,0.21150821,0.005291155,0.22598867,-0.10989911,0.24525139,0.9679901723567569,0.05000000074505806,0.024199754308918922,0.010980400256812572,0.005490200000000001,21.9608,False,0,0.3154683427630641,0.034515759707324865,0.1697098845202218,0.3482239400386458,0.01262279135043442,0.16951451795117647,0.9758519605518796,0.004068701033869222,0.00997777821302615,0.21816701963937685,0.21651419,0.21151058,0.18445662,0.23901271898324697,4.2225001379847527e-05,0.00012051100202370435,0.000559157007955946,0.0002836680068867281,0.00016579100338276476,0.00010692600335460156,0.0016090860008262098,0.01817715099605266,0.01978623699687887,50.54018104391161,0
348,6.980082973008393,-0.36016589799989873,-1.8033291302123011,1.809671703969137,-1.7563115559019984,-1.5151856581317347,0.0830567255616188,0.02356123924255371,-0.9030002355575562,-1.0180855989456177,-0.521125316619873,0.14590191841125488,-0.1867857575416565,0.12912985682487488,-0.6427638530731201,-0.6173784136772156,-0.16789881885051727,0.14825564622879028,-0.14682011306285858,1.158154315956362,-2.660462841359222,-1.9131352097440633,-0.09063291721474367,-0.0852201256209834,-0.07671543558834937,-0.36064863,-1.8231906,1.818541,-1.7535707,-1.5064204,0.0788772,-0.36064863,-1.8231906,1.818541,-1.7535707,-1.5064204,0.0788772,-0.36016589403152466,-1.8033291101455688,1.8096717596054077,-1.7563115358352661,-1.5151857137680054,0.0830567255616188,-0.012068399,-0.49653518,0.22173308,0.06852078,0.21913318,-0.10448812,0.24438731,0.9733251436306307,0.05000000074505806,0.02433312859076577,0.010980400256812572,0.005490200000000001,21.9608,False,0,0.3148158359416788,0.03550921791748268,0.16974064713428438,0.34823953096063737,0.01263840196060101,0.16951345162506506,0.9758055396702477,0.0041672670876992035,0.010210971768245076,0.2183619619110819,0.21651419,0.21151058,0.18445662,0.2390083881862972,0.00013048198889009655,0.0001184619904961437,0.0005124890012666583,0.0004443669895408675,0.00031323499570135027,0.00015527500363532454,0.0020598550036083907,0.01765035900461953,0.019710214008227922,50.73511629972944,0
349,7.00035661199945,-0.35991222063173467,-1.8064738712706507,1.8109858671771448,-1.7557221851744593,-1.51381761232485,0.0824887603521347,-0.053335148841142654,-0.7331179976463318,-0.8621039986610413,-0.42572158575057983,0.17986449599266052,-0.18325863778591156,0.024363428354263306,-0.6390542984008789,-0.6173623204231262,-0.15981990098953247,0.14373140037059784,-0.14511944353580475,1.6649378741236909,-1.5190903980475157,-0.10493466497604215,-0.071286402603222,-0.09050055951846284,-0.06764390114862792,-0.35971564,-1.825915,1.8208598,-1.7506734,-1.5048547,0.07861561,-0.35971564,-1.825915,1.8208598,-1.7506734,-1.5048547,0.07861561,-0.3599122166633606,-1.8064738512039185,1.8109859228134155,-1.755722165107727,-1.5138176679611206,0.0824887603521347,0.0049143704,-0.486027,0.24684723,0.12621821,0.22407366,-0.09682863,0.24508855,0.9777709530255255,0.05000000074505806,0.02444427382563814,0.010980400256812572,0.005490200000000001,21.9608,False,0,0.3144750778976344,0.036060006135100964,0.1701259540908151,0.3482819841429024,0.012663578250983881,0.1695095011346199,0.9757622844853018,0.0039868388629860875,0.009950919142491325,0.21857048543944319,0.21651419,0.21151058,0.18445662,0.2390110891432394,5.477899685502052e-05,0.00011854700278490782,0.0005101230053696781,0.00024594299611635506,0.00015148099919315428,0.0001004029909381643,0.0015504430048167706,0.01853697298793122,0.020087415992747992,49.782411055808396,0
350,7.020124489004957,-0.36014014879335576,-1.8092581234373988,1.8121016661273401,-1.7555738888182582,-1.5125611464129847,0.08187786489725113,-0.01378170307725668,-0.8054698705673218,-0.7507815361022949,-0.34279701113700867,0.28030577301979065,-0.17675583064556122,-0.12146317213773727,-0.6350939273834229,-0.5970000624656677,-0.14282062649726868,0.14704927802085876,-0.14395204186439514,0.14032418074472985,1.1651194405780998,1.0385167301881038,0.03528142134552836,-0.043551320562265475,-0.07847548263683682,-0.36031768,-1.8284317,1.8213499,-1.751543,-1.5039992,0.078073576,-0.36031768,-1.8284317,1.8213499,-1.751543,-1.5039992,0.078073576,-0.3601401448249817,-1.8092581033706665,1.8121017217636108,-1.7555738687515259,-1.5125612020492554,0.08187786489725113,-0.004438617,-0.47934163,0.23120381,0.100771464,0.21405031,-0.09510723,0.23774128,0.981475794187938,0.05000000074505806,0.02453689485469845,0.010980400256812572,0.005490200000000001,21.9608,False,0,0.3142787536330321,0.03638321650788144,0.1705297672694945,0.3482504923839497,0.012635048302787898,0.16950803161446273,0.9758270721749492,0.004215340452993216,0.010136601161807535,0.21826808592477306,0.21651419,0.21151058,0.18445662,0.23901755889779477,0.00023691001115366817,0.00012737700308207422,0.000499877001857385,0.0003821139980573207,0.00015439400158356875,0.0001097229978768155,0.002409284992609173,0.017216174004715867,0.01962545899732504,50.9542222750714,0
351,7.0401377950038295,-0.36018497148622686,-1.8118287525572718,1.8135951201068323,-1.7550980053343714,-1.5111573378192347,0.08128394186496735,-0.05033836513757706,-1.0660419464111328,-0.9030007719993591,-0.4152028262615204,0.18426303565502167,-0.16900281608104706,-0.0756060928106308,-0.6348260045051575,-0.5814579725265503,-0.11679393798112869,0.15068212151527405,-0.14255042374134064,-0.22861484490047115,-0.47822569049679453,-0.756261972000921,-0.034182999308457654,-0.04982180455523846,-0.08174382936961559,-0.35694382,-1.8215646,1.8176509,-1.7339271,-1.5066273,0.08291077,-0.35694382,-1.8215646,1.8176509,-1.7339271,-1.5066273,0.08291077,-0.3601849675178528,-1.8118287324905396,1.813595175743103,-1.7550979852676392,-1.5111573934555054,0.08128394186496735,0.08102852,-0.24339634,0.101393566,0.52927196,0.11325241,0.040670596,-0.28031683,0.9845631618232816,0.04439366415143013,0.024614079045582042,0.025098050013184547,0.012549025,50.1961,False,0,0.31394733125679397,0.036849684826202767,0.17070507005230925,0.34824932180839674,0.012636125197276965,0.1695098182862609,0.9758689235006643,0.0041061243028814596,0.00988723422672658,0.2180945811096173,0.21651419,0.21151058,0.18445662,0.23901590595651687,3.722199471667409e-05,0.00010942800145130605,0.0005843330000061542,0.0003202310035703704,0.000286891998257488,0.0001412940036971122,0.0017957320087589324,0.01804964199254755,0.01984537400130648,50.38957693284929,0
352,7.060140435001813,-0.36020023027528936,-1.814615865746969,1.8148544470416468,-1.754695554772848,-1.5100162664996546,0.08074046671390533,-0.036051053553819656,-0.9318257570266724,-0.8979971408843994,-0.3947822153568268,0.22187094390392303,-0.18452289700508118,-0.012906577438116074,-0.6350953578948975,-0.5882440805435181,-0.1228908821940422,0.15044061839580536,-0.14249742031097412,0.1849606517090832,-0.0888653179555908,-0.49762546547658015,0.0054856290270878655,-0.06802986994276125,-0.08750471166657875,-0.36066693,-1.833602,1.8176723,-1.757426,-1.4974471,0.07610327,-0.36066693,-1.833602,1.8176723,-1.757426,-1.4974471,0.07610327,-0.3602002263069153,-1.8146158456802368,1.8148545026779175,-1.7546955347061157,-1.5100163221359253,0.08074046671390533,-0.011667749,-0.47465256,0.07044471,-0.068262674,0.31423086,-0.11592987,0.052572396,0.9871359681860681,0.045445112064480785,0.024678399204651702,0.025098050013184547,0.012549025,50.1961,False,0,0.3136523682693352,0.0372448361230725,0.17102503961159482,0.3482164606226871,0.012581908363289618,0.1694632653405487,0.9758867956129237,0.004568299080317548,0.01013915986630119,0.21799366062194267,0.21651419,0.21151058,0.18445662,0.23904582795589888,4.2687999666668475e-05,0.00012382600107230246,0.0005273019924061373,0.00040500800241716206,0.00019228400196880102,0.00010439500329084694,0.0017485730058979243,0.018075337997288443,0.019823911003186367,50.44413283732289,0
353,7.080130874004681,-0.3601287047015589,-1.8174134693541468,1.815951172505514,-1.754115720788473,-1.5087955633746546,0.08019443601369858,0.008049987256526947,-0.5743409395217896,-0.8006238341331482,-0.25935715436935425,0.14042091369628906,-0.14884676039218903,0.10295595973730087,-0.5042392611503601,-0.593201756477356,-0.06640595197677612,0.1388302594423294,-0.12634482979774475,0.5610822192018787,-0.7799743729066018,0.7856485840696825,-0.032338576956830865,-0.04532424937753075,-0.06943062230142251,-0.35519558,-1.8405554,1.8227144,-1.748014,-1.4948539,0.07518549,-0.35519558,-1.8405554,1.8227144,-1.748014,-1.4948539,0.07518549,-0.3601287007331848,-1.8174134492874146,1.8159512281417847,-1.7541157007217407,-1.5087956190109253,0.08019443601369858,0.12332809,-0.57854813,0.16908069,0.15254408,0.34854436,-0.1252236,0.08050098,0.98927997348839,0.04705513171851635,0.02473199933720975,0.025098050013184547,0.012549025,50.1961,False,0,0.3133571500516596,0.03768618139944533,0.1713805039610075,0.3482557998682819,0.012628495799326601,0.16949893611927064,0.9758713494182537,0.004057361957727481,0.009542402981093956,0.2180999173806344,0.21651419,0.21151058,0.18445662,0.2390265051974424,4.5187000068835914e-05,0.00013140100054442883,0.0006026009941706434,0.00029117999656591564,0.00017095200018957257,0.00010990200098603964,0.001718173996778205,0.01808152000012342,0.019799693996901624,50.505831057615644,0
354,7.100138007008354,-0.35996896425356084,-1.8194099865355433,1.8168838659869593,-1.7524754009642542,-1.507883373891012,0.08005787432193756,0.1846139132976532,-0.8234264850616455,-0.8384184837341309,-0.36466971039772034,0.2346062809228897,-0.1785241812467575,0.2166505753993988,-0.6673809289932251,-0.6538668274879456,-0.1590004861354828,0.1620103120803833,-0.10561015456914902,1.060716528603982,0.08286696267046474,0.29700165787866617,0.009266166444433949,-0.07799172362407185,-0.0688063951388938,-0.3552719,-1.842993,1.8236454,-1.7488456,-1.4933057,0.07485165,-0.3552719,-1.842993,1.8236454,-1.7488456,-1.4933057,0.07485165,-0.35996896028518677,-1.819409966468811,1.81688392162323,-1.752475380897522,-1.5078834295272827,0.08005787432193756,0.11742666,-0.58957654,0.16903663,0.090743974,0.36444286,-0.13015577,0.074840896,0.9910666445736583,0.04855194963514805,0.02477666611434146,0.025098050013184547,0.012549025,50.1961,False,0,0.312865789586423,0.03814959089539574,0.1714272411845576,0.3482713138847377,0.012655369673146503,0.16951599334676742,0.9757831105603595,0.0042012345495271155,0.010262505136434659,0.21845912626961594,0.21651419,0.21151058,0.18445662,0.2390116302327334,4.4347994844429195e-05,0.00013047999527771026,0.0005342239892343059,0.0004218139947624877,0.00019097799668088555,0.00010565300181042403,0.0017945779982255772,0.01801610700204037,0.01981068500026595,50.47781033248348,0
355,7.12012496200623,-0.35990888277162725,-1.8214160404601039,1.817737881337301,-1.7512661419310511,-1.5065882841693323,0.07973814010620117,0.3304312229156494,-1.1112430095672607,-1.0162473917007446,-0.4587584435939789,0.2909793555736542,-0.17583417892456055,0.2737746834754944,-0.7621948719024658,-0.6118314862251282,-0.1607973426580429,0.17792701721191406,-0.15592169761657715,0.5574232269656645,0.27524741457813406,-2.100589121213577,0.010305640368847277,-0.10418743630784458,-0.08038222998893109,-0.35489047,-1.8453084,1.8252131,-1.7445666,-1.492836,0.07445212,-0.35489047,-1.8453084,1.8252131,-1.7445666,-1.492836,0.07445212,-0.3599088788032532,-1.8214160203933716,1.8177379369735718,-1.7512661218643188,-1.506588339805603,0.07973814010620117,0.12546068,-0.5973094,0.1868797,0.16748852,0.3438079,-0.13215058,0.078177035,0.9925555371447153,0.05000000074505806,0.024813888428617883,0.025098050013184547,0.012549025,50.1961,False,0,0.31251238687490346,0.03862800373434536,0.17156304989944118,0.3482579016785319,0.012617284652464398,0.16953170223284683,0.9758267081959806,0.003983108120292067,0.010024662177007508,0.21827937032655045,0.21651419,0.21151058,0.18445662,0.23903494381545226,4.18639974668622e-05,0.0001208729954669252,0.0005463099951157346,0.0004227039898978546,0.00018977400031872094,0.00010383898916188627,0.0017592689982848242,0.018049481004709378,0.019808750002994202,50.48274120521711,0
356,7.140125029007322,-0.3594897429095667,-1.824228426019186,1.8181865851031702,-1.750871320764059,-1.504801098500387,0.07917670160531998,0.2859192490577698,-1.03311288356781,-0.8246946334838867,-0.30419930815696716,0.17977070808410645,-0.201695054769516,0.2672671377658844,-0.7312203645706177,-0.5971626043319702,-0.13807494938373566,0.17200234532356262,-0.15140941739082336,-1.52789348668319,-0.7365724520245165,-0.0633319210226872,-0.02229370268363967,-0.004177391210030049,-0.0761206204642542,-0.35463697,-1.8479773,1.8258687,-1.7441816,-1.49127,0.07377998,-0.35463697,-1.8479773,1.8258687,-1.7441816,-1.49127,0.07377998,-0.3594897389411926,-1.8242284059524536,1.818186640739441,-1.7508713006973267,-1.5048011541366577,0.07917670160531998,0.12131927,-0.5937212,0.19205135,0.16724291,0.3382796,-0.13491808,0.07217616,0.9937962809539294,0.05000000074505806,0.024844907023848235,0.025098050013184547,0.012549025,50.1961,False,0,0.31241681485610795,0.03924062440346126,0.1721715722251154,0.3482612885408786,0.012640372468917799,0.16951927265707428,0.9757154065284966,0.0042673299237714095,0.010598671342751432,0.21874384067085367,0.21651419,0.21151058,0.18445662,0.23901837681709157,4.275298852007836e-05,0.0001188340102089569,0.0005298190080793574,0.0003967509983340278,0.00019235399668104947,0.00010685699817258865,0.001730496995151043,0.018092509009875357,0.0198230060050264,50.44643581031232,0
357,7.160131912998622,-0.35893422762026006,-1.8275319538512171,1.8190625349627894,-1.7501517734923304,-1.503066364918844,0.07849379628896713,0.3284148573875427,-0.8415753245353699,-0.8027117252349854,-0.36341091990470886,0.31180229783058167,-0.1954754889011383,0.24639375507831573,-0.6723113059997559,-0.5840684771537781,-0.12176713347434998,0.1621033251285553,-0.1475180685520172,1.0636474734582184,1.3365316220373287,-0.021513116826364337,0.04432563625795227,-0.09741017477024484,-0.09740434831603884,-0.3547121,-1.8509195,1.8257896,-1.744804,-1.4902494,0.0730687,-0.3547121,-1.8509195,1.8257896,-1.744804,-1.4902494,0.0730687,-0.358934223651886,-1.8275319337844849,1.81906259059906,-1.7501517534255981,-1.5030664205551147,0.07849379628896713,0.105552815,-0.5846884,0.16817476,0.13369411,0.32042423,-0.13562737,0.061236795,0.9948302341282745,0.05000000074505806,0.024870755853206864,0.025098050013184547,0.012549025,50.1961,False,0,0.3121482705628724,0.03994514018900981,0.17272882226885558,0.34824093786461485,0.012659049685017706,0.16950869390713252,0.9758815899262917,0.00443669263999788,0.01070262699301254,0.21799275486410793,0.21651419,0.21151058,0.18445662,0.23899228104460224,3.714200283866376e-05,0.00010739000572357327,0.000489227008074522,0.0002759400085778907,0.00015367000014521182,9.686400881037116e-05,0.0014569990016752854,0.018394008991890587,0.019851007993565872,50.37527566983606,0
358,7.180125293001765,-0.3581002394305628,-1.830935617486471,1.8200205008136194,-1.7494117222227992,-1.5008934179889124,0.07773611694574356,0.12528544664382935,-0.7442921996116638,-0.8056562542915344,-0.34954896569252014,0.17595402896404266,-0.174115389585495,0.22827710211277008,-0.6391035318374634,-0.586632490158081,-0.1188325360417366,0.1572267860174179,-0.14591634273529053,1.2602156847466621,-1.1614935219788058,0.41328865589558184,-0.029895740606773538,-0.07995503638180092,-0.06978813369762374,-0.35470885,-1.8539634,1.826084,-1.7451198,-1.4890673,0.07228642,-0.35470885,-1.8539634,1.826084,-1.7451198,-1.4890673,0.07228642,-0.3581002354621887,-1.8309355974197388,1.8200205564498901,-1.749411702156067,-1.500893473625183,0.07773611694574356,0.08478483,-0.575693,0.15158723,0.10729825,0.29565278,-0.13624248,0.048867743,0.9956918617735622,0.05000000074505806,0.024892296544339054,0.025098050013184547,0.012549025,50.1961,False,0,0.3118790224883612,0.040842623948173264,0.17328917056386095,0.3482326128756354,0.012647921849536267,0.16950542131049687,0.9759200773863643,0.004560955410665333,0.010951238083828217,0.21780568205416131,0.21651419,0.21151058,0.18445662,0.23899715639850544,3.929399827029556e-05,0.00011516700033098459,0.0005390700098359957,0.00039381900569424033,0.00017543099238537252,0.0001805909996619448,0.0017716369911795482,0.018056310000247322,0.01982794699142687,50.43386490958323,0
359,7.200131304998649,-0.3574283758746546,-1.8340360126891078,1.8210776487933558,-1.7486401997008265,-1.4989469687091272,0.0770098939538002,0.16532251238822937,-0.8773000240325928,-0.8434399366378784,-0.3344413936138153,0.16001591086387634,-0.18694251775741577,0.21382473409175873,-0.6257710456848145,-0.5984330773353577,-0.12941670417785645,0.15425117313861847,-0.1454460769891739,-0.48459566674510535,-1.1351896440927611,-0.05226156112835845,-0.03684825191780079,-0.035059761837983684,-0.049785677368755096,-0.36562714,-1.8442166,1.8227751,-1.7287415,-1.4948704,0.07866266,-0.36562714,-1.8442166,1.8227751,-1.7287415,-1.4948704,0.07866266,-0.3574283719062805,-1.8340359926223755,1.8210777044296265,-1.7486401796340942,-1.498947024345398,0.0770098939538002,-0.20496908,-0.25451514,0.042435225,0.49746624,0.101913705,0.04131925,-0.34002164,0.9964098848113018,0.04319956794381142,0.024910247120282544,0.03921569883823395,0.01960785,78.4314,False,0,0.31157595791606074,0.04164657047952732,0.17372273814548855,0.3482803879126763,0.012717266678066635,0.16951944450766626,0.9758687157999023,0.0051952185360623696,0.012850431320164573,0.21791781855907816,0.21651419,0.21151058,0.18445662,0.23896492261085822,3.88409971492365e-05,0.00011466699652373791,0.0005115270032547414,0.00027934399258811027,0.0001537429925519973,9.903499449137598e-05,0.0015110940003069118,0.018329012993490323,0.019840106993797235,50.402953991762125,0
360,7.220075837001787,-0.35698014894594365,-1.8371621570982875,1.8222582975970667,-1.747735162774557,-1.4973424116717737,0.07624019682407379,0.30079320073127747,-1.0563490390777588,-0.9661566019058228,-0.4066332280635834,0.25511258840560913,-0.17807930707931519,0.2061096876859665,-0.6200633645057678,-0.605595052242279,-0.1365392953157425,0.15209919214248657,-0.14542852342128754,0.07444621339082638,0.8974161919507654,-1.0532355431139717,0.018995039050075883,-0.0658897696846859,-0.08353106213603337,-0.34972998,-1.8602408,1.8246171,-1.7468421,-1.4817141,0.07094711,-0.34972998,-1.8602408,1.8246171,-1.7468421,-1.4817141,0.07094711,-0.3569801449775696,-1.8371621370315552,1.8222583532333374,-1.7477351427078247,-1.4973424673080444,0.07624019682407379,0.18125418,-0.57696617,0.05896897,0.022325523,0.39070767,-0.13232721,-0.17315558,0.9970082373427515,0.03973645642399788,0.024925205933568787,0.03921569883823395,0.01960785,78.4314,False,0,0.31120130966403825,0.042324030602878586,0.17409723465530025,0.34829430983814647,0.01267280526534546,0.16951514508417168,0.9758482785528148,0.004204057484045386,0.010236444907268518,0.21816898158847692,0.21651419,0.21151058,0.18445662,0.23900985547030917,3.843600279651582e-05,0.00011526700109243393,0.0004847550007980317,0.00033813300251495093,0.00017178399139083922,0.0001012270076898858,0.001558510004542768,0.01822705299127847,0.019785562995821238,50.54190271013277,0
361,7.2401318330084905,-0.3564685026751917,-1.840478082696432,1.823000733052389,-1.7469917736449183,-1.495516602193014,0.07556740194559097,0.017599763348698616,-0.6455841064453125,-0.8545715808868408,-0.27263057231903076,0.14052855968475342,-0.1427946239709854,0.04189435765147209,-0.3975503146648407,-0.5915756225585938,-0.07478401809930801,0.12550140917301178,-0.12330179661512375,0.6343768666411268,-0.7369423195900525,0.22924816421309074,-0.018684766669087947,-0.06345650885734631,-0.07650975572490044,-0.34701347,-1.8643103,1.8287244,-1.738261,-1.4783189,0.07023472,-0.34701347,-1.8643103,1.8287244,-1.738261,-1.4783189,0.07023472,-0.3564684987068176,-1.8404780626296997,1.8230007886886597,-1.746991753578186,-1.4955166578292847,0.07556740194559097,0.2363753,-0.5958051,0.14309098,0.21826927,0.42994344,-0.13331695,-0.20123242,0.9975068644522929,0.03571180805563927,0.024937671611307322,0.03921569883823395,0.01960785,78.4314,False,0,0.31095644001336903,0.04302711428747448,0.17469694696080174,0.34826958194359525,0.012621813778081735,0.16949120290457464,0.9757651929860368,0.004753461705605297,0.011185040020964555,0.21848236950994784,0.21651419,0.21151058,0.18445662,0.23904014524258935,3.789500624407083e-05,0.00010991601448040456,0.0004977580101694912,0.0003354399959789589,0.0001724010071484372,9.380500705447048e-05,0.0015456410037586465,0.018352740997215733,0.01989838200097438,50.25534236658198,0
362,7.260075306010549,-0.3566039244281214,-1.8430539570250453,1.823416535054342,-1.7453633747496546,-1.4943583647357386,0.07521362602710724,-0.16837207973003387,-0.68125981092453,-0.8084009289741516,-0.4449266791343689,0.18072672188282013,-0.1623438447713852,-0.13645833730697632,-0.6744849681854248,-0.6403890252113342,-0.14613077044487,0.16547970473766327,-0.14232203364372253,1.3361307900565533,-1.1693547689190222,0.7990582642276863,-0.04755188990325022,-0.07897658985707343,-0.028358035815054222,-0.34738943,-1.8661988,1.8287861,-1.7394123,-1.4765728,0.07010604,-0.34738943,-1.8661988,1.8287861,-1.7394123,-1.4765728,0.07010604,-0.3566039204597473,-1.843053936958313,1.8234165906906128,-1.7453633546829224,-1.4943584203720093,0.07521362602710724,0.23036213,-0.5786199,0.13423996,0.14877667,0.44464314,-0.1276898,-0.2070779,0.9979223870435774,0.03157024994492531,0.024948059676089436,0.03921569883823395,0.01960785,78.4314,False,0,0.31058710881924284,0.04341703402585392,0.1750766732313966,0.34830135491805203,0.012781617722486966,0.16952473931802653,0.9759876303990492,0.004118716666524099,0.010164501274747271,0.21754979946450992,0.21651419,0.21151058,0.18445662,0.2389226256308599,4.3293010094203055e-05,0.00012594299914781004,0.0005267279921099544,0.00035450900031719357,0.00019180899835191667,0.00010637300147209316,0.0017085319996112958,0.018053837004117668,0.019762369003728963,50.601220927071545,0
363,7.280108398001175,-0.3564804236041468,-1.8453499279417933,1.8239920775042933,-1.7441302738585414,-1.492981259022848,0.07486104220151901,0.34800225496292114,-1.057029366493225,-0.9292433261871338,-0.4359317421913147,0.31083524227142334,-0.18121571838855743,0.3536394238471985,-0.7159526944160461,-0.5963572263717651,-0.14479191601276398,0.18998496234416962,-0.15552380681037903,0.5009870206242063,1.8265712396632565,-1.0615543660855524,0.05025390695119689,-0.09984596056513162,-0.09118059320966491,-0.3479203,-1.8689715,1.8289143,-1.7375431,-1.4767542,0.06954802,-0.3479203,-1.8689715,1.8289143,-1.7375431,-1.4767542,0.06954802,-0.3564804196357727,-1.845349907875061,1.823992133140564,-1.744130253791809,-1.4929813146591187,0.07486104220151901,0.2140034,-0.59053826,0.12305408,0.1646788,0.40567812,-0.13282567,-0.2092207,0.9982686558696477,0.027385835796594624,0.024956716396741196,0.03921569883823395,0.01960785,78.4314,False,0,0.31027755225616677,0.04391612341365353,0.17537853538498016,0.3482767004574992,0.012767911075476588,0.16950928874463375,0.9760226135398697,0.0043071029473745175,0.010331876371347996,0.217381006306642,0.21651419,0.21151058,0.18445662,0.23892139505981336,3.886400372721255e-05,0.0001394179998897016,0.0005741119966842234,0.00034839998988900334,0.00015337798686232418,9.714798943605274e-05,0.001681558002019301,0.018185364999226294,0.019866923001245596,50.334921011034425,0
364,7.300073627004167,-0.35569888750185186,-1.848203798333639,1.8243873755084437,-1.7432719669737757,-1.4908307234393519,0.07425194978713989,0.438040167093277,-1.0638680458068848,-0.7834782004356384,-0.337785542011261,0.2883223295211792,-0.19801485538482666,0.3064584732055664,-0.6751497387886047,-0.5934310555458069,-0.13157770037651062,0.18128709495067596,-0.1500736027956009,-1.5893789929207354,1.8496094510743424,0.29574173805514764,0.06252043108794078,-0.005582012210640955,-0.09081324655690687,-0.3478061,-1.8717606,1.8290204,-1.7375226,-1.4752034,0.068710834,-0.3478061,-1.8717606,1.8290204,-1.7375226,-1.4752034,0.068710834,-0.3556988835334778,-1.8482037782669067,1.8243874311447144,-1.7432719469070435,-1.4908307790756226,0.07425194978713989,0.19731934,-0.58892125,0.115824796,0.1437338,0.39068487,-0.13852793,-0.21375391,0.9859622640189902,0.02311075761914254,0.024649056600474756,0.03921569883823395,0.01960785,78.4314,False,0,0.3100980237608342,0.044754875460404936,0.17595747635296102,0.3482072451123231,0.012564591217419067,0.16946537003684575,0.9759225612775215,0.00479086283361147,0.0107503458654549,0.21779943668089574,0.21651419,0.21151058,0.18445662,0.23905503024589733,4.330900264903903e-05,0.0001158070081146434,0.00048426400462631136,0.00028903401107527316,0.00015240498760249466,9.443900489713997e-05,0.0014953550125937909,0.01831242599291727,0.01980778100551106,50.485210823048426,0
365,7.32013431400992,-0.3543136755572718,-1.851591249505514,1.8252151648150843,-1.7421499691405238,-1.4883506933795374,0.07354917377233505,0.19506622850894928,-0.8801073431968689,-0.9142968058586121,-0.4641665518283844,0.21189387142658234,-0.16359350085258484,0.2462935447692871,-0.6294670104980469,-0.5967620611190796,-0.1301441788673401,0.1663094311952591,-0.14677925407886505,0.801400965411428,-0.7167318185033461,-0.9620686450096694,-0.02086831776869521,-0.08159303011760202,-0.07468796881803835,-0.3470147,-1.8750292,1.8291109,-1.7373402,-1.4736032,0.06793267,-0.3470147,-1.8750292,1.8291109,-1.7373402,-1.4736032,0.06793267,-0.3543136715888977,-1.8515912294387817,1.825215220451355,-1.7421499490737915,-1.488350749015808,0.07354917377233505,0.18247414,-0.58594936,0.09739076,0.12024283,0.3686883,-0.14041246,-0.21978049,0.946402872169794,0.01871514782309533,0.023660071804244853,0.03921569883823395,0.01960785,78.4314,False,0,0.3097636639232256,0.04591005264501061,0.17650669895265836,0.34830094557629726,0.012659201743517826,0.1695137424230241,0.9758168693162751,0.004191232615879327,0.010509198770365089,0.21829669475156127,0.21651419,0.21151058,0.18445662,0.23902491891758962,3.7438992876559496e-05,0.00012019100540783256,0.00098894999246113,0.0003340019902680069,0.0001853849971666932,0.00024162900808732957,0.0025810389925027266,0.017319554011919536,0.019900593004422262,50.24975887792803,0
366,7.3401328540057875,-0.35296518007387334,-1.8551064930357875,1.8257830778705042,-1.7413917980589808,-1.4860461393939417,0.0728057324886322,0.09768688678741455,-0.6045200228691101,-0.8022131323814392,-0.43680086731910706,0.2244604080915451,-0.16139036417007446,0.21507331728935242,-0.6063662767410278,-0.6021907329559326,-0.13113047182559967,0.1584869772195816,-0.1462058275938034,1.9016086373396743,-0.4820714033612504,0.42737469121404825,-0.01572073502735114,-0.10275573780151799,-0.07391905655649875,-0.34599233,-1.8782861,1.829699,-1.736617,-1.4715823,0.06721369,-0.34599233,-1.8782861,1.829699,-1.736617,-1.4715823,0.06721369,-0.35296517610549927,-1.8551064729690552,1.825783133506775,-1.7413917779922485,-1.4860461950302124,0.0728057324886322,0.17432101,-0.5794919,0.0978985,0.11937163,0.36159655,-0.13980104,-0.22385976,0.8835887446707997,0.014237952679395684,0.022089718616769994,0.03921569883823395,0.01960785,78.4314,False,0,0.30953476886406783,0.046969534778552854,0.17722299907790498,0.34822536565664947,0.012643624655691106,0.1694607587885878,0.9759111514358076,0.004771493598222899,0.010589501204918333,0.21785900335947447,0.21651419,0.21151058,0.18445662,0.23899953612237526,3.9888996980153024e-05,0.00011788698611781001,0.0004993199981981888,0.000945663996390067,0.00017673200636636466,0.0001904769887914881,0.002306270005647093,0.01752643199870363,0.019832702004350722,50.421773078657104,0
367,7.360076023003785,-0.3518574873553675,-1.858246465722555,1.8264086882220667,-1.7405654392638148,-1.4837873617755335,0.07203591614961624,0.17274989187717438,-0.7792168259620667,-0.7761018872261047,-0.4075907766819,0.1743668168783188,-0.17209583520889282,0.21063445508480072,-0.6013660430908203,-0.6069125533103943,-0.13459976017475128,0.15707248449325562,-0.1460874229669571,0.5663185010580408,-0.9231966223588314,0.6197053239316569,-0.04589389808332406,-0.05992582255933111,-0.06691624985433922,-0.35388428,-1.8715262,1.8283302,-1.7221656,-1.474926,0.07170567,-0.35388428,-1.8715262,1.8283302,-1.7221656,-1.474926,0.07170567,-0.3518574833869934,-1.8582464456558228,1.8264087438583374,-1.7405654191970825,-1.4837874174118042,0.07203591614961624,-0.05066967,-0.3319948,0.048035465,0.45999604,0.22153446,-0.008256164,-0.42025307,0.7752098959938117,0.005832891315221795,0.019380247399845296,0.04882355034351349,0.024411775,97.6471,False,3,0.30929372377819825,0.04795022650677009,0.1778061893116109,0.34821771026510373,0.012647136606144773,0.1695059693738734,0.9759109682525657,0.004415403065364516,0.010592716519149475,0.2178671811202956,0.21651419,0.21151058,0.18445662,0.23898956256601375,4.049199924338609e-05,0.0001273179950658232,0.0005506979941856116,0.0003072359977522865,0.00020535300427582115,0.00017114600632339716,0.0017609269998501986,0.018022760006715544,0.019783687006565742,50.54669534895712,0
368,7.380101438000565,-0.35104543367494756,-1.8611895046629847,1.8272293249713343,-1.7397695980467738,-1.4818418661700647,0.07125382870435715,0.3784567713737488,-1.069349765777588,-0.9409224987030029,-0.45373162627220154,0.32115235924720764,-0.17712275683879852,0.21562109887599945,-0.5993908047676086,-0.605453610420227,-0.13367293775081635,0.15797396004199982,-0.1457093060016632,-0.1656557709144027,1.7238292472887558,-0.9757145054077719,0.05008566951876121,-0.07293862364556436,-0.09178548335961118,-0.3412946,-1.8834951,1.8292706,-1.7370913,-1.464711,0.06642419,-0.3412946,-1.8834951,1.8292706,-1.7370913,-1.464711,0.06642419,-0.3510454297065735,-1.8611894845962524,1.827229380607605,-1.7397695779800415,-1.4818419218063354,0.07125382870435715,0.24377076,-0.55763924,0.051031075,0.06695713,0.428273,-0.120740965,-0.3792415,0.6460082466615098,0.0,0.016150206166537746,0.04882355034351349,0.024411775,97.6471,False,3,0.3090127824163153,0.048779400023448466,0.17826551804083102,0.3482262435310195,0.012654295754808705,0.16951601765489366,0.9758965028108362,0.004329031058465164,0.010574455632992164,0.21793455553937288,0.21651419,0.21151058,0.18445662,0.23898767985058003,4.996500501874834e-05,0.0001687339972704649,0.0006574879953404889,0.00035590300103649497,0.00021048799681011587,0.00016622300609014928,0.002035939003690146,0.017797715991036966,0.019833654994727112,50.41935035503318,0
369,7.4000928809982724,-0.34994775453676397,-1.8644386730589808,1.8277290503131312,-1.7390052280821742,-1.4796045462237757,0.07051529735326767,0.06889671832323074,-0.7635695934295654,-0.8709366321563721,-0.38086435198783875,0.17132620513439178,-0.12711672484874725,0.09113926440477371,-0.42353230714797974,-0.5823823809623718,-0.07748176902532578,0.13956648111343384,-0.12917646765708923,0.3994182326126678,-1.0188742780705984,-0.1255619555052243,-0.02448501472554065,-0.062331550758752796,-0.07104136524960236,-0.33955625,-1.8864833,1.8317939,-1.7314355,-1.4617176,0.06575239,-0.33955625,-1.8864833,1.8317939,-1.7314355,-1.4617176,0.06575239,-0.3499477505683899,-1.8644386529922485,1.8277291059494019,-1.739005208015442,-1.4796046018600464,0.07051529735326767,0.2597877,-0.55111605,0.10161881,0.18924302,0.44717643,-0.119072765,-0.39886034,0.5383402055512582,0.0,0.013458505138781456,0.04882355034351349,0.024411775,97.6471,False,3,0.3087990369384757,0.04973949171546298,0.1789281460157983,0.3482120753700706,0.0126584034838745,0.16947847741326785,0.9758650650560386,0.004817875817971306,0.011070978813876411,0.2180402807026842,0.21651419,0.21151058,0.18445662,0.23897880358693013,5.799101199954748e-05,0.00013618599041365087,0.0005672650004271418,0.00031499100441578776,0.00019791300292126834,0.00011100800475105643,0.0017852540040621534,0.018005599995376542,0.019790853999438696,50.52839053981005,0
370,7.4200731980090495,-0.34936267534364873,-1.8673645458617152,1.8279064337359827,-1.7375155887999476,-1.4779914061175745,0.07010309398174286,0.06250788271427155,-0.6101881265640259,-0.7832701802253723,-0.41620343923568726,0.1873311847448349,-0.16296710073947906,0.28156664967536926,-0.6281048655509949,-0.622609555721283,-0.13676798343658447,0.1683129519224167,-0.14127641916275024,1.333775780440145,-1.6365203684853675,0.8425341789923194,-0.07698186248223989,-0.08308709414768865,-0.08331711733861438,-0.3390894,-1.8885975,1.8313751,-1.7325819,-1.4601865,0.06561396,-0.3390894,-1.8885975,1.8313751,-1.7325819,-1.4601865,0.06561396,-0.34936267137527466,-1.867364525794983,1.8279064893722534,-1.7375155687332153,-1.4779914617538452,0.07010309398174286,0.25683224,-0.5308234,0.08671617,0.12334376,0.44512478,-0.11222832,-0.4087244,0.4486168379593819,0.0,0.011215420948984547,0.04882355034351349,0.024411775,97.6471,False,3,0.3084850602459783,0.05042934762494794,0.17950402335280655,0.348619599119078,0.012329502163174147,0.16959277514291926,0.9766647824540692,0.004698266911962508,0.009798606611783342,0.21449435915451026,0.21651419,0.21151058,0.18445662,0.23946999283896758,4.411100235302001e-05,0.0001327780046267435,0.0006012920057401061,0.0003193709999322891,0.0001840699987951666,9.8028001957573e-05,0.001709888005279936,0.01809180800046306,0.019801696005742997,50.500724771755635,0
371,7.4400862980110105,-0.3488124052630823,-1.8698517284789027,1.8283522764789026,-1.7362948856749476,-1.476337734852926,0.06964430212974548,0.3518790602684021,-0.8767287135124207,-0.8442671895027161,-0.420291006565094,0.39139029383659363,-0.15893742442131042,0.31188467144966125,-0.6391519904136658,-0.5966971516609192,-0.1442268341779709,0.1848517656326294,-0.15057623386383057,1.5571285430283572,2.433085535843353,0.0925708568921162,0.06040887499555919,-0.12460294066311116,-0.11607593128690541,-0.33898842,-1.8915906,1.8314213,-1.7309065,-1.4592888,0.065021604,-0.33898842,-1.8915906,1.8314213,-1.7309065,-1.4592888,0.065021604,-0.34881240129470825,-1.8698517084121704,1.8283523321151733,-1.7362948656082153,-1.4763377904891968,0.06964430212974548,0.24559952,-0.5434727,0.07672188,0.13471034,0.42622432,-0.115567446,-0.40642464,0.37384736496615156,0.0,0.00934618412415379,0.04882355034351349,0.024411775,97.6471,False,3,0.308187659748977,0.05111261076795063,0.1799033216187826,0.34795333061379424,0.012446008773003368,0.16957641314557395,0.976581973443396,0.002993552273263254,0.010255062652144875,0.21488022118759675,0.21651419,0.21151058,0.18445662,0.23900705941699435,3.974301216658205e-05,0.00011037499643862247,0.0005730589909944683,0.00029696000274270773,0.00017144200683105737,9.679301001597196e-05,0.0016166279965545982,0.018229826004244387,0.019846454000798985,50.3868348451437,0
372,7.460090371998376,-0.3477109114276331,-1.8724881611266078,1.8288033644305628,-1.7353340588011683,-1.4737499395953577,0.0690733790397644,0.33292508125305176,-1.0441467761993408,-0.8478670120239258,-0.39504918456077576,0.21825239062309265,-0.151511549949646,0.2814103364944458,-0.6169047951698303,-0.6009114384651184,-0.1373673528432846,0.17696897685527802,-0.1469545066356659,-1.2271656552627548,0.6414007135370463,-0.12745423518169308,0.017386307463534523,-0.019134158111907502,-0.1017200981799557,-0.33847925,-1.8944088,1.8316525,-1.7304432,-1.4572291,0.064214885,-0.33847925,-1.8944088,1.8316525,-1.7304432,-1.4572291,0.064214885,-0.34771090745925903,-1.8724881410598755,1.8288034200668335,-1.735334038734436,-1.4737499952316284,0.0690733790397644,0.23079142,-0.5480169,0.0712282,0.122271076,0.41302007,-0.12146233,-0.40618894,0.31153947080512634,0.0,0.007788486770128159,0.04882355034351349,0.024411775,97.6471,False,3,0.3079784418623648,0.05215717132019376,0.1803958426046489,0.3476343154936639,0.012547447500861137,0.1695912701964592,0.9765247122042312,0.0026503310660841123,0.010168558018266204,0.21514880955391041,0.21651419,0.21151058,0.18445662,0.23874630199516297,3.5119010135531425e-05,0.00012190200504846871,0.0005368919955799356,0.0003030539955943823,0.00017690399545244873,9.009199857246131e-05,0.0015621849888702855,0.01828540700080339,0.019847591989673674,50.38394584694612,0
373,7.480090757002472,-0.34622413316835576,-1.8754955730833949,1.8294027487384241,-1.7343503437437953,-1.4713738600360315,0.06840378791093826,0.23729263246059418,-0.9655663967132568,-0.9549623131752014,-0.5020869970321655,0.20273274183273315,-0.1689680516719818,0.24120116233825684,-0.5924901366233826,-0.6039678454399109,-0.1348021924495697,0.1665584295988083,-0.1450866311788559,0.7033512424400088,-0.5189725796406155,-1.4905193878548584,-0.015269186498245654,-0.0819166194362529,-0.06257361245976133,-0.33728972,-1.897275,1.8320842,-1.7295557,-1.4551854,0.06349826,-0.33728972,-1.897275,1.8320842,-1.7295557,-1.4551854,0.06349826,-0.3462241291999817,-1.8754955530166626,1.8294028043746948,-1.734350323677063,-1.4713739156723022,0.06840378791093826,0.22336005,-0.5444868,0.06703486,0.119864605,0.4047127,-0.12263833,-0.40819627,0.2596162256709386,0.0,0.006490405641773466,0.04882355034351349,0.024411775,97.6471,False,3,0.3076865237297859,0.0532883675238935,0.18093021220829988,0.3476009920421968,0.012601733731826482,0.16953303612269283,0.9763375313944792,0.0027751667539028576,0.0097353383906209,0.21601516557359599,0.21651419,0.21151058,0.18445662,0.2386863943257784,3.794200893025845e-05,0.00011108699254691601,0.0005418770015239716,0.0009318770025856793,0.00018330100283492357,0.0010337510029785335,0.0031678390078013763,0.01666850599576719,0.019836345003568567,50.41251298160521,0
374,7.50018357000954,-0.3447688261615198,-1.878866811791891,1.8296435515033167,-1.7337924442686976,-1.469015900288717,0.06780014932155609,0.18204355239868164,-0.604216456413269,-0.7798751592636108,-0.40700680017471313,0.24465683102607727,-0.1687808632850647,0.21935512125492096,-0.5801567435264587,-0.6048610806465149,-0.13226118683815002,0.1625664085149765,-0.1452915221452713,2.3782078487056992,0.5552186335478312,1.0238642448314081,0.011203033827772792,-0.1136840829723046,-0.08288148259077358,-0.3559433,-1.8859278,1.8150891,-1.7441971,-1.4720763,0.06449147,-0.3559433,-1.8859278,1.8150891,-1.7441971,-1.4720763,0.06449147,-0.34476882219314575,-1.8788667917251587,1.8296436071395874,-1.7337924242019653,-1.4690159559249878,0.06780014932155609,-0.27936146,-0.17652376,-0.36386314,-0.26011875,-0.07650942,-0.08271693,-0.23371072,0.2163468547257822,0.0,0.005408671368144555,0.0443136990070343,0.02215685,88.6274,False,0,0.30753466467923357,0.054353806948400335,0.1817424688424917,0.3470283581550684,0.0132318828802238,0.16950773410574843,0.9764286504051827,0.0029760058222720806,0.010639809677986327,0.21555742025319913,0.21651419,0.21151058,0.18445662,0.23784840063949356,5.1431998144835234e-05,0.0001285559992538765,0.0005715639999834821,0.0002759329945547506,0.0001695529936114326,0.00010861200280487537,0.00163657299708575,0.018289862011442892,0.019926435008528642,50.18459145210839,0
375,7.520134129008511,-0.34338647523988897,-1.8818732700743617,1.8299711386310022,-1.733129163781637,-1.4665826002704065,0.06712641566991806,0.1358424723148346,-0.6845667958259583,-0.7548347115516663,-0.38575100898742676,0.16186775267124176,-0.18388962745666504,0.21801269054412842,-0.5725431442260742,-0.6029252409934998,-0.1307162344455719,0.1623404622077942,-0.14546731114387512,1.041372025856974,-0.6311360357666944,0.9909008582513873,-0.03274690824990313,-0.06608797762701195,-0.07039787707097864,-0.33714998,-1.9037399,1.8300682,-1.7331038,-1.4531898,0.06192782,-0.33714998,-1.9037399,1.8300682,-1.7331038,-1.4531898,0.06192782,-0.3433864712715149,-1.8818732500076294,1.829971194267273,-1.7331291437149048,-1.4665826559066772,0.06712641566991806,0.15591255,-0.5466679,0.0024272152,0.00063395116,0.3348191,-0.12996483,-0.35511646,0.18028904560481848,0.0,0.004507226140120463,0.0443136990070343,0.02215685,88.6274,False,0,0.3073603485359437,0.055423819222038734,0.182413630201888,0.34658445042714464,0.013684578830641371,0.1695110656113639,0.9762610342394409,0.003557201374906904,0.010412101259614294,0.21631763350223468,0.21651419,0.21151058,0.18445662,0.23722725739474337,3.836399991996586e-05,0.00011661900498438627,0.0004859469918301329,0.00029016099870204926,0.00015306900604628026,9.478599531576037e-05,0.0014903800038155168,0.018313679000129923,0.01980405900394544,50.494699081676956,0
376,7.540131230009138,-0.34241038957704717,-1.8843795261778773,1.830503288899557,-1.7323633633055628,-1.4644845167743128,0.06645935028791428,0.051206786185503006,-0.8234720230102539,-1.3708889484405518,-0.6150648593902588,0.09647376835346222,-0.17313744127750397,-0.050206366926431656,-0.3587972819805145,-1.0218814611434937,-0.1928185075521469,0.09684000164270401,-0.1400023102760315,1.4290769628438704,-0.9449898654868644,-1.7058083673842563,-0.031935754980969455,-0.10645237276758102,-0.06852441286666688,-0.33591446,-1.9055444,1.83282,-1.7297308,-1.4502482,0.06142914,-0.33591446,-1.9055444,1.83282,-1.7297308,-1.4502482,0.06142914,-0.3424103856086731,-1.884379506111145,1.8305033445358276,-1.7323633432388306,-1.4644845724105835,0.06645935028791428,0.16239837,-0.52912104,0.057918385,0.06581109,0.35590833,-0.1257553,-0.34888417,0.15024087133734876,0.0,0.003756021783433719,0.0443136990070343,0.02215685,88.6274,False,0,0.3071352474525017,0.056310005866745276,0.18285685766193682,0.34623630247517134,0.013889016742929184,0.16952603961066826,0.9765570552596896,0.002816059828532194,0.010124856102023575,0.2150020558726538,0.21651419,0.21151058,0.18445662,0.23686501139654936,3.830798959825188e-05,0.00012321800750214607,0.0005280839977785945,0.00036503600131254643,0.00018114100384991616,9.323799167759717e-05,0.0017535700026201084,0.018078662003972568,0.019832232006592676,50.42296800821903,0
377,7.5601401120075025,-0.3424719015704554,-1.8864809475340785,1.8299129644977015,-1.7327681980528773,-1.463496510182516,0.06587258726358414,-0.12630125880241394,-0.9166268110275269,-1.5604188442230225,-0.7992389798164368,0.1174592524766922,-0.14965951442718506,-0.18736839294433594,-0.6227495074272156,-1.097853660583496,-0.4156450629234314,0.1467607170343399,-0.14445067942142487,0.9432127401152505,-1.7986854865868713,-1.3865028119724325,-0.06822822774851359,-0.10544448453697199,-0.06198574866326558,-0.33556396,-1.9066694,1.8335611,-1.7280388,-1.4479386,0.061048597,-0.33556396,-1.9066694,1.8335611,-1.7280388,-1.4479386,0.061048597,-0.3424718976020813,-1.8864809274673462,1.8299130201339722,-1.732768177986145,-1.4634965658187866,0.06587258726358414,0.17269854,-0.50471216,0.09120113,0.11823352,0.38894933,-0.12059972,-0.35449725,0.1252007261144573,0.0,0.0031300181528614327,0.0443136990070343,0.02215685,88.6274,False,0,0.30734240976470983,0.0564658242479884,0.18370800578310345,0.34586965328459696,0.014082980421768,0.16951003967025202,0.9768988543852157,0.003764903448768777,0.011354015426463063,0.2133670552383586,0.21651419,0.21151058,0.18445662,0.23650347963424306,3.717200888786465e-05,0.00010973800090141594,0.0005061910051153973,0.0003389040066394955,0.00017211800150107592,9.847799083217978e-05,0.0015670039865653962,0.0182844110095175,0.019851414996082895,50.37424285358607,0
378,7.580083335007657,-0.3424294630633753,-1.8891030750670375,1.8289454619037073,-1.7335363827147425,-1.462592903767721,0.06524617969989777,0.2936551570892334,-0.6917701363563538,-1.2752293348312378,-0.49894633889198303,0.25572091341018677,-0.15993380546569824,0.3096509575843811,-0.6389104723930359,-1.0274966955184937,-0.37006574869155884,0.18724985420703888,-0.1469992995262146,0.08541292188388527,1.9574785599754423,2.373562836556826,0.04773101516571511,-0.03852574279739077,-0.08327167703525716,-0.33613065,-1.9090472,1.8317778,-1.7302911,-1.4481578,0.060453,-0.33613065,-1.9090472,1.8317778,-1.7302911,-1.4481578,0.060453,-0.3424294590950012,-1.8891030550003052,1.828945517539978,-1.7335363626480103,-1.4625929594039917,0.06524617969989777,0.15747009,-0.49860615,0.07080829,0.08113036,0.3608792,-0.11982949,-0.36514097,0.10433393842871443,0.0,0.002608348460717861,0.0443136990070343,0.02215685,88.6274,False,0,0.3076618905852543,0.056590305868092036,0.1848790311537553,0.3459366899490551,0.014151066353165856,0.16949685467814407,0.9768432011243483,0.0040342381102845175,0.01145040711801762,0.21361183069077258,0.21651419,0.21151058,0.18445662,0.23648416090148477,3.9534992538392544e-05,0.00011336900934111327,0.0005473280034493655,0.00035776699951384217,0.0001720650034258142,0.00011011298920493573,0.001652496008318849,0.01813130899972748,0.01978380500804633,50.54639386070006,0
379,7.600125393000781,-0.34187585512270147,-1.891656061212057,1.8289125601397913,-1.7332755527892054,-1.4608829657184046,0.06461149454116821,0.3772146999835968,-0.8270866870880127,-0.9788933396339417,-0.39782392978668213,0.29976290464401245,-0.17860931158065796,0.2892265319824219,-0.5871169567108154,-0.618770956993103,-0.10084071010351181,0.18240198493003845,-0.14471352100372314,-0.05044735764905264,1.6954337314312697,0.8933197426668663,0.06605823804945471,-0.046880455616567125,-0.09174427424930723,-0.33635482,-1.911256,1.8297861,-1.733232,-1.4478319,0.059882782,-0.33635482,-1.911256,1.8297861,-1.733232,-1.4478319,0.059882782,-0.3418758511543274,-1.8916560411453247,1.828912615776062,-1.7332755327224731,-1.4608830213546753,0.06461149454116821,0.138026,-0.4899979,0.02183642,0.0010875718,0.3262802,-0.11821785,-0.3752019,0.08694494869059537,0.0,0.002173623717264884,0.0443136990070343,0.02215685,88.6274,False,0,0.3076307907599118,0.05718838720577579,0.18558937669161532,0.345879257131338,0.014173682841928933,0.16943855380969627,0.9768412340243019,0.004323673294382298,0.011668283886201,0.21360320682256864,0.21651419,0.21151058,0.18445662,0.2364375531586625,3.887200728058815e-05,0.00011926300066988915,0.0005098139954498038,0.00028226700669620186,0.00014992599608376622,9.5955008873716e-05,0.001534151000669226,0.018340277994866483,0.01987442899553571,50.31591097407754,0
380,7.620126213005278,-0.34083253542055303,-1.8943811855711878,1.8294480482684534,-1.7325831852354945,-1.4586456457721155,0.06390843540430069,0.15346360206604004,-0.8823853731155396,-1.031948208808899,-0.5689387321472168,0.11230279505252838,-0.1686183214187622,0.24213847517967224,-0.5608985424041748,-0.5845290422439575,-0.12171933054924011,0.16898052394390106,-0.14371421933174133,1.6935148707270005,-2.3069402570476836,-1.5483892234309236,-0.0729763324700147,-0.11215190063820306,-0.055084066203184026,-0.3359057,-1.9139509,1.8299059,-1.7327272,-1.446441,0.059094477,-0.3359057,-1.9139509,1.8299059,-1.7327272,-1.446441,0.059094477,-0.34083253145217896,-1.8943811655044556,1.8294481039047241,-1.7325831651687622,-1.4586457014083862,0.06390843540430069,0.12317055,-0.48924476,0.011444388,-0.003600466,0.305116,-0.12034893,-0.37777042,0.07245412390882947,0.0,0.0018113530977207368,0.0443136990070343,0.02215685,88.6274,False,0,0.3074106953741338,0.05812565137663259,0.1861036237200116,0.3458154977460499,0.014179251992996463,0.16948784060545669,0.9767933594071723,0.004056298452317913,0.011358830892605386,0.21384396641843995,0.21651419,0.21151058,0.18445662,0.23639489887000087,3.82129946956411e-05,0.00011626599007286131,0.0004919149941997603,0.0003304860001662746,0.00017126399325206876,9.589000546839088e-05,0.0015577669983031228,0.01827865099767223,0.019836417995975353,50.412327477818415,0
381,7.640078459007782,-0.340036694203512,-1.8973447285094203,1.829615894948141,-1.732403417626852,-1.4568746725665491,0.06324969232082367,0.2855604588985443,-0.7561609148979187,-0.8618351221084595,-0.4111863076686859,0.3096659183502197,-0.17983578145503998,0.2130402773618698,-0.5481945872306824,-0.6154429912567139,-0.14560125768184662,0.157589852809906,-0.1433766931295395,0.9606485603428927,1.173150335010118,0.5744411134142718,0.030152333938121688,-0.08838394409667973,-0.09652881536386813,-0.33518523,-1.9163831,1.8302861,-1.7321151,-1.4446732,0.058519945,-0.33518523,-1.9163831,1.8302861,-1.7321151,-1.4446732,0.058519945,-0.34003669023513794,-1.897344708442688,1.8296159505844116,-1.7324033975601196,-1.4568747282028198,0.06324969232082367,0.121286586,-0.47596157,0.016755031,0.0072076074,0.30503976,-0.11824369,-0.38137987,0.06037843659069123,0.0,0.0015094609147672808,0.0443136990070343,0.02215685,88.6274,False,0,0.30733030103265585,0.05882497612461962,0.186867643645538,0.34579273754809237,0.014212730774002359,0.16952082105212812,0.9767003648416654,0.0034531996221445903,0.0104035704770596,0.2143274888827342,0.21651419,0.21151058,0.18445662,0.23635241676922794,3.7097997847013175e-05,0.00011430100130382925,0.0006218799971975386,0.0006040539883542806,0.00020390500139910728,0.00010269100312143564,0.002045386005192995,0.01774132800346706,0.019786714008660056,50.5389626373702,0
382,7.660079239998595,-0.3392093817340296,-1.9001347027220667,1.82983905473818,-1.7321249447264613,-1.4548404852496546,0.06256347894668579,0.22030538320541382,-0.7145962119102478,-0.8332602977752686,-0.46870142221450806,0.23534473776817322,-0.1746339350938797,0.20794042944908142,-0.5441733598709106,-0.6181327700614929,-0.1763225644826889,0.15485160052776337,-0.1438259780406952,1.6069245888686825,-0.14471466543620162,0.23379236973173567,-0.008901660133681825,-0.11919605986465658,-0.05534067353718063,-0.3572066,-1.8929417,1.8089248,-1.7498492,-1.4720114,0.061297033,-0.3572066,-1.8929417,1.8089248,-1.7498492,-1.4720114,0.061297033,-0.3392093777656555,-1.9001346826553345,1.8298391103744507,-1.732124924659729,-1.4548405408859253,0.06256347894668579,-0.44993055,0.17982377,-0.5228589,-0.4431056,-0.4292732,-0.031661175,-0.26681712,0.05031536382557603,0.0,0.0012578840956394008,0.0394117496907711,0.019705874999999998,78.8235,False,0,0.3072400902888701,0.059602017395402704,0.18755899553170816,0.3458562816380999,0.014357303572612768,0.1695445984953666,0.9765305192746581,0.003869331435736116,0.009695253129712787,0.21512605593856082,0.21651419,0.21151058,0.18445662,0.23626502516775783,3.8668993511237204e-05,0.00010993299656547606,0.0005046430014772341,0.00033388299925718457,0.00017215299885720015,9.370899351779372e-05,0.001559020995046012,0.01821883299271576,0.019777853987761773,50.561602923086824,0
383,7.680133073008619,-0.3384302298175257,-1.9027329883971156,1.8300512472735804,-1.7319985828795375,-1.453061882649557,0.06189297139644623,0.19503410160541534,-0.8157222270965576,-0.9333210587501526,-0.5177047252655029,0.2552838921546936,-0.18893270194530487,0.21203063428401947,-0.5396249294281006,-0.7113009691238403,-0.24748706817626953,0.15646669268608093,-0.14380957186222076,1.2196591739857254,-0.2622711420702409,-0.5562932763174206,-0.007893514322426236,-0.10658037626177842,-0.07397150054303259,-0.33920154,-1.9168397,1.8229146,-1.7408323,-1.4480083,0.05807442,-0.33920154,-1.9168397,1.8229146,-1.7408323,-1.4480083,0.05807442,-0.3384302258491516,-1.9027329683303833,1.830051302909851,-1.7319985628128052,-1.4530619382858276,0.06189297139644623,-0.019282602,-0.35266766,-0.17841752,-0.22084448,0.1263395,-0.0954638,-0.3476646,0.04192946985464669,0.0,0.0010482367463661674,0.0394117496907711,0.019705874999999998,78.8235,False,0,0.3071699959581331,0.06029378993651868,0.18821652088616767,0.34585946833229064,0.014370540668154297,0.16952279554024743,0.9765216502403514,0.0043057429274817064,0.009454475374125321,0.21516859418220619,0.21651419,0.21151058,0.18445662,0.2362571012778107,0.00011842900130432099,0.00011783800437115133,0.0005021179968025535,0.0003109230019617826,0.0001574689958943054,9.957500151358545e-05,0.0016322659939760342,0.018256028008181602,0.019888294002157636,50.2808335341137,0
384,7.700127086005523,-0.3379405180560511,-1.9051429233946742,1.829968277608053,-1.7321635685362757,-1.4514973799334925,0.061309974640607834,-0.3134738504886627,-0.54095458984375,-1.3905967473983765,-0.7346964478492737,0.06896880269050598,-0.17412713170051575,-0.24607278406620026,-0.15451526641845703,-1.1830240488052368,-0.4642591178417206,0.0594467855989933,-0.13296295702457428,1.8437280999214931,-2.149181802486071,-0.39227820389070045,-0.07462271116315158,-0.1122079934187624,-0.06486040083807995,-0.33845854,-1.9205762,1.8275175,-1.7364448,-1.4448233,0.05701001,-0.33845854,-1.9205762,1.8275175,-1.7364448,-1.4448233,0.05701001,-0.337940514087677,-1.905142903327942,1.8299683332443237,-1.7321635484695435,-1.4514974355697632,0.061309974640607834,-0.012950895,-0.3858326,-0.061270464,-0.107030645,0.166853,-0.10749911,-0.33266127,0.034941224878872246,0.0,0.0008735306219718062,0.0394117496907711,0.019705874999999998,78.8235,False,0,0.3072174925394872,0.060807633281600305,0.18896084279526082,0.3457861781316814,0.014485890543363378,0.16959491698357756,0.9766903605069963,0.0029522270428259363,0.006929809349203167,0.21452091212723456,0.21651419,0.21151058,0.18445662,0.236116174886484,4.061800427734852e-05,0.00011700300092343241,0.0004854040016653016,0.00038406399835366756,0.00017006898997351527,9.884701285045594e-05,0.0016105339891510084,0.018222330007120036,0.019832863996271044,50.42136124101991,0
385,7.720072454001638,-0.33871490160097295,-1.906170507470602,1.82896596590151,-1.7330776653685511,-1.4518678824054163,0.060886140912771225,-0.3055749237537384,-0.6624737977981567,-1.6662087440490723,-0.9361361861228943,-0.07202281057834625,-0.1916567087173462,-0.22231581807136536,-0.5558924674987793,-1.1350584030151367,-0.4371340870857239,-0.14756669104099274,-0.1398656666278839,2.8230561082618655,-1.4832160117041528,-1.6236105151886058,-0.05091941488170794,-0.16334240205777484,-0.04801282261052265,-0.3387741,-1.9198298,1.8276783,-1.7361696,-1.4432895,0.05697672,-0.3387741,-1.9198298,1.8276783,-1.7361696,-1.4432895,0.05697672,-0.3387148976325989,-1.9061704874038696,1.8289660215377808,-1.7330776453018188,-1.451867938041687,0.060886140912771225,-0.0014801534,-0.34148416,-0.03219365,-0.07729772,0.2144591,-0.09773546,-0.33874607,0.029117687399060205,0.0,0.0007279421849765051,0.0394117496907711,0.019705874999999998,78.8235,False,0,0.30756421345762486,0.06037162286405515,0.18970510253576206,0.34586216374544854,0.014496724092833566,0.16956258545583425,0.9766764331476682,0.00307187297302431,0.006525358996818683,0.21459536509843882,0.21651419,0.21151058,0.18445662,0.23615078372173753,3.876800474245101e-05,0.00011488000745885074,0.000518184999236837,0.0002893049968406558,0.0001562959951115772,9.508601215202361e-05,0.0015238869964377955,0.018262044002767652,0.019785930999205448,50.54096266888616,0
386,7.740132606006227,-0.3396652380572718,-1.90724577526235,1.8272607962237757,-1.734955450097555,-1.4523289839373987,0.06044290214776993,-0.06304272264242172,-0.8024964928627014,-1.3763993978500366,-0.6092967391014099,0.2794089913368225,-0.20011962950229645,-0.14536045491695404,-0.6477934718132019,-1.043338656425476,-0.3828154504299164,0.05725407227873802,-0.14734335243701935,0.5006264311374935,2.286589178481386,1.0296778831957796,0.06043901472876359,-0.09106628159293434,-0.09425172933414498,-0.33981943,-1.9206555,1.8262266,-1.7373682,-1.4447299,0.05667832,-0.33981943,-1.9206555,1.8262266,-1.7373682,-1.4447299,0.05667832,-0.3396652340888977,-1.9072457551956177,1.8272608518600464,-1.7349554300308228,-1.4523290395736694,0.06044290214776993,-0.0038548438,-0.33524302,-0.025855314,-0.060319107,0.18997815,-0.09411452,-0.3457733,0.02426473949921684,0.0,0.000606618487480421,0.0394117496907711,0.019705874999999998,78.8235,False,0,0.30822697544018607,0.05975017644535847,0.19084227798339462,0.3459029780621712,0.014410447130314655,0.1696073819678312,0.9765863623958058,0.0023416535977066047,0.005637341229766422,0.21503914012589173,0.21651419,0.21151058,0.18445662,0.2362422980350006,3.959500463679433e-05,0.00011103499855380505,0.0005449380114441738,0.0003670430014608428,0.0001736450067255646,9.438800043426454e-05,0.0016362739988835528,0.018270147003931925,0.019906421002815478,50.23504726733974,0
387,7.760070680000354,-0.34016400972475225,-1.9086281261839808,1.8261879126178187,-1.7360836468138636,-1.4516728560077112,0.05993280187249184,0.003056161105632782,-0.9244406223297119,-1.3176723718643188,-0.5838547945022583,0.2982078194618225,-0.1952156275510788,-0.1558200567960739,-0.5893998146057129,-1.0278905630111694,-0.37187501788139343,0.18011221289634705,-0.14511136710643768,-1.8458782833261171,1.6988290572464497,1.2808267092233097,0.05575417907831297,0.02038353907429004,-0.10125713209973403,-0.34093928,-1.9213209,1.8230513,-1.7415615,-1.4456081,0.05626073,-0.34093928,-1.9213209,1.8230513,-1.7415615,-1.4456081,0.05626073,-0.3401640057563782,-1.9086281061172485,1.8261879682540894,-1.7360836267471313,-1.451672911643982,0.05993280187249184,-0.019381769,-0.31731874,-0.07841448,-0.13694666,0.15162008,-0.09180176,-0.35887727,0.020220616249347366,0.0,0.0005055154062336842,0.0394117496907711,0.019705874999999998,78.8235,False,0,0.30866686863001264,0.059615175690360095,0.1917695744703431,0.3458081572970751,0.014441667901163555,0.16955514049638043,0.9765919806823827,0.004297885570476447,0.00984922160814908,0.2148316717287273,0.21651419,0.21151058,0.18445662,0.23616761598997718,3.9093996747396886e-05,0.00011169900244567543,0.0005289399996399879,0.00031333100923802704,0.0001699980057310313,9.621400386095047e-05,0.001563343990710564,0.018214757001260296,0.01977810099197086,50.56097147071709,0
388,7.780568166010198,-0.3400676886187952,-1.91056551555776,1.826144043599264,-1.7362076244749964,-1.450650993977682,0.059389322996139526,-0.06562095880508423,-0.842832088470459,-1.6220738887786865,-0.8856821060180664,0.17733630537986755,-0.1911078691482544,-0.009597388096153736,-0.536226212978363,-1.0483970642089844,-0.3835354745388031,0.1641283929347992,-0.14274974167346954,1.8865377739007494,-1.7191418875390487,-1.7474992490450205,-0.05175661605363036,-0.13332181597785578,-0.0662632838185743,-0.3413587,-1.9228265,1.8220501,-1.7421883,-1.4456942,0.055731006,-0.3413587,-1.9228265,1.8220501,-1.7421883,-1.4456942,0.055731006,-0.34006768465042114,-1.9105654954910278,1.8261440992355347,-1.7362076044082642,-1.4506510496139526,0.059389322996139526,-0.03227484,-0.30652517,-0.10234955,-0.14951855,0.12392167,-0.09145793,-0.3632889,0.016850513541122804,0.0,0.00042126283852807016,0.0394117496907711,0.019705874999999998,78.8235,False,0,0.30869357938282094,0.05988864202374426,0.1923556147916097,0.34580411456384536,0.014453147975894629,0.16962765865021995,0.9765966415690964,0.0037444052212068824,0.009576262631870405,0.2148331779497383,0.21651419,0.21151058,0.18445662,0.2361512584351196,3.636399924289435e-05,0.00013193799532018602,0.0005127290060045198,0.0003768540045712143,0.00017618700803723186,9.907000639941543e-05,0.0016247829917119816,0.018728606009972282,0.020353389001684263,49.131866929740745,0
389,7.800071826000931,-0.3400519529925745,-1.9128157101073207,1.8257721106158655,-1.7369705639281214,-1.4497664610492151,0.05884690210223198,-0.09730949997901917,-0.4800567626953125,-1.4155044555664062,-0.688232421875,0.3088981509208679,-0.20926637947559357,-0.02045760303735733,-0.510091245174408,-1.040401577949524,-0.408104807138443,0.15014630556106567,-0.14208172261714935,2.6755166104284456,1.0180240661007205,0.9096961324197561,0.042318743031809825,-0.12483707062542994,-0.0957559930681992,-0.34163684,-1.9244857,1.822208,-1.7421175,-1.4451932,0.055249225,-0.34163684,-1.9244857,1.822208,-1.7421175,-1.4451932,0.055249225,-0.34005194902420044,-1.9128156900405884,1.8257721662521362,-1.7369705438613892,-1.4497665166854858,0.05884690210223198,-0.039622217,-0.29175076,-0.08910209,-0.12867597,0.1143329,-0.08994188,-0.36829364,0.014042094617602339,0.0,0.0003510523654400585,0.0394117496907711,0.019705874999999998,78.8235,False,0,0.3088847555014187,0.06004642143093853,0.19322877958632298,0.3457517977884255,0.014426005490917514,0.16963701610897763,0.9765819798635154,0.0036981662143652947,0.009851239359164272,0.21488819784542015,0.21651419,0.21151058,0.18445662,0.23614468465679384,7.977700443007052e-05,0.00013475700689014047,0.0004665220039896667,0.00026281600003130734,0.00014875399938318878,0.0001270440116059035,0.00154781699529849,0.017813141996157356,0.019360958991455846,51.650334079076785,0
390,7.820075192008517,-0.3400796095477503,-1.9145308933653773,1.825372044240133,-1.7375666103758753,-1.4486048857318323,0.058335207402706146,-0.24900293350219727,-0.6582322716712952,-1.4337812662124634,-0.7430334687232971,0.15629708766937256,-0.19516943395137787,-0.10738980770111084,-0.504595935344696,-1.094991683959961,-0.4140615463256836,0.14479276537895203,-0.14224183559417725,1.2673812230834944,-1.321134634955823,0.6046962535191964,-0.04282610597880726,-0.07596514862135866,-0.07741439725463792,-0.3546036,-1.8840969,1.807125,-1.7482151,-1.4827977,0.0631203,-0.3546036,-1.8840969,1.807125,-1.7482151,-1.4827977,0.0631203,-0.3400796055793762,-1.914530873298645,1.8253720998764038,-1.737566590309143,-1.448604941368103,0.058335207402706146,-0.36309922,0.7608499,-0.45617688,-0.26621175,-0.85482067,0.11962723,-0.32581684,0.011701745514668616,0.0,0.00029254363786671543,0.025294100865721703,0.012647050000000002,50.5882,False,0,0.30908940424631315,0.06025610064083347,0.19395202053943547,0.3457025835536318,0.014485211716382358,0.16959978441243787,0.9765106006549241,0.004142178297457734,0.010421888254230354,0.2151773602196898,0.21651419,0.21151058,0.18445662,0.23607067796451872,4.067500412929803e-05,0.00012926199997309595,0.000513087012222968,0.0002727370010688901,0.00015049900684971362,9.598401084076613e-05,0.0015306319983210415,0.01831921401026193,0.019849846008582972,50.37822457502215,0
391,7.840125634000287,-0.3403590361224573,-1.9159718952574671,1.8252280394183558,-1.738084455529684,-1.447895352040426,0.05784430354833603,-0.14684884250164032,-0.9551267027854919,-1.6435396671295166,-0.8467606902122498,0.24993573129177094,-0.20894905924797058,-0.18056121468544006,-0.5065337419509888,-1.0866857767105103,-0.4064807891845703,0.14482291042804718,-0.14240269362926483,0.5947235826506778,0.30003380229876553,-1.3265032503625769,0.007779135220241585,-0.10660684850100256,-0.07595017016040082,-0.35605764,-1.9036887,1.806285,-1.7580535,-1.4645563,0.058137175,-0.35605764,-1.9036887,1.806285,-1.7580535,-1.4645563,0.058137175,-0.34035903215408325,-1.9159718751907349,1.8252280950546265,-1.7380844354629517,-1.4478954076766968,0.05784430354833603,-0.39246532,0.30708122,-0.47357726,-0.4992283,-0.41652328,0.0073217642,-0.34897813,0.00975145459555718,0.0,0.00024378636488892952,0.025294100865721703,0.012647050000000002,50.5882,False,0,0.3092257233722533,0.060304580011859336,0.19448737645281758,0.34579426113462525,0.014514698623184785,0.1697078678686513,0.9764810573064319,0.004322223893082346,0.008925588456968015,0.21537499882209962,0.21651419,0.21151058,0.18445662,0.2360894796841461,0.00012072900426574051,0.00011151599755976349,0.0004777629947056994,0.0003908119979314506,0.00017332800780422986,9.608799882698804e-05,0.0016854370041983202,0.018207579996669665,0.019893017000867985,50.26889586211922,0
392,7.86013417301001,-0.3406894842730921,-1.917368074456686,1.8245466391192835,-1.7389031849303187,-1.447486702595846,0.05738556385040283,-0.3481431007385254,-0.2758731544017792,-1.5746134519577026,-0.8600891828536987,-0.22481149435043335,-0.17699816823005676,-0.4749828577041626,0.11816699802875519,-1.0845928192138672,-0.40016499161720276,-0.2505468428134918,-0.11651363968849182,2.340739989415027,-1.8433721374800673,-0.16879573066136777,-0.054267895191013035,-0.12151716159137337,-0.06508172199492038,-0.3561672,-1.9073524,1.8115777,-1.7553853,-1.4626778,0.0569026,-0.3561672,-1.9073524,1.8115777,-1.7553853,-1.4626778,0.0569026,-0.340689480304718,-1.9173680543899536,1.8245466947555542,-1.7389031648635864,-1.4474867582321167,0.05738556385040283,-0.38694277,0.25038916,-0.32422435,-0.4120536,-0.37977597,-0.012074176,-0.3089042,0.008126212162964316,0.0,0.00020315530407410794,0.025294100865721703,0.012647050000000002,50.5882,False,0,0.30949709577816836,0.06021528999543331,0.19523595214216485,0.3457474499495955,0.014459716393730867,0.1696544037032663,0.9765368505541738,0.0046419103191198624,0.009446311326866137,0.21509309052413444,0.21651419,0.21151058,0.18445662,0.23611308008698056,3.9256992749869823e-05,0.0001109489967348054,0.0004822170012630522,0.0003220819926355034,0.00017196500266436487,9.978600428439677e-05,0.0015345099964179099,0.01831719600886572,0.01985170600528363,50.37350440983989,0
393,7.8800831850094255,-0.3416231314288538,-1.9163881740965785,1.8227551619159144,-1.7401887379088343,-1.449305836354391,0.05744795873761177,-0.6121349930763245,0.06631823629140854,-1.4814527034759521,-0.8388895392417908,-0.30848774313926697,0.09059653431177139,-0.3727855980396271,0.09094298630952835,-1.170993685722351,-0.4557383358478546,-0.20900827646255493,0.1504896879196167,3.600152719754543,-3.6268395075587128,0.745257585196216,-0.13206982136683373,-0.1295200781449594,-0.03355974460053029,-0.35596004,-1.9040189,1.8110392,-1.7573086,-1.462121,0.05769882,-0.35596004,-1.9040189,1.8110392,-1.7573086,-1.462121,0.05769882,-0.34162312746047974,-1.9163881540298462,1.822755217552185,-1.740188717842102,-1.4493058919906616,0.05744795873761177,-0.35842267,0.3092304,-0.29289904,-0.42799824,-0.32037696,0.006271547,-0.32468542,0.006771843469136931,0.0,0.00016929608672842328,0.025294100865721703,0.012647050000000002,50.5882,False,0,0.3100254829269941,0.059303927865348764,0.1957379454824398,0.3457534205278331,0.014480606138486299,0.16967547661932292,0.9765007492047536,0.004606534250017866,0.008988474000314106,0.21527725162468436,0.21651419,0.21151058,0.18445662,0.23609759457196536,3.836899122688919e-05,0.00011437600187491626,0.0005325660022208467,0.0003499220038065687,0.00017723800556268543,9.756899089552462e-05,0.001624062002520077,0.01816592100658454,0.019789983009104617,50.530614378998614,0
394,7.900090274997638,-0.34361058870424444,-1.9142409763731898,1.8205574194537562,-1.7422152958311976,-1.4524176756488245,0.057608604431152344,-0.28183454275131226,-0.2283790409564972,-1.5242116451263428,-0.8357486724853516,-0.1089635044336319,0.07435326278209686,-0.3101138472557068,-0.10129591822624207,-1.1018705368041992,-0.43692120909690857,-0.13770557940006256,0.10482271015644073,2.4432283704445084,-0.021069026662546782,-0.584410727793675,0.014339052736928749,-0.17139735871693004,-0.042289902925708715,-0.35656866,-1.9003143,1.8097236,-1.7579099,-1.4641814,0.05861225,-0.35656866,-1.9003143,1.8097236,-1.7579099,-1.4641814,0.05861225,-0.34361058473587036,-1.9142409563064575,1.8205574750900269,-1.7422152757644653,-1.4524177312850952,0.057608604431152344,-0.32395172,0.34816638,-0.27084702,-0.39236572,-0.29409268,0.025091087,-0.32223678,0.005643202890947443,0.0,0.00014108007227368608,0.025294100865721703,0.012647050000000002,50.5882,False,0,0.3107820959137097,0.057680723543973765,0.1961384325832574,0.3456776744026077,0.014484148870693526,0.1695649497896192,0.9765426434165136,0.004713369711570244,0.010563470690003251,0.2150132534017077,0.21651419,0.21151058,0.18445662,0.23606012954848085,0.00017019500955939293,0.00012647399853449315,0.0005311679997248575,0.00038786098593845963,0.00017558899708092213,0.00010251899948343635,0.0018397009989712387,0.017971658991882578,0.019811359990853816,50.47609050876182,0
395,7.9201266650052276,-0.34599239030946904,-1.9119540653624476,1.818322483693258,-1.7448183498778285,-1.4548586050616663,0.05764101818203926,-0.0665452629327774,-0.5589872598648071,-1.4638988971710205,-0.6434546113014221,-0.06456416845321655,0.0800793319940567,-0.2388800084590912,-0.13177987933158875,-1.072644591331482,-0.41403961181640625,-0.12356279045343399,0.022671367973089218,-1.6286174357537393,0.8259371056286614,0.4329759621401254,0.03344953053459545,-0.016320819295842295,-0.04159692686426784,-0.35846,-1.8972049,1.8070112,-1.7606475,-1.4665134,0.058915116,-0.35846,-1.8972049,1.8070112,-1.7606475,-1.4665134,0.058915116,-0.34599238634109497,-1.9119540452957153,1.8183225393295288,-1.7448183298110962,-1.454858660697937,0.05764101818203926,-0.31169087,0.36873052,-0.28278235,-0.39572924,-0.29136723,0.03185242,-0.3284076,0.004702669075789536,0.0,0.0001175667268947384,0.025294100865721703,0.012647050000000002,50.5882,False,0,0.3117274206911135,0.05603765114285008,0.19661681278021004,0.34578740595834007,0.014419757584274282,0.16957896687854007,0.976634122967033,0.004195702974757921,0.010168197977814666,0.214627129987745,0.21651419,0.21151058,0.18445662,0.2361730379679229,0.00010408399975858629,0.00015001300198491663,0.000634841009741649,0.0003395370004000142,0.00017455399211030453,9.950199455488473e-05,0.0018643149960553274,0.018005984005867504,0.01987029900192283,50.32636901453928,0
396,7.940130418006447,-0.34800798097719365,-1.91017546276235,1.8167279402362269,-1.7468286953368128,-1.4570277372943323,0.05767235904932022,-0.1461195945739746,-0.4867647886276245,-1.665573000907898,-0.8732918500900269,-0.047740187495946884,0.108207568526268,-0.2136816829442978,-0.08669339120388031,-1.0652421712875366,-0.4030909538269043,-0.1262683868408203,0.02822159044444561,0.8570580500769265,0.8660556168908219,-1.346173265408145,0.030130013981968677,-0.10544497819244869,-0.051239874353007905,-0.36066598,-1.8950487,1.8052158,-1.76249,-1.469113,0.05894617,-0.36066598,-1.8950487,1.8052158,-1.76249,-1.469113,0.05894617,-0.3480079770088196,-1.9101754426956177,1.8167279958724976,-1.7468286752700806,-1.457027792930603,0.05767235904932022,-0.31644967,0.37816888,-0.28780496,-0.3915349,-0.3021289,0.0318453,-0.3330279,0.00391889089649128,0.0,9.797227241228201e-05,0.025294100865721703,0.012647050000000002,50.5882,False,0,0.31241932860909516,0.05465535498799566,0.19692969665032303,0.3457904092508974,0.014295857452006741,0.1695344566496293,0.9767383816943743,0.00407611418082392,0.011270609542227668,0.214099386613193,0.21651419,0.21151058,0.18445662,0.23628089484569367,3.64620063919574e-05,0.00011043599806725979,0.000782781993621029,0.00029709399677813053,0.00016500300262123346,0.0001044710079440847,0.001804840998374857,0.018017766997218132,0.01982260799559299,50.44744870212449,0
397,7.960090542008402,-0.3497584501849573,-1.9088012180724085,1.8148978392230433,-1.7492453060545863,-1.4587081114398401,0.05783500894904137,-0.34850889444351196,-0.02457619458436966,-1.480982780456543,-0.7769516110420227,-0.09224654734134674,0.1376604437828064,-0.25254708528518677,-0.033237289637327194,-1.0881625413894653,-0.41195476055145264,-0.1431446224451065,0.07477780431509018,3.5206547739004046,0.13683019344657268,0.6334556477039988,0.039432786494255974,-0.17318230789574415,-0.022916854572402653,-0.36228842,-1.8934655,1.8052669,-1.7632526,-1.4707661,0.05907558,-0.36228842,-1.8934655,1.8052669,-1.7632526,-1.4707661,0.05907558,-0.34975844621658325,-1.9088011980056763,1.814897894859314,-1.749245285987854,-1.4587081670761108,0.05783500894904137,-0.31324893,0.3833915,-0.24077648,-0.3501831,-0.30144748,0.031014284,-0.33506727,0.0032657424137427335,0.0,8.164356034356834e-05,0.025294100865721703,0.012647050000000002,50.5882,False,0,0.3132302543863802,0.05342584375091288,0.19751069728093987,0.3457787884159303,0.014337882863739038,0.16945012265793272,0.9769229533052429,0.0048552088540058345,0.012181644294043866,0.21318905807547522,0.21651419,0.21151058,0.18445662,0.23624480209655044,3.9735998143441975e-05,0.00011152699880767614,0.0004981859965482727,0.0002926170127466321,0.0001495440083090216,0.00010745601321104914,0.0015095530106918886,0.018280689997482114,0.019790243008174002,50.52995052091923,0
398,7.980096835002769,-0.3515728155719202,-1.9068194828429164,1.8129594961749476,-1.7517739735045375,-1.4603026548968714,0.05795598030090332,-0.44737672805786133,-0.024919524788856506,-1.34181547164917,-0.6501443982124329,-0.22064551711082458,0.14069773256778717,-0.22907963395118713,-0.07626821100711823,-1.0892165899276733,-0.4086073935031891,-0.14237087965011597,0.10778537392616272,1.9509862623061218,-2.426437506635948,1.624446974638428,-0.06421695332185598,-0.09151633233008646,0.03359500833614705,-0.3521122,-1.8745929,1.8043524,-1.751514,-1.4831322,0.063843414,-0.3521122,-1.8745929,1.8043524,-1.751514,-1.4831322,0.063843414,-0.35157281160354614,-1.906819462776184,1.8129595518112183,-1.7517739534378052,-1.460302710533142,0.05795598030090332,-0.013484955,0.8056636,-0.21517855,0.0064986916,-0.5707374,0.14718576,-0.28968966,0.002721452011452278,0.0,6.803630028630695e-05,0.010980400256812572,0.005490200000000001,21.9608,False,0,0.3141129959134866,0.05216871780627923,0.19798262713168077,0.3457978283857961,0.014320860398117112,0.16937908892025247,0.9768969053681192,0.00495599399337304,0.012212356334238932,0.21330438355449383,0.21651419,0.21151058,0.18445662,0.2362739496215758,9.560199396219105e-05,0.0001176249934360385,0.0004935709876008332,0.00043038900184910744,0.00017535299411974847,9.791900811251253e-05,0.001732264005113393,0.018101093999575824,0.019833358004689217,50.4201053479481,0
399,8.000094247006928,-0.353706185017721,-1.9041148624815882,1.811673943196432,-1.7538405857481898,-1.4623449484454554,0.0581355094909668,-0.12438171356916428,-0.5467550158500671,-1.5604579448699951,-0.7314271330833435,-0.05414613336324692,0.13791176676750183,-0.22523099184036255,-0.09757199883460999,-1.076210856437683,-0.3998982310295105,-0.13915708661079407,0.11875534057617188,0.12123967269951608,1.1080388243364452,-0.5853541705210549,0.05206639331717944,-0.0777663644805522,0.003362806265931634,-0.37070242,-1.8786559,1.7990571,-1.7735914,-1.48392,0.061471317,-0.37070242,-1.8786559,1.7990571,-1.7735914,-1.48392,0.061471317,-0.3537061810493469,-1.904114842414856,1.8116739988327026,-1.7538405656814575,-1.462345004081726,0.0581355094909668,-0.4249058,0.6364724,-0.31542242,-0.49376988,-0.5393729,0.08339517,-0.37603113,0.0022678766762102317,0.0,5.6696916905255796e-05,0.010980400256812572,0.005490200000000001,21.9608,False,0,0.31480446478007107,0.05077079657973548,0.19794259582798376,0.34590798209069046,0.014220886844597713,0.16947323247813692,0.9769480913138476,0.004149294308220021,0.011913924210382171,0.21310381654016236,0.21651419,0.21151058,0.18445662,0.23641167698834514,3.9982012822292745e-05,0.00012067699572071433,0.0005000499950256199,0.0002758269984042272,0.00015048800560180098,0.00010304199531674385,0.0015201060014078394,0.018304448007256724,0.019824554008664563,50.44249669187704,0
