step,time,q0,q1,q2,q3,q4,q5,current0,current1,current2,current3,current4,current5,ctrl_output0,ctrl_output1,ctrl_output2,ctrl_output3,ctrl_output4,ctrl_output5,tcp_force0,tcp_force1,tcp_force2,tcp_force3,tcp_force4,tcp_force5,ctrl_pre_alpha0,ctrl_pre_alpha1,ctrl_pre_alpha2,ctrl_pre_alpha3,ctrl_pre_alpha4,ctrl_pre_alpha5,ctrl0,ctrl1,ctrl2,ctrl3,ctrl4,ctrl5,obs_q0,obs_q1,obs_q2,obs_q3,obs_q4,obs_q5,action0,action1,action2,action3,action4,action5,action6,gripper_norm,gripper_ctrl,finger_pos_est,gripper_obs,gripper_fb_pos,gripper_fb_pct,grasped,obj_flag,tcp_x,tcp_y,tcp_z,box_x,box_y,box_z,box_qw,box_qx,box_qy,box_qz,target_x,target_y,target_z,box_to_target_dist,recv_time_s,mocap_time_s,obs_time_s,policy_time_s,ctrl_time_s,send_time_s,compute_time_s,sleep_time_s,loop_dt_true_s,loop_hz_true,overrun_count
0,0.020108737007831223,0.03470209985971451,-1.0899705451777955,1.0824163595782679,-1.6278192005553187,-1.401327912007467,0.12338685989379883,0.12341633439064026,-1.635473608970642,-1.147081732749939,-0.5727367997169495,0.15811912715435028,0.0595177486538887,-6.943966837167894e-17,-2.057154893875122,-1.6446335315704346,-0.8943501114845276,0.25865212082862854,-0.010820514522492886,-1.708775142523703,-0.6424305188998388,-0.16140805800445246,-0.09648956175228472,0.21008634510924995,0.05788093007717748,0.009238234,-1.0663136,1.0996913,-1.6271077,-1.4190506,0.12163299,0.009238234,-1.0663136,1.0996913,-1.6271077,-1.4190506,0.12163299,0.03470209985971451,-1.089970588684082,1.0824164152145386,-1.6278191804885864,-1.4013279676437378,0.12338685989379883,-0.6365967,0.59142375,0.43187094,0.017786296,-0.44306663,-0.04384669,-0.49310154,0.0,0.0,0.0,0.0,,,False,0,0.41906911221390636,0.18564877104639682,0.14165864792564595,0.4204810802600298,0.11044844946571218,0.03343863509523377,0.06344412659009308,0.004270750067577344,-0.0018190487165257174,0.9979745955855475,-0.03961651,0.25913167,0.20314422,0.5124416837816808,3.368500620126724e-05,0.00010609099990688264,0.0004483759985305369,0.00033882200659718364,0.0002904959983425215,0.00010759399447124451,0.001663110000663437,0.01844461700238753,0.020107727003050968,49.73212535898607,0
1,0.040098184006637894,0.034184593707323074,-1.0896833699992676,1.0826104323016565,-1.6279250584044398,-1.4016812483416956,0.12337134033441544,-0.638748288154602,-0.7194746136665344,-0.3408818542957306,-0.2795197367668152,-0.22318768501281738,0.030684666708111763,-1.0017385482788086,-0.9038295149803162,-0.8883898854255676,-0.6544802188873291,-0.2885344624519348,-0.019448857754468918,-1.6091445708152974,-4.531578079574359,3.7149087088828647,-0.2614884250359735,0.24388823006898014,0.06166043235004079,0.0077904686,-1.0656652,1.093626,-1.6335205,-1.4171808,0.12112082,0.0077904686,-1.0656652,1.093626,-1.6335205,-1.4171808,0.12112082,0.034184593707323074,-1.0896834135055542,1.0826104879379272,-1.6279250383377075,-1.4016813039779663,0.12337134033441544,-0.65985316,0.60045505,0.2753891,-0.1398865,-0.38748774,-0.0562631,-0.43533918,0.0,0.0,0.0,0.0,,,False,0,0.41914598685853044,0.18534857657209056,0.14147238924850142,0.42052532425228767,0.11040910469307393,0.033441912348887416,0.06383619792360418,0.005345686517633159,-0.0022233215976568237,0.9979435873675101,-0.03961651,0.25913167,0.20314422,0.5124917398166086,2.389299334026873e-05,7.180900138337165e-05,0.0002663620107341558,0.00018877499678637832,8.229000377468765e-05,6.623599620070308e-05,0.0008936500089475885,0.018984697002451867,0.019878347011399455,50.30599372405256,0
2,0.06010451199836098,0.0322544239461422,-1.0878465336612244,1.0842459837542933,-1.6277276478209437,-1.4033148924456995,0.12326355278491974,-0.7680336236953735,-0.6630154252052307,-0.5879569053649902,-0.38250625133514404,-0.1825120449066162,-0.08846600353717804,-0.7555387020111084,-1.1838313341140747,-1.0442311763763428,-0.6771582961082458,-0.1869470179080963,-0.11875483393669128,0.3533737812238937,-1.9231371547347362,1.6232037768522014,-0.16247993119470996,0.17571221150215927,0.059014387756070805,0.0060283616,-1.0632355,1.0956237,-1.6322771,-1.4174184,0.12107349,0.0060283616,-1.0632355,1.0956237,-1.6322771,-1.4174184,0.12107349,0.0322544239461422,-1.0878465175628662,1.084246039390564,-1.6277276277542114,-1.4033149480819702,0.12326355278491974,-0.65565157,0.61527556,0.28444153,-0.11373712,-0.35258672,-0.0547515,-0.44483873,0.0,0.0,0.0,0.0,,,False,0,0.4190819823727372,0.18414348212116927,0.14009716722135165,0.4204966130743443,0.1104732333428982,0.03344416827355136,0.06392742347654834,0.004239493802127746,-0.0015872465490855726,0.9979442809844332,-0.03961651,0.25913167,0.20314422,0.5124466074315469,2.9139002435840666e-05,8.360198989976197e-05,0.0003965740033891052,0.00014592299703508615,0.00010170300083700567,0.00013600300007965416,0.0011816659971373156,0.018663219001609832,0.019844884998747148,50.39081859447068,0
3,0.0800710580078885,0.029317673295736313,-1.0848127466491242,1.0862386862384241,-1.627542635003561,-1.4050119558917444,0.12299644947052002,-0.5282253623008728,-1.1742725372314453,-0.8817285895347595,-0.7381851077079773,-0.19870400428771973,-0.08449167758226395,-0.5082828402519226,-1.5498684644699097,-1.3518633842468262,-1.00741446018219,0.008845211006700993,-0.14398325979709625,0.5423720650568283,-2.168650480760676,-0.8112542360483235,-0.1505927749803436,0.09424775552492828,0.028466786380872446,0.0029999558,-1.0602256,1.0974108,-1.6323981,-1.4192108,0.12085183,0.0029999558,-1.0602256,1.0974108,-1.6323981,-1.4192108,0.12085183,0.029317673295736313,-1.0848127603530884,1.0862387418746948,-1.6275426149368286,-1.4050120115280151,0.12299644947052002,-0.65794295,0.614678,0.27930278,-0.12138856,-0.3549703,-0.05361558,-0.44721332,0.0,0.0,0.0,0.0,,,False,0,0.4190992956037815,0.1824995975709776,0.13810484362778186,0.4202439564156214,0.11040955279909163,0.03356337226961513,0.06388064327031157,0.004086040865408566,-0.002219950549708749,0.997946716966557,-0.03961651,0.25913167,0.20314422,0.5121987716995411,6.781300180591643e-05,5.886699364054948e-05,0.00018712799646891654,0.00018523000471759588,6.874700193293393e-05,5.5333992349915206e-05,0.000902279993169941,0.0189217530132737,0.019824033006443642,50.4438223884594,0
4,0.10025954799493775,0.025543199852108955,-1.081543580894806,1.0876949469195765,-1.628585001031393,-1.4071443716632288,0.12273299694061279,-0.2053099423646927,-1.3006772994995117,-0.7193582057952881,-0.4695470929145813,-0.1059398502111435,-0.12356599420309067,-0.3201504349708557,-1.6833711862564087,-1.4091366529464722,-1.060825228691101,0.10021580755710602,-0.15264375507831573,-4.515439458417642,-0.6631925806731718,0.8501107203724361,-0.1024018955521504,0.29690011352004203,-0.049852044103907964,-0.0007503722,-1.0568099,1.0989058,-1.6335839,-1.4212981,0.12064595,-0.0007503722,-1.0568099,1.0989058,-1.6335839,-1.4212981,0.12064595,0.025543199852108955,-1.0815435647964478,1.0876950025558472,-1.6285849809646606,-1.4071444272994995,0.12273299694061279,-0.65733933,0.6183419,0.280271,-0.12497214,-0.35384354,-0.052176267,-0.4512015,0.0,0.0,0.0,0.0,,,False,0,0.41965726020792543,0.18041413456592392,0.1362855059524369,0.4202468498148715,0.1105879959804427,0.03355119229200384,0.06343953021096937,0.0035969117998362137,-0.0020629196833589526,0.9979770992396155,-0.03961651,0.25913167,0.20314422,0.5121536184930531,6.79969962220639e-05,6.562100315932184e-05,0.00031993900483939797,0.00020673900144174695,9.781199332792312e-05,9.437999688088894e-05,0.0010682439897209406,0.01903994999884162,0.02010819398856256,49.730970397878345,0
5,0.12011843800428323,0.02176816016435623,-1.078115240936615,1.0896385351764124,-1.628976961175436,-1.409461800252096,0.12243745476007462,-0.08515791594982147,-1.3028122186660767,-0.876589298248291,-0.6356593370437622,-0.0587087906897068,-0.15624727308750153,-0.2575962245464325,-1.7243863344192505,-1.4024726152420044,-1.0280718803405762,0.11820977926254272,-0.15531077980995178,-1.6895554749679098,0.6961234478452186,-0.7694953481599626,-0.03581751815666037,0.172879125158008,-0.07286617207855131,-0.0045171175,-1.0532182,1.1006863,-1.6343361,-1.423539,0.12041528,-0.0045171175,-1.0532182,1.1006863,-1.6343361,-1.423539,0.12041528,0.02176816016435623,-1.0781152248382568,1.089638590812683,-1.6289769411087036,-1.4094618558883667,0.12243745476007462,-0.65713197,0.62242454,0.27619395,-0.13398063,-0.35192972,-0.050554506,-0.4548781,0.0,0.0,0.0,0.0,,,False,0,0.419933301718739,0.17827740999923297,0.13418079846639056,0.42038320874247753,0.11069014658491338,0.033611275392852476,0.06323761555550172,0.0035681596512226466,-0.002931044679100627,0.9979878175217313,-0.03961651,0.25913167,0.20314422,0.5122265587811772,4.1516992496326566e-05,5.578200216405094e-05,0.00019684700237121433,0.0001796750002540648,7.146599818952382e-05,6.276500062085688e-05,0.0008461680117761716,0.018920258997241035,0.019766427009017207,50.59083260438581,0
6,0.14007246699475218,0.018256857991218567,-1.0748400551131745,1.0912640730487269,-1.6292463741698207,-1.4115999380694788,0.12209007143974304,-0.39793211221694946,-1.0997143983840942,-0.8437782526016235,-0.6995556950569153,-0.0847616046667099,-0.09918598085641861,-0.2537234127521515,-1.7283459901809692,-1.3935284614562988,-1.0182944536209106,0.11054173111915588,-0.15488791465759277,0.07038814184757602,-0.7412468442267188,-0.1919885465778478,-0.039208502815480724,0.10568524123882815,-0.0018893857648985737,-0.008028492,-1.0498177,1.1022503,-1.6348076,-1.4256213,0.12012873,-0.008028492,-1.0498177,1.1022503,-1.6348076,-1.4256213,0.12012873,0.018256857991218567,-1.0748400688171387,1.0912641286849976,-1.6292463541030884,-1.4115999937057495,0.12209007143974304,-0.65713376,0.6255603,0.27465504,-0.13903214,-0.3505328,-0.04903359,-0.4582971,0.0,0.0,0.0,0.0,,,False,0,0.42019024116216547,0.17629446548350286,0.13223821944006234,0.42020155105726337,0.11060813383595758,0.033560579501790866,0.0634048974415633,0.0035199084204064735,-0.0021789220992933823,0.9979792758904786,-0.03961651,0.25913167,0.20314422,0.5121039955815608,1.833999704103917e-05,5.839299410581589e-05,0.000281624001218006,0.000173300999449566,6.30430004093796e-05,5.1184993935748935e-05,0.0008193019893951714,0.018984884998644702,0.019804186988039874,50.49437276086714,0
7,0.1600737660046434,0.014766143634915352,-1.0714784425548096,1.0926998297320765,-1.630137105981344,-1.413410488759176,0.12179884314537048,-0.4393772482872009,-1.1274263858795166,-0.7035452723503113,-0.5911498665809631,-0.1968488097190857,-0.12832646071910858,-0.26026061177253723,-1.7206575870513916,-1.3797155618667603,-1.0067811012268066,0.09970852732658386,-0.15430553257465363,-1.2163173569744676,-1.6569621644892254,1.032400417704402,-0.11690085714063872,0.1743977933577692,-0.01921282290577976,-0.011518326,-1.0463204,1.10368,-1.6358731,-1.4274044,0.11990681,-0.011518326,-1.0463204,1.10368,-1.6358731,-1.4274044,0.11990681,0.014766143634915352,-1.0714784860610962,1.0926998853683472,-1.6301370859146118,-1.4134105443954468,0.12179884314537048,-0.65711176,0.62895215,0.2745041,-0.14340118,-0.3498474,-0.04730073,-0.46215767,0.0,0.0,0.0,0.0,,,False,0,0.4206103930503249,0.17439973462094582,0.13039138951577928,0.42012163324391993,0.1106876461131391,0.033610635405904976,0.06325102846581698,0.0031694686052109624,-0.002362748541606983,0.9979898043427112,-0.03961651,0.25913167,0.20314422,0.5119926034455581,2.7364003472030163e-05,8.14460072433576e-05,0.00029826100217178464,0.0001674999948590994,6.939000741112977e-05,9.857999975793064e-05,0.0009658480121288449,0.018892303996835835,0.01985815200896468,50.35715304971803,0
8,0.1801081090088701,0.01091658603399992,-1.0677301448634644,1.094332520161764,-1.6309777698912562,-1.4155624548541468,0.12149246037006378,-0.27136650681495667,-1.3274282217025757,-0.8073192834854126,-0.5752860903739929,-0.12325698137283325,-0.12091972678899765,-0.2581626772880554,-1.7222480773925781,-1.3725560903549194,-0.9954116344451904,0.0950547307729721,-0.15470363199710846,-2.1044821953344535,-0.7885307631142693,-0.0876058283464497,-0.09123870176069797,0.16790745565025247,-0.05547544774046759,-0.01535474,-1.0424007,1.1052189,-1.636988,-1.429489,0.119678244,-0.01535474,-1.0424007,1.1052189,-1.636988,-1.429489,0.119678244,0.01091658603399992,-1.067730188369751,1.0943325757980347,-1.630977749824524,-1.4155625104904175,0.12149246037006378,-0.65678316,0.6332361,0.27215686,-0.15025814,-0.34816125,-0.04535536,-0.46590275,0.0,0.0,0.0,0.0,,,False,0,0.42100998042164417,0.17227220264683488,0.12830569477786574,0.42019934348148463,0.11064686508534916,0.03354333045151466,0.06358171748021013,0.0036224582520181558,-0.001830197596253979,0.9979683821650562,-0.03961651,0.25913167,0.20314422,0.5120964940672913,2.498399408068508e-05,8.848399738781154e-05,0.0002744730008998886,0.00019522399816196412,8.803200034890324e-05,7.603199628647417e-05,0.0009797880047699437,0.01894233000348322,0.019922118008253165,50.19546614399777,0
9,0.20006162500067148,0.0070656719617545605,-1.0640736383250733,1.0960372130023401,-1.631538530389303,-1.417633358632223,0.12126364558935165,-0.1960420161485672,-1.4311118125915527,-0.9211121797561646,-0.6896432638168335,-0.05563720688223839,-0.12440145015716553,-0.2555803954601288,-1.7252213954925537,-1.3710688352584839,-0.9918911457061768,0.09486625343561172,-0.1549360752105713,-1.3412347181674935,0.12472501299733534,-0.8091339547255395,-0.03818088786285633,0.13316084727799973,-0.03790687135766581,-0.01917736,-1.0385345,1.1067992,-1.6378487,-1.4314407,0.11953317,-0.01917736,-1.0385345,1.1067992,-1.6378487,-1.4314407,0.11953317,0.0070656719617545605,-1.0640736818313599,1.0960372686386108,-1.6315385103225708,-1.4176334142684937,0.12126364558935165,-0.65607584,0.63847816,0.26905066,-0.15775585,-0.3451817,-0.04326195,-0.4697469,0.0,0.0,0.0,0.0,,,False,0,0.4213092332749575,0.17016180532012043,0.12621714488598132,0.42027678976451854,0.11066667670204088,0.03350604842593287,0.06363305835534039,0.0032784811350005413,-0.001871018010194181,0.997966253734464,-0.03961651,0.25913167,0.20314422,0.5121726386243287,2.3654007236473262e-05,6.914199911989272e-05,0.000419802003307268,0.00020584599405992776,0.0001414199941791594,7.34979985281825e-05,0.0011259890015935525,0.01871970399224665,0.019845692993840203,50.38876698890709,0
10,0.22007486000075005,0.0033215819858014584,-1.0606331390193482,1.0974858442889612,-1.6323777637877406,-1.4195054213153284,0.12097282707691193,-0.19020502269268036,-1.3178684711456299,-0.8015693426132202,-0.6367278099060059,-0.07821749895811081,-0.13855423033237457,-0.2651048004627228,-1.7157959938049316,-1.3643945455551147,-0.9879835844039917,0.08855793625116348,-0.15442627668380737,-1.55449684337121,0.0023078312851705085,-0.04980571035453871,-0.046383088439272205,0.1480720767665916,-0.03548029564709937,-0.022911275,-1.0349123,1.1082448,-1.6388602,-1.4332331,0.1193294,-0.022911275,-1.0349123,1.1082448,-1.6388602,-1.4332331,0.1193294,0.0033215819858014584,-1.0606331825256348,1.097485899925232,-1.6323777437210083,-1.4195054769515991,0.12097282707691193,-0.65582144,0.6430216,0.2689712,-0.16206343,-0.34319097,-0.041085612,-0.47386897,0.0,0.0,0.0,0.0,,,False,0,0.42170196859810166,0.16814356677742404,0.12433341984780827,0.4201879270922485,0.11061468154245734,0.033570364557412226,0.06355957146027619,0.003455835681707502,-0.002112150914646154,0.9979698319794791,-0.03961651,0.25913167,0.20314422,0.5120866233135419,2.3535001673735678e-05,7.188599556684494e-05,0.00028111800202168524,0.00019578200590331107,8.964299922809005e-05,6.081099854782224e-05,0.0009477970015723258,0.018963773996802047,0.019911570998374373,50.222054306093796,0
11,0.24008058999606874,-0.0002611319171350601,-1.0571988385966797,1.098886791859762,-1.6333376369872035,-1.4213646093951624,0.1207284927368164,-0.32738396525382996,-1.2265437841415405,-0.7451211214065552,-0.5909397006034851,-0.119114950299263,-0.13037021458148956,-0.2712012529373169,-1.7103387117385864,-1.3579990863800049,-0.9814333319664001,0.08364172279834747,-0.15388533473014832,-1.8557663174914507,-0.5388864835966315,0.49647253675857067,-0.07600128250862549,0.15194842629886432,-0.027822662346920168,-0.02646531,-1.0312738,1.10963,-1.6400238,-1.4350026,0.11917477,-0.02646531,-1.0312738,1.10963,-1.6400238,-1.4350026,0.11917477,-0.00026113190688192844,-1.0571988821029663,1.0988868474960327,-1.6333376169204712,-1.421364665031433,0.1207284927368164,-0.65510446,0.6481251,0.26857892,-0.16715628,-0.34094676,-0.038843054,-0.47768465,0.0,0.0,0.0,0.0,0.013431374999999999,53.7255,False,0,0.4220899377275177,0.16619577699703597,0.12248030854956765,0.42019485531313355,0.11063662403191549,0.033547215148136404,0.0634978219495353,0.0036404926456540267,-0.0018135139917864439,0.9979736963995535,-0.03961651,0.25913167,0.20314422,0.5120941471056064,2.310899435542524e-05,7.202700362540781e-05,0.00027166400104761124,0.00018351399921812117,8.560600690543652e-05,6.531699909828603e-05,0.0008914109930628911,0.01900558199849911,0.019896992991562,50.25885069287023,0
12,0.2601095419959165,-0.0038636366473596695,-1.053579942589142,1.1004903952227991,-1.6341496906676234,-1.4232519308673304,0.12046976387500763,-0.3568388819694519,-1.2973829507827759,-0.7861214876174927,-0.6569379568099976,-0.14688409864902496,-0.12643583118915558,-0.271659791469574,-1.7172060012817383,-1.3586292266845703,-0.9785731434822083,0.08314956724643707,-0.1540280133485794,-1.0655547035508903,-1.3081293679693735,-0.07990361716018482,-0.0850180114533689,0.14486830101852324,-0.028624639643936727,-0.030056026,-1.0274422,1.111149,-1.6410937,-1.4367737,0.119015105,-0.030056026,-1.0274422,1.111149,-1.6410937,-1.4367737,0.119015105,-0.003863636637106538,-1.0535799264907837,1.1004904508590698,-1.6341496706008911,-1.423251986503601,0.12046976387500763,-0.6548098,0.65344393,0.26646158,-0.17360279,-0.33804062,-0.03636642,-0.4815855,0.0,0.0,0.0,0.0,0.013431374999999999,53.7255,False,0,0.4223747347573541,0.16423266682485804,0.12047619133960627,0.4201899494690803,0.11061667711030455,0.033579064865475336,0.06358103822720601,0.0034879346333530252,-0.0019895172763427574,0.997968605263101,-0.03961651,0.25913167,0.20314422,0.5120849794858805,3.554500290192664e-05,0.00010354499681852758,0.0004310200019972399,0.0002842539979610592,0.0002157159906346351,7.57349916966632e-05,0.0014004450058564544,0.018476144992746413,0.019876589998602867,50.310440577095484,0
13,0.2801115890033543,-0.007626358662740529,-1.0500033062747498,1.1020386854754847,-1.6349407635130824,-1.4253228346454065,0.12022678554058075,-0.23336833715438843,-1.336890697479248,-0.808926522731781,-0.6880845427513123,-0.08760453015565872,-0.13689224421977997,-0.26609140634536743,-1.7255457639694214,-1.3603787422180176,-0.976977527141571,0.08453342318534851,-0.15434661507606506,-1.2520229388701536,0.010389745373275333,-0.259966117003503,-0.044079478253231594,0.12376963631262304,-0.036076674728308056,-0.03375915,-1.0235916,1.1126685,-1.6421103,-1.4386675,0.11887788,-0.03375915,-1.0235916,1.1126685,-1.6421103,-1.4386675,0.11887788,-0.007626358885318041,-1.0500032901763916,1.1020387411117554,-1.63494074344635,-1.4253228902816772,0.12022678554058075,-0.6533198,0.6602919,0.2657443,-0.17924,-0.33361593,-0.033722583,-0.48559013,0.0,0.0,0.0,0.0,0.013431374999999999,53.7255,False,0,0.42267699383795837,0.16215874671210834,0.11850118953194283,0.4201975266475685,0.11067494976011186,0.03352651517526299,0.06345754243814006,0.003128900799361712,-0.0014026579612682888,0.9979786399318502,-0.03961651,0.25913167,0.20314422,0.5120922895040857,3.294600173830986e-05,7.474000449292362e-05,0.0002792570012388751,0.00019422300101723522,8.86650086613372e-05,7.896400347817689e-05,0.0009716010099509731,0.01892353499715682,0.019895136007107794,50.26354178442093,0
14,0.3001086020085495,-0.011380974446431935,-1.0464623135379334,1.1034768263446253,-1.635939737359518,-1.4272545019732874,0.12003037333488464,-0.25857576727867126,-1.241500735282898,-0.7671023607254028,-0.6597567796707153,-0.09362298250198364,-0.15895742177963257,-0.26274722814559937,-1.7262098789215088,-1.3564751148223877,-0.9715331792831421,0.08404599875211716,-0.15457843244075775,-1.3524561422559018,-0.01577638798981295,-0.018047082065315516,-0.0386374034141688,0.12527248659551954,-0.0270358491089588,-0.03747222,-1.0197903,1.1141195,-1.6433003,-1.4404342,0.11879325,-0.03747222,-1.0197903,1.1141195,-1.6433003,-1.4404342,0.11879325,-0.01138097420334816,-1.0464622974395752,1.103476881980896,-1.6359397172927856,-1.427254557609558,0.12003037333488464,-0.6522811,0.66679937,0.2660657,-0.1840141,-0.32949135,-0.030928165,-0.48965096,0.0,0.0,0.0,0.0,0.013431374999999999,53.7255,False,0,0.4230363426768588,0.16012007399688222,0.11659989468103074,0.42019525987996453,0.11064498852220767,0.033565350332025824,0.06342782809255337,0.0035382471092505964,-0.0019621145805826315,0.9979782339674399,-0.03961651,0.25913167,0.20314422,0.5120860791225573,2.2948996047489345e-05,7.121999806258827e-05,0.0004146430001128465,0.00016627300647087395,0.00015753800107631832,7.599900709465146e-05,0.0010980149963870645,0.018796449003275484,0.01989446399966255,50.26523961726046,0
15,0.320110200002091,-0.01494151750673467,-1.0427783888629456,1.1049655119525355,-1.6369315586485804,-1.429066006337301,0.11980629712343216,-0.29002755880355835,-1.2509169578552246,-0.7987100481987,-0.6488103270530701,-0.1346077173948288,-0.15092884004116058,-0.26432010531425476,-1.726179599761963,-1.3520750999450684,-0.9653434157371521,0.08078466355800629,-0.15454518795013428,-1.359752697484546,-0.6613080076409633,0.08731822229777608,-0.05824627076872295,0.13132151357451935,-0.020520784769857144,-0.040995978,-1.015854,1.1155326,-1.644536,-1.4420649,0.118679784,-0.040995978,-1.015854,1.1155326,-1.644536,-1.4420649,0.118679784,-0.014941517263650894,-1.0427783727645874,1.1049655675888062,-1.6369315385818481,-1.4290660619735718,0.11980629712343216,-0.6513615,0.6731103,0.26417643,-0.19011077,-0.3249712,-0.028162794,-0.4931042,0.0,0.0,0.0,0.0,0.013431374999999999,53.7255,False,0,0.4233278139573659,0.15819166370404306,0.11462902480611661,0.4202712929777262,0.1105900195446487,0.03351784364973352,0.06289022049306026,0.0030273743920490367,-0.001975181372533632,0.9980138956030757,-0.03961651,0.25913167,0.20314422,0.5121860227480772,2.3374988813884556e-05,7.172100595198572e-05,0.0003030560037586838,0.00018854999507311732,8.766799874138087e-05,6.566700176335871e-05,0.0009359049872728065,0.018961748006404378,0.019897652993677184,50.257183614457794,0
16,0.34008087300753687,-0.01859933534731084,-1.039120153789856,1.1065271536456507,-1.6378466091551722,-1.430981461201803,0.11958839744329453,-0.29247909784317017,-1.2528347969055176,-0.8231165409088135,-0.6850072145462036,-0.11403675377368927,-0.14427930116653442,-0.2660526931285858,-1.7298301458358765,-1.3507533073425293,-0.9619725346565247,0.07845117896795273,-0.14613237977027893,-0.6627383268270292,-0.5194820833555999,-0.008546677355284804,-0.05482787176222971,0.10441513907040825,-0.02827691886765843,-0.0445915,-1.0119053,1.1170503,-1.6456653,-1.4437488,0.11858169,-0.0445915,-1.0119053,1.1170503,-1.6456653,-1.4437488,0.11858169,-0.018599335104227066,-1.0391201972961426,1.1065272092819214,-1.63784658908844,-1.4309815168380737,0.11958839744329453,-0.64980423,0.6803711,0.26307702,-0.19546771,-0.3191815,-0.025167732,-0.49667558,0.0,0.0,0.0,0.0,0.013431374999999999,53.7255,False,0,0.4235810799288016,0.15619831815629737,0.11263971417204771,0.4202996738640477,0.11057738728708666,0.03346445072162951,0.06281597506688064,0.0020551297837652885,-0.0012813003747137938,0.9980222011482209,-0.03961651,0.25913167,0.20314422,0.5122328535853122,2.3428001441061497e-05,7.082900265231729e-05,0.0002734949957812205,0.00020817600307054818,8.951299241743982e-05,6.540799222420901e-05,0.0009234800090780482,0.018945442003314383,0.01986892201239243,50.32985681741016,0
17,0.36011486999632325,-0.022245709096090138,-1.0353626173785706,1.1079838911639612,-1.6388851604857386,-1.4328010717975062,0.11945890635251999,-0.2831282615661621,-1.2701797485351562,-0.7851218581199646,-0.6707583665847778,-0.1401989907026291,-0.1589178740978241,-0.2619577944278717,-1.731514811515808,-1.3487215042114258,-0.9582858085632324,0.07899895310401917,-0.1348389983177185,-1.1328426216753373,-0.6326480485064707,-0.07771356560632928,-0.0511000367484023,0.11082715537518135,-0.023273760132929797,-0.048159674,-1.0078493,1.1184957,-1.6468959,-1.4453148,0.11857289,-0.048159674,-1.0078493,1.1184957,-1.6468959,-1.4453148,0.11857289,-0.022245708853006363,-1.0353626012802124,1.107983946800232,-1.6388851404190063,-1.4328011274337769,0.11945890635251999,-0.6478492,0.68783283,0.26279268,-0.20026867,-0.31283966,-0.0221503,-0.49996218,0.0,0.0,0.0,0.0,0.013431374999999999,53.7255,False,0,0.42386592378002474,0.15423155022166107,0.11065599255867928,0.42036574482736744,0.11056346481142638,0.03335080414710499,0.062271704667802186,0.0010446384086027476,-0.001506277911186859,0.9980575508577669,-0.03961651,0.25913167,0.20314422,0.5123338672330722,6.871100049465895e-05,0.00010026499512605369,0.000459499002317898,0.00018925000040326267,0.00022066899691708386,7.482898945454508e-05,0.0013651670014951378,0.01852062599209603,0.019885792993591167,50.28715728471487,0
18,0.38007391200517304,-0.025953118001119435,-1.0315763515285035,1.1094520727740687,-1.6400238476195277,-1.43471604982485,0.11927569657564163,-0.25454601645469666,-1.3141467571258545,-0.819553017616272,-0.6425471305847168,-0.15244439244270325,-0.14729516208171844,-0.2606767416000366,-1.7323845624923706,-1.3445979356765747,-0.9523411989212036,0.07774000614881516,-0.12468929588794708,-1.3080479890246082,-0.16922222996774983,0.10589055290826116,-0.03468801224992114,0.11535242623559847,-0.01185026249375616,-0.05182185,-1.0037415,1.120094,-1.6481507,-1.4469838,0.11854902,-0.05182185,-1.0037415,1.120094,-1.6481507,-1.4469838,0.11854902,-0.02595311775803566,-1.03157639503479,1.1094521284103394,-1.6400238275527954,-1.4347161054611206,0.11927569657564163,-0.6467183,0.69587153,0.26604396,-0.20317085,-0.3066933,-0.018166862,-0.50423783,0.0,0.0,0.0,0.0,0.013431374999999999,53.7255,False,0,0.4241607274429494,0.15221613344687698,0.10866441970636301,0.4202077910360738,0.11064471942849784,0.03356545162534029,0.06333906071829315,0.0035870752691917708,-0.0019998901155889037,0.9979836146674882,-0.03961651,0.25913167,0.20314422,0.5120973755972821,7.991399616003036e-05,7.642600394319743e-05,0.00027196199516765773,0.0002308349939994514,0.00011471399920992553,6.758500239811838e-05,0.0010427679953863844,0.018795166004565544,0.01983793399995193,50.40847499555262,0
19,0.40011046800646,-0.02964336076845342,-1.0277251166156312,1.110957447682516,-1.6410824261107386,-1.4365313688861292,0.11913561820983887,-0.2075139284133911,-1.3206379413604736,-0.800053060054779,-0.6571598649024963,-0.11680657416582108,-0.14943832159042358,-0.25961074233055115,-1.7327046394348145,-1.34113347530365,-0.9472687840461731,0.07673399895429611,-0.11309795081615448,-0.9878033231611537,-0.09911445225393188,-0.12807234941748608,-0.03353095147216295,0.10500332858672165,-0.023134488748691517,-0.055436753,-0.99957407,1.121574,-1.6494328,-1.4485171,0.11855424,-0.055436753,-0.99957407,1.121574,-1.6494328,-1.4485171,0.11855424,-0.029643360525369644,-1.027725100517273,1.1109575033187866,-1.6410824060440063,-1.4365314245224,0.11913561820983887,-0.64483476,0.70377594,0.26541454,-0.20875975,-0.2996407,-0.014534353,-0.5070843,0.0,0.0,0.0,0.0,0.013431374999999999,53.7255,False,0,0.424403723456759,0.1502324461559809,0.10663357315655297,0.42025133411688687,0.11061700098494999,0.03354732962318456,0.0633824202421498,0.0033203489626793,-0.0015403522719602651,0.9979826298842749,-0.03961651,0.25913167,0.20314422,0.5121505123377138,2.4462002329528332e-05,8.311399142257869e-05,0.0002806439879350364,0.00023743900237604976,8.960699778981507e-05,7.727699994575232e-05,0.0009991099941544235,0.018912483006715775,0.019911593000870198,50.22199881025576,0
20,0.42010802699951455,-0.033309284840719044,-1.023878113632538,1.1124337355243128,-1.642130037347311,-1.43827993074526,0.11902809143066406,-0.28205227851867676,-1.3242909908294678,-0.7916572690010071,-0.6949901580810547,-0.15272954106330872,-0.16668635606765747,-0.2620945870876312,-1.7317866086959839,-1.3358798027038574,-0.9416030049324036,0.0736517608165741,-0.09872455894947052,-0.7992244050170805,-0.096849698587812,-0.186875525324715,-0.024596484345146465,0.08812608406823955,-0.010566256587222943,-0.058997072,-0.99537873,1.123156,-1.6505907,-1.4499251,0.11860466,-0.058997072,-0.99537873,1.123156,-1.6505907,-1.4499251,0.11860466,-0.03330928459763527,-1.0238780975341797,1.1124337911605835,-1.6421300172805786,-1.4382799863815308,0.11902809143066406,-0.6421947,0.71248436,0.26805294,-0.21151614,-0.29112825,-0.010585876,-0.5100792,0.0,0.0,0.0,0.0,0.013431374999999999,53.7255,False,0,0.42462991469732936,0.1482751119511588,0.10461677981359072,0.4201864101885271,0.1107018492565258,0.03357167245275566,0.06272088785174296,0.003196209510244149,-0.0017624695576712694,0.9980244308505619,-0.03961651,0.25913167,0.20314422,0.5120595542300491,2.379500074312091e-05,7.26870057405904e-05,0.0002761470095720142,0.00016257399693131447,8.988400804810226e-05,6.842099537607282e-05,0.0008831940067466348,0.01899771399621386,0.019880908002960496,50.29951347549561,0
21,0.44007915099791717,-0.03690034547914678,-1.0199726980975647,1.113854710255758,-1.6432997188963832,-1.4399946371661585,0.11890089511871338,-0.2982623279094696,-1.2844277620315552,-0.7755312919616699,-0.6802497506141663,-0.14405347406864166,-0.15955080091953278,-0.262724906206131,-1.7328166961669922,-1.3328086137771606,-0.9370579123497009,0.07192257046699524,-0.08412215858697891,-0.9236760915033935,-0.6125012835810819,-0.011291839446346486,-0.04539827312140461,0.0878800085120316,-0.007295141891719413,-0.06248618,-0.99115014,1.1245888,-1.6519358,-1.4512929,0.11863309,-0.06248618,-0.99115014,1.1245888,-1.6519358,-1.4512929,0.11863309,-0.036900345236063004,-1.0199726819992065,1.1138547658920288,-1.6432996988296509,-1.4399946928024292,0.11890089511871338,-0.6396459,0.720564,0.26835307,-0.2159029,-0.2824533,-0.0066950987,-0.5121813,0.0,0.0,0.0,0.0,0.013431374999999999,53.7255,False,0,0.42486725405153014,0.1463566835784831,0.1026049415024034,0.4202613191453816,0.1106580566239611,0.033542469207761674,0.06306383877351401,0.0035012433574849373,-0.0017431817901799075,0.9980018253838143,-0.03961651,0.25913167,0.20314422,0.5121491839075433,2.2470005205832422e-05,7.152299804147333e-05,0.00027641700580716133,0.00013746200420428067,8.737199823372066e-05,6.708699220325798e-05,0.0008486220031045377,0.019005959999049082,0.01985458200215362,50.366207653806576,0
22,0.4601087320043007,-0.0405505339251917,-1.0161068004420777,1.1153553167926233,-1.6445375881590785,-1.4416707197772425,0.11881592124700546,-0.2825169563293457,-1.334891676902771,-0.7749191522598267,-0.6594302654266357,-0.1597473919391632,-0.1401699036359787,-0.2609788477420807,-1.7339619398117065,-1.3285329341888428,-0.9308076500892639,0.07156375795602798,-0.06853453814983368,-0.9979024461572717,-0.14850408582016686,0.05427211686068368,-0.033448065206975075,0.08865782440159474,-0.015714619408900125,-0.066014625,-0.98694414,1.1261786,-1.65327,-1.4525746,0.11871549,-0.066014625,-0.98694414,1.1261786,-1.65327,-1.4525746,0.11871549,-0.040550533682107925,-1.0161068439483643,1.115355372428894,-1.6445375680923462,-1.4416707754135132,0.11881592124700546,-0.6366023,0.72906715,0.2705807,-0.21831144,-0.27259493,-0.0025109327,-0.5140966,0.0,0.0,0.0,0.0,0.013431374999999999,53.7255,False,0,0.4250930828556221,0.14442280916667005,0.10059529914817097,0.42026668497688385,0.11064133601820167,0.03357183911054263,0.06308462616913979,0.0033708353970000383,-0.0019529008500560052,0.9980005559041749,-0.03961651,0.25913167,0.20314422,0.5121491245384607,3.2508003641851246e-05,0.00010219600517302752,0.0004710950015578419,0.0001842580095399171,0.0002297000028192997,7.190200267359614e-05,0.0013448509998852387,0.018531549998442642,0.01987640099832788,50.310918967881854,0
23,0.4800758630008204,-0.044121567402974904,-1.0121700924685975,1.1168411413775843,-1.6457039318480433,-1.443352524434225,0.11876823753118515,-0.2996995449066162,-1.2573294639587402,-0.8027102947235107,-0.6539422273635864,-0.14082984626293182,-0.17011336982250214,-0.2581789791584015,-1.7377045154571533,-1.3274993896484375,-0.9273079633712769,0.07189202308654785,-0.05269661918282509,-0.9456530319888777,-0.3938873337217399,0.08458161152046348,-0.04226250841684827,0.07795840151044399,-0.018169582912447295,-0.069437586,-0.98267215,1.1277177,-1.6545562,-1.4538343,0.11883724,-0.069437586,-0.98267215,1.1277177,-1.6545562,-1.4538343,0.11883724,-0.04412156715989113,-1.0121700763702393,1.116841197013855,-1.645703911781311,-1.4433525800704956,0.11876823753118515,-0.63290054,0.7374481,0.2719126,-0.22130641,-0.26204303,0.0017249609,-0.51517075,0.0,0.0,0.0,0.0,0.013431374999999999,53.7255,False,0,0.4252724428290505,0.14252265346871074,0.098556779497281,0.42030162360332995,0.11061727561810095,0.0335251501533079,0.06289994636833085,0.0031152422821921853,-0.0013880870830058553,0.9980139943855103,-0.03961651,0.25913167,0.20314422,0.5122029333267448,2.3603002773597836e-05,7.43529963074252e-05,0.00027868899633176625,0.00013763000606559217,8.542700379621238e-05,6.640100036747754e-05,0.0008577639964642003,0.01899440700071864,0.01985217099718284,50.37232452520719,0
24,0.5000725970021449,-0.04771119752992803,-1.008168415432312,1.1183694044696253,-1.6468702755370082,-1.445007626210348,0.11870481073856354,-0.2625066637992859,-1.2690417766571045,-0.8103129267692566,-0.6579292416572571,-0.11383221298456192,-0.12781459093093872,-0.25709471106529236,-1.7414602041244507,-1.3248701095581055,-0.9230980277061462,0.07144795358181,-0.037485282868146896,-0.3663804342492223,-0.4614135219229879,0.08491106607059667,-0.03501817392819651,0.06179943861033132,-0.00815937761276667,-0.07283881,-0.97831815,1.1293644,-1.6557896,-1.4550102,0.118957005,-0.07283881,-0.97831815,1.1293644,-1.6557896,-1.4550102,0.118957005,-0.047711197286844254,-1.0081684589385986,1.118369460105896,-1.6468702554702759,-1.4450076818466187,0.11870481073856354,-0.62819046,0.7462581,0.27487394,-0.22298376,-0.25006098,0.0063047796,-0.5157148,0.0,0.0,0.0,0.0,0.013431374999999999,53.7255,False,0,0.4254218621573582,0.1406225213794375,0.09648209880746164,0.4202831989168065,0.1106534125228827,0.03349711075644846,0.06256243902152325,0.0036693248786276475,-0.0011794455424937525,0.9980336038087577,-0.03961651,0.25913167,0.20314422,0.5121851989047519,2.3343003704212606e-05,7.288499909918755e-05,0.00028273099451325834,0.0001620980037841946,8.92429961822927e-05,7.233800715766847e-05,0.0008970179915195331,0.018977982006617822,0.019874999998137355,50.3144654135204,0
25,0.5201221790048294,-0.05125743547548467,-1.0040784043124695,1.1198867003070276,-1.6481243572630824,-1.446496311818258,0.11866879463195801,-0.2670670449733734,-1.275122046470642,-0.8168754577636719,-0.6156305074691772,-0.11642137914896011,-0.11043773591518402,-0.2542524039745331,-1.7447625398635864,-1.3218196630477905,-0.9178166389465332,0.0712549015879631,-0.0210419911891222,-0.6545009152187193,-0.37030317779998145,-0.033895130031297224,-0.031144483379140643,0.05914558586776515,-0.005663401018941064,-0.076201126,-0.9738942,1.1309388,-1.6571444,-1.4560037,0.1191084,-0.076201126,-0.9738942,1.1309388,-1.6571444,-1.4560037,0.1191084,-0.051257435232400894,-1.0040783882141113,1.1198867559432983,-1.64812433719635,-1.4464963674545288,0.11866879463195801,-0.62359226,0.7546058,0.2762993,-0.22550346,-0.23768367,0.010990255,-0.51522696,0.0,0.0,0.0,0.0,0.013431374999999999,53.7255,False,0,0.4255675899345558,0.1387802172991443,0.09438781087040615,0.4203351213117406,0.11064386653928296,0.033527578386361334,0.06280082138117543,0.00358850572203017,-0.0017413310600508831,0.9980181091891209,-0.03961651,0.25913167,0.20314422,0.5122244987622983,2.2634994820691645e-05,7.376099529210478e-05,0.0002789860009215772,0.00016605800192337483,8.906000584829599e-05,6.873699021525681e-05,0.0008927129965741187,0.019046394008910283,0.019939107005484402,50.152697396375,0
26,0.5401313420006773,-0.05482083955873662,-0.9999199670604249,1.1214421431170862,-1.6494008503355921,-1.447991673146383,0.11865690350532532,-0.3003772795200348,-1.335342288017273,-0.8216177821159363,-0.6482342481613159,-0.12085667252540588,-0.10192465782165527,-0.2518599331378937,-1.7454761266708374,-1.316569209098816,-0.9109026193618774,0.07072540372610092,-0.004007954616099596,-0.6766942761836424,-0.40476218333131125,0.03676679901215981,-0.03136433599549386,0.06402213015181055,-0.005343742257365189,-0.07956819,-0.96941286,1.1326157,-1.6584392,-1.4569819,0.11929363,-0.07956819,-0.96941286,1.1326157,-1.6584392,-1.4569819,0.11929363,-0.05482083931565285,-0.9999199509620667,1.121442198753357,-1.6494008302688599,-1.4479917287826538,0.11865690350532532,-0.61868393,0.7626767,0.27933773,-0.22595794,-0.22475488,0.015918097,-0.51383346,0.0,0.0,0.0,0.0,0.013431374999999999,53.7255,False,0,0.42568841737592217,0.13693077790258434,0.09225793403909313,0.4202991605305533,0.11060143524664968,0.033588623332570504,0.06273229095264904,0.0036586270098377636,-0.002029179958875634,0.9980216306874305,-0.03961651,0.25913167,0.20314422,0.5121842989524917,3.434901009313762e-05,0.00013714299711864442,0.0005076499946881086,0.00038080799276940525,0.00016001499898266047,0.00010006999946199358,0.0016148759896168485,0.018217688004369847,0.019832563993986696,50.42212395246543,0
27,0.5602165029995376,-0.058407131825582326,-0.995765821342804,1.1229680220233362,-1.6505962810912074,-1.4494665304767054,0.1186688020825386,-0.2624346613883972,-1.3337258100509644,-0.8129074573516846,-0.6131511926651001,-0.11929653584957123,-0.05072643607854843,-0.24979214370250702,-1.746730923652649,-1.313005805015564,-0.905791163444519,0.07111851871013641,0.012559519149363041,-0.8461250785698068,-0.32233487103819297,-0.11817961947149605,-0.025353152109627988,0.0680500714855582,-0.003755074105191397,-0.08284423,-0.964917,1.1342727,-1.659653,-1.4578495,0.119504884,-0.08284423,-0.964917,1.1342727,-1.659653,-1.4578495,0.119504884,-0.05840713158249855,-0.9957658052444458,1.122968077659607,-1.650596261024475,-1.449466586112976,0.1186688020825386,-0.61092746,0.7712206,0.2826166,-0.22641787,-0.20957203,0.020902101,-0.51119226,0.0,0.0,0.0,0.0,0.013431374999999999,53.7255,False,0,0.42578266803706066,0.13507854828008578,0.09013541794978513,0.420311764782334,0.1106449377367743,0.03354660391324545,0.06268990765010923,0.003701949785459564,-0.0016710264444514296,0.9980247994511768,-0.03961651,0.25913167,0.20314422,0.5121969153379838,3.6483994335867465e-05,0.00012222499935887754,0.0005555789975915104,0.0002937319950433448,0.00017285200010519475,0.00010061699140351266,0.0015966649953043088,0.01829814699885901,0.01989481199416332,50.264360391713026,0
28,0.5801295609999215,-0.061918083821431935,-0.9915693563273926,1.1245158354388636,-1.651841779748434,-1.450827423726217,0.11869263648986816,-0.2798374593257904,-1.3374736309051514,-0.807167649269104,-0.6400885581970215,-0.10723178088665009,0.007972795516252518,-0.24927158653736115,-1.7470612525939941,-1.3081527948379517,-0.8998293280601501,0.07048110663890839,0.02950294315814972,-0.5085976788050697,-0.17759786237300065,0.05069375541333468,-0.02261669926633889,0.044545294288015784,0.003450740850466057,-0.086031325,-0.96040493,1.1359441,-1.6609051,-1.4585905,0.119732015,-0.086031325,-0.96040493,1.1359441,-1.6609051,-1.4585905,0.119732015,-0.06191808357834816,-0.9915693402290344,1.1245158910751343,-1.6518417596817017,-1.4508274793624878,0.11869263648986816,-0.60283107,0.7791106,0.28570518,-0.22658502,-0.19407603,0.025984386,-0.5070614,0.0,0.0,0.0,0.0,0.013431374999999999,53.7255,False,0,0.42585338892656366,0.13328666665102173,0.08799861016136801,0.420326501200638,0.11064399423329364,0.0335684947084815,0.06236295166493744,0.0037715162484028997,-0.002244716942993698,0.9980438923884198,-0.03961651,0.25913167,0.20314422,0.5122031736644381,4.9156005843542516e-05,0.00011794098827522248,0.0004980939993401989,0.0002879490057239309,0.0001500590005889535,9.954800771083683e-05,0.0015458330017281696,0.018146753995097242,0.019692586996825412,50.780529757781814,0
29,0.6001348190038698,-0.06543571153749639,-0.9872959417155762,1.1261122862445276,-1.65309538463735,-1.4520638624774378,0.11878015846014023,-0.23423582315444946,-1.2828243970870972,-0.8092536926269531,-0.600645899772644,-0.13009898364543915,0.016821743920445442,-0.24704329669475555,-1.7490910291671753,-1.3040695190429688,-0.8935495018959045,0.07054519653320312,0.04692280665040016,-0.3938882323237199,-0.33946431232445806,-0.0458543842081007,-0.018776669137758342,0.04170335298527476,0.010521045279628279,-0.08919473,-0.95584387,1.137627,-1.6621658,-1.4591974,0.120020844,-0.08919473,-0.95584387,1.137627,-1.6621658,-1.4591974,0.120020844,-0.06543571501970291,-0.987295925617218,1.1261123418807983,-1.6530953645706177,-1.4520639181137085,0.11878015846014023,-0.59397537,0.7863015,0.2878664,-0.22676043,-0.17833707,0.031017162,-0.5012654,0.0,0.0,0.0,0.0,0.013431374999999999,53.7255,False,0,0.4258924641041561,0.13152408182614667,0.08582276755815205,0.4203483545218125,0.1105923188741151,0.03358167397417261,0.06265703518616783,0.003681736724319531,-0.0022988829223279175,0.9980256740005882,-0.03961651,0.25913167,0.20314422,0.5122334170464127,9.560000034980476e-05,0.00011683799675665796,0.0005037090013502166,0.0002958149998448789,0.0001541399979032576,9.67050000326708e-05,0.001565195998409763,0.018249593005748466,0.01981478900415823,50.467355458094715,0
30,0.6200823740073247,-0.0688698927508753,-0.9829938572696229,1.1277044455157679,-1.6544090710081996,-1.453320328389303,0.11888432502746582,-0.22587095201015472,-1.3135982751846313,-0.7837390899658203,-0.5760583877563477,-0.08726689219474792,0.07161055505275726,-0.243632510304451,-1.7522320747375488,-1.300766110420227,-0.8879815936088562,0.07134146988391876,0.06437868624925613,-0.5645475634208794,-0.13367290327751025,-0.181136985822516,-0.0062878748744130564,0.04395270100459379,0.029327117291075514,-0.09214529,-0.95126,1.1393877,-1.663397,-1.4597452,0.12032693,-0.09214529,-0.95126,1.1393877,-1.663397,-1.4597452,0.12032693,-0.06886989623308182,-0.9829938411712646,1.1277045011520386,-1.6544090509414673,-1.4533203840255737,0.11888432502746582,-0.5818848,0.7933472,0.2920814,-0.22469631,-0.16061834,0.036065165,-0.49408475,0.0,0.0,0.0,0.0,0.013431374999999999,53.7255,False,0,0.4259153294510281,0.12979352470505123,0.08364268259677829,0.42033234876997483,0.11063001486451597,0.0334950795714208,0.06250726717169597,0.0034504524163422212,-0.0013405324072941587,0.998037667237738,-0.03961651,0.25913167,0.20314422,0.5122367872450937,0.0001261040015378967,0.00011689199891407043,0.0005421590030891821,0.00038438600313384086,0.00020337100431788713,0.00010403900523670018,0.00179020399809815,0.017786711003282107,0.019576915001380257,51.080571169129335,0
31,0.6401019860059023,-0.07222968736757451,-0.9786980909160157,1.1292575041400355,-1.6556393108763636,-1.4544218222247522,0.11903168261051178,-0.3024454116821289,-1.27108895778656,-0.7697561979293823,-0.6152830719947815,-0.09961514174938202,0.0874876081943512,-0.24140837788581848,-1.755131721496582,-1.2975889444351196,-0.882858157157898,0.07215318083763123,0.0825754851102829,-0.3346052271189783,-0.008779102677688024,-0.05072261313215921,-0.006418602686911498,0.03283753673896348,0.05488252636342918,-0.09503425,-0.9467248,1.1410482,-1.6646022,-1.4601802,0.120672755,-0.09503425,-0.9467248,1.1410482,-1.6646022,-1.4601802,0.120672755,-0.07222969084978104,-0.9786980748176575,1.1292575597763062,-1.6556392908096313,-1.454421877861023,0.11903168261051178,-0.57011396,0.7993333,0.29476625,-0.22407037,-0.14395699,0.04102687,-0.48411015,0.0,0.0,0.0,0.0,0.013431374999999999,53.7255,False,0,0.42590423168762903,0.12813387468940593,0.08147737044011227,0.42033787346259144,0.11056138221828987,0.033549191487608696,0.06246215342306621,0.003763678849977131,-0.0017693597940790194,0.998038704641327,-0.03961651,0.25913167,0.20314422,0.51224373111936,3.613000444602221e-05,0.00012007399345748127,0.00047820500913076103,0.0004449170082807541,0.00017767699318937957,9.438600682187825e-05,0.0016647549928165972,0.01817288700840436,0.019837642001220956,50.409216979440025,0
32,0.6601300720067229,-0.07556468645204717,-0.9742489022067566,1.1308658758746546,-1.6568776569762171,-1.4554899374591272,0.11921125650405884,-0.2746891677379608,-1.3385796546936035,-0.7722063064575195,-0.5699640512466431,-0.09409195184707642,0.09881491214036942,-0.23519526422023773,-1.757798433303833,-1.2930980920791626,-0.8764934539794922,0.0736667588353157,0.10205937176942825,-0.030284042708922525,-0.12240921246521635,0.03922774003902128,-0.01737955085904553,0.025085710733135275,0.08068278957645007,-0.09775006,-0.9420504,1.1427382,-1.6658057,-1.4604766,0.12104058,-0.09775006,-0.9420504,1.1427382,-1.6658057,-1.4604766,0.12104058,-0.07556468993425369,-0.9742488861083984,1.1308659315109253,-1.6568776369094849,-1.455489993095398,0.11921125650405884,-0.5546342,0.8049617,0.29680863,-0.22320288,-0.12466731,0.045733213,-0.4723361,0.0,0.0,0.0,0.0,0.013431374999999999,53.7255,False,0,0.42584858555085997,0.12649683452028493,0.07923726291656533,0.42036167585727546,0.11055746392583071,0.03348491034484419,0.06284685122793798,0.0035802031149580952,-0.0013174543772624253,0.9980159120579464,-0.03961651,0.25913167,0.20314422,0.512287525345962,0.0001253340014955029,0.00012221701035741717,0.0004968769935658202,0.0003403450100449845,0.00019320999854244292,9.90069966064766e-05,0.0017030000017257407,0.018135388003429398,0.01983838800515514,50.407321388216786,0
33,0.6800747899978887,-0.07882386842836553,-0.9698292177966614,1.132519547139303,-1.658158918420309,-1.4564316908465784,0.11937546730041504,-0.25646623969078064,-1.3659127950668335,-0.8015906810760498,-0.593519926071167,-0.09237612783908844,0.12325432151556015,-0.23045091331005096,-1.7634073495864868,-1.291210651397705,-0.871482789516449,0.07518377155065536,0.12227091938257217,-0.12728297120126067,-0.0004201541178197217,-0.19465740890729272,-0.014655237520171074,0.017157131713715246,0.11319296418921308,-0.10024614,-0.93742985,1.1445485,-1.666987,-1.4605882,0.12139375,-0.10024614,-0.93742985,1.1445485,-1.666987,-1.4605882,0.12139375,-0.07882387191057205,-0.9698292016983032,1.1325196027755737,-1.6581588983535767,-1.4564317464828491,0.11937546730041504,-0.53555673,0.8099837,0.30072364,-0.22070087,-0.10391056,0.05045703,-0.45752907,0.0,0.0,0.0,0.0,0.013431374999999999,53.7255,False,0,0.4257677293993831,0.12492446282952527,0.07700626418852352,0.4203316293003368,0.11062373403075962,0.03347733195160892,0.0626747449173019,0.004222206474811698,-0.001740084212960149,0.9980235501061385,-0.03961651,0.25913167,0.20314422,0.5122438402646132,3.637699410319328e-05,0.00011458899825811386,0.0005110060010338202,0.0003156649909215048,0.00015386298764497042,9.717000648379326e-05,0.0015335770003730431,0.018248592998133972,0.019782169998507015,50.55057155385234,0
34,0.7001094559964258,-0.082069222127096,-0.9653899234584351,1.1341670195208948,-1.6593696079649867,-1.4572418371783655,0.11959438025951385,-0.25678518414497375,-1.3651272058486938,-0.7487781643867493,-0.5787607431411743,-0.09635244309902191,0.1327701359987259,-0.22424808144569397,-1.7654345035552979,-1.2874583005905151,-0.8655466437339783,0.07714585959911346,0.12433750182390213,-0.24796095072040142,-0.053285978267454265,-0.12055873273126806,-0.016756245745387817,0.020734576484907265,0.14077308484234108,-0.10271409,-0.93285716,1.1463355,-1.6681169,-1.4606429,0.12178611,-0.10271409,-0.93285716,1.1463355,-1.6681169,-1.4606429,0.12178611,-0.08206922560930252,-0.9653899073600769,1.1341670751571655,-1.6593695878982544,-1.4572418928146362,0.11959438025951385,-0.51612157,0.8133183,0.30420914,-0.2186843,-0.0850252,0.054793246,-0.4389846,0.0,0.0,0.0,0.0,0.013431374999999999,53.7255,False,0,0.42565332564930203,0.12339308929946914,0.07477085163345681,0.42028105820839934,0.11053019068541006,0.03351376232733107,0.0631439893235971,0.003995318330981998,-0.0018797612876317593,0.9979946757103573,-0.03961651,0.25913167,0.20314422,0.5122134966650532,3.551799454726279e-05,0.00011312999413348734,0.0004894070007139817,0.0002941330021712929,0.00015383100253529847,0.00010022599599324167,0.0014918349916115403,0.01836180999816861,0.01985364498978015,50.36858473669492,0
35,0.7200871509994613,-0.08523255983461553,-0.9608760637095948,1.135815445576803,-1.6606275043883265,-1.458038632069723,0.11982180923223495,-0.20452389121055603,-1.3745722770690918,-0.7956106662750244,-0.5551439523696899,-0.06467530131340027,0.1377059817314148,-0.21545279026031494,-1.7684659957885742,-1.2824960947036743,-0.8585343360900879,0.0802350640296936,0.12369722127914429,-0.2235571108472484,0.2230247110904863,-0.11027551779232195,-0.01838264652264917,0.019894827751047853,0.1574878636170381,-0.10494821,-0.9282579,1.1483197,-1.6691184,-1.4606528,0.122184284,-0.10494821,-0.9282579,1.1483197,-1.6691184,-1.4606528,0.122184284,-0.08523256331682205,-0.9608760476112366,1.1358155012130737,-1.6606274843215942,-1.4580386877059937,0.11982180923223495,-0.49289104,0.8154546,0.31260464,-0.21227413,-0.06535303,0.059061807,-0.41691378,0.0,0.0,0.0,0.0,0.013431374999999999,53.7255,False,0,0.4255167707018992,0.1219023886106196,0.07251104985569784,0.4200606609397089,0.11046752309812881,0.03351972030034245,0.06476767905446823,0.003490153329567679,-0.0014213888177193705,0.9978932754148626,-0.03961651,0.25913167,0.20314422,0.5120318369520808,3.585498780012131e-05,0.0001338379952358082,0.0005519009864656255,0.00029702500614803284,0.00014985499728936702,0.00011125799210276455,0.0016517350013600662,0.018153967990656383,0.01980570299201645,50.490507729167376,0
36,0.7400922270026058,-0.08828384080995733,-0.9562950891307374,1.1375115553485315,-1.6618930302061976,-1.4586651960956019,0.12012495845556259,-0.23865491151809692,-1.3138039112091064,-0.7537379264831543,-0.5751939415931702,-0.06804348528385162,0.11689495295286179,-0.21115660667419434,-1.7733006477355957,-1.2790764570236206,-0.852672278881073,0.08176006376743317,0.12331262975931168,-0.3475874737754227,0.2784155374434621,-0.12080019114457849,-0.026492642704115846,0.017295592136477717,0.14731639447669403,-0.106674604,-0.92358667,1.1499801,-1.6704971,-1.4602379,0.122627206,-0.106674604,-0.92358667,1.1499801,-1.6704971,-1.4602379,0.122627206,-0.08828384429216385,-0.9562950730323792,1.1375116109848022,-1.6618930101394653,-1.4586652517318726,0.12012495845556259,-0.459769,0.81771,0.31171066,-0.2151015,-0.03931629,0.06255627,-0.39023754,0.0,0.0,0.0,0.0,0.013431374999999999,53.7255,False,0,0.425336023746293,0.12050397010666605,0.0702188525963397,0.4202212281858732,0.11065087410498675,0.03351500072306579,0.06332329425829408,0.0037499245974237467,-0.0016959529558190183,0.9979845944415601,-0.03961651,0.25913167,0.20314422,0.5121243651097823,3.4465003409422934e-05,0.00010999299411196262,0.0005188189970795065,0.00028506699891295284,0.00015008200716692954,9.392399806529284e-05,0.0014979510015109554,0.018318495000130497,0.019816446001641452,50.46313551467136,0
37,0.7601277670037234,-0.09127217928041631,-0.9517681759646912,1.1392157713519495,-1.663133283654684,-1.45917255083193,0.12042798846960068,-0.2160494029521942,-1.312511682510376,-0.7583223581314087,-0.5864787697792053,-0.09026855230331421,0.1532161682844162,-0.20459413528442383,-1.775716781616211,-1.272207260131836,-0.8440245389938354,0.08292632550001144,0.12279485911130905,-0.20384102238847676,0.3661495106619709,0.0295168806511205,-0.00827355526486168,-0.0006091148202416012,0.15189494896806124,-0.10829758,-0.9190938,1.1515597,-1.6718353,-1.4597667,0.12303422,-0.10829758,-0.9190938,1.1515597,-1.6718353,-1.4597667,0.12303422,-0.09127218276262283,-0.951768159866333,1.1392158269882202,-1.6631332635879517,-1.4591726064682007,0.12042798846960068,-0.42563492,0.8168593,0.30859682,-0.21755148,-0.014853103,0.06515568,-0.3616228,0.0,0.0,0.0,0.0,0.013431374999999999,53.7255,False,0,0.42512932272518905,0.11916402323747312,0.06795185876373419,0.42039937911701003,0.11058374717458885,0.033471383504181475,0.0624892591425828,0.0025168335200508735,-0.0004111530026476157,0.9980423758457904,-0.03961651,0.25913167,0.20314422,0.5123182371903113,5.376699846237898e-05,0.00016311299987137318,0.0007655340014025569,0.0003105329960817471,0.0002653260016813874,0.00012114799756091088,0.0020830660068895668,0.017712068001856096,0.019795134008745663,50.517465532599644,0
38,0.7800789890025044,-0.09409124055971319,-0.9472297591022034,1.1408732573138636,-1.664356370965475,-1.4595945517169397,0.12072717398405075,-0.22382420301437378,-1.342132568359375,-0.7478926777839661,-0.5804305076599121,-0.0591038353741169,0.15453961491584778,-0.18931080400943756,-1.7805683612823486,-1.271125316619873,-0.8407348990440369,0.08974283933639526,0.12202664464712143,-0.42918277823152623,0.38502535213841294,0.025579535116502558,-0.015851441986238075,0.015218384088171099,0.1430257045073001,-0.10949634,-0.9146637,1.1532798,-1.6729978,-1.4591553,0.12342215,-0.10949634,-0.9146637,1.1532798,-1.6729978,-1.4591553,0.12342215,-0.09409124404191971,-0.9472297430038452,1.1408733129501343,-1.6643563508987427,-1.4595946073532104,0.12072717398405075,-0.38512737,0.814152,0.31016237,-0.21603756,0.010982938,0.06737447,-0.32780477,0.0,0.0,0.0,0.0,0.013431374999999999,53.7255,False,0,0.42489604182014645,0.11791874377353258,0.06569750660820547,0.42038836249357664,0.11061406222592773,0.033472481910680196,0.062474644485667974,0.0031204748633273435,-0.0008904695365106463,0.998041271825661,-0.03961651,0.25913167,0.20314422,0.5122991922113463,3.7040008464828134e-05,0.00011865199485328048,0.0004914619930787012,0.0003638689959188923,0.0001511759910499677,9.531600517220795e-05,0.0015780660032760352,0.018200061997049488,0.019778128000325523,50.56090242633384,0
39,0.8002044080058113,-0.09674579301942998,-0.9426006835750123,1.1426375547992151,-1.6655580006041468,-1.4598668257342737,0.12103962898254395,-0.19656617939472198,-1.3472949266433716,-0.7771573662757874,-0.5918918251991272,-0.03946152329444885,0.160664364695549,-0.17934325337409973,-1.7897437810897827,-1.2733423709869385,-0.8395366072654724,0.09490608423948288,0.12129069119691849,-0.01249903542492731,0.43538457097017097,0.0028612446638323075,-0.012986480505886414,-0.006020455056745273,0.14396872097210006,-0.11031509,-0.9102423,1.1549842,-1.6743052,-1.4583791,0.12379344,-0.11031509,-0.9102423,1.1549842,-1.6743052,-1.4583791,0.12379344,-0.0967457965016365,-0.942600667476654,1.1426376104354858,-1.6655579805374146,-1.4598668813705444,0.12103962898254395,-0.33923236,0.8089592,0.30866545,-0.21867992,0.037192207,0.068845265,-0.28848854,0.0,0.0,0.0,0.0,0.013431374999999999,53.7255,False,0,0.42458765325501424,0.11678610912485742,0.06338343596619234,0.4204487970258502,0.11064699788058022,0.03341319195406134,0.06265151291980792,0.0031973234417002542,-0.0011464363417309116,0.9980296869531655,-0.03961651,0.25913167,0.20314422,0.5123635501891642,3.635199391283095e-05,0.00011103200085926801,0.0005899899988435209,0.00034407200291752815,0.00017030299932230264,9.811700147110969e-05,0.001641660011955537,0.018317214999115095,0.01995887501107063,50.1030243160162,0
40,0.8201293949969113,-0.09924441972841436,-0.9379585546306153,1.1443946997271937,-1.6667362652220667,-1.4599393049823206,0.12139892578125,-0.21246764063835144,-1.383641004562378,-0.7804197072982788,-0.6073274612426758,-0.01706886477768421,0.15237678587436676,-0.16525426506996155,-1.7973759174346924,-1.2710844278335571,-0.8336212038993835,0.17724771797657013,0.12018825113773346,-0.24567208032621626,0.23238023367180294,-0.2318026828877887,-0.02044981658570801,-0.006936504890938076,0.14401686704177996,-0.110731244,-0.9059521,1.1567754,-1.6754987,-1.4573987,0.12418283,-0.110731244,-0.9059521,1.1567754,-1.6754987,-1.4573987,0.12418283,-0.09924442321062088,-0.9379585385322571,1.1443947553634644,-1.6667362451553345,-1.4599393606185913,0.12139892578125,-0.2871706,0.8001616,0.3095141,-0.21906267,0.06351801,0.06959754,-0.24144854,0.0,0.0,0.0,0.0,0.013431374999999999,53.7255,False,0,0.42424545425812255,0.11577068901654565,0.061073847455876434,0.4204050669465501,0.11069678973593225,0.033461433065766225,0.062054698998033675,0.004829364390207111,-0.002380559522877343,0.9980582062371497,-0.03961651,0.25913167,0.20314422,0.512293874855648,3.554800059646368e-05,0.00011078998795710504,0.000518482003826648,0.00035828500404022634,0.00014605000615119934,9.748899901751429e-05,0.0015730370068922639,0.018209945992566645,0.01978298299945891,50.54849412888599,0
41,0.8400872610072838,-0.10145217577089483,-0.9334708613208313,1.1461074987994593,-1.667966981927389,-1.4599068800555628,0.12180142104625702,-0.20708590745925903,-1.389235258102417,-0.7535070776939392,-0.576400876045227,0.09515342861413956,0.15804265439510345,-0.15053144097328186,-1.803363561630249,-1.267809510231018,-0.8276864290237427,0.2802189290523529,0.11901189386844635,-0.1886592627639858,0.24146013391114138,-0.24569648050192505,-0.014951873276787566,-0.012395651620584262,0.1474043941913626,-0.110866755,-0.90201724,1.1586568,-1.6766288,-1.4564712,0.12460162,-0.110866755,-0.90201724,1.1586568,-1.6766288,-1.4564712,0.12460162,-0.10145217925310135,-0.9334708452224731,1.14610755443573,-1.6679669618606567,-1.4599069356918335,0.12180142104625702,-0.2353644,0.7863402,0.31373236,-0.21654773,0.08589437,0.07000498,-0.18796144,0.0,0.0,0.0,0.0,0.013431374999999999,53.7255,False,0,0.42389689824143406,0.11490285717782864,0.05884927657032937,0.4202607522226529,0.11061218621559211,0.03353319347796635,0.06351834289560432,0.0039200456013925205,-0.002007692145029577,0.9979709808421221,-0.03961651,0.25913167,0.20314422,0.512165046433137,3.522499173413962e-05,0.0001097470085369423,0.00047324399929493666,0.00027843100542668253,0.00017444699187763035,0.00011366499529685825,0.0015189629921223968,0.018243776008603163,0.01976273900072556,50.6002735735814,0
42,0.8601224500016542,-0.1034167448626917,-0.9289118212512513,1.1478083769427698,-1.6691423855223597,-1.4597480932818812,0.12218489497900009,-0.21150338649749756,-1.409864068031311,-0.7558784484863281,-0.6187063455581665,0.14342637360095978,0.13831780850887299,-0.13470761477947235,-1.8095178604125977,-1.2631750106811523,-0.8204283714294434,0.38116443157196045,0.1178818866610527,-0.029244890741729,0.3305816086301141,-0.1643012300222305,-0.020496537491072768,-0.027305741462361054,0.14717064814352254,-0.11054401,-0.8981721,1.1603225,-1.6779064,-1.4553497,0.12496249,-0.11054401,-0.8981721,1.1603225,-1.6779064,-1.4553497,0.12496249,-0.10341674834489822,-0.9289118051528931,1.1478084325790405,-1.6691423654556274,-1.4597481489181519,0.12218489497900009,-0.17818165,0.7684935,0.31285366,-0.21910019,0.10996016,0.069439776,-0.13012867,0.0,0.0,0.0,0.0,0.013431374999999999,53.7255,False,0,0.4234933053843249,0.11417271802847731,0.05660264400423923,0.42025386718024826,0.11062342973668647,0.033538019193674974,0.06342664163472533,0.004098926229833678,-0.0019444392548176315,0.9979761786108775,-0.03961651,0.25913167,0.20314422,0.5121540058253446,3.375699452590197e-05,0.00010543900134507567,0.000474935004604049,0.0003389180055819452,0.00015784699644427747,8.914399950299412e-05,0.0014758210018044338,0.018403986003249884,0.019879807005054317,50.30229919967313,0
43,0.8801207479991717,-0.10513383546938115,-0.9244077962687989,1.1495688597308558,-1.6704102955260218,-1.4595516363727015,0.12257953733205795,-0.21332937479019165,-1.418046236038208,-0.773370623588562,-0.5980347990989685,0.1749308854341507,0.15734942257404327,-0.1231842190027237,-1.821472406387329,-1.2603965997695923,-0.8140779733657837,0.3845449686050415,0.11712221056222916,-0.0745510621846181,0.4545756028981268,-0.20539623490962006,-0.01815330998626878,-0.03386029548374496,0.1503502803304996,-0.10989682,-0.8946452,1.1619897,-1.6792405,-1.4542273,0.12530336,-0.10989682,-0.8946452,1.1619897,-1.6792405,-1.4542273,0.12530336,-0.10513383895158768,-0.9244077801704407,1.1495689153671265,-1.6704102754592896,-1.4595516920089722,0.12257953733205795,-0.11907437,0.7440649,0.310518,-0.2207549,0.13311005,0.06809563,-0.06819033,0.0,0.0,0.0,0.0,0.013431374999999999,53.7255,False,0,0.42305945207192586,0.11355833585175848,0.054373028326369366,0.42023818234599203,0.11059697913016193,0.03354616337376824,0.06344146603718681,0.00404330324113562,-0.0019969131220101723,0.9979753804963452,-0.03961651,0.25913167,0.20314422,0.5121448958768918,4.802999319508672e-05,0.0001108659926103428,0.0004577910003717989,0.00024369799939449877,0.00013923499500378966,9.175199375022203e-05,0.0014242949982872233,0.01836440499755554,0.019788699995842762,50.53389056431607,0
44,0.9001807769964216,-0.10658675829042608,-0.9199936550906678,1.151405159627096,-1.671640535394186,-1.4591739813434046,0.12293171882629395,-0.15725219249725342,-1.4138461351394653,-0.8162827491760254,-0.6058225631713867,0.20944300293922424,0.17263077199459076,-0.11075987666845322,-1.83368980884552,-1.2609844207763672,-0.8109834790229797,0.3888804018497467,0.11618170142173767,-0.07107174084529365,0.4524482149047937,-0.3010230936918067,-0.016749517116391714,-0.03212135562381384,0.14908738214127168,-0.10895747,-0.89150083,1.1636014,-1.6805959,-1.4529786,0.12557606,-0.10895747,-0.89150083,1.1636014,-1.6805959,-1.4529786,0.12557606,-0.1065867617726326,-0.9199936389923096,1.1514052152633667,-1.6716405153274536,-1.4591740369796753,0.12293171882629395,-0.059267722,0.7123195,0.30490404,-0.22388466,0.15488492,0.06610846,-0.003608658,0.0,0.0,0.0,0.0,0.013431374999999999,53.7255,False,0,0.4225652940745416,0.11310353296627204,0.05216712079626101,0.4202492454850479,0.11062186241968755,0.03353368626502799,0.06356466213737627,0.0038872478129260237,-0.0019799967989889908,0.9979681831161035,-0.03961651,0.25913167,0.20314422,0.5121517453511589,3.456500417087227e-05,0.00010207999730482697,0.0004142420075368136,0.00028522500360850245,0.00013768200005870312,9.758399392012507e-05,0.0013460439949994907,0.0185429289995227,0.01988897299452219,50.2791169898727,0
45,0.9201344670000253,-0.1077202002154749,-0.9156174224666138,1.153102223073141,-1.6728741131224574,-1.4585755507098597,0.12334977090358734,-0.1761157512664795,-1.377681016921997,-0.8117443323135376,-0.6104722619056702,0.2003941535949707,0.18101593852043152,-0.10142647475004196,-1.8480818271636963,-1.263195514678955,-0.8095389008522034,0.3921132981777191,0.115296870470047,-0.06854031596045897,0.14623446184679642,-0.26099060584900424,-0.030347552164013213,-0.04127880295883435,0.1528091361255599,-0.10790001,-0.8887464,1.1650679,-1.6818801,-1.4516857,0.12591307,-0.10790001,-0.8887464,1.1650679,-1.6818801,-1.4516857,0.12591307,-0.10772020369768143,-0.9156174063682556,1.1531022787094116,-1.672874093055725,-1.4585756063461304,0.12334977090358734,-0.0044951322,0.67177606,0.29914087,-0.22515127,0.17224807,0.064082384,0.06097668,0.008130224049091337,0.0012195336073637009,0.00020325560122728346,0.0,0.013431374999999999,53.7255,False,0,0.42207450563004,0.1128332661953865,0.05002300193017023,0.42023587546994456,0.11066073365309707,0.033478780016828864,0.06333738602069766,0.0039251535502735704,-0.0014974876833549755,0.9979833117180983,-0.03961651,0.25913167,0.20314422,0.5121466567147303,3.475300036370754e-05,0.00011049301247112453,0.00046636900515295565,0.0002763889933703467,0.00013658599345944822,9.046599734574556e-05,0.0014077820087550208,0.018179977996624075,0.019587760005379096,51.052289783282255,0
46,0.9400969429989345,-0.10854751268495733,-0.911433295612671,1.154839340840475,-1.6740809879698695,-1.4578893820392054,0.12371407449245453,-0.1798255294561386,-1.4306708574295044,-0.7868271470069885,-0.6157947182655334,0.22127743065357208,0.1915719211101532,-0.09518881142139435,-1.8656014204025269,-1.2670750617980957,-0.8093229532241821,0.39462846517562866,0.11437101662158966,0.13095724344156146,0.41358440560275606,-0.3970438277920414,-0.029623665845514097,-0.05452868026114345,0.1546772417573063,-0.1064257,-0.8870826,1.1664461,-1.6829755,-1.4504313,0.1262175,-0.1064257,-0.8870826,1.1664461,-1.6829755,-1.4504313,0.1262175,-0.10854751616716385,-0.9114332795143127,1.1548393964767456,-1.6740809679031372,-1.457889437675476,0.12371407449245453,0.053045433,0.6087669,0.29016873,-0.22236474,0.1864526,0.06258573,0.1273095,0.031880010912815726,0.003765723630785942,0.0007970002728203932,0.00040651121526025236,0.013431374999999999,53.7255,False,0,0.4215418216312565,0.11271489915199476,0.04795164251758577,0.4202483518599504,0.11063980658317976,0.033507509068080844,0.06355160297413082,0.0038630857100733157,-0.001524961554089193,0.9979699374372136,-0.03961651,0.25913167,0.20314422,0.5121544097900571,3.472699609119445e-05,0.00010487600229680538,0.00041736700222827494,0.0002950289926957339,0.0001412879937561229,0.00016823499754536897,0.0014545710000675172,0.0183444409922231,0.019799011992290616,50.50757080148152,0
47,0.9601227450039005,-0.1090620199786585,-0.9073770803264161,1.1565759817706507,-1.675366064111227,-1.4571035544024866,0.12410075962543488,-0.15186576545238495,-1.4876582622528076,-0.807363748550415,-0.6121311187744141,0.2228241264820099,0.18796758353710175,-0.09638844430446625,-1.8847978115081787,-1.272972583770752,-0.8101367950439453,0.39497610926628113,0.11410944163799286,0.17062828816699235,0.3753156830137244,-0.49496277835477065,-0.02462410695398431,-0.05595746940475345,0.15565007096221348,-0.10423607,-0.88765836,1.1677771,-1.6836286,-1.449215,0.12665936,-0.10423607,-0.88765836,1.1677771,-1.6836286,-1.449215,0.12665936,-0.10906202346086502,-0.9073770642280579,1.1565760374069214,-1.6753660440444946,-1.4571036100387573,0.12410075962543488,0.12064886,0.49296772,0.28002656,-0.20656285,0.19721507,0.06396503,0.1920634,0.07727995411389403,0.00760699175298214,0.0019319988528473508,0.0015940004959702492,0.013431374999999999,53.7255,False,0,0.42099890457668254,0.1127500601701379,0.045942907843318476,0.4202851907858405,0.11062517953623202,0.03349582393085147,0.06354977241914067,0.0036515181322329237,-0.0014485212302511354,0.9979709582232104,-0.03961651,0.25913167,0.20314422,0.5121955988503009,5.04769996041432e-05,0.00014659500448033214,0.00061852800718043,0.0002925750013673678,0.00020597399270627648,0.00011388599523343146,0.001838113006670028,0.01798200600023847,0.0198201190069085,50.453783837092004,0
48,0.9801288540038513,-0.10922271410097295,-0.90343131244693,1.1582801977740687,-1.676647802392477,-1.4561784903155726,0.12445612996816635,-0.010021723806858063,-1.510485291481018,-0.8236415982246399,-0.6051867008209229,0.2502070963382721,0.1968965083360672,0.11179771274328232,-1.9206109046936035,-1.2856311798095703,-0.812515914440155,0.3966406583786011,0.1136203482747078,0.08655870225533982,0.5436738030391473,-0.4982516906201566,-0.03325949509762918,-0.06725174697105779,0.15682872534285067,-0.10158432,-0.8928491,1.1690841,-1.6833403,-1.448211,0.1272047,-0.10158432,-0.8928491,1.1690841,-1.6833403,-1.448211,0.1272047,-0.10922271758317947,-0.9034312963485718,1.1582802534103394,-1.6766477823257446,-1.4561785459518433,0.12445612996816635,0.19095981,0.2645557,0.27009535,-0.16731468,0.1991903,0.068714164,0.25571105,0.14920804662698947,0.012721212729811669,0.003730201165674737,0.003863997757434845,0.013431374999999999,53.7255,False,0,0.4204309127974376,0.1129659359934554,0.04399450896095153,0.4202567182349367,0.11065797405125063,0.0334793845133006,0.06342080275723755,0.003738249438063227,-0.0015012323602662143,0.9979787450750386,-0.03961651,0.25913167,0.20314422,0.5121659710815519,3.363400173839182e-05,0.00010442199709359556,0.0004330319934524596,0.00032591800845693797,0.00016140298976097256,8.918900857679546e-05,0.001423002002411522,0.018419519998133183,0.019842522000544704,50.39681951581299,0
49,1.0001502929953858,-0.10899526277651006,-0.8999203604510804,1.1598981062518519,-1.6778937778868617,-1.4551461378680628,0.12482742220163345,0.23176729679107666,-1.578689694404602,-0.8211961984634399,-0.617965817451477,0.2537722885608673,0.19731660187244415,0.3608241081237793,-1.9947750568389893,-1.3128432035446167,-0.8206498026847839,0.40375658869743347,0.11287207156419754,0.20772385643233038,0.40628132526801697,-0.8348993401794972,-0.035279075038418484,-0.06899291910014382,0.15701632876113095,-0.09970044,-0.9053531,1.1700826,-1.6818786,-1.4476625,0.12767039,-0.09970044,-0.9053531,1.1700826,-1.6818786,-1.4476625,0.12767039,-0.10899526625871658,-0.8999203443527222,1.1598981618881226,-1.6778937578201294,-1.4551461935043335,0.12482742220163345,0.23237054,-0.13582009,0.25461107,-0.0996214,0.18709221,0.07107419,0.30325374,0.24958195573086905,0.018786287531256676,0.006239548893271727,0.007460402324795723,0.013431374999999999,53.7255,False,0,0.41987724874677074,0.11336398792490125,0.04224885673479273,0.42027500683195496,0.11063239052345845,0.0334718720449308,0.06310534872038487,0.003954167043699438,-0.0015775152503070614,0.9979978150238613,-0.03961651,0.25913167,0.20314422,0.5121922978891407,3.589800326153636e-05,0.00010910999844782054,0.0004931199946440756,0.00033736199839040637,0.00017524100258015096,9.665099787525833e-05,0.001540153010864742,0.018296022986760363,0.019836175997625105,50.41294250059716,0
50,1.020140681997873,-0.10843354860414678,-0.8969378036311646,1.1614587942706507,-1.6790439091124476,-1.4540017286883753,0.12519033253192902,0.23650005459785461,-1.7107912302017212,-0.8592827320098877,-0.6416333317756653,0.22407415509223938,0.20313452184200287,0.3805725574493408,-2.1487579345703125,-1.3731060028076172,-0.8429819941520691,0.41463443636894226,0.11198585480451584,0.4648891176483432,0.012819724234383656,-1.4146427268343085,-0.03833908283856202,-0.07705522141329636,0.1594518413490902,-0.09980212,-0.91918457,1.1703991,-1.6797892,-1.446997,0.12734096,-0.09980212,-0.91918457,1.1703991,-1.6797892,-1.446997,0.12734096,-0.1084335520863533,-0.8969377875328064,1.1614588499069214,-1.6790438890457153,-1.454001784324646,0.12519033253192902,0.21578576,-0.5561701,0.22350433,-0.018632175,0.17511779,0.053765688,0.2993192,0.37313610767320926,0.024772671684622764,0.009328402691830232,0.012479097582399845,0.013431374999999999,53.7255,False,0,0.4193332711751397,0.11392325774689546,0.04073292262474934,0.420268024964596,0.11061665300116266,0.03350617329019562,0.06336589335403525,0.0038977275154869254,-0.001393989961254543,0.9979817771267705,-0.03961651,0.25913167,0.20314422,0.5121792301162105,3.696500789374113e-05,0.00011447399447206408,0.0005631550011457875,0.0012917870044475421,0.00017630700313020498,0.00010883000504691154,0.0026346670056227595,0.016987516995868646,0.019622184001491405,50.962726673238514,0
51,1.040101284001139,-0.10763580003847295,-0.8950218123248597,1.162900749837057,-1.6801148853697718,-1.4529174009906214,0.12554962933063507,0.3178853988647461,-1.8840529918670654,-0.9058416485786438,-0.651450514793396,0.2517785131931305,0.2130691111087799,0.3676477372646332,-2.416630506515503,-1.488406777381897,-0.8957447409629822,0.4196222722530365,0.11165331304073334,0.27556398064627563,-0.16969569516318675,-2.4453610238407197,-0.04189498284819234,-0.07188523846058442,0.1584803608610364,-0.101006806,-0.92484885,1.1695242,-1.6793872,-1.444734,0.12613016,-0.101006806,-0.92484885,1.1695242,-1.6793872,-1.444734,0.12613016,-0.10763580352067947,-0.8950217962265015,1.1629008054733276,-1.6801148653030396,-1.452917456626892,0.12554962933063507,0.16572487,-0.74567705,0.16558471,0.018190708,0.20458652,0.01451328,0.19785456,0.4776134230610077,0.028729762956500052,0.011940335576525192,0.018656805157661438,0.0002941175,1.17647,False,3,0.41888988108927755,0.11455268590325052,0.03967504239862471,0.420237741183361,0.11064752267519648,0.03348908643511425,0.06324417198964633,0.004057109181780938,-0.0015114477879766136,0.9979886970189553,-0.03961651,0.25913167,0.20314422,0.5121487477094134,3.375000960659236e-05,0.00010270799975842237,0.000509106001118198,0.00030712599982507527,0.000251861012657173,9.10680100787431e-05,0.0016282270080409944,0.018157747996156104,0.0197859750041971,50.54085026327361,0
52,1.0600961730087874,-0.1066063086139124,-0.8950213950923462,1.1643031279193323,-1.6809946499266566,-1.4518678824054163,0.12594860792160034,0.31498587131500244,-2.447922468185425,-0.9627601504325867,-0.6577677130699158,0.23099027574062347,0.17662999033927917,0.2932465672492981,-3.40189528465271,-1.5763188600540161,-0.9409087896347046,0.4044233560562134,0.11127257347106934,-0.4467886535627872,-0.2146956304333891,-3.443384580503101,-0.045387831548686794,-0.056303895649009325,0.15513130690225152,-0.10143562,-0.9261732,1.1688341,-1.6815317,-1.4415312,0.12564829,-0.10143562,-0.9261732,1.1688341,-1.6815317,-1.4415312,0.12564829,-0.10660631209611893,-0.895021378993988,1.164303183555603,-1.6809946298599243,-1.451867938041687,0.12594860792160034,0.12926742,-0.77879524,0.11327277,-0.013425884,0.25841856,-0.007507789,0.062085893,0.5646778525508397,0.029971480816602704,0.014116946313770994,0.023880671709775925,0.0002941175,1.17647,False,3,0.41859548317998757,0.11525129077864069,0.03939237059503406,0.4202872594527304,0.11064698556656218,0.033438673067639035,0.06336802448541401,0.0035207102605606493,-0.0010492945684417547,0.9979834755884796,-0.03961651,0.25913167,0.20314422,0.5122100666965029,4.840600013267249e-05,0.00014467899745795876,0.0007497300102841109,0.00028280600963626057,0.00023712699476163834,0.0001115909981308505,0.002027651993557811,0.017752105006366037,0.019779756999923848,50.55673838681891,0
53,1.0801188659970649,-0.10544473329652959,-0.897233323459961,1.1655095259295862,-1.6813651523985804,-1.45091420808901,0.12627653777599335,0.25142717361450195,-2.4154775142669678,-0.8723070621490479,-0.5839661955833435,0.23831290006637573,0.1731141209602356,0.1991952806711197,-3.252582311630249,-1.5403050184249878,-0.9209603667259216,0.3800728917121887,0.11016175895929337,-0.1812279964076271,-0.32993488763684853,-2.1743009411754937,-0.05105265839964857,-0.05686858397279932,0.15393283377912548,-0.10120801,-0.9279394,1.1693574,-1.684009,-1.438237,0.12575527,-0.10120801,-0.9279394,1.1693574,-1.684009,-1.438237,0.12575527,-0.10544473677873611,-0.8972333073616028,1.165509581565857,-1.6813651323318481,-1.4509142637252808,0.12627653777599335,0.10591818,-0.7676521,0.09619532,-0.06609651,0.3169336,-0.013031812,-0.0751694,0.6372315437923665,0.028468092828989027,0.01593078859480916,0.02823389321565628,0.0002941175,1.17647,False,3,0.41846348674901346,0.11596302225695228,0.0400263607245997,0.4202683483986454,0.11058753652537444,0.03356313472086839,0.06338952281306748,0.004010385301157813,-0.0018073193280953963,0.9979791769277444,-0.03961651,0.25913167,0.20314422,0.5121691011329966,3.3962991437874734e-05,0.00010732699593063444,0.0005313250003382564,0.00027243899239692837,0.00014331699640024453,9.15790005819872e-05,0.0015292180032702163,0.018288212988409214,0.01981743099167943,50.46062733458545,0
54,1.100127085999702,-0.10434276262392217,-0.900951163177826,1.1665461699115198,-1.6813751659789027,-1.4498136679278772,0.12641309201717377,0.1674438714981079,-2.003222942352295,-0.8243801593780518,-0.44286730885505676,0.25251370668411255,0.1499602347612381,0.15669725835323334,-2.9384071826934814,-1.441085696220398,-0.7760605216026306,0.3700672388076782,0.049679894000291824,1.131116047454198,-0.3231967438559372,-0.4105360282272035,-0.05720262236331265,-0.08848640348341542,0.1580382983290324,-0.10113734,-0.9304892,1.1710844,-1.6859686,-1.4349936,0.12597339,-0.10113734,-0.9304892,1.1710844,-1.6859686,-1.4349936,0.12597339,-0.10434276610612869,-0.9009511470794678,1.1665462255477905,-1.6813751459121704,-1.449813723564148,0.12641309201717377,0.08013567,-0.73845065,0.11345518,-0.11483879,0.37050238,-0.010992675,-0.21006557,0.6928048288930452,0.024266781359910963,0.01732012072232613,0.031861577183008194,0.0002941175,1.17647,False,3,0.41846971406528455,0.11667054471807453,0.04129839062585103,0.42027839971274616,0.11064914849812064,0.03351119505341489,0.06361206976218209,0.004101517084133466,-0.001672649572373161,0.9979649025397355,-0.03961651,0.25913167,0.20314422,0.5121774608677241,3.358400135766715e-05,0.00010500098869670182,0.0005496849917108193,0.00025857500440906733,0.00014186299813445657,8.967799658421427e-05,0.0015222860092762858,0.01831872799084522,0.019841014000121504,50.40064988583124,0
55,1.1201233780011535,-0.10341245332826787,-0.9050270479968567,1.167532745991842,-1.6813703976073207,-1.448423210774557,0.12642499804496765,0.12815822660923004,-1.8978774547576904,-0.7806808352470398,-0.4885273277759552,0.2548738121986389,0.08938668668270111,0.1602972447872162,-2.6971418857574463,-1.3465874195098877,-0.8132638335227966,0.37243708968162537,-0.033432114869356155,1.339852665052077,-0.714358780134712,-0.08516569355532005,-0.07823352780495983,-0.09594770115892343,0.17343931153728198,-0.10127581,-0.93315274,1.1734135,-1.687205,-1.4319602,0.12617348,-0.10127581,-0.93315274,1.1734135,-1.687205,-1.4319602,0.12617348,-0.1034124568104744,-0.9050270318984985,1.1675328016281128,-1.6813703775405884,-1.4484232664108276,0.12642499804496765,0.053416234,-0.70314324,0.14701688,-0.14586584,0.41157582,-0.0062877927,-0.32094386,0.6963233848503062,0.017847904115915296,0.017408084621257657,0.03464024141430855,0.0002941175,1.17647,False,3,0.41854965591252413,0.11736928736669491,0.042735240207598196,0.42019388237747396,0.11066897821422933,0.03351595070866149,0.06344737751299812,0.003593143405307018,-0.0015673198420775823,0.997977488172674,-0.03961651,0.25913167,0.20314422,0.5120942478005761,3.394200757611543e-05,0.000106154999230057,0.000523041991982609,0.00026828500267583877,0.00013946399849373847,8.963400614447892e-05,0.0015174400032265112,0.018126477996702306,0.019643917999928817,50.90634159660123,0
56,1.1400994319992606,-0.10273772874941045,-0.9090770047954102,1.16827899614443,-1.681470056573385,-1.4468234221087855,0.12642861902713776,0.12754149734973907,-1.970826268196106,-0.7587011456489563,-0.5706214308738708,0.26109907031059265,0.01858321949839592,0.17146256566047668,-2.556480646133423,-1.2726969718933105,-0.8327810764312744,0.37421464920043945,-0.06771668046712875,0.32754733152579835,-0.6645751890144402,-0.16952597493447363,-0.07628398888336782,-0.06276968673957822,0.13502708664335397,-0.10104008,-0.93615234,1.1750785,-1.6872836,-1.4304606,0.12651557,-0.10104008,-0.93615234,1.1750785,-1.6872836,-1.4304606,0.12651557,-0.10273773223161697,-0.909076988697052,1.1682790517807007,-1.6814700365066528,-1.4468234777450562,0.12642861902713776,0.04244136,-0.67688453,0.16998707,-0.14534074,0.40907365,0.0021735434,-0.3596525,0.6513018495581903,0.010654854327440259,0.016282546238954757,0.03481616824865341,0.0002941175,1.17647,False,3,0.41875419439214384,0.1180009150835708,0.04423412975525043,0.4201651027896624,0.11065284270189304,0.033528082834093455,0.06327510655969387,0.003426256512327324,-0.0015146378401530262,0.9979891079852089,-0.03961651,0.25913167,0.20314422,0.5120690663371017,0.00021645899687428027,0.00010371700045652688,0.0004973350005457178,0.00036737299524247646,0.0001455430028727278,8.737000462133437e-05,0.0017547010065754876,0.018042858995613642,0.01979756000218913,50.51127512124849,0
57,1.1600981530064018,-0.10227376619447881,-0.9130872649005433,1.168997589741842,-1.6818739376463832,-1.444937531148092,0.1264045089483261,0.19559942185878754,-2.028782844543457,-0.754512369632721,-0.6060534119606018,0.2919034957885742,-0.02291824296116829,0.17843618988990784,-2.4755821228027344,-1.2185457944869995,-0.8017826080322266,0.37188154458999634,-0.06843612343072891,0.23274797768322736,-0.29223923959233916,-0.7567024016088865,-0.05945874234622649,-0.05405786528428149,0.1551660978201972,-0.10031475,-0.9397987,1.1758382,-1.68688,-1.4304954,0.12695774,-0.10031475,-0.9397987,1.1758382,-1.68688,-1.4304954,0.12695774,-0.10227376967668533,-0.9130872488021851,1.1689976453781128,-1.6818739175796509,-1.4449375867843628,0.1264045089483261,0.048975404,-0.6677864,0.17101593,-0.12515262,0.36105448,0.013830855,-0.32543382,0.5703927274166178,0.004146177917718884,0.014259818185415446,0.03256509080529213,0.0002941175,1.17647,False,3,0.419063896621092,0.1186038649458819,0.04574861273971967,0.4202267361152228,0.1106525531002625,0.03350431438515035,0.0635233084468409,0.003934005592907241,-0.0014508995553338365,0.9979715584247246,-0.03961651,0.25913167,0.20314422,0.5121323635811956,4.7577996156178415e-05,0.0001479980128351599,0.0006898319988977164,0.00031023799965623766,0.00022802699822932482,0.00011114800872746855,0.0019869910029228777,0.017805985000450164,0.019792976003373042,50.52297339367177,0
58,1.1801182329945732,-0.10191852251161748,-0.917213038807251,1.1696694532977503,-1.682542463342184,-1.4427169005023401,0.12636876106262207,0.19113600254058838,-1.8563427925109863,-0.7321659326553345,-0.6071529984474182,0.2862672209739685,-0.0514247827231884,0.1908913105726242,-2.4484198093414307,-1.1974596977233887,-0.7810709476470947,0.36391347646713257,-0.047896530479192734,0.9839812213540149,0.20023181992094474,-0.025465086819863356,-0.029554223655380296,-0.06983852211580635,0.14913111940220825,-0.09938278,-0.94386715,1.1762598,-1.6863331,-1.4315547,0.12755981,-0.09938278,-0.94386715,1.1762598,-1.6863331,-1.4315547,0.12755981,-0.101918525993824,-0.9172130227088928,1.169669508934021,-1.6825424432754517,-1.4427169561386108,0.12636876106262207,0.063393675,-0.66635317,0.16475543,-0.09476443,0.27905604,0.029776376,-0.2294798,0.4753272728471815,0.0,0.011883181821179539,0.028519636020064354,0.0002941175,1.17647,False,3,0.41948028798184595,0.11923093807836302,0.04734716379844392,0.42063824472819444,0.11173313660022768,0.03361741020016526,0.06686160279207326,0.00733819674609452,-0.0005611275267750279,0.9977351214183668,-0.03961651,0.25913167,0.20314422,0.5121524257835962,3.361499693710357e-05,0.00010832800762727857,0.0005348030099412426,0.0002514640073059127,0.00014358400949276984,0.00011183900642208755,0.0015315700002247468,0.018320858987863176,0.019852428988087922,50.37166991505328,0
59,1.2001212010072777,-0.10155326524843389,-0.9213085931590577,1.170443360005514,-1.6834141216673792,-1.4404194990741175,0.12638795375823975,0.16234619915485382,-1.7708094120025635,-0.6877126693725586,-0.5914254188537598,0.25504231452941895,-0.027153240516781807,0.20990411937236786,-2.469327211380005,-1.2103846073150635,-0.7783327698707581,0.35351938009262085,-0.009760933928191662,0.43262534077253345,-0.1771236223756891,0.3935633222614734,-0.061953422274413625,-0.05429823366046215,0.1380967695855438,-0.0987889,-0.94707274,1.1774536,-1.6863456,-1.4328012,0.1283442,-0.0987889,-0.94707274,1.1774536,-1.6863456,-1.4328012,0.1283442,-0.10155326873064041,-0.9213085770606995,1.1704434156417847,-1.683414101600647,-1.4404195547103882,0.12638795375823975,0.06910908,-0.6441039,0.17525466,-0.073286645,0.19045897,0.048906,-0.11897864,0.39610606070598464,0.0,0.009902651517649616,0.02376636303961277,0.00264705,10.5882,False,0,0.41990714500298476,0.11987929290828225,0.04892280498945881,0.421328711939148,0.11336158593273797,0.03339937325303492,0.07345789772174233,0.0065823146887737,0.0006128197440446147,0.9972764284307096,-0.03961651,0.25913167,0.20314422,0.5123794776656526,3.419499262236059e-05,0.00010383401240687817,0.00048218299343716353,0.0002396890049567446,0.0001387209922540933,9.018299169838428e-05,0.0014174849929986522,0.01841527401120402,0.01983275900420267,50.421628165203565,0
60,1.2201240190042881,-0.1012800375567835,-0.9250978392413636,1.1713178793536585,-1.6842242679991664,-1.4382532278644007,0.1263529360294342,0.1956181675195694,-1.9100544452667236,-0.7181918621063232,-0.572157621383667,0.22196418046951294,0.04762617498636246,0.2263934165239334,-2.5074868202209473,-1.2352848052978516,-0.7861921191215515,0.3425532579421997,0.042593616992235184,0.16949047852686552,-0.6415808690041208,0.03757338238529892,-0.0871275661003422,-0.03386618867252916,0.13397184022412914,-0.09844093,-0.9484991,1.1792808,-1.6872618,-1.432901,0.12888835,-0.09844093,-0.9484991,1.1792808,-1.6872618,-1.432901,0.12888835,-0.10128004103899002,-0.9250978231430054,1.1713179349899292,-1.684224247932434,-1.4382532835006714,0.1263529360294342,0.07097786,-0.5850312,0.19907025,-0.075938016,0.1338067,0.06338547,-0.045163028,0.33008838392165385,0.0,0.008252209598041347,0.0198053028434515,0.00264705,10.5882,False,0,0.4202593706065018,0.12046681418811057,0.050343607456384304,0.4222139262087378,0.11486928877728964,0.033467049359503995,0.07926835121404024,0.0051458522303017545,-0.00046090239564628224,0.9968399078064671,-0.03961651,0.25913167,0.20314422,0.5127273444822131,3.3150994568131864e-05,0.00010530900908634067,0.0005099970003357157,0.0002636819990584627,0.00014395100879482925,0.00014717801241204143,0.0017527320014778525,0.018089653007336892,0.019842385008814745,50.39716745521074,0
61,1.2400870450073853,-0.1010053793536585,-0.9287737768939515,1.1723550001727503,-1.6848951778807582,-1.4365208784686487,0.12643224000930786,0.18915674090385437,-1.9660439491271973,-0.7796631455421448,-0.5784648656845093,0.20966675877571106,0.20224934816360474,0.22652533650398254,-2.5027308464050293,-1.236860752105713,-0.7882180213928223,0.3296732008457184,0.10880286246538162,0.19645794576372136,-0.5219433816087717,-0.21817216757409932,-0.07081808851312,-0.03444322321409054,0.14889314479426186,-0.097873755,-0.94761115,1.1811986,-1.689044,-1.4324203,0.12950945,-0.097873755,-0.94761115,1.1811986,-1.689044,-1.4324203,0.12950945,-0.10100538283586502,-0.9287737607955933,1.172355055809021,-1.6848951578140259,-1.4365209341049194,0.12643224000930786,0.078290634,-0.4709347,0.22108968,-0.103721015,0.102517374,0.07693012,-0.015560144,0.2750736532680449,0.0,0.006876841331701123,0.016504419967532158,0.00264705,10.5882,False,0,0.42050119588111157,0.12096363522770885,0.05165708336001154,0.4230600382309479,0.11654554855307578,0.033585985352076894,0.08726652078317287,0.005845359855596045,-0.0002377643704040075,0.9961678439151351,-0.03961651,0.25913167,0.20314422,0.5129818577175926,3.2729003578424454e-05,0.00010409500100649893,0.0005090440099593252,0.00023072899784892797,0.00013760999718215317,8.978199912235141e-05,0.001429512005415745,0.018368938006460667,0.019798450011876412,50.50900446247733,0
62,1.2601285190030467,-0.1006692091571253,-0.9324557942203064,1.1733210722552698,-1.6853844128050746,-1.435267750416891,0.12671488523483276,0.2110608071088791,-1.8640245199203491,-0.7466962933540344,-0.5695109963417053,0.24396207928657532,0.1953086256980896,0.21957756578922272,-2.441049337387085,-1.2126268148422241,-0.7842558026313782,0.3254590332508087,0.12481121718883514,0.19341798479386996,0.0010554400635347022,0.0715435862040345,-0.06318990066016354,-0.03695067654626104,0.16899926145228752,-0.09724896,-0.94437176,1.1826038,-1.6912941,-1.4320966,0.13033538,-0.09724896,-0.94437176,1.1826038,-1.6912941,-1.4320966,0.13033538,-0.10066921263933182,-0.9324557781219482,1.1733211278915405,-1.6853843927383423,-1.4352678060531616,0.12671488523483276,0.085506365,-0.29789922,0.2320688,-0.14774331,0.079280585,0.09051226,-0.015433241,0.22922804439003744,0.0,0.005730701109750936,0.013753682374954224,0.00264705,10.5882,False,0,0.42069518963040775,0.12137726076334247,0.052967506451640944,0.4234081553639058,0.11716556525897212,0.03355701010805627,0.08865087012515893,0.0059313953086505,-0.0012174270955785,0.9960443380235188,-0.03961651,0.25913167,0.20314422,0.5131335483948196,4.6384011511690915e-05,0.0001498729980085045,0.0007130059966584668,0.0002954759984277189,0.00023167399922385812,0.00011152100341860205,0.0020098509994568303,0.01780913800757844,0.01981898900703527,50.456660511039374,0
63,1.2800892109953566,-0.10028249422182256,-0.9358322781375428,1.1743910948382776,-1.6857921085753382,-1.4343121687518519,0.1270189732313156,0.2172379195690155,-1.775085210800171,-0.6566290855407715,-0.5554967522621155,0.2249174565076828,0.20955196022987366,0.21862897276878357,-2.334731340408325,-1.1741536855697632,-0.7765448093414307,0.32911571860313416,0.12516798079013824,0.3291577883236496,-0.11243880666576316,0.5017796872267704,-0.07126296093544152,-0.028022380878807113,0.15690402043240406,-0.09591628,-0.9386899,1.1829969,-1.6941733,-1.4311992,0.13105507,-0.09591628,-0.9386899,1.1829969,-1.6941733,-1.4311992,0.13105507,-0.10028249770402908,-0.9358322620391846,1.1743911504745483,-1.685792088508606,-1.4343122243881226,0.1270189732313156,0.10915552,-0.071440995,0.21514298,-0.20953226,0.07782529,0.100902356,-0.043420926,0.19102337032503122,0.0,0.0047755842581257806,0.011461402289569378,0.00264705,10.5882,False,0,0.420790442218356,0.12175128756001263,0.054113068275537135,0.4243195600773669,0.1185345204123881,0.03350342650522244,0.09527361943909068,0.006336331294342452,-0.0012589571304014932,0.9954301504274963,-0.03961651,0.25913167,0.20314422,0.5135973476449486,3.878399729728699e-05,0.00010653400386217982,0.0004520310030784458,0.00022503299987874925,0.00013663301069755107,0.00011496500519569963,0.0014753979921806604,0.01831996599503327,0.019795363987213932,50.51687863107303,0
64,1.3000733439985197,-0.09981948534120733,-0.9386851948550721,1.1755889097796839,-1.686324258843893,-1.433586899434225,0.1274261772632599,0.1842574030160904,-1.661177396774292,-0.6509661674499512,-0.5278075337409973,0.21578824520111084,0.20700743794441223,0.21635396778583527,-2.21171498298645,-1.138157606124878,-0.7695305347442627,0.3309056758880615,0.12651315331459045,0.08280902274497629,-0.3825778421904857,0.7473202290513868,-0.07783161856596538,-0.012870450995377477,0.14656309545790666,-0.09407389,-0.9324964,1.1829337,-1.6969274,-1.430002,0.13169293,-0.09407389,-0.9324964,1.1829337,-1.6969274,-1.430002,0.13169293,-0.09981948882341385,-0.9386851787567139,1.1755889654159546,-1.6863242387771606,-1.4335869550704956,0.1274261772632599,0.14363998,0.15471868,0.18361829,-0.265079,0.08962423,0.10666898,-0.07848723,0.159186141937526,0.0,0.0039796535484381505,0.00955116841942072,0.00264705,10.5882,False,0,0.420808910941209,0.12210984626758278,0.055011825657190816,0.42491380872757506,0.11994341550384913,0.033493754009399856,0.09985870339728953,0.008128692247247774,-0.001174231934647791,0.9949677191568733,-0.03961651,0.25913167,0.20314422,0.5137538991749142,6.482801109086722e-05,0.00014805699174758047,0.0006602399953408167,0.0003176729951519519,0.000213150997296907,0.00012354899081401527,0.001909062993945554,0.017843011999502778,0.019752074993448332,50.62759230772945,0
65,1.3201290480064927,-0.09932881990541631,-0.9406790894320984,1.1768859068499964,-1.687017103234762,-1.4331000486956995,0.1279163658618927,0.2154535949230194,-1.6499204635620117,-0.6730870008468628,-0.5273669958114624,0.22112435102462769,0.21293513476848602,0.23183462023735046,-2.093108892440796,-1.1145222187042236,-0.7669305205345154,0.3408653736114502,0.12656274437904358,0.6902227604270665,-0.046954587799665576,1.5201645344619057,-0.0395384856339647,-0.01976485883391837,0.17108590611485402,-0.092171706,-0.9275597,1.1827635,-1.6992968,-1.4286572,0.13217868,-0.092171706,-0.9275597,1.1827635,-1.6992968,-1.4286572,0.13217868,-0.09932882338762283,-0.9406790733337402,1.176885962486267,-1.6870170831680298,-1.4331001043319702,0.1279163658618927,0.17892797,0.32798502,0.14693676,-0.30699357,0.111073755,0.10655766,-0.10680662,0.13265511828127166,0.0,0.003316377957031792,0.007959307171404362,0.00264705,10.5882,False,0,0.4207428435669314,0.12243185022424456,0.05553644406194028,0.4253376131552543,0.12122838615968141,0.033586482416493056,0.10225339963936625,0.007134771823396819,-0.0006469643214130141,0.9947325712938904,-0.03961651,0.25913167,0.20314422,0.5137601383982575,0.0002479209942976013,0.00011113999062217772,0.00047412699495907873,0.00024180499895010144,0.00013678100367542356,9.691699233371764e-05,0.0016118400089908391,0.01826323100249283,0.01987507101148367,50.31428564065041,0
66,1.3400904209993314,-0.09878999391664678,-0.9416847389987488,1.178000275288717,-1.6881033382811488,-1.4329527060138147,0.12843938171863556,0.27868035435676575,-1.4754167795181274,-0.5762442350387573,-0.5014058351516724,0.37912091612815857,0.21599802374839783,0.25706154108047485,-2.032792806625366,-1.1129786968231201,-0.7697082757949829,0.3563896715641022,0.12516139447689056,0.6939177905488801,2.0542783173363253,3.963400659802195,0.25055238098835875,-0.12444706437774672,0.208861387923853,-0.090792194,-0.92415106,1.182664,-1.7014444,-1.4276685,0.13255922,-0.090792194,-0.92415106,1.182664,-1.7014444,-1.4276685,0.13255922,-0.0987899973988533,-0.9416847229003906,1.1780003309249878,-1.6881033182144165,-1.4329527616500854,0.12843938171863556,0.19994508,0.43834162,0.1165927,-0.33352616,0.1321081,0.102996126,-0.12503596,0.11054593190105974,0.0,0.0027636482975264935,0.0066327559761703014,0.00264705,10.5882,False,0,0.42071473013976207,0.12268956236617168,0.055718369833459486,0.42562251645730026,0.12203400648678236,0.03363138818853818,0.10439989298541147,0.0028071351233877545,-0.0035100340472470314,0.9945252200102088,-0.03961651,0.25913167,0.20314422,0.5137876237590187,3.619000199250877e-05,0.00010642300185281783,0.00046177400508895516,0.00037267900188453496,0.0001579890085849911,0.00017556999227963388,0.0016324129974236712,0.0181507369998144,0.01978314999723807,50.54806742806935,0
67,1.3600854800024536,-0.0981667677508753,-0.9414748710444947,1.1788480917560022,-1.6896549663939417,-1.4324219862567347,0.12902973592281342,0.3597835302352905,-0.9657310843467712,-0.4725662171840668,-0.4058689475059509,0.38032281398773193,0.2031133472919464,0.2766072154045105,-1.4707610607147217,-1.1404026746749878,-0.7824488282203674,0.37201038002967834,0.12287004292011261,-0.47733070235039843,1.9686175113827837,5.432502254145436,0.282496679633809,-0.11043737701564005,0.1854813043257535,-0.090407446,-0.92141837,1.1829263,-1.7035023,-1.4269065,0.13295387,-0.090407446,-0.92141837,1.1829263,-1.7035023,-1.4269065,0.13295387,-0.09816677123308182,-0.9414748549461365,1.178848147392273,-1.6896549463272095,-1.4324220418930054,0.12902973592281342,0.1939832,0.5014128,0.101954415,-0.34618405,0.13789065,0.09810342,-0.1255895,0.09212160991754978,0.0,0.0023030402479387447,0.00552729656919837,0.009705875000000003,38.8235,False,0,0.4207602557198988,0.12306498187704047,0.0555150220293916,0.4256127451787156,0.1222636831345441,0.03367528280393955,0.10501132809621883,0.0031916149781720136,-0.006363691331037584,0.9944455329699927,-0.03961651,0.25913167,0.20314422,0.5137030537931049,4.427498788572848e-05,0.00013322799350135028,0.0005245029897196218,0.0002948600013041869,0.0001535869960207492,0.00010173099872190505,0.0015895899996394292,0.018221268997876905,0.019810858997516334,50.47736698975895,0
68,1.3800886370008811,-0.09725410143007451,-0.9401179117015381,1.179821793233053,-1.6912666759886683,-1.4318988958941858,0.1296214461326599,0.3677026033401489,-1.0285130739212036,-0.5736062526702881,-0.404320627450943,0.45484495162963867,0.2081691324710846,0.27218320965766907,-1.5562474727630615,-1.186209797859192,-0.803683340549469,0.377582311630249,0.12113349884748459,0.0012433504823946562,2.7835613393466714,6.171095181147806,0.4579611199165639,-0.10805292005979733,0.227279569111506,-0.09006273,-0.91852236,1.1832756,-1.7056513,-1.4262145,0.13332485,-0.09006273,-0.91852236,1.1832756,-1.7056513,-1.4262145,0.13332485,-0.09725410491228104,-0.9401178956031799,1.1798218488693237,-1.691266655921936,-1.4318989515304565,0.1296214461326599,0.17978433,0.53988814,0.08634402,-0.3596153,0.14211284,0.0925851,-0.12051014,0.07676800826462482,0.0,0.0019192002066156207,0.004606080707162619,0.009705875000000003,38.8235,False,0,0.4206362994600398,0.12357350670331341,0.05481535970727067,0.42559882195333615,0.12262508505959528,0.03354532013163933,0.10499750861518953,0.002110671527916402,-0.006143220414872834,0.9944512456554824,-0.03961651,0.25913167,0.20314422,0.5136371683912684,4.613400960806757e-05,0.00012483898899517953,0.0005211350071476772,0.0002993420057464391,0.0001727439957903698,9.638200572226197e-05,0.0015684079990023747,0.01824259100249037,0.019810999001492746,50.47701026710721,0
69,1.4000878130027559,-0.09624749818910772,-0.9381523889354249,1.1803415457354944,-1.6932155094542445,-1.4312647024737757,0.13020455837249756,0.3172261118888855,-0.9368166327476501,-0.46951091289520264,-0.31945478916168213,0.4737533628940582,0.19449229538440704,0.23764948546886444,-1.6470860242843628,-1.2272049188613892,-0.824375331401825,0.37019816040992737,0.1211937963962555,-0.5432546746039728,3.2966093616190193,9.634229484201908,0.6293920323425719,-0.13201659864223458,0.23174233471090536,-0.08970721,-0.9153649,1.1836874,-1.7076951,-1.425437,0.1338137,-0.08970721,-0.9153649,1.1836874,-1.7076951,-1.425437,0.1338137,-0.09624750167131424,-0.9381523728370667,1.1803416013717651,-1.6932154893875122,-1.4312647581100464,0.13020455837249756,0.1635072,0.56968576,0.08364474,-0.3619913,0.14569525,0.090228334,-0.12423736,0.06397334022052069,0.0,0.0015993335055130174,0.0038384003564715385,0.009705875000000003,38.8235,False,0,0.4206571865340372,0.12413244792542343,0.0540100703753732,0.42539434829441963,0.12323993011432921,0.032928892178154756,0.10339895152437334,0.001541263203054674,-0.006253842988485928,0.9946191045679134,-0.03961651,0.25913167,0.20314422,0.513492864827968,4.223799624014646e-05,0.00012428598711267114,0.0004833129933103919,0.0002374720061197877,0.00015081001038197428,0.00015526299830526114,0.001506484011770226,0.01831087599566672,0.019817360007436946,50.46080808062859,0
70,1.4201222170086112,-0.0952218214618128,-0.9359312218478699,1.180561367665426,-1.69537415126943,-1.4306853453265589,0.1307661086320877,0.3796643316745758,-0.72377610206604,-0.27948877215385437,-0.21006755530834198,0.5920257568359375,0.19233445823192596,0.2102534919977188,-1.7111173868179321,-1.2524068355560303,-0.8373044729232788,0.3626244366168976,0.1214335486292839,-0.7438490047396868,5.1586975751052,14.095600821063877,0.8406809962393604,-0.14453258593402912,0.3808177912397596,-0.08977178,-0.9120787,1.1834594,-1.71029,-1.4249655,0.13426886,-0.08977178,-0.9120787,1.1834594,-1.71029,-1.4249655,0.13426886,-0.09522182494401932,-0.9359312057495117,1.1805614233016968,-1.6953741312026978,-1.4306854009628296,0.1307661086320877,0.13625129,0.59631366,0.07244912,-0.37289658,0.14299634,0.08756881,-0.13219571,0.05331111685043391,0.0,0.0013327779212608478,0.003198666963726282,0.009705875000000003,38.8235,False,0,0.42078558597672605,0.12467606865072278,0.053189122700444486,0.4256209017110022,0.1235401430754767,0.03220166211294885,0.10501864812806638,0.0010341725716144423,-0.0034117069322120025,0.9944638437401251,-0.03961651,0.25913167,0.20314422,0.513860166419688,3.4326003515161574e-05,0.00011322299542371184,0.0005363169912016019,0.00036350201116874814,0.0002001089887926355,9.67880041571334e-05,0.0016688190080458298,0.018196246004663408,0.019865065012709238,50.33962885901565,0
71,1.440080382002634,-0.09418183961977178,-0.9331374329379578,1.1810744444476526,-1.697336813012594,-1.4289148489581507,0.1313217580318451,0.3196299076080322,-0.6383008360862732,-0.31317684054374695,-0.19644767045974731,0.06486877053976059,0.2018785923719406,0.1951085925102234,-1.7471532821655273,-1.2625495195388794,-0.8403536677360535,0.36014100909233093,0.12166033685207367,-1.9718027996200607,-0.09261908736037605,5.555345893810431,-0.10227427837461656,0.07656301898197357,0.14060924081401352,-0.089410715,-0.9085432,1.1832186,-1.7127472,-1.4231552,0.13467629,-0.089410715,-0.9085432,1.1832186,-1.7127472,-1.4231552,0.13467629,-0.0941818431019783,-0.9331374168395996,1.1810745000839233,-1.6973367929458618,-1.4289149045944214,0.1313217580318451,0.119278125,0.61485416,0.053601284,-0.38526183,0.14399149,0.083863206,-0.13587444,0.04442593070869493,0.0,0.0011106482677173733,0.002665555803105235,0.009705875000000003,38.8235,False,0,0.4207499439043433,0.12552226497492466,0.052086128490011485,0.4258068548282561,0.12442871953889531,0.03159681786697514,0.10420995528828292,0.0025115076542526647,-0.0037334644189850018,0.9945451304993586,-0.03961651,0.25913167,0.20314422,0.5139964062902814,3.5796998417936265e-05,0.0001080009969882667,0.00040697700751479715,0.0003109190001850948,0.00013634499919135123,9.051400411408395e-05,0.0013895029987907037,0.018398964006337337,0.01978846700512804,50.53448555367412,0
72,1.4600816750025842,-0.09295875230898076,-0.9290434879115601,1.1825841108905237,-1.698217054406637,-1.4283025900470179,0.13185593485832214,0.09665808081626892,-1.5363131761550903,-0.9789000749588013,-0.7549833059310913,0.24133092164993286,0.18743351101875305,0.1749866008758545,-1.7727106809616089,-1.2753684520721436,-0.8467125296592712,0.3544735908508301,0.12223388999700546,2.342545984002455,-0.818477329186478,-1.5982532967975065,-0.07169303426950484,-0.1127688486265348,0.16388048262482086,-0.08825674,-0.9057393,1.1824188,-1.7148854,-1.4227282,0.13443579,-0.08825674,-0.9057393,1.1824188,-1.7148854,-1.4227282,0.13443579,-0.09295875579118729,-0.9290434718132019,1.1825841665267944,-1.6982170343399048,-1.4283026456832886,0.13185593485832214,0.11755047,0.58260405,-0.004132759,-0.41670707,0.1393603,0.06449632,-0.051907215,0.037021608923912444,0.0,0.0009255402230978111,0.002221296541392803,0.009705875000000003,38.8235,False,0,0.4199680854763291,0.12623968867137333,0.05009585907359462,0.4262048516985899,0.12437466301687845,0.03357658834939474,0.10468824840237761,0.005686411942627706,0.00121448406901346,0.9944880696934685,-0.03961651,0.25913167,0.20314422,0.5137140982584089,4.7124995035119355e-05,0.000160185998538509,0.0006542960036313161,0.0002640169986989349,0.00014372999430634081,9.228500130120665e-05,0.0017459279915783554,0.018085378003888763,0.01983130599546712,50.42532247894173,0
73,1.480084415001329,-0.09193259874452764,-0.9250806134990235,1.1832950750934046,-1.6999074421324671,-1.4276130835162562,0.13234320282936096,0.034619756042957306,-1.7962456941604614,-1.0496792793273926,-0.8494294881820679,0.18451818823814392,0.18849681317806244,0.1809794157743454,-1.7852071523666382,-1.2805310487747192,-0.8479456305503845,0.3643795847892761,0.12132852524518967,1.5914971056694154,-2.6455592261461574,-3.262317145492539,-0.12922004071896645,-0.09539611612888488,0.16159888330879896,-0.085919835,-0.9056813,1.1820588,-1.716453,-1.4217154,0.13403434,-0.085919835,-0.9056813,1.1820588,-1.716453,-1.4217154,0.13403434,-0.09193260222673416,-0.9250805974006653,1.1832951307296753,-1.6999074220657349,-1.4276131391525269,0.13234320282936096,0.15031917,0.48498258,-0.030907474,-0.41363916,0.14744315,0.04227817,0.07064209,0.040270286281109194,0.0014128418266773225,0.0010067571570277298,0.0018510804511606693,0.009705875000000003,38.8235,False,0,0.41964989285570803,0.12685048329980497,0.04841593582683282,0.42679267518083663,0.12446330371804654,0.03673620965804444,0.1024716943441345,0.020832479238879202,0.005224699559527998,0.9945040170384873,-0.03961651,0.25913167,0.20314422,0.5131907285685147,0.00015461099974345416,0.00011305900989100337,0.0004280720022507012,0.00023824699746910483,0.0001329910010099411,9.3991999165155e-05,0.001465762994484976,0.018370557998423465,0.01983632099290844,50.41257400288611,0
74,1.5000924589985516,-0.09142524400819951,-0.9221075934222718,1.183164421712057,-1.7028857670226039,-1.42702562013735,0.1328103244304657,0.27655115723609924,-1.4587063789367676,-0.9461129307746887,-0.5812259316444397,0.2495042085647583,0.19378304481506348,0.20769831538200378,-1.815365195274353,-1.3310261964797974,-0.8515677452087402,0.37352365255355835,0.11735924333333969,-0.34430787031301846,-0.08737507871396918,-0.43944211060786187,-0.0686138032718655,-0.016799894764534747,0.16226076961409416,-0.08563722,-0.90601003,1.1829376,-1.7183874,-1.4211018,0.13482536,-0.08563722,-0.90601003,1.1829376,-1.7183874,-1.4211018,0.13482536,-0.09142524749040604,-0.9221075773239136,1.1831644773483276,-1.7028857469558716,-1.4270256757736206,0.1328103244304657,0.14470077,0.40243924,-0.0056710504,-0.38754022,0.14809681,0.05037589,0.07070092,0.05240430689454107,0.002826860249042511,0.0013101076723635269,0.002013514284044504,0.009705875000000003,38.8235,False,0,0.420054133073705,0.12715887559278333,0.047422255872479724,0.42724776219444516,0.12451233775693604,0.03537234753681526,0.10131270330307846,0.01805177845377044,0.004845443828965741,0.9946790075300028,-0.03961651,0.25913167,0.20314422,0.5140350333845878,3.318299422971904e-05,0.00010783599282149225,0.0011529839975992218,0.0002656819997355342,0.00017686000501271337,8.499498653691262e-05,0.0021398199896793813,0.017699499003356323,0.019839318993035704,50.40495595393345,0
75,1.5200880619959207,-0.09089070955385381,-0.9193670314601441,1.1830809752093714,-1.7055250606932582,-1.4263489882098597,0.13317422568798065,0.36539995670318604,-1.2308244705200195,-1.1044855117797852,-0.5818420052528381,0.2973364591598511,0.1789017617702484,0.267640084028244,-1.900708556175232,-1.5238444805145264,-0.8577563166618347,0.39616015553474426,0.1111527532339096,0.3950315683406827,1.3993573330593205,0.7842663241443003,-0.017692593363422337,-0.043191647727695515,0.1729782762114003,-0.085749015,-0.9045296,1.1835312,-1.7206649,-1.4210536,0.1356432,-0.085749015,-0.9045296,1.1835312,-1.7206649,-1.4210536,0.1356432,-0.09089071303606033,-0.9193670153617859,1.183081030845642,-1.7055250406265259,-1.4263490438461304,0.13317422568798065,0.12854253,0.37093565,0.011252524,-0.37849405,0.13238446,0.061724357,0.062458284,0.07084376196563266,0.004076025933027267,0.0017710940491408168,0.002620215294882655,0.00862745,34.5098,False,0,0.4203821287792038,0.12750675437821407,0.04649445972266217,0.42712289961377325,0.12461813492929336,0.03376941071910306,0.10034941865123015,0.008099751014057448,0.001125261467135671,0.9949186647526378,-0.03961651,0.25913167,0.20314422,0.5144194735061905,3.363400173839182e-05,0.00010973599273711443,0.000514469007612206,0.00030535299447365105,0.0001907359983306378,0.0001018210023175925,0.0015854160010349005,0.01824446399405133,0.01982987999508623,50.428948649603335,0
76,1.5400813239975832,-0.09002143541444951,-0.9164911073497315,1.1830170790301722,-1.7076980076231898,-1.4253433386432093,0.13349781930446625,0.23658311367034912,-1.3410145044326782,-1.1876920461654663,-0.6206257939338684,0.25326210260391235,0.1980578899383545,0.24985907971858978,-1.9574753046035767,-1.6115772724151611,-0.8611955046653748,0.3914963901042938,0.11407262831926346,0.47035220748844797,-0.41992099745332645,0.052034220189421526,-0.07116971901207735,-0.04072340306509262,0.1634376796957344,-0.085196815,-0.9044756,1.1836526,-1.7222742,-1.4206908,0.13603824,-0.085196815,-0.9044756,1.1836526,-1.7222742,-1.4206908,0.13603824,-0.09002143889665604,-0.9164910912513733,1.1830171346664429,-1.7076979875564575,-1.42534339427948,0.13349781930446625,0.120615624,0.30038658,0.015887134,-0.36440423,0.11631691,0.0635106,0.09648237,0.09907429003467182,0.0060056732594966885,0.0024768572508667955,0.003542188089340925,0.00862745,34.5098,False,0,0.4205395433881116,0.12808485339400108,0.045491505679028155,0.4271225048988872,0.12433757524134062,0.03385557822559732,0.10220229439792017,0.0050270091162779185,-0.0009959475630480046,0.9947504309607185,-0.03961651,0.25913167,0.20314422,0.5144641885919705,3.911599924322218e-05,0.00012087301001884043,0.0004512939922278747,0.0002622280007926747,0.00015878300473559648,0.0001341940078418702,0.0014869259903207421,0.01832718899822794,0.01981411498854868,50.469072203221664,0
77,1.5601292439969257,-0.08914262453188115,-0.9137076896480103,1.1830571333514612,-1.7098471126952113,-1.4244564215289515,0.13378505408763885,0.15731137990951538,-1.6063756942749023,-1.136844515800476,-0.6095584034919739,0.21654826402664185,0.20225577056407928,0.21426624059677124,-1.9407538175582886,-1.5523320436477661,-0.8555086851119995,0.37253841757774353,0.11935792118310928,-0.40806651412146755,-1.0833985986520023,-1.169101833925214,-0.09402842010684342,-0.013309702597597863,0.15070405181086327,-0.083994605,-0.9073721,1.1845039,-1.7228874,-1.4200323,0.13647997,-0.083994605,-0.9073721,1.1845039,-1.7228874,-1.4200323,0.13647997,-0.08914262801408768,-0.9137076735496521,1.183057188987732,-1.709847092628479,-1.4244564771652222,0.13378505408763885,0.12870067,0.158389,0.036167663,-0.32600674,0.11060473,0.06737282,0.13048692,0.13999798615566572,0.008615411669015884,0.0034999496538916436,0.004953714553266764,0.00862745,34.5098,False,0,0.42066223028859534,0.12864226501106138,0.04449319992215314,0.4270600061135912,0.12442708272088124,0.0338598650234454,0.10206018216102936,0.006026536552448025,-0.001439027156328005,0.9947589131711844,-0.03961651,0.25913167,0.20314422,0.5143826304074742,3.366799501236528e-05,0.00010778900468721986,0.00046498500159941614,0.0005073170032119378,0.00016686500748619437,8.194999827537686e-05,0.0016858610033523291,0.018198588993982412,0.01988444999733474,50.290553680591486,0
78,1.580088030998013,-0.08841211000551397,-0.9113710683635254,1.1830886046039026,-1.7118445835509242,-1.4238184134112757,0.13410009443759918,0.19398233294487,-1.6517219543457031,-1.042364478111267,-0.7002143859863281,0.2383308708667755,0.1883317530155182,0.2095409780740738,-1.950685739517212,-1.4838367700576782,-0.8541809320449829,0.3695124089717865,0.12002388387918472,0.7321157484809249,-0.9300326128215209,-1.1021729708537815,-0.08440311364245645,-0.05925516457309951,0.1707645328386268,-0.08286013,-0.9134221,1.1855737,-1.7228888,-1.4196593,0.13697883,-0.08286013,-0.9134221,1.1855737,-1.7228888,-1.4196593,0.13697883,-0.08841211348772049,-0.9113710522651672,1.1830886602401733,-1.711844563484192,-1.4238184690475464,0.13410009443759918,0.13879962,-0.051276848,0.06212612,-0.2761054,0.103981756,0.07196836,0.1598214,0.19541058705740244,0.011811839789152146,0.004885264676435061,0.0069998991675674915,0.00862745,34.5098,False,0,0.42080842363395454,0.12907849755152287,0.04366182651750061,0.42717939954607204,0.12450965670916103,0.03373831168243703,0.10155209911880869,0.005895987667627515,-0.0005409219296967846,0.9948126147036119,-0.03961651,0.25913167,0.20314422,0.5145093492873788,3.4379991120658815e-05,0.0001067749981302768,0.0004237829998601228,0.0002655059943208471,0.00013400899479165673,9.270000737160444e-05,0.0013500499917427078,0.01844829900073819,0.019798348992480896,50.509262180386074,0
79,1.6000872629956575,-0.08777219453920537,-0.9097145956805726,1.183068577443258,-1.7140070400633753,-1.4231599012957972,0.1344316452741623,0.24844525754451752,-1.4822131395339966,-0.9552558660507202,-0.6330939531326294,0.2787090837955475,0.19397923350334167,0.23498596251010895,-2.020061731338501,-1.4265309572219849,-0.8553705811500549,0.3825482726097107,0.11805956810712814,0.5871226117670233,0.029238120083787053,-0.43183593802365644,-0.06133496675258399,-0.04633620916351056,0.16428391666287706,-0.082205825,-0.9220747,1.1869307,-1.7222842,-1.4192257,0.13731766,-0.082205825,-0.9220747,1.1869307,-1.7222842,-1.4192257,0.13731766,-0.0877721980214119,-0.9097145795822144,1.1830686330795288,-1.714007019996643,-1.4231599569320679,0.1344316452741623,0.13915929,-0.3090029,0.0965519,-0.20692919,0.098357156,0.072150126,0.17985886,0.2655689362560136,0.01540901705622673,0.00663922340640034,0.009770529344677925,0.00862745,34.5098,False,0,0.4210938921533349,0.12947042780239293,0.04313025919251243,0.42726065989425815,0.12460958688717713,0.03372644691637001,0.10196763079816124,0.005401005804076521,-0.0004406138191366815,0.9947729691288624,-0.03961651,0.25913167,0.20314422,0.5145608472765931,3.5015997127629817e-05,0.00011613499373197556,0.000551049000932835,0.000294177996693179,0.00018545499187894166,9.941999451257288e-05,0.0016167299909284338,0.018209431000286713,0.019826160991215147,50.43840814382038,0
80,1.6207312000042293,-0.08705360094179326,-0.9086331290057679,1.1831324736224573,-1.715982576409811,-1.4224141279803675,0.13480645418167114,0.2572701871395111,-1.6219274997711182,-0.8539651036262512,-0.5711193680763245,0.23935027420520782,0.21198196709156036,0.25521060824394226,-2.137453556060791,-1.3681048154830933,-0.8679638504981995,0.3953840732574463,0.1164330542087555,-0.4290738470426943,-0.30544701922364925,-0.483987974078811,-0.07991027805225324,-0.010719371981365734,0.1496044298086999,-0.082228035,-0.93031913,1.1883155,-1.7211827,-1.4183803,0.13725981,-0.082228035,-0.93031913,1.1883155,-1.7211827,-1.4183803,0.13725981,-0.08705360442399979,-0.9086331129074097,1.183132529258728,-1.7159825563430786,-1.4224141836166382,0.13480645418167114,0.1206392,-0.54214996,0.12957354,-0.130005,0.10084869,0.061333805,0.17823437,0.34779880972988264,0.018973704427480698,0.008694970243247066,0.013278447091579437,0.00862745,34.5098,False,0,0.4213620366443846,0.12991704983160718,0.04280461689217932,0.427097218862923,0.12445249706578633,0.033814388591142386,0.10242093189922657,0.005606745669934429,-0.0017028598327593833,0.9947239157120294,-0.03961651,0.25913167,0.20314422,0.5144247051179647,0.00010845599172171205,0.00012554199201986194,0.0005707300006179139,0.0003080890019191429,0.00016773499373812228,0.00010385199857410043,0.0016946419927990064,0.018775471005938016,0.020470112998737022,48.851708833346386,0
81,1.6400886659976095,-0.08629781404604131,-0.9083642524531861,1.183439079915182,-1.717631002465719,-1.4217913786517542,0.13518600165843964,0.2654434144496918,-2.1808180809020996,-0.891469419002533,-0.6043012738227844,0.2668463885784149,0.19570277631282806,0.25624001026153564,-2.985517740249634,-1.4097797870635986,-0.8857595920562744,0.40230897068977356,0.1151488870382309,-0.7254393897789302,-0.19033919917375303,-2.5235415506240755,-0.0748102931938114,-0.02558150685504959,0.11277590638597952,-0.08257868,-0.93556774,1.1891196,-1.7206293,-1.4166822,0.13680696,-0.08257868,-0.93556774,1.1891196,-1.7206293,-1.4166822,0.13680696,-0.08629781752824783,-0.9083642363548279,1.1834391355514526,-1.7176309823989868,-1.421791434288025,0.13518600165843964,0.09297833,-0.6800881,0.14201072,-0.07495991,0.12772873,0.04052396,0.123768404,0.43282615817492914,0.021449072510004046,0.01082065395437323,0.017389940097928047,0.00862745,34.5098,False,0,0.4215576195964722,0.13035664805743324,0.0427264766453489,0.42723544943953495,0.12449335161804585,0.03377104165126467,0.10164984425455514,0.00555221062038657,-0.0003066430738014811,0.9948046944933486,-0.03961651,0.25913167,0.20314422,0.5145536934595581,3.5814999137073755e-05,0.0001141440006904304,0.0004957939963787794,0.00031762100115884095,0.0001805950014386326,0.0003245209954911843,0.0018718119972618297,0.017340737002086826,0.019212548999348655,52.049314228627445,0
82,1.660085630006506,-0.08548623720277959,-0.9097094696811219,1.1838629881488245,-1.7188965282835902,-1.4212396780597132,0.1356050670146942,0.23836100101470947,-2.31248140335083,-0.8462064862251282,-0.611586332321167,0.2538032829761505,0.18266476690769196,0.23532164096832275,-3.0358409881591797,-1.420314908027649,-0.889039933681488,0.4007876217365265,0.11375647038221359,-0.2948526836004238,-0.8327295355549726,-1.1543201839668478,-0.09519359993188284,-0.023108851273821757,0.15434206440872272,-0.08284435,-0.938968,1.1893864,-1.7211319,-1.4143876,0.13652653,-0.08284435,-0.938968,1.1893864,-1.7211319,-1.4143876,0.13652653,-0.08548624068498611,-0.9097094535827637,1.1838630437850952,-1.718896508216858,-1.4212397336959839,0.1356050670146942,0.06604737,-0.73146355,0.13808435,-0.055885628,0.17130415,0.02303643,0.025414458,0.5070708762184258,0.021957361660897734,0.012676771905460647,0.021641308441758156,0.0015686275000000001,6.27451,False,0,0.4217908553289097,0.13079952124631483,0.043255146932533406,0.4272265056334451,0.12452894875425852,0.033727704571123666,0.10149745751452272,0.005075250663603283,-5.6139280146128706e-05,0.9948228359917183,-0.03961651,0.25913167,0.20314422,0.5145505326131041,3.644800744950771e-05,0.00013080799544695765,0.0005849920125911012,0.0003522440092638135,0.00016496900934726,9.627900726627558e-05,0.0017704229976516217,0.01804887301113922,0.019819296008790843,50.45587893517763,0
83,1.6800809749984182,-0.08482629457582647,-0.9123301070979615,1.184385124837057,-1.719987531701559,-1.420689884816305,0.13593697547912598,0.23136800527572632,-2.1125543117523193,-0.7913355827331543,-0.5250398516654968,0.28778573870658875,0.19803082942962646,0.20809949934482574,-2.9440438747406006,-1.3901549577713013,-0.8765754103660583,0.39636102318763733,0.11228278279304504,-0.08013188313860202,-0.4333512900982206,-0.3660052805294935,-0.07234983571005693,-0.018346082966550596,0.15824503892513048,-0.08308577,-0.9417018,1.1898048,-1.722633,-1.411997,0.13655782,-0.08308577,-0.9417018,1.1898048,-1.722633,-1.411997,0.13655782,-0.08482629805803299,-0.9123300909996033,1.1843851804733276,-1.7199875116348267,-1.4206899404525757,0.13593697547912598,0.043513253,-0.73429376,0.13549055,-0.06613786,0.2173237,0.015520878,-0.08849891,0.5571416195544499,0.02018738340586424,0.013928540488861246,0.02535354346036911,0.0015686275000000001,6.27451,False,0,0.42210820162548224,0.1311729067086325,0.044271682209739094,0.4271881128272158,0.12451681262250892,0.03374672814461875,0.10128542189110246,0.005432330138359377,-0.000164633813122355,0.9948425797944308,-0.03961651,0.25913167,0.20314422,0.5145126111829311,3.654499596450478e-05,0.00012187700485810637,0.0005493710050359368,0.00028719900001306087,0.00018069599173031747,0.00017736699373926967,0.0017704399942886084,0.018055528998957016,0.019825968993245624,50.43889659772409,0
84,1.7001367530028801,-0.08424264589418584,-0.9156839412501832,1.1851957480060022,-1.7205139599242152,-1.420035187398092,0.13625550270080566,0.22728252410888672,-1.9772398471832275,-0.8079148530960083,-0.538409948348999,0.2513238489627838,0.19257770478725433,0.19117213785648346,-2.7954723834991455,-1.3492002487182617,-0.8649472594261169,0.39598211646080017,0.11226075142621994,0.18298307121405,-0.3946290646389822,-0.3219721532556631,-0.07796504556588588,-0.021470608145914827,0.1570999042584123,-0.083161384,-0.94432735,1.1909218,-1.7238865,-1.4099998,0.1369095,-0.083161384,-0.94432735,1.1909218,-1.7238865,-1.4099998,0.1369095,-0.08424264937639236,-0.915683925151825,1.185195803642273,-1.720513939857483,-1.4200352430343628,0.13625550270080566,0.02703164,-0.71608573,0.14315082,-0.084314495,0.25088435,0.01634986,-0.18325572,0.5744331433800275,0.01652226906269789,0.014360828584500688,0.027857080101966858,0.0015686275000000001,6.27451,False,0,0.422290158376546,0.1315514657872231,0.045486725648638565,0.4271841095007844,0.12443875661334171,0.03380163058755699,0.1019886478424687,0.005511989599740753,-0.000829953842927604,0.9947699402893527,-0.03961651,0.25913167,0.20314422,0.514511334152416,4.894800076726824e-05,0.0001264970051124692,0.0005745100061176345,0.00025561900110915303,0.00019654199422802776,9.232200682163239e-05,0.00165580099564977,0.018219744000816718,0.019875544996466488,50.31308576332281,0
85,1.72012808600266,-0.08377439180483037,-0.9193867605975647,1.1861651579486292,-1.720800062219137,-1.4191578070269983,0.13640734553337097,0.1861695647239685,-2.0558953285217285,-0.8377094864845276,-0.5847930908203125,0.24757955968379974,0.17977485060691833,0.18289253115653992,-2.660088062286377,-1.3119175434112549,-0.8599978089332581,0.39660635590553284,0.07644432038068771,0.11156512636041505,-0.6419332641348081,-0.8125691222977038,-0.07995307079811456,-0.018837922899039163,0.15386699015297706,-0.083114214,-0.9470732,1.1923724,-1.7245779,-1.4088714,0.13731308,-0.083114214,-0.9470732,1.1923724,-1.7245779,-1.4088714,0.13731308,-0.0837743952870369,-0.9193867444992065,1.1861652135849,-1.7208000421524048,-1.419157862663269,0.13640734553337097,0.016504565,-0.69216186,0.15517999,-0.094446145,0.2571606,0.022643287,-0.23616262,0.5573543975276596,0.011799016706645491,0.01393385993819149,0.028721656650304794,0.0015686275000000001,6.27451,False,0,0.4224198041776748,0.13193954832379665,0.046798023723823245,0.4271249026744083,0.12449739108648314,0.03378179245511737,0.10182162126943156,0.00706640462872394,-0.00176889137346432,0.9947760043683553,-0.03961651,0.25913167,0.20314422,0.5144488004916656,3.704299160744995e-05,0.00011651399836409837,0.0008005100098671392,0.0003199950006091967,0.00015377999807242304,0.0001446639944333583,0.001954052990186028,0.01785339100752026,0.019807443997706287,50.48606978849975,0
86,1.7400825609947788,-0.08349353471864873,-0.9232925337604065,1.187019173298971,-1.7210470638670863,-1.4180768171893519,0.13649126887321472,0.21961039304733276,-2.0348613262176514,-0.8257225751876831,-0.5889201760292053,0.24554963409900665,0.1531098335981369,0.18598410487174988,-2.5581557750701904,-1.2744837999343872,-0.848976194858551,0.39478129148483276,0.045627471059560776,0.2576309192878966,-0.4591120980547399,-0.7221448851795977,-0.0871519538233053,-0.022775516354922348,0.1838786736426405,-0.083005026,-0.95009434,1.1935464,-1.7248386,-1.4087993,0.13779269,-0.083005026,-0.95009434,1.1935464,-1.7248386,-1.4087993,0.13779269,-0.08349353820085526,-0.9232925176620483,1.1870192289352417,-1.721047043800354,-1.4180768728256226,0.13649126887321472,0.012212893,-0.6700462,0.16317837,-0.09478808,0.23193942,0.032535702,-0.24013576,0.5111040081019904,0.006996301524341109,0.01277760020254976,0.027867719531059265,0.0015686275000000001,6.27451,False,0,0.4226204113219716,0.13229257156956897,0.048228094407845146,0.42724006925757374,0.1245268363007097,0.033816468224439136,0.10189981414091398,0.005589830246295773,-0.0009628199273181252,0.9947784758009648,-0.03961651,0.25913167,0.20314422,0.5145341732791957,3.468600334599614e-05,0.00012702700041700155,0.0005685939977411181,0.00024976000713650137,0.00015161099145188928,0.00020194999524392188,0.0018581409967737272,0.017894792996230535,0.019752933993004262,50.6253906561001,0
87,1.7600851239985786,-0.08329326311220342,-0.9274920386127015,1.1877859274493616,-1.721551080743307,-1.4167841116534632,0.13658356666564941,0.18258360028266907,-1.9028992652893066,-0.7865544557571411,-0.5500658750534058,0.2610589563846588,0.1836858093738556,0.1465357095003128,-2.4949421882629395,-1.2451093196868896,-0.8345702886581421,0.38784059882164,0.04683709889650345,0.42955512750763913,-0.8057985372881327,-0.32276440625754477,-0.011357238823316834,-0.04085004888927553,0.13028299253824063,-0.08293813,-0.9531388,1.1945292,-1.7253089,-1.4097131,0.13844304,-0.08293813,-0.9531388,1.1945292,-1.7253089,-1.4097131,0.13844304,-0.08329326659440994,-0.9274920225143433,1.1877859830856323,-1.7215510606765747,-1.4167841672897339,0.13658356666564941,0.0088785365,-0.64116967,0.16857943,-0.09394598,0.17677633,0.046486657,-0.20585841,0.4451142289932987,0.002879133336246016,0.011127855724832469,0.02555520087480545,0.0015686275000000001,6.27451,False,0,0.42294936101373143,0.1326515531064863,0.049824998882699256,0.42720326203570524,0.12451780619496451,0.03374186569070372,0.10161549873575537,0.005443194906667268,-0.00024383277392205777,0.9948088089045879,-0.03961651,0.25913167,0.20314422,0.5145276966668714,3.796200326178223e-05,0.00012936099665239453,0.0005570859939325601,0.00030097400303930044,0.0001587959995958954,0.00010705699969548732,0.0016777950077084824,0.018131470991647802,0.019809265999356285,50.481426219047975,0
88,1.7801282209984493,-0.08323365846742803,-0.9314772051623841,1.188556973134176,-1.7221037350096644,-1.4153402487384241,0.13672709465026855,0.1574154794216156,-1.8477944135665894,-0.7297664284706116,-0.5188844203948975,0.23896613717079163,0.1930590122938156,0.08724071830511093,-2.4711313247680664,-1.2350214719772339,-0.8272428512573242,0.3767967224121094,0.06940501183271408,0.11673364155160572,-0.846662479338221,0.24244065885003313,-0.09067732529877742,-0.005318376088098608,0.16474121269287695,-0.0830883,-0.9549802,1.1956054,-1.7262276,-1.4110335,0.13925742,-0.0830883,-0.9549802,1.1956054,-1.7262276,-1.4110335,0.13925742,-0.08323366194963455,-0.9314771890640259,1.1885570287704468,-1.7221037149429321,-1.4153403043746948,0.13672709465026855,0.0036340603,-0.5875752,0.17621008,-0.10309901,0.107669614,0.06325786,-0.15170701,0.3709285241610823,0.0,0.009273213104027058,0.022255711257457733,0.0015686275000000001,6.27451,False,0,0.423283164848264,0.13298775129384305,0.05134253873812733,0.42722677585299096,0.12467196633768309,0.03365913517655675,0.10179580290294565,0.005301565274161004,0.0004977640090169828,0.9947910341563413,-0.03961651,0.25913167,0.20314422,0.5145359662188904,3.558999742381275e-05,0.00012185900413896888,0.0005620960000669584,0.0003232809976907447,0.00015942601021379232,0.00010139700316358358,0.0016990809963317588,0.01811822700256016,0.01981730799889192,50.46094050997819,0
89,1.8000733320077416,-0.0831988493548792,-0.935343937282898,1.1894357840167444,-1.722633501092428,-1.4140146414386194,0.13693809509277344,0.175972580909729,-1.865597128868103,-0.7597107291221619,-0.5324515700340271,0.2601429522037506,0.17744825780391693,0.0519322007894516,-2.4670517444610596,-1.2380809783935547,-0.8296278715133667,0.36255162954330444,0.10922125726938248,-0.2529863611083776,-0.7250933977656816,0.005852417958098821,-0.08728423649784005,0.009171012513283179,0.1522023647684085,-0.08290647,-0.95433366,1.1968772,-1.7278851,-1.4118259,0.14018007,-0.08290647,-0.95433366,1.1968772,-1.7278851,-1.4118259,0.14018007,-0.08319885283708572,-0.9353439211845398,1.1894358396530151,-1.7226334810256958,-1.4140146970748901,0.13693809509277344,0.0073096226,-0.47474393,0.18603393,-0.13128969,0.05471976,0.08104919,-0.10806852,0.30910710346756864,0.0,0.007727677586689216,0.01854642666876316,0.0015686275000000001,6.27451,False,0,0.4235629148492032,0.13329039291314268,0.05277837377227182,0.4277001467942211,0.1263619618758635,0.033730740951274596,0.10180882621679782,0.0034222526521751856,4.226562109815174e-05,0.994798097149182,-0.03961651,0.25913167,0.20314422,0.514503237206742,3.901100717484951e-05,0.00012482899182941765,0.0006704230036120862,0.00121265699272044,0.00017552298959344625,0.00010965499677695334,0.0027423110004747286,0.01700275400071405,0.019745065001188777,50.64556637011798,0
90,1.8201292640005704,-0.08323699632753545,-0.9389080566218873,1.1904171148883265,-1.7231389484801234,-1.4128969351397913,0.13717031478881836,0.179716095328331,-1.846329927444458,-0.7602226734161377,-0.5436211228370667,0.21545913815498352,0.15781447291374207,0.017312997952103615,-2.4358668327331543,-1.2321805953979492,-0.8311111330986023,0.34704893827438354,0.1257248967885971,-0.3597493872351908,-0.7841100294467128,-0.035888164358388985,-0.09544227320340865,0.0222572828743273,0.1427516481968962,-0.08250194,-0.95098615,1.1979015,-1.730187,-1.4118998,0.14101292,-0.08250194,-0.95098615,1.1979015,-1.730187,-1.4118998,0.14101292,-0.08323699980974197,-0.938908040523529,1.1904171705245972,-1.7231389284133911,-1.412896990776062,0.13717031478881836,0.01837649,-0.30195335,0.18710776,-0.17620333,0.024929753,0.09606535,-0.10055013,0.2575892528896405,0.0,0.006439731322241013,0.015455354936420918,0.0036274500000000004,14.5098,False,0,0.4237770577132765,0.13351949281495198,0.054054140021321334,0.42818561881819955,0.12771613070273743,0.03367218558247086,0.10327524046776898,0.005241342337083611,0.001629664482119094,0.9946376719865722,-0.03961651,0.25913167,0.20314422,0.514616019227866,3.584500518627465e-05,0.00011526700109243393,0.0007804250053595752,0.0002824359980877489,0.00015845599409658462,9.342700650449842e-05,0.0018358480010647327,0.01802842599863652,0.019864273999701254,50.34163342768225,0
91,1.8400780840020161,-0.0832141081439417,-0.942320243721344,1.1913836638080042,-1.7237121067442835,-1.4121211210833948,0.137449249625206,0.229598268866539,-1.8098549842834473,-0.7131152749061584,-0.5501148104667664,0.1949988454580307,0.17703858017921448,-1.553760375827551e-05,-2.3468246459960938,-1.2028770446777344,-0.8222686648368835,0.34054434299468994,0.12775860726833344,-0.08075675279018335,-0.7419626250199988,0.33456261225876016,-0.07815206931338126,0.008573918932808375,0.14836080793246412,-0.081527725,-0.9454024,1.19806,-1.7330624,-1.4114513,0.1417348,-0.081527725,-0.9454024,1.19806,-1.7330624,-1.4114513,0.1417348,-0.08321411162614822,-0.9423202276229858,1.191383719444275,-1.7237120866775513,-1.4121211767196655,0.137449249625206,0.042159703,-0.07705357,0.16690898,-0.23375684,0.016745577,0.10713848,-0.1176663,0.2146577107413671,0.0,0.005366442768534178,0.012879462912678719,0.0036274500000000004,14.5098,False,0,0.42397713684818494,0.13369456454200299,0.055263278893411455,0.4289568969248141,0.1289075873219512,0.0337458043128311,0.10415389640153078,0.006004365005433016,-0.0002686514967472041,0.9945430449929308,-0.03961651,0.25913167,0.20314422,0.5149904598383694,3.542599733918905e-05,0.00011336299940012395,0.0005827860004501417,0.00025190199085045606,0.00015175000589806587,9.760698594618589e-05,0.0016048510005930439,0.018157384998630732,0.019762235999223776,50.60156148521241,0
92,1.8601269860082539,-0.08317023912538701,-0.9452328842929383,1.1924093405352991,-1.7243925533690394,-1.4116624037372034,0.1378706842660904,0.17393428087234497,-1.7000153064727783,-0.6862200498580933,-0.5514795184135437,0.2244344800710678,0.18744537234306335,0.02155246213078499,-2.220357894897461,-1.1633590459823608,-0.8087409734725952,0.3427904546260834,0.1284777820110321,-0.13847743434900367,-0.2256928914190957,0.7899972988015749,-0.07781388352071492,0.012536124952933533,0.1435694227865067,-0.08058696,-0.9391992,1.1979749,-1.7356791,-1.4108834,0.14242189,-0.08058696,-0.9391992,1.1979749,-1.7356791,-1.4108834,0.14242189,-0.08317024260759354,-0.9452328681945801,1.1924093961715698,-1.7243925333023071,-1.4116624593734741,0.1378706842660904,0.06458193,0.15084137,0.13913889,-0.28216407,0.019476501,0.1137801,-0.14623283,0.17888142561780593,0.0,0.004472035640445148,0.01073288545012474,0.0036274500000000004,14.5098,False,0,0.42412437393783736,0.13380818769926878,0.056246168981232914,0.4292870588373458,0.1296508138012946,0.03369120164092785,0.10395027992588701,0.005572560646097936,-0.0016177198665512822,0.9945655379454401,-0.03961651,0.25913167,0.20314422,0.5151215152976529,3.3841002732515335e-05,0.00011016899952664971,0.00046007399214431643,0.00025990699941758066,0.00014010799350216985,8.810700091999024e-05,0.001442337001208216,0.018438737010001205,0.01988107401120942,50.299093471317306,0
93,1.88012191800226,-0.08302241960634404,-0.9472760719111939,1.1934798399554651,-1.7252351246275843,-1.4113600889789026,0.13835451006889343,0.24675041437149048,-1.5534608364105225,-0.6879563331604004,-0.5468125939369202,0.19156111776828766,0.19746358692646027,0.10616885125637054,-2.1001625061035156,-1.1353780031204224,-0.8008267879486084,0.33183032274246216,0.12769295275211334,0.060467479094965325,-0.6448925112160289,0.8758073558191135,-0.11587930406634198,0.015929016164584593,0.1363713680033228,-0.07904005,-0.93403375,1.1977799,-1.7379212,-1.40974,0.14289246,-0.07904005,-0.93403375,1.1977799,-1.7379212,-1.40974,0.14289246,-0.08302242308855057,-0.9472760558128357,1.1934798955917358,-1.725235104560852,-1.4113601446151733,0.13835451006889343,0.09955927,0.33105808,0.107500136,-0.31715277,0.04050549,0.11344878,-0.16403426,0.14906785468150494,0.0,0.0037266963670376236,0.008944070897996426,0.0036274500000000004,14.5098,False,0,0.42419522985966934,0.1339343686311856,0.05686362127469957,0.4295663285961956,0.13093402248221148,0.034092540946126335,0.10217494762296975,0.009623608124749718,-0.003117007391825981,0.9947149931063285,-0.03961651,0.25913167,0.20314422,0.5149229497240972,3.351199848111719e-05,0.00010875699808821082,0.000609705995884724,0.00028801700682379305,0.00014369501150213182,9.108601079788059e-05,0.0015738560032332316,0.018243789003463462,0.019817645006696694,50.46008239940136,0
94,1.9001285919948714,-0.08275825182069951,-0.9482687276652833,1.1944978872882288,-1.7263885937132777,-1.4113429228412073,0.13889802992343903,0.26247382164001465,-1.4988459348678589,-0.7123395204544067,-0.5560380220413208,0.20219014585018158,0.18590745329856873,0.23777328431606293,-2.0329484939575195,-1.1267329454421997,-0.7984728217124939,0.2955101728439331,0.12661081552505493,0.26910974735919435,-0.14918943288277609,1.0601548175633193,-0.07823926040555013,-0.004609479959352705,0.1545638800711541,-0.07781393,-0.9301058,1.1977079,-1.7400128,-1.408733,0.143375,-0.07781393,-0.9301058,1.1977079,-1.7400128,-1.408733,0.143375,-0.08275825530290604,-0.948268711566925,1.1944979429244995,-1.7263885736465454,-1.411342978477478,0.13889802992343903,0.12360813,0.4540722,0.080247626,-0.3406054,0.06524875,0.11192417,-0.19300267,0.12422321223458746,0.0,0.0031055803058646866,0.0074533927254378796,0.0036274500000000004,14.5098,False,0,0.4242337089244541,0.1340443280237598,0.05707179440697677,0.4298401105343133,0.13209555293766503,0.03369696195552906,0.10229709031441925,0.006237832234690819,-0.001265729590224477,0.9947335014270645,-0.03961651,0.25913167,0.20314422,0.515014628881593,3.3181000617332757e-05,0.00010405400826130062,0.0004153699992457405,0.0003338719980092719,0.0001595170033397153,0.0001025829988066107,0.0014229280059225857,0.018414504986139946,0.01983743299206253,50.409748095941936,0
95,1.9201267570024356,-0.08235055605043584,-0.9478748005679627,1.1952760855304163,-1.7278806171812953,-1.4112313429461878,0.13955935835838318,0.24529913067817688,-1.16961669921875,-0.6413000822067261,-0.5516908764839172,0.22218161821365356,0.18385249376296997,0.26449650526046753,-1.4625067710876465,-1.1459687948226929,-0.8054476380348206,0.3313348591327667,0.12363402545452118,-0.547987792767433,-0.35677522417050633,1.0908056456098174,-0.07869258565460176,0.053223889662529694,0.13226618896415943,-0.07750043,-0.92689615,1.1974539,-1.7422562,-1.4082699,0.14380006,-0.07750043,-0.92689615,1.1974539,-1.7422562,-1.4082699,0.14380006,-0.08235055953264236,-0.9478747844696045,1.195276141166687,-1.727880597114563,-1.4112313985824585,0.13955935835838318,0.12125311,0.5244652,0.05444179,-0.359389,0.07403812,0.10601759,-0.1944011,0.10351934352882289,0.0,0.0025879835882205724,0.006211160682141781,0.0036274500000000004,14.5098,False,0,0.42427493966452334,0.1342355726790449,0.056798846443216616,0.4300441881254003,0.13231466224767188,0.0337853699078272,0.10233136047083241,0.005978867180452963,-0.0018588745456827732,0.9947306769601802,-0.03961651,0.25913167,0.20314422,0.5151176040717182,3.420599387027323e-05,0.00010397000005468726,0.0004165579885011539,0.0005064520082669333,0.00014442000247072428,9.188598778564483e-05,0.001587180988281034,0.018234817005577497,0.01982199799385853,50.44900117081189,0
96,1.9401265970082022,-0.08183938661684209,-0.9464269441417237,1.1959946791278284,-1.7295314274229945,-1.4109051863299769,0.14017102122306824,0.2707088887691498,-1.2359305620193481,-0.7367060780525208,-0.6233013868331909,0.2190689742565155,0.16558274626731873,0.2725540101528168,-1.535520315170288,-1.1832938194274902,-0.8220670819282532,0.39517316222190857,0.12139876186847687,0.2573948980356612,-0.6020424962213914,0.47499245362484543,-0.08079573418619905,0.0011160455223396329,0.14707117524708918,-0.07783137,-0.9239762,1.1975981,-1.7442744,-1.4078944,0.14416339,-0.07783137,-0.9239762,1.1975981,-1.7442744,-1.4078944,0.14416339,-0.08183939009904861,-0.9464269280433655,1.1959947347640991,-1.7295314073562622,-1.4109052419662476,0.14017102122306824,0.10020047,0.5612689,0.04008368,-0.36857292,0.07527199,0.09980901,-0.1874503,0.08626611960735242,0.0,0.0021566529901838106,0.005175967235118151,0.0036274500000000004,14.5098,False,0,0.4242617630846829,0.13452449947925108,0.05612609085119749,0.429996634650946,0.1323038111205854,0.0337366016951528,0.10244232101723377,0.007058529072948,-0.0018557392959401668,0.9947121938094305,-0.03961651,0.25913167,0.20314422,0.5150929563272804,3.310300235170871e-05,0.00010560799273662269,0.00044797601003665477,0.00024390500038862228,0.00013785700139123946,8.876800711732358e-05,0.0013411100080702454,0.018478586003766395,0.01981969601183664,50.45486062968796,0
97,1.9601271430001361,-0.0812915007220667,-0.9442344468883057,1.196451489125387,-1.731393953362936,-1.4105823675738733,0.14080564677715302,0.2955209016799927,-1.3365833759307861,-0.734399139881134,-0.6252837777137756,0.2211112678050995,0.18339407444000244,0.24674458801746368,-1.6251360177993774,-1.2287890911102295,-0.8473398089408875,0.3921317458152771,0.12114410102367401,-0.1485456112715759,-0.7195655270881866,0.13466176462603385,-0.09373906356898946,0.015745056402078395,0.14626938614849538,-0.078239344,-0.92094105,1.1976274,-1.7464131,-1.4075956,0.14453314,-0.078239344,-0.92094105,1.1976274,-1.7464131,-1.4075956,0.14453314,-0.08129150420427322,-0.9442344307899475,1.1964515447616577,-1.7313939332962036,-1.410582423210144,0.14080564677715302,0.07630401,0.58233386,0.029397028,-0.37547803,0.0746703,0.09318748,-0.1708323,0.07188843300612702,0.0,0.0017972108251531756,0.004313305951654911,0.0036274500000000004,14.5098,False,0,0.4242980145530887,0.1348237913356625,0.055230189535259405,0.42995281763649235,0.1322851573216515,0.03382875833713151,0.10206148023209277,0.006881082526855186,-0.002871901180044229,0.994750138508782,-0.03961651,0.25913167,0.20314422,0.5150272982033492,3.430699871387333e-05,0.00010934000601992011,0.0004522459930740297,0.001211936993058771,0.00016850500833243132,0.00021942700550425798,0.0024919700081227347,0.017326803994365036,0.01981877400248777,50.45720789159178,0
98,1.9801339980040211,-0.0806954542743128,-0.9415580195239563,1.196742359791891,-1.7334305248656214,-1.4102829138385218,0.14143197238445282,0.257728636264801,-1.3530452251434326,-0.7478275895118713,-0.6299884915351868,0.20861481130123138,0.17463286221027374,0.20842888951301575,-1.6977860927581787,-1.2600175142288208,-0.8646344542503357,0.38155484199523926,0.1216043159365654,-0.20326029551083133,-0.5682051892082605,0.16696375147146436,-0.07383517139343333,0.017787585548122556,0.14629464033468914,-0.07863899,-0.9178151,1.1975358,-1.7486827,-1.4073478,0.14492726,-0.07863899,-0.9178151,1.1975358,-1.7486827,-1.4073478,0.14492726,-0.08069545775651932,-0.9415580034255981,1.1967424154281616,-1.7334305047988892,-1.4102829694747925,0.14143197238445282,0.051411636,0.59357345,0.019833809,-0.38130674,0.0733783,0.08738227,-0.15574694,0.059907027505105855,0.0,0.0014976756876276464,0.003594421548768878,0.0077450999999999996,30.9804,False,0,0.4243683473884393,0.13513480895497856,0.0541891150927683,0.4300161710946675,0.13227515748802107,0.033734834169909675,0.10229977944020718,0.006780279018365616,-0.002172314015434707,0.9947281490568697,-0.03961651,0.25913167,0.20314422,0.5151184048620132,3.4218988730572164e-05,0.00010724799358285964,0.00041808400419540703,0.0002601300075184554,0.0001377930020680651,9.26670036278665e-05,0.0013446100056171417,0.01849578799738083,0.019840398002997972,50.40221470602029,0
99,2.000128642001073,-0.08012468019594365,-0.9386409682086487,1.1969664732562464,-1.7355076275267542,-1.4099271933185022,0.14200718700885773,0.2436182200908661,-1.2847561836242676,-0.729640543460846,-0.6602447032928467,0.23000222444534302,0.16352008283138275,0.1803317368030548,-1.7478026151657104,-1.2796720266342163,-0.8753129243850708,0.37349259853363037,0.12198147177696228,0.05531279813416496,-0.49287398579149017,0.18320247633111086,-0.07376083500257942,0.006613610307009899,0.14880581040027455,-0.07869829,-0.9146932,1.1973076,-1.7509884,-1.4069355,0.1452766,-0.07869829,-0.9146932,1.1973076,-1.7509884,-1.4069355,0.1452766,-0.08012468367815018,-0.9386409521102905,1.196966528892517,-1.735507607460022,-1.409927248954773,0.14200718700885773,0.0356597,0.5986939,0.008527335,-0.38701993,0.07479589,0.081735514,-0.138229,0.04992252292092155,0.0,0.0012480630730230388,0.002995351329445839,0.0077450999999999996,30.9804,False,0,0.42444597386059996,0.13544811363362358,0.05307070517437201,0.43016354699630294,0.13248654294786877,0.03371456891021475,0.10227834881270315,0.006298668175078816,-0.0005748079340465798,0.9947357150650034,-0.03961651,0.25913167,0.20314422,0.5152074319412306,3.264000406488776e-05,0.00010340900917071849,0.0004255179956089705,0.00028472000849433243,0.0001399589964421466,9.007600601762533e-05,0.0013554530014516786,0.01847104899934493,0.01982650200079661,50.43754061910775,0
100,2.0200782180036185,-0.07960874239076787,-0.9354348343661805,1.1971343199359339,-1.7375923595824183,-1.409499470387594,0.14253772795200348,0.2252715826034546,-1.3176846504211426,-0.7669055461883545,-0.6561834812164307,0.2105666995048523,0.1772869974374771,0.16614162921905518,-1.7794743776321411,-1.3393161296844482,-0.8819648623466492,0.3697328567504883,0.1221541091799736,0.2795047706247628,-0.7830796288552415,-0.019451232577680916,-0.07978602404116462,-0.0020663181602263575,0.15066371420921526,-0.07835434,-0.91162443,1.196936,-1.7533503,-1.4063215,0.14555715,-0.07835434,-0.91162443,1.196936,-1.7533503,-1.4063215,0.14555715,-0.0796087458729744,-0.9354348182678223,1.1971343755722046,-1.737592339515686,-1.4094995260238647,0.14253772795200348,0.031360265,0.59526014,-0.004959544,-0.39394698,0.079450294,0.075485565,-0.113291584,0.0416021024341013,0.0,0.0010400525608525325,0.0024961261078715324,0.0077450999999999996,30.9804,False,0,0.42451876026086544,0.1357561364837756,0.0518505107080732,0.4304248096189053,0.13280351290083592,0.033846830578571255,0.10118884054693028,0.009359676631197876,-0.002482856220313332,0.9948201202146583,-0.03961651,0.25913167,0.20314422,0.5153244148991174,3.225200634915382e-05,0.00010455900337547064,0.00041921900992747396,0.00042155499977525324,0.00014145900786388665,9.338700328953564e-05,0.0014844880060991272,0.018295237998245284,0.01977972600434441,50.55681761114185,0
101,2.040082074003294,-0.07922441164125615,-0.9321326178363343,1.1972182432757776,-1.739678522149557,-1.4090412298785608,0.1430056095123291,0.19769799709320068,-1.4026274681091309,-0.7867503762245178,-0.689517080783844,0.22668586671352386,0.19223622977733612,0.1720670461654663,-1.801301121711731,-1.427449345588684,-0.884663999080658,0.37350356578826904,0.12139759212732315,-0.13767632405000485,-1.31850332325602,-0.6084107796696386,-0.10626537321654665,0.003458711162316778,0.06457101262408284,-0.078041814,-0.908739,1.1968153,-1.7554393,-1.405753,0.14586715,-0.078041814,-0.908739,1.1968153,-1.7554393,-1.405753,0.14586715,-0.07922441512346268,-0.9321326017379761,1.1972182989120483,-1.7396785020828247,-1.4090412855148315,0.1430056095123291,0.029564956,0.5848408,-0.01007626,-0.3940197,0.08220604,0.07153864,-0.0888105,0.03466841869508441,0.0,0.0008667104673771105,0.002080105012282729,0.0077450999999999996,30.9804,False,0,0.4246215571231639,0.13601457089179309,0.05061339505010251,0.4305533821947213,0.13308117173692868,0.0337739015107248,0.10025100715367691,0.009004193570842492,-0.0016760909145296533,0.9949200495063972,-0.03961651,0.25913167,0.20314422,0.515397673185873,3.2472991733811796e-05,0.00010456300515215844,0.0004546549898805097,0.0003241780068492517,0.00015602100756950676,9.924400364980102e-05,0.0014757500030100346,0.01838172100542579,0.019857471008435823,50.35888001927241,0
102,2.060128479002742,-0.07896453539003545,-0.9286888998797913,1.197214428578512,-1.7418748341002406,-1.4085643927203577,0.14351598918437958,0.2101753205060959,-1.3567558526992798,-0.8338863253593445,-0.6493889689445496,0.21269652247428894,0.18882857263088226,0.19262376427650452,-1.8180986642837524,-1.516479730606079,-0.8851413130760193,0.38322362303733826,0.1197870597243309,0.11579616734200515,-1.065338810896845,-0.14451878564989729,-0.10843484815920748,0.003442978615166587,0.15376592531798797,-0.07798539,-0.9058835,1.1967088,-1.7576458,-1.4053574,0.1462333,-0.07798539,-0.9058835,1.1967088,-1.7576458,-1.4053574,0.1462333,-0.07896453887224197,-0.9286888837814331,1.1972144842147827,-1.7418748140335083,-1.4085644483566284,0.14351598918437958,0.024478761,0.5701351,-0.012641245,-0.39427653,0.080175914,0.0679329,-0.057904467,0.02889034891257035,0.0,0.0007222587228142588,0.0017334208823740482,0.0077450999999999996,30.9804,False,0,0.42477568358839995,0.13622187164214916,0.04934775015844714,0.43069645873637596,0.13312011466323095,0.033757437945293386,0.09938551928870815,0.008443372637872178,-0.001361175198437892,0.9950122737560576,-0.03961651,0.25913167,0.20314422,0.5155240864174175,3.566399391274899e-05,0.00011961700511164963,0.0005860419914824888,0.0003499250015011057,0.00017659099830780178,9.931500244420022e-05,0.0016798720025690272,0.018187116002081893,0.01986698800465092,50.334756318667786,0
103,2.0801325460051885,-0.07874805132021123,-0.9253316086581727,1.1972182432757776,-1.7441073856749476,-1.4081433455096644,0.14394333958625793,0.207910418510437,-1.3874496221542358,-0.9279738068580627,-0.6180672645568848,0.21057599782943726,0.1813548058271408,0.1829383224248886,-1.830159306526184,-1.591062307357788,-0.8805403709411621,0.3900550305843353,0.1185908243060112,-0.06314543625577354,-0.629608271880651,-0.11923997081173947,-0.08730614419195305,0.010101699333041723,0.14051107674908198,-0.07789405,-0.9032877,1.1968987,-1.7596756,-1.4049913,0.14654574,-0.07789405,-0.9032877,1.1968987,-1.7596756,-1.4049913,0.14654574,-0.07874805480241776,-0.9253315925598145,1.1972182989120483,-1.7441073656082153,-1.408143401145935,0.14394333958625793,0.021350263,0.55109704,-0.00798974,-0.38920495,0.07880361,0.06505982,-0.02267471,0.02407529076047529,0.0,0.0006018822690118823,0.0014445174019783735,0.0077450999999999996,30.9804,False,0,0.424945619663753,0.1363969310262716,0.04811463477722397,0.4306814189149731,0.1331488653888967,0.033812564122531384,0.09944902276105633,0.007930964497829714,-0.0017885204320320595,0.9950094308603105,-0.03961651,0.25913167,0.20314422,0.5154852275118695,3.5806006053462625e-05,0.00011624999751802534,0.0005523439904209226,0.0003103119961451739,0.00015077300486154854,0.00010156500502489507,0.0015708270075265318,0.01824740899610333,0.019818236003629863,50.45857763611465,0
104,2.1001265560043976,-0.07862407365907842,-0.9221205872348328,1.197186295186178,-1.7463036976256312,-1.4076855818377894,0.14436618983745575,0.2322152853012085,-1.4054062366485596,-1.0332211256027222,-0.6315293312072754,0.21249304711818695,0.19171971082687378,0.16570144891738892,-1.8376296758651733,-1.636804461479187,-0.8771781325340271,0.3905896246433258,0.11851493269205093,-0.16490815437162765,-0.6422874075649716,-0.23334219848796134,-0.09361067131552012,0.002348385116236411,0.1674230225871984,-0.07786954,-0.900932,1.1972904,-1.7615461,-1.4046065,0.1469101,-0.07786954,-0.900932,1.1972904,-1.7615461,-1.4046065,0.1469101,-0.07862407714128494,-0.9221205711364746,1.1971863508224487,-1.746303677558899,-1.40768563747406,0.14436618983745575,0.018863326,0.5297138,0.0026010342,-0.38106254,0.07697832,0.06359778,0.012839147,0.021774628552362237,0.0002567829377949238,0.0005443657138090559,0.0012037645792588592,0.0077450999999999996,30.9804,False,0,0.4251422394613231,0.1365402439402881,0.04694942741256122,0.430602864508206,0.1331491735070458,0.033797429242785046,0.09942542933747178,0.007581685491280664,-0.0017207116510394409,0.9950146403431275,-0.03961651,0.25913167,0.20314422,0.5154184573981149,3.646800178103149e-05,0.00011403999815229326,0.001357021988951601,0.00039237699820660055,0.00017705000936985016,0.0001076580083463341,0.002498515008483082,0.01731858499988448,0.01981710000836756,50.46147012316437,0
105,2.1200836549978703,-0.07850009599794561,-0.9188646239093323,1.197186295186178,-1.7484833202757777,-1.4072726408587855,0.14475785195827484,0.23980358242988586,-1.3957017660140991,-1.1033438444137573,-0.5976914167404175,0.21234361827373505,0.19550630450248718,0.149150088429451,-1.8454327583312988,-1.6479183435440063,-0.8718764185905457,0.39013034105300903,0.11828502267599106,-0.061788863055111116,-0.676624613367512,-0.3175075922631356,-0.09646544185849443,0.005034568291789516,0.14575915396907968,-0.077464096,-0.8988015,1.1976168,-1.7634363,-1.4041032,0.14723127,-0.077464096,-0.8988015,1.1976168,-1.7634363,-1.4041032,0.14723127,-0.07850009948015213,-0.9188646078109741,1.1971863508224487,-1.7484833002090454,-1.4072726964950562,0.14475785195827484,0.025900114,0.50157773,0.010761618,-0.37382585,0.07923844,0.061835308,0.052020244,0.026793442618983417,0.0012971878238022328,0.0006698360654745854,0.0010887314565479755,0.0077450999999999996,30.9804,False,0,0.42531590372892797,0.13667488279002626,0.04575329161540184,0.4306392350110623,0.13326570756714715,0.033894087271544374,0.09909113242753537,0.007530527525157379,-0.0025432102044636376,0.995046618057001,-0.03961651,0.25913167,0.20314422,0.5153914189667825,3.493799886200577e-05,0.00011281100159976631,0.0005018809897592291,0.0004611140029737726,0.00021295099577400833,0.00011995900422334671,0.0017525849980302155,0.018017940994468518,0.019770525992498733,50.58034370857997,0
106,2.140135227004066,-0.07841998735536748,-0.9157270950130005,1.1971939245807093,-1.7506925068297328,-1.4067919890033167,0.14512181282043457,0.22816333174705505,-1.394859790802002,-1.1023412942886353,-0.5724126696586609,0.2135903388261795,0.17586207389831543,0.13208052515983582,-1.8532843589782715,-1.612694501876831,-0.8659775853157043,0.38961338996887207,0.11823641508817673,-0.2819827205495353,-0.7259549689025445,-0.25260192186893804,-0.09501268424947845,0.0025455116675559483,0.1418551371333882,-0.07687341,-0.8976381,1.1982119,-1.7649953,-1.4035646,0.14762674,-0.07687341,-0.8976381,1.1982119,-1.7649953,-1.4035646,0.14762674,-0.078419990837574,-0.9157270789146423,1.19719398021698,-1.7506924867630005,-1.4067920446395874,0.14512181282043457,0.038664624,0.45222452,0.025447942,-0.35757053,0.080686696,0.06262318,0.09067256,0.043065462345992046,0.003110639024525881,0.0010766365586498013,0.0013396721333265305,0.005490200000000001,21.9608,False,0,0.42551080174346045,0.13680558625050496,0.044607394769899195,0.4306186715415457,0.13329477241582072,0.03387722827298619,0.09927983972446991,0.008040349230792545,-0.0030239677042802077,0.9950224452808636,-0.03961651,0.25913167,0.20314422,0.5153710957575559,4.993699258193374e-05,0.00013214099453762174,0.0005616639973595738,0.00037026399513706565,0.00018538800941314548,0.00010221700358670205,0.0017368259868817404,0.018136808008421212,0.019873633995302953,50.31792374944339,0
107,2.1601483870035736,-0.07832366624941045,-0.9127103251269837,1.1971820036517542,-1.7528511486449183,-1.4063642660724085,0.1455039083957672,0.24767667055130005,-1.4583427906036377,-1.0495506525039673,-0.5685616135597229,0.20740611851215363,0.1944657415151596,0.138217493891716,-1.8639352321624756,-1.5480519533157349,-0.8625339865684509,0.3940045237541199,0.11757057160139084,-0.26773076098740667,-0.665105100588893,-0.11591519507720961,-0.09775555879835983,0.0056404575824862205,0.12292331309170475,-0.07612452,-0.8980302,1.1989771,-1.7661752,-1.4032462,0.14816204,-0.07612452,-0.8980302,1.1989771,-1.7661752,-1.4032462,0.14816204,-0.07832366973161697,-0.9127103090286255,1.197182059288025,-1.752851128578186,-1.4063643217086792,0.1455039083957672,0.054978695,0.3670019,0.04487718,-0.3330999,0.07795384,0.06645332,0.13022424,0.07398871115935719,0.0057151238806545735,0.00184971777898393,0.002153273206204176,0.005490200000000001,21.9608,False,0,0.42570557488061306,0.13693062787698515,0.04351046084815596,0.430599170452629,0.13313442061823544,0.03376756476748857,0.09951962568256523,0.0074798222807800204,-0.0018468728530508672,0.9950057524264604,-0.03961651,0.25913167,0.20314422,0.5154285066181327,3.6375000490807e-05,0.00012064698967151344,0.000500640002428554,0.00030522099405061454,0.0001543039979878813,0.0002820230001816526,0.0017556130042066798,0.01808243700361345,0.01983805000782013,50.40818021961844,0
108,2.180085501007852,-0.07816821733583623,-0.9097886246493836,1.197221581135885,-1.7549134693541468,-1.4058969656573694,0.1458282470703125,0.25384026765823364,-1.497973918914795,-0.9361137747764587,-0.5846907496452332,0.22521193325519562,0.16563214361667633,0.18484686315059662,-1.8905823230743408,-1.4681614637374878,-0.8612105846405029,0.40062499046325684,0.11685667932033539,-0.13874843603358966,-0.5592551919986885,-0.4642869827968522,-0.08695502559734655,0.019653548271937854,0.1553062344145645,-0.0745434,-0.9010779,1.1999025,-1.7667218,-1.4026897,0.14869595,-0.0745434,-0.9010779,1.1999025,-1.7667218,-1.4026897,0.14869595,-0.07816822081804276,-0.9097886085510254,1.1972216367721558,-1.7549134492874146,-1.4058970212936401,0.1458282470703125,0.09062056,0.21776696,0.06702298,-0.29521132,0.080183014,0.0716926,0.1754071,0.1231456980696393,0.009223265815526247,0.0030786424517409827,0.00369943561963737,0.005490200000000001,21.9608,False,0,0.4258615900365597,0.1370925697911778,0.042433984739116526,0.43062244344262124,0.1332922651614618,0.03385285453180975,0.09932263092963511,0.0069983288091829176,-0.0024702401648742447,0.9950275934457702,-0.03961651,0.25913167,0.20314422,0.5153831552041128,5.463100387714803e-05,0.0001691799989202991,0.00072694499976933,0.00030918999982532114,0.0001813300041249022,0.00010364400804974139,0.0019615019991761073,0.0177302910014987,0.019691793000674807,50.78257728819979,0
109,2.200086074997671,-0.07793647447694951,-0.90717966974292,1.1972573439227503,-1.7569309673705042,-1.405466381703512,0.14622226357460022,0.25291043519973755,-1.5068466663360596,-0.7661575675010681,-0.566676914691925,0.21205846965312958,0.17747703194618225,0.2559782564640045,-1.9434821605682373,-1.3705869913101196,-0.8656120300292969,0.40696272253990173,0.1166459321975708,0.06626463702275212,-0.024997537302188233,-0.9509859466816803,-0.07671189725796776,-0.00663132894014911,0.1401983899005308,-0.07316695,-0.90857923,1.2011608,-1.7663101,-1.402473,0.14931993,-0.07316695,-0.90857923,1.2011608,-1.7663101,-1.402473,0.14931993,-0.07793647795915604,-0.9071796536445618,1.197257399559021,-1.756930947303772,-1.4054664373397827,0.14622226357460022,0.1192382,-0.034988724,0.09758388,-0.23447828,0.07483591,0.07744163,0.2195534,0.19338363997564323,0.013614333737641572,0.004834590999391081,0.006157285068184137,0.005490200000000001,21.9608,False,0,0.4260280472753734,0.13727680597092454,0.04148300742810826,0.43058598855530106,0.13321501670126312,0.03389558768672668,0.09882844956533138,0.007610777419206235,-0.00249906407731758,0.9950722365739593,-0.03961651,0.25913167,0.20314422,0.5153547262482563,4.928899579681456e-05,0.0001388569944538176,0.0005389879952417687,0.0003231309965485707,0.00020736899750772864,0.00010011199628934264,0.0017029300070134923,0.0181114259903552,0.019814355997368693,50.468458330555784,0
110,2.2200948310055537,-0.07757312456239873,-0.9050769370845337,1.1974132696734827,-1.7589284382262171,-1.4049795309649866,0.14651907980442047,0.30496832728385925,-1.5356366634368896,-0.763102650642395,-0.592718780040741,0.21431617438793182,0.17056800425052643,0.2896329164505005,-2.0386362075805664,-1.3309111595153809,-0.8770677447319031,0.4231470823287964,0.11516664177179337,-0.29805457757854886,-0.3755369867452236,-1.1463732340848425,-0.09146658892056216,0.001509728373158832,0.12367239767255533,-0.072597384,-0.91939133,1.2025285,-1.7651867,-1.4022809,0.14955993,-0.072597384,-0.91939133,1.2025285,-1.7651867,-1.4022809,0.14955993,-0.07757312804460526,-0.9050769209861755,1.1974133253097534,-1.7589284181594849,-1.4049795866012573,0.14651907980442047,0.12439366,-0.35786042,0.1278775,-0.15645689,0.0674655,0.076021165,0.24135363,0.28409574236659213,0.018441406358033416,0.007102393559164803,0.009669181890785694,0.005490200000000001,21.9608,False,0,0.42619022112318256,0.1375293304209294,0.04071030818752827,0.430602526993145,0.13323146159733681,0.03383755315486613,0.09896440896620301,0.006669688335809704,-0.00252965313758745,0.9950653961791743,-0.03961651,0.25913167,0.20314422,0.5153848598532966,3.601900243666023e-05,0.0001229290064657107,0.0005396089982241392,0.0003660359943751246,0.0001988869917113334,0.00010372600809205323,0.0017295559955528006,0.018109690005076118,0.01983924600062892,50.405141403473664,0
111,2.2400932620075764,-0.07714826265443975,-0.9035294216922303,1.197693173085348,-1.7606092892088832,-1.4045317808734339,0.14692166447639465,0.2832856774330139,-1.7289663553237915,-0.8166370391845703,-0.6450847387313843,0.23194386065006256,0.1714145839214325,0.30696696043014526,-2.198472023010254,-1.3896948099136353,-0.9035335779190063,0.43690916895866394,0.11413836479187012,0.07937952669512953,-0.5089587309368767,-0.6739266393137187,-0.09582851493269498,-0.007580172213106452,0.14911800647625978,-0.073182486,-0.92818266,1.2035,-1.7638259,-1.4015774,0.14921752,-0.073182486,-0.92818266,1.2035,-1.7638259,-1.4015774,0.14921752,-0.07714826613664627,-0.9035294055938721,1.1976932287216187,-1.7606092691421509,-1.4045318365097046,0.14692166447639465,0.09914455,-0.61633104,0.14516865,-0.08041577,0.07386275,0.057396244,0.21739851,0.38867562894347646,0.02278937654569745,0.009716890723586911,0.014204787090420723,0.005490200000000001,21.9608,False,0,0.4262894724422126,0.1378032339113468,0.04011401491459368,0.43066636887535964,0.1332308788679955,0.03379988722020538,0.09952628737165986,0.007398098059574941,-0.00200334070167163,0.9950054379407046,-0.03961651,0.25913167,0.20314422,0.5154556232276606,3.598800685722381e-05,0.00011554898810572922,0.0005665820062858984,0.000348637011484243,0.00018452999938745052,9.570700058247894e-05,0.0016578049981035292,0.01817336400563363,0.01983116900373716,50.425670812020776,0
112,2.2601286429999163,-0.07657748857607061,-0.9031843107989808,1.1981523672686976,-1.7620965443053187,-1.4040940443622034,0.1473722606897354,0.3085111677646637,-2.229870080947876,-0.8693951368331909,-0.6916578412055969,0.23746557533740997,0.1778162270784378,0.2924093008041382,-3.113978385925293,-1.4555991888046265,-0.9372819066047668,0.44112664461135864,0.1129925474524498,-0.36211021663737075,-0.5564449068918877,-1.978885570565603,-0.08162406372893342,0.000792463956856896,0.15412006995017402,-0.07394524,-0.9325847,1.2037221,-1.7635547,-1.3995155,0.14852679,-0.07394524,-0.9325847,1.2037221,-1.7635547,-1.3995155,0.14852679,-0.07657749205827713,-0.9031842947006226,1.1981524229049683,-1.7620965242385864,-1.4040940999984741,0.1473722606897354,0.06580623,-0.7350102,0.13924374,-0.036454763,0.11446509,0.028863085,0.13064153,0.49056302411956365,0.025402207244187593,0.012264075602989092,0.019433781504631042,0.005490200000000001,21.9608,False,0,0.4264008481051545,0.13813461536681612,0.039956720410520785,0.43061478753256394,0.13322137696520106,0.03391390644305652,0.09853574873196608,0.007306146709557557,-0.0026239475882353282,0.9951032283946191,-0.03961651,0.25913167,0.20314422,0.5153734327637316,0.0001380460016662255,0.00012546400830615312,0.0009958820010069758,0.0009338829986518249,0.00017621699953451753,0.00011693200212903321,0.0029675730038434267,0.016835774993523955,0.019803347997367382,50.496512010642746,0
113,2.2801288170012413,-0.07593804994692022,-0.904589371090271,1.1987231413470667,-1.7631403408446253,-1.4037373701678675,0.1477838009595871,0.2826094627380371,-2.3001716136932373,-0.8394342660903931,-0.696049153804779,0.24081562459468842,0.17448151111602783,0.2423759549856186,-3.1496784687042236,-1.468808889389038,-0.9454240798950195,0.4298051595687866,0.11189714074134827,-0.6125232328741408,-0.6823616252150163,-2.060331079486972,-0.08850826548477195,0.007729299436317848,0.14863807724080413,-0.07450001,-0.9349808,1.2037061,-1.7648498,-1.396617,0.14820853,-0.07450001,-0.9349808,1.2037061,-1.7648498,-1.396617,0.14820853,-0.07593805342912674,-0.9045893549919128,1.1987231969833374,-1.763140320777893,-1.4037374258041382,0.1477838009595871,0.035951104,-0.7597858,0.12457261,-0.04273769,0.17800996,0.010618275,-0.0075040236,0.5754691867663031,0.025252126771956682,0.014386729669157577,0.024528151378035545,0.0006862750000000001,2.7451,False,0,0.42655526150070017,0.13847242005782262,0.04046604631660097,0.4305999389751955,0.1332922204791615,0.03385616118744497,0.09895719824029142,0.007477416888376283,-0.002754204912130895,0.9950597560940309,-0.03961651,0.25913167,0.20314422,0.5153615467806826,3.524399653542787e-05,0.0001173229975393042,0.0005698699969798326,0.0003281660028733313,0.00017130299238488078,9.645300451666117e-05,0.0016844600031618029,0.018156396996346302,0.019840856999508105,50.40104870595015,0
114,2.300132208998548,-0.07531148592104131,-0.9075073164752503,1.1994202772723597,-1.7639647922911585,-1.4033272902118128,0.14814668893814087,0.24048706889152527,-2.1243536472320557,-0.7863323092460632,-0.5933525562286377,0.20617657899856567,0.15346497297286987,0.19845160841941833,-2.9947075843811035,-1.423391580581665,-0.9272441864013672,0.4195362329483032,0.11077041178941727,-0.4073426976929946,-0.6878139809827244,-0.7966118253613115,-0.08963150336935491,0.017402193972680988,0.14858845113711755,-0.07483651,-0.9371757,1.204582,-1.7669421,-1.3935665,0.1484076,-0.07483651,-0.9371757,1.204582,-1.7669421,-1.3935665,0.1484076,-0.07531148940324783,-0.9075073003768921,1.1994203329086304,-1.7639647722244263,-1.4033273458480835,0.14814668893814087,0.011874626,-0.74171025,0.12904082,-0.07443487,0.24402125,0.006522477,-0.15538877,0.6271866644532784,0.022144351322203874,0.015679666611331963,0.028773458674550056,0.0006862750000000001,2.7451,False,0,0.4267878009184554,0.13881172392357924,0.04155909871058516,0.4307677550299051,0.13326862725867133,0.03376603217014411,0.09923602253734776,0.007966457366750286,-0.0021527586629347603,0.9950296962895753,-0.03961651,0.25913167,0.20314422,0.5155500304820098,3.529799869284034e-05,0.00011612099478952587,0.0005750870041083544,0.00035983999259769917,0.00017646201013121754,9.552700794301927e-05,0.001714080004603602,0.01810436398955062,0.019818443994154222,50.45804808364201,0
115,2.3201317000057315,-0.07488948503603154,-0.9111401003650208,1.200310532246725,-1.7642365894713343,-1.4027488867389124,0.1483863741159439,0.17912065982818604,-1.994324803352356,-0.7622302770614624,-0.6075662970542908,0.22662675380706787,0.1619114875793457,0.17653606832027435,-2.791195869445801,-1.3648874759674072,-0.9092801809310913,0.4181765615940094,0.09877601265907288,0.5197714295455025,-0.7013336900104059,-0.2995127102482397,-0.09127063414149356,-0.003424520444794056,0.1516700322048624,-0.07501834,-0.93951404,1.206303,-1.7681669,-1.3912503,0.14881,-0.07501834,-0.93951404,1.206303,-1.7681669,-1.3912503,0.14881,-0.07488948851823807,-0.9111400842666626,1.2003105878829956,-1.764236569404602,-1.402748942375183,0.1483863741159439,-0.003221273,-0.70934933,0.1498103,-0.09825775,0.28746593,0.010590593,-0.26207283,0.6353415183401195,0.01690289469435811,0.01588353795850299,0.03135933354496956,0.0006862750000000001,2.7451,False,0,0.42693614886667663,0.13911191076246923,0.04287094079454348,0.4306737892280332,0.13321865997665627,0.03381571884068184,0.0995751682994156,0.00833141682745404,-0.001988898775051892,0.9949931707444113,-0.03961651,0.25913167,0.20314422,0.5154601769752336,3.634799213614315e-05,0.00011587099288590252,0.0006127910019131377,0.0004966489941580221,0.0001898869959404692,0.00011855899356305599,0.0020021770033054054,0.01781567400030326,0.019817851003608666,50.45955789141357,0
116,2.340129791002255,-0.07459003130067998,-0.915096716289856,1.2011693159686487,-1.7643877468504847,-1.4019196669207972,0.1484389305114746,0.20108219981193542,-1.9935394525527954,-0.7714831829071045,-0.6482577323913574,0.22901368141174316,0.13966937363147736,0.17507116496562958,-2.6295437812805176,-1.309187412261963,-0.894278347492218,0.42063024640083313,0.03349488601088524,-0.0686679969870859,-0.8817006621824598,-1.3426220954224846,-0.09896971061375436,0.010112449188300874,0.13281470544104754,-0.07498598,-0.942375,1.2078497,-1.7684634,-1.3903549,0.14919238,-0.07498598,-0.942375,1.2078497,-1.7684634,-1.3903549,0.14919238,-0.0745900347828865,-0.9150967001914978,1.2011693716049194,-1.7643877267837524,-1.4019197225570679,0.1484389305114746,-0.009898663,-0.68195826,0.16700965,-0.10189156,0.28912002,0.01883621,-0.30435187,0.6015569810797844,0.010815857369452715,0.01503892452699461,0.03176707774400711,0.0006862750000000001,2.7451,False,0,0.4271177964054043,0.13941746964208554,0.044328278980768965,0.4305591728216225,0.1332609213176734,0.03386289390710403,0.09963616279194765,0.007325936773921777,-0.0030853343004580112,0.9949921493751682,-0.03961651,0.25913167,0.20314422,0.5153297842696908,3.655698674265295e-05,0.00011221400927752256,0.0006574690050911158,0.000355569995008409,0.00017626098997425288,9.971400140784681e-05,0.001819505007006228,0.01800143299624324,0.019820938003249466,50.451699099006255,0
117,2.360185099998489,-0.07451373735536748,-0.9191405934146424,1.2019599119769495,-1.7646862469115199,-1.4007304350482386,0.14847129583358765,0.15199995040893555,-1.9899941682815552,-0.7281979322433472,-0.6401309967041016,0.2256113588809967,0.14015944302082062,0.06255565583705902,-2.5217792987823486,-1.2582039833068848,-0.870980978012085,0.4177090525627136,0.011311053298413754,-0.5347866429018975,-0.7987379029779716,-0.4625596044277017,-0.10141074396942287,0.03812086805618295,0.17209467200496692,-0.074839294,-0.94576484,1.2087884,-1.7684188,-1.3908887,0.14969742,-0.074839294,-0.94576484,1.2087884,-1.7684188,-1.3908887,0.14969742,-0.074513740837574,-0.9191405773162842,1.2019599676132202,-1.7646862268447876,-1.4007304906845093,0.14847129583358765,-0.00813883,-0.66560644,0.17070985,-0.093314484,0.24604423,0.030653084,-0.28219986,0.5357765520802863,0.0051718601770699025,0.01339441380200716,0.030077848583459854,0.0006862750000000001,2.7451,False,0,0.4273978466893446,0.13970711484927456,0.04586421839531038,0.430568990959704,0.1332139987965613,0.03389581344545545,0.09902406659113488,0.007554370701756481,-0.0032621548257254027,0.9950509841255759,-0.03961651,0.25913167,0.20314422,0.5153393924940791,3.640499198809266e-05,0.00011975599045399576,0.0006090110109653324,0.0003054209955735132,0.00017887700232677162,9.849799971561879e-05,0.0017419840005459264,0.018142278990126215,0.01988426299067214,50.2910266510309,0
118,2.3801379520009505,-0.07452994981874639,-0.9232548040202637,1.2027471701251429,-1.765115877191061,-1.3992984930621546,0.14855393767356873,0.06365183740854263,-1.9004685878753662,-0.7485565543174744,-0.6411583423614502,0.2561519742012024,0.16845420002937317,-0.025682833045721054,-2.4757559299468994,-1.2323085069656372,-0.8524752855300903,0.40757015347480774,0.02160308137536049,-0.015214893494494404,-0.5676867628631393,-0.14582264063818862,-0.08718080435640549,0.016908498980056988,0.13797958523201437,-0.07470883,-0.9491987,1.2094848,-1.7684789,-1.3925301,0.15041664,-0.07470883,-0.9491987,1.2094848,-1.7684789,-1.3925301,0.15041664,-0.07452995330095291,-0.9232547879219055,1.2027472257614136,-1.7651158571243286,-1.3992985486984253,0.14855393767356873,-0.0044717896,-0.64859796,0.16843873,-0.08407637,0.16921128,0.0465677,-0.21197262,0.4526965113722391,0.0009324076958000657,0.011317412784305978,0.026788827031850815,0.0006862750000000001,2.7451,False,0,0.4277299027233705,0.1400111371117413,0.04744944867595621,0.43067439673047386,0.1332530199224919,0.03384959087374907,0.09950759489270722,0.007502558018823125,-0.0024838388717447393,0.9950054016330254,-0.03961651,0.25913167,0.20314422,0.5154412129922086,3.745999129023403e-05,0.00012135700671933591,0.000563584006158635,0.0004333669930929318,0.00017044300329871476,9.860300633590668e-05,0.0018012250075116754,0.017995262998738326,0.01979648800625,50.51401034791056,0
119,2.4000797720073024,-0.07457334200014287,-0.92728145540271,1.2035930792437952,-1.7657510242857875,-1.3977974096881312,0.14867830276489258,0.027465350925922394,-1.8160839080810547,-0.7218215465545654,-0.6403166651725769,0.2500937581062317,0.18191289901733398,-0.06477183848619461,-2.478404998779297,-1.235805630683899,-0.8496350646018982,0.39263713359832764,0.05136474221944809,0.5777407077744126,0.5355541015942561,0.619167558450613,-0.06924274270351712,0.006334578485527442,0.1665066722005902,-0.07472617,-0.95157087,1.2105583,-1.7691536,-1.394511,0.15125473,-0.07472617,-0.95157087,1.2105583,-1.7691536,-1.394511,0.15125473,-0.0745733454823494,-0.9272814393043518,1.203593134880066,-1.7657510042190552,-1.3977974653244019,0.14867830276489258,-0.003820747,-0.607236,0.17412964,-0.0850656,0.08216144,0.06441065,-0.11928922,0.3772470928101993,0.0,0.009431177320254983,0.022634824737906456,0.0006862750000000001,2.7451,False,0,0.428083869850548,0.14031827665452745,0.0489999618212853,0.43056522841947137,0.13329762399983275,0.03395338817179028,0.09891507415637996,0.009023642365372966,-0.0037514901913782914,0.9950478940516227,-0.03961651,0.25913167,0.20314422,0.5152966261787958,3.5083008697256446e-05,0.00011328399705234915,0.0005366129917092621,0.00033998501021414995,0.0001729420037008822,9.705100092105567e-05,0.0016625429998384789,0.018121860004612245,0.019784403004450724,50.54486606318314,0
120,2.4201405689964304,-0.0745776335345667,-0.9310751718333741,1.2044795195208948,-1.7663527927794398,-1.3962457815753382,0.14886167645454407,-0.0032301992177963257,-1.861167073249817,-0.7104477286338806,-0.6100257039070129,0.24560467898845673,0.17601986229419708,-0.0700598955154419,-2.4933090209960938,-1.2496848106384277,-0.8560677766799927,0.375276654958725,0.09954673051834106,-0.49582682536817957,-0.691959345087008,0.07876676295181359,-0.10106204650375192,0.04141374943668638,0.13896974354811406,-0.074952714,-0.9519839,1.2120893,-1.7704934,-1.3954616,0.15205449,-0.074952714,-0.9519839,1.2120893,-1.7704934,-1.3954616,0.15205449,-0.07457763701677322,-0.9310751557350159,1.2044795751571655,-1.7663527727127075,-1.3962458372116089,0.14886167645454407,-0.009376861,-0.5227198,0.19024405,-0.10351581,0.019606598,0.07982037,-0.061100516,0.31437257734183277,0.0,0.00785931443354582,0.01886235550045967,0.0006862750000000001,2.7451,False,0,0.42838403143730525,0.14065749443479722,0.050443746547972595,0.43085685113923333,0.13392558042699013,0.03401879971511657,0.10011579598810222,0.010785030435919985,-0.0008210830103968208,0.994917019317494,-0.03961651,0.25913167,0.20314422,0.5153883558005403,3.5864999517798424e-05,0.00011878099758177996,0.001650676000281237,0.00035653299710247666,0.00017829200078267604,0.00010576400381978601,0.0028550900024129078,0.01704388098733034,0.019898970989743248,50.25385486090921,0
121,2.4400903250061674,-0.07458526292909795,-0.9347762030414124,1.2054312864886683,-1.766822954217428,-1.395071808491842,0.14910106360912323,-0.02703843265771866,-1.902417778968811,-0.736312985420227,-0.6346996426582336,0.21358628571033478,0.1646125763654709,-0.06576375663280487,-2.4736132621765137,-1.2475030422210693,-0.8586657643318176,0.35851263999938965,0.12607617676258087,-0.5109695454994005,-1.206844595417015,0.0575634490818511,-0.1172719789358684,0.04716680919153483,0.13907851391486709,-0.074750304,-0.9496488,1.2135304,-1.7723999,-1.3954977,0.1529268,-0.074750304,-0.9496488,1.2135304,-1.7723999,-1.3954977,0.1529268,-0.07458526641130447,-0.9347761869430542,1.205431342124939,-1.7668229341506958,-1.3950718641281128,0.14910106360912323,-0.004125914,-0.37181526,0.202478,-0.13942412,-0.0106439395,0.09564333,-0.050884157,0.26197714778486064,0.0,0.006549428694621517,0.015718629583716393,0.003039225,12.1569,False,0,0.4286119339020292,0.14091218964538943,0.05180783200238018,0.43140912155909594,0.13538388919919794,0.033826776460228566,0.10028449526880784,0.00900591007787962,-0.004141212069879049,0.9949094016243176,-0.03961651,0.25913167,0.20314422,0.5156035847696476,3.640500654000789e-05,0.0001247589971171692,0.0005683389899786562,0.00026775199512485415,0.00010939799540210515,7.872798596508801e-05,0.001589972001966089,0.018171335002989508,0.019761307004955597,50.60394030360579,0
122,2.4601429010072025,-0.07459384599794561,-0.9382240933230896,1.2064407507525843,-1.7672835789122523,-1.3944323698626917,0.14936448633670807,-0.05410410836338997,-1.8031303882598877,-0.7263655662536621,-0.6540945172309875,0.22679825127124786,0.184861958026886,-0.07282459735870361,-2.401174306869507,-1.2219470739364624,-0.8520970940589905,0.35088813304901123,0.12776637077331543,-0.30292627012713075,-0.9484159490425816,0.28455275582418915,-0.11034430824496208,0.04166031333575213,0.14671159380345075,-0.07411755,-0.9450337,1.2144907,-1.7745633,-1.3955257,0.15374042,-0.07411755,-0.9450337,1.2144907,-1.7745633,-1.3955257,0.15374042,-0.07459384948015213,-0.9382240772247314,1.206440806388855,-1.76728355884552,-1.3944324254989624,0.14936448633670807,0.011907509,-0.17024194,0.20124672,-0.18199459,-0.027330812,0.109398276,-0.056296475,0.2183142898207172,0.0,0.005457857245517931,0.01309885736554861,0.003039225,12.1569,False,0,0.42878032382709436,0.14104573245645563,0.05302828986169966,0.43164659992779203,0.1362297888353429,0.03390230782072322,0.10089886481575172,0.007949456775678342,-0.0017507037612144016,0.9948633890566976,-0.03961651,0.25913167,0.20314422,0.5155934610836116,0.00011356099275872111,0.00010707399633247405,0.0004380630125524476,0.00033457599056418985,0.0001908450067276135,0.00012176399468444288,0.0016819479933474213,0.018068180012051016,0.019750128005398437,50.632583228152406,0
123,2.4801358959957724,-0.07461387315859014,-0.9412867587855835,1.2074630896197718,-1.7678448162474574,-1.3941367308246058,0.14975160360336304,-0.05121016129851341,-1.6926968097686768,-0.6626683473587036,-0.6208509206771851,0.22534054517745972,0.17878220975399017,-0.06740645319223404,-2.2807528972625732,-1.179927945137024,-0.8364299535751343,0.32357490062713623,0.12843602895736694,-0.5150589084995888,-0.4804591796993838,0.9843966836155095,-0.09846835853977422,0.055278862143083966,0.1345438824673723,-0.073045485,-0.9390211,1.214762,-1.7770263,-1.3950692,0.15449037,-0.073045485,-0.9390211,1.214762,-1.7770263,-1.3950692,0.15449037,-0.07461387664079666,-0.9412867426872253,1.2074631452560425,-1.767844796180725,-1.3941367864608765,0.14975160360336304,0.039209828,0.056640144,0.18247214,-0.22953656,-0.023311112,0.11846891,-0.08281746,0.18192857485059769,0.0,0.0045482143712649425,0.01091571431607008,0.003039225,12.1569,False,0,0.4289223023523115,0.14109595706196407,0.05407721906580068,0.4322190305521875,0.13728339464891318,0.033819365434536106,0.10169658679392796,0.008948034918263568,-0.002078617271368285,0.994773029797172,-0.03961651,0.25913167,0.20314422,0.5158940656859782,4.064899985678494e-05,0.00018908399215433747,0.0009371990017825738,0.0005355240136850625,0.00032832700526341796,0.0001679660053923726,0.002703556005144492,0.01701202298863791,0.0197155789937824,50.721310305690984,0
124,2.500140010000905,-0.07463342348207647,-0.9436735671809693,1.2085893789874476,-1.7686120472350062,-1.394128147755758,0.15027359127998352,0.0010319799184799194,-1.6280287504196167,-0.6422193646430969,-0.6021715998649597,0.10734385251998901,0.20211860537528992,-0.012188741005957127,-2.153383731842041,-1.1411073207855225,-0.8197581171989441,0.19289731979370117,0.12820374965667725,-0.5429735064641955,-0.658070163743143,1.1077204379632477,-0.11316565162188577,0.061997573176385865,0.16667595622904582,-0.07158042,-0.93341094,1.2147194,-1.779359,-1.3942542,0.15514567,-0.07158042,-0.93341094,1.2147194,-1.779359,-1.3942542,0.15514567,-0.07463342696428299,-0.9436735510826111,1.2085894346237183,-1.768612027168274,-1.3941282033920288,0.15027359127998352,0.07632519,0.25656548,0.15324986,-0.2686749,-0.0031509034,0.12180222,-0.10947607,0.1516071457088314,0.0,0.0037901786427207854,0.009096428751945496,0.003039225,12.1569,False,0,0.4290087779778291,0.14108332112174313,0.054817935152229824,0.43270200360043587,0.13838362331569487,0.03389967239134122,0.10200972332331815,0.007894636326011503,-0.004359257379577387,0.9947425193110573,-0.03961651,0.25913167,0.20314422,0.5160509539426402,3.9665013900958e-05,0.00013592999312095344,0.0007023380021564662,0.0003765270084841177,0.00017108100291807204,0.00015755899948999286,0.0019552129961084574,0.017857144004665315,0.019812357000773773,50.473550419111916,0
125,2.5201436119969003,-0.07459003130067998,-0.9450007838061829,1.2097790876971644,-1.7694083652892054,-1.3941882292376917,0.15081362426280975,0.12326762825250626,-1.5936306715011597,-0.6858177781105042,-0.6575084924697876,0.028425928205251694,0.18117374181747437,0.11047844588756561,-2.0624804496765137,-1.123046636581421,-0.8128576278686523,0.1442117542028427,0.127028226852417,-0.36589004680109316,-0.7185076247418158,0.9828553187178818,-0.1172988281544752,0.05967773229726284,0.13949894278601457,-0.07038115,-0.9292606,1.2146662,-1.7813277,-1.3933828,0.15561117,-0.07038115,-0.9292606,1.2146662,-1.7813277,-1.3933828,0.15561117,-0.0745900347828865,-0.9450007677078247,1.209779143333435,-1.7694083452224731,-1.3941882848739624,0.15081362426280975,0.10522208,0.3935037,0.12217842,-0.2979853,0.020138478,0.11993882,-0.12897241,0.12633928809069284,0.0,0.003158482202267321,0.007580357138067484,0.003039225,12.1569,False,0,0.4289697138041202,0.14109033258680612,0.055098165006672306,0.43307358318956235,0.13919949452444544,0.03394207000003577,0.103662220687535,0.009033576810951615,-0.005763761586002758,0.9945548324593119,-0.03961651,0.25913167,0.20314422,0.516187000592333,3.990301047451794e-05,0.00012938800500705838,0.000548743992112577,0.00032178500259760767,0.00016652500198688358,0.00010962100350297987,0.0016743430023780093,0.01814782599103637,0.01982216899341438,50.44856596330276,0
126,2.5400936259975424,-0.07443362871278936,-0.9452617329410096,1.2108576933490198,-1.7705656490721644,-1.3943236509906214,0.15147939324378967,0.2713007628917694,-1.3321537971496582,-0.6738353967666626,-0.6345899105072021,0.05040856450796127,0.20451697707176208,0.26514533162117004,-1.4587618112564087,-1.1348206996917725,-0.8195956945419312,0.17316199839115143,0.12486876547336578,-0.07998433053116003,-0.15116430173440518,1.092487491732372,-0.08941551681152447,0.047821423934980595,0.14141045665285085,-0.0701626,-0.92628807,1.2149211,-1.783137,-1.3930812,0.15611394,-0.0701626,-0.92628807,1.2149211,-1.783137,-1.3930812,0.15611394,-0.07443363219499588,-0.9452617168426514,1.2108577489852905,-1.7705656290054321,-1.394323706626892,0.15147939324378967,0.10677574,0.47434175,0.101583324,-0.31428412,0.03106149,0.115863524,-0.13683133,0.10528274007557738,0.0,0.0026320685018894345,0.006316964514553547,0.003039225,12.1569,False,0,0.428928443604097,0.14112715056864977,0.05498583072706931,0.43315640356456725,0.13930741646190065,0.03388803926888461,0.10455301621370894,0.008693989177002301,-0.005480007750914746,0.9944662278376102,-0.03961651,0.25913167,0.20314422,0.5162554942606755,4.0789993363432586e-05,0.00013774099352303892,0.0005636860005324706,0.0003366089949849993,0.0001868190011009574,0.00011622600140981376,0.001737730999593623,0.018020154995610937,0.01975788599520456,50.61270220117224,0
127,2.5601364059984917,-0.07410985628236944,-0.94425983846698,1.2117403189288538,-1.772125860253805,-1.3943160215960901,0.15214546024799347,0.25637778639793396,-1.2008928060531616,-0.7415784597396851,-0.6104544997215271,0.10917361825704575,0.20592781901359558,0.2743423581123352,-1.5185829401016235,-1.1727392673492432,-0.8388577699661255,0.25154247879981995,0.12244005501270294,-0.19181968555857876,-0.1746567573297075,0.8215125777459958,-0.09220762572915182,0.04972253746317264,0.13749149780109648,-0.070385635,-0.9234073,1.215178,-1.7851651,-1.3929038,0.15655422,-0.070385635,-0.9234073,1.215178,-1.7851651,-1.3929038,0.15655422,-0.07410985976457596,-0.9442598223686218,1.2117403745651245,-1.7721258401870728,-1.3943160772323608,0.15214546024799347,0.09310556,0.52131224,0.085939765,-0.3259794,0.035306837,0.11021899,-0.13090011,0.08773561672964782,0.0,0.0021933904182411955,0.00526413694024086,0.003039225,12.1569,False,0,0.4288971871480857,0.14126673095754466,0.05443432334998233,0.433182538855703,0.13925934322622924,0.03391077404604292,0.10470908307324917,0.008558160165344865,-0.0053220233238116515,0.9944518680996648,-0.03961651,0.25913167,0.20314422,0.5162831351658936,4.972500028088689e-05,0.00014472199836745858,0.0006823860021540895,0.00034761700953822583,0.0001877269969554618,0.0002863809932023287,0.0020696319988928735,0.01777778100222349,0.019847413001116365,50.38440022101382,0
128,2.5801669159991434,-0.07361823717226201,-0.9424191874316712,1.2125280539142054,-1.77372469524526,-1.394280258809225,0.15283635258674622,0.2402183711528778,-1.310779333114624,-0.7785784602165222,-0.6499190926551819,0.16998282074928284,0.18272940814495087,0.24834983050823212,-1.6103018522262573,-1.2176986932754517,-0.8633009195327759,0.32714200019836426,0.12199065834283829,-0.22964358680290473,-0.3809278088304553,0.33824449855904953,-0.10382745184519065,0.04071476779524044,0.1385832976393982,-0.07051371,-0.9205404,1.2153924,-1.7871536,-1.3926932,0.15699288,-0.07051371,-0.9205404,1.2153924,-1.7871536,-1.3926932,0.15699288,-0.07361824065446854,-0.942419171333313,1.212528109550476,-1.7737246751785278,-1.3942803144454956,0.15283635258674622,0.07761335,0.5469701,0.0716053,-0.33572352,0.039679084,0.10391307,-0.11756241,0.07311301394137318,0.0,0.0018278253485343296,0.00438678078353405,0.003039225,12.1569,False,0,0.42879680005455456,0.14148821787238522,0.05356270485406614,0.43319378220260407,0.13932433368595315,0.03394391752427877,0.104521238079188,0.009333214031345832,-0.005617548585989108,0.9944630173532991,-0.03961651,0.25913167,0.20314422,0.5162674827135191,3.905199992004782e-05,0.00012794899521395564,0.0006069280061637983,0.00035335999564267695,0.00025354200624860823,0.00014886900316923857,0.0018826390005415305,0.017974066999158822,0.019856705999700353,50.3608201690195,0
129,2.600096381996991,-0.07303029695619756,-0.940078930263855,1.2131112257586878,-1.775440355340475,-1.3942082563983362,0.1534997671842575,0.20811331272125244,-1.342298150062561,-0.8139673471450806,-0.6570928692817688,0.24366600811481476,0.19613081216812134,0.2136290818452835,-1.6883232593536377,-1.2538055181503296,-0.8849958777427673,0.37191107869148254,0.12234105169773102,-0.5509307210974125,-0.5632768907510253,0.21612849538971152,-0.09771498680705909,0.048955686663049364,0.1364964903544607,-0.07071676,-0.9177407,1.2155172,-1.789138,-1.3925958,0.15741976,-0.07071676,-0.9177407,1.2155172,-1.789138,-1.3925958,0.15741976,-0.07303030043840408,-0.9400789141654968,1.2131112813949585,-1.7754403352737427,-1.394208312034607,0.1534997671842575,0.05783849,0.55845493,0.060145736,-0.34244084,0.040314212,0.09799962,-0.10045333,0.06092751161781098,0.0,0.0015231877904452746,0.0036556506529450417,0.007843125,31.3725,False,3,0.4287201834561622,0.14175666906438886,0.05254809608676564,0.4331950386553424,0.13929187052469666,0.033925972832106535,0.1046545087849311,0.008810370522488401,-0.005316046474816195,0.9944554412535096,-0.03961651,0.25913167,0.20314422,0.5162820492297866,4.10350039601326e-05,0.00012752600014209747,0.0006684589898213744,0.00030820799292996526,0.00016191598842851818,0.0001538929936941713,0.0018104439950548112,0.017878995000501163,0.019689438995555975,50.78864868753782,0
130,2.62014558899682,-0.07249910036195928,-0.9373594683459778,1.2135594526873987,-1.777250429193014,-1.3940165678607386,0.15414997935295105,0.2006443738937378,-1.3068779706954956,-0.7666982412338257,-0.6480963230133057,0.24548083543777466,0.18037250638008118,0.19357405602931976,-1.7445212602615356,-1.277816891670227,-0.8986424803733826,0.3920517563819885,0.12231747061014175,-0.2457682598263662,-0.6133227937855209,0.23484722623928045,-0.09959097650214549,0.04069585990707753,0.13933462897478083,-0.07072587,-0.9148136,1.2154908,-1.7912179,-1.3922755,0.15785909,-0.07072587,-0.9148136,1.2154908,-1.7912179,-1.3922755,0.15785909,-0.0724991038441658,-0.9373594522476196,1.2135595083236694,-1.7772504091262817,-1.3940166234970093,0.15414997935295105,0.044330727,0.5636462,0.048282232,-0.34918806,0.04353049,0.09272772,-0.084008865,0.05077292634817582,0.0,0.0012693231587043955,0.0030463754665106535,0.007843125,31.3725,False,3,0.4286756774312461,0.1420270119566156,0.05142329786436706,0.43329332991512276,0.13946757372348326,0.033820049235127145,0.10502518390246024,0.008978936370174299,-0.005150290052569038,0.9944157102226587,-0.03961651,0.25913167,0.20314422,0.5163660412287072,3.9645994547754526e-05,0.00016527601110283285,0.0007888239924795926,0.0002805699914461002,0.00027948500064667314,0.00023442499514203519,0.002123597005265765,0.017664353988948278,0.019787950994214043,50.535803342771466,0
131,2.640076057999977,-0.07202798524965459,-0.9344581526568909,1.2139337698565882,-1.7791806660094203,-1.3937895933734339,0.15472477674484253,0.19265612959861755,-1.3108890056610107,-0.762739360332489,-0.5907115340232849,0.24879273772239685,0.20271211862564087,0.18195103108882904,-1.7844786643981934,-1.2935724258422852,-0.9065675139427185,0.38975194096565247,0.12214171886444092,-0.32970822082669954,-0.6514837286298425,0.3379152935565737,-0.10374105395014138,0.04106437101616748,0.1392594815427728,-0.07050615,-0.9120259,1.2154299,-1.7933294,-1.3918977,0.15822479,-0.07050615,-0.9120259,1.2154299,-1.7933294,-1.3918977,0.15822479,-0.07202798873186111,-0.9344581365585327,1.2139338254928589,-1.779180645942688,-1.3937896490097046,0.15472477674484253,0.038045958,0.5608055,0.03740076,-0.35371828,0.047298484,0.08750041,-0.061157577,0.04231077195681318,0.0,0.0010577692989203295,0.002538646338507533,0.007843125,31.3725,False,3,0.4286691843108843,0.14227771380462587,0.05025198293179503,0.43341917773909344,0.13969858495392384,0.03385408660123968,0.10559342323408649,0.00853066402494635,-0.004531710527447226,0.9943624913594101,-0.03961651,0.25913167,0.20314422,0.5164166670889528,4.0170998545363545e-05,0.00013398099690675735,0.0005771169962827116,0.00034504299401305616,0.0001864259975263849,0.00011489199823699892,0.001817526004742831,0.017929697991348803,0.019747223996091634,50.6400292110891,0
132,2.66008204400714,-0.07164413133730108,-0.9312982720187684,1.2143366972552698,-1.7810546360411585,-1.3935936133014124,0.15528014302253723,0.1979745626449585,-1.3961279392242432,-0.7855637073516846,-0.5977503061294556,0.2757991850376129,0.19154876470565796,0.1839359998703003,-1.8088024854660034,-1.3022857904434204,-0.9101465344429016,0.39235934615135193,0.1216343343257904,-0.465401816392512,-0.18737722602769383,-0.11004937254503377,-0.11769092422725304,0.033763083727902495,0.09515243463529068,-0.070382744,-0.90929085,1.2154064,-1.7953945,-1.3916243,0.15859623,-0.070382744,-0.90929085,1.2154064,-1.7953945,-1.3916243,0.15859623,-0.0716441348195076,-0.9312982559204102,1.2143367528915405,-1.7810546159744263,-1.393593668937683,0.15528014302253723,0.031534757,0.55018485,0.026741037,-0.35849664,0.04923422,0.08290231,-0.036985133,0.03525897663067765,0.0,0.0008814744157669413,0.002115538576617837,0.007843125,31.3725,False,3,0.4286223773503927,0.14248755446569342,0.048959296778123385,0.4335612208653932,0.13978071112163887,0.033741500681455996,0.10549139834038368,0.007412792148397759,-0.004135890395150053,0.9943840156199505,-0.03961651,0.25913167,0.20314422,0.5165647091971499,3.652699524536729e-05,9.798600513022393e-05,0.0004110689915250987,0.0002344739914406091,0.00012879300629720092,9.596699965186417e-05,0.0012819819967262447,0.018583234006655402,0.019865216003381647,50.339246239747425,0
133,2.680123439000454,-0.0713279883014124,-0.9280902904323121,1.214649502431051,-1.7829448185362757,-1.3933070341693323,0.1558109074831009,0.1909656524658203,-1.4387906789779663,-0.814873456954956,-0.616219699382782,0.279618501663208,0.19922509789466858,0.19551409780979156,-1.8272862434387207,-1.3070482015609741,-0.9109047651290894,0.3983794152736664,0.12051393836736679,-0.23708930243262696,-0.9478908162455197,-0.5335637630957777,-0.11548738081819165,0.035666766048892774,0.13243744724024611,-0.06996825,-0.9068015,1.2154028,-1.7973582,-1.3911748,0.15892512,-0.06996825,-0.9068015,1.2154028,-1.7973582,-1.3911748,0.15892512,-0.07132799178361893,-0.9280902743339539,1.2146495580673218,-1.7829447984695435,-1.393307089805603,0.1558109074831009,0.03399339,0.53221947,0.018833475,-0.36033493,0.053307913,0.07785532,-0.003487036,0.02938248052556471,0.0,0.0007345620131391177,0.0017629488138481975,0.007843125,31.3725,False,3,0.4286085227205208,0.14268788997510007,0.0476753360857749,0.43368028192656116,0.1399883101303423,0.033910685149015345,0.10534790524448201,0.007709917674672082,-0.004839362167521143,0.9943937741353628,-0.03961651,0.25913167,0.20314422,0.5165704055302598,2.980600402224809e-05,9.799700637813658e-05,0.0003965960058849305,0.0002467359881848097,0.0001330279919784516,9.099599265027791e-05,0.0012645989918382838,0.01863136500469409,0.019895963996532373,50.261450019425446,0
134,2.700084701005835,-0.07107574144472295,-0.9249133628657837,1.2148540655719202,-1.784799715081686,-1.3930709997760218,0.15632599592208862,0.17868365347385406,-1.3849018812179565,-0.8208602666854858,-0.606304407119751,0.2511955201625824,0.19411897659301758,0.2028336375951767,-1.8390203714370728,-1.3152414560317993,-0.9092763066291809,0.4014459252357483,0.11974956095218658,0.010499629517821803,-0.6503844152587714,-0.3247390465061994,-0.10732444099048132,0.016626515216664178,0.15068292419399518,-0.069865935,-0.90462315,1.2157618,-1.7989849,-1.3909919,0.1593343,-0.069865935,-0.90462315,1.2157618,-1.7989849,-1.3909919,0.1593343,-0.07107574492692947,-0.9249133467674255,1.214854121208191,-1.7847996950149536,-1.3930710554122925,0.15632599592208862,0.030245265,0.5072551,0.022690028,-0.35462835,0.051979292,0.0752075,0.030814704,0.028594027578492595,0.0006162940710783005,0.0007148506894623149,0.001469123992137611,0.007843125,31.3725,False,3,0.4286258464610585,0.14284743820078655,0.04642853201165337,0.43356666738009525,0.1399382936206106,0.03387095917258546,0.10541337816642438,0.007895187913616814,-0.00484800079895969,0.9943853107445193,-0.03961651,0.25913167,0.20314422,0.5164908694856629,9.205499372910708e-05,9.313398913946003e-05,0.00034937600139528513,0.00019390399393159896,0.0001135789934778586,9.8382995929569e-05,0.0011875359923578799,0.018634628009749576,0.019822164002107456,50.44857866647062,0
135,2.7201173409994226,-0.07088357606996709,-0.9218771618655701,1.2149813810931605,-1.7868567905821742,-1.3928306738482874,0.15680824220180511,0.18429327011108398,-1.3806406259536743,-0.8045748472213745,-0.6281066536903381,0.2713853120803833,0.2104455679655075,0.20125694572925568,-1.8512464761734009,-1.382137656211853,-0.9063141345977783,0.4070504605770111,0.11867471039295197,-0.15690963307310135,-0.5404908036046747,-0.410590141058813,-0.10542306085156744,0.023392524949883118,0.15009023453529385,-0.069437325,-0.90294504,1.2161038,-1.8007472,-1.3906547,0.15973698,-0.069437325,-0.90294504,1.2161038,-1.8007472,-1.3906547,0.15973698,-0.07088357955217361,-0.9218771457672119,1.2149814367294312,-1.786856770515442,-1.392830729484558,0.15680824220180511,0.03615644,0.47330213,0.02805831,-0.3472598,0.05440042,0.07321848,0.067334704,0.03691494400274392,0.0019629881531000137,0.000922873600068598,0.0014297013403847814,0.007843125,31.3725,False,3,0.42873431606613543,0.14297638695146456,0.045274311236155995,0.43361182799906384,0.14000721756051507,0.03396981111189476,0.10494348892238814,0.007882709191133512,-0.005542302742117328,0.9944315043550127,-0.03961651,0.25913167,0.20314422,0.5164839559746294,2.731100539676845e-05,9.587500244379044e-05,0.0003725489950738847,0.0002825800038408488,0.00011788999836426228,8.75510013429448e-05,0.0012272120075067505,0.01866884299670346,0.01989605500421021,50.26122011566562,0
136,2.740081766998628,-0.07073432603944951,-0.9188597363284607,1.2150567213641565,-1.7888862095274867,-1.3924930731402796,0.1572442352771759,0.20147524774074554,-1.3869272470474243,-0.7926610708236694,-0.6142590045928955,0.27038654685020447,0.17560216784477234,0.19918633997440338,-1.8615988492965698,-1.4142181873321533,-0.899986207485199,0.40650564432144165,0.11924142390489578,-0.505121638475973,-0.7320528638064167,-0.06371329454122537,-0.10820109250372364,0.03558606809376238,0.12674026593101193,-0.06886241,-0.90229666,1.2165644,-1.8021959,-1.3902949,0.16020447,-0.06886241,-0.90229666,1.2165644,-1.8021959,-1.3902949,0.16020447,-0.07073432952165604,-0.9188597202301025,1.2150567770004272,-1.7888861894607544,-1.3924931287765503,0.1572442352771759,0.0467981,0.41407654,0.03769034,-0.3327437,0.054954246,0.0740057,0.10139524,0.05736840661177732,0.0039908929914236075,0.001434210165294433,0.0018457472324371338,0.005490200000000001,21.9608,False,0,0.4288584385100925,0.14310905993741818,0.0441433158341859,0.43367001647316983,0.13995921447188617,0.03388596115669833,0.10564900396189164,0.0070387916530801325,-0.00543254207296396,0.9943637469974176,-0.03961651,0.25913167,0.20314422,0.5165758120420999,2.788199344649911e-05,0.00010333998943679035,0.00042892200872302055,0.00024398299865424633,0.00011981600255239755,9.087899525184184e-05,0.0012631159916054457,0.018571710999822244,0.01983482699142769,50.416371185500374,0
137,2.7601207590050763,-0.07057506242860967,-0.9159683746150513,1.2151249090777796,-1.79087557415151,-1.392257038746969,0.15770667791366577,0.20383615791797638,-1.3879187107086182,-0.79358971118927,-0.6100446581840515,0.2809053957462311,0.19073595106601715,0.21133802831172943,-1.8798739910125732,-1.4076720476150513,-0.8978952765464783,0.40963494777679443,0.11885250359773636,-0.42687847274105056,-0.39481565051642115,-0.19145763912371072,-0.10343092482805781,0.03425600431061294,0.13906001282736832,-0.06777462,-0.9035293,1.2172787,-1.8031445,-1.3900323,0.16077806,-0.06777462,-0.9035293,1.2172787,-1.8031445,-1.3900323,0.16077806,-0.07057506591081619,-0.9159683585166931,1.2151249647140503,-1.7908755540847778,-1.3922570943832397,0.15770667791366577,0.07001108,0.31097722,0.05384467,-0.30672118,0.055619445,0.07678471,0.1425243,0.09341619905340752,0.006841379031538964,0.002335404976335188,0.0028684204444289207,0.005490200000000001,21.9608,False,0,0.4289820586758669,0.1432222334638785,0.04305912298611439,0.43367631762782904,0.1399677677285307,0.033942591732028585,0.1049734102187172,0.00769313594358894,-0.005444703801126183,0.9944303773327186,-0.03961651,0.25913167,0.20314422,0.5165610597009938,3.7241989048197865e-05,0.00012188000255264342,0.0006371339986799285,0.0003202619991498068,0.0001583400007802993,0.00010082099470309913,0.0017099039978347719,0.01815584300493356,0.01986574700276833,50.337900702180896,0
138,2.78009308000037,-0.07035953203310186,-0.9132212561419983,1.2152846495257776,-1.7928573093810023,-1.3919265905963343,0.15810275077819824,0.23087818920612335,-1.4435149431228638,-0.777923583984375,-0.6207016110420227,0.2748568058013916,0.17541910707950592,0.24012766778469086,-1.9139511585235596,-1.3810021877288818,-0.8994110822677612,0.41542720794677734,0.11839872598648071,-0.5016546922194667,-0.5314345918441639,-0.18850491544123688,-0.10723970065222665,0.026231371130612725,0.10665766685746264,-0.066501364,-0.90794086,1.2183365,-1.8034711,-1.3898062,0.16137856,-0.066501364,-0.90794086,1.2183365,-1.8034711,-1.3898062,0.16137856,-0.07035953551530838,-0.9132212400436401,1.2152847051620483,-1.79285728931427,-1.391926646232605,0.15810275077819824,0.09645425,0.13200925,0.076294765,-0.26534373,0.053012867,0.081895456,0.1838547,0.1479699859727429,0.010518473014235497,0.003699249649318573,0.004670809954404831,0.005490200000000001,21.9608,False,0,0.4290827240514025,0.14338272719270445,0.04201324409849766,0.43366723471594404,0.13996615321341316,0.033912481839063785,0.1056193629374454,0.007093112256161279,-0.00459639154059978,0.9943707320229482,-0.03961651,0.25913167,0.20314422,0.5165629736119779,3.6321987863630056e-05,0.00012001200229860842,0.0005347149999579415,0.00030712599982507527,0.00020187599875498563,9.743000555317849e-05,0.0016275060042971745,0.018155566998757422,0.019783073003054596,50.54826415722145,0
139,2.8001253359980183,-0.07008821169008428,-0.9107404512218018,1.2155240217791956,-1.7947594128050746,-1.3915913740741175,0.15850165486335754,0.2271677702665329,-1.5031993389129639,-0.7841923236846924,-0.6609987616539001,0.28851673007011414,0.17392894625663757,0.26322734355926514,-1.9774706363677979,-1.334585428237915,-0.9045335650444031,0.4254940450191498,0.1176450252532959,-0.7804354218712786,-0.7195918571626815,-0.467149762555549,-0.10972854566033821,0.04408795873135272,0.15461172406651763,-0.065747775,-0.91619515,1.2195694,-1.8031136,-1.3898418,0.16192141,-0.065747775,-0.91619515,1.2195694,-1.8031136,-1.3898418,0.16192141,-0.0700882151722908,-0.9107404351234436,1.2155240774154663,-1.7947593927383423,-1.3915914297103882,0.15850165486335754,0.108510956,-0.13636856,0.101132825,-0.20885605,0.04373975,0.08549381,0.2138808,0.22194891602703326,0.014796089157462122,0.0055487229006758315,0.007398499175906181,0.005490200000000001,21.9608,False,0,0.4291589026475743,0.14356947902641126,0.041051589373204855,0.43372427391088414,0.1398676140865166,0.033703155884558134,0.10590196398364238,0.006677891607070614,-0.003124451986677726,0.9943492497950649,-0.03961651,0.25913167,0.20314422,0.5167065782999773,3.957700391765684e-05,0.00012933398829773068,0.0005258680030237883,0.0002979790006065741,0.00016544500249437988,0.0001426939998054877,0.0016186489956453443,0.018238001997815445,0.01985665099346079,50.36095967690226,0
140,2.8200885060068686,-0.0697563330279749,-0.908741907482483,1.2158358732806605,-1.79649080852651,-1.3912561575519007,0.1589605063199997,0.285503625869751,-1.6462645530700684,-0.8342908620834351,-0.6949412822723389,0.287990927696228,0.1956842541694641,0.2852158546447754,-2.0887062549591064,-1.3614206314086914,-0.9199213981628418,0.43817609548568726,0.11660730093717575,-0.7554575305030613,-0.15686026863957697,-1.2828924674951458,-0.09989805415310628,0.03548963865125271,0.10222589271056809,-0.06562885,-0.92640966,1.2209412,-1.8018092,-1.3896725,0.16207045,-0.06562885,-0.92640966,1.2209412,-1.8018092,-1.3896725,0.16207045,-0.06975633651018143,-0.9087418913841248,1.2158359289169312,-1.7964907884597778,-1.3912562131881714,0.1589605063199997,0.103187114,-0.44169462,0.1276321,-0.13296138,0.03959151,0.07774874,0.2313743,0.3144479302143752,0.019423575028777125,0.007861198255359381,0.011097446084022522,0.005490200000000001,21.9608,False,0,0.4292148901340057,0.14378306903039992,0.04026041672361022,0.43365821773230395,0.13999602556228724,0.03393061107630293,0.10520573890210089,0.007788716690046521,-0.005004754296035098,0.9944073789650536,-0.03961651,0.25913167,0.20314422,0.5165418823610319,3.561298944987357e-05,0.00011122701107524335,0.0004683070001192391,0.00024517498968634754,0.0002029650058830157,9.404199954587966e-05,0.0014555250090779737,0.01833917100157123,0.019794696010649204,50.518583334748726,0
141,2.840086116004386,-0.06929666200746709,-0.907652811413147,1.2161386648761194,-1.7981263599791468,-1.390972916279928,0.15938794612884521,0.27938327193260193,-1.8058894872665405,-0.8536922335624695,-0.6929285526275635,0.29373008012771606,0.18346649408340454,0.283888578414917,-2.2436411380767822,-1.4194022417068481,-0.9501809477806091,0.44554901123046875,0.11605796962976456,-0.34395363276550567,-0.34701342798959645,-1.462336849499538,-0.10244993821782654,0.026511970184524513,0.13752597906269323,-0.06665777,-0.93378925,1.221889,-1.8007586,-1.3888613,0.16159847,-0.06665777,-0.93378925,1.221889,-1.8007586,-1.3888613,0.16159847,-0.06929666548967361,-0.9076527953147888,1.2161387205123901,-1.7981263399124146,-1.3909729719161987,0.15938794612884521,0.06597247,-0.65341115,0.14375801,-0.06580511,0.052792106,0.055263378,0.18829815,0.4166368621567637,0.023189538046717646,0.010415921553919093,0.015722395852208138,0.005490200000000001,21.9608,False,0,0.42933146083409696,0.14403391831367024,0.03984326895109172,0.4336865031751164,0.13994640194579797,0.03382090083724854,0.10534663306460323,0.006548206283503624,-0.004144813891162448,0.994405339698558,-0.03961651,0.25913167,0.20314422,0.5166151932696825,4.794399137608707e-05,0.00012016898836009204,0.0005423620023066178,0.0003514599957270548,0.00016306800534948707,9.836199751589447e-05,0.0016232869966188446,0.018206439999630675,0.01982972699624952,50.42933774071293,0
142,2.8600738950044615,-0.06872922578920537,-0.907973663215973,1.2166178862201136,-1.7994967899718226,-1.3907044569598597,0.15986594557762146,0.28847819566726685,-2.331404447555542,-0.9397931098937988,-0.7014614939689636,0.2937382161617279,0.1885353922843933,0.2625487148761749,-3.116044521331787,-1.4659124612808228,-0.9736995100975037,0.4454019367694855,0.11492305994033813,-0.9398762440257056,-0.6691414802012959,-2.2370370234749655,-0.10398297745816175,0.049316768306485785,0.14004813924290851,-0.06756579,-0.9374849,1.2221555,-1.8009549,-1.3867254,0.16105165,-0.06756579,-0.9374849,1.2221555,-1.8009549,-1.3867254,0.16105165,-0.0687292292714119,-0.9079736471176147,1.2166179418563843,-1.7994967699050903,-1.3907045125961304,0.15986594557762146,0.029086035,-0.7377821,0.13843872,-0.036452856,0.09947572,0.02964248,0.08491348,0.5131161024156337,0.024887807592749597,0.012827902560390844,0.020831843838095665,0.005490200000000001,21.9608,False,0,0.4294725349059379,0.14432495651039584,0.03995070749274171,0.43370919620904785,0.13994945723307553,0.033826052850374405,0.1052412485384851,0.006750121217604073,-0.004376722510896092,0.9944141674359959,-0.03961651,0.25913167,0.20314422,0.516633590495424,3.246900450903922e-05,0.00010499899508431554,0.0005295330047374591,0.0002755349996732548,0.00019037199672311544,8.440500823780894e-05,0.001530626992462203,0.0183010680048028,0.019831694997265004,50.424333378357744,0
143,2.880127672004164,-0.06818086305727178,-0.9099232715419312,1.2171295324908655,-1.800443788568014,-1.3904731909381312,0.16028575599193573,0.22348850965499878,-2.2861804962158203,-0.8215295672416687,-0.6918265223503113,0.2898532748222351,0.17677992582321167,0.21062615513801575,-3.091459035873413,-1.457594633102417,-0.9706038236618042,0.43205708265304565,0.11371518671512604,-1.2186230900987518,-0.9087364576198582,-1.5823135193230953,-0.11852795941347129,0.056692690600154014,0.1357239114096315,-0.068166696,-0.9398687,1.2223928,-1.8023452,-1.3838912,0.16091768,-0.068166696,-0.9398687,1.2223928,-1.8023452,-1.3838912,0.16091768,-0.0681808665394783,-0.909923255443573,1.2171295881271362,-1.8004437685012817,-1.3904732465744019,0.16028575599193573,0.00035420433,-0.7486366,0.13158081,-0.047534917,0.1645516,0.015798343,-0.057394173,0.585862912898521,0.023739924132823945,0.014646572822463027,0.025655804201960564,0.005490200000000001,21.9608,False,0,0.42968579642782323,0.1445945520846661,0.04070215850386755,0.4336855757536819,0.13987273764282537,0.033770636659651854,0.10567313965488495,0.008071897661196816,-0.0032343906550161925,0.9943629121641375,-0.03961651,0.25913167,0.20314422,0.5166478192759,3.175699384883046e-05,0.00010399600432720035,0.0005550299974856898,0.001289920008275658,0.00014571999781765044,0.00014542099961545318,0.002636438002809882,0.017250965000130236,0.01988740300294012,50.283086225595255,0
144,2.9000711170083378,-0.06772119203676397,-0.9130324882319947,1.217867676411764,-1.8010221920409144,-1.390221897755758,0.16066093742847443,0.17932036519050598,-2.098022937774658,-0.7742239832878113,-0.6687383651733398,0.2900710701942444,0.18116876482963562,0.17688526213169098,-2.9213974475860596,-1.4065712690353394,-0.9494221806526184,0.4246375560760498,0.11293347924947739,-0.58408289609185,-0.6217907084524912,-0.5584878764152902,-0.10996022094268645,0.04750059359271744,0.13983706162461607,-0.06841091,-0.9421053,1.2235514,-1.8038625,-1.381156,0.1612131,-0.06841091,-0.9421053,1.2235514,-1.8038625,-1.381156,0.1612131,-0.06772119551897049,-0.9130324721336365,1.2178677320480347,-1.8010221719741821,-1.3902219533920288,0.16066093742847443,-0.017242922,-0.726821,0.1420929,-0.071006514,0.22664948,0.013804085,-0.1870522,0.6215449609402653,0.019998880028724672,0.015538624023506633,0.02929314598441124,0.0008823525,3.52941,False,0,0.42988192868163644,0.14483299838854574,0.04185531759323871,0.4336844661797598,0.1400017423951592,0.03390877979188256,0.10518850735177887,0.007162839026071168,-0.00529412231549482,0.9944124097474204,-0.03961651,0.25913167,0.20314422,0.5165717656132859,0.00010324300092179328,0.00010655199002940208,0.0005175319965928793,0.00032742999610491097,0.00015637199976481497,8.85270128492266e-05,0.0016537000046810135,0.01810871700581629,0.019762417010497302,50.601098006829076,0
145,2.9202223979955306,-0.06745273271669561,-0.9167211812785645,1.2188175360309046,-1.801221033135885,-1.3897789160357874,0.16088935732841492,0.13581188023090363,-1.9219037294387817,-0.8260251879692078,-0.6851854920387268,0.30136576294898987,0.15750038623809814,0.15210920572280884,-2.7368297576904297,-1.3515043258666992,-0.9308950304985046,0.42692139744758606,0.10602664202451706,-0.09274168743777006,-0.6879698368580901,-0.27538705883542014,-0.1092885952617888,0.030113323828439384,0.13981938983570444,-0.06855339,-0.94458383,1.2252764,-1.804628,-1.3794714,0.16164133,-0.06855339,-0.94458383,1.2252764,-1.804628,-1.3794714,0.16164133,-0.06745273619890213,-0.9167211651802063,1.2188175916671753,-1.8012210130691528,-1.389778971672058,0.16088935732841492,-0.027516313,-0.69656724,0.16146775,-0.08517616,0.2576884,0.018799223,-0.2703588,0.615232160856644,0.014591704010963442,0.015380804021416101,0.031077248975634575,0.0008823525,3.52941,False,0,0.43001468598696535,0.1450403791984066,0.04317703520443711,0.43367110350400745,0.14004741410962393,0.03391966980923741,0.1051271659364808,0.007097852776295481,-0.005595333899205534,0.9944177243793071,-0.03961651,0.25913167,0.20314422,0.5165454235466924,9.107599908020347e-05,0.00010652901255525649,0.0005235949938651174,0.00024693101295270026,0.00013672199565917253,8.751399582251906e-05,0.0015430810017278418,0.01845580698864069,0.01999888799036853,50.00278017865795,0
146,2.9400787860067794,-0.0674203077899378,-0.9207153481296082,1.2196958700763147,-1.8014313183226527,-1.3889935652362269,0.16100074350833893,0.05541422963142395,-1.9287569522857666,-0.7914252877235413,-0.7005046606063843,0.29022398591041565,0.15170639753341675,-0.01577823795378208,-2.5945956707000732,-1.2973318099975586,-0.9098803400993347,0.4308650493621826,0.05129455775022507,-0.323992741239377,-0.765952283121797,-0.29745615278420645,-0.11237920889180089,0.03731546155520383,0.1401991984546812,-0.0686067,-0.94761497,1.226629,-1.8048171,-1.3792212,0.16212265,-0.0686067,-0.94761497,1.226629,-1.8048171,-1.3792212,0.16212265,-0.06742031127214432,-0.92071533203125,1.2196959257125854,-1.8014312982559204,-1.3889936208724976,0.16100074350833893,-0.029659623,-0.6724915,0.1733278,-0.08464584,0.24431108,0.028047655,-0.29021502,0.5712761587321094,0.008787403702735903,0.014281903968302735,0.030761608853936195,0.0008823525,3.52941,False,0,0.43024077791797966,0.14522234524765287,0.04466169701838174,0.433651728702913,0.14001653815191173,0.033972947878201196,0.10563919716663123,0.008459639118575484,-0.005560208151715774,0.9943529931843544,-0.03961651,0.25913167,0.20314422,0.5165173383475703,3.4119002521038055e-05,0.00011341700155753642,0.000557563005713746,0.0003298539959359914,0.00017323100473731756,9.528400551062077e-05,0.001703011992503889,0.018009479012107477,0.019712491004611365,50.729255869594,0
147,2.9600905270053772,-0.06750804582704717,-0.9247699540904541,1.2204726378070276,-1.8017527065672816,-1.387928311024801,0.16106081008911133,-0.014203052967786789,-1.928581714630127,-0.7727162837982178,-0.6830629706382751,0.2994694113731384,0.1701284945011139,-0.12319409102201462,-2.5063509941101074,-1.2536966800689697,-0.8864307999610901,0.42626121640205383,0.03775839880108833,-0.747203383810588,-0.7539197037852822,-0.9090289430232795,-0.1027257257047673,0.05867344632451055,0.13661197961127658,-0.06858691,-0.9509244,1.22747,-1.8048269,-1.3803717,0.16273703,-0.06858691,-0.9509244,1.22747,-1.8048269,-1.3803717,0.16273703,-0.06750804930925369,-0.924769937992096,1.2204726934432983,-1.8017526865005493,-1.3879283666610718,0.16106081008911133,-0.026971392,-0.65386105,0.17493498,-0.076854646,0.18891662,0.041905414,-0.25371426,0.5008175885031068,0.0037131184339523338,0.01252043971257767,0.028563808649778366,0.0008823525,3.52941,False,0,0.4305474730719484,0.1454137260782564,0.04621952828670817,0.4335922197998378,0.1399847604398604,0.033875347659735,0.10559550713519916,0.007461370441305725,-0.005398983086057119,0.9943664922673305,-0.03961651,0.25913167,0.20314422,0.5165021202884977,3.59350087819621e-05,0.0001227120083058253,0.0006532850093208253,0.00028890099201817065,0.0001529520086478442,9.71449917415157e-05,0.0017776739987311885,0.01806875300826505,0.019846427006996237,50.38690337799753,0
148,2.980129121002392,-0.06766063371767217,-0.9287842673114319,1.2213228384601038,-1.8021580181517542,-1.3865883986102503,0.1611804962158203,-0.0939488336443901,-1.9255088567733765,-0.7277187705039978,-0.6783385872840881,0.30473199486732483,0.1679936796426773,-0.18159465491771698,-2.477057695388794,-1.2388020753860474,-0.8749219179153442,0.4137895405292511,0.05441591516137123,-0.5622564596420844,-0.4175404198921038,0.14126706658503174,-0.10938224936427582,0.06269398783379898,0.17681076860439426,-0.06859459,-0.95379424,1.2283005,-1.8051573,-1.3822668,0.16354638,-0.06859459,-0.95379424,1.2283005,-1.8051573,-1.3822668,0.16354638,-0.06766063719987869,-0.9287842512130737,1.2213228940963745,-1.802157998085022,-1.386588454246521,0.1611804962158203,-0.023348765,-0.6252495,0.17443813,-0.07498299,0.108043514,0.05914723,-0.17932235,0.418192467039612,0.00012667149305343843,0.0104548116759903,0.0250408798456192,0.0008823525,3.52941,False,0,0.43085667525491167,0.14564171813576127,0.04775898323547237,0.4336787059770445,0.13994470628419434,0.033774135407580085,0.10571166355831046,0.00827651046312738,-0.004920696613989282,0.9943501825184946,-0.03961651,0.25913167,0.20314422,0.5166237706925678,3.749999450519681e-05,0.00012053099635522813,0.0005835369956912473,0.00027495500398799777,0.0001716530096018687,0.00010040600318461657,0.001712197990855202,0.018140746004064567,0.01985294399491977,50.370363219474804,0
149,3.00008583899762,-0.06779605547060186,-0.9327157300761719,1.2222321669207972,-1.8026887379088343,-1.385184113179342,0.1613600254058838,-0.11580991744995117,-1.8592525720596313,-0.7418750524520874,-0.6742701530456543,0.2862960994243622,0.1770571619272232,-0.20205062627792358,-2.4820261001586914,-1.2463074922561646,-0.8767918944358826,0.3966745436191559,0.09165162593126297,-0.5400221679052101,-0.5839087081737299,0.206588299787076,-0.1253521392066348,0.05883760056377397,0.11682669940840627,-0.06863048,-0.95514774,1.2295544,-1.8061292,-1.3840433,0.16444509,-0.06863048,-0.95514774,1.2295544,-1.8061292,-1.3840433,0.16444509,-0.06779605895280838,-0.9327157139778137,1.2222322225570679,-1.802688717842102,-1.3851841688156128,0.1613600254058838,-0.020860434,-0.5608001,0.1830553,-0.086011425,0.028521469,0.077126674,-0.09514073,0.34849372253301,0.0,0.00871234306332525,0.02090962417423725,0.0008823525,3.52941,False,0,0.43116257434765654,0.14589204061474123,0.0492600741522049,0.4335688766204269,0.14003252351777742,0.03396513408477451,0.10494931840452404,0.008704798548025965,-0.005869396133543325,0.9944221552105228,-0.03961651,0.25913167,0.20314422,0.516440297631031,3.637300687842071e-05,0.00010850500257220119,0.000572078992263414,0.0002539349952712655,0.0001391380064887926,8.98990110727027e-05,0.0015918650024104863,0.018194240998127498,0.019786106000537984,50.540515651377284,0
150,3.0202845930034528,-0.06788856187929326,-0.9364390534213562,1.2231906096087855,-1.8031984768309535,-1.3839739004718226,0.1615946888923645,-0.13387015461921692,-1.8681598901748657,-0.719074547290802,-0.6589386463165283,0.24479635059833527,0.1782255470752716,-0.19811993837356567,-2.4805493354797363,-1.2536802291870117,-0.8821085095405579,0.3790972828865051,0.1258632093667984,-0.5889963487818219,-1.0091857709645415,0.12672089066752348,-0.13606212654752614,0.08013907234303111,0.14166069743453208,-0.06889263,-0.95450723,1.2310945,-1.8076655,-1.3849221,0.165273,-0.06889263,-0.95450723,1.2310945,-1.8076655,-1.3849221,0.165273,-0.06788856536149979,-0.936439037322998,1.2231906652450562,-1.8031984567642212,-1.3839739561080933,0.1615946888923645,-0.025101582,-0.4517055,0.19759396,-0.11167658,-0.0237047,0.0919576,-0.05245206,0.290411435444175,0.0,0.007260285886104376,0.0174246858805418,0.0008823525,3.52941,False,0,0.43141274117876616,0.14611875390238738,0.050651040250878604,0.43361840356779147,0.1400291678546621,0.03400309389260006,0.10576703300757406,0.009058943218234512,-0.00606855162973682,0.9943311214202941,-0.03961651,0.25913167,0.20314422,0.5164740178166872,3.303200355730951e-05,0.00010500100324861705,0.0005889770109206438,0.00023071600298862904,0.00018110699602402747,8.527800673618913e-05,0.0015763150004204363,0.018463037005858496,0.020039352006278932,49.90181317672697,0
151,3.040085069995257,-0.06802016893495733,-0.9400027555278321,1.2241852919207972,-1.8036161861815394,-1.3832033316241663,0.16183900833129883,-0.12834663689136505,-1.8578013181686401,-0.7375306487083435,-0.6673468351364136,0.23199626803398132,0.20222897827625275,-0.18252578377723694,-2.4356820583343506,-1.240343689918518,-0.8794893026351929,0.36589139699935913,0.12816312909126282,-0.3091016251767679,-0.9758081640412637,0.1620796609357064,-0.1369637182911713,0.06659949862856951,0.13018550369570647,-0.06920913,-0.9514351,1.2324951,-1.8095156,-1.3854659,0.16609155,-0.06920913,-0.9514351,1.2324951,-1.8095156,-1.3854659,0.16609155,-0.06802017241716385,-0.9400027394294739,1.2241853475570679,-1.8036161661148071,-1.383203387260437,0.16183900833129883,-0.029723838,-0.28580877,0.20774373,-0.14748673,-0.05656326,0.1063135,-0.046093065,0.2420095295368125,0.0,0.006050238238420313,0.014520571567118168,0.0008823525,3.52941,False,0,0.4316076293312542,0.14622997235603946,0.05193931033017268,0.4336411903288193,0.13998474440833072,0.03390013935596405,0.10518501145600667,0.007828066862651707,-0.0057573925029941395,0.9944051910436553,-0.03961651,0.25913167,0.20314422,0.5165388666248435,0.0003521530015859753,0.0001362449984299019,0.0005367529956856743,0.0002757740003289655,0.00017543899593874812,8.690300455782562e-05,0.0019177960057277232,0.017752696992829442,0.019670492998557165,50.837566708335686,0
152,3.0600853460055077,-0.06818753877748662,-0.943227545624115,1.2252000013934534,-1.8040734730162562,-1.3828085104571741,0.16221383213996887,-0.1571519821882248,-1.7943397760391235,-0.7049713730812073,-0.6758645176887512,0.20257237553596497,0.17367325723171234,-0.17580512166023254,-2.3488521575927734,-1.2097275257110596,-0.869385302066803,0.36035287380218506,0.12950484454631805,-0.5895895133614283,-0.4128275736481436,0.4611236597598003,-0.10456342329735496,0.06783250092561334,0.13031611706712598,-0.068723306,-0.9459688,1.2333865,-1.8115603,-1.3853691,0.16695563,-0.068723306,-0.9459688,1.2333865,-1.8115603,-1.3853691,0.16695563,-0.06818754225969315,-0.9432275295257568,1.2252000570297241,-1.804073452949524,-1.3828085660934448,0.16221383213996887,-0.013394104,-0.06853119,0.20466194,-0.18717125,-0.06401101,0.11854519,-0.062303554,0.20167460794734376,0.0,0.005041865198683594,0.012100476771593094,0.0032353,12.9412,False,0,0.43176700838526094,0.14624071867225602,0.05306582233264287,0.4339239557322901,0.14101131212325582,0.03385259344439319,0.1048510041860733,0.00942005504019159,-0.005105231381503169,0.9944302032467355,-0.03961651,0.25913167,0.20314422,0.5165778233293471,3.303200355730951e-05,0.0001033080043271184,0.0005334099987521768,0.00020677800057455897,0.00016291000065393746,0.00010878000466618687,0.001500446000136435,0.018344266005442478,0.019844712005578913,50.391257868538055,0
153,3.08009528000548,-0.06827909151186162,-0.9459732931903382,1.2263320128070276,-1.8046781025328578,-1.382855240498678,0.1626930683851242,-0.17895808815956116,-1.706592082977295,-0.678662896156311,-0.6372365951538086,0.0401512011885643,0.17612946033477783,-0.18942329287528992,-2.231769323348999,-1.1706809997558594,-0.8537907004356384,0.15544848144054413,0.13032524287700653,-0.6202592941263396,-0.5499406132827777,0.7949260173895161,-0.11040550719995612,0.08127952141509341,0.12472477597005298,-0.06767305,-0.9400666,1.2336376,-1.8138211,-1.3850029,0.16767691,-0.06767305,-0.9400666,1.2336376,-1.8138211,-1.3850029,0.16767691,-0.06827909499406815,-0.94597327709198,1.2263320684432983,-1.8046780824661255,-1.3828552961349487,0.1626930683851242,0.015151109,0.147668,0.18263839,-0.22857623,-0.053690284,0.12459599,-0.08290225,0.16806217328945314,0.0,0.004201554332236328,0.010083730332553387,0.0032353,12.9412,False,0,0.43185765687138494,0.14618499278266153,0.05394938936982069,0.43445801977552695,0.1419199295819239,0.034003266859436394,0.10643700405904666,0.010925180355832956,-0.005262840422075905,0.99424551101592,-0.03961651,0.25913167,0.20314422,0.516811295354039,3.2737996662035584e-05,0.00011379699571989477,0.0004771180101670325,0.00023419699573423713,0.00015404599253088236,8.987999171949923e-05,0.001458298007491976,0.018394992002868094,0.01985329001036007,50.369485333572854,0
154,3.100074433008558,-0.06838399568666631,-0.9479320210269471,1.2274907271014612,-1.8053814373412074,-1.383082691823141,0.1632593721151352,-0.19489046931266785,-1.5740830898284912,-0.6831228733062744,-0.6120749115943909,0.002849772572517395,0.17671017348766327,-0.16230416297912598,-2.109752893447876,-1.1339787244796753,-0.8354244828224182,0.09854185581207275,0.12988653779029846,-0.40438886209497965,-0.46302041304894936,1.204387601892743,-0.11696147375170281,0.08230954238516716,0.11980201535672519,-0.06652918,-0.935158,1.2337967,-1.8156843,-1.3843292,0.16830918,-0.06652918,-0.935158,1.2337967,-1.8156843,-1.3843292,0.16830918,-0.06838399916887283,-0.9479320049285889,1.227490782737732,-1.805381417274475,-1.3830827474594116,0.1632593721151352,0.04637056,0.31934977,0.15764856,-0.2575713,-0.031162443,0.12624544,-0.108331844,0.14005181107454429,0.0,0.0035012952768636073,0.008403108455240726,0.0032353,12.9412,False,0,0.4318840503509012,0.14608581522713138,0.054493429836580565,0.4347943537277176,0.14290930753505404,0.03396404309506054,0.1078799430937557,0.008399240012479943,-0.005175454173917226,0.9941149824957822,-0.03961651,0.25913167,0.20314422,0.5169093136327507,4.122199607081711e-05,0.00010161798854824156,0.00049867999041453,0.00023099400277715176,0.0001543990074424073,8.445500861853361e-05,0.0014006749988766387,0.018420320004224777,0.019820995003101416,50.451554013485634,0
155,3.1200922330026515,-0.06841594377626592,-0.9488639396480103,1.2286770979510706,-1.8063246212401332,-1.3833182493792933,0.16391345858573914,-0.10019594430923462,-1.5333194732666016,-0.6890217661857605,-0.6151789426803589,-0.00836681667715311,0.17367041110992432,-0.04535248130559921,-2.0511467456817627,-1.1275149583816528,-0.8325340747833252,0.11571580916643143,0.127956822514534,-0.5063515218173549,-0.5912395591541019,0.8789145409366217,-0.14278500827138169,0.08182995782019084,0.13329085322128267,-0.06563869,-0.93145233,1.2337102,-1.8177329,-1.3836292,0.16884263,-0.06563869,-0.93145233,1.2337102,-1.8177329,-1.3836292,0.16884263,-0.06841594725847244,-0.9488639235496521,1.2286771535873413,-1.8063246011734009,-1.383318305015564,0.16391345858573914,0.069431424,0.4352892,0.12582661,-0.28520748,-0.0077713393,0.123229094,-0.12704048,0.11670984256212023,0.0,0.002917746064053006,0.00700259068980813,0.0032353,12.9412,False,0,0.43184770939194655,0.1460198161741978,0.05461497583536026,0.435312176845587,0.143640383303165,0.03392572413011015,0.10915852559792527,0.008796744474232995,-0.006309396457854426,0.993965417552785,-0.03961651,0.25913167,0.20314422,0.5172334050886412,3.0902010621502995e-05,0.00011012599861714989,0.0004527749988483265,0.0003462490130914375,0.00017651398957241327,9.198099724017084e-05,0.0014943550049792975,0.01835043499886524,0.019844790003844537,50.391059809968745,0
156,3.1400653599994257,-0.06838018098940069,-0.9485016626170655,1.229649845753805,-1.8075462780394496,-1.383573357258932,0.16456842422485352,0.04927964136004448,-1.1601638793945312,-0.6178402304649353,-0.5916721820831299,-0.028857726603746414,0.16499340534210205,0.13918018341064453,-1.4817365407943726,-1.1503328084945679,-0.8436816334724426,0.134449303150177,0.12542258203029633,-1.098568287301743,-0.7313673973425665,0.8516001019127819,-0.13316893223865367,0.09327011937359372,0.13010983121730696,-0.06483673,-0.9284539,1.2337941,-1.8194997,-1.3830272,0.16930714,-0.06483673,-0.9284539,1.2337941,-1.8194997,-1.3830272,0.16930714,-0.06838018447160721,-0.9485016465187073,1.2296499013900757,-1.8075462579727173,-1.3835734128952026,0.16456842422485352,0.08858621,0.50119317,0.10360437,-0.29883695,0.01365469,0.118468024,-0.12936762,0.0972582021351002,0.0,0.002431455053377505,0.005835492163896561,0.0032353,12.9412,False,0,0.4318038532106187,0.1459783266596218,0.054271327832169786,0.4355212079402096,0.14433558353064183,0.03401196951941602,0.108951152473786,0.01140217957556976,-0.007564703346172675,0.9939529458890342,-0.03961651,0.25913167,0.20314422,0.5172424109967988,3.360499977134168e-05,0.0001147720031440258,0.000431230990216136,0.0003074080013902858,0.00018329200975131243,8.377399353776127e-05,0.0014420579973375425,0.01837273499404546,0.019814792991383,50.46734530281881,0
157,3.160061989998212,-0.06816417375673467,-0.9470470708659668,1.2306788603412073,-1.808852335015768,-1.3838165442096155,0.16527864336967468,0.15949015319347382,-1.2450815439224243,-0.7317814826965332,-0.661644697189331,-0.031315263360738754,0.19081686437129974,0.2676152288913727,-1.5589097738265991,-1.1968045234680176,-0.8702940344810486,0.15582869946956635,0.1233835518360138,-0.3189385824601445,-0.1455610318420929,0.30322295017953677,-0.0826310232619003,0.07347317302625632,0.1686296012583821,-0.064847946,-0.9257773,1.234158,-1.821248,-1.3830286,0.16979611,-0.064847946,-0.9257773,1.234158,-1.821248,-1.3830286,0.16979611,-0.06816417723894119,-0.9470470547676086,1.230678915977478,-1.8088523149490356,-1.3838165998458862,0.16527864336967468,0.0829058,0.5317435,0.086978145,-0.30989352,0.01970075,0.112936795,-0.11718905,0.08104850177925016,0.0,0.0020262125444812542,0.004862910136580467,0.0032353,12.9412,False,0,0.43162966791670215,0.14602453705800042,0.053459350389049726,0.43552366180126106,0.14429013443169914,0.03395231003801605,0.1089398655973497,0.01167931911450176,-0.007007881818834709,0.9939549988102641,-0.03961651,0.25913167,0.20314422,0.5172742644390346,2.0545994630083442e-05,6.880699947942048e-05,0.0002380130026722327,0.00017737499729264528,6.981099431868643e-05,7.677900430280715e-05,0.0008213359978981316,0.01907590999326203,0.019897245991160162,50.2582116361367,0
158,3.1800607920013135,-0.06788474718202764,-0.9449222844890137,1.2314265410052698,-1.810399671594137,-1.3838689962970179,0.16597291827201843,0.17295528948307037,-1.3196998834609985,-0.7588047981262207,-0.6339999437332153,0.017823440954089165,0.17543967068195343,0.2651786506175995,-1.6466820240020752,-1.2399868965148926,-0.8938735723495483,0.2556515634059906,0.12177778035402298,-0.41003690233010864,-0.34808297419675494,-0.016925725256892413,-0.10361465231689376,0.06385962386571788,0.11643954767612588,-0.065158255,-0.9230948,1.2343069,-1.8231716,-1.3829842,0.17025097,-0.065158255,-0.9230948,1.2343069,-1.8231716,-1.3829842,0.17025097,-0.06788475066423416,-0.9449222683906555,1.2314265966415405,-1.8103996515274048,-1.3838690519332886,0.16597291827201843,0.06816235,0.5456867,0.072008535,-0.3192983,0.02212109,0.10695113,-0.09979699,0.06754041814937514,0.0,0.0016885104537343787,0.004052425269037485,0.0032353,12.9412,False,0,0.4315218724910771,0.14613744328371894,0.05247017334762907,0.43560672460619576,0.1441734031193417,0.033965127891518995,0.10892651433105355,0.008598855959389567,-0.005389294637362159,0.9939980023202959,-0.03961651,0.25913167,0.20314422,0.5173722954930555,5.241099279373884e-05,5.648100341204554e-05,0.00018715699843596667,0.00012599100591614842,5.779998900834471e-05,4.7636000090278685e-05,0.0007109970028977841,0.019211815000744537,0.01992281200364232,50.19371762465953,0
159,3.2000656860036543,-0.06752473512758428,-0.9424163860133667,1.2319935003863733,-1.8121887646117152,-1.3838446776019495,0.16668321192264557,0.22231556475162506,-1.3187100887298584,-0.7773845791816711,-0.5818495750427246,0.12285345047712326,0.15393811464309692,0.23621408641338348,-1.719105839729309,-1.2707570791244507,-0.9112424850463867,0.324631929397583,0.12201427668333054,-0.5743951687626198,-0.9429428570329645,0.2130875651271382,-0.13626384772411382,0.07569224885940701,0.1379909960697486,-0.06535534,-0.92037207,1.2344726,-1.825171,-1.3828574,0.17074029,-0.06535534,-0.92037207,1.2344726,-1.825171,-1.3828574,0.17074029,-0.0675247386097908,-0.9424163699150085,1.231993556022644,-1.812188744544983,-1.3838447332382202,0.16668321192264557,0.05423502,0.5511079,0.061977513,-0.3245567,0.02468364,0.101427026,-0.08001778,0.05628368179114595,0.0,0.0014070920447786489,0.003377020824700594,0.0032353,12.9412,False,0,0.4314737924840374,0.14629815820269154,0.051392014479381604,0.4356446283297412,0.1441707378692948,0.03395944076619555,0.1089343821651454,0.008330366141907799,-0.005491191643699066,0.9939988710050303,-0.03961651,0.25913167,0.20314422,0.5174095632577792,2.164101169910282e-05,5.054898792877793e-05,0.00019378200522623956,0.00016036198940128088,5.806000262964517e-05,4.273898957762867e-05,0.0007117200002539903,0.019227562996093184,0.019939282996347174,50.152254731687066,0
160,3.2201363630010746,-0.06712896028627569,-0.9396126431277771,1.2324727217303675,-1.8139435253539027,-1.3838170210467737,0.167291522026062,0.22639049589633942,-1.3383288383483887,-0.7573971152305603,-0.5715821981430054,0.14371107518672943,0.15120086073875427,0.20558136701583862,-1.7711879014968872,-1.293769359588623,-0.9257652759552002,0.3542041480541229,0.12272019684314728,-0.5924767037962925,-0.5358035889076701,0.3240931133192743,-0.11594113869415096,0.0709778085208977,0.13438543638638525,-0.06538128,-0.9176646,1.2346729,-1.8270438,-1.3827463,0.17114054,-0.06538128,-0.9176646,1.2346729,-1.8270438,-1.3827463,0.17114054,-0.06712896376848221,-0.939612627029419,1.2324727773666382,-1.8139435052871704,-1.3838170766830444,0.167291522026062,0.04369207,0.54870063,0.055004403,-0.3275063,0.026768526,0.09622526,-0.05417468,0.0469030681592883,0.0,0.0011725767039822074,0.0028141841758042574,0.0067647,27.0588,False,0,0.43140534187963125,0.1464760791802622,0.050210208654861616,0.4356131885942103,0.14420840814431993,0.033995425025645315,0.10884013299240963,0.00856079436931626,-0.00532054197521822,0.9940081668409881,-0.03961651,0.25913167,0.20314422,0.5173605497967017,1.982499088626355e-05,6.71299931127578e-05,0.00024618100724183023,0.00017438600480090827,8.254600106738508e-05,5.480200343299657e-05,0.0008325119997607544,0.019158050999976695,0.01999056299973745,50.02360363803329,0
161,3.2400731749949045,-0.06670171419252569,-0.9366545838168641,1.2329123655902308,-1.8156353435912074,-1.3837812582599085,0.16796447336673737,0.21386560797691345,-1.3326072692871094,-0.7427312731742859,-0.6089125871658325,0.1975288838148117,0.1755029410123825,0.1898413449525833,-1.8037055730819702,-1.3060929775238037,-0.9333908557891846,0.368074893951416,0.12303484231233597,-0.8762573676870163,-0.7234311517561149,-0.3513409747898664,-0.10734803233852319,0.08284263133187052,0.1312386583251874,-0.0653713,-0.9151001,1.2348405,-1.8288695,-1.3826736,0.1716162,-0.0653713,-0.9151001,1.2348405,-1.8288695,-1.3826736,0.1716162,-0.06670171767473221,-0.9366545677185059,1.2329124212265015,-1.815635323524475,-1.3837813138961792,0.16796447336673737,0.033260502,0.5388611,0.04820354,-0.33085328,0.027692754,0.09129327,-0.026012836,0.03908589013274025,0.0,0.0009771472533185062,0.0023451533634215593,0.0067647,27.0588,False,0,0.43130994586581706,0.14667092333493592,0.04896986202604339,0.4356143454106538,0.14417435467687825,0.03399832218101233,0.10905005727443273,0.008807791572984822,-0.005554391597535369,0.9939817276402569,-0.03961651,0.25913167,0.20314422,0.5173682306953094,3.5609002225100994e-05,0.00010460999328643084,0.000438350994954817,0.00026334100402891636,0.00013522298831958324,9.18019941309467e-05,0.0013873190036974847,0.018394009995972738,0.019781328999670222,50.55272070024573,0
162,3.2601302819966804,-0.06634933153261358,-0.9335199159434815,1.2332633177386683,-1.8173743687071742,-1.383641544972555,0.16850100457668304,0.21108409762382507,-1.3881065845489502,-0.7699007987976074,-0.5946974754333496,0.14781969785690308,0.1649128496646881,0.1886727511882782,-1.823196291923523,-1.3095227479934692,-0.9336116909980774,0.37605732679367065,0.12246079742908478,-0.9393989936016773,-0.9519800405028436,-0.2811495421732226,-0.12118074865847722,0.07833241290884668,0.13216594454267333,-0.06535543,-0.91257566,1.2349646,-1.8306861,-1.3825073,0.17197725,-0.06535543,-0.91257566,1.2349646,-1.8306861,-1.3825073,0.17197725,-0.0663493350148201,-0.9335198998451233,1.233263373374939,-1.817374348640442,-1.3836416006088257,0.16850100457668304,0.024847627,0.5236065,0.042529915,-0.33279473,0.028357048,0.086906,0.0028051063,0.03294558928952872,5.610212683677674e-05,0.000823639732238218,0.0019542945083230734,0.0067647,27.0588,False,0,0.4312428766005293,0.14685654751922256,0.04768736067539603,0.4356414230302848,0.14415778492499068,0.033965619231809824,0.1089082088504924,0.008457147878929646,-0.005479941523328549,0.9940006898040491,-0.03961651,0.25913167,0.20314422,0.5174074769644161,3.425100294407457e-05,0.00010977700003422797,0.0004682259896071628,0.0003446729970164597,0.00016072399739641696,9.786100417841226e-05,0.0014988080074544996,0.018399323991616257,0.019898131999070756,50.255973779181886,0
163,3.280133847001707,-0.06607228914369756,-0.9304559987834473,1.2336118857013147,-1.8191853962340296,-1.383475128804342,0.16904693841934204,0.22045308351516724,-1.3911172151565552,-0.7710235714912415,-0.6048731207847595,0.22068366408348083,0.17073620855808258,0.19278667867183685,-1.8378015756607056,-1.3104732036590576,-0.9317767024040222,0.3777390420436859,0.12204132229089737,-0.10408022260012484,-1.1987330404035037,0.2740289130344224,-0.14139679644721959,0.0440153312394089,0.09061928413339342,-0.0652585,-0.9103345,1.235271,-1.8324288,-1.3823065,0.17237116,-0.0652585,-0.9103345,1.235271,-1.8324288,-1.3823065,0.17237116,-0.06607229262590408,-0.9304559826850891,1.2336119413375854,-1.8191853761672974,-1.3834751844406128,0.16904693841934204,0.020344835,0.50303656,0.041475218,-0.33108482,0.029216854,0.08310568,0.03523011,0.03252602009761879,0.0007607043534517288,0.0008131505024404699,0.0016472794814035296,0.0067647,27.0588,False,0,0.4312084199954437,0.14701446179941807,0.04644120553190256,0.4355965800220271,0.14415189048762636,0.03399822371292932,0.10909479046193493,0.010071154377410269,-0.006609908432168897,0.9939583409385655,-0.03961651,0.25913167,0.20314422,0.5173569365419737,3.3019998227246106e-05,0.00010485699749551713,0.00041277299169451,0.0003651080041890964,0.00015549600357189775,8.930900366976857e-05,0.0014376239996636286,0.01840159299899824,0.01983921699866187,50.405215088249136,0
164,3.3000738230039133,-0.06581336656679326,-0.9273321789554139,1.2338874975787562,-1.8210555515685023,-1.383350674306051,0.16958580911159515,0.1695297658443451,-1.397615671157837,-0.7950108051300049,-0.6280007362365723,0.21828584372997284,0.1778380274772644,0.17487995326519012,-1.8474195003509521,-1.3098552227020264,-0.9294639825820923,0.37692689895629883,0.12129891663789749,-0.2790761124273656,-0.9467805795211304,-0.002082619733358798,-0.12676959960926276,0.05414319693582281,0.1192804639427633,-0.064885505,-0.9086197,1.2356018,-1.8340696,-1.3820955,0.17281154,-0.064885505,-0.9086197,1.2356018,-1.8340696,-1.3820955,0.17281154,-0.06581337004899979,-0.9273321628570557,1.2338875532150269,-1.82105553150177,-1.3833507299423218,0.16958580911159515,0.023196725,0.46781126,0.042856116,-0.3253512,0.0313813,0.08064338,0.068886444,0.04136123830070553,0.0021384332329034807,0.0010340309575176383,0.0016263009747490287,0.0067647,27.0588,False,0,0.43120155648044806,0.14715310969411916,0.04519177236315472,0.4356140970995044,0.14415278138074206,0.03400035874213423,0.1091089509051752,0.009869434518251315,-0.006466855089945975,0.993959770941947,-0.03961651,0.25913167,0.20314422,0.5173721307305361,3.353800275363028e-05,0.00010553000902291387,0.00040870500379242003,0.0002812689926940948,0.00013462899369187653,9.232600859832019e-05,0.0013427840021904558,0.018446233007125556,0.019789017009316012,50.53308102819019,0
165,3.3201305420079734,-0.06568938890566045,-0.924345926647522,1.234114948903219,-1.822928091088766,-1.383214298878805,0.1701008677482605,0.15411293506622314,-1.3950331211090088,-0.7941433191299438,-0.6327027082443237,0.25071048736572266,0.18077731132507324,0.1326293796300888,-1.8572795391082764,-1.3072996139526367,-0.9259344339370728,0.3795992434024811,0.12057987600564957,-0.6201872872813428,-0.835304994359684,-0.3803500695679859,-0.11614369101724611,0.05550840447360206,0.15104298458274754,-0.06417381,-0.90809953,1.2361463,-1.8353631,-1.3818266,0.17332308,-0.06417381,-0.90809953,1.2361463,-1.8353631,-1.3818266,0.17332308,-0.06568939238786697,-0.9243459105491638,1.2341150045394897,-1.8229280710220337,-1.3832143545150757,0.1701008677482605,0.0378895,0.40615925,0.050783914,-0.310877,0.0346943,0.08055548,0.1048361,0.06270206664991426,0.004235155209898949,0.0015675516662478567,0.0020680618472397327,0.0067647,27.0588,False,0,0.4312407686486083,0.14723463121609376,0.0440134792742739,0.4356176141183219,0.1441748132269181,0.03399706212484209,0.10878972789636854,0.010066987070110039,-0.006628766847923167,0.9939916908637669,-0.03961651,0.25913167,0.20314422,0.5173715432511428,3.213899617549032e-05,0.00010503600060474128,0.00042156998824793845,0.00027246400713920593,0.0001325470075244084,9.626300015952438e-05,0.0013369799999054521,0.01856829901225865,0.0199052790121641,50.23792931457533,0
166,3.340588500999729,-0.0656212011920374,-0.9215226930430909,1.234370533620016,-1.8247353039183558,-1.383014980946676,0.17056424915790558,0.21052342653274536,-1.4332671165466309,-0.8028531074523926,-0.67067950963974,0.25500187277793884,0.18384769558906555,0.1263521909713745,-1.8750509023666382,-1.307811975479126,-0.9238325953483582,0.38792622089385986,0.11985857039690018,-0.5439843259575623,-0.8147265859020645,-0.7388606000008948,-0.11754358215095885,0.05460921029596557,0.13586671460292282,-0.06329707,-0.9095448,1.2369105,-1.8362548,-1.3816347,0.17390124,-0.06329707,-0.9095448,1.2369105,-1.8362548,-1.3816347,0.17390124,-0.06562120467424393,-0.9215226769447327,1.2343705892562866,-1.8247352838516235,-1.3830150365829468,0.17056424915790558,0.05810337,0.2994468,0.063496254,-0.28798965,0.03450947,0.08342496,0.14072132,0.09924893308838248,0.00704958163201809,0.0024812233272095622,0.003135103266686201,0.0067647,27.0588,False,0,0.43127955302637216,0.1473073659901834,0.0428935849046605,0.4356550305725822,0.1440832988666223,0.033874991868040126,0.10934807471466101,0.00985774578396336,-0.0057366166406327135,0.9939380826944411,-0.03961651,0.25913167,0.20314422,0.5174661705608092,3.635900793597102e-05,0.00011263899796176702,0.0004759319999720901,0.0004414569993969053,0.00017147099424619228,9.284100087825209e-05,0.0016414940037066117,0.018658503991900943,0.020299997995607555,49.261088607810535,0
167,3.3601329710072605,-0.06554109254945928,-0.9188242119601746,1.2345741430865687,-1.8265849552550257,-1.3828514258014124,0.17100000381469727,0.2774181663990021,-1.4233238697052002,-0.7852181196212769,-0.6574387550354004,0.234177827835083,0.18105655908584595,0.1736086755990982,-1.9124611616134644,-1.3147106170654297,-0.9242067337036133,0.40280064940452576,0.11901092529296875,-0.4353898405138633,-0.4816467065671018,-0.40261075026015425,-0.10494381548271588,0.05402580778006909,0.12628395779645116,-0.06200189,-0.91408384,1.2379843,-1.8364441,-1.3814707,0.1744909,-0.06200189,-0.91408384,1.2379843,-1.8364441,-1.3814707,0.1744909,-0.0655410960316658,-0.9188241958618164,1.2345741987228394,-1.8265849351882935,-1.382851481437683,0.17100000381469727,0.08848016,0.11850842,0.08525375,-0.24648122,0.034518946,0.087272204,0.18521649,0.15440018664764066,0.01075391136109829,0.0038600046661910166,0.004962446633726358,0.0037254999999999996,14.902,False,0,0.43135231067292107,0.1473745513115667,0.041841246736674886,0.43558491531577115,0.14416106024479508,0.03399882446431034,0.1091513630409141,0.010029697107665854,-0.006571468821588081,0.993952831670533,-0.03961651,0.25913167,0.20314422,0.5173439877525323,3.662399831227958e-05,0.00013164601114112884,0.00041573899216018617,0.00041385999065823853,0.00016252900240942836,9.196499013341963e-05,0.0015942059981171042,0.017798303000745364,0.019392508998862468,51.56630325960701,0
168,3.380119769004523,-0.06530934969057256,-0.9164629739573975,1.2347701231585901,-1.8284312687315882,-1.3826082388507288,0.1714865267276764,0.28382956981658936,-1.4584442377090454,-0.7719117999076843,-0.6557968854904175,0.23140336573123932,0.17406316101551056,0.2604094445705414,-1.9808239936828613,-1.3341646194458008,-0.9317624568939209,0.42023682594299316,0.11829468607902527,-0.7620997119359629,-0.7073554917860814,-0.3720510684874158,-0.1021370061011387,0.0534226236395607,0.12704977308473367,-0.061232872,-0.92269856,1.2392344,-1.8359377,-1.3815286,0.17505458,-0.061232872,-0.92269856,1.2392344,-1.8359377,-1.3815286,0.17505458,-0.06530935317277908,-0.9164629578590393,1.2347701787948608,-1.828431248664856,-1.3826082944869995,0.1714865267276764,0.101911984,-0.15589012,0.111606225,-0.18766363,0.026990531,0.089201346,0.21913935,0.22957814493913367,0.01513669840991497,0.005739453623478342,0.007720009423792362,0.0037254999999999996,14.902,False,0,0.43144021701558316,0.14752330237533023,0.0409356285432973,0.43559976391445104,0.14414650709925453,0.033979801272872326,0.10878234514787777,0.008123143531823557,-0.0051396245423927945,0.9940191087634312,-0.03961651,0.25913167,0.20314422,0.5173670808497377,3.642600495368242e-05,0.00011447499855421484,0.00048240799515042454,0.00038015999598428607,0.0001592009939486161,8.736900053918362e-05,0.0015613709983881563,0.018245087005198002,0.019806458003586158,50.48858305805813,0
169,3.40013131199521,-0.06492168108095342,-0.9145332735827942,1.2350896040545862,-1.8300711117186488,-1.3823965231524866,0.17192921042442322,0.269682914018631,-1.6049399375915527,-0.8192274570465088,-0.6887033581733704,0.2547019124031067,0.19369952380657196,0.28542375564575195,-2.0930192470550537,-1.3704512119293213,-0.947787880897522,0.43836504220962524,0.11699755489826202,-0.8000907103305742,-0.6908005596133612,-0.9430823826524874,-0.11896660867154703,0.05364985396702185,0.12751424867207847,-0.061538417,-0.9326881,1.2404854,-1.8348608,-1.3816131,0.17514531,-0.061538417,-0.9326881,1.2404854,-1.8348608,-1.3816131,0.17514531,-0.06492168456315994,-0.914533257484436,1.235089659690857,-1.8300710916519165,-1.3823965787887573,0.17192921042442322,0.08458169,-0.45387194,0.1348943,-0.119742185,0.019585267,0.0804024,0.22452922,0.3221636730692363,0.019627282842993737,0.008054091826730909,0.01147890742868185,0.0037254999999999996,14.902,False,0,0.43146392122129124,0.1477347108860016,0.04016160990193174,0.4356536600387541,0.144106910881418,0.03389703924828614,0.10944003791608203,0.008281702064351363,-0.004387884537379132,0.9939492009044932,-0.03961651,0.25913167,0.20314422,0.5174524509895054,3.4509997931309044e-05,0.00010470999404788017,0.0004940170038025826,0.00032731000101193786,0.00015826799790374935,8.836499182507396e-05,0.0014925549912732095,0.018368528995779343,0.019861083987052552,50.34971911160037,0
170,3.420136700005969,-0.06446248689760381,-0.9135120672038575,1.235481087361471,-1.831520219842428,-1.3821890989886683,0.17239658534526825,0.267084538936615,-1.8002434968948364,-0.8636908531188965,-0.729722261428833,0.25335395336151123,0.19105452299118042,0.28639280796051025,-2.2530314922332764,-1.430641770362854,-0.979675829410553,0.4434759318828583,0.1163092851638794,-0.7602114350839922,-0.8225711097414574,-1.8123954992698517,-0.11127503502463529,0.05707733696723744,0.1377038013059686,-0.06254989,-0.9397008,1.2414,-1.8338269,-1.3807784,0.17467472,-0.06254989,-0.9397008,1.2414,-1.8338269,-1.3807784,0.17467472,-0.06446249037981033,-0.9135120511054993,1.2354811429977417,-1.8315201997756958,-1.382189154624939,0.17239658534526825,0.04781506,-0.65471804,0.14797053,-0.057667002,0.035268202,0.056953438,0.18116558,0.4234736899751405,0.02325059436261654,0.010586842249378513,0.016108183190226555,0.0037254999999999996,14.902,False,0,0.43151001624089363,0.14797388326789396,0.039736628966105136,0.4356455480541019,0.14415433957797585,0.03399600083934478,0.10888471036245118,0.008557904824406727,-0.005346514089521621,0.9940031911267109,-0.03961651,0.25913167,0.20314422,0.5174020984545843,3.636800101958215e-05,0.00011209498916286975,0.0005043070123065263,0.0003513429983286187,0.00016986799892038107,9.535699791740626e-05,0.0015659799973946065,0.018269941007019952,0.01983592100441456,50.4135905651896,0
171,3.44013221100613,-0.06399804750551397,-0.9138727349093934,1.236058537160055,-1.8327375851073207,-1.3820574919330042,0.17291492223739624,0.2754630446434021,-2.3371741771698,-0.9295521378517151,-0.717807948589325,0.23998357355594635,0.18752124905586243,0.25225743651390076,-3.1153383255004883,-1.4759565591812134,-1.0056917667388916,0.4214552342891693,0.1156642809510231,-0.4796262211157321,-1.0590400409845624,-2.6146672777620346,-0.12063337774276563,0.034453059704342474,0.10248383958340394,-0.06355977,-0.94329274,1.2417699,-1.8339678,-1.378701,0.1741773,-0.06355977,-0.94329274,1.2417699,-1.8339678,-1.378701,0.1741773,-0.06399805098772049,-0.9138727188110352,1.2360585927963257,-1.8327375650405884,-1.382057547569275,0.17291492223739624,0.010956953,-0.73550105,0.14278238,-0.030755972,0.08391571,0.03155964,0.07598922,0.5180305996055388,0.024770378693938257,0.012950764990138471,0.021173683926463127,0.0037254999999999996,14.902,False,0,0.4315966944586849,0.14819503510977491,0.039823306406672865,0.4356565106540461,0.1441502399305417,0.03400540482065468,0.10902960158399733,0.009353096635324703,-0.005884363681762008,0.9939770509956283,-0.03961651,0.25913167,0.20314422,0.5174100050500196,4.959000216331333e-05,0.00011131099017802626,0.0005290970002533868,0.0002874670026358217,0.00014907300646882504,0.00015577799058519304,0.0016187779983738437,0.018218698009150103,0.019837476007523946,50.40963878775307,0
172,3.460126913007116,-0.06356317201723272,-0.9158096474460145,1.2366064230548304,-1.833700796166891,-1.3820083777057093,0.17336274683475494,0.23899567127227783,-2.2618072032928467,-0.8164907693862915,-0.6473507285118103,0.26079851388931274,0.15710008144378662,0.20478729903697968,-3.075627565383911,-1.4616926908493042,-0.9984550476074219,0.40510478615760803,0.1143685057759285,-1.306402529050755,-0.7989412644792553,-1.327587206161903,-0.08173166266816863,0.05965080876322368,0.12898870749314326,-0.06423792,-0.9456011,1.2421266,-1.83533,-1.3759682,0.17409785,-0.06423792,-0.9456011,1.2421266,-1.83533,-1.3759682,0.17409785,-0.06356317549943924,-0.9158096313476562,1.236606478691101,-1.8337007761001587,-1.38200843334198,0.17336274683475494,-0.01686858,-0.7447864,0.1380016,-0.04073112,0.15100423,0.018377695,-0.065507956,0.5880936301843146,0.023460219576954842,0.014702340754607867,0.02590152993798256,0.0037254999999999996,14.902,False,0,0.4318106750891778,0.14837645143529704,0.04056080976245413,0.43566376812151103,0.14415143423794674,0.033961909140641025,0.10882791853464241,0.009102866380936112,-0.005947258331980981,0.994001127195559,-0.03961651,0.25913167,0.20314422,0.5174306260729468,3.6025987355969846e-05,0.00010804299381561577,0.0005475960060721263,0.0002933429932454601,0.0001418779866071418,9.193200094159693e-05,0.0015944009937811643,0.018237049007439055,0.01983145000122022,50.424956316278966,0
173,3.480521974997828,-0.06323415437807256,-0.9190132182887574,1.2373488585101526,-1.8342544041075648,-1.3817699591266077,0.17373791337013245,0.23227950930595398,-2.051140785217285,-0.7496216297149658,-0.6202258467674255,0.2739674150943756,0.17463591694831848,0.1731008142232895,-2.9025049209594727,-1.4074039459228516,-0.9730396866798401,0.4315527677536011,0.11370611190795898,-0.7776921163190074,-0.4985328718913105,-0.46550663673262266,-0.10634616976795808,0.06956761701617156,0.13096587913302438,-0.064608976,-0.9478603,1.2433405,-1.8367844,-1.3733183,0.17442322,-0.064608976,-0.9478603,1.2433405,-1.8367844,-1.3733183,0.17442322,-0.06323415786027908,-0.9190132021903992,1.2373489141464233,-1.8342543840408325,-1.3817700147628784,0.17373791337013245,-0.034370415,-0.7211776,0.14978887,-0.06324924,0.21129169,0.017132463,-0.19490758,0.620491812220532,0.019562068060040474,0.015512295305513301,0.02940468117594719,0.0037254999999999996,14.902,False,0,0.4320257695073488,0.1485574509836376,0.041758968940449614,0.435634865396092,0.1441608998177827,0.034008165669663255,0.10915476560975274,0.010024357079769858,-0.006457073256142275,0.9939532480972297,-0.03961651,0.25913167,0.20314422,0.5173868511952424,3.727500734385103e-05,0.00011475400242488831,0.0005716939922422171,0.0002933829964604229,0.0001529139990452677,9.796800441108644e-05,0.0016516540053999051,0.01858300699677784,0.020234661002177745,49.42015089318153,0
174,3.5000722039985703,-0.06305438676942998,-0.9227329653552552,1.2382906118976038,-1.8344093761839808,-1.3813799063311976,0.17398914694786072,0.10187078267335892,-1.9846256971359253,-0.7467364072799683,-0.6469828486442566,0.2961479723453522,0.17352329194545746,0.04705929383635521,-2.719738245010376,-1.350916862487793,-0.951855480670929,0.43341177701950073,0.11413105577230453,-0.19490169081888553,-0.6408108066192625,-0.4268305122536431,-0.10802537648309568,0.05303798767729705,0.13608602191792882,-0.06478545,-0.9503381,1.2450426,-1.8374195,-1.3717854,0.17489861,-0.06478545,-0.9503381,1.2450426,-1.8374195,-1.3717854,0.17489861,-0.0630543902516365,-0.922732949256897,1.2382906675338745,-1.8344093561172485,-1.3813799619674683,0.17398914694786072,-0.043276433,-0.6901299,0.16879681,-0.07525446,0.2398636,0.022736553,-0.27442867,0.6108998084989838,0.014073494747281076,0.015272495212474597,0.031024590134620667,0.0037254999999999996,14.902,False,0,0.4321635887010227,0.14871575545789567,0.04309852961865743,0.43561931828005646,0.1442284511311262,0.03399570381871222,0.10963486763703068,0.01040597926469207,-0.0069110045801301645,0.9938934439073075,-0.03961651,0.25913167,0.20314422,0.5173616373649761,0.00017425599799025804,0.00010701200517360121,0.0005644999910145998,0.0004369360103737563,0.00016186699212994426,8.240899478551e-05,0.001935060994583182,0.017477241999586113,0.019412302994169295,51.51372303947457,0
175,3.52007344699814,-0.06307822862734014,-0.926720456486084,1.2391942183123987,-1.8345285854735316,-1.3806584517108362,0.17412470281124115,-0.07264391332864761,-1.9745547771453857,-0.7918838858604431,-0.6682534217834473,0.2827413082122803,0.18551769852638245,-0.12406373769044876,-2.5833046436309814,-1.2983824014663696,-0.9304748177528381,0.43705543875694275,0.062250569462776184,-0.5049492798687972,-0.8425439761778271,-0.4684731015857212,-0.11801387334363017,0.06725039172493638,0.13429802018525341,-0.0648596,-0.953341,1.2463982,-1.8374445,-1.3717288,0.17543392,-0.0648596,-0.953341,1.2463982,-1.8374445,-1.3717288,0.17543392,-0.06307823210954666,-0.9267204403877258,1.2391942739486694,-1.8345285654067993,-1.380658507347107,0.17412470281124115,-0.044534255,-0.6655138,0.18009856,-0.072899915,0.22324465,0.03273038,-0.2903705,0.564190406180724,0.008266084864735606,0.0141047601545181,0.030544990673661232,0.00245098,9.80392,False,0,0.4323647362327079,0.14886132692055154,0.04457371251912004,0.4355761353702007,0.14427152822217726,0.033987202026498436,0.10958350231221514,0.008849141443384705,-0.005710704930421315,0.9939217774682626,-0.03961651,0.25913167,0.20314422,0.5173151845983602,4.282400186639279e-05,0.00011448199802543968,0.0005434119957499206,0.00030045400490053,0.00018851000641006976,8.261499169748276e-05,0.0016456409939564764,0.018190408998634666,0.019836049992591143,50.41326273998627,0
176,3.5400743229984073,-0.0633018652545374,-0.9306505483439942,1.2400758902179163,-1.8347555599608363,-1.379688564931051,0.17417719960212708,-0.08940324932336807,-1.9790079593658447,-0.7372546792030334,-0.6618166565895081,0.2717335820198059,0.19397133588790894,-0.2303094118833542,-2.4994919300079346,-1.256645917892456,-0.9067670702934265,0.4325724244117737,0.05163883417844772,-0.7000515823363959,-0.360940179076952,-0.23886306002312427,-0.1060875866132176,0.07311023803330133,0.1328996965619011,-0.064886056,-0.95649874,1.2472895,-1.837404,-1.3730795,0.1760564,-0.064886056,-0.95649874,1.2472895,-1.837404,-1.3730795,0.1760564,-0.06330186873674393,-0.930650532245636,1.240075945854187,-1.834755539894104,-1.3796886205673218,0.17417719960212708,-0.03960476,-0.64620554,0.18033916,-0.06621226,0.16522619,0.04698014,-0.2485357,0.49212781188993365,0.003295371010899546,0.012303195297248342,0.028209520503878593,0.00245098,9.80392,False,0,0.43262058753799437,0.1489768181885527,0.04604998616047959,0.43559544438778447,0.14426583545474267,0.03390818706651169,0.10970584603842432,0.00850461120445848,-0.004973531664154811,0.9939152593861356,-0.03961651,0.25913167,0.20314422,0.5173600269498053,3.390699566807598e-05,0.00010739199933595955,0.0005010140012018383,0.000256902989349328,0.00013482299982570112,9.485699411015958e-05,0.0014762200007680804,0.018362666000030003,0.019838886000798084,50.406056063821914,0
177,3.5600777119980194,-0.06352693239320928,-0.9347194594195862,1.2409504095660608,-1.8351804218687953,-1.3784635702716272,0.17434842884540558,-0.09204123169183731,-1.8773807287216187,-0.7590008974075317,-0.6368981003761292,0.2774908244609833,0.19387075304985046,-0.23445281386375427,-2.471693992614746,-1.2422114610671997,-0.8944582939147949,0.41993188858032227,0.07187263667583466,-0.8581618393596943,-0.5727238815377181,0.08686620655491227,-0.11220290804540703,0.08280289926603285,0.1294405642766101,-0.06482988,-0.95929587,1.2481368,-1.837796,-1.3750796,0.17691742,-0.06482988,-0.95929587,1.2481368,-1.837796,-1.3750796,0.17691742,-0.0635269358754158,-0.934719443321228,1.2409504652023315,-1.835180401802063,-1.378463625907898,0.17434842884540558,-0.032573495,-0.6144101,0.17965622,-0.06539037,0.08460062,0.064224705,-0.16885741,0.410106509908278,0.0,0.010252662747706951,0.024606389924883842,0.00245098,9.80392,False,0,0.43293903419262747,0.14914708194144177,0.04761367440677661,0.4356301734895822,0.1443079760250749,0.03397518215748609,0.10987071108782859,0.008617559845986947,-0.005524588662752858,0.99389316410099,-0.03961651,0.25913167,0.20314422,0.5173606627235424,3.176499740220606e-05,0.00011001100938301533,0.0005405219999374822,0.0002758080081548542,0.0001844890066422522,9.656501060817391e-05,0.0016073370061349124,0.018228759989142418,0.01983609699527733,50.41314328308057,0
178,3.5800964899972314,-0.06376916566957647,-0.9386113447001954,1.2418697516070765,-1.8356620273985804,-1.3772066275226038,0.1745559573173523,-0.1086728572845459,-1.858269453048706,-0.731810450553894,-0.616051197052002,0.2418392300605774,0.21417531371116638,-0.23081685602664948,-2.4734106063842773,-1.2481991052627563,-0.8954827785491943,0.40201231837272644,0.11179172992706299,-1.0545847346338482,-0.8817431015221809,-0.47625165880881715,-0.1263593480415495,0.09273593721818527,0.11158887857555266,-0.06498302,-0.96025944,1.2493923,-1.8388928,-1.3769213,0.17785327,-0.06498302,-0.96025944,1.2493923,-1.8388928,-1.3769213,0.17785327,-0.06376916915178299,-0.9386113286018372,1.2418698072433472,-1.8356620073318481,-1.3772066831588745,0.1745559573173523,-0.030346274,-0.5412028,0.18806273,-0.08077094,0.0071344245,0.08243296,-0.092584945,0.34175542492356503,0.0,0.008543885623089126,0.020505325868725777,0.00245098,9.80392,False,0,0.43323661601929153,0.1493186567684425,0.0490966540064702,0.43559825588946016,0.14430204210299727,0.0339488954136971,0.10947799195274455,0.00832065198623172,-0.0053546862091121954,0.9939399625814351,-0.03961651,0.25913167,0.20314422,0.5173412569355006,3.2405005185864866e-05,0.00010652899800334126,0.00047667999751865864,0.0002847360010491684,0.00013677300012204796,9.032500383909792e-05,0.0014593170053558424,0.01839193499472458,0.01985125200008042,50.37465646982612,0
179,3.6001277199975448,-0.06392223039735967,-0.9422511619380494,1.24286395708193,-1.8360949955382289,-1.376148525868551,0.17477618157863617,-0.16528135538101196,-1.9005814790725708,-0.7619739770889282,-0.6344440579414368,0.26303794980049133,0.19486045837402344,-0.22930321097373962,-2.472612142562866,-1.2560384273529053,-0.9016478061676025,0.38631147146224976,0.12654468417167664,-1.5108302723959557,-0.4413477800098043,-0.23323141522097607,-0.13893185625048524,0.1332264866206212,0.13586704178134595,-0.065131165,-0.9591314,1.2508594,-1.8404552,-1.3778005,0.17867525,-0.065131165,-0.9591314,1.2508594,-1.8404552,-1.3778005,0.17867525,-0.06392223387956619,-0.9422511458396912,1.2428640127182007,-1.8360949754714966,-1.3761485815048218,0.17477618157863617,-0.03022329,-0.422007,0.19988407,-0.10900422,-0.041297726,0.09747654,-0.053981762,0.2847961874363042,0.0,0.007119904685907606,0.017087770625948906,0.00245098,9.80392,False,0,0.4334531523794896,0.14948666378764613,0.05043998953943024,0.435637572260507,0.14429123854486697,0.033981179903401035,0.10998212763288329,0.009608251679601,-0.006397213133068595,0.9938665121099335,-0.03961651,0.25913167,0.20314422,0.5173692130771429,3.4702999982982874e-05,0.00010646198643371463,0.0004729840002255514,0.0002297930041095242,0.00013406500511337072,8.95810080692172e-05,0.001406769995810464,0.01846789100090973,0.019874660996720195,50.31532362564697,0
180,3.62012949900236,-0.06411391893495733,-0.9457460206798096,1.2439101378070276,-1.8364459476866664,-1.3754223028766077,0.1750633269548416,-0.13985377550125122,-1.8275936841964722,-0.7489909529685974,-0.6306544542312622,0.2149394452571869,0.1958286166191101,-0.23521967232227325,-2.4201505184173584,-1.2408064603805542,-0.8989095687866211,0.37221759557724,0.12903942167758942,-1.0277512309615742,-1.156121902683312,0.10405506114206563,-0.13830099197785886,0.08327831800906049,0.11937337434743,-0.065219134,-0.95578367,1.252175,-1.8422145,-1.3782127,0.17951822,-0.065219134,-0.95578367,1.252175,-1.8422145,-1.3782127,0.17951822,-0.06411392241716385,-0.9457460045814514,1.2439101934432983,-1.836445927619934,-1.3754223585128784,0.1750633269548416,-0.027630316,-0.25094134,0.20662045,-0.14421237,-0.06975838,0.11137259,-0.04700991,0.2373301561969202,0.0,0.005933253904923005,0.014239809475839138,0.00245098,9.80392,False,0,0.43361653428315655,0.1495642300271236,0.051686106885465405,0.4356359638450188,0.1443171369680443,0.033976395601145064,0.10981913477727673,0.008725973941483887,-0.005374599531334099,0.9938987502080214,-0.03961651,0.25913167,0.20314422,0.5173635518726478,3.523299528751522e-05,0.00011082000855822116,0.0005330610001692548,0.00025994700263254344,0.00014628800272475928,9.421199501957744e-05,0.0015305139968404546,0.01830896400497295,0.019839478001813404,50.40455196999619,0
181,3.640878234000411,-0.06430179277528936,-0.9489556115916749,1.244995419179098,-1.836884161035055,-1.375213925038473,0.17544341087341309,-0.14946825802326202,-1.7293483018875122,-0.7203567028045654,-0.5967032313346863,0.1607055813074112,0.21336017549037933,-0.2254093736410141,-2.326040267944336,-1.2080820798873901,-0.8866779804229736,0.2941589057445526,0.13006959855556488,-0.6713689480948843,-1.027996097134509,0.46425332107403283,-0.1311187079048694,0.09935837919088795,0.13577920948650204,-0.065083,-0.95076114,1.253138,-1.8440936,-1.3784757,0.18032852,-0.065083,-0.95076114,1.253138,-1.8440936,-1.3784757,0.18032852,-0.06430179625749588,-0.9489555954933167,1.2449954748153687,-1.8368841409683228,-1.3752139806747437,0.17544341087341309,-0.01952997,-0.045139253,0.20356052,-0.18023586,-0.08154193,0.12212773,-0.056218076,0.19777513016410014,0.0,0.004944378254102504,0.011866508051753044,0.00245098,9.80392,False,0,0.43374783148393287,0.14952469276042524,0.052783345778364826,0.4356501586337224,0.14437001681905762,0.03403016612103059,0.10942928307364558,0.009074844917085495,-0.005310558901407331,0.9939389904979532,-0.03961651,0.25913167,0.20314422,0.5173472795689772,4.783400800079107e-05,0.00011655999696813524,0.0005491570045705885,0.0003408210031921044,0.0001705250033410266,9.406899334862828e-05,0.0017033750045811757,0.018878843999118544,0.02058221900369972,48.58562625440176,0
182,3.660130221003783,-0.06445295015443975,-0.9516457480243226,1.2460702101336878,-1.837475915948385,-1.3753765265094202,0.17599280178546906,-0.17079317569732666,-1.622704267501831,-0.6770676374435425,-0.582890510559082,0.0029992572963237762,0.2125215083360672,-0.2067233920097351,-2.211735486984253,-1.1700700521469116,-0.8695299625396729,0.0991264283657074,0.13045592606067657,-1.006054164190095,-0.6701104090926413,1.2040078021680247,-0.12456323272933496,0.11653938564246245,0.11860018159941492,-0.06437856,-0.9451726,1.2538573,-1.8458254,-1.3783039,0.18114114,-0.06437856,-0.9451726,1.2538573,-1.8458254,-1.3783039,0.18114114,-0.06445295363664627,-0.9516457319259644,1.2460702657699585,-1.8374758958816528,-1.375376582145691,0.17599280178546906,0.0018597781,0.1618275,0.19467507,-0.20873846,-0.0731818,0.12870835,-0.07631807,0.16481260847008344,0.0,0.004120315211752087,0.009888756088912487,0.00245098,9.80392,False,0,0.4338528534339793,0.14941590187932394,0.05365840036471245,0.43569211416872616,0.1450909597932922,0.034040201964287274,0.10810954210696572,0.011753250416365848,-0.006135848833153575,0.9940505552527472,-0.03961651,0.25913167,0.20314422,0.5172231064177613,3.722999827004969e-05,0.00011701900803018361,0.00047311199887190014,0.00047996800276450813,0.00017348499386571348,9.415599924977869e-05,0.0017817159969126806,0.017321881008683704,0.019103597005596384,52.34616285650554,0
183,3.680133169007604,-0.06454545656313115,-0.9534126085093995,1.2472646872149866,-1.8381325207152308,-1.3756445089923304,0.1765606701374054,-0.19941073656082153,-1.5721155405044556,-0.6815741658210754,-0.6092928051948547,-0.007103770971298218,0.19520114362239838,-0.17413429915905,-2.1114156246185303,-1.1412725448608398,-0.8550011515617371,0.10317384451627731,0.1302032321691513,-0.8845229997752572,-0.7335918496848569,1.2050194626088953,-0.11751188098385139,0.10234167349271055,0.12744269582215445,-0.063703485,-0.94013584,1.2540969,-1.8477329,-1.377883,0.18176845,-0.063703485,-0.94013584,1.2540969,-1.8477329,-1.377883,0.18176845,-0.06454546004533768,-0.9534125924110413,1.2472647428512573,-1.8381325006484985,-1.375644564628601,0.1765606701374054,0.02104938,0.33191857,0.17080364,-0.24001029,-0.055958897,0.13019447,-0.104154594,0.13734384039173622,0.0,0.003433596009793406,0.008240630850195885,0.0048039250000000006,19.2157,False,0,0.4338352469980314,0.14931532417431367,0.05410895100864441,0.4360758683941407,0.14574260415327586,0.03376437680905579,0.10633421902743362,0.0117001709434663,-0.005530694012513892,0.9942462408275383,-0.03961651,0.25913167,0.20314422,0.5175228028791036,3.543900675140321e-05,0.00010964401008095592,0.0004753009998239577,0.00029141100822016597,0.0001555560011183843,0.00010476600436959416,0.0014908690063748509,0.018357053006184287,0.019847922012559138,50.3831080839209,0
184,3.7000802280090284,-0.06460982957948858,-0.9541050952724,1.2484591642962855,-1.838999410668844,-1.3760178724872034,0.1772349327802658,-0.1484033465385437,-1.5243035554885864,-0.7058454751968384,-0.6202623248100281,-0.05111897364258766,0.1978975534439087,-0.08892939984798431,-2.060412645339966,-1.1312826871871948,-0.8478074669837952,0.11572801321744919,0.12884357571601868,-0.8041946177874716,-0.6357861777639657,0.9845921540853806,-0.11548795103436782,0.1080241222806014,0.12331482221389799,-0.062560916,-0.9363956,1.2541938,-1.8494556,-1.377151,0.18229778,-0.062560916,-0.9363956,1.2541938,-1.8494556,-1.377151,0.18229778,-0.0646098330616951,-0.9541050791740417,1.2484592199325562,-1.8389993906021118,-1.3760179281234741,0.1772349327802658,0.05122284,0.4427379,0.1433638,-0.2614061,-0.028326437,0.12657127,-0.11310231,0.11445320032644685,0.0,0.0028613300081611714,0.006867192219942808,0.0048039250000000006,19.2157,False,0,0.4337556848880322,0.14920611879543344,0.05411632152684734,0.4364164893282721,0.14670731906624582,0.03400926163650288,0.10486264806522644,0.014690124792244175,-0.007820137128853632,0.9943474368130338,-0.03961651,0.25913167,0.20314422,0.5175454437791155,3.631100116763264e-05,0.00011427899880800396,0.00048007199075073004,0.000249544988037087,0.00014575199747923762,9.457999840378761e-05,0.001430368996807374,0.018340735012316145,0.01977110400912352,50.57886497074431,0
185,3.720077364007011,-0.06457740465273076,-0.9535730642131348,1.24951678911318,-1.8401485882201136,-1.3763979117022913,0.17794521152973175,-0.051149554550647736,-1.162253975868225,-0.6966153383255005,-0.57988041639328,-0.015377584844827652,0.1946827471256256,0.037585899233818054,-1.485851764678955,-1.1533899307250977,-0.8604808449745178,0.13075295090675354,0.12680917978286743,-1.417200161897915,-0.7684467286333654,1.584635978131,-0.1253135743571461,0.13348181438692325,0.10508486023255026,-0.061569978,-0.9335062,1.2545724,-1.8509834,-1.3765799,0.18285094,-0.061569978,-0.9335062,1.2545724,-1.8509834,-1.3765799,0.18285094,-0.06457740813493729,-0.9535730481147766,1.2495168447494507,-1.8401485681533813,-1.376397967338562,0.17794521152973175,0.07518575,0.5016716,0.12638818,-0.27087167,-0.0045472025,0.12264344,-0.112379946,0.09537766693870571,0.0,0.002384441673467643,0.005722660105675459,0.0048039250000000006,19.2157,False,0,0.4336483055633893,0.14913820419736387,0.053666106018509546,0.4365010700243731,0.14750376419078493,0.033984829292972196,0.10397299359118733,0.01618484313347591,-0.008661651812383188,0.9944106917611357,-0.03961651,0.25913167,0.20314422,0.5174588292141832,3.5254008253104985e-05,0.00011487600568216294,0.0005382939998526126,0.00034963799407705665,0.00017332499555777758,9.567099914420396e-05,0.001611439001862891,0.018213946008472703,0.019825385010335594,50.44038234206643,0
186,3.7400842680071946,-0.06450206438173467,-0.9520914715579529,1.2505677382098597,-1.8414060078062953,-1.3767498175250452,0.17865921556949615,0.09346082806587219,-1.2357792854309082,-0.7257897853851318,-0.6246724128723145,-0.014673303812742233,0.21485130488872528,0.2027084082365036,-1.5591202974319458,-1.1963533163070679,-0.8841446042060852,0.150656595826149,0.12385746836662292,-0.1807901288179077,-0.7020850428903579,0.6519785773107488,-0.12389405178831646,0.06945359131805531,0.13809209842449335,-0.060537945,-0.93066865,1.2547693,-1.8528029,-1.3760198,0.18340825,-0.060537945,-0.93066865,1.2547693,-1.8528029,-1.3760198,0.18340825,-0.06450206786394119,-0.9520914554595947,1.2505677938461304,-1.841405987739563,-1.376749873161316,0.17865921556949615,0.099103086,0.5355694,0.10503738,-0.284923,0.018250393,0.11872562,-0.1080824,0.0794813891155881,0.0,0.0019870347278897024,0.004768883343786001,0.0048039250000000006,19.2157,False,0,0.433467979231815,0.14909974069874266,0.0528260886271566,0.43677181549225025,0.14835619067970846,0.03376196117945212,0.10450993489598054,0.014316268952463778,-0.007011551581129491,0.9943960566362444,-0.03961651,0.25913167,0.20314422,0.5175977146318262,3.581200144253671e-05,0.00011213499237783253,0.00046871500671841204,0.0003376070089871064,0.00017257299623452127,0.00010034700972028077,0.001568373991176486,0.018280992007930763,0.01984936599910725,50.37944285197705,0
187,3.7601322020054795,-0.06429082552065069,-0.9500500720790406,1.251343075429098,-1.8429447613158167,-1.3769133726703089,0.1793983429670334,0.2032410204410553,-1.222691297531128,-0.7298246026039124,-0.5411552786827087,-0.030887525528669357,0.19356264173984528,0.2733229696750641,-1.647282600402832,-1.2377015352249146,-0.9064059853553772,0.18233336508274078,0.121925488114357,-1.445982881659621,-1.4495763785066658,1.5568197190795794,-0.17877617188715952,0.1392228483199558,0.11958796676373838,-0.060076006,-0.92819387,1.2549007,-1.8546832,-1.375809,0.18393946,-0.060076006,-0.92819387,1.2549007,-1.8546832,-1.375809,0.18393946,-0.06429082900285721,-0.9500500559806824,1.2513431310653687,-1.8429447412490845,-1.3769134283065796,0.1793983429670334,0.105370626,0.54640526,0.088937715,-0.2934599,0.027610684,0.11352766,-0.087446675,0.06623449092965675,0.0,0.0016558622732414188,0.0039740693755447865,0.0048039250000000006,19.2157,False,0,0.43336090968095997,0.14915802889522486,0.051857776896463786,0.4369173507135147,0.14854894457832962,0.03382820467998007,0.10307226736505398,0.009544205585261726,-0.006883589680702958,0.9946042711421798,-0.03961651,0.25913167,0.20314422,0.5176687876594435,3.764699795283377e-05,0.00012230299762450159,0.0005189280054764822,0.00036388500302564353,0.00017844200192485005,0.00010452100832480937,0.001641633003600873,0.01824593500350602,0.019887568007106893,50.28266903437597,0
188,3.7804691290075425,-0.06397897401918584,-0.9476136726192017,1.2518661657916468,-1.84464754680776,-1.3769095579730433,0.18009278178215027,0.24587564170360565,-1.1111758947372437,-0.6410075426101685,-0.4783495366573334,0.015726324170827866,0.21392446756362915,0.2750929892063141,-1.7192354202270508,-1.2710793018341064,-0.926004946231842,0.2858775854110718,0.12098712474107742,-1.9062244290951043,-1.4536800477674907,1.7993733868156556,-0.18041365283790678,0.16151496818389038,0.07504740031106766,-0.060081955,-0.9257705,1.2551457,-1.8565428,-1.3757218,0.18444414,-0.060081955,-0.9257705,1.2551457,-1.8565428,-1.3757218,0.18444414,-0.06397897750139236,-0.9476136565208435,1.2518662214279175,-1.8446475267410278,-1.376909613609314,0.18009278178215027,0.09742559,0.54607797,0.081986725,-0.29738227,0.029695166,0.10878412,-0.0635241,0.05519540910804729,0.0,0.0013798852277011823,0.0033117246348410845,0.0048039250000000006,19.2157,False,0,0.4333131727563807,0.14929413233985137,0.05081367582554186,0.43694026358876975,0.1485055665107092,0.033813937036249464,0.10313185816948273,0.010516182705779937,-0.007846131224937174,0.9945811532274913,-0.03961651,0.25913167,0.20314422,0.5177038140287992,3.6008001188747585e-05,0.00011511199409142137,0.0004915059980703518,0.00022541701036971062,0.0001449330011382699,0.000135394002427347,0.0014503839920507744,0.01872429200739134,0.020174675999442115,49.56709094250895,0
189,3.8001322630007053,-0.06360274950136358,-0.9446515601924439,1.2526372114764612,-1.845996995965475,-1.3769615332232874,0.18076834082603455,0.22970148921012878,-1.3077822923660278,-0.7563256621360779,-0.5979830026626587,0.12101273238658905,0.18939223885536194,0.25518643856048584,-1.7770092487335205,-1.2982356548309326,-0.9431386590003967,0.3627457618713379,0.12128061056137085,-0.5294100625884612,-0.19872392294345104,0.49394995844656664,-0.10537753175142132,0.09036909197982591,0.14467081300991538,-0.059801444,-0.9233784,1.2553229,-1.8582584,-1.3756193,0.18480247,-0.059801444,-0.9233784,1.2553229,-1.8582584,-1.3756193,0.18480247,-0.0636027529835701,-0.9446515440940857,1.252637267112732,-1.8459969758987427,-1.376961588859558,0.18076834082603455,0.095032744,0.53182894,0.06714118,-0.3065344,0.03355843,0.10085329,-0.019244066,0.045996174256706074,0.0,0.0011499043564176519,0.00275977049022913,0.0048039250000000006,19.2157,False,0,0.43304115761830514,0.1494587703189008,0.049447772353831826,0.43699536084504326,0.148483635635431,0.03431938917324323,0.104069692517956,0.011450077813777486,-0.007217216133920753,0.9944778965467935,-0.03961651,0.25913167,0.20314422,0.5175941339941588,3.771900082938373e-05,0.0001131269964389503,0.0007595500064780936,0.00026760999753605574,0.00019444299687165767,9.728300210554153e-05,0.001786478009307757,0.017731839994667098,0.019518318003974855,51.233922912637894,0
190,3.8200902030075667,-0.06305581728090459,-0.9414623540690918,1.253320042287008,-1.8473702869811,-1.3769133726703089,0.18141525983810425,0.2355794608592987,-1.41591477394104,-0.8555485606193542,-0.6495139002799988,0.18495531380176544,0.15809860825538635,0.2253023386001587,-1.8144385814666748,-1.3132944107055664,-0.9531540274620056,0.4009760916233063,0.12217272073030472,-0.29465973678965485,-0.8853474001898008,-0.7914391406190556,-0.1219686197734392,0.07060969982739872,0.12057625305096381,-0.060122203,-0.92089504,1.2552971,-1.8601516,-1.3756675,0.1852704,-0.060122203,-0.92089504,1.2552971,-1.8601516,-1.3756675,0.1852704,-0.06305582076311111,-0.9414623379707336,1.2533200979232788,-1.8473702669143677,-1.3769134283065796,0.18141525983810425,0.07334041,0.51418287,0.049423557,-0.3195332,0.031148512,0.0963783,-0.00665774,0.03833014521392173,0.0,0.0009582536303480432,0.0022998086642473936,0.008823525,35.2941,False,0,0.4327492094928715,0.14972008987576366,0.048017441348803674,0.4372824714108938,0.14822790170116262,0.03373233887586331,0.10325581141702306,0.012492300651949059,-0.005065399405150458,0.9945634838603115,-0.03961651,0.25913167,0.20314422,0.5181048840389966,3.488999209366739e-05,0.00011138900299556553,0.0004978390061296523,0.0012231750006321818,0.0001707439951132983,0.0001074900064850226,0.0024556090065743774,0.017320735001703724,0.0197763440082781,50.565463443668555,0
191,3.840090986996074,-0.06253463426698858,-0.9383489054492493,1.2537320295916956,-1.8491083584227503,-1.3767302672015589,0.18202213943004608,0.25870245695114136,-1.482515573501587,-0.7920440435409546,-0.6340720653533936,0.15525414049625397,0.1841229647397995,0.2129639834165573,-1.8373916149139404,-1.319475769996643,-0.9556122422218323,0.417728990316391,0.12183543294668198,-1.1540559535533457,-1.0900268285611896,-0.4451396341648005,-0.13107255452886296,0.09776891498690836,0.136326958430808,-0.060003176,-0.9183546,1.2551934,-1.8621082,-1.3755033,0.1856405,-0.060003176,-0.9183546,1.2551934,-1.8621082,-1.3755033,0.1856405,-0.0625346377491951,-0.9383488893508911,1.2537320852279663,-1.849108338356018,-1.3767303228378296,0.18202213943004608,0.06328653,0.49985772,0.036531154,-0.32499775,0.030674715,0.090459116,0.021883419,0.034859576849407506,0.0004376683756709099,0.0008714894212351877,0.0019165072590112686,0.008823525,35.2941,False,0,0.43263366636011624,0.14999064876430812,0.04672884533133215,0.43735110459815285,0.14829356660593124,0.033885810683678214,0.10362210896518487,0.014194215266097744,-0.006817141646035096,0.9944920996716842,-0.03961651,0.25913167,0.20314422,0.5181038513352529,3.351698978804052e-05,0.00010603199189063162,0.00047836999874562025,0.00028630100132431835,0.0001785660133464262,9.447899356018752e-05,0.001504833999206312,0.01833697999245487,0.019841813991661184,50.39861780884877,0
192,3.86008992799907,-0.06198770204652959,-0.9354016941836854,1.254063908253805,-1.8508907757201136,-1.3766182104693812,0.18261271715164185,0.3001025319099426,-1.3842304944992065,-0.7937085628509521,-0.6279498338699341,0.21298910677433014,0.1841735988855362,0.18981347978115082,-1.8483483791351318,-1.324041485786438,-0.9588361978530884,0.4106915593147278,0.12261108309030533,-0.44384227378635205,-0.42888670571254617,-0.030288194903867333,-0.11481751542610634,0.07675648761694324,0.13603751171739567,-0.05975611,-0.91648376,1.2554221,-1.8637491,-1.3753995,0.18608882,-0.05975611,-0.91648376,1.2554221,-1.8637491,-1.3753995,0.18608882,-0.061987701803445816,-0.9354016780853271,1.2540639638900757,-1.8508907556533813,-1.3766182661056519,0.18261271715164185,0.055789806,0.47294766,0.0339538,-0.3214598,0.03046914,0.0869023,0.049287755,0.03853913721795426,0.0014234234765172005,0.0009634784304488565,0.0017429788131266832,0.008823525,35.2941,False,0,0.4325611533419766,0.1502527779064357,0.045532497725902454,0.4373124790561253,0.14828541580348556,0.033845586959066976,0.10230010186851457,0.012742091239520777,-0.007450153481905067,0.9946440686097167,-0.03961651,0.25913167,0.20314422,0.5180831795434865,3.736800863407552e-05,0.00011064599675592035,0.00046070800453890115,0.00030208000680431724,0.00018968999211210757,8.344900561496615e-05,0.0014671969984192401,0.018387795993476175,0.019854992991895415,50.36516509515711,0
193,3.880075584995211,-0.061487976704732716,-0.9325621289065857,1.2543934027301233,-1.8527046642699183,-1.3764227072345179,0.1831759661436081,0.20208504796028137,-1.3158189058303833,-0.7513343095779419,-0.6584408283233643,0.20572155714035034,0.1850017011165619,0.18928928673267365,-1.8521140813827515,-1.3239437341690063,-0.9585161805152893,0.4022071659564972,0.12228933721780777,-0.19440298118987676,-0.9348186521079437,0.2203976636196689,-0.13115996132682248,0.07477045880028933,0.12627336909972958,-0.05930018,-0.9154567,1.255831,-1.8652482,-1.3752722,0.18656996,-0.05930018,-0.9154567,1.255831,-1.8652482,-1.3752722,0.18656996,-0.06148797646164894,-0.9325621128082275,1.254393458366394,-1.852704644203186,-1.3764227628707886,0.1831759661436081,0.054694932,0.42763492,0.035940036,-0.31358862,0.028764209,0.084849924,0.0824019,0.05259235772288132,0.003071461506187916,0.001314808943072033,0.0019269568147137761,0.008823525,35.2941,False,0,0.43251305689062236,0.15051283352781603,0.0443880286212012,0.43727901457570384,0.14824537813673141,0.03390696796341783,0.10229520814279414,0.01136621235962228,-0.007218363807937252,0.9946629696022078,-0.03961651,0.25913167,0.20314422,0.5180408860939012,3.97080002585426e-05,0.00012428400805220008,0.0005118709959788248,0.00041334300476592034,0.0002085150044877082,9.531600517220795e-05,0.0016989010036922991,0.018114448990672827,0.019813349994365126,50.47102081598507,0
194,3.900087372996495,-0.06104022661317998,-0.9297253650477906,1.254594628010885,-1.8545533619322718,-1.3762553373919886,0.18369430303573608,0.18561597168445587,-1.4010913372039795,-0.764148473739624,-0.6173942685127258,0.1914960741996765,0.18889561295509338,0.19787093997001648,-1.865105390548706,-1.3216243982315063,-0.9542917609214783,0.3973539471626282,0.1216672733426094,-0.9447754758416353,-0.9628078208042058,0.026966754895360656,-0.13269895541153098,0.08813257359330512,0.1359305407428237,-0.05849401,-0.9157269,1.2563285,-1.8664838,-1.375119,0.18710236,-0.05849401,-0.9157269,1.2563285,-1.8664838,-1.375119,0.18710236,-0.06104022637009621,-0.9297253489494324,1.2545946836471558,-1.8545533418655396,-1.3762553930282593,0.18369430303573608,0.06365543,0.34996134,0.04334523,-0.29826266,0.028411703,0.08520142,0.11470886,0.07959788990348815,0.005365638770163059,0.001989947247587204,0.002629617927595973,0.008823525,35.2941,False,0,0.43251635040779046,0.1507411698482721,0.04328109274300557,0.437334807201664,0.14826063989274915,0.033883419233541434,0.10298827407502914,0.012725128967426943,-0.007326707131043362,0.9945741566715074,-0.03961651,0.25913167,0.20314422,0.5180966744520129,3.6397992516867816e-05,0.00011767999967560172,0.0004978080105502158,0.00025591900339350104,0.00014952100173104554,9.737101208884269e-05,0.0014675650018034503,0.01837179998983629,0.01983936499163974,50.40483908741018,0
195,3.9200857920077397,-0.06070071855653936,-0.9269024294665833,1.254838768635885,-1.8562685451903285,-1.3760765234576624,0.1841745376586914,0.19367632269859314,-1.5220750570297241,-0.8317165970802307,-0.6716708540916443,0.23121780157089233,0.1926153600215912,0.21337971091270447,-1.8921366930007935,-1.3411710262298584,-0.9514113068580627,0.3950406610965729,0.12091165781021118,-0.5942937546712084,-0.7555775113718786,-0.6013276282641571,-0.12110654968117768,0.07468758460829815,0.13307132719508552,-0.057590447,-0.9180746,1.2570313,-1.867236,-1.3750763,0.18768995,-0.057590447,-0.9180746,1.2570313,-1.867236,-1.3750763,0.18768995,-0.06070071831345558,-0.9269024133682251,1.2548388242721558,-1.8562685251235962,-1.376076579093933,0.1841745376586914,0.077756815,0.22069523,0.05481319,-0.2741877,0.025005933,0.08788505,0.1468656,0.1216845808950583,0.008302950896322728,0.003042114522376458,0.003979894332587719,0.008823525,35.2941,False,0,0.43248992717635926,0.15092817979532758,0.042158050557511456,0.43742235393261436,0.1482284745821737,0.03373826804281457,0.10348968510246731,0.014033707060750878,-0.006285485920572775,0.9945116667970471,-0.03961651,0.25913167,0.20314422,0.518231583483662,3.7435005651786923e-05,0.00010230499901808798,0.0004477280017454177,0.00025228000595234334,0.00014349998673424125,0.00010094100434798747,0.001380218003760092,0.018453872005920857,0.01983409000968095,50.41824452303602,0
196,3.940087687005871,-0.06040841737856084,-0.9244204324534913,1.255050007496969,-1.8579751453795375,-1.3759010473834437,0.1846848428249359,0.23523931205272675,-1.5159802436828613,-0.7884451150894165,-0.6889801025390625,0.21933431923389435,0.18623757362365723,0.23564653098583221,-1.9386695623397827,-1.3409335613250732,-0.9536706805229187,0.39858463406562805,0.11994480341672897,-0.547975254758894,-0.5350566722673779,-0.5257242309505629,-0.11635281979091044,0.077757302981242,0.1278645391249606,-0.056603294,-0.9239278,1.2582062,-1.8670846,-1.3751143,0.18831296,-0.056603294,-0.9239278,1.2582062,-1.8670846,-1.3751143,0.18831296,-0.060408417135477066,-0.9244204163551331,1.2550500631332397,-1.8579751253128052,-1.3759011030197144,0.1846848428249359,0.09512808,0.012315365,0.0789041,-0.22773623,0.019668905,0.090703115,0.18828121,0.1818609844915999,0.012068575061857701,0.004546524612289998,0.006084228865802288,0.008823525,35.2941,False,0,0.4325130914204216,0.15109142189310934,0.041186885558964936,0.437289414156382,0.14827065029684508,0.0339095185260308,0.10274761871210936,0.012387813393019826,-0.006526456807170485,0.9946089375903167,-0.03961651,0.25913167,0.20314422,0.5180442176808767,3.229599678888917e-05,0.00010015000589191914,0.00046647699491586536,0.0002707700041355565,0.0001836159935919568,8.862200775183737e-05,0.0014849259896436706,0.018361203008680604,0.019846128998324275,50.387659985704815,0
197,3.9601044800074305,-0.06004792848695928,-0.9223470252803345,1.255179230366842,-1.8597499332823695,-1.3756936232196253,0.18515320122241974,0.27836015820503235,-1.5128302574157715,-0.7763180732727051,-0.6942850947380066,0.20426999032497406,0.16194359958171844,0.2544921934604645,-2.0134944915771484,-1.3543243408203125,-0.9630902409553528,0.40256330370903015,0.11915726959705353,-0.626936229647615,-0.8028941875463017,-0.3538190266897433,-0.11173406189866465,0.06799324858660058,0.11051838072958663,-0.056389686,-0.93298256,1.2595738,-1.8664001,-1.3752822,0.1887274,-0.056389686,-0.93298256,1.2595738,-1.8664001,-1.3752822,0.1887274,-0.060047928243875504,-0.9223470091819763,1.2551792860031128,-1.8597499132156372,-1.375693678855896,0.18515320122241974,0.09145603,-0.2658882,0.10986306,-0.16625537,0.010288519,0.08935482,0.21158785,0.26021970032593716,0.01630033198744059,0.0065054925081484295,0.009093048982322216,0.008823525,35.2941,False,0,0.4326106668607499,0.15128653124588104,0.04041711190836805,0.43728551652893977,0.1482847390459765,0.03385437819047749,0.10302243659931992,0.014920360840937744,-0.008080094024249742,0.9945343026836514,-0.03961651,0.25913167,0.20314422,0.51805563084869,3.091699909418821e-05,0.00011033799091819674,0.0007629530009580776,0.0006749690073775128,0.0001742870081216097,0.00010871300764847547,0.002140656011761166,0.017721078998874873,0.01986173501063604,50.34806875957695,0
198,3.980085980001604,-0.05963308015932256,-0.9208951157382508,1.2554529348956507,-1.8614326916136683,-1.3755610624896448,0.18565887212753296,0.2864696681499481,-1.6256074905395508,-0.8056064248085022,-0.6758173108100891,0.20642153918743134,0.1611652970314026,0.27079975605010986,-2.135357141494751,-1.3934407234191895,-0.9811452627182007,0.40251344442367554,0.11825080960988998,-0.7973935622658064,-0.8823063572055501,-0.916679649292624,-0.11659698511083962,0.06967159143976308,0.12238005071226475,-0.05713855,-0.9419201,1.2609147,-1.8653867,-1.3752495,0.18870413,-0.05713855,-0.9419201,1.2609147,-1.8653867,-1.3752495,0.18870413,-0.059633079916238785,-0.9208950996398926,1.2554529905319214,-1.861432671546936,-1.3755611181259155,0.18565887212753296,0.06236326,-0.52562505,0.13654344,-0.0988508,0.0077898744,0.07613152,0.2041723,0.3527416032961765,0.02038377795368433,0.008818540082404413,0.013010985217988491,0.0016666674999999999,6.66667,False,0,0.43270086605330454,0.1514877463623227,0.03985965370759395,0.4373053820628997,0.14829909590118984,0.03387904664406921,0.10241638732221969,0.01315680831797846,-0.007502346939839269,0.994626299522793,-0.03961651,0.25913167,0.20314422,0.5180627863745192,3.275000199209899e-05,0.00010767400090117007,0.0009186140086967498,0.00022244099818635732,0.00017325700900983065,8.77819984452799e-05,0.002092737006023526,0.017728941995301284,0.01982167900132481,50.44981305232335,0
199,4.000086511005065,-0.059161011372701466,-0.9203976553729554,1.255796257649557,-1.862837930718893,-1.375477139149801,0.1861339509487152,0.3025602698326111,-2.1547725200653076,-0.8535429835319519,-0.7099112868309021,0.21521762013435364,0.18099769949913025,0.2589658498764038,-2.624155044555664,-1.4448903799057007,-1.0094876289367676,0.3872809112071991,0.11761339008808136,-1.0667976427146035,-0.8150133137305127,-1.2533263574050764,-0.12207659888975392,0.08786097190241338,0.12605476867252569,-0.05839116,-0.94752455,1.2617223,-1.8647963,-1.3742216,0.18822624,-0.05839116,-0.94752455,1.2617223,-1.8647963,-1.3742216,0.18822624,-0.05916101112961769,-0.9203976392745972,1.2557963132858276,-1.8628379106521606,-1.3754771947860718,0.1861339509487152,0.019246275,-0.67817324,0.14815068,-0.048960574,0.031391554,0.052307114,0.13967906,0.4484670636895431,0.0231773591414094,0.011211676592238578,0.01763707958161831,0.0016666674999999999,6.66667,False,0,0.4328010982005359,0.15170137709708625,0.03966364652611537,0.43746394416352835,0.14825952681713486,0.033810533380548825,0.10409047863357684,0.013675662515292179,-0.006252243647683524,0.9944541320829045,-0.03961651,0.25913167,0.20314422,0.5182396071394931,4.380899190437049e-05,0.00012007501209154725,0.0005591400113189593,0.0003121430054306984,0.0001484240056015551,9.653599408920854e-05,0.0016022680065361783,0.018244724997202866,0.019846993003739044,50.385466443788566,0
200,4.020087980999961,-0.058713738118306935,-0.921482579117157,1.2563441435443323,-1.8637973270811976,-1.3754408995257776,0.1866370290517807,0.26423531770706177,-2.2263309955596924,-0.8866209983825684,-0.7958350777626038,0.21778574585914612,0.1811148226261139,0.22038109600543976,-3.0804738998413086,-1.4668132066726685,-1.0229536294937134,0.3565971553325653,0.11696851998567581,-0.585866559152151,-0.6576384817487169,-1.9664582451224075,-0.10788883128209789,0.06956435026171368,0.1334544406833405,-0.059330285,-0.95076275,1.2621876,-1.8650668,-1.3720931,0.1879195,-0.059330285,-0.95076275,1.2621876,-1.8650668,-1.3720931,0.1879195,-0.05871373787522316,-0.9214825630187988,1.256344199180603,-1.8637973070144653,-1.3754409551620483,0.1866370290517807,-0.015413667,-0.73200524,0.14608464,-0.031737514,0.08369722,0.032061674,0.02599848,0.5317047447664153,0.0236973287537694,0.013292618619160382,0.022423353046178818,0.0016666674999999999,6.66667,False,0,0.4329137138954667,0.15189277694044914,0.04004542455530952,0.4374428982691804,0.14821577508391498,0.03376831640551888,0.10383123534679273,0.014256485357763582,-0.006390056065123257,0.9944722024024457,-0.03961651,0.25913167,0.20314422,0.5182433912621985,3.576000744942576e-05,0.00011809999705292284,0.0005353070009732619,0.00030449399491772056,0.00017116400704253465,9.421100548934191e-05,0.0015804470021976158,0.018256327995914035,0.01983677499811165,50.411420207931705,0
201,4.0400852500024484,-0.05833322206606084,-0.9237687152675171,1.2569177786456507,-1.8646851978697718,-1.3753584066974085,0.18708018958568573,0.22208036482334137,-2.099733591079712,-0.7813012003898621,-0.6732987761497498,0.23571640253067017,0.18900610506534576,0.17767396569252014,-2.9909515380859375,-1.4371490478515625,-1.008132815361023,0.3525318503379822,0.11586321890354156,-1.317186338258378,-0.8047209588276918,-0.841680359777769,-0.12193894361703883,0.10283531688535949,0.1257128265876614,-0.05983298,-0.9530521,1.2628279,-1.8663256,-1.3694637,0.18800294,-0.05983298,-0.9530521,1.2628279,-1.8663256,-1.3694637,0.18800294,-0.058333221822977066,-0.9237686991691589,1.2569178342819214,-1.8646851778030396,-1.3753584623336792,0.18708018958568573,-0.03749395,-0.7320855,0.14775041,-0.04101081,0.14737013,0.023068987,-0.10415783,0.5871817686245352,0.021614172197878364,0.01467954421561338,0.026585238054394722,0.0016666674999999999,6.66667,False,0,0.4331454967072814,0.15205980697896643,0.04092582502130426,0.4374188486983658,0.14828294189130622,0.033835253765631956,0.10319009992857303,0.0137491030954724,-0.007201577908013472,0.9945405259190864,-0.03961651,0.25913167,0.20314422,0.5181850066570023,3.52689967257902e-05,0.00011210500088054687,0.000533315003849566,0.00029850400460418314,0.00014666200149804354,0.00014820000797044486,0.0016460659971926361,0.0181801849976182,0.019826250994810835,50.43817917274083,0
202,4.060085481003625,-0.05809337297548467,-0.927066759472229,1.2577531973468226,-1.8651062450804652,-1.3751667181598108,0.18743951618671417,0.12677374482154846,-2.0123305320739746,-0.7874965071678162,-0.6872068643569946,0.27457454800605774,0.20043925940990448,0.08752241730690002,-2.8212273120880127,-1.3834271430969238,-0.9815405607223511,0.4319181442260742,0.11543159186840057,-0.5701762834682245,-1.0860285894232966,-0.3271871457479857,-0.13476503602310239,0.08219287788236118,0.1044536763373331,-0.060092885,-0.95540273,1.2642078,-1.8673538,-1.3672973,0.18837792,-0.060092885,-0.95540273,1.2642078,-1.8673538,-1.3672973,0.18837792,-0.058093372732400894,-0.9270667433738708,1.2577532529830933,-1.865106225013733,-1.3751667737960815,0.18743951618671417,-0.04998784,-0.708399,0.1613633,-0.056189746,0.19673689,0.023460018,-0.21123745,0.6052476291098122,0.017389423288404943,0.015131190727745308,0.029359089210629463,0.0016666674999999999,6.66667,False,0,0.43332001983619123,0.152196088269659,0.04213260933535096,0.4373824111945728,0.14833900064347105,0.033954387312246065,0.10283683156523282,0.013793954356566145,-0.00635946312595507,0.9945822646572886,-0.03961651,0.25913167,0.20314422,0.518100556835447,4.217099922243506e-05,0.00012355099897831678,0.0005647509970003739,0.00026455298939254135,0.0001521300000604242,0.00010483400546945632,0.0016077869950095192,0.018225471008918248,0.019833258003927767,50.420359569867976,0
203,4.080084622008144,-0.058143440877096,-0.9309038680842896,1.2587149778949183,-1.865230222741598,-1.3747242132769983,0.18764445185661316,0.0048373048193752766,-1.9992129802703857,-0.7945199608802795,-0.6900550723075867,0.24573150277137756,0.19612087309360504,-0.11950025707483292,-2.6605286598205566,-1.3310260772705078,-0.9597564935684204,0.43836069107055664,0.11610400676727295,-0.7532190475645631,-1.251393168904853,-0.30864440057922227,-0.13193931816217747,0.0899387773231209,0.13871955253978602,-0.060360022,-0.9581118,1.2657773,-1.8677435,-1.3663054,0.18884577,-0.060360022,-0.9581118,1.2657773,-1.8677435,-1.3663054,0.18884577,-0.05814344063401222,-0.9309038519859314,1.258715033531189,-1.8652302026748657,-1.374724268913269,0.18764445185661316,-0.05541454,-0.6801993,0.17655699,-0.06283147,0.21047282,0.030032868,-0.2684831,0.5845047658713266,0.01201976124197245,0.014612619146783166,0.030262380838394165,0.0016666674999999999,6.66667,False,0,0.4334891894517813,0.15226809705442776,0.04352168389246849,0.4374157319731445,0.1483325202312877,0.03395061248789419,0.10333466318238471,0.014154491890119726,-0.0064834177760070555,0.994524790063199,-0.03961651,0.25913167,0.20314422,0.5181338527820301,3.6044002627022564e-05,0.00012581099872477353,0.0005447110015666112,0.0002804179966915399,0.00014528700558003038,0.0001039950002450496,0.001645601005293429,0.018192625007941388,0.019838226013234816,50.4077329965322,0
204,4.100082810007734,-0.058332268391744435,-0.9348512452891846,1.259613339100973,-1.8653937778868617,-1.3741448561297815,0.18780744075775146,-0.10037624835968018,-2.001533269882202,-0.78669673204422,-0.6574525833129883,0.2733888030052185,0.19071084260940552,-0.25142714381217957,-2.546368360519409,-1.284560203552246,-0.9379191398620605,0.44146713614463806,0.07798387855291367,-1.0357667721750554,-0.7408995419186327,-0.4171723343214931,-0.1258352002559996,0.09648685401510214,0.12165805354779781,-0.06053022,-0.9610708,1.2669644,-1.867798,-1.3669243,0.18947269,-0.06053022,-0.9610708,1.2669644,-1.867798,-1.3669243,0.18947269,-0.05833226814866066,-0.9348512291908264,1.2596133947372437,-1.8653937578201294,-1.3741449117660522,0.18780744075775146,-0.05494878,-0.6554884,0.18377657,-0.06010557,0.18051697,0.04163133,-0.26823494,0.5314543880548415,0.006655062474310401,0.013286359701371039,0.029225237667560577,0.0016666674999999999,6.66667,False,0,0.43371721029679333,0.15230958602670788,0.044984498790067634,0.43729596707580254,0.14831715913811372,0.03381623078688315,0.10323437974492478,0.012851681294862144,-0.005563303788287361,0.9945584522090812,-0.03961651,0.25913167,0.20314422,0.5180707824651919,3.61520069418475e-05,0.00013517099432647228,0.000626070992439054,0.0003425010072533041,0.0001703489979263395,0.00010664098954293877,0.0018424759909976274,0.017980836011702195,0.019823312002699822,50.44565710633045,0
205,4.120216975003132,-0.058576409016744435,-0.9388317626765748,1.2605050245868128,-1.8656603298582972,-1.3732207457171839,0.1879115104675293,-0.10394195467233658,-1.9019842147827148,-0.7582218647003174,-0.6553548574447632,0.27961283922195435,0.20430055260658264,-0.2395557463169098,-2.485555410385132,-1.255191683769226,-0.9204996824264526,0.4344262480735779,0.07540188729763031,-1.1793953966592774,-0.5377259502571642,-0.17431395887152973,-0.11188028653241834,0.11120643802909015,0.13599987122800053,-0.060437117,-0.9640883,1.2678074,-1.8679333,-1.3685052,0.19016261,-0.060437117,-0.9640883,1.2678074,-1.8679333,-1.3685052,0.19016261,-0.05857640877366066,-0.9388317465782166,1.2605050802230835,-1.865660309791565,-1.3732208013534546,0.1879115104675293,-0.046517696,-0.6314149,0.18255763,-0.05682558,0.11788953,0.056277525,-0.21337633,0.45879556276122213,0.0023875359073281316,0.011469889069030554,0.02657271921634674,0.0016666674999999999,6.66667,False,0,0.43398335990318465,0.15240554376833249,0.046487467142858646,0.43733884939724116,0.14837129932080498,0.03397804876912694,0.10267423322790747,0.013448500246655082,-0.006277560613807227,0.9946042717799767,-0.03961651,0.25913167,0.20314422,0.5180458176299411,3.195198951289058e-05,0.0001124640111811459,0.0005857340001966804,0.00024892900546547025,0.00015939699369482696,0.00010867699165828526,0.0016306940087815747,0.018338441994274035,0.01996913600305561,50.07727924968729,0
206,4.1400830400089035,-0.058863464985982716,-0.9427663844874878,1.2614224592791956,-1.8659941158690394,-1.3721078077899378,0.18811875581741333,-0.14674007892608643,-1.8557826280593872,-0.7499528527259827,-0.6325738430023193,0.2575703561306,0.2083318531513214,-0.2340126782655716,-2.4658100605010986,-1.2480899095535278,-0.914092481136322,0.41845521330833435,0.10028553754091263,-0.9754832281405184,-0.6747634173964784,0.40246388725855164,-0.1217347597095121,0.1060295200698477,0.12400620672935936,-0.060551647,-0.9660735,1.2687503,-1.8686696,-1.3704962,0.19105965,-0.060551647,-0.9660735,1.2687503,-1.8686696,-1.3704962,0.19105965,-0.05886346474289894,-0.9427663683891296,1.2614225149154663,-1.8659940958023071,-1.3721078634262085,0.18811875581741333,-0.04220457,-0.5826785,0.1831949,-0.06688691,0.040292684,0.07352217,-0.14330472,0.3823296356343518,0.0,0.009558240890858796,0.022939778864383698,0.0035294000000000002,14.1176,False,0,0.4342567665548367,0.15252664341181849,0.047978265670815146,0.43745759789582933,0.14824260087823718,0.03382965985787787,0.10370957159694905,0.014633057341785051,-0.005930404568412546,0.994482276859567,-0.03961651,0.25913167,0.20314422,0.5182311370966001,4.643001011572778e-05,0.00010632000339683145,0.0006534990097861737,0.00024261399812530726,0.00014345100498758256,0.00010579099762253463,0.001858415998867713,0.017865717003587633,0.019724133002455346,50.69931336781777,0
207,4.160078079003142,-0.05910331407655889,-0.9465545576861878,1.2624290625201624,-1.866345068017477,-1.3710339705096644,0.18835841119289398,-0.20012304186820984,-1.859278678894043,-0.7845866680145264,-0.6614770293235779,0.25272268056869507,0.186958447098732,-0.22674810886383057,-2.4672207832336426,-1.2553925514221191,-0.917517364025116,0.40295466780662537,0.12527847290039062,-1.253207997143809,-0.9367864775090995,-0.03186770164465305,-0.13773153910823518,0.12580550113589362,0.15815385253657943,-0.060645256,-0.96595925,1.2700081,-1.8700267,-1.3720238,0.1919949,-0.060645256,-0.96595925,1.2700081,-1.8700267,-1.3720238,0.1919949,-0.05910331383347511,-0.9465545415878296,1.262429118156433,-1.8663450479507446,-1.371034026145935,0.18835841119289398,-0.03854859,-0.48511755,0.18947326,-0.092041254,-0.024744116,0.09091254,-0.085776195,0.31860802969529317,0.0,0.00796520074238233,0.019116481766104698,0.0035294000000000002,14.1176,False,0,0.43447947504239537,0.15266152874213096,0.0493817280857167,0.4374737190462853,0.14826654949334048,0.033832152208510685,0.10380117420927087,0.01400534240394551,-0.00525927643132817,0.9944855411784301,-0.03961651,0.25913167,0.20314422,0.5182400399440801,3.529200330376625e-05,0.00012111400428693742,0.0005289179971441627,0.00025728299806360155,0.00017827600822784007,0.00010091099829878658,0.0015784529969096184,0.018241742000100203,0.01982019499700982,50.4535903986245,0
208,4.180077477998566,-0.05932313600649053,-0.950217680340149,1.2634442488299769,-1.8667060337462367,-1.3701828161822718,0.1886374056339264,-0.21935486793518066,-1.864052414894104,-0.7630712985992432,-0.6802207827568054,0.2313595861196518,0.21243610978126526,-0.23020794987678528,-2.4449331760406494,-1.2547699213027954,-0.9209169745445251,0.3869224488735199,0.12785929441452026,-1.140116520347282,-1.0491156338482075,-0.020362998420704992,-0.1391583471025205,0.12053872983392079,0.10221919302623053,-0.060216587,-0.9637204,1.2711971,-1.8717072,-1.3724068,0.19285145,-0.060216587,-0.9637204,1.2711971,-1.8717072,-1.3724068,0.19285145,-0.059323135763406754,-0.9502176642417908,1.2634443044662476,-1.8667060136795044,-1.3701828718185425,0.1886374056339264,-0.0223363,-0.33756825,0.19382073,-0.12503052,-0.055599935,0.10535108,-0.059567578,0.2655066914127443,0.0,0.006637667285318608,0.015930401161313057,0.0035294000000000002,14.1176,False,0,0.43467839205233566,0.1527543639119746,0.05072016050385189,0.4377106560758306,0.1490306058583353,0.03409895172348413,0.10514298406929545,0.015086819100230242,-0.007844929338534694,0.9943117193585178,-0.03961651,0.25913167,0.20314422,0.5182082319199564,4.2996995034627616e-05,0.00011221600288990885,0.0005786530091427267,0.00033154600532725453,0.00024133599072229117,0.00012938398867845535,0.0017959659890038893,0.01802143600070849,0.01981740198971238,50.460701181674594,0
209,4.200081503004185,-0.05958730379213506,-0.9536020320704957,1.2644436995135706,-1.8671075306334437,-1.3697636763202112,0.18895724415779114,-0.21777428686618805,-1.7625038623809814,-0.6888249516487122,-0.661291778087616,0.21585406363010406,0.22654134035110474,-0.23293690383434296,-2.370854616165161,-1.231188416481018,-0.9132828712463379,0.37624993920326233,0.1299458146095276,-0.8218214850026369,-0.7756566018541177,0.5149455716077264,-0.12910993500868626,0.1145989892293189,0.1205393684801356,-0.05968244,-0.95915633,1.2719824,-1.8737324,-1.3724942,0.19372042,-0.05968244,-0.95915633,1.2719824,-1.8737324,-1.3724942,0.19372042,-0.059587303549051285,-0.9536020159721375,1.2644437551498413,-1.8671075105667114,-1.369763731956482,0.18895724415779114,-0.0023783958,-0.13885804,0.18846726,-0.16562308,-0.06826328,0.119079225,-0.07022605,0.22125557617728694,0.0,0.005531389404432174,0.013275334611535072,0.0035294000000000002,14.1176,False,0,0.4348599059777514,0.1527286828120868,0.05192750127353607,0.43794786440766487,0.14955876766801282,0.03384737031507516,0.10580126736373474,0.011695080551273029,-0.009056485407661956,0.9942772835888654,-0.03961651,0.25913167,0.20314422,0.5183969300133682,3.7834004615433514e-05,0.00012754701310768723,0.0005014589987695217,0.0002711809938773513,0.00013883899373468012,0.00010297300468664616,0.0016029489925131202,0.018210164009360597,0.019813113001873717,50.47162451985362,0
210,4.220078332000412,-0.05977946916689092,-0.9565509718707581,1.265487019215719,-1.867593904534811,-1.3698695341693323,0.18944713473320007,-0.19801506400108337,-1.6264044046401978,-0.6805140972137451,-0.6243543028831482,0.06038513034582138,0.20368707180023193,-0.2187497466802597,-2.2680423259735107,-1.1963578462600708,-0.8971346020698547,0.18995319306850433,0.13002844154834747,-1.1675642437198182,0.5799248442134441,0.6778707707044478,-0.07374998679828518,0.13456995773792216,0.1568621052019499,-0.058972906,-0.9536794,1.2724522,-1.8756628,-1.3726714,0.19457117,-0.058972906,-0.9536794,1.2724522,-1.8756628,-1.3726714,0.19457117,-0.059779468923807144,-0.9565509557723999,1.2654870748519897,-1.8675938844680786,-1.369869589805603,0.18944713473320007,0.020164061,0.07178927,0.17412895,-0.20172416,-0.07004352,0.12810074,-0.0839163,0.18437964681440577,0.0,0.004609491170360145,0.011062778532505035,0.0035294000000000002,14.1176,False,0,0.43498303820764966,0.15261485860863214,0.052919313308062016,0.4379776662673132,0.14963538608171006,0.033914334285068765,0.10495313223346181,0.01277508221011653,-0.00789984850788822,0.9943637209178318,-0.03961651,0.25913167,0.20314422,0.5183863315330992,3.492899122647941e-05,0.00011583100422285497,0.0004554309998638928,0.00027181999757885933,0.00016947099356912076,0.00010804799967445433,0.0014895389904268086,0.018331896004383452,0.01982143499481026,50.45043410135667,0
211,4.240138128006947,-0.05990821519960576,-0.9586790961078187,1.2666271368609827,-1.8682247600951136,-1.3700793425189417,0.18997900187969208,-0.17049609124660492,-1.6343997716903687,-0.671264111995697,-0.6101672053337097,0.02758530154824257,0.21051126718521118,-0.11566164344549179,-2.1529746055603027,-1.162028431892395,-0.8802728056907654,0.11736179143190384,0.12982238829135895,-0.7712399772404936,-0.01281615666207575,1.2016902208823828,-0.11229681958593131,0.12610311148260028,0.10438239869001416,-0.057331648,-0.9482659,1.2725017,-1.8776078,-1.3718461,0.19527142,-0.057331648,-0.9482659,1.2725017,-1.8776078,-1.3718461,0.19527142,-0.05990821495652199,-0.9586790800094604,1.2666271924972534,-1.8682247400283813,-1.3700793981552124,0.18997900187969208,0.0644142,0.26032963,0.14686154,-0.2345768,-0.044166423,0.13231027,-0.10975116,0.15364970567867148,0.0,0.0038412426419667874,0.009218982420861721,0.0035294000000000002,14.1176,False,0,0.43501689595920245,0.15250915879541757,0.05354143569204731,0.43838368990420173,0.15092391956886206,0.033905819016069386,0.11069597334864933,0.012706987025609183,-0.006964208490334757,0.993748690940223,-0.03961651,0.25913167,0.20314422,0.5184927635315438,3.268200089223683e-05,0.00011067000741604716,0.0004158709925832227,0.0002657120057847351,0.0001353150000795722,9.093400149140507e-05,0.0013567520072683692,0.018550125998444855,0.019906878005713224,50.23389401959476,0
212,4.260099090999574,-0.05991584459413701,-0.9598902624896546,1.2677424589740198,-1.8690597019591273,-1.3703578154193323,0.19062550365924835,-0.041157662868499756,-1.561940312385559,-0.6958141326904297,-0.6113306283950806,-0.004295591730624437,0.2082255780696869,0.01816168986260891,-2.076449394226074,-1.1446213722229004,-0.8705356121063232,0.122613325715065,0.12937979400157928,-0.5449210495669026,-0.22478509516014775,1.1276883033959118,-0.1097742466477563,0.12220066597384864,0.12530851392287268,-0.056221094,-0.94426566,1.2725528,-1.8793691,-1.371269,0.19590563,-0.056221094,-0.94426566,1.2725528,-1.8793691,-1.371269,0.19590563,-0.05991584435105324,-0.9598902463912964,1.2677425146102905,-1.869059681892395,-1.370357871055603,0.19062550365924835,0.09236875,0.39061424,0.120259695,-0.25773597,-0.022779241,0.13200293,-0.12872232,0.1280414213988929,0.0,0.003201035534972323,0.00768248550593853,0.0035294000000000002,14.1176,False,0,0.4349954288646445,0.15244236524087545,0.05379427385043012,0.4385986978137666,0.15144438752102585,0.033778923117308804,0.11100386955147568,0.012133268191442665,-0.00680803443697049,0.993722572300878,-0.03961651,0.25913167,0.20314422,0.5186240841747911,4.1717998101376e-05,0.00018553900008555502,0.0008230889943661168,0.0005087149911560118,0.0002737850008998066,0.00014517299132421613,0.0023599600099259987,0.017415430993423797,0.019775391003349796,50.56790026708487,0
213,4.280138425994664,-0.05977183977235967,-0.9599478405765076,1.268674675618307,-1.8700977764525355,-1.3706968466388147,0.19133976101875305,0.09014397114515305,-1.2876766920089722,-0.6783785223960876,-0.6000721454620361,0.022890474647283554,0.187236487865448,0.22152145206928253,-1.4726957082748413,-1.1528223752975464,-0.8737038969993591,0.1432378888130188,0.12678262591362,-0.23760417939768183,0.3568379695077134,3.1481853940402797,0.041014565395601096,0.09018232594287728,0.15887416455108122,-0.054616034,-0.94120145,1.2725304,-1.8810025,-1.3704312,0.19645481,-0.054616034,-0.94120145,1.2725304,-1.8810025,-1.3704312,0.19645481,-0.059771839529275894,-0.9599478244781494,1.2686747312545776,-1.8700977563858032,-1.3706969022750854,0.19133976101875305,0.1288951,0.46865898,0.09639207,-0.27262,0.006642001,0.12787636,-0.12742203,0.10670118449907744,0.0,0.002667529612476936,0.006402071099728346,0.0035294000000000002,14.1176,False,0,0.43493846123353924,0.15242816500346695,0.053622903372047837,0.4388175910664687,0.1524643774714072,0.034128657441087874,0.11114435766946495,0.016131393671703534,-0.00946612740029544,0.9936282764370682,-0.03961651,0.25913167,0.20314422,0.5185010721783031,5.739998596254736e-05,0.00017559400293976068,0.0008358220075024292,0.001202823012135923,0.0002102860016748309,0.00013279799895826727,0.0030800059903413057,0.016705518995877355,0.01978552498621866,50.54199980523825,0
214,4.300137876998633,-0.059536282216207326,-0.9591449064067383,1.2691987196551722,-1.8716851673521937,-1.3711870352374476,0.1920270174741745,0.1894584447145462,-0.9708168506622314,-0.45254576206207275,-0.40762192010879517,0.11289820820093155,0.22159400582313538,0.27933984994888306,-1.5287426710128784,-1.188734531402588,-0.8946049213409424,0.15660415589809418,0.1249370276927948,-2.6867045873291944,1.6778355716905422,6.886576794032348,0.23882099346405836,0.24891566101259127,0.17849704790064352,-0.05396286,-0.93860424,1.272638,-1.8828241,-1.3702536,0.19704112,-0.05396286,-0.93860424,1.272638,-1.8828241,-1.3702536,0.19704112,-0.05953628197312355,-0.9591448903083801,1.2691987752914429,-1.8716851472854614,-1.3711870908737183,0.1920270174741745,0.13933557,0.51351655,0.085980676,-0.27847236,0.023338776,0.12535274,-0.12966777,0.08891765374923119,0.0,0.00222294134373078,0.005335059016942978,0.008823525,35.2941,False,0,0.4350299944820596,0.15240888029797897,0.05324057091319029,0.4389030558763274,0.1527412111365089,0.0338145367628615,0.11210412337706305,0.010684969345617589,-0.013728676377523685,0.9935441741703814,-0.03961651,0.25913167,0.20314422,0.5186255367746014,4.044799425173551e-05,0.00012534900452010334,0.0005430200108094141,0.0002890519972424954,0.00015871900541242212,0.00010691399802453816,0.0016188420122489333,0.018200908991275355,0.01981975100352429,50.454720638124215,0
215,4.320132249005837,-0.0592573324786585,-0.9577238124660035,1.2696340719806116,-1.8733560047545375,-1.3713396231280726,0.1927693784236908,0.3174510598182678,-0.7843574285507202,-0.350586473941803,-0.29077354073524475,0.1342068612575531,0.21958254277706146,0.2931640148162842,-1.6153963804244995,-1.232735514640808,-0.9197373986244202,0.2140076905488968,0.12269163876771927,-2.3652758712461757,2.162499989816575,10.503065260033873,0.30673860225523875,0.2285859572863365,0.22052549138066077,-0.054092422,-0.9358423,1.272466,-1.8850262,-1.370209,0.19763641,-0.054092422,-0.9358423,1.272466,-1.8850262,-1.370209,0.19763641,-0.05925733223557472,-0.9577237963676453,1.2696341276168823,-1.8733559846878052,-1.3713396787643433,0.1927693784236908,0.1291227,0.5470388,0.07079472,-0.2917563,0.028267138,0.12167566,-0.13132302,0.074098044791026,0.0,0.00185245111977565,0.004445882514119148,0.008823525,35.2941,False,0,0.435103943508039,0.15248778484330006,0.05264342304851252,0.4392076121284478,0.15268173589981257,0.03341686444568633,0.11239670330037255,0.010911501682749274,-0.015398853470884084,0.9934841476072745,-0.03961651,0.25913167,0.20314422,0.5190486535321388,3.3863994758576155e-05,0.00012210200657136738,0.0005253550043562427,0.00027357100043445826,0.00015820098633412272,0.00010259800183121115,0.0015359700046246871,0.01829974100110121,0.019835711005725898,50.41412428883108,0
216,4.340130725002382,-0.058773342763082326,-0.9554769557765503,1.2700231711017054,-1.8750506840147914,-1.3713677565204065,0.19346442818641663,0.37008601427078247,-0.7338475584983826,-0.2718571126461029,-0.1432107537984848,0.2718788683414459,0.23812749981880188,0.26966118812561035,-1.6961473226547241,-1.2717865705490112,-0.9447863698005676,0.30670106410980225,0.12272317707538605,-3.8211059815736954,3.34941656644464,13.57639607825643,0.4897683733528658,0.437699881927546,0.2394111969891824,-0.054061964,-0.9326295,1.2723792,-1.886983,-1.37002,0.19820832,-0.054061964,-0.9326295,1.2723792,-1.886983,-1.37002,0.19820832,-0.05877334251999855,-0.9554769396781921,1.270023226737976,-1.875050663948059,-1.3713678121566772,0.19346442818641663,0.11778447,0.5711855,0.058899388,-0.29830995,0.0336936,0.118597165,-0.13369362,0.06174837065918833,0.0,0.0015437092664797084,0.0037049022503197193,0.008823525,35.2941,False,0,0.4350842101947968,0.15268861742817022,0.05171581791486937,0.439261520134166,0.15292292354020642,0.03286176004072372,0.11323920116477632,0.010358598588765332,-0.01402752867871587,0.9934147435879153,-0.03961651,0.25913167,0.20314422,0.5192307606935271,3.628700505942106e-05,0.00011103499855380505,0.0004900860076304525,0.00024125000345520675,0.00014706799993291497,9.604399383533746e-05,0.0014171170041663572,0.018421967994072475,0.019839084998238832,50.405550462068824,0
217,4.360105943997041,-0.058133904133931935,-0.9530797761729737,1.2700827757464808,-1.8769589863219203,-1.3710902372943323,0.19423823058605194,0.4141651690006256,-0.40796247124671936,-0.027563422918319702,0.06894068419933319,0.2605392336845398,0.24872301518917084,0.22547924518585205,-1.7523895502090454,-1.3032925128936768,-0.9691078662872314,0.35407012701034546,0.12442851811647415,-5.525595633020267,2.378061887547468,19.018323341028474,0.026283373606738786,0.5930439305227007,0.06078569902676857,-0.054077003,-0.92954856,1.2722411,-1.8889289,-1.3697424,0.19889067,-0.054077003,-0.92954856,1.2722411,-1.8889289,-1.3697424,0.19889067,-0.05813390389084816,-0.9530797600746155,1.2700828313827515,-1.876958966255188,-1.371090292930603,0.19423823058605194,0.101422496,0.58827966,0.053957455,-0.29924792,0.033698414,0.11631087,-0.13257615,0.051456975549323616,0.0,0.0012864243887330904,0.003087418619543314,0.008823525,35.2941,False,0,0.43517601195856065,0.1530203821467775,0.050849526509158915,0.43924075191322864,0.1531517681072545,0.03234737062535129,0.11265006375726533,0.00850916009379633,-0.012604830406325433,0.9935183497143485,-0.03961651,0.25913167,0.20314422,0.5193337864629575,3.5693999961949885e-05,0.0001304159959545359,0.0007179570093285292,0.0003546999942045659,0.0002388499997323379,0.00014241799362935126,0.0019815499981632456,0.017829648990300484,0.01981119898846373,50.47650071973486,0
218,4.380132637001225,-0.05732185045351201,-0.950168327694275,1.2707465330706995,-1.8779975376524867,-1.3705876509295862,0.19497698545455933,0.26534339785575867,-0.5363593697547913,-0.21974721550941467,-0.1855977177619934,0.09099037945270538,0.20022501051425934,0.199478879570961,-1.7758840322494507,-1.3132214546203613,-0.9754918217658997,0.3789282441139221,0.1251659095287323,-3.1307413319129345,0.4405616336566689,6.235825672730616,-0.15813414406681278,0.27193206173521073,0.07891412940281273,-0.0540729,-0.92623305,1.2719016,-1.8906935,-1.3692763,0.19947197,-0.0540729,-0.92623305,1.2719016,-1.8906935,-1.3692763,0.19947197,-0.05732185021042824,-0.9501683115959167,1.2707465887069702,-1.8779975175857544,-1.370587706565857,0.19497698545455933,0.08122375,0.5983809,0.028876852,-0.3173997,0.03278643,0.11237462,-0.1332923,0.04288081295776968,0.0,0.001072020323944242,0.002572848694398999,0.008823525,35.2941,False,0,0.43480555778322105,0.15350484315084661,0.0495315616009121,0.4394008817238207,0.1534019843631457,0.03159537486002395,0.11291575633928458,0.006996469732677266,-0.009068974091035287,0.9935385225485047,-0.03961651,0.25913167,0.20314422,0.5196782036846268,5.254500138107687e-05,0.00016056800086516887,0.000678034994052723,0.00026497799262870103,0.0002602170134196058,0.00010119599755853415,0.001965540010132827,0.017835599996033125,0.01980114000616595,50.502142790193204,0
219,4.400590200006263,-0.056406799946920216,-0.9455828231624146,1.2726166884051722,-1.8779365024962367,-1.3706968466388147,0.19561158120632172,0.08518032729625702,-1.7959095239639282,-1.2152295112609863,-0.9908148646354675,0.14093363285064697,0.1940736174583435,0.1855090856552124,-1.792037010192871,-1.3144716024398804,-0.971720814704895,0.39761433005332947,0.12546999752521515,2.9566097769556694,-1.0768634790038198,-4.0401577192838625,-0.08179340322810791,-0.042828056121823894,0.17925883833637854,-0.052965753,-0.9237948,1.2717378,-1.8917141,-1.3694456,0.19914985,-0.052965753,-0.9237948,1.2717378,-1.8917141,-1.3694456,0.19914985,-0.05640679970383644,-0.9455828070640564,1.2726167440414429,-1.8779364824295044,-1.3706969022750854,0.19561158120632172,0.08602622,0.5446998,-0.021974178,-0.34444076,0.031283624,0.08845679,-0.006451248,0.0357340107981414,0.0,0.000893350269953535,0.0021440405398607254,0.008823525,35.2941,False,0,0.43361066036529616,0.15393675872792645,0.047045505171691177,0.4391188242744005,0.1528435602102733,0.03446643835343424,0.11052753156184958,0.006028772094508417,-0.013411715149196767,0.9937642612920632,-0.03961651,0.25913167,0.20314422,0.5185912433597999,3.5321005270816386e-05,0.00010946800466626883,0.00046260700037237257,0.00034227300784550607,0.00017087400192394853,0.00010362399916630238,0.001520810998044908,0.018755961005808786,0.020276772003853694,49.3175146325039,0
220,4.420131931008655,-0.055655781422750294,-0.9416824144176026,1.272879425679342,-1.8794685802855433,-1.3705623785602015,0.19623097777366638,0.11286888271570206,-1.8583040237426758,-1.1667383909225464,-0.9016006588935852,0.13394126296043396,0.21823722124099731,0.18178415298461914,-1.799391508102417,-1.4155060052871704,-0.9681600332260132,0.41395631432533264,0.1252533346414566,0.05447063789624542,-1.598822145567476,-3.421181842119026,-0.13033371753879092,0.03257655043059614,0.14858757745601173,-0.05210259,-0.9236369,1.2729378,-1.8919773,-1.3690362,0.19942094,-0.05210259,-0.9236369,1.2729378,-1.8919773,-1.3690362,0.19942094,-0.05565578117966652,-0.9416823983192444,1.2728794813156128,-1.879468560218811,-1.3705624341964722,0.19623097777366638,0.08882974,0.4511364,0.0014569134,-0.3127188,0.038155418,0.079749264,0.078167126,0.0402006257428105,0.0015633425116539001,0.0010050156435702626,0.0017867005662992597,0.008823525,35.2941,False,0,0.4333635897090641,0.15430098311101226,0.04544620340202635,0.4385251202201318,0.15270253941527162,0.03552633093720961,0.10828482842526316,0.0022615887415163172,-0.019419447964246796,0.9939276240821429,-0.03961651,0.25913167,0.20314422,0.5177280523765304,4.350599192548543e-05,0.00015343799896072596,0.0004698230040958151,0.000329823000356555,0.00019112200243398547,9.296600183006376e-05,0.0016457279998576269,0.01775513000029605,0.019400858000153676,51.54411212081852,0
221,4.440135882003233,-0.05535871187318975,-0.9389611047557374,1.2726176420794886,-1.8824693165221156,-1.3705137411700647,0.19686561822891235,0.298883855342865,-1.3520017862319946,-1.1343787908554077,-0.48712584376335144,0.21135401725769043,0.21611033380031586,0.2142850011587143,-1.8229387998580933,-1.5194590091705322,-0.9611932635307312,0.4216999411582947,0.12003297358751297,-2.3975367944273014,-0.1925008686568489,0.42444918999062187,-0.13126423901707468,0.15206914083471024,0.11357678072809044,-0.05244467,-0.92304444,1.2742947,-1.8940136,-1.3693606,0.20045464,-0.05244467,-0.92304444,1.2742947,-1.8940136,-1.3693606,0.20045464,-0.05535871163010597,-0.9389610886573792,1.2726176977157593,-1.8824692964553833,-1.3705137968063354,0.19686561822891235,0.07285108,0.39791584,0.04192447,-0.28861,0.028829915,0.0897255,0.07527698,0.05395973530522447,0.003068882077932358,0.0013489933826306118,0.002010031370446086,0.007843125,31.3725,False,0,0.4338090529970912,0.15441380992519835,0.04460660901507574,0.43856522181905033,0.1528794318151454,0.03404140558941929,0.10703675039126687,0.015002332716656979,-0.007227547549403432,0.9941155786620547,-0.03961651,0.25913167,0.20314422,0.5182114141071389,3.583601210266352e-05,0.00012060899462085217,0.000695664988597855,0.0006276880012592301,0.00018588000966701657,0.0005957550019957125,0.00259208599163685,0.017254710008273832,0.019846795999910682,50.3859665814321,0
222,4.46010779000062,-0.05494672456850225,-0.9363682431033631,1.272510830556051,-1.8845282993712367,-1.3704140822040003,0.19741661846637726,0.3206694722175598,-1.230151653289795,-1.1620912551879883,-0.6260539889335632,0.26691165566444397,0.22836405038833618,0.23974202573299408,-1.8833636045455933,-1.5434128046035767,-0.9534243941307068,0.4318683445453644,0.11716249585151672,-0.2611588529400244,1.1120097573456056,0.7381430987532238,-0.07421184338660763,0.08739764718379926,0.13165382975315257,-0.051761203,-0.9225794,1.2742597,-1.8960515,-1.3695272,0.20097986,-0.051761203,-0.9225794,1.2742597,-1.8960515,-1.3695272,0.20097986,-0.05494672432541847,-0.9363682270050049,1.2725108861923218,-1.8845282793045044,-1.370414137840271,0.19741661846637726,0.07963806,0.34472102,0.04371954,-0.28808108,0.022171874,0.089080825,0.11461362,0.08070747626416766,0.0053611545264720915,0.0020176869066041918,0.0026979867834597826,0.007843125,31.3725,False,0,0.4339816137277301,0.15460272483119397,0.04370436866247576,0.4389331588405234,0.15285001307080498,0.03441863855996854,0.10720887817044783,0.019570875459843286,-0.0063960204774994095,0.9940232795855795,-0.03961651,0.25913167,0.20314422,0.5184340836424299,3.619900962803513e-05,0.00011548599286470562,0.0007137950015021488,0.00040958299359772354,0.00023467700520996004,0.00014803701196797192,0.0019897519960068166,0.01781901399954222,0.019808765995549038,50.48270044810952,0
223,4.480131628995878,-0.054299179707662404,-0.9337079685977479,1.2725303808795374,-1.8862463436522425,-1.370012108479635,0.19791632890701294,0.13431516289710999,-1.381819725036621,-0.9970114827156067,-0.6289145350456238,0.18831828236579895,0.21443314850330353,0.21564869582653046,-1.9156767129898071,-1.4207900762557983,-0.9612146019935608,0.42269399762153625,0.12131313979625702,-1.3101976642934354,-1.584952409825384,0.25150061183392736,-0.15553660748905032,0.12233094544593785,0.12041618463898456,-0.050959244,-0.92473227,1.2747946,-1.8967206,-1.3692654,0.20159385,-0.050959244,-0.92473227,1.2747946,-1.8967206,-1.3692654,0.20159385,-0.05429917946457863,-0.9337079524993896,1.272530436515808,-1.8862463235855103,-1.3700121641159058,0.19791632890701294,0.08349839,0.22439252,0.05660216,-0.2618583,0.018666806,0.09193779,0.13835013,0.12144394428028733,0.00812815710902214,0.0030360986070071833,0.00403537368401885,0.007843125,31.3725,False,0,0.433993895592354,0.15497115578246273,0.04272441518844436,0.43890282391335655,0.1527437724977697,0.034134273580921665,0.10694767213393858,0.009421810439518816,-0.009910819147190608,0.9941705895204027,-0.03961651,0.25913167,0.20314422,0.5185204921280455,7.503500091843307e-05,0.00015522100147791207,0.0006889770011184737,0.0002735399903031066,0.0002190020022680983,0.00016580001101829112,0.0019801609887508675,0.01781767699867487,0.019797837987425737,50.51056588275615,0
224,4.500094560004072,-0.05384713808168584,-0.9309954804233094,1.2726500670062464,-1.887843748132223,-1.3698037306415003,0.19841046631336212,0.21115562319755554,-1.6296820640563965,-0.8767334222793579,-0.6885982751846313,0.17896492779254913,0.225404754281044,0.222100630402565,-1.9421149492263794,-1.333657145500183,-0.978147566318512,0.40056779980659485,0.12223576754331589,-1.9977176653612816,-1.1717083922000366,-1.3770470892790168,-0.13669481097075392,0.13851455025701098,0.11915395525532738,-0.05016714,-0.92968404,1.2757751,-1.8966866,-1.3693854,0.20219123,-0.05016714,-0.92968404,1.2757751,-1.8966866,-1.3693854,0.20219123,-0.053847137838602066,-0.9309954643249512,1.272650122642517,-1.8878437280654907,-1.369803786277771,0.19841046631336212,0.091999955,0.032785326,0.07812424,-0.22106919,0.010459134,0.09451936,0.17588481,0.17884230936976,0.011645853370428085,0.004471057734244,0.006072197109460831,0.007843125,31.3725,False,0,0.4339665141406046,0.15521351417584428,0.04167494082623924,0.43874088211033657,0.1527400194131853,0.034162980222610814,0.10737916079174731,0.008781028746164994,-0.0091704121380565,0.9941370824909949,-0.03961651,0.25913167,0.20314422,0.5183624585190988,3.558400203473866e-05,0.00014462199760600924,0.0005184289911994711,0.0002447569859214127,0.00014604699390474707,9.438600682187825e-05,0.0015033519885037094,0.018299472008948214,0.019802823997451924,50.49784819219079,0
225,4.52007714699721,-0.053478542958394826,-0.9287442129901429,1.2728574911700647,-1.8893915615477503,-1.369819466267721,0.19890519976615906,0.282876580953598,-1.634858250617981,-0.859661877155304,-0.7484685182571411,0.21136566996574402,0.21575495600700378,0.23794008791446686,-2.0075876712799072,-1.3597543239593506,-0.9906755089759827,0.3838753402233124,0.12131554633378983,-0.7132630466970025,-0.6752329769437121,-1.476387403948006,-0.12039216715497278,0.09401584228575165,0.1383599857546986,-0.049988993,-0.93793285,1.2769357,-1.8961588,-1.3697056,0.20260625,-0.049988993,-0.93793285,1.2769357,-1.8961588,-1.3697056,0.20260625,-0.05347854271531105,-0.9287441968917847,1.2728575468063354,-1.889391541481018,-1.3698195219039917,0.19890519976615906,0.08723876,-0.22971572,0.10195487,-0.16918148,0.002849798,0.09252621,0.19609842,0.2528207358834787,0.015567821711301805,0.006320518397086968,0.008942115120589733,0.007843125,31.3725,False,0,0.4339589271872337,0.15536714181824746,0.04078200222730244,0.4389629755201238,0.1528300827068231,0.03408277673171935,0.10724428670396657,0.010635325749122964,-0.007956469085376505,0.9941439951694016,-0.03961651,0.25913167,0.20314422,0.5185750901521428,3.6946003092452884e-05,0.00012857500405516475,0.0005359580100048333,0.0002709419932216406,0.0001919170026667416,0.00010524298704694957,0.0015939830045681447,0.01820752999628894,0.019801513000857085,50.50119149767577,0
226,4.540077336001559,-0.05305987993349248,-0.9275189203074952,1.272982422505514,-1.89099182705068,-1.3697713057147425,0.19940142333507538,0.29489633440971375,-1.580663800239563,-0.8022123575210571,-0.7220593690872192,0.2277122139930725,0.22519749402999878,0.25116193294525146,-2.109234571456909,-1.3939592838287354,-1.0057966709136963,0.3783668577671051,0.12030898779630661,-0.5393674431923322,-0.23398777125275738,-0.61928306961725,-0.11295553576024656,0.08205780447131314,0.12953163625429956,-0.050838012,-0.9468901,1.2782836,-1.8951824,-1.3698893,0.2026616,-0.050838012,-0.9468901,1.2782836,-1.8951824,-1.3698893,0.2026616,-0.05305987969040871,-0.927518904209137,1.2729824781417847,-1.8909918069839478,-1.3697713613510132,0.19940142333507538,0.055546686,-0.4842798,0.13252802,-0.10476387,-0.0029473777,0.08150433,0.18918455,0.3396940308409966,0.019351512640714646,0.008492350771024915,0.01264103688299656,0.007843125,31.3725,False,0,0.43409454905978945,0.15554935839762518,0.04035506228145788,0.43901555696805733,0.15285042153500242,0.03406850644445801,0.10718257103392309,0.011407152553113222,-0.008386508045281729,0.994138564175792,-0.03961651,0.25913167,0.20314422,0.5186241002155634,2.873799530789256e-05,9.059801232069731e-05,0.00033783799153752625,0.00020089199824724346,0.00012892700033262372,8.347998664248735e-05,0.0011082579876529053,0.01876362500479445,0.019871882992447354,50.32235749274827,0
227,4.560129819001304,-0.052572075520650685,-0.9270070356181641,1.273257080708639,-1.8924604854979457,-1.3695772329913538,0.19992826879024506,0.2909805178642273,-1.7707297801971436,-0.7775339484214783,-0.674409806728363,0.19051939249038696,0.2155972570180893,0.24321910738945007,-2.300351142883301,-1.4428812265396118,-1.0327293872833252,0.3565938472747803,0.11941991001367569,-1.8659326393113482,-0.9474404260818187,-0.9238380731822621,-0.14868522843591223,0.12483015195986426,0.10030640431150326,-0.05210147,-0.95292073,1.2793362,-1.8944933,-1.3690583,0.20235033,-0.05210147,-0.95292073,1.2793362,-1.8944933,-1.3690583,0.20235033,-0.05257207527756691,-0.9270070195198059,1.2732571363449097,-1.8924604654312134,-1.3695772886276245,0.19992826879024506,0.011765104,-0.64784354,0.15197822,-0.05082248,0.012974654,0.060551576,0.1402325,0.430786110427482,0.02215616270899773,0.010769652760687051,0.01698470115661621,0.007843125,31.3725,False,0,0.4342237234994257,0.15579545947148674,0.0401862118581231,0.43891728738897084,0.15282443760929262,0.034102949719697344,0.10715791585041495,0.010822949748969753,-0.007964963880747898,0.9941511944395223,-0.03961651,0.25913167,0.20314422,0.5185275065650102,1.900299685075879e-05,5.448100273497403e-05,0.00022211900795809925,0.00018313000327907503,7.780898886267096e-05,5.754300218541175e-05,0.0007962969975778833,0.019128871004795656,0.01992516800237354,50.18778260142536,0
228,4.580074872006662,-0.052056137715474904,-0.9277756971171875,1.273893181477682,-1.8933559856810511,-1.3695882002459925,0.20045031607151031,0.213298037648201,-2.326875925064087,-0.9094721078872681,-0.8291225433349609,0.1863633692264557,0.22658881545066833,0.2077866494655609,-3.0531656742095947,-1.4695261716842651,-1.048240065574646,0.31526607275009155,0.11871273815631866,-0.5833938499612648,-1.0942486182938507,-2.585885876046923,-0.11694924460193537,0.07478813579606702,0.13209236272244115,-0.053064797,-0.9564394,1.2800411,-1.8944443,-1.3672296,0.20204031,-0.053064797,-0.9564394,1.2800411,-1.8944443,-1.3672296,0.20204031,-0.05205613747239113,-0.9277756810188293,1.2738932371139526,-1.8933559656143188,-1.3695882558822632,0.20045031607151031,-0.025216457,-0.716593,0.15369767,-0.027209306,0.058968358,0.039750066,0.041309852,0.5122041570366282,0.022982359752058985,0.012805103925915707,0.02153930626809597,0.007843125,31.3725,False,0,0.434243490550017,0.15601169825909628,0.04040629531580783,0.4388778491857292,0.15267554838817943,0.03406477617132614,0.10749803196654051,0.008929855292627013,-0.008463866109483978,0.994129163714148,-0.03961651,0.25913167,0.20314422,0.5185341040194393,1.6546997358091176e-05,5.331799911800772e-05,0.0002495039952918887,0.0001265820028493181,6.37760094832629e-05,4.2978994315490127e-05,0.0007124969997676089,0.01910784099891316,0.01982033799868077,50.45322638123323,0
229,4.600088331004372,-0.05170327821840459,-0.9299143117717286,1.2745407263385218,-1.8941127262511195,-1.3695605436908167,0.20090675354003906,0.1997959464788437,-2.208420991897583,-0.835886538028717,-0.746414303779602,0.1781836450099945,0.194954052567482,0.17137013375759125,-2.989055871963501,-1.4441226720809937,-1.0339338779449463,0.2979183495044708,0.11767406016588211,-1.064663028863399,-0.8571252308335147,-1.402342146115415,-0.12188216539383948,0.10546956618789206,0.1293135453311381,-0.05369354,-0.9589608,1.2807715,-1.8952883,-1.3648183,0.20205931,-0.05369354,-0.9589608,1.2807715,-1.8952883,-1.3648183,0.20205931,-0.051703277975320816,-0.9299142956733704,1.2745407819747925,-1.8941127061843872,-1.3695605993270874,0.20090675354003906,-0.049756598,-0.72616225,0.15576929,-0.029391803,0.11855683,0.028814059,-0.08218641,0.569094341432126,0.021338631585240367,0.01422735853580315,0.02561020851135254,0.0009803925,3.92157,False,0,0.4344049810325275,0.15616014324936514,0.04119724051912477,0.43896520155253205,0.15282857909613742,0.03410352044190691,0.10710411130144937,0.010687150982792376,-0.008104490712852548,0.9941573362100509,-0.03961651,0.25913167,0.20314422,0.5185706904365561,2.740099444054067e-05,8.144900493789464e-05,0.0005618889990728348,0.0005617450078716502,0.000146695994772017,7.92720093159005e-05,0.001742406006087549,0.018150406001950614,0.019892812008038163,50.269413876526166,0
230,4.620137663994683,-0.05158597627748662,-0.9331555527499695,1.2753351370440882,-1.8946267567076625,-1.3695405165301722,0.20130565762519836,0.10745344310998917,-1.9550223350524902,-0.8292571306228638,-0.6879076957702637,0.2559543251991272,0.189060240983963,0.02937198430299759,-2.831482410430908,-1.3903815746307373,-1.0041570663452148,0.3655499219894409,0.11673673987388611,-1.0682653743658836,-0.634228535253408,-0.28704749640641775,-0.1197957767768161,0.10829871007605256,0.12686657142291502,-0.05411585,-0.9614269,1.282009,-1.89629,-1.3628428,0.2024248,-0.05411585,-0.9614269,1.282009,-1.89629,-1.3628428,0.2024248,-0.05158597603440285,-0.9331555366516113,1.2753351926803589,-1.8946267366409302,-1.3695405721664429,0.20130565762519836,-0.0632469,-0.70678407,0.16684422,-0.041580316,0.16744354,0.02797833,-0.18935016,0.5912561406982207,0.017551628425717357,0.01478140351745552,0.028454717248678207,0.0009803925,3.92157,False,0,0.43462097909567154,0.15620366020564935,0.042397183973875624,0.4389603687040431,0.1527560810712269,0.034198121735896786,0.10779247768114575,0.012026275210560648,-0.008168125912091852,0.9940671191458937,-0.03961651,0.25913167,0.20314422,0.5185502675466742,4.5249995309859514e-05,0.00011998698755633086,0.0006149789987830445,0.0002618040016386658,0.00019152100139763206,0.00010013800056185573,0.0017224490002263337,0.018156105987145565,0.0198785549873719,50.30546740622055,0
231,4.640094558999408,-0.05165130296816045,-0.9368092578700562,1.2762201468097132,-1.894829889337057,-1.3691189924823206,0.20158958435058594,-0.062244947999715805,-1.9385895729064941,-0.7781633138656616,-0.6749835014343262,0.22991535067558289,0.19913607835769653,-0.18417467176914215,-2.675455093383789,-1.338422417640686,-0.9758686423301697,0.43964651226997375,0.11713311821222305,-1.0338762308114495,-1.1607904045952397,-0.238188959678181,-0.12995880958716755,0.1180370870076077,0.12671454463666937,-0.05440266,-0.96398175,1.2834365,-1.8967569,-1.3617277,0.20295018,-0.05440266,-0.96398175,1.2834365,-1.8967569,-1.3617277,0.20295018,-0.051651302725076675,-0.936809241771698,1.2762202024459839,-1.8948298692703247,-1.3691190481185913,0.20158958435058594,-0.06878391,-0.6793129,0.18040836,-0.04817457,0.18478414,0.03401471,-0.2509731,0.5762612260292194,0.012532166317105296,0.014406530650730484,0.029562806710600853,0.0009803925,3.92157,False,0,0.43481167609293403,0.15626400984670744,0.04374156262343029,0.438853284776109,0.15264300923989485,0.03418012903504386,0.10775554638215884,0.00863986312967431,-0.009315639426471149,0.9940962436291008,-0.03961651,0.25913167,0.20314422,0.5184805150854114,3.6079989513382316e-05,0.0001176289952127263,0.0005863369879079983,0.00028750899946317077,0.0001538600045023486,0.0001009379921015352,0.001666176991420798,0.018114612001227215,0.019780788992648013,50.55410076775366,0
232,4.660090126999421,-0.051879231129781544,-0.9406714600375672,1.2772472540484827,-1.8948775730528773,-1.3686631361590784,0.2017846256494522,-0.12205258756875992,-1.9954808950424194,-0.8213061094284058,-0.7190327644348145,0.2600480318069458,0.21091726422309875,-0.2563719153404236,-2.562145948410034,-1.295680046081543,-0.9440694451332092,0.44272109866142273,0.10191432386636734,-0.7771190855174276,-0.8850469864977795,-0.5669313712669155,-0.12632431373527667,0.11320443687193088,0.12525109529582124,-0.054601267,-0.9667986,1.2847514,-1.8968196,-1.3621776,0.20357141,-0.054601267,-0.9667986,1.2847514,-1.8968196,-1.3621776,0.20357141,-0.05187923088669777,-0.940671443939209,1.2772473096847534,-1.894877552986145,-1.3686631917953491,0.2017846256494522,-0.06805088,-0.65317947,0.18760408,-0.048550386,0.16213852,0.04466943,-0.2595432,0.529159702435982,0.007341302111744883,0.013228992560899551,0.028813060373067856,0.0009803925,3.92157,False,0,0.43496682093530065,0.1562647457636666,0.04512358081532636,0.43890194848965414,0.15263661409721935,0.03402823004367218,0.10721427179158771,0.009351910547414358,-0.008172526915803991,0.9941583528643398,-0.03961651,0.25913167,0.20314422,0.5185762539981871,0.00010422099148854613,0.0001461630017729476,0.0007033180008875206,0.0004435360024217516,0.0001823899947339669,0.00010185499559156597,0.002138854004442692,0.017662045996985398,0.01980090000142809,50.50275492163879,0
233,4.680130296008429,-0.052162949238912404,-0.9446179431727906,1.2782271544085901,-1.895083566705221,-1.367953125630514,0.20192144811153412,-0.13765694200992584,-1.9231488704681396,-0.8226557374000549,-0.7206563949584961,0.28926175832748413,0.20712347328662872,-0.24158968031406403,-2.4928877353668213,-1.2657924890518188,-0.9434992671012878,0.4385271966457367,0.09529807418584824,-0.8908859558017668,-0.8739505664303345,-0.28934177768473446,-0.10841628892233018,0.10129550428558881,0.08830875319198986,-0.05461388,-0.96957904,1.2857274,-1.8970279,-1.3637353,0.2042959,-0.05461388,-0.96957904,1.2857274,-1.8970279,-1.3637353,0.2042959,-0.05216294899582863,-0.9446179270744324,1.2782272100448608,-1.8950835466384888,-1.3679531812667847,0.20192144811153412,-0.061273262,-0.6240275,0.18750553,-0.048608817,0.1054464,0.059361354,-0.21845287,0.460781383328845,0.00297224469482899,0.011519534583221126,0.02645798586308956,0.0009803925,3.92157,False,0,0.4351893601048425,0.156297190040208,0.046579775186352756,0.4388751968693472,0.15263069518383393,0.03398792817467874,0.10744408332535565,0.009169816311451542,-0.00794094244190781,0.9941371224270106,-0.03961651,0.25913167,0.20314422,0.5185659296064938,3.490599920041859e-05,0.00011606900079641491,0.0006283200054895133,0.00034669198794290423,0.0001736330013955012,0.00010207000013906509,0.001799113000743091,0.01806101900001522,0.019860132000758313,50.352132602231315,0
234,4.700134597995202,-0.052454773579732716,-0.9485396307757874,1.279170338307516,-1.895339151422018,-1.366936985646383,0.20213201642036438,-0.16451303660869598,-1.8576617240905762,-0.7799238562583923,-0.6593825221061707,0.2530287504196167,0.21324309706687927,-0.23312045633792877,-2.4630470275878906,-1.2534143924713135,-0.9342792630195618,0.42484450340270996,0.1181560531258583,-1.2197801341334193,-0.9383981067037338,0.11481003421018568,-0.12888082416119992,0.1308688705761306,0.13911663585139525,-0.054619316,-0.971467,1.2865727,-1.8977541,-1.3655772,0.20517993,-0.054619316,-0.971467,1.2865727,-1.8977541,-1.3655772,0.20517993,-0.05245477333664894,-0.9485396146774292,1.2791703939437866,-1.8953391313552856,-1.3669370412826538,0.20213201642036438,-0.05411355,-0.57318485,0.1850563,-0.0603737,0.033995762,0.07619788,-0.15493251,0.38398448610737085,0.0,0.009599612152684272,0.023039069026708603,0.0009803925,3.92157,False,0,0.4354320367156804,0.15639617443779766,0.04805466702582292,0.4392003514788942,0.15251314788621576,0.03403697934205602,0.10616696599728731,0.00026512305073301233,-0.0005754044109318561,0.9943481038112721,-0.03961651,0.25913167,0.20314422,0.5188741235040731,0.00010196899529546499,0.00011409899161662906,0.0005320799973560497,0.000306283007375896,0.0001510199945187196,9.485900227446109e-05,0.0016794760012999177,0.01816343399696052,0.01984290999826044,50.39583408318975,0
235,4.720087574998615,-0.05275088945497686,-0.9523908656886597,1.2801106611834925,-1.8957129917540492,-1.3659713904010218,0.2023838460445404,-0.24167977273464203,-1.7402451038360596,-0.7232713103294373,-0.6526569724082947,0.21567019820213318,0.19813384115695953,-0.226827010512352,-2.455066442489624,-1.255820393562317,-0.9354615807533264,0.4086083471775055,0.12585443258285522,-1.6128128235120802,-1.0401669232668163,0.06201307065341791,-0.15202553301900218,0.15498412221375057,0.11011604345929504,-0.0546663,-0.971177,1.2875879,-1.8992584,-1.3672487,0.2061496,-0.0546663,-0.971177,1.2875879,-1.8992584,-1.3672487,0.2061496,-0.05275088921189308,-0.9523908495903015,1.2801107168197632,-1.895712971687317,-1.3659714460372925,0.2023838460445404,-0.047885295,-0.46965304,0.1869281,-0.08863619,-0.031930085,0.09414382,-0.09952253,0.3199870717561424,0.0,0.00799967679390356,0.019199224188923836,0.0009803925,3.92157,False,0,0.4356908001900275,0.15648054980532927,0.04950808325162376,0.4391939513847079,0.15249079497811133,0.03400653996310887,0.10603867280390467,-4.4711069094924456e-05,-0.0004920416060897846,0.99436188067832,-0.03961651,0.25913167,0.20314422,0.5188827324841632,5.6133008911274374e-05,0.00011388200800865889,0.0005339340132195503,0.00031968799885362387,0.00015376400551758707,9.80059994617477e-05,0.0016400680033257231,0.018154776000301354,0.019794844003627077,50.51820564065908,0
236,4.74014885899669,-0.053133789693013966,-0.9559401434710999,1.2811782995807093,-1.8959719143309535,-1.3653114477740687,0.20264340937137604,-0.23330147564411163,-1.8050631284713745,-0.7496170401573181,-0.6631269454956055,0.21962179243564606,0.2316584438085556,-0.22522559762001038,-2.4337615966796875,-1.2566063404083252,-0.9391953945159912,0.39472272992134094,0.1281263381242752,-1.2704228415813577,-1.0736154913573028,0.22128641843925137,-0.14323805182712454,0.14491178473855235,0.1212809946105079,-0.05467693,-0.9687113,1.2886666,-1.9009447,-1.368096,0.20700362,-0.05467693,-0.9687113,1.2886666,-1.9009447,-1.368096,0.20700362,-0.05313378944993019,-0.9559401273727417,1.28117835521698,-1.8959718942642212,-1.3653115034103394,0.20264340937137604,-0.03857855,-0.31927913,0.18720743,-0.124320306,-0.06961127,0.10900521,-0.0755387,0.26665589313011867,0.0,0.006666397328252967,0.015999354422092438,0.0009803925,3.92157,False,0,0.4358591260734552,0.15646138482719582,0.05077190885668498,0.4391874260478333,0.15244655097437712,0.034040088949987814,0.10600213980543327,0.00015236793152371628,-0.0006672632749163444,0.9943656447402378,-0.03961651,0.25913167,0.20314422,0.5188748712739095,3.440100408624858e-05,0.00012759999663103372,0.0005900890100747347,0.0013917140022385865,0.000201158007257618,0.00012083099863957614,0.002858602994820103,0.017031583993230015,0.019890186988050118,50.27604821416676,0
237,4.760129739006516,-0.053446594868795216,-0.959291474228241,1.2822783629046839,-1.8962346516051234,-1.3649643103228968,0.20304585993289948,-0.21510815620422363,-1.7832615375518799,-0.7842918634414673,-0.6883019804954529,0.2217010259628296,0.22146224975585938,-0.2277781367301941,-2.36163592338562,-1.2366057634353638,-0.9335098266601562,0.38321903347969055,0.1303013116121292,-0.8885281550484775,-0.9415334038173439,0.17979646720365877,-0.1327623993292363,0.12948690617110972,0.12843110079502348,-0.05429999,-0.9643961,1.2895168,-1.9026812,-1.3683692,0.20789793,-0.05429999,-0.9643961,1.2895168,-1.9026812,-1.3683692,0.20789793,-0.05344659462571144,-0.9592914581298828,1.2822784185409546,-1.8962346315383911,-1.3649643659591675,0.20304585993289948,-0.02133489,-0.12761684,0.18095838,-0.16116518,-0.08512171,0.12130197,-0.074894086,0.2222132442750989,0.0,0.005555331106877472,0.013332794420421124,0.0033333250000000003,13.3333,False,0,0.4359802784927856,0.1564018780173727,0.051926812151920215,0.439166770918229,0.1526331431138008,0.03412886848704033,0.10574310675717485,0.00026557924565391924,-0.001454943416669921,0.9943924067656785,-0.03961651,0.25913167,0.20314422,0.518788546970032,0.0006546840013470501,0.00012838600378017873,0.0006906000053277239,0.0003456490085227415,0.00015853499644435942,0.00011279400496277958,0.0025578230124665424,0.01720923199900426,0.019767055011470802,50.589225325659335,0
238,4.780074132999289,-0.05379325548280889,-0.9620973032763978,1.2833531538592737,-1.8966876469054164,-1.3650320211993616,0.20353233814239502,-0.20200419425964355,-1.672508955001831,-0.7395302653312683,-0.6655659675598145,0.04896380752325058,0.213797926902771,-0.22805090248584747,-2.2562835216522217,-1.2023701667785645,-0.9175756573677063,0.16052033007144928,0.1311303675174713,-1.3014132797375655,-0.5376042489120972,0.47545641697505703,-0.11554666966536228,0.14736412162987944,0.12474631066061949,-0.054140043,-0.9590594,1.2899736,-1.9045707,-1.3686005,0.20871592,-0.054140043,-0.9590594,1.2899736,-1.9045707,-1.3686005,0.20871592,-0.05379325523972511,-0.9620972871780396,1.2833532094955444,-1.896687626838684,-1.3650320768356323,0.20353233814239502,-0.0086697135,0.07594735,0.16550891,-0.19707662,-0.08921079,0.12958936,-0.09119713,0.1851777035625824,0.0,0.00462944258906456,0.01111066248267889,0.0033333250000000003,13.3333,False,0,0.4360960638027655,0.1562316733771722,0.0528518756999079,0.43922254684962353,0.15242437965217553,0.03402116119967208,0.10635846970033691,-0.00026702177506198604,-0.00044686233304730427,0.9943277067600831,-0.03961651,0.25913167,0.20314422,0.5189180073007992,0.00010317999112885445,0.00011928500316571444,0.0004930730065098032,0.0002725429949350655,0.0001520689984317869,0.00010051499702967703,0.0015770080062793568,0.01819691399578005,0.019773922002059408,50.57165694776445,0
239,4.8000721739954315,-0.05399018922914678,-0.9641886514476319,1.2844212690936487,-1.897327562371725,-1.3652985731707972,0.2040724903345108,-0.2303129881620407,-1.604317307472229,-0.6712702512741089,-0.6485549807548523,0.030491601675748825,0.2020757645368576,-0.2082839161157608,-2.1509411334991455,-1.1688892841339111,-0.8986873626708984,0.11479350179433823,0.13093379139900208,-1.097021876446542,-0.42290586379402484,0.9692767782094875,-0.12356997603761032,0.14755630386119,0.11063348703904402,-0.05289517,-0.9538248,1.2900876,-1.9063488,-1.3680199,0.20938015,-0.05289517,-0.9538248,1.2900876,-1.9063488,-1.3680199,0.20938015,-0.053990188986063004,-0.9641886353492737,1.2844213247299194,-1.8973275423049927,-1.3652986288070679,0.2040724903345108,0.027375467,0.2590956,0.14165524,-0.22553176,-0.068033,0.1326914,-0.11041161,0.15431475296881866,0.0,0.003857868824220467,0.009258884936571121,0.0033333250000000003,13.3333,False,0,0.43615892511045146,0.15608208205871257,0.05347997733728549,0.439513759503212,0.1534725743533945,0.034209367157869715,0.10848138290261894,0.00564587742472754,-7.137710926958044e-05,0.9940824246832031,-0.03961651,0.25913167,0.20314422,0.5189110186304917,3.5895005566999316e-05,0.00013450899859890342,0.0005897859955439344,0.00028506699891295284,0.00014949700562283397,9.178699110634625e-05,0.0015927159984130412,0.018232573987916112,0.019825289986329153,50.44062410635941,0
240,4.820117765004397,-0.054075066243306935,-0.965414361362793,1.2854607740985315,-1.8980676136412562,-1.3656066099749964,0.20470355451107025,-0.1872606873512268,-1.558433175086975,-0.6791160702705383,-0.6693869233131409,-0.04659661650657654,0.2119862139225006,-0.12183590978384018,-2.0804953575134277,-1.1535488367080688,-0.8902876973152161,0.11859957128763199,0.13063402473926544,-1.2363450489099588,-0.659876516485224,1.7906787902501378,-0.11702305934325057,0.14576416353693583,0.14569141236465535,-0.052082922,-0.94988096,1.2899294,-1.9081068,-1.3674921,0.20996998,-0.052082922,-0.94988096,1.2899294,-1.9081068,-1.3674921,0.20996998,-0.05407506600022316,-0.9654143452644348,1.2854608297348022,-1.898067593574524,-1.365606665611267,0.20470355451107025,0.04980356,0.38833463,0.11171263,-0.25098097,-0.04713683,0.13166061,-0.13097514,0.12859562747401557,0.0,0.0032148906868503893,0.007715737447142601,0.0033333250000000003,13.3333,False,0,0.4361496650116206,0.15597465896130708,0.053753141330273035,0.4398911867504832,0.153932597361193,0.0340977494742021,0.11020145345975868,0.0053739213910386635,0.00035416780310423834,0.9938946644030753,-0.03961651,0.25913167,0.20314422,0.5192024522566083,4.6613989979960024e-05,0.00011567500769160688,0.0005228350055404007,0.000285246002022177,0.00014984699373599142,9.304100240115076e-05,0.0015555769932689145,0.018330147009692155,0.01988572400296107,50.28733174870051,0
241,4.840122516994597,-0.05406648317445928,-0.9653816980174561,1.2864206472979944,-1.89910950283193,-1.366080109273092,0.20545713603496552,-0.09208710491657257,-1.2679685354232788,-0.6533187627792358,-0.6489548683166504,-0.025469664484262466,0.20099207758903503,0.024080876260995865,-1.4787967205047607,-1.1611990928649902,-0.8929802775382996,0.1383456289768219,0.12790226936340332,-0.5502423489405237,-0.22496084156053112,1.3058268307121308,-0.11921774331586257,0.1266893482006682,0.1197768943144592,-0.05102715,-0.9465686,1.2897644,-1.909824,-1.3669146,0.2105783,-0.05102715,-0.9465686,1.2897644,-1.909824,-1.3669146,0.2105783,-0.054066482931375504,-0.9653816819190979,1.2864207029342651,-1.8991094827651978,-1.3660801649093628,0.20545713603496552,0.07598337,0.47032624,0.08359185,-0.2678644,-0.020860493,0.1280288,-0.14009167,0.10716302289501298,0.0,0.0026790755723753246,0.0064297812059521675,0.0033333250000000003,13.3333,False,0,0.436093677627516,0.15587125893298143,0.05353001620032255,0.44018599789849716,0.1547195547661988,0.034125728382747814,0.11217352662798336,0.006396125402080236,-0.00011750127861313506,0.993668038425048,-0.03961651,0.25913167,0.20314422,0.5193068341615643,3.508200461510569e-05,0.00011242899927310646,0.000477584995678626,0.0003181409992976114,0.00015004600572865456,9.050899825524539e-05,0.001475705998018384,0.01837089798937086,0.019846603987389244,50.386454057097694,0
242,4.860134711998398,-0.05397063890566045,-0.9642244142344971,1.2872961203204554,-1.900402685204977,-1.3664715925799769,0.2061767578125,0.03458075225353241,-1.1995412111282349,-0.7498871088027954,-0.6697515249252319,-0.012203391641378403,0.17590276896953583,0.20163671672344208,-1.5350421667099,-1.198731780052185,-0.9150110483169556,0.15427014231681824,0.12566359341144562,-0.6271425653172462,-0.9137454144314728,0.7510522697499706,-0.15903207103669084,0.12551861009163498,0.055266487586707276,-0.05067682,-0.9437954,1.2900211,-1.9113795,-1.3668123,0.21111754,-0.05067682,-0.9437954,1.2900211,-1.9113795,-1.3668123,0.21111754,-0.053970638662576675,-0.9642243981361389,1.287296175956726,-1.9004026651382446,-1.3664716482162476,0.2061767578125,0.0823455,0.51072544,0.06812074,-0.2744195,-0.008518888,0.12351943,-0.13144462,0.0893025190791775,0.0,0.0022325629769794375,0.005358151160180569,0.0033333250000000003,13.3333,False,0,0.4359971870540135,0.15582642294681362,0.05287684629547698,0.4401210894628351,0.15486260331038967,0.03409462437955107,0.11169672906118167,0.005209969673301478,0.00022697133577827266,0.9937286280934386,-0.03961651,0.25913167,0.20314422,0.5192282441193807,0.00016878399765118957,0.00016033099382184446,0.0006947640067664906,0.0002644909982336685,0.00015423100558109581,0.00011578400153666735,0.0019036369922105223,0.01794331100245472,0.019846947994665243,50.3855807083686,0
243,4.880173811005079,-0.05379039445985967,-0.9623895448497315,1.287997070943014,-1.9017592869200648,-1.3668115774737757,0.20693394541740417,0.1892530620098114,-1.2716796398162842,-0.7914939522743225,-0.643902063369751,-0.03096959739923477,0.17066016793251038,0.2711271047592163,-1.6124558448791504,-1.239827275276184,-0.9394688606262207,0.16709662973880768,0.12393078207969666,-1.0348720653705132,-0.9825409643395258,-0.05450136699914776,-0.1508374753594225,0.1411609191443324,0.08324243944018136,-0.050607115,-0.94113475,1.2902442,-1.9130244,-1.3668165,0.21167128,-0.050607115,-0.94113475,1.2902442,-1.9130244,-1.3668165,0.21167128,-0.053790394216775894,-0.9623895287513733,1.2879971265792847,-1.9017592668533325,-1.3668116331100464,0.20693394541740417,0.079582006,0.5313699,0.056177977,-0.28162986,-0.00012298301,0.118433245,-0.11541332,0.07441876589931458,0.0,0.0018604691474828647,0.004465125966817141,0.0033333250000000003,13.3333,False,0,0.4358864936842365,0.15583038647014674,0.05199272313227074,0.4401013532987645,0.1549087523022555,0.034058586450762755,0.11189045416336318,0.004175799633152564,-0.0006871283320613424,0.9937115170993436,-0.03961651,0.25913167,0.20314422,0.5192124782008337,3.660299989860505e-05,0.0001134570047724992,0.0005473209894262254,0.0002627100038807839,0.000197963003301993,0.00011707600788213313,0.0015866549947531894,0.018296160007594153,0.019882815002347343,50.29468915150803,0
244,4.900126237000222,-0.05351478258241826,-0.9601258796504517,1.2884162108050745,-1.9032632313170375,-1.3670113722430628,0.20763342082500458,0.2132510542869568,-1.3133517503738403,-0.7370559573173523,-0.6222500801086426,0.0003344528377056122,0.19337031245231628,0.25397989153862,-1.6849335432052612,-1.2708555459976196,-0.9580608010292053,0.2084343433380127,0.12357763946056366,-1.2634343042148641,-0.6340082403008825,0.06923954392217715,-0.11640135400276479,0.14033801741884702,0.11084697642702619,-0.05054916,-0.9385703,1.2902367,-1.9147803,-1.3667569,0.21213582,-0.05054916,-0.9385703,1.2902367,-1.9147803,-1.3667569,0.21213582,-0.05351478233933449,-0.9601258635520935,1.2884162664413452,-1.9032632112503052,-1.3670114278793335,0.20763342082500458,0.07414051,0.53888875,0.045511052,-0.2879265,0.0063630035,0.11255997,-0.09254528,0.06201563824942882,0.0,0.0015503909562357206,0.003720938228070736,0.0033333250000000003,13.3333,False,0,0.435836309512096,0.15590443627429798,0.051025952300037425,0.4401782374788449,0.15492428551481793,0.03419293123870635,0.11210473091690754,0.0029836025542120106,-0.0026816333447122025,0.993688313752928,-0.03961651,0.25913167,0.20314422,0.5192366683587988,3.9525009924545884e-05,0.00012607200187630951,0.0005273419956211001,0.0002982090081786737,0.00016264799342025071,0.001093266997486353,0.0025848529912764207,0.017184668002300896,0.019769520993577316,50.582914999553005,0
245,4.920128883008147,-0.05315143266786748,-0.9575061959079285,1.2887728849994105,-1.904811521569723,-1.366995636616842,0.2083555907011032,0.21398134529590607,-1.2293390035629272,-0.7459568977355957,-0.611214816570282,0.005822833627462387,0.16795821487903595,0.2304256409406662,-1.7410675287246704,-1.2932453155517578,-0.9724019765853882,0.26219651103019714,0.12398325651884079,-0.6795376954284458,-0.4135514279066989,0.31306521683794375,-0.11604348147568168,0.11749188752117112,0.12216363209744205,-0.050775968,-0.93603945,1.2905277,-1.9163219,-1.3667892,0.21267606,-0.050775968,-0.93603945,1.2905277,-1.9163219,-1.3667892,0.21267606,-0.05315143242478371,-0.9575061798095703,1.2887729406356812,-1.9048115015029907,-1.3669956922531128,0.2083555907011032,0.059386633,0.53666794,0.043870043,-0.28776076,0.005162412,0.1080119,-0.067829005,0.051679698541190686,0.0,0.0012919924635297671,0.003100781934335828,0.006960775,27.8431,False,0,0.43576557916887804,0.1560671943923057,0.04993904657750747,0.44002558805706427,0.154797154220654,0.0341412509484524,0.11147759556334608,0.0034369784182528107,-0.0020253754402968747,0.993758936452295,-0.03961651,0.25913167,0.20314422,0.5191379759414815,9.127600060310215e-05,0.00012318299559410661,0.000523657989106141,0.000462973999674432,0.00018774600175675005,0.00010438899334985763,0.0018395299994153902,0.01798552401305642,0.01982505401247181,50.44122449154018,0
246,4.940130895003676,-0.05276662508119756,-0.9545675677112122,1.2891514937030237,-1.9063674412169398,-1.3669989744769495,0.20901906490325928,0.21975043416023254,-1.2793917655944824,-0.7665236592292786,-0.6223617792129517,0.029605094343423843,0.16992901265621185,0.21321839094161987,-1.7832480669021606,-1.3113975524902344,-0.9843317866325378,0.29483887553215027,0.12398587912321091,-0.9750596962824486,-0.9785907278400495,-0.050410171729972475,-0.12949619534085133,0.13118186063775017,0.11957475887299446,-0.050776575,-0.933329,1.2905791,-1.9181143,-1.366711,0.2131428,-0.050776575,-0.933329,1.2905791,-1.9181143,-1.366711,0.2131428,-0.052766624838113785,-0.954567551612854,1.2891515493392944,-1.9063674211502075,-1.3669990301132202,0.20901906490325928,0.049751278,0.53096455,0.035688702,-0.29367355,0.007200954,0.10309318,-0.042390566,0.04306641545099224,0.0,0.001076660386274806,0.002583984984084964,0.006960775,27.8431,False,0,0.435650562454782,0.15623699355238796,0.048709193851078914,0.4400783735968604,0.15484387549261266,0.03409491171116927,0.11207884435402155,0.0034423342406544525,-0.0007745899863553021,0.993693020067248,-0.03961651,0.25913167,0.20314422,0.5191924452168963,3.858000854961574e-05,0.00012399999832268804,0.0005088079924462363,0.0002783009986160323,0.0001665929885348305,0.00010077300248667598,0.0015518150030402467,0.018273061999934725,0.019824877002974972,50.44167486385602,0
247,4.960087743005715,-0.05235511461366826,-0.9515703481486817,1.289448086415426,-1.9078885517516078,-1.367030445729391,0.2096850574016571,0.23931513726711273,-1.330113410949707,-0.7748695611953735,-0.6457238793373108,0.024986475706100464,0.1781659573316574,0.19643525779247284,-1.8075597286224365,-1.3168652057647705,-0.9871313571929932,0.3102238178253174,0.12440420687198639,-1.1422673290923486,-0.9548603566648654,-0.229295454064873,-0.13294961630176783,0.13421826377149695,0.1205073218470724,-0.050512463,-0.930824,1.2904168,-1.9199001,-1.3665468,0.21358742,-0.050512463,-0.930824,1.2904168,-1.9199001,-1.3665468,0.21358742,-0.05235511437058449,-0.9515703320503235,1.2894481420516968,-1.9078885316848755,-1.3670305013656616,0.2096850574016571,0.046066336,0.5186584,0.024217656,-0.30028725,0.012093806,0.09755899,-0.016251562,0.035888679542493536,0.0,0.0008972169885623385,0.0021533207036554813,0.006960775,27.8431,False,0,0.4355379192972661,0.15641146783219795,0.047473194169739025,0.44025674332983095,0.15495641255740325,0.03412846701084417,0.11247075391035155,0.004352036533258469,-0.0018428496488679565,0.9936438167471539,-0.03961651,0.25913167,0.20314422,0.5193237423690119,3.6264988011680543e-05,0.00013194099301472306,0.0005931470077484846,0.00028331200883258134,0.00022970899590291083,0.00012006999168079346,0.001718086001346819,0.01807815300708171,0.01979623900842853,50.51464571498838,0
248,4.980133296005079,-0.05200702348817998,-0.9485328954509278,1.289666000996725,-1.9094797573485316,-1.3670228163348597,0.21028752624988556,0.22432075440883636,-1.3366667032241821,-0.7544974684715271,-0.6347320675849915,0.051934052258729935,0.19567008316516876,0.19325152039527893,-1.819913387298584,-1.3187364339828491,-0.9879239201545715,0.3187559247016907,0.12417680025100708,-0.3802451740990197,0.11779667054259854,0.0675153429209795,-0.06656298175993236,0.1178928059178092,0.1921792152246892,-0.05048242,-0.9286032,1.2906252,-1.9213684,-1.3665913,0.21402708,-0.05048242,-0.9286032,1.2906252,-1.9213684,-1.3665913,0.21402708,-0.05200702324509621,-0.9485328793525696,1.2896660566329956,-1.9094797372817993,-1.3670228719711304,0.21028752624988556,0.038115166,0.49824244,0.02397902,-0.29721665,0.010787339,0.093488865,0.0154273175,0.03196420861478623,0.00030854634940624237,0.0007991052153696559,0.0017944339197129011,0.006960775,27.8431,False,0,0.43546781097135656,0.15656565345573317,0.04624991865429903,0.4401413317349962,0.15487001996506983,0.03414600987420909,0.1122615571538717,0.004268997436793306,-0.0011007331490603608,0.9936689218643591,-0.03961651,0.25913167,0.20314422,0.5192287304308912,3.6268989788368344e-05,0.0001153799967141822,0.0005386839911807328,0.0002489809994585812,0.00014867399295326322,9.810901246964931e-05,0.0014947830059099942,0.018387276999419555,0.01988206000532955,50.29659903108339,0
249,5.000128294996102,-0.051679436360494435,-0.9455101054957886,1.289849106465475,-1.911142965356344,-1.366995636616842,0.21087925136089325,0.25456851720809937,-1.3367716073989868,-0.7623794674873352,-0.6694186925888062,0.06893044710159302,0.1482836902141571,0.20179907977581024,-1.832658052444458,-1.3492393493652344,-0.9898089170455933,0.33152034878730774,0.12333463877439499,-1.3386965680806548,-0.6288910489760913,-0.36154693464091786,-0.10974114993578044,0.12789535454756215,0.13955845233906294,-0.050246935,-0.9266186,1.2908678,-1.9229225,-1.3665029,0.2144939,-0.050246935,-0.9266186,1.2908678,-1.9229225,-1.3665029,0.2144939,-0.05167943611741066,-0.9455100893974304,1.2898491621017456,-1.9111429452896118,-1.3669956922531128,0.21087925136089325,0.035812523,0.4722877,0.02546733,-0.29448923,0.012320918,0.09036627,0.047289267,0.0349990517993435,0.0012543316930532455,0.0008749762949835874,0.0015982104232534766,0.006960775,27.8431,False,0,0.4354263255182621,0.15671411113516567,0.045049346662284384,0.44011121577307927,0.15490428511228377,0.03413065040317505,0.11200299430496408,0.004488344629648469,-0.001882257138999404,0.9936959392452268,-0.03961651,0.25913167,0.20314422,0.5191990239289654,3.519999154377729e-05,0.00011185600305907428,0.0005375479959184304,0.0002437799994368106,0.00014460198872257024,9.471099474467337e-05,0.0014698240120196715,0.018370829988270998,0.01984065400029067,50.40156438317758,0
250,5.020129180004005,-0.051383320485250294,-0.94251503170047,1.2899640242206019,-1.9128061733641566,-1.366978947316305,0.2114146202802658,0.2316819727420807,-1.3644078969955444,-0.7656378746032715,-0.6391900777816772,0.09665997326374054,0.1654713749885559,0.2041701376438141,-1.8429312705993652,-1.3972699642181396,-0.9862809777259827,0.3372550308704376,0.1228833869099617,-1.1365236043636366,-0.997873801331697,-0.16171250068404738,-0.14043147081918814,0.12805405125274352,0.122953541282902,-0.04992879,-0.9254347,1.2912363,-1.924211,-1.3665156,0.2149582,-0.04992879,-0.9254347,1.2912363,-1.924211,-1.3665156,0.2149582,-0.05138332024216652,-0.9425150156021118,1.2899640798568726,-1.9128061532974243,-1.3669790029525757,0.2114146202802658,0.036363203,0.42700824,0.031805918,-0.28512037,0.011584489,0.088589676,0.08274809,0.04856116681460413,0.0029092935472726823,0.0012140291703651033,0.001749952556565404,0.006960775,27.8431,False,0,0.43540984739152355,0.1568453818767913,0.04387890874988093,0.44004239786853694,0.15477679693403104,0.034151006386440995,0.11161068808203423,0.002364322052376568,-0.0015153787771185548,0.9937480212801952,-0.03961651,0.25913167,0.20314422,0.5191544228671631,3.5138000384904444e-05,0.00011082799755968153,0.00047828000970184803,0.00024554399715270847,0.00014431201270781457,9.332799527328461e-05,0.0013977479975437745,0.018438592000165954,0.01983633999770973,50.412525703605525,0
251,5.040648316004081,-0.051136318837301076,-0.9397075933269043,1.2900684515582483,-1.9144464931883753,-1.3669551054583948,0.21198461949825287,0.23597493767738342,-1.4667075872421265,-0.7672908306121826,-0.6354891061782837,0.14304089546203613,0.15841913223266602,0.20739883184432983,-1.8542170524597168,-1.4130306243896484,-0.9829639792442322,0.33849599957466125,0.1223946064710617,-1.2677558802976878,-0.8686237551028636,-0.32949200340702356,-0.13230967291373394,0.11986880623250243,0.11051506468263472,-0.049064197,-0.92563814,1.2916685,-1.9252948,-1.3663306,0.21552695,-0.049064197,-0.92563814,1.2916685,-1.9252948,-1.3663306,0.21552695,-0.0511363185942173,-0.9397075772285461,1.290068507194519,-1.914446473121643,-1.3669551610946655,0.21198461949825287,0.051803023,0.351736,0.040001802,-0.2712059,0.015613788,0.08855837,0.11688981,0.07544823760095463,0.00524708978831768,0.001886205940023866,0.0024280583020299673,0.006960775,27.8431,False,0,0.43541609967477346,0.1569561648557294,0.042789378219072305,0.4401513329895404,0.15488025514865925,0.034188212137091216,0.11188095065980758,0.002516917598278522,-0.0023261607389158286,0.9937156979866557,-0.03961651,0.25913167,0.20314422,0.5192221820791508,3.554500290192664e-05,0.00011163399904035032,0.0004890469863312319,0.0002494779910193756,0.0001461670035496354,9.557299199514091e-05,0.0014240960008464754,0.018932452003355138,0.020356548004201613,49.12424246947955,0
252,5.060094326996477,-0.05093223253359014,-0.9369675082019349,1.290215794240133,-1.916093488732809,-1.3668878714190882,0.2124839723110199,0.2573472857475281,-1.4633251428604126,-0.7717868089675903,-0.6630564332008362,0.162051722407341,0.17704972624778748,0.20282019674777985,-1.8774837255477905,-1.406633973121643,-0.9821403622627258,0.33979687094688416,0.12182187288999557,-1.1246496727741042,-0.8081394809214233,-0.45398481086062803,-0.12566821185919022,0.11504203224405307,0.126555059176471,-0.04818784,-0.9281316,1.2926123,-1.9257573,-1.3663828,0.2161408,-0.04818784,-0.9281316,1.2926123,-1.9257573,-1.3663828,0.2161408,-0.05093223229050636,-0.9369674921035767,1.2902158498764038,-1.9160934686660767,-1.3668879270553589,0.2124839723110199,0.06860978,0.22089829,0.0599104,-0.24159619,0.012626918,0.09142074,0.15637772,0.11870449230325905,0.00837464414536953,0.0029676123075814765,0.003772411961108446,0.006960775,27.8431,False,0,0.4354224581641697,0.15705870115568585,0.04171856593005682,0.4400408429958935,0.15481574206113835,0.03416639257800032,0.11188047232802545,0.002554000145657366,-0.0015324024961246296,0.9937171846105032,-0.03961651,0.25913167,0.20314422,0.5191401509898861,5.868199514225125e-05,0.00011772399011533707,0.0006802599964430556,0.0005282759957481176,0.00018520500452723354,0.00021707199630327523,0.0021330739982658997,0.017121878001489677,0.019254951999755576,51.93469191783465,0
253,5.080129656998906,-0.050716702138082326,-0.9345694941333313,1.290368382130758,-1.9177805385985316,-1.3668115774737757,0.212971493601799,0.2733972668647766,-1.4556199312210083,-0.7663826942443848,-0.6343421936035156,0.14061883091926575,0.1894039511680603,0.24465151131153107,-1.924831509590149,-1.3858369588851929,-0.9874375462532043,0.34891897439956665,0.12088926136493683,-1.2145799493758422,-0.6833793600733773,-0.3719025407725558,-0.12631340632154853,0.12017412157938734,0.13042213818978432,-0.04744198,-0.9338702,1.2936776,-1.9258816,-1.3665264,0.21674982,-0.04744198,-0.9338702,1.2936776,-1.9258816,-1.3665264,0.21674982,-0.05071670189499855,-0.9345694780349731,1.2903684377670288,-1.9177805185317993,-1.3668116331100464,0.212971493601799,0.08186797,0.017482731,0.082729444,-0.20252915,0.0071304156,0.094458014,0.18852739,0.17988835660329036,0.012145191952586173,0.004497208915082259,0.005935224704444408,0.004313725,17.2549,False,0,0.43546996845343416,0.15716615479312052,0.04079556778162147,0.44017270725818386,0.15484441354525297,0.0340986440649005,0.1123411944136457,0.0029097622526034726,-0.0013984066173415265,0.9936644455474217,-0.03961651,0.25913167,0.20314422,0.5192782806015367,3.769600880332291e-05,0.0001160039973910898,0.0004947520064888522,0.0002931260096374899,0.00015171700215432793,0.00010212199413217604,0.0015431359934154898,0.01828491200285498,0.01982804799627047,50.4336079975242,0
254,5.100129587008269,-0.05045634904970342,-0.9324796956828614,1.290602986012594,-1.9193135700621546,-1.3667157332049769,0.21349766850471497,0.27744629979133606,-1.5359996557235718,-0.7989857196807861,-0.6741788983345032,0.18789345026016235,0.21653051674365997,0.26225635409355164,-2.003140687942505,-1.353957176208496,-0.9973024129867554,0.35920771956443787,0.12016560882329941,-1.253098851149077,-0.12865243159701062,-0.5948087133338967,-0.09219458071197005,0.11655405530082766,0.10167481202183709,-0.04717045,-0.9427063,1.295301,-1.9249556,-1.366736,0.2172019,-0.04717045,-0.9427063,1.295301,-1.9249556,-1.366736,0.2172019,-0.050456348806619644,-0.9324796795845032,1.2906030416488647,-1.9193135499954224,-1.3667157888412476,0.21349766850471497,0.08214748,-0.2556645,0.117448464,-0.14105003,-0.00050679955,0.092605956,0.21778727,0.25991321229032815,0.01650093726813793,0.006497830307258205,0.008994418196380138,0.004313725,17.2549,False,0,0.4354818840446137,0.1572991429452059,0.03996880955957666,0.4399163617301567,0.15503412077180895,0.03420914253055532,0.11462043762069529,0.013549176071117577,-0.009726562024037736,0.9932693514912567,-0.03961651,0.25913167,0.20314422,0.5189673750142517,3.6178986192680895e-05,0.00011074698704760522,0.000474971006042324,0.0002470920007908717,0.00014594300591852516,9.792300988920033e-05,0.0014072780031710863,0.01843091699993238,0.019838195003103465,50.40781179152444,0
255,5.120132336000097,-0.05009586015810186,-0.9309131664088746,1.290896240864889,-1.9207025967040003,-1.3666160742389124,0.21396908164024353,0.266174852848053,-1.6912015676498413,-0.8436294794082642,-0.7003176212310791,0.18074356019496918,0.18992163240909576,0.2695039212703705,-2.1254541873931885,-1.3974575996398926,-1.022768259048462,0.35923492908477783,0.11962985247373581,-0.947181862723455,-0.6311587431969508,-1.23413561138736,-0.11295902326930361,0.10748561241812163,0.11867609857050153,-0.0482435,-0.951742,1.2967447,-1.9237447,-1.3668984,0.21713568,-0.0482435,-0.951742,1.2967447,-1.9237447,-1.3668984,0.21713568,-0.05009585991501808,-0.9309131503105164,1.2908962965011597,-1.920702576637268,-1.366616129875183,0.21396908164024353,0.046308987,-0.52072096,0.14621039,-0.07605179,-0.007056532,0.07916492,0.21013112,0.354618075184459,0.020703559741377827,0.008865451879611476,0.012995660305023193,0.004313725,17.2549,False,0,0.4354836268439449,0.1574763597540631,0.039336996811697,0.4398283711365348,0.1549386189037388,0.034107373705889864,0.11368237166261314,0.01285058153462264,-0.009133420518709402,0.9933920560033687,-0.03961651,0.25913167,0.20314422,0.5189383802098105,3.5065997508354485e-05,0.00010886699601542205,0.0004701959987869486,0.000258100000792183,0.00014945698785595596,0.00010250300692860037,0.0014192520029610023,0.018422394001390785,0.019841646004351787,50.39904450370066,0
256,5.140110880995053,-0.04970008531679326,-0.93035443246875,1.2912409941302698,-1.9219442806639613,-1.3665922323810022,0.21451184153556824,0.29627352952957153,-2.0023534297943115,-0.8575990796089172,-0.737762451171875,0.1462646871805191,0.20294347405433655,0.26100289821624756,-2.427278757095337,-1.4431370496749878,-1.0485783815383911,0.34500136971473694,0.11897025257349014,-1.0044481801644725,-0.8971920941327932,-2.1280765345858903,-0.11866140648928762,0.10783283422310225,0.1136388774041633,-0.04975101,-0.9574285,1.29762,-1.9230115,-1.3660185,0.21670921,-0.04975101,-0.9574285,1.29762,-1.9230115,-1.3660185,0.21670921,-0.04970008507370949,-0.9303544163703918,1.2912410497665405,-1.921944260597229,-1.366592288017273,0.21451184153556824,-0.0012730911,-0.6768529,0.159476,-0.026683317,0.0143428175,0.0549343,0.1461842,0.4530300217307562,0.023627243861556048,0.011325750543268905,0.01773090288043022,0.004313725,17.2549,False,0,0.43554142687440095,0.1576482675077017,0.03910518136030072,0.43982906183926734,0.15491095566140486,0.034095955434649466,0.11401838396609787,0.0121637655528667,-0.008522249989813404,0.9933676048634661,-0.03961651,0.25913167,0.20314422,0.5189482927143054,3.5877994378097355e-05,0.00011163300951011479,0.0005439220112748444,0.0002517550019547343,0.0001490949944127351,9.663100354373455e-05,0.0014865160046610981,0.01832756499061361,0.019814080995274708,50.469158788564634,0
257,5.160107221003273,-0.049273316060201466,-0.9314090770534058,1.2917960325824183,-1.9228722057738246,-1.366561237965719,0.21501120924949646,0.2687317728996277,-2.2713334560394287,-0.8674148321151733,-0.7699282765388489,0.13573499023914337,0.1960979849100113,0.21415041387081146,-3.0634782314300537,-1.4673974514007568,-1.0634074211120605,0.3103732764720917,0.11848590523004532,-0.9465356280609121,-0.7559467350548683,-1.98590109808213,-0.12125594159990871,0.11443781641597561,0.16458804183657413,-0.050819032,-0.960692,1.2981029,-1.9232839,-1.363836,0.21636157,-0.050819032,-0.960692,1.2981029,-1.9232839,-1.363836,0.21636157,-0.04927331581711769,-0.9314090609550476,1.291796088218689,-1.9228721857070923,-1.3665612936019897,0.21501120924949646,-0.03864292,-0.7320735,0.15766776,-0.010294832,0.06813,0.033758845,0.028916905,0.5388955644797081,0.0242055819556117,0.013472389111992705,0.02265150099992752,0.004313725,17.2549,False,0,0.43563814001540097,0.15783324620580746,0.0394779247831763,0.4398476630158661,0.15493320021729295,0.03411362108131165,0.11358651274373421,0.013033058832915126,-0.009535911892310341,0.9933968844000354,-0.03961651,0.25913167,0.20314422,0.5189552570179679,3.633899905253202e-05,0.0001539229997433722,0.0005457640072563663,0.00027019300614483654,0.0001539049990242347,9.917400893755257e-05,0.0016309200000250712,0.01818596299563069,0.01981688299565576,50.46202272169741,0
258,5.180128342995886,-0.04898053804506475,-0.9337951105884095,1.2923877874957483,-1.9236494503416957,-1.3665998617755335,0.2155337631702423,0.21366804838180542,-2.1227121353149414,-0.7436434626579285,-0.6439012289047241,0.1217322126030922,0.18497517704963684,0.16774685680866241,-2.979905843734741,-1.4411152601242065,-1.0498095750808716,0.2977312207221985,0.11770051717758179,-1.4302343086717284,-1.0924067217946605,-0.7959198806990488,-0.11319247546405814,0.12876901837191979,0.04251484037698726,-0.05147379,-0.96303546,1.2987863,-1.9244651,-1.3611773,0.21652229,-0.05147379,-0.96303546,1.2987863,-1.9244651,-1.3611773,0.21652229,-0.04898053780198097,-0.9337950944900513,1.292387843132019,-1.9236494302749634,-1.3665999174118042,0.2155337631702423,-0.062331297,-0.73100954,0.15996124,-0.020391503,0.13556501,0.024713045,-0.108621,0.595967383271356,0.022033161930739877,0.0148991845817839,0.026944778859615326,0.004313725,17.2549,False,0,0.43585719862658384,0.15793880031708651,0.04039388016876236,0.43988688047710933,0.15499768592396565,0.034170124580418834,0.11375379490593901,0.01167006213104184,-0.010013152521842868,0.9933899484456499,-0.03961651,0.25913167,0.20314422,0.5189601469728908,3.637200279626995e-05,0.00011780399654526263,0.0005625899939332157,0.00035384600050747395,0.0001733230019453913,0.00010230299085378647,0.001728880000882782,0.018103125999914482,0.019832006000797264,50.42354262901086,0
259,5.200131065008463,-0.048876587544576466,-0.9370893997005005,1.2933066526996058,-1.9239117107787074,-1.3665083090411585,0.21585802733898163,0.027060575783252716,-1.98734450340271,-0.7637319564819336,-0.6324198842048645,0.21405112743377686,0.203778937458992,-0.04364042729139328,-2.814059019088745,-1.3902218341827393,-1.0219124555587769,0.3816817104816437,0.11691515147686005,-0.7974274546243622,-0.9763390463400555,-0.4430615935865479,-0.13182265773833615,0.11964035554088027,0.11978258655743185,-0.05190073,-0.96530086,1.3003483,-1.9252946,-1.3589089,0.21688604,-0.05190073,-0.96530086,1.3003483,-1.9252946,-1.3589089,0.21688604,-0.04887658730149269,-0.9370893836021423,1.2933067083358765,-1.923911690711975,-1.3665083646774292,0.21585802733898163,-0.07560356,-0.70528644,0.17603926,-0.03457284,0.18998638,0.0257004,-0.22395241,0.613666910583691,0.017554113678634162,0.015341672764592277,0.029798369854688644,0.004313725,17.2549,False,0,0.43598592801670405,0.1579982928393825,0.04156926975074371,0.4400967515754949,0.1549516930645828,0.03420290343011023,0.11121102573671682,0.0034147707063080265,-0.0023577500611390613,0.9937881429437132,-0.03961651,0.25913167,0.20314422,0.5191526273406011,3.4912998671643436e-05,0.00010899499466177076,0.0007725999894319102,0.00024352000036742538,0.00015537200670223683,9.512598626315594e-05,0.0017940229881787673,0.018050880011287518,0.019844902999466285,50.3907728864633,0
260,5.220097769997665,-0.04902011552919561,-0.9408085507205506,1.2943275610553187,-1.9238735638060511,-1.3661583105670374,0.21610593795776367,-0.14826476573944092,-1.9771188497543335,-0.7953737378120422,-0.5827888250350952,0.22672945261001587,0.1826491355895996,-0.26569950580596924,-2.655726194381714,-1.3389235734939575,-0.9310829639434814,0.44414636492729187,0.11800270527601242,-0.6058713466419794,-1.0774303605786983,-0.2856304800356313,-0.1278855290319952,0.10655046225106815,0.12524980092687374,-0.052187864,-0.96780866,1.3019773,-1.9255284,-1.3579634,0.2174243,-0.052187864,-0.96780866,1.3019773,-1.9255284,-1.3579634,0.2174243,-0.04902011528611183,-0.9408085346221924,1.2943276166915894,-1.9238735437393188,-1.366158366203308,0.21610593795776367,-0.07919374,-0.6750031,0.19124232,-0.041370742,0.20487188,0.032959275,-0.2829825,0.5906855168896552,0.011894463710486886,0.01476713792224138,0.030683346092700958,0.0029411750000000003,11.7647,False,0,0.43609883065642946,0.15801265936417253,0.04288430394329096,0.4401653193813306,0.15475833865612784,0.03411853907178621,0.11286960050197997,0.0027132337768436157,-0.0009163667644399298,0.9936056654087189,-0.03961651,0.25913167,0.20314422,0.519282272004963,3.6582991015166044e-05,0.00010841700714081526,0.0016078490007203072,0.0002897969970945269,0.0001596400106791407,0.0001065480028046295,0.0027226959937252104,0.017085412997403182,0.019808108991128393,50.484374881412336,0
261,5.2400813770073,-0.049308125172750294,-0.9446845215610047,1.295309845601217,-1.9239393673338832,-1.3656037489520472,0.21627746522426605,-0.153373122215271,-1.9985506534576416,-0.7577992677688599,-0.624169647693634,0.2507309317588806,0.18533523380756378,-0.2547852098941803,-2.536816120147705,-1.288439393043518,-0.9246993064880371,0.44784677028656006,0.08814489096403122,-1.1974200190573436,-0.603595071147249,-0.3295850184996928,-0.12447721264795882,0.13373222773630133,0.12130309848913717,-0.05227738,-0.9707412,1.3031348,-1.9254899,-1.3586413,0.21805733,-0.05227738,-0.9707412,1.3031348,-1.9254899,-1.3586413,0.21805733,-0.04930812492966652,-0.9446845054626465,1.2953099012374878,-1.9239393472671509,-1.3656038045883179,0.21627746522426605,-0.07423132,-0.651417,0.19562355,-0.03876301,0.17406315,0.044496644,-0.27610895,0.5347198287610905,0.006372284702956673,0.013367995719027262,0.029534276574850082,0.0029411750000000003,11.7647,False,0,0.4362855129364082,0.1580090040842114,0.04429570966923402,0.44017933980099594,0.1547785379125429,0.034134419824195086,0.1126065895171729,0.0029483691128750736,-0.0012870191800623126,0.9936344257869301,-0.03961651,0.25913167,0.20314422,0.5192859976190309,3.577698953449726e-05,0.00012727400462608784,0.0006481470045400783,0.0002717379975365475,0.00017078399832826108,9.548600064590573e-05,0.0017834919999586418,0.01801223400980234,0.019795726009760983,50.5159547827099,0
262,5.260085611997056,-0.049691025410787404,-0.9486953777125855,1.2962830702411097,-1.924007078210348,-1.3648303190814417,0.21638493239879608,-0.15126559138298035,-1.9071134328842163,-0.8165593147277832,-0.6799706220626831,0.2858906090259552,0.2123384177684784,-0.2386823296546936,-2.4699437618255615,-1.255925178527832,-0.9439225792884827,0.4411011338233948,0.08685246855020523,-1.0466680911898012,-0.48766132925229483,-0.3276700053881202,-0.11313107499454281,0.13171753115779453,0.11961884763775858,-0.052297335,-0.9737137,1.303959,-1.9255038,-1.3605639,0.21879038,-0.052297335,-0.9737137,1.303959,-1.9255038,-1.3605639,0.21879038,-0.04969102516770363,-0.9486953616142273,1.2962831258773804,-1.9240070581436157,-1.3648303747177124,0.21638493239879608,-0.06515777,-0.6254584,0.19189666,-0.037418734,0.10666355,0.060136188,-0.21932165,0.4588388682210359,0.0019858516380190814,0.011470971705525898,0.02673599123954773,0.0029411750000000003,11.7647,False,0,0.4365024762854103,0.15801393446910367,0.045777972360830865,0.44010744065308344,0.15479883361488786,0.03407374890598411,0.11141073273569879,0.003478986382018384,-0.001431918498499319,0.9937673267629039,-0.03961651,0.25913167,0.20314422,0.519235240406105,0.0001114109909394756,0.00013096399197820574,0.0006336149963317439,0.0003059519949601963,0.00016836199210956693,0.00010132399620488286,0.0018863259901991114,0.017939381999894977,0.019825707990094088,50.439560619961206,0
263,5.280082747005508,-0.05002290407289678,-0.9527212542346497,1.2973373571978968,-1.9242741070189417,-1.3637450377093714,0.21661262214183807,-0.21322005987167358,-1.8274821043014526,-0.7664641737937927,-0.6527438163757324,0.2632647752761841,0.19199027121067047,-0.22760255634784698,-2.4525034427642822,-1.2508143186569214,-0.9467670321464539,0.4265997111797333,0.11414589732885361,-1.1835284011341787,-0.817655622280577,0.008329754532353212,-0.1292355152365483,0.14466721319178827,0.11558624111166772,-0.05224725,-0.9756892,1.3048999,-1.926206,-1.3626777,0.21973129,-0.05224725,-0.9756892,1.3048999,-1.926206,-1.3626777,0.21973129,-0.050022903829813004,-0.9527212381362915,1.2973374128341675,-1.9242740869522095,-1.363745093345642,0.21661262214183807,-0.055608574,-0.5741987,0.18906376,-0.04829646,0.026686113,0.07796675,-0.14079404,0.38236572351752995,0.0,0.00955914308793825,0.022941943258047104,0.0029411750000000003,11.7647,False,0,0.43673278369142987,0.15811237537554365,0.047275806462830805,0.44010539994649134,0.154816443656336,0.03407429550075647,0.11181144948507926,0.0037150335180946865,-0.0016225290629541637,0.9937211785388991,-0.03961651,0.25913167,0.20314422,0.5192296387970202,3.617499896790832e-05,0.00011574600648600608,0.0006014719983795658,0.0003131569974357262,0.00016752799274399877,0.00010438601020723581,0.0017504159914096817,0.01806511300674174,0.01981552899815142,50.4654707978419,0
264,5.300083617999917,-0.05036765733827764,-0.9565382164767762,1.2983177343951624,-1.924568315545553,-1.3626630941974085,0.21684005856513977,-0.23691299557685852,-1.761880874633789,-0.718183159828186,-0.6280449628829956,0.20424112677574158,0.19897180795669556,-0.22337402403354645,-2.455660104751587,-1.2601431608200073,-0.9516589641571045,0.40838849544525146,0.12652485072612762,-1.0489367794348097,-1.6725042103538361,0.31890756027866585,-0.1495481125491254,0.14481758177335202,0.09208548017699603,-0.0522878,-0.97562957,1.3060007,-1.9275248,-1.3641332,0.22062142,-0.0522878,-0.97562957,1.3060007,-1.9275248,-1.3641332,0.22062142,-0.05036765709519386,-0.956538200378418,1.298317790031433,-1.9245682954788208,-1.3626631498336792,0.21684005856513977,-0.048003495,-0.47728413,0.19207257,-0.07391308,-0.03675157,0.094534226,-0.08057376,0.318638102931275,0.0,0.007965952573281875,0.019118286669254303,0.0029411750000000003,11.7647,False,0,0.436966961074313,0.15820413539071176,0.04870774040079004,0.4401334336509376,0.15481987185094578,0.03413618228869034,0.11242486321015194,0.004189262606549164,-0.001873944759055269,0.993649628709752,-0.03961651,0.25913167,0.20314422,0.5192347037536735,0.00010153000766877085,0.00012170200352557003,0.0005714069993700832,0.0002902709966292605,0.00019098399206995964,9.749199671205133e-05,0.0017420750082237646,0.018090821991791017,0.019832897000014782,50.42127733529069,0
265,5.320086948995595,-0.05075961748232061,-0.9600341481021424,1.2993457953082483,-1.9248110256590785,-1.3618972937213343,0.21713122725486755,-0.17934662103652954,-1.8331208229064941,-0.7136915922164917,-0.6412054896354675,0.22273491322994232,0.22325566411018372,-0.2214841991662979,-2.4362051486968994,-1.2606381177902222,-0.9554507732391357,0.3934119939804077,0.12894293665885925,-1.4651021359447347,-1.0859214560279207,0.21542821654838112,-0.14013611787372887,0.16259600414675976,0.1158460721621011,-0.05231228,-0.97328246,1.3071576,-1.9290911,-1.3648312,0.22150947,-0.05231228,-0.97328246,1.3071576,-1.9290911,-1.3648312,0.22150947,-0.05075961723923683,-0.9600341320037842,1.299345850944519,-1.9248110055923462,-1.361897349357605,0.21713122725486755,-0.038816586,-0.33120835,0.19529596,-0.10700124,-0.07334596,0.109455995,-0.058309928,0.2655317524427292,0.0,0.00663829381106823,0.015931904315948486,0.0029411750000000003,11.7647,False,0,0.4371414599814069,0.15820503799027547,0.0499684119109928,0.44009767985606185,0.154852465280729,0.034052830403922735,0.11171927036262896,0.0030903040376739736,-0.0014991359346592306,0.993733875480185,-0.03961651,0.25913167,0.20314422,0.519222260334668,4.562299000099301e-05,0.00011246900248806924,0.0005511069903150201,0.000289691990474239,0.00019315199460834265,0.00010417200974188745,0.0017210899968631566,0.018113874990376644,0.0198349649872398,50.41602042873877,0
266,5.340089338002144,-0.05113536516298467,-0.9633579415133973,1.3004840056048792,-1.925026079217428,-1.3615620771991175,0.21751466393470764,-0.22417695820331573,-1.793841004371643,-0.7122514247894287,-0.680420458316803,0.2372281402349472,0.22371843457221985,-0.22339175641536713,-2.3676137924194336,-1.2408844232559204,-0.9493590593338013,0.3747357428073883,0.13057124614715576,-1.341573427742926,-0.8046040039526156,0.3193527036120694,-0.13572548190792993,0.1607062245058122,0.10526948137633897,-0.05204549,-0.96904916,1.3080186,-1.9308366,-1.3651497,0.22239089,-0.05204549,-0.96904916,1.3080186,-1.9308366,-1.3651497,0.22239089,-0.051135364919900894,-0.9633579254150391,1.30048406124115,-1.9250260591506958,-1.3615621328353882,0.21751466393470764,-0.02275318,-0.14228123,0.18836358,-0.14526145,-0.089691296,0.1219058,-0.058558088,0.221276460368941,0.0,0.005531911509223525,0.01327658724039793,0.0029411750000000003,11.7647,False,0,0.43724810655207824,0.15811622193680516,0.0510995561125053,0.4401530617682682,0.15482514379065107,0.03407181826258773,0.11163492421264992,0.0036974627708457786,-0.0018389914058871554,0.9937406866141807,-0.03961651,0.25913167,0.20314422,0.5192727332906371,3.491000097710639e-05,0.0001126669958466664,0.0005678680026903749,0.0003320709947729483,0.0001624470023671165,0.00010225700680166483,0.0016675609949743375,0.01817284300341271,0.019840403998387046,50.40219947543893,0
267,5.360091659007594,-0.051450554524556935,-0.9662549656680604,1.301544491444723,-1.9253565273680628,-1.361668888722555,0.21800941228866577,-0.22866059839725494,-1.664652943611145,-0.6816155314445496,-0.6336731314659119,0.032990895211696625,0.22008709609508514,-0.22513331472873688,-2.2613956928253174,-1.2055720090866089,-0.9322812557220459,0.13810895383358002,0.13136300444602966,-1.3748094193103297,-0.4130727200504214,0.6333101028576823,-0.12005198461195181,0.1557597858999116,0.1236037027546853,-0.051602107,-0.96391654,1.3084754,-1.9325236,-1.3652892,0.22322711,-0.051602107,-0.96391654,1.3084754,-1.9325236,-1.3652892,0.22322711,-0.05145055428147316,-0.9662549495697021,1.3015445470809937,-1.9253565073013306,-1.3616689443588257,0.21800941228866577,-0.0037887956,0.05846077,0.17327079,-0.1791773,-0.09050774,0.13044254,-0.072001226,0.18439705030745082,0.0,0.004609926257686271,0.011063823476433754,0.0029411750000000003,11.7647,False,0,0.43734455675065953,0.15795118558125062,0.05205833215579586,0.4402029745723189,0.1547783169354307,0.034107054919999685,0.11240690081612875,0.002207257915637441,-0.0008922319993937625,0.9936594021545201,-0.03961651,0.25913167,0.20314422,0.51931678612818,3.584100340958685e-05,0.00012554599379654974,0.0009904549951897934,0.00061536900466308,0.00017484900308772922,0.00010612700134515762,0.002394027993432246,0.017442031006794423,0.01983605900022667,50.41323984711746,0
268,5.380088635007269,-0.051662747059957326,-0.968460814361908,1.3026636282550257,-1.9259115658202113,-1.3619630972491663,0.21858063340187073,-0.2127830684185028,-1.584406852722168,-0.6999363899230957,-0.6779671907424927,0.0036153756082057953,0.23004119098186493,-0.2101948857307434,-2.1541953086853027,-1.1722851991653442,-0.9139232635498047,0.11697729676961899,0.13134095072746277,-1.0830186479955515,-0.6106286467662999,0.9192468940541063,-0.10659823368324393,0.15467695552231564,0.11785837589878548,-0.050821204,-0.9588721,1.3088052,-1.934153,-1.3650166,0.22396207,-0.050821204,-0.9588721,1.3088052,-1.934153,-1.3650166,0.22396207,-0.05166274681687355,-0.9684607982635498,1.3026636838912964,-1.925911545753479,-1.361963152885437,0.21858063340187073,0.02103857,0.23971769,0.15353891,-0.20603555,-0.07633535,0.13453591,-0.09440544,0.15366420858954238,0.0,0.0038416052147385595,0.009219852276146412,0.005294125,21.1765,False,0,0.43738601251931936,0.15778962499731297,0.05271439377876119,0.44031588599929666,0.1552507679381641,0.03402501667174651,0.11292611370679928,0.006169778917826979,-0.0003119889247681848,0.9935842220139356,-0.03961651,0.25913167,0.20314422,0.5193531097267221,3.469400689937174e-05,0.00010996000492013991,0.0006797719979658723,0.0002648000081535429,0.00015414500376209617,9.697600034996867e-05,0.001682867994531989,0.018149143012124114,0.019832011006656103,50.42352990144952,0
269,5.400086679001106,-0.05178291002382451,-0.9696141642383118,1.3038180510150355,-1.926589151422018,-1.3623016516314905,0.21920691430568695,-0.1833583265542984,-1.5330901145935059,-0.6939951181411743,-0.6597474813461304,-0.03255815431475639,0.24231082201004028,-0.11170478165149689,-2.085310935974121,-1.1571801900863647,-0.9044904112815857,0.12381754070520401,0.1306813508272171,-1.223577593197512,-0.5801112843719184,1.1727390701526776,-0.13240222091210474,0.1672916425667384,0.1106424601021312,-0.04969193,-0.9546533,1.3087006,-1.9358606,-1.3643365,0.22456408,-0.04969193,-0.9546533,1.3087006,-1.9358606,-1.3643365,0.22456408,-0.05178290978074074,-0.9696141481399536,1.3038181066513062,-1.9265891313552856,-1.3623017072677612,0.21920691430568695,0.052274533,0.37402052,0.12206216,-0.23178689,-0.050869584,0.13392901,-0.11339047,0.128053507157952,0.0,0.0032013376789488,0.007683210540562868,0.005294125,21.1765,False,0,0.43732499793905844,0.1576625591085432,0.05291768460379598,0.4407023049584952,0.15602930068609655,0.03401831447978673,0.11436473223004207,0.005250752667976852,0.0016601964855347678,0.9934235452325297,-0.03961651,0.25913167,0.20314422,0.5195573458100458,4.826100484933704e-05,0.0001268179912585765,0.000531936006154865,0.00030626299849245697,0.00018922300660051405,0.00010853899584617466,0.0016277929971693084,0.01819130800140556,0.019819100998574868,50.45637539623553,0
270,5.420091745007085,-0.051798645650045216,-0.9697240155986329,1.3048113028155726,-1.9275042019286097,-1.3628009001361292,0.21995703876018524,-0.0714917927980423,-1.2822483777999878,-0.7202556133270264,-0.6793779134750366,-0.007264018524438143,0.21440783143043518,0.02074982225894928,-1.4813001155853271,-1.1629462242126465,-0.9065850973129272,0.13663554191589355,0.12894099950790405,-0.8471979964044752,-0.3159332661573512,1.2781030385340468,-0.11275871745942914,0.1489229041708007,0.12260006846183615,-0.04837557,-0.9515228,1.3085059,-1.9374628,-1.3636553,0.22516684,-0.04837557,-0.9515228,1.3085059,-1.9374628,-1.3636553,0.22516684,-0.05179864540696144,-0.9697239995002747,1.3048113584518433,-1.9275041818618774,-1.3628009557724,0.21995703876018524,0.0855769,0.45502877,0.09236383,-0.24896432,-0.021358594,0.13024499,-0.12057031,0.10671125596495999,0.0,0.002667781399124,0.006402675528079271,0.005294125,21.1765,False,0,0.43724521946886064,0.1575439478176999,0.052734056374808075,0.44105609894337877,0.1568746497743821,0.03414422225405617,0.1160895557152326,0.005580267979583841,0.0007818642254733346,0.9932227633813511,-0.03961651,0.25913167,0.20314422,0.5196764912110475,3.505899803712964e-05,0.00013093999586999416,0.0005379569920478389,0.00030006600718479604,0.00019814699771814048,0.00010309599747415632,0.0016241470002569258,0.018206704000476748,0.019830851000733674,50.42647942657647,0
271,5.440085762005765,-0.051636521016256154,-0.9687357109836121,1.3056114355670374,-1.9287926159300746,-1.3632996718036097,0.22060449421405792,0.05931263789534569,-1.1680082082748413,-0.6815762519836426,-0.593451201915741,0.010919209569692612,0.2712165415287018,0.19308094680309296,-1.5267077684402466,-1.194941520690918,-0.9254636764526367,0.1555388867855072,0.12631280720233917,-0.6999519807451047,0.5119092635255741,4.26662036580869,0.022361081635086117,0.23138536275774685,0.3188299685059851,-0.047267176,-0.9487386,1.308857,-1.938892,-1.3632799,0.22570062,-0.047267176,-0.9487386,1.308857,-1.938892,-1.3632799,0.22570062,-0.05163652077317238,-0.9687356948852539,1.305611491203308,-1.9287925958633423,-1.3632997274398804,0.22060449421405792,0.10923359,0.49992847,0.08113783,-0.25248563,0.0004941857,0.12740302,-0.11747458,0.08892604663746667,0.0,0.002223151165936667,0.005335562862455845,0.005294125,21.1765,False,0,0.437171849523516,0.15750141067912898,0.0521697217643762,0.44094115360077263,0.15756136515276936,0.03397263329048181,0.11751353354333677,0.010489664407186863,-0.0031181924041566896,0.9930109831233456,-0.03961651,0.25913167,0.20314422,0.5194913105416165,4.226299643050879e-05,0.00011574599193409085,0.000516035986947827,0.0002830860030371696,0.00019641700782813132,9.615901217330247e-05,0.0015615110023645684,0.018257335002999753,0.01981884600536432,50.457024577986644,0
272,5.460091910004849,-0.05144817033876592,-0.9673569959453125,1.3060033957110804,-1.9304868183531703,-1.3636553923236292,0.22137469053268433,0.19825153052806854,-0.9483759999275208,-0.5146908164024353,-0.39426323771476746,0.01946590282022953,0.26979705691337585,0.2810109555721283,-1.6076648235321045,-1.2395734786987305,-0.9527588486671448,0.17271225154399872,0.12407245486974716,-2.8409674833047136,0.5930939350913516,7.24852017840014,0.04566238930844324,0.35835676337713007,0.18179486487577678,-0.046545394,-0.9462115,1.3089194,-1.9407824,-1.363003,0.22635709,-0.046545394,-0.9462115,1.3089194,-1.9407824,-1.363003,0.22635709,-0.051448170095682144,-0.9673569798469543,1.306003451347351,-1.930486798286438,-1.3636554479599,0.22137469053268433,0.12256945,0.52863693,0.072899856,-0.2573913,0.016311996,0.12456004,-0.10901029,0.07410503886455556,0.0,0.001852625971613889,0.0044463025406003,0.005294125,21.1765,False,0,0.4372721163975425,0.15749439635515797,0.05160006088140384,0.4410431289557161,0.1579826197682722,0.0338312510937812,0.11808171071109552,0.007076301001539558,-0.007800911445346732,0.9929480482635406,-0.03961651,0.25913167,0.20314422,0.5195495177850317,4.623000859282911e-05,0.00011875499330926687,0.0005064299912191927,0.000291919001028873,0.00019231099577154964,0.00010311799996998161,0.0015718479990027845,0.018266061000758782,0.019837908999761567,50.40853852147517,0
273,5.4800838280061726,-0.05119210878481084,-0.9653961819461365,1.3062523047076624,-1.9321471653380335,-1.3635509649859827,0.22222046554088593,0.304523229598999,-0.822307825088501,-0.3190228343009949,-0.22590726613998413,-0.12336178123950958,0.22677147388458252,0.28279751539230347,-1.6793544292449951,-1.2688655853271484,-0.970192551612854,0.22301289439201355,0.12273849546909332,-4.633612777601029,-3.2173170479162536,5.742498476642248,-0.346351110660376,0.3519035708970283,0.0993396168842942,-0.046850912,-0.94342995,1.3087746,-1.9427879,-1.3628701,0.22712222,-0.046850912,-0.94342995,1.3087746,-1.9427879,-1.3628701,0.22712222,-0.051192108541727066,-0.9653961658477783,1.306252360343933,-1.9321471452713013,-1.3635510206222534,0.22222046554088593,0.1085299,0.54915494,0.06305667,-0.26601782,0.017022517,0.12254387,-0.11220171,0.0617541990537963,0.0,0.0015438549763449076,0.0037052519619464874,0.005294125,21.1765,False,0,0.4373424126247271,0.15762495804636872,0.050841573895301584,0.44126152443607597,0.15790440790674157,0.03314907796123037,0.11910532334369772,0.005883326437379456,-0.006887470916900687,0.9928403100089187,-0.03961651,0.25913167,0.20314422,0.5199894152973789,3.4558994229882956e-05,0.0001109629956772551,0.0005063429998699576,0.00025763700250536203,0.0001796889991965145,0.00012047699419781566,0.0015016190009191632,0.01832960400497541,0.01983122300589457,50.425533498501984,0
274,5.500091747002443,-0.050716702138082326,-0.96238066375766,1.3074339071856897,-1.9325863323607386,-1.363795582448141,0.22290796041488647,0.2669026851654053,-1.2807101011276245,-0.8169804811477661,-0.7122080326080322,0.039247848093509674,0.24112659692764282,0.26652586460113525,-1.7403606176376343,-1.2952470779418945,-0.987441897392273,0.3053969144821167,0.12302935868501663,-0.7461372156280154,0.012372023935465104,-0.32194607009404264,-0.1043226636740719,0.15291897822239614,0.11865216345121213,-0.046762455,-0.94090414,1.3081882,-1.9443831,-1.3631058,0.22725621,-0.046762455,-0.94090414,1.3081882,-1.9443831,-1.3631058,0.22725621,-0.05071670189499855,-0.9623806476593018,1.3074339628219604,-1.9325863122940063,-1.3637956380844116,0.22290796041488647,0.09885613,0.536913,0.018856589,-0.29492217,0.017245462,0.10870604,-0.057394512,0.05146183254483025,0.0,0.0012865458136207563,0.003087709890678525,0.005294125,21.1765,False,0,0.4367019362655443,0.15780471594013692,0.0492351569258781,0.44160742561926636,0.15744576290486237,0.034255551378319975,0.11787260200726124,-0.0009904336549943571,-0.0018055271922546717,0.9930266026224979,-0.03961651,0.25913167,0.20314422,0.5200383480173808,4.293600795790553e-05,0.00012575800064951181,0.0005040350079070777,0.00028772799123544246,0.00016307400073856115,0.0001452899887226522,0.0015723690012237057,0.01827677599794697,0.019849144999170676,50.380003775567225,0
275,5.520133840007475,-0.05004913011659795,-0.9588750761798401,1.3082073370562952,-1.933396955529684,-1.3637436071978968,0.22362655401229858,0.17970427870750427,-1.6222655773162842,-0.9738553166389465,-0.8678641319274902,0.09394963830709457,0.2240113765001297,0.22187510132789612,-1.7763981819152832,-1.3146346807479858,-1.0027549266815186,0.3526219427585602,0.12545086443424225,-0.19381209063185992,-1.5339067428088806,-2.173822209609516,-0.12782658099038513,0.10133749678486721,0.13528202570103084,-0.046659,-0.9396181,1.308532,-1.9451033,-1.363097,0.2273995,-0.046659,-0.9396181,1.308532,-1.9451033,-1.363097,0.2273995,-0.050049129873514175,-0.9588750600814819,1.308207392692566,-1.9333969354629517,-1.3637436628341675,0.22362655401229858,0.08475321,0.48142353,0.008115676,-0.29265964,0.016168864,0.094323784,0.020627966,0.04563525594077741,0.00041255932301282884,0.0011408813985194352,0.00257309153676033,0.005294125,21.1765,False,0,0.4361867284534888,0.15812881409900942,0.047586399652058436,0.44130072650271457,0.15683656679582006,0.035628813280824484,0.11705330129364155,-0.003972127578071586,-0.008956399136522648,0.9930773121071296,-0.03961651,0.25913167,0.20314422,0.5194295804932646,3.437200211919844e-05,0.00010337300773244351,0.00042259201291017234,0.00030811400210950524,0.00014215399278327823,9.496000711806118e-05,0.0013971869921078905,0.01848673001222778,0.01988391700433567,50.29190173052678,0
276,5.540087797999149,-0.04950839677919561,-0.9559158843806763,1.3082564512835901,-1.9353777370848597,-1.3637273947345179,0.22430914640426636,0.2405983954668045,-1.4425009489059448,-0.8347164392471313,-0.6963573694229126,0.13632658123970032,0.2044794112443924,0.20046623051166534,-1.8072530031204224,-1.3326343297958374,-1.013408899307251,0.37161803245544434,0.12454479932785034,-1.976849141102234,-1.1882986674982223,-0.8280708490150409,-0.14476845628385254,0.16950206542977397,0.10895606642016822,-0.04783523,-0.9376826,1.3089458,-1.9469659,-1.3635554,0.22820006,-0.04783523,-0.9376826,1.3089458,-1.9469659,-1.3635554,0.22820006,-0.04950839653611183,-0.9559158682823181,1.3082565069198608,-1.9353777170181274,-1.3637274503707886,0.22430914640426636,0.04182914,0.45583138,0.017230224,-0.2897048,0.004301875,0.09727304,0.0015694782,0.0409890391961339,0.0004439488868229091,0.0010247259799033475,0.002281762892380357,0.00862745,34.5098,False,0,0.4362331280388917,0.1583618800392127,0.04648136364322314,0.44153223214814113,0.15655312309657352,0.03400034171457331,0.11824725595912794,0.003907710902681237,-0.0001058346885576926,0.9929764983785211,-0.03961651,0.25913167,0.20314422,0.5202269918251157,3.788199683185667e-05,0.00012059000437147915,0.000629250003839843,0.00028004299383610487,0.00015445500321220607,0.00010399399616289884,0.0016745369939599186,0.018096505998983048,0.019771042992942967,50.57902106413596,0
277,5.560134604005725,-0.04896861711610967,-0.953215555553772,1.308284107838766,-1.9373365841307582,-1.3636916319476526,0.2249443680047989,0.2709626257419586,-1.3165725469589233,-0.8517383933067322,-0.6311061978340149,0.1668613702058792,0.2229308784008026,0.1957312673330307,-1.8468843698501587,-1.4191522598266602,-1.0110015869140625,0.3684024512767792,0.12247097492218018,-1.0669576841887023,-0.357527436120629,0.1597859160072344,-0.13315807157291337,0.13781558083527654,0.10896903410521543,-0.047399595,-0.93517196,1.3082907,-1.949467,-1.3635751,0.2285317,-0.047399595,-0.93517196,1.3082907,-1.949467,-1.3635751,0.2285317,-0.048968616873025894,-0.9532155394554138,1.3082841634750366,-1.9373365640640259,-1.3636916875839233,0.2249443680047989,0.039225586,0.45108995,0.00016495399,-0.30325866,0.0029138206,0.08968352,0.038180314,0.04220790044285381,0.0012075551669113338,0.0010551975110713453,0.0020494519267231226,0.00862745,34.5098,False,0,0.43630567924841784,0.15859788872564295,0.04549147169598422,0.4419476087397534,0.15676040385780168,0.0348034615395565,0.11969739530308532,0.014091036070556506,-0.0011995234611163665,0.992709682352229,-0.03961651,0.25913167,0.20314422,0.5203099928415952,3.529699461068958e-05,0.00011342900688759983,0.0005070180050097406,0.00041580101242288947,0.00021312299941200763,0.00011588398774620146,0.0017215980042237788,0.018160191000788473,0.01988178900501225,50.29728460290457,0
278,5.5801329700043425,-0.04842549959291631,-0.9506217998317261,1.3082717100726526,-1.9389797649779261,-1.3635953108416956,0.22553113102912903,0.20782887935638428,-1.2476311922073364,-0.7977256178855896,-0.6333588361740112,0.14906969666481018,0.1933688372373581,0.15758748352527618,-1.8573931455612183,-1.4598627090454102,-1.0129066705703735,0.33473673462867737,0.12559764087200165,-0.6790179918893609,-0.863168605957123,0.2175321197544797,-0.1539039836942711,0.11348896926221086,0.08117794629787839,-0.04753318,-0.93364257,1.3080661,-1.951013,-1.3635181,0.22911738,-0.04753318,-0.93364257,1.3080661,-1.951013,-1.3635181,0.22911738,-0.048425499349832535,-0.9506217837333679,1.3082717657089233,-1.9389797449111938,-1.3635953664779663,0.22553113102912903,0.022307979,0.42448002,-0.0051417877,-0.3008295,0.001930737,0.089656115,0.03283223,0.04760124899813305,0.0018641997943632306,0.0011900312249533262,0.0021103951148688793,0.00862745,34.5098,False,0,0.43632646382027135,0.15885202609170967,0.044533263533958395,0.44219421787580804,0.15662058567900425,0.03398231283779057,0.11894061753642204,0.001785970401641232,-0.0002515593259574782,0.9928997223782633,-0.03961651,0.25913167,0.20314422,0.5208318844372967,3.745801222976297e-05,0.00011727299715857953,0.00047623699356336147,0.00043527199886739254,0.0001774989941623062,9.995100845117122e-05,0.0016530230059288442,0.018185690001701005,0.01983871300762985,50.406495603591125,0
279,5.600086078004097,-0.04802447954286748,-0.9478495281985779,1.308342758809225,-1.9406067333617152,-1.3635237852679651,0.22606167197227478,0.1893800050020218,-1.3154988288879395,-0.7844339609146118,-0.6115056872367859,0.14588230848312378,0.1972322165966034,0.1771240234375,-1.8549323081970215,-1.4943479299545288,-1.0188519954681396,0.30742231011390686,0.12482818216085434,-1.8358655911975057,-1.7810894266277761,-0.25399220773090175,-0.18489052486367022,0.15167137841711967,0.11839423357959233,-0.047161978,-0.9323108,1.3082542,-1.9523112,-1.3636402,0.22958344,-0.047161978,-0.9323108,1.3082542,-1.9523112,-1.3636402,0.22958344,-0.04802447929978371,-0.9478495121002197,1.3083428144454956,-1.940606713294983,-1.3635238409042358,0.22606167197227478,0.021562552,0.38846695,-0.002215786,-0.29261082,-0.0029086722,0.08804411,0.06395833,0.06062348371987351,0.0031433664332143965,0.0015155870929968378,0.002380062360316515,0.00862745,34.5098,False,0,0.436318448175032,0.15904092939287365,0.043471504528814126,0.44201753010583833,0.1566174268885534,0.0341084568801369,0.11939643834131708,0.003599399414586147,0.00043582855025564235,0.9928400308097124,-0.03961651,0.25913167,0.20314422,0.5206280908182351,3.5896009649150074e-05,0.00012017101107630879,0.0005740339984185994,0.0003161610075039789,0.0001569969899719581,9.838600817602128e-05,0.0016236990049947053,0.018128066003555432,0.019751765008550137,50.628386858952624,0
280,5.620082477995311,-0.047753159199849904,-0.9450459045222779,1.3084028402911585,-1.9421035252013148,-1.3635318914996546,0.22657781839370728,0.19903478026390076,-1.4855685234069824,-0.8643787503242493,-0.6738300323486328,0.14242325723171234,0.19402940571308136,0.16182532906532288,-1.8662736415863037,-1.574227213859558,-1.0182582139968872,0.29212015867233276,0.12453851103782654,-0.9919823929448902,-0.7251541451663116,-0.7857152963507968,-0.13896197268125743,0.12407575568082994,0.09612931608776049,-0.046509225,-0.9323667,1.3084984,-1.9533993,-1.3635427,0.23008247,-0.046509225,-0.9323667,1.3084984,-1.9533993,-1.3635427,0.23008247,-0.04775315895676613,-0.9450458884239197,1.3084028959274292,-1.9421035051345825,-1.3635319471359253,0.22657781839370728,0.031098388,0.31697923,0.002387774,-0.28239542,-0.0002692975,0.08761639,0.09132053,0.08365141659867274,0.0049697770248167215,0.0020912854149668187,0.003031174186617136,0.00862745,34.5098,False,0,0.4362971796694638,0.15915637569170468,0.04238368539268009,0.44221475696448215,0.15663817719584747,0.03402485955219689,0.11970273442484058,0.004235776340279764,4.158578940716487e-05,0.9928007619345474,-0.03961651,0.25913167,0.20314422,0.520833605940259,0.00010723299055825919,0.0001192439958686009,0.0004921820072922856,0.0002490219922037795,0.00014894999912939966,9.907499770633876e-05,0.0015323539992095903,0.018275914990226738,0.01980826898943633,50.48396710148151,0
281,5.640142229996854,-0.047637287770406544,-0.942695752983429,1.3083556334124964,-1.9437505207457484,-1.3635600248919886,0.22707243263721466,0.22392110526561737,-1.414984107017517,-0.9368503093719482,-0.6795464754104614,0.1570151001214981,0.21022936701774597,0.11857784539461136,-1.8749912977218628,-1.6150985956192017,-1.008173942565918,0.28529271483421326,0.12351258099079132,-0.9888403732647155,-0.636198693200895,-0.330253430241471,-0.11891388463862951,0.12296057643450364,0.12914418907967898,-0.04576126,-0.9344953,1.3091877,-1.9540391,-1.3635752,0.23066962,-0.04576126,-0.9344953,1.3091877,-1.9540391,-1.3635752,0.23066962,-0.04763728752732277,-0.9426957368850708,1.308355689048767,-1.9437505006790161,-1.3635600805282593,0.22707243263721466,0.04690069,0.2050123,0.020798199,-0.25721627,-0.00037957355,0.08992973,0.1221474,0.11912768115199694,0.0074127250979654485,0.0029781920287999235,0.004182570613920689,0.00862745,34.5098,False,0,0.43641533495850166,0.1591938803510534,0.04153217431854317,0.44230066227297693,0.1566984581551976,0.0340366118085923,0.1190265578807545,0.0033141986396184645,2.1596711692467574e-06,0.9928855691312609,-0.03961651,0.25913167,0.20314422,0.5208974064777989,3.712601028382778e-05,0.00013584499538410455,0.000615664990618825,0.0002626009954838082,0.0001506200060248375,9.964501077774912e-05,0.001637928988202475,0.018242726000607945,0.01988065498881042,50.30015361982981,0
282,5.660133983998094,-0.047553364430562794,-0.9405615490726014,1.3083284536944788,-1.9455262623228968,-1.3635318914996546,0.22757549583911896,0.25878027081489563,-1.4040628671646118,-0.9778741598129272,-0.6337525844573975,0.16212160885334015,0.21232230961322784,0.14328521490097046,-1.910469651222229,-1.6205391883850098,-1.0065765380859375,0.28710123896598816,0.12207712978124619,-1.3800823476162265,-0.44333992258886773,-0.15181455349100031,-0.12706739167926812,0.15660658142006736,0.12433601694929748,-0.04519659,-0.9390969,1.3104591,-1.9541934,-1.3637708,0.23132856,-0.04519659,-0.9390969,1.3104591,-1.9541934,-1.3637708,0.23132856,-0.04755336418747902,-0.9405615329742432,1.3083285093307495,-1.9455262422561646,-1.3635319471359253,0.22757549583911896,0.058919355,0.036615204,0.053265437,-0.21667875,-0.005971133,0.09382663,0.15691687,0.16961348450202154,0.010551062531303614,0.004240337112550539,0.005956383887678385,0.00862745,34.5098,False,0,0.43658489827175184,0.1592283364126748,0.04078080175432097,0.44217385463144127,0.1567006726075876,0.03401970687749512,0.11925959280329956,0.004270789129429072,-0.00034623931483877476,0.992853854745149,-0.03961651,0.25913167,0.20314422,0.5207851444925207,3.6501995055004954e-05,0.00011657399591058493,0.001975769002456218,0.00027767599385697395,0.00018992299737874418,9.975100692827255e-05,0.0030415880028158426,0.01678590899973642,0.019827497002552263,50.4350095158898,0
283,5.680132285997388,-0.04736978212465459,-0.9385759395411988,1.308387581502096,-1.947099348107809,-1.3635438124286097,0.228074848651886,0.2756655514240265,-1.5258448123931885,-0.9477957487106323,-0.6809511184692383,0.19334621727466583,0.1774543672800064,0.22019782662391663,-1.9780186414718628,-1.589953899383545,-1.0132116079330444,0.29674750566482544,0.12108387798070908,-1.4934321253293663,-0.17803823205725305,-0.8249112703355895,-0.10946883725022902,0.14730114166138436,0.08472090760048064,-0.04511647,-0.9464349,1.3118765,-1.9537677,-1.3641549,0.23181194,-0.04511647,-0.9464349,1.3118765,-1.9537677,-1.3641549,0.23181194,-0.047369781881570816,-0.9385759234428406,1.3083876371383667,-1.9470993280410767,-1.3635438680648804,0.228074848651886,0.05633277,-0.19647503,0.087221906,-0.16670711,-0.015276697,0.09342743,0.18815356,0.2367721292843703,0.014314133829902858,0.005919303232109258,0.008480674587190151,0.00862745,34.5098,False,0,0.43667974873012977,0.15929983085403504,0.04004855611950739,0.4421632709890482,0.15653168121898675,0.034120262915532815,0.11922470012994008,0.004895583459575338,0.00033531174767030894,0.9928551845192506,-0.03961651,0.25913167,0.20314422,0.5207759731807643,3.492100222501904e-05,0.00011592700320761651,0.0007248870097100735,0.0009774049976840615,0.00017582900181878358,0.00011147500481456518,0.0024578479933552444,0.017363771999953315,0.01982161999330856,50.44996323900786,0
284,5.700078670997755,-0.047085110341207326,-0.9371413153460999,1.3084386030780237,-1.948528905908102,-1.3635042349444788,0.22857791185379028,0.23972618579864502,-1.6394507884979248,-0.8351412415504456,-0.7218177914619446,0.1826750785112381,0.19684429466724396,0.2615756690502167,-2.0718135833740234,-1.4904123544692993,-1.0265967845916748,0.2986821234226227,0.12082790583372116,-1.3785718372822908,-0.5733406235257199,-1.3291064474959515,-0.1155126913207647,0.13162472256072497,0.10060298032796036,-0.045705114,-0.9548082,1.3133357,-1.9528124,-1.3642439,0.23196432,-0.045705114,-0.9548082,1.3133357,-1.9528124,-1.3642439,0.23196432,-0.04708511009812355,-0.9371412992477417,1.3084386587142944,-1.9485288858413696,-1.3635042905807495,0.22857791185379028,0.034499902,-0.44167158,0.122425616,-0.107090145,-0.018489424,0.0846603,0.19007328,0.3180807708065364,0.01811559946043417,0.00795201927016341,0.011838606558740139,0.0020588225000000003,8.23529,False,0,0.436788870401766,0.15942605045433075,0.039544573832762,0.44230662518924924,0.15667893494643614,0.034156837243311804,0.12054601365820788,0.007285801512753102,-0.0006608415777284542,0.99268079316953,-0.03961651,0.25913167,0.20314422,0.5208677450059692,3.910600207746029e-05,0.00011509799514897168,0.0005557389958994463,0.00031650000892113894,0.00015604900545440614,0.00010309400386177003,0.0016065840027295053,0.018154671997763216,0.019761256000492722,50.604070914068735,0
285,5.720080657003564,-0.04676181474794561,-0.9366362255862732,1.3086393515216272,-1.949902673760885,-1.3635080496417444,0.22910021245479584,0.2502036392688751,-1.773208737373352,-0.818655788898468,-0.6927281618118286,0.1441085785627365,0.18986016511917114,0.2519059479236603,-2.242117404937744,-1.4143275022506714,-1.0496762990951538,0.2836194336414337,0.120609812438488,-1.485484045788689,-0.6158457768589755,-0.9048931941871357,-0.12128483019806185,0.13710048453598836,0.11904797360487968,-0.04691175,-0.9613478,1.314692,-1.9519017,-1.3638108,0.23177283,-0.04691175,-0.9613478,1.314692,-1.9519017,-1.3638108,0.23177283,-0.04676181450486183,-0.936636209487915,1.308639407157898,-1.9499026536941528,-1.3635081052780151,0.22910021245479584,-0.0037483505,-0.61779004,0.15131593,-0.04997488,-0.007567659,0.06681522,0.15394442,0.4063638944529123,0.021194487817119807,0.010159097361322809,0.01590403914451599,0.0020588225000000003,8.23529,False,0,0.4369361686419152,0.15955706180999102,0.03938959127162478,0.4422379974073616,0.1566618529298157,0.03418141636155894,0.11926763104192378,0.006534967405737934,-0.0005436350711341166,0.9928404745983618,-0.03961651,0.25913167,0.20314422,0.5207996350214227,3.5286007914692163e-05,0.0001315549889113754,0.0006059130100766197,0.0002881929976865649,0.00017940200632438064,0.00011308999091852456,0.001703340996755287,0.018113375001121312,0.0198167159978766,50.46244797105393,0
286,5.74009253999975,-0.04644662538637334,-0.9374340337565918,1.3090985457049769,-1.950937887231344,-1.3635438124286097,0.2296234518289566,0.24126675724983215,-2.14821720123291,-0.8652142286300659,-0.7686021327972412,0.10522650182247162,0.17140883207321167,0.22554124891757965,-2.984259605407715,-1.441307783126831,-1.066419243812561,0.25776317715644836,0.1199226900935173,-0.38804632410082224,-0.5668251798962919,-2.025009599006592,-0.10198439427668421,0.09578402571798282,0.1286490414626167,-0.048096538,-0.965465,1.3156269,-1.9516315,-1.3623389,0.23151913,-0.048096538,-0.965465,1.3156269,-1.9516315,-1.3623389,0.23151913,-0.046446625143289566,-0.9374340176582336,1.3090986013412476,-1.9509378671646118,-1.3635438680648804,0.2296234518289566,-0.0412478,-0.7007751,0.1632057,-0.01734208,0.030124592,0.047392167,0.06537698,0.48865009510394,0.022502027458976954,0.0122162523775985,0.02031819522380829,0.0020588225000000003,8.23529,False,0,0.43707263139891533,0.15967778161799243,0.03968935496870157,0.44219015423696245,0.15669172561123315,0.03404398637538138,0.11979187373637235,0.005289018291138096,-0.0007344666984765505,0.9927846656917704,-0.03961651,0.25913167,0.20314422,0.5207940994558028,4.75759879918769e-05,0.0001274090027436614,0.0005886729923076928,0.0002961349964607507,0.00017905200365930796,0.00010140899394173175,0.0016987179988063872,0.018122604000382125,0.019821321999188513,50.45072170468449,0
287,5.760087268005009,-0.04626161256899053,-0.9394361537745972,1.309542481099264,-1.9518538914122523,-1.363520924245016,0.2301182895898819,0.19088071584701538,-2.1435487270355225,-0.7786983251571655,-0.6361353993415833,0.03235841169953346,0.18317213654518127,0.16518183052539825,-2.9551897048950195,-1.4285987615585327,-1.0592418909072876,0.24683180451393127,0.11912225186824799,-1.8709790517613805,-0.5319160790796009,-1.290430132693145,-0.14219003022358853,0.18201887249008064,0.17346930724395576,-0.04891694,-0.96828336,1.3162303,-1.9523134,-1.3601382,0.23152703,-0.04891694,-0.96828336,1.3162303,-1.9523134,-1.3601382,0.23152703,-0.046261612325906754,-0.939436137676239,1.3095425367355347,-1.95185387134552,-1.3635209798812866,0.2301182895898819,-0.066383176,-0.721181,0.16719325,-0.01148764,0.084569074,0.03521867,-0.050626826,0.5504716855742953,0.021489490948151797,0.013761792139357383,0.024432504549622536,0.0020588225000000003,8.23529,False,0,0.4373418031438567,0.15975013116197476,0.040503402614819634,0.4422289164657941,0.15650824580775866,0.03407518471578951,0.11832084917662683,0.00508425458943652,-0.00041555844812270204,0.9929623091176464,-0.03961651,0.25913167,0.20314422,0.5208559512929647,3.796099917963147e-05,0.00012271599553059787,0.000647620006930083,0.0003545989893609658,0.0001856720045907423,0.00010756099072750658,0.001874962996225804,0.01794685200729873,0.019821815003524534,50.44946690412503,0
288,5.780087710998487,-0.04626161256899053,-0.9423409861377259,1.3103812376605433,-1.9522649250426234,-1.36359149614443,0.23049896955490112,0.05881171673536301,-2.052332878112793,-0.8044858574867249,-0.6420107483863831,0.06390264630317688,0.1523192971944809,-0.05500001460313797,-2.8301169872283936,-1.3878064155578613,-1.0363099575042725,0.29588502645492554,0.11846307665109634,-1.3397260499003847,-0.695145935525456,-0.698016592135235,-0.12453627160764942,0.1576210493948084,0.10335638766033965,-0.049467295,-0.97067666,1.3174253,-1.9530375,-1.3581204,0.23180012,-0.049467295,-0.97067666,1.3174253,-1.9530375,-1.3581204,0.23180012,-0.046261612325906754,-0.9423409700393677,1.310381293296814,-1.9522649049758911,-1.3635915517807007,0.23049896955490112,-0.08014206,-0.7083919,0.1760997,-0.019313926,0.1367792,0.03252899,-0.16088189,0.5805387587200371,0.01827185311121866,0.01451346896800093,0.02752358466386795,0.0020588225000000003,8.23529,False,0,0.43749978169029163,0.15972642204541765,0.0415441300590311,0.4422046087760687,0.1565576683512124,0.0341054327979061,0.11882296110019253,0.005565797196127703,-0.00013154803606572202,0.9928998736519066,-0.03961651,0.25913167,0.20314422,0.5208139101424619,3.80709971068427e-05,0.00012557000445667654,0.0006331500044325367,0.00031185700208880007,0.00016670700279064476,0.00010805499914567918,0.0018004430021392182,0.018025137993390672,0.01982558099552989,50.43988371515931,0
289,5.800133416996687,-0.04640514055360967,-0.9458391231349488,1.3113616148578089,-1.9523364506163539,-1.3635318914996546,0.23084507882595062,-0.13622115552425385,-1.9933785200119019,-0.8189254999160767,-0.6185833811759949,0.19908972084522247,0.17248672246932983,-0.26884520053863525,-2.688751697540283,-1.3466036319732666,-0.975731372833252,0.43725064396858215,0.11876638233661652,-0.9674906303188587,-0.9769731115163893,-0.6136518164994199,-0.11975704088553805,0.13884007475543145,0.12432859354130704,-0.049848642,-0.97313166,1.3189054,-1.9534336,-1.35698,0.2323228,-0.049848642,-0.97313166,1.3189054,-1.9534336,-1.35698,0.2323228,-0.046405140310525894,-0.9458391070365906,1.3113616704940796,-1.9523364305496216,-1.3635319471359253,0.23084507882595062,-0.08608752,-0.68231356,0.18859278,-0.027431456,0.16380061,0.036942936,-0.23557314,0.5741849006392283,0.013560390255879611,0.01435462251598071,0.0290269386023283,0.0020588225000000003,8.23529,False,0,0.4376225005944417,0.15967284016810532,0.042775523557774475,0.44237121665658025,0.156481957889457,0.034018844682316036,0.11917773519373143,0.004880591050864903,0.00018193462683012765,0.9928609421323129,-0.03961651,0.25913167,0.20314422,0.5210110610410146,3.939701127819717e-05,0.00012832999345846474,0.0006956199940759689,0.0003316950023872778,0.00020172000222373754,0.00013081000361125916,0.001962845999514684,0.01788329800183419,0.019846144001348875,50.38762189431022,0
290,5.820130327003426,-0.04671651521791631,-0.9497020405581971,1.3123810927020472,-1.9523292980589808,-1.363276783620016,0.2310691624879837,-0.1585494428873062,-1.9491530656814575,-0.7631158232688904,-0.6151403784751892,0.2572613060474396,0.16539201140403748,-0.2577989101409912,-2.569040060043335,-1.3041796684265137,-0.9241292476654053,0.44426167011260986,0.12006004899740219,-1.4082658834980581,-0.6511091059404124,-0.40786389797387745,-0.11680145241614308,0.1602534147477566,0.09898749911061934,-0.05005958,-0.9759085,1.3202434,-1.9534336,-1.357217,0.23292485,-0.05005958,-0.9759085,1.3202434,-1.9534336,-1.357217,0.23292485,-0.046716514974832535,-0.9497020244598389,1.3123811483383179,-1.9523292779922485,-1.3632768392562866,0.2310691624879837,-0.08357659,-0.65516204,0.1965554,-0.027608626,0.15149812,0.046392106,-0.2527843,0.5351854440023687,0.008504704020451755,0.013379636100059218,0.02870924584567547,0.0020588225000000003,8.23529,False,0,0.43777957813470686,0.1595908148477432,0.04415459011795686,0.4421662951373607,0.1566044591265195,0.034078047751330096,0.11861460436974369,0.005213914797712977,-0.00037081737910215143,0.9929266026082889,-0.03961651,0.25913167,0.20314422,0.5207781408629878,3.543999628163874e-05,0.00011079800606239587,0.0015396270027849823,0.0002755619934760034,0.0001851339911809191,0.00010865200601983815,0.0026726879877969623,0.01717197500693146,0.019844662994728424,50.391382321062444,0
291,5.84013923900784,-0.04706031480898076,-0.9537242215922852,1.313364330922262,-1.9523688755431117,-1.3627193609820765,0.23126091063022614,-0.19610938429832458,-1.8794350624084473,-0.7713843584060669,-0.6514206528663635,0.28214138746261597,0.16033214330673218,-0.24303646385669708,-2.490734815597534,-1.2717710733413696,-0.9197356104850769,0.44100773334503174,0.11550286412239075,-1.4322828961338385,-0.5245395525834958,-0.08995749940015238,-0.12425784943458705,0.15075877014305755,0.11672279321562293,-0.050128363,-0.9787828,1.3212119,-1.9535345,-1.3585601,0.23364373,-0.050128363,-0.9787828,1.3212119,-1.9535345,-1.3585601,0.23364373,-0.04706031456589699,-0.953724205493927,1.3133643865585327,-1.9523688554763794,-1.3627194166183472,0.23126091063022614,-0.0767012,-0.62646466,0.19618835,-0.029140117,0.103983395,0.059570312,-0.22297925,0.4729553304623139,0.004045119069050998,0.011823883261557849,0.026759272441267967,0.0020588225000000003,8.23529,False,0,0.4379790153331207,0.159562979574143,0.04563112326254762,0.44222611718061544,0.15651900524967421,0.034076889706564424,0.11874461686579124,0.004725558714116635,-0.00014220433467129756,0.9929136018948135,-0.03961651,0.25913167,0.20314422,0.5208506884073801,3.514399577397853e-05,0.00012125099601689726,0.0005804590036859736,0.0003029609943041578,0.00017749199469108135,0.0001225279993377626,0.0019544140086509287,0.017887073001475073,0.019841487010126002,50.39944836239618,0
292,5.860129877997679,-0.047468010579244435,-0.9577142161181946,1.3143723646747034,-1.952536245385641,-1.3618500868426722,0.23144888877868652,-0.19439774751663208,-1.8084139823913574,-0.7272471189498901,-0.6527099013328552,0.2565559148788452,0.18561789393424988,-0.23141761124134064,-2.456646203994751,-1.2582160234451294,-0.9263026118278503,0.4300457239151001,0.1243482157588005,-1.4095037606410594,-1.2888440972087813,0.014645638652045434,-0.13556676435478723,0.1647557177623401,0.13019418687880605,-0.05016145,-0.98084325,1.3221107,-1.9541025,-1.3603778,0.23448141,-0.05016145,-0.98084325,1.3221107,-1.9541025,-1.3603778,0.23448141,-0.04746801033616066,-0.9577142000198364,1.3143724203109741,-1.9525362253189087,-1.3618501424789429,0.23144888877868652,-0.06733602,-0.5782255,0.19345689,-0.039156497,0.036809295,0.07581298,-0.1650263,0.3990933948981326,0.0007445929269306369,0.009977334872453315,0.023647766560316086,0.0035294000000000002,14.1176,False,0,0.43820501029508074,0.1595786677007587,0.0471132785219803,0.4422327887845188,0.15657275783588717,0.03405967782345968,0.11879255766899521,0.0054460138481170865,-0.0005400408739801577,0.9929040195958194,-0.03961651,0.25913167,0.20314422,0.5208518606215884,3.64540028385818e-05,0.00010999399819411337,0.0005340780044207349,0.0003814930096268654,0.00015517600695602596,9.857300028670579e-05,0.0016958900087047368,0.018138949992135167,0.019834840000839904,50.41633811806171,0
293,5.880135077008163,-0.04788095155824834,-0.9614790242961426,1.3154280821429651,-1.9527512989439906,-1.3609874884234827,0.23171597719192505,-0.21554239094257355,-1.82583487033844,-0.7345507740974426,-0.6365107893943787,0.2496860921382904,0.19219553470611572,-0.2241978943347931,-2.450439453125,-1.2618980407714844,-0.9313862323760986,0.41579657793045044,0.12645357847213745,-1.4422036325577763,-1.03659366013047,0.03041005173564698,-0.14264436019181295,0.1681832031444913,0.10950233735947996,-0.050051406,-0.98099536,1.3231211,-1.9552754,-1.3620436,0.23542434,-0.050051406,-0.98099536,1.3231211,-1.9552754,-1.3620436,0.23542434,-0.047880951315164566,-0.9614790081977844,1.3154281377792358,-1.9527512788772583,-1.3609875440597534,0.23171597719192505,-0.054261386,-0.48790878,0.19232349,-0.063102126,-0.026401054,0.09270898,-0.10307499,0.3325778290817772,0.0,0.00831444572704443,0.01995467022061348,0.0035294000000000002,14.1176,False,0,0.4383998891585121,0.15959184617839578,0.04848865027009833,0.4421987287297215,0.15672216855785565,0.034204889147174414,0.11968336440708022,0.0072256159270331684,-0.0010669780106863005,0.9927852465920761,-0.03961651,0.25913167,0.20314422,0.5207438226926612,3.512599505484104e-05,0.00011377301416359842,0.0005209369992371649,0.0002822940004989505,0.0001773650001268834,9.704899275675416e-05,0.0016019970062188804,0.018253217000165023,0.019855214006383903,50.36460446502753,0
294,5.90008666900394,-0.048328701649801076,-0.9650435608676453,1.3165352980243128,-1.9529301128783167,-1.360286060963766,0.2320224642753601,-0.2229156792163849,-1.8606802225112915,-0.7503310441970825,-0.6594595313072205,0.24642236530780792,0.17487001419067383,-0.2219277173280716,-2.4322774410247803,-1.263358473777771,-0.9444424510002136,0.40164715051651,0.12859496474266052,-1.6328896992300677,-0.906482836209432,0.06385022456404693,-0.13180534931501128,0.1747412477123212,0.10997736156173488,-0.05000874,-0.9790186,1.3241838,-1.9568208,-1.3629692,0.2363245,-0.05000874,-0.9790186,1.3241838,-1.9568208,-1.3629692,0.2363245,-0.0483287014067173,-0.9650435447692871,1.3165353536605835,-1.9529300928115845,-1.3602861166000366,0.2320224642753601,-0.04200093,-0.34937647,0.19121276,-0.097268745,-0.06707618,0.10755097,-0.07242101,0.277148190901481,0.0,0.006928704772537026,0.016628891229629517,0.0035294000000000002,14.1176,False,0,0.4385500622826596,0.15955460101257785,0.04975133797733411,0.4421867044152863,0.15669459878078054,0.034199400943189004,0.11934516580027626,0.006646119517433838,-0.0006123438350092159,0.9928303846272214,-0.03961651,0.25913167,0.20314422,0.5207399005000398,3.717100480571389e-05,0.00012937998690176755,0.0005740740016335621,0.0002982439909828827,0.00017201199079863727,9.949799277819693e-05,0.0016978380008367822,0.018094118000590242,0.019791956001427025,50.525577155077485,0
295,5.920090725005139,-0.048763577138082326,-0.9683993023684998,1.3176592032061976,-1.9532276592650355,-1.359917465840475,0.2324059158563614,-0.19403035938739777,-1.7617871761322021,-0.7626882195472717,-0.6421293020248413,0.2000194936990738,0.19544744491577148,-0.21896980702877045,-2.3698742389678955,-1.2463752031326294,-0.9671680331230164,0.3914332985877991,0.13044947385787964,-1.0402428918851767,-1.0698303789029995,0.30039778874085005,-0.12276429711628636,0.15524947403671746,0.10339100019481151,-0.049884327,-0.97495973,1.3250003,-1.958665,-1.3634287,0.23723999,-0.049884327,-0.97495973,1.3250003,-1.958665,-1.3634287,0.23723999,-0.04876357689499855,-0.9683992862701416,1.3176592588424683,-1.9532276391983032,-1.3599175214767456,0.2324059158563614,-0.02801878,-0.16401051,0.18352628,-0.13593309,-0.08778061,0.120851785,-0.073387876,0.2309568257512342,0.0,0.005773920643780855,0.013857409358024597,0.0035294000000000002,14.1176,False,0,0.43869227385758264,0.159445896218666,0.05091335765247784,0.44218932689554535,0.15654038339092072,0.034035325616616416,0.1191052650039977,0.005349943102235756,-6.928140380719691e-05,0.9928672210980947,-0.03961651,0.25913167,0.20314422,0.5208259362021951,4.650499613489956e-05,0.0001222749997396022,0.0005836190102854744,0.00030132300162222236,0.00019632100884336978,9.017599222715944e-05,0.001665629999479279,0.018178081008954905,0.019843711008434184,50.393799807655405,0
296,5.9401245360058965,-0.049084011708394826,-0.9712625306895752,1.3187544981585901,-1.9534722767271937,-1.3599603811847132,0.23286926746368408,-0.20453713834285736,-1.669103980064392,-0.7240074872970581,-0.6375512480735779,0.05920040234923363,0.1868343949317932,-0.21915361285209656,-2.272648811340332,-1.2153313159942627,-0.9522127509117126,0.17649532854557037,0.13153310120105743,-1.4029259052495695,-0.25091134304006296,0.5807821327210616,-0.1097529929221925,0.17515508165804006,0.12449987474902087,-0.04939606,-0.96965617,1.32527,-1.960466,-1.363579,0.23806228,-0.04939606,-0.96965617,1.32527,-1.960466,-1.363579,0.23806228,-0.04908401146531105,-0.971262514591217,1.3187545537948608,-1.9534722566604614,-1.3599604368209839,0.23286926746368408,-0.0078012617,0.040158045,0.16288735,-0.17484337,-0.09046574,0.12982538,-0.08635702,0.19246402145936184,0.0,0.0048116005364840465,0.011547841131687164,0.0035294000000000002,14.1176,False,0,0.4387563573372716,0.1592947126069494,0.05184599068562701,0.4423190609037901,0.156444448829541,0.034050325822256304,0.11940395475598031,0.005581280465365897,0.0003618755374438544,0.9928300027126713,-0.03961651,0.25913167,0.20314422,0.5209599850745369,4.499999340623617e-05,0.00012591099948622286,0.0005280439945636317,0.0002725449885474518,0.00016316099208779633,0.00010796300193760544,0.0015814240032341331,0.018274362999363802,0.019855787002597935,50.36315104856634,0
297,5.9600932269968325,-0.049355332051412404,-0.9735467594913025,1.3198302427874964,-1.9539648495116175,-1.3601964155780237,0.23342885076999664,-0.23258601129055023,-1.5878745317459106,-0.6841127276420593,-0.6422261595726013,0.015470445156097412,0.16132508218288422,-0.2189093977212906,-2.1647608280181885,-1.1827001571655273,-0.9351336359977722,0.11732836067676544,0.13207603991031647,-1.185833315757066,-0.6759935757392121,1.0888010346617758,-0.11476226674372529,0.17859044030251753,0.09648948024851774,-0.047961205,-0.9645479,1.3253198,-1.9620538,-1.362897,0.23880029,-0.047961205,-0.9645479,1.3253198,-1.9620538,-1.362897,0.23880029,-0.04935533180832863,-0.9735467433929443,1.319830298423767,-1.9539648294448853,-1.3601964712142944,0.23342885076999664,0.034853134,0.22497202,0.13723572,-0.20222244,-0.0675129,0.13428599,-0.105033986,0.16038668454946822,0.0,0.0040096671137367056,0.009623200632631779,0.0035294000000000002,14.1176,False,0,0.4388136458438588,0.15912016332714599,0.05254826348797639,0.44253280167035947,0.15745869939160506,0.034244856819420647,0.12226952846448108,0.0076168837304044085,-2.8415155175241097e-05,0.9924677053895206,-0.03961651,0.25913167,0.20314422,0.5208957167083305,4.1073988541029394e-05,0.0001293640088988468,0.0005198500002734363,0.00035309499071445316,0.0001580259995535016,9.963699267245829e-05,0.0016063689981820062,0.018199792990344577,0.019806161988526583,50.48933764044166,0
298,5.980133627002942,-0.04950410524477178,-0.9748000067523499,1.3209260145770472,-1.9545666180052699,-1.3605435530291956,0.23411038517951965,-0.20556241273880005,-1.5786021947860718,-0.6753464937210083,-0.6314894556999207,-0.03007170557975769,0.1696874499320984,-0.13922260701656342,-2.085313320159912,-1.164833664894104,-0.924034059047699,0.1236279234290123,0.13142627477645874,-1.1375459315203384,-0.6581040262613951,1.0004996350699622,-0.13297622256475924,0.18676338127509626,0.11353855719764391,-0.04630035,-0.9603705,1.3253696,-1.9634638,-1.3620124,0.23951864,-0.04630035,-0.9603705,1.3253696,-1.9634638,-1.3620124,0.23951864,-0.049504105001688004,-0.9747999906539917,1.3209260702133179,-1.9545665979385376,-1.3605436086654663,0.23411038517951965,0.08009381,0.3607382,0.11108716,-0.22242892,-0.036719903,0.13520636,-0.12237459,0.13365557045789017,0.0,0.0033413892614472546,0.008019334636628628,0.0035294000000000002,14.1176,False,0,0.4387660758632263,0.15897780081681412,0.05280539238781984,0.44264764174322957,0.15849634811378277,0.034159771389241755,0.12281298888740727,0.010872226845100504,-0.003257995357289609,0.9923649407012546,-0.03961651,0.25913167,0.20314422,0.5208281146849464,0.0008034689963096753,0.00012270199658814818,0.0005025259888498113,0.00036335299955680966,0.0001708269992377609,9.919799049384892e-05,0.002396337004029192,0.0174710699939169,0.01986740699794609,50.333694784799086,0
299,6.0000966640072875,-0.049527947102681935,-0.9751756948283692,1.3218219915973108,-1.9555245838561,-1.3611443678485315,0.2347618043422699,-0.046284131705760956,-1.236192226409912,-0.6375797986984253,-0.6200345754623413,0.052002452313899994,0.19569188356399536,0.042816534638404846,-1.4971221685409546,-1.1693658828735352,-0.9235497117042542,0.14501602947711945,0.12871550023555756,-0.8901094139518626,0.5087878569626207,4.183704887674174,0.06628036234320397,0.16430778858943695,0.14048001229792714,-0.045018513,-0.95735633,1.3251392,-1.9651294,-1.3615232,0.24007061,-0.045018513,-0.95735633,1.3251392,-1.9651294,-1.3615232,0.24007061,-0.04952794685959816,-0.975175678730011,1.3218220472335815,-1.9555245637893677,-1.3611444234848022,0.2347618043422699,0.11273585,0.44548345,0.082927085,-0.24012023,-0.0094676195,0.13272001,-0.13105616,0.11137964204824181,0.0,0.0027844910512060455,0.006682778708636761,0.008235300000000001,32.9412,False,0,0.43875048771509007,0.1588287748136853,0.05276427257365093,0.44296356965816885,0.159081587420057,0.034172073526003086,0.12439882245501199,0.008179577277455146,-0.004274784908443767,0.9921893799566619,-0.03961651,0.25913167,0.20314422,0.5210039728231588,3.602300421334803e-05,0.00011248700320720673,0.0004932549927616492,0.000358575998689048,0.0001723140012472868,9.598999167792499e-05,0.0015818590036360547,0.018212294002296403,0.019794153005932458,50.519969189906355,0
300,6.020132952005952,-0.049416367207662404,-0.9744907778552552,1.3222463766681116,-1.9571682415404261,-1.3616002241717737,0.23548777401447296,0.1762324422597885,-0.9303905367851257,-0.4295259714126587,-0.3180580139160156,0.06717939674854279,0.1978806108236313,0.29343628883361816,-1.5199449062347412,-1.1950145959854126,-0.9368005394935608,0.16741737723350525,0.12602370977401733,-4.0759465435411935,1.052373726972393,7.240217684715944,0.13975943719778344,0.4113544848005411,0.15316333274149513,-0.04457023,-0.9546804,1.3248272,-1.9671924,-1.3613454,0.24063094,-0.04457023,-0.9546804,1.3248272,-1.9671924,-1.3613454,0.24063094,-0.04941636696457863,-0.974490761756897,1.3222464323043823,-1.9571682214736938,-1.3616002798080444,0.23548777401447296,0.12115342,0.49525902,0.064519845,-0.25060496,0.0063706026,0.12857918,-0.13052225,0.09281636837353485,0.0,0.0023204092093383716,0.0055689821019768715,0.008235300000000001,32.9412,False,0,0.43890787998999425,0.15876319532069677,0.052476676172927894,0.4432279689505736,0.159094598726137,0.034126583710008235,0.12362315105243515,0.004677347354095154,-0.011916609085545331,0.9922466471239111,-0.03961651,0.25913167,0.20314422,0.5212611331817066,3.470500814728439e-05,0.00011317100143060088,0.0005559160053962842,0.0003087369987042621,0.0001484059903305024,9.426500764675438e-05,0.0015535490092588589,0.01831150100042578,0.019865050009684637,50.33966687788244,0
301,6.040125091996742,-0.04912931123842412,-0.9731484812549134,1.322754208241598,-1.9585348568358363,-1.361811939870016,0.23625808954238892,0.2525267004966736,-0.7982130646705627,-0.3811517059803009,-0.2882532775402069,0.041310735046863556,0.20725934207439423,0.29693397879600525,-1.602672815322876,-1.2406978607177734,-0.9663456082344055,0.17819620668888092,0.1242615282535553,-3.625535106459195,1.0351153407788343,9.21283334321994,0.21506726832014147,0.4052920798004853,0.20292609934988598,-0.044624455,-0.95195395,1.3244964,-1.9691286,-1.3612412,0.24124506,-0.044624455,-0.95195395,1.3244964,-1.9691286,-1.3612412,0.24124506,-0.04912931099534035,-0.9731484651565552,1.3227542638778687,-1.958534836769104,-1.3618119955062866,0.23625808954238892,0.11262142,0.5298635,0.043552414,-0.2648434,0.014270815,0.12467427,-0.13797137,0.07734697364461238,0.0,0.0019336743411153096,0.004640818573534489,0.008235300000000001,32.9412,False,0,0.4388854156244197,0.15883886856380233,0.05186759869702873,0.44355565369885835,0.15910440733924552,0.03366109799594563,0.1244622611573401,0.0031013151712695267,-0.011583657761897887,0.9921518786123074,-0.03961651,0.25913167,0.20314422,0.521713832289602,3.4213007893413305e-05,0.00011145000462420285,0.0004566060088109225,0.0002618930011522025,0.00014479200763162225,9.42089973250404e-05,0.0013987029960844666,0.01841319099185057,0.019811893987935036,50.47473000859866,0
302,6.060107170007541,-0.048713509236471,-0.9710414570621033,1.3231070677386683,-1.9599915943541468,-1.3620432058917444,0.23695775866508484,0.29590266942977905,-0.7786347270011902,-0.31154245138168335,-0.1695467233657837,0.1757054477930069,0.261398047208786,0.26722240447998047,-1.68185555934906,-1.2851808071136475,-0.9995811581611633,0.2508678138256073,0.12456003576517105,-4.150768006448498,2.6337894137154763,12.146819401753199,0.45720943983628787,0.599314830140293,0.3338854781973544,-0.044700205,-0.94889605,1.3242534,-1.9708494,-1.3612963,0.24177857,-0.044700205,-0.94889605,1.3242534,-1.9708494,-1.3612963,0.24177857,-0.04871350899338722,-0.9710414409637451,1.323107123374939,-1.9599915742874146,-1.3620432615280151,0.23695775866508484,0.100332566,0.55363435,0.028658586,-0.2714447,0.018674424,0.12052019,-0.13684219,0.06445581137051032,0.0,0.0016113952842627581,0.0038673486560583115,0.008235300000000001,32.9412,False,0,0.4388316631712667,0.15896702663046758,0.050982071477886054,0.4435733396726195,0.15914710450885308,0.03329125396955996,0.12457358088946185,0.0022467472229037652,-0.011320522994037515,0.9921432106972616,-0.03961651,0.25913167,0.20314422,0.5218422897231685,3.121800546068698e-05,0.00012480400619097054,0.0005374330066842958,0.0002743170043686405,0.00020042499818373471,0.0002543949958635494,0.0016979899955913424,0.018138794010155834,0.019836784005747177,50.41139731673626,0
303,6.080131598006119,-0.04816276231874639,-0.9686045807651062,1.3233111540423792,-1.9611879787840785,-1.361457649861471,0.2378203570842743,0.34166276454925537,-0.6351961493492126,-0.2394123375415802,-0.21052849292755127,-0.11025029420852661,0.16588787734508514,0.22774523496627808,-1.736983299255371,-1.3147855997085571,-1.0216866731643677,0.3061455190181732,0.12591110169887543,-3.668166488825732,-2.0304118170929772,6.269028875611283,-0.268359150896103,0.36252712911510726,0.10206412384982946,-0.04492812,-0.9457696,1.3239967,-1.9722893,-1.3607463,0.2425372,-0.04492812,-0.9457696,1.3239967,-1.9722893,-1.3607463,0.2425372,-0.04816276207566261,-0.968604564666748,1.32331120967865,-1.9611879587173462,-1.3614577054977417,0.2378203570842743,0.08086607,0.5708744,0.017136985,-0.27753347,0.017784601,0.117921196,-0.14093275,0.053713176142091944,0.0,0.0013428294035522986,0.0032227905467152596,0.008235300000000001,32.9412,False,0,0.4387141044733783,0.15934613002296072,0.05001368339148074,0.4435240007611396,0.15935371883720642,0.032587518296690016,0.12534166889965664,0.003258727832042776,-0.010226515956590512,0.9920555422587596,-0.03961651,0.25913167,0.20314422,0.5219865728994,5.037100345361978e-05,0.00015250900469254702,0.0006881839944981039,0.00031307600147556514,0.00022491799609269947,0.00014019499940332025,0.0019492799910949543,0.01785534901136998,0.019804629002464935,50.49324578993817,0
304,6.100092484004563,-0.04746991792787725,-0.964952365761139,1.3246844450580042,-1.9614020786681117,-1.3617365995990198,0.2385150045156479,0.22333496809005737,-1.4296774864196777,-1.0028899908065796,-0.7927767038345337,0.08616678416728973,0.17222267389297485,0.200250506401062,-1.7625460624694824,-1.3537876605987549,-1.0240156650543213,0.33344629406929016,0.126482293009758,0.72787581031336,-0.3749773986540325,-1.2824250538726452,-0.09608623429618741,0.11732752732055844,0.1137378354721478,-0.04450481,-0.94311583,1.3238152,-1.9734206,-1.361112,0.24259506,-0.04450481,-0.94311583,1.3238152,-1.9734206,-1.361112,0.24259506,-0.04746991768479347,-0.9649523496627808,1.324684500694275,-1.9614020586013794,-1.3617366552352905,0.2385150045156479,0.07412768,0.54591364,-0.021730775,-0.30046383,0.015616163,0.10200144,-0.065127775,0.044760980118409954,0.0,0.001119024502960249,0.0026856588665395975,0.008235300000000001,32.9412,False,0,0.43785758857362,0.15962070833632452,0.04804832013678276,0.4434071241475264,0.1589440827992046,0.034096026181417424,0.12278675272952111,-0.00042417284781437296,-0.004930678853681449,0.9924207519180728,-0.03961651,0.25913167,0.20314422,0.5214658921871047,3.599199408199638e-05,0.0001556069910293445,0.0005751020071329549,0.00030492299993056804,0.00015334799536503851,0.0001007450046017766,0.0016636650107102469,0.018140665997634642,0.01980433100834489,50.4940055576042,0
305,6.120135293007479,-0.046758476887838185,-0.9612077635577698,1.3251507917987269,-1.9623438320555628,-1.3616851011859339,0.23913463950157166,0.10404282808303833,-1.7211194038391113,-1.1378644704818726,-0.9520163536071777,0.12128639221191406,0.21311597526073456,0.1836572289466858,-1.7759596109390259,-1.4922698736190796,-1.0198240280151367,0.35677775740623474,0.12736880779266357,0.8247278447816677,-1.9878088517308374,-3.291699369953466,-0.14436001820952243,0.07503353136247876,0.13188562850708485,-0.0445588,-0.94185656,1.3241754,-1.9741591,-1.3612244,0.24271807,-0.0445588,-0.94185656,1.3241754,-1.9741591,-1.3612244,0.24271807,-0.04675847664475441,-0.9612077474594116,1.3251508474349976,-1.9623438119888306,-1.3616851568222046,0.23913463950157166,0.05499187,0.4837803,-0.024385927,-0.29538205,0.011519268,0.0895857,0.006782874,0.03820519996525195,0.00013565747998654844,0.0009551299991312988,0.0022380489390343428,0.008235300000000001,32.9412,False,0,0.43742615293015114,0.1599590067152978,0.04639307331488382,0.4431625496435657,0.15831497089371413,0.03513584071931243,0.12561684924978056,-0.0005547606400463766,-0.008689467236769303,0.9920406030222995,-0.03961651,0.25913167,0.20314422,0.5210244177187608,3.585699596442282e-05,0.0001135869970312342,0.00048618900473229587,0.0002952479990199208,0.00018821800767909735,0.0001031400024658069,0.0015429649938596413,0.018320247007068247,0.019863212000927888,50.344324973890735,0
306,6.140131063002627,-0.046369377766744435,-0.9583538931659241,1.324831787739889,-1.9648829899229945,-1.3616369406329554,0.23982113599777222,0.2647373378276825,-1.3648241758346558,-1.1254733800888062,-0.5632631778717041,0.1720820963382721,0.18199071288108826,0.1933697909116745,-1.795116901397705,-1.5968149900436401,-1.0152078866958618,0.37691730260849,0.12478801608085632,-3.021705320163291,-1.0134932987840521,0.20827519013886933,-0.14262291905511534,0.210414764637555,0.10391463619412988,-0.045469064,-0.94015324,1.3245525,-1.9763125,-1.3616042,0.24346359,-0.045469064,-0.94015324,1.3245525,-1.9763125,-1.3616042,0.24346359,-0.04636937752366066,-0.9583538770675659,1.3248318433761597,-1.9648829698562622,-1.361636996269226,0.23982113599777222,0.022507824,0.4550162,-0.0069824453,-0.28573865,0.0008204242,0.09106131,0.00933672,0.0339869458670529,0.00032239188440144064,0.0008496736466763225,0.001910259947180748,0.008235300000000001,32.9412,False,0,0.437741699489883,0.1601228493446133,0.045493662465844936,0.4434464642458971,0.1581527415310477,0.0343034214677691,0.1266934871192581,0.007021650240504808,0.0013037841816165938,0.9919161809768605,-0.03961651,0.25913167,0.20314422,0.5215877658045494,0.0002318319893674925,0.00011280000035185367,0.00047274700773414224,0.0009922080062096938,0.00017166300676763058,9.917200077325106e-05,0.002387821994489059,0.017440005001844838,0.019827826996333897,50.43417012791653,0
307,6.160121506007272,-0.0459979216205042,-0.9557033342174073,1.3247278372394007,-1.9669376812376917,-1.361628834401266,0.240428626537323,0.3061870336532593,-1.252199649810791,-1.2131526470184326,-0.6464086771011353,0.19317227602005005,0.16831934452056885,0.19480958580970764,-1.8374090194702148,-1.6524324417114258,-1.014838457107544,0.36330485343933105,0.12252797931432724,-1.0951085061415846,-0.09699138188026091,0.41127848959997393,-0.1114907538752563,0.16351899736617498,0.11671912281522073,-0.0454631,-0.9376408,1.3241225,-1.9787709,-1.3616897,0.24392936,-0.0454631,-0.9376408,1.3241225,-1.9787709,-1.3616897,0.24392936,-0.045997921377420425,-0.9557033181190491,1.3247278928756714,-1.9669376611709595,-1.3616288900375366,0.240428626537323,0.013370487,0.4515631,-0.015134897,-0.29582852,-0.001520353,0.08751808,0.02970429,0.034432306053333174,0.0009164776746183634,0.0008608076513333294,0.0016993472818285227,0.00764705,30.5882,False,0,0.43790205821941214,0.16027720203529838,0.04457213948515962,0.44382787707380317,0.15824474576635383,0.03438004806461685,0.1261434668145156,0.009843885812800431,0.0001134385485277601,0.9919631732182619,-0.03961651,0.25913167,0.20314422,0.5218984515298942,3.5782999475486577e-05,0.00010987099085468799,0.0004727949999505654,0.00028979199123568833,0.00014877200010232627,0.00011094500951003283,0.0014725939981872216,0.01835959700110834,0.019832190999295563,50.423072268491154,0
308,6.180133725996711,-0.04556590715517217,-0.9529638451388855,1.324714485798971,-1.968419691125387,-1.3615339438067835,0.24096791446208954,0.14520901441574097,-1.2630958557128906,-1.2752360105514526,-0.6438431739807129,0.1630939096212387,0.17083382606506348,0.16963504254817963,-1.8582220077514648,-1.6378523111343384,-1.0245798826217651,0.3262876868247986,0.1250881552696228,-0.6735698285163594,-1.1524794238784484,0.185679656571742,-0.13107544644527236,0.14991122414192545,0.10993990961947464,-0.045274377,-0.93579686,1.3240228,-1.9801009,-1.3615345,0.24440718,-0.045274377,-0.93579686,1.3240228,-1.9801009,-1.3615345,0.24440718,-0.045565906912088394,-0.9529638290405273,1.3247145414352417,-1.9684196710586548,-1.3615339994430542,0.24096791446208954,0.0072882706,0.42917404,-0.017294584,-0.2920287,-1.1648983e-05,0.085981496,0.04236568,0.040452197059237874,0.0017637913022190334,0.0010113049264809468,0.0017216153210029006,0.00764705,30.5882,False,0,0.4378823254333465,0.16048614321002164,0.043537468145459335,0.4438341600085596,0.15826978610980702,0.03403215108677819,0.12542518989407114,0.000504532965076564,-0.0011505787900082942,0.9921023090927255,-0.03961651,0.25913167,0.20314422,0.5220120333030943,3.6169003578834236e-05,0.00011988799087703228,0.000498112989589572,0.0003441829903749749,0.00022828500368632376,0.00012528100342024118,0.0016709149931557477,0.018168251001043245,0.019839165994198993,50.40534467489217,0
309,6.200092412007507,-0.04528981844057256,-0.9501281541636963,1.3246868292437952,-1.9699841938414515,-1.3614772001849573,0.24147100746631622,0.13457432389259338,-1.4477335214614868,-1.2906110286712646,-0.6419082880020142,0.14681756496429443,0.1591857671737671,0.1172165796160698,-1.8540537357330322,-1.615007996559143,-1.0316790342330933,0.29296785593032837,0.12550508975982666,-1.711858052365021,-1.512341639491226,-0.3867808298419935,-0.1537506761037853,0.16711441024717189,0.1151491096169847,-0.044920646,-0.93470883,1.3243263,-1.9812075,-1.3615824,0.24487072,-0.044920646,-0.93470883,1.3243263,-1.9812075,-1.3615824,0.24487072,-0.045289818197488785,-0.9501281380653381,1.324686884880066,-1.9699841737747192,-1.361477255821228,0.24147100746631622,0.0092293415,0.38548285,-0.0090152575,-0.28058425,-0.002627981,0.08499271,0.073563024,0.05527717615104708,0.003235051790252328,0.001381929403776177,0.0020226098131388426,0.00764705,30.5882,False,0,0.43789734850136947,0.16061751836836047,0.04247058143153526,0.44371065922027725,0.15821498364629943,0.03403668147791798,0.12486344845545033,0.003380857299042655,0.00024486315152416616,0.9921681555168606,-0.03961651,0.25913167,0.20314422,0.5219067836151603,3.554800059646368e-05,0.00011972700303886086,0.0005494490033015609,0.00033232400892302394,0.00017370498972013593,9.78479947661981e-05,0.0016676749946782365,0.018125667003914714,0.01979334199859295,50.52203918222032,0
310,6.220135413008393,-0.04526979127992803,-0.9474114340594788,1.324726406727926,-1.971473833123678,-1.3614900747882288,0.24197396636009216,0.15752704441547394,-1.4338445663452148,-1.3538129329681396,-0.6891254782676697,0.15201279520988464,0.17267677187919617,0.04912964627146721,-1.8560197353363037,-1.6255552768707275,-1.0256679058074951,0.2804759740829468,0.12448586523532867,-1.172954550979592,-1.3483238049093424,-1.105830170150625,-0.16215984483166324,0.14977937400423927,0.06567091153702984,-0.04432924,-0.9350765,1.3247747,-1.9821527,-1.3614731,0.2453934,-0.04432924,-0.9350765,1.3247747,-1.9821527,-1.3614731,0.2453934,-0.045269791036844254,-0.9474114179611206,1.3247264623641968,-1.9714738130569458,-1.3614901304244995,0.24197396636009216,0.023513798,0.3083743,0.0012076062,-0.2669733,0.00042669842,0.085485905,0.105221175,0.08166081534853406,0.005339475283399224,0.0020415203837133517,0.002763858763501048,0.00764705,30.5882,False,0,0.43792521463134493,0.16062189046137115,0.04142471008155085,0.4438571779212285,0.15821239639470494,0.03401325286272274,0.1255305748967263,0.0026332084648238497,0.00018826763695336396,0.9920862387229948,-0.03961651,0.25913167,0.20314422,0.5220505644567277,3.526100772432983e-05,0.0001122980029322207,0.0004567039868561551,0.00035975199716631323,0.00017201100126840174,9.307199798058718e-05,0.00152480200631544,0.01835889600624796,0.0198836980125634,50.292455627125086,0
311,6.240075002002413,-0.045286003743306935,-0.9450966876796265,1.3246076742755335,-1.9731055698790492,-1.361521069203512,0.24246172606945038,0.20573560893535614,-1.414453148841858,-1.332647442817688,-0.635861337184906,0.1633438915014267,0.18941286206245422,0.04126924276351929,-1.8714828491210938,-1.6189124584197998,-1.0175585746765137,0.2816891372203827,0.12331348657608032,-0.7495456517775942,-0.48792204140716394,0.03803337437223986,-0.12854292585128446,0.138013862386054,0.10161525620781225,-0.043775436,-0.9376624,1.3254545,-1.9828037,-1.3615829,0.24599333,-0.043775436,-0.9376624,1.3254545,-1.9828037,-1.3615829,0.24599333,-0.04528600350022316,-0.9450966715812683,1.3246077299118042,-1.973105549812317,-1.3615211248397827,0.24246172606945038,0.03776424,0.18585569,0.02116729,-0.24245358,-0.0015438893,0.08829016,0.13418931,0.12153908903839544,0.008023261437192558,0.003038477225959886,0.00408304063603282,0.00764705,30.5882,False,0,0.4380823711268775,0.16060058943165917,0.040608727054847915,0.4441026985167133,0.15811127083320226,0.03395824879714595,0.1254269340139415,0.00444401954097384,0.0005848827844783348,0.9920927342871703,-0.03961651,0.25913167,0.20314422,0.5223153144373033,3.592199936974794e-05,0.00011065600847359747,0.0004621090047294274,0.00037942999915685505,0.00017183899763040245,9.315799979958683e-05,0.0015494380058953539,0.01821376099542249,0.019763199001317844,50.59909582114304,0
312,6.2601062019966776,-0.0452502409564417,-0.9428866070559998,1.324503246937887,-1.9748293362059535,-1.3614814917193812,0.2429446429014206,0.24459603428840637,-1.4235281944274902,-1.2867215871810913,-0.6324065327644348,0.16789302229881287,0.1853964626789093,0.08762341737747192,-1.9148988723754883,-1.5841447114944458,-1.019717812538147,0.29027247428894043,0.12223344296216965,-1.5596982485667592,-0.9122078584020001,0.22133842660863995,-0.1358891115567522,0.1609309317714946,0.11324415310689029,-0.043263637,-0.9427989,1.3266588,-1.9828811,-1.3617877,0.24661611,-0.043263637,-0.9427989,1.3266588,-1.9828811,-1.3617877,0.24661611,-0.045250240713357925,-0.9428865909576416,1.3245033025741577,-1.9748293161392212,-1.3614815473556519,0.2429446429014206,0.0496651,0.0021913985,0.053887848,-0.20129429,-0.007654275,0.09178686,0.16931422,0.17734621318630342,0.011409545848146081,0.004433655329657586,0.0060769543051719666,0.00764705,30.5882,False,0,0.4382585497237778,0.16061720910706903,0.03984486653895569,0.4440900348717272,0.1580681184641192,0.034010790673750346,0.12597589065703485,0.0057108395333042225,-0.0006109748411280043,0.9920166945207962,-0.03961651,0.25913167,0.20314422,0.5222949176702845,3.6102006561122835e-05,0.0001175279903691262,0.0005615529953502119,0.0003491039969958365,0.00020687699725385755,0.00012010599311906844,0.0017164460005005822,0.018154506993596442,0.019870952994097024,50.324712674679745,0
313,6.280105204001302,-0.04511863390077764,-0.9408776325038453,1.3245270887957972,-1.97630037883901,-1.361509148274557,0.24342383444309235,0.24412661790847778,-1.604752540588379,-1.2436295747756958,-0.6707419157028198,0.18326245248317719,0.17844952642917633,0.16498242318630219,-1.9927036762237549,-1.5253546237945557,-1.0338892936706543,0.3009204566478729,0.12173334509134293,-1.623002867798603,0.10968049765905513,-0.9200419279303115,-0.10529206329030295,0.1506159072781117,0.06577025465505587,-0.043094434,-0.95077044,1.328397,-1.981921,-1.362113,0.24709417,-0.043094434,-0.95077044,1.328397,-1.981921,-1.362113,0.24709417,-0.04511863365769386,-0.9408776164054871,1.3245271444320679,-1.9763003587722778,-1.3615092039108276,0.24342383444309235,0.050604958,-0.24732012,0.096747495,-0.14051573,-0.015095379,0.09175846,0.20172296,0.25074854526215096,0.015444005141034722,0.006268713631553775,0.008867310360074043,0.00764705,30.5882,False,0,0.4383419868596164,0.16066374180216772,0.039104162526606645,0.4438089865963741,0.1582200709712264,0.034115328006450285,0.12423278257343945,0.004305716777375934,0.00025469016638578895,0.9922437011808556,-0.03961651,0.25913167,0.20314422,0.5219713871599182,5.2731993491761386e-05,0.00015457399422302842,0.0010573500039754435,0.0007090319995768368,0.0002459840034134686,0.00016231799963861704,0.002781611998216249,0.01699265699426178,0.019774268992478028,50.570769537948124,0
314,6.3000991709996015,-0.04488212267030889,-0.9395544689944764,1.324578587208883,-1.9776493511595667,-1.3615010420428675,0.24390676617622375,0.24628585577011108,-1.66830575466156,-1.0872342586517334,-0.6994993090629578,0.17674872279167175,0.18997040390968323,0.24866345524787903,-2.094308614730835,-1.4228659868240356,-1.0528165102005005,0.30149346590042114,0.12141693383455276,-1.2228137385028968,-0.6335381166487034,-0.7483160301792647,-0.10596031730642179,0.13996380434999373,0.1280652083922366,-0.044000816,-0.9592722,1.32995,-1.9808098,-1.3622621,0.24716555,-0.044000816,-0.9592722,1.32995,-1.9808098,-1.3622621,0.24716555,-0.04488212242722511,-0.9395544528961182,1.3245786428451538,-1.9776493310928345,-1.3615010976791382,0.24390676617622375,0.02203269,-0.49294454,0.13428445,-0.07901333,-0.019026631,0.08146962,0.19756913,0.33825970623885016,0.01939538777805865,0.008456492655971254,0.012537427246570587,0.0009803925,3.92157,False,0,0.4384485940076508,0.1607627973160182,0.03864134345647022,0.4438626296194583,0.15827531141037665,0.034026812769297796,0.1251105351694784,0.002355069835457359,1.7590858706308804e-05,0.9921400213602168,-0.03961651,0.25913167,0.20314422,0.5220390618058426,3.619000199250877e-05,0.00012075799168087542,0.0014904720010235906,0.0002801770024234429,0.00016334599058609456,0.000111218003439717,0.002611777003039606,0.017217878994415514,0.01982965599745512,50.429518299678875,0
315,6.3200880070071435,-0.044590298329488576,-0.939352349644043,1.324611012135641,-1.9790474377074183,-1.3615248839007776,0.24440641701221466,0.23872163891792297,-2.2222533226013184,-0.9305410981178284,-0.6244797706604004,0.14258825778961182,0.17792285978794098,0.2563934326171875,-2.7761027812957764,-1.4225624799728394,-1.071914553642273,0.2879412770271301,0.12087169289588928,-1.4684851428762276,-0.07682175705299144,-0.09890528921058236,-0.0810398301307863,0.13095152358021478,0.11911674602674555,-0.04543391,-0.96529377,1.3310914,-1.9800744,-1.3616475,0.24690415,-0.04543391,-0.96529377,1.3310914,-1.9800744,-1.3616475,0.24690415,-0.0445902980864048,-0.9393523335456848,1.3246110677719116,-1.979047417640686,-1.3615249395370483,0.24440641701221466,-0.021090295,-0.6485351,0.162009,-0.025673287,-0.00306365,0.062443446,0.14296514,0.43024769211390296,0.022254690537229182,0.010756192302847575,0.01691298559308052,0.0009803925,3.92157,False,0,0.43868976007904226,0.1608723492614135,0.03866983979403571,0.4438282385118433,0.1583963408290153,0.033906123016004236,0.12568874294729976,0.001404601929137845,-0.0013223159333676134,0.9920678521610609,-0.03961651,0.25913167,0.20314422,0.5220229554203281,3.7067002267576754e-05,0.00011591200018301606,0.0005927290039835498,0.0003405600000405684,0.00015203400107566267,9.451500955037773e-05,0.0016390030068578199,0.018179513004724868,0.019818516011582687,50.457864726882796,0
316,6.340074772000662,-0.04430276552309209,-0.9403413695148011,1.3249505201922815,-1.9799038372435511,-1.3614972273456019,0.24490942060947418,0.1862863302230835,-2.244159460067749,-0.8488638401031494,-0.743189811706543,0.08150945603847504,0.19970093667507172,0.22096048295497894,-2.9986014366149902,-1.4452285766601562,-1.0863163471221924,0.25887972116470337,0.1204095110297203,-1.4839045331605354,-0.8221882935769238,-1.485444706759192,-0.11748762529964,0.15601157018510436,0.1146117095066225,-0.046509124,-0.9689752,1.3317393,-1.9798784,-1.359808,0.24662066,-0.046509124,-0.9689752,1.3317393,-1.9798784,-1.359808,0.24662066,-0.044302765280008316,-0.9403413534164429,1.3249505758285522,-1.9799038171768188,-1.3614972829818726,0.24490942060947418,-0.055158988,-0.7158455,0.16971834,0.00063436467,0.042234246,0.042780783,0.046065558,0.5130464213761909,0.023176001692190768,0.012826160534404774,0.021512385457754135,0.0009803925,3.92157,False,0,0.43884700347086975,0.1609958799503143,0.039077620080838205,0.44385021039897926,0.15844231022724348,0.03403954184841397,0.12605899430108874,0.0018155277523914173,-0.0010847916304401843,0.9920205270563542,-0.03961651,0.25913167,0.20314422,0.5219911974210225,3.487900539766997e-05,0.0001180640101665631,0.0005327859980752692,0.0002710979897528887,0.00014928999007679522,9.269799920730293e-05,0.0015541989996563643,0.018241590994875878,0.019795789994532242,50.51579150295129,0
317,6.360106093008653,-0.04411966005434209,-0.9424926799586792,1.3255012671100062,-1.980508943597311,-1.361521069203512,0.24540086090564728,0.09774960577487946,-2.1394248008728027,-0.7595513463020325,-0.6844845414161682,0.028174154460430145,0.18138352036476135,0.07693559676408768,-2.943845510482788,-1.4280825853347778,-1.0778281688690186,0.2483043223619461,0.11977740377187729,-1.8055368307042814,-1.253525237886472,-0.9223236699287448,-0.13046869997869726,0.17420924042453256,0.11046151148602168,-0.047234807,-0.9715658,1.3324498,-1.9804975,-1.3573531,0.24666366,-0.047234807,-0.9715658,1.3324498,-1.9804975,-1.3573531,0.24666366,-0.044119659811258316,-0.942492663860321,1.3255013227462769,-1.9805089235305786,-1.3615211248397827,0.24540086090564728,-0.07787871,-0.72682756,0.17371145,0.0002847761,0.104202196,0.03156991,-0.0785873,0.5715670556180364,0.021604255670681596,0.014289176390450912,0.025652321055531502,0.0009803925,3.92157,False,0,0.4390275521048683,0.16106142373022692,0.0399010289173877,0.4440681634462104,0.15848715875280286,0.03410671578732455,0.12524441922909169,0.0033282550288911126,-0.0016744841374700635,0.9921189574647813,-0.03961651,0.25913167,0.20314422,0.5221626757138783,3.53700015693903e-05,0.00011562000145204365,0.0006763819983461872,0.00035059200308751315,0.00024881400167942047,0.00028668600134551525,0.002071296999929473,0.017799097011447884,0.019870394011377357,50.326128381119254,0
318,6.380130578996614,-0.04421407381166631,-0.9456472557834168,1.3263562361346644,-1.9807726345457972,-1.361565415059225,0.24578028917312622,-0.07405007630586624,-2.0409374237060547,-0.7385081052780151,-0.6553662419319153,0.09514069557189941,0.17838236689567566,-0.15239275991916656,-2.804689884185791,-1.3861674070358276,-1.0469664335250854,0.31758302450180054,0.1188194677233696,-1.810167068519226,-0.4220381829833115,-0.909650454708677,-0.1310916949763285,0.20080681278657908,0.1684867087717437,-0.047866315,-0.97389776,1.3337879,-1.9812102,-1.3553197,0.24702755,-0.047866315,-0.97389776,1.3337879,-1.9812102,-1.3553197,0.24702755,-0.044214073568582535,-0.9456472396850586,1.326356291770935,-1.980772614479065,-1.3615654706954956,0.24578028917312622,-0.091306075,-0.70626247,0.1857892,-0.010941359,0.15614401,0.031181475,-0.19297512,0.5946042349854017,0.01774475329555571,0.014865105874635045,0.02857835218310356,0.0009803925,3.92157,False,0,0.4391902479087594,0.1610031500485716,0.04103775568487644,0.44414886148224897,0.15853893578169928,0.03402537458535092,0.1252239542130199,0.003694544035179408,0.0005940976166642423,0.9921214627049207,-0.03961651,0.25913167,0.20314422,0.5222537867789746,0.00012070599768776447,0.00015770600293762982,0.0007861379999667406,0.0002473839995218441,0.00024484899768140167,0.00012507100473158062,0.002189181002904661,0.017609523987630382,0.019798704990535043,50.50835397961934,0
319,6.400132563998341,-0.04447776476015264,-0.9493460816195984,1.32737905183901,-1.980784078637594,-1.3614972273456019,0.24607998132705688,-0.1775473803281784,-1.9213948249816895,-0.7689511179924011,-0.5691577196121216,0.23874574899673462,0.18903666734695435,-0.26654720306396484,-2.659012794494629,-1.340933084487915,-0.9224592447280884,0.4452025592327118,0.11906137317419052,-0.9793319993762845,-0.41895464199823906,-0.4478790142429653,-0.10692345585165612,0.15748622702907225,0.1075257034343203,-0.048225176,-0.9764284,1.3353361,-1.9814583,-1.3544391,0.24757598,-0.048225176,-0.9764284,1.3353361,-1.9814583,-1.3544391,0.24757598,-0.04447776451706886,-0.9493460655212402,1.3273791074752808,-1.9807840585708618,-1.3614972829818726,0.24607998132705688,-0.093685314,-0.6770575,0.19892435,-0.016857306,0.17645326,0.03740007,-0.25635505,0.579621211494746,0.012617652351036669,0.01449053028736865,0.029730211943387985,0.0009803925,3.92157,False,0,0.43932836987240625,0.16089890901500034,0.0423430573696745,0.44406208789464896,0.15852966776725905,0.03405192195092156,0.12489606698872652,0.0032346783355111748,0.00016413325370901594,0.9921645547610329,-0.03961651,0.25913167,0.20314422,0.5221665972480728,3.480300074443221e-05,0.00011550899944268167,0.0005697239976143464,0.00028986101096961647,0.00017414899775758386,9.692300227470696e-05,0.0016773249953985214,0.018168647002312355,0.019845971997710876,50.38805860027136,0
320,6.420102211995982,-0.044857327138082326,-0.9532387417605896,1.328367058430807,-1.980823656121725,-1.3611791769610804,0.24628019332885742,-0.1960635483264923,-1.9406007528305054,-0.7093477249145508,-0.532357394695282,0.3005208969116211,0.19108879566192627,-0.2549814283847809,-2.5440399646759033,-1.2977244853973389,-0.8822044134140015,0.44711852073669434,0.11560668796300888,-1.443822087969262,-0.5305494155701853,-0.12406278597372089,-0.11170963136654435,0.16953504103279604,0.11617103605395795,-0.048380364,-0.9792995,1.336516,-1.9814981,-1.3549688,0.24818529,-0.048380364,-0.9792995,1.336516,-1.9814981,-1.3549688,0.24818529,-0.04485732689499855,-0.9532387256622314,1.3283671140670776,-1.9808236360549927,-1.361179232597351,0.24628019332885742,-0.08807596,-0.65151966,0.20372291,-0.016863398,0.1552616,0.047627546,-0.25972995,0.5325046983698525,0.00742305331863463,0.013312617459246313,0.028981059789657593,0.0009803925,3.92157,False,0,0.4395213156283037,0.16080007538902313,0.04375661838166864,0.4440465321663765,0.15845012370577605,0.03413915346614165,0.12446185075664984,0.004610071578643209,-0.0013179408260491805,0.9922128225938118,-0.03961651,0.25913167,0.20314422,0.5221392781079032,3.685700357891619e-05,0.00012859300477430224,0.0007415159925585613,0.0002749530103756115,0.00017655000556260347,0.00012073200196027756,0.001917612986289896,0.01788939000107348,0.019807002987363376,50.487193879759985,0
321,6.440137755998876,-0.04524547258485967,-0.9572687310031434,1.3294294516192835,-1.9807926617064417,-1.3604257742511194,0.24646730720996857,-0.22666428983211517,-1.8698391914367676,-0.7419191598892212,-0.5664612650871277,0.2673037052154541,0.20120058953762054,-0.24021771550178528,-2.4751720428466797,-1.2673319578170776,-0.8860161900520325,0.44131308794021606,0.10959602892398834,-1.6665546484336975,-0.7651412245629837,-0.09139234101792651,-0.12607909946307244,0.18379830972125352,0.09686016564598124,-0.048420116,-0.98216,1.337465,-1.9815365,-1.3564649,0.24894726,-0.048420116,-0.98216,1.337465,-1.9815365,-1.3564649,0.24894726,-0.045245472341775894,-0.9572687149047852,1.3294295072555542,-1.9807926416397095,-1.3604258298873901,0.24646730720996857,-0.079366125,-0.6222811,0.20088944,-0.018595979,0.09902356,0.061998975,-0.21829103,0.4641354668545655,0.0030572327319532636,0.011603386671364138,0.02662523463368416,0.0009803925,3.92157,False,0,0.43969045796232986,0.16079955479397143,0.04522237962373077,0.44407394746583934,0.15850751042791006,0.03409502108478599,0.12488932744503684,0.0036070704309795203,-4.9316847296407285e-06,0.9921641179903624,-0.03961651,0.25913167,0.20314422,0.5221678972268515,3.5420001950114965e-05,0.00011181499576196074,0.0016079790075309575,0.0002745550009422004,0.00018405300215817988,8.847800199873745e-05,0.002715334005188197,0.01710213499609381,0.019817469001282007,50.46053055187367,0
322,6.460130218008999,-0.045708481465474904,-0.9611951869777222,1.3305204550372522,-1.9808041057982386,-1.359516445790426,0.24666331708431244,-0.2553359270095825,-1.8326412439346313,-0.7716859579086304,-0.6272874474525452,0.29048359394073486,0.19292832911014557,-0.22862125933170319,-2.451795816421509,-1.260164499282837,-0.9005419015884399,0.42901337146759033,0.1252547651529312,-1.217913478614029,-0.9189283656979931,0.18839910098750157,-0.1320589993325815,0.1792637185570664,0.10411628469498299,-0.04837475,-0.9840349,1.3383423,-1.9820567,-1.358403,0.2498021,-0.04837475,-0.9840349,1.3383423,-1.9820567,-1.358403,0.2498021,-0.04570848122239113,-0.961195170879364,1.330520510673523,-1.9808040857315063,-1.3595165014266968,0.24666331708431244,-0.06665669,-0.5709929,0.19554417,-0.031317692,0.027837766,0.078469485,-0.1498046,0.3871871596539958,6.114059127867262e-05,0.009679678991349895,0.02320677414536476,0.0032353,12.9412,False,0,0.4398580415014083,0.16080278790941194,0.04664633303448207,0.4440927624575291,0.15855078810780884,0.03415176547566179,0.12479815155690038,0.0061628060551443195,-0.0006412787532558209,0.9921628111908988,-0.03961651,0.25913167,0.20314422,0.5221586203988442,3.385399759281427e-05,0.00010881200432777405,0.0006261819944484159,0.00027213100111112,0.00017853100143838674,9.50800022110343e-05,0.001701893997960724,0.01813384900742676,0.019835743005387485,50.4140429591367,0
323,6.480128459996195,-0.046196762715474904,-0.9649438422969361,1.3315923849688929,-1.9808880291380824,-1.3586223761187952,0.246906578540802,-0.2055770456790924,-1.8419110774993896,-0.7308059930801392,-0.6709908246994019,0.255309134721756,0.2044769674539566,-0.22145089507102966,-2.447767496109009,-1.264985203742981,-0.9120932817459106,0.41432833671569824,0.1273905485868454,-1.4064989724081713,-0.8706280975034406,0.031322976051150114,-0.13959929396148643,0.18121682176633608,0.11392536548825594,-0.048437797,-0.9836976,1.3392925,-1.9833342,-1.3600721,0.25074542,-0.048437797,-0.9836976,1.3392925,-1.9833342,-1.3600721,0.25074542,-0.04619676247239113,-0.9649438261985779,1.3315924406051636,-1.98088800907135,-1.358622431755066,0.246906578540802,-0.05602581,-0.46884376,0.19250192,-0.061154786,-0.03624354,0.095970884,-0.09464474,0.3226559663783299,0.0,0.008066399159458247,0.01935935765504837,0.0032353,12.9412,False,0,0.4400287229052796,0.16079124645802995,0.0480047366559988,0.44410579575864984,0.1585007528050356,0.03398592976004244,0.12490536315499184,0.0047889636101601735,1.1236281113147922e-05,0.992157110980536,-0.03961651,0.25913167,0.20314422,0.5222340268967223,3.5518009099178016e-05,0.00011664901103358716,0.0005017759976908565,0.0003473310061963275,0.00017854399629868567,9.988699457608163e-05,0.0016637099906802177,0.018163688000640832,0.01982739799132105,50.43526137104451,0
324,6.500137587994686,-0.046656433735982716,-0.9685104650310059,1.3326910177813929,-1.9810272655882777,-1.3579195181476038,0.2472304254770279,-0.22377246618270874,-1.8022464513778687,-0.7250101566314697,-0.665223240852356,0.24401205778121948,0.20039451122283936,-0.2181987762451172,-2.425152063369751,-1.2642682790756226,-0.9262841939926147,0.40037789940834045,0.12941758334636688,-1.596784478693839,-0.718276232233729,0.11909631164074462,-0.1260991100551065,0.18221924355965724,0.058456253757999746,-0.048290033,-0.9812962,1.340231,-1.9848986,-1.3608038,0.25166726,-0.048290033,-0.9812962,1.340231,-1.9848986,-1.3608038,0.25166726,-0.04665643349289894,-0.9685104489326477,1.3326910734176636,-1.9810272455215454,-1.3579195737838745,0.2472304254770279,-0.040840015,-0.31964397,0.18849646,-0.09678273,-0.07210651,0.11092119,-0.07096893,0.2688799719819416,0.0,0.00672199929954854,0.016132798045873642,0.0032353,12.9412,False,0,0.4401747273813239,0.16074870291825702,0.04927196993867394,0.444077187600413,0.15851037186123382,0.03397032975588516,0.12490293766287863,0.004346105043143958,-7.33136637615095e-05,0.9921594412893613,-0.03961651,0.25913167,0.20314422,0.5222107285242008,3.496500721666962e-05,0.00011952899512834847,0.000526008996530436,0.0002992609952343628,0.00015146499208640307,9.939901065081358e-05,0.0015865899913478643,0.018263499994645827,0.01985008998599369,50.37760537637887,0
325,6.520080226007849,-0.04709178606142217,-0.9717608851245423,1.3338058630572718,-1.9813014469542445,-1.3575952688800257,0.2476290464401245,-0.2152840793132782,-1.7710306644439697,-0.7094205617904663,-0.6523038148880005,0.2277510166168213,0.20773744583129883,-0.22178718447685242,-2.35152268409729,-1.2440478801727295,-0.9666540026664734,0.37154290080070496,0.13143830001354218,-1.5327371700944992,-0.7472079126125954,0.4792707765574839,-0.13274075123156887,0.19112325928768345,0.1026556736675953,-0.047819793,-0.9771008,1.3408605,-1.9866617,-1.3610454,0.25255498,-0.047819793,-0.9771008,1.3408605,-1.9866617,-1.3610454,0.25255498,-0.047091785818338394,-0.9717608690261841,1.3338059186935425,-1.9813014268875122,-1.3575953245162964,0.2476290464401245,-0.018200211,-0.13349818,0.17636366,-0.13400613,-0.086249456,0.12314836,-0.069040865,0.22406664331828466,0.0,0.005601666082957117,0.013443998992443085,0.0032353,12.9412,False,0,0.4403035369530477,0.16062952304138312,0.050391286791814704,0.4441061626548031,0.15852308086590935,0.03404845108829288,0.12465100782417277,0.0028590947544122843,0.001097474605090902,0.9921959405789275,-0.03961651,0.25913167,0.20314422,0.5222098164715823,3.676699998322874e-05,0.00014099299733061343,0.0005048989987699315,0.0003385230083949864,0.00017818600463215262,9.856499673333019e-05,0.0016708260081941262,0.01810577799915336,0.019776604007347487,50.564798669603526,0
326,6.540131661007763,-0.04744416872133428,-0.9745978874019166,1.3348901907550257,-1.9816323719420375,-1.3576863447772425,0.24809661507606506,-0.23333141207695007,-1.694049596786499,-0.6826207041740417,-0.6518353819847107,0.03663015365600586,0.2165202796459198,-0.2183830291032791,-2.2498042583465576,-1.2121384143829346,-0.9644099473953247,0.14245672523975372,0.13228420913219452,-1.7884333043249274,0.007443306929382623,0.32437205525199897,-0.08894425544324566,0.2139059269892984,0.13708209716106043,-0.047148604,-0.97207624,1.3412156,-1.988319,-1.3610477,0.25335547,-0.047148604,-0.97207624,1.3412156,-1.988319,-1.3610477,0.25335547,-0.047444168478250504,-0.9745978713035583,1.3348902463912964,-1.9816323518753052,-1.3576864004135132,0.24809661507606506,0.0073890905,0.06304148,0.1581355,-0.1671668,-0.08403283,0.13147123,-0.08155466,0.18672220276523724,0.0,0.004668055069130931,0.011203331872820854,0.0032353,12.9412,False,0,0.44039306559608965,0.160451659527348,0.0513251133001682,0.44409418200242473,0.1585192704579812,0.034051103598792175,0.1247576038244318,0.0047060950660980025,-0.0005557265935297942,0.9921759019357514,-0.03961651,0.25913167,0.20314422,0.5221985940434005,5.157600389793515e-05,0.0001519390061730519,0.0005103239964228123,0.0002747129910858348,0.00017786800162866712,0.00010854499123524874,0.0016692990029696375,0.01815041500958614,0.019819714012555778,50.45481480542558,0
327,6.560286542997346,-0.04770499864687139,-0.9767474097064515,1.3360350767718714,-1.982053895989889,-1.3579185644732874,0.2487146556377411,-0.23433271050453186,-1.6162089109420776,-0.7033127546310425,-0.6357095837593079,0.004144567996263504,0.2146642953157425,-0.20802417397499084,-2.150123119354248,-1.1827441453933716,-0.9475441575050354,0.12302152812480927,0.13201430439949036,-1.661123725019569,-0.6289866106178992,1.1048571993245875,-0.1215418593568455,0.19540194428808302,0.08421474029294199,-0.046589397,-0.9673135,1.3413188,-1.989913,-1.3608193,0.2541151,-0.046589397,-0.9673135,1.3413188,-1.989913,-1.3608193,0.2541151,-0.04770499840378761,-0.9767473936080933,1.336035132408142,-1.9820538759231567,-1.357918620109558,0.2487146556377411,0.027890036,0.23584685,0.13209283,-0.19647692,-0.07251811,0.13501158,-0.102083124,0.1556018356376977,0.0,0.0038900458909424426,0.009336110204458237,0.0032353,12.9412,False,0,0.44039821559574094,0.16028465005755815,0.051945158610125636,0.4441934678021869,0.1584772029129325,0.03396042508009219,0.12555543987797524,0.004822126787630945,0.00022528338069049275,0.9920748634288282,-0.03961651,0.25913167,0.20314422,0.5223280328846105,3.6209996324032545e-05,0.00014666900096926838,0.0005553669907385483,0.00027994699485134333,0.00017503999697510153,0.00010430699330754578,0.0016164469998329878,0.018373909988440573,0.01999035698827356,50.024119158382454,0
328,6.580095579003682,-0.04781705537904912,-0.977868453865387,1.3371270338641565,-1.9826461277403773,-1.3582966963397425,0.24934588372707367,-0.14292846620082855,-1.6142196655273438,-0.7496048212051392,-0.6503180265426636,-0.019731305539608,0.22120091319084167,-0.07452556490898132,-2.086637020111084,-1.1683405637741089,-0.937653124332428,0.13161756098270416,0.13093245029449463,-1.50780348537141,-0.39356669248406106,0.7910633824299917,-0.09754038209801624,0.19740414333909037,0.12153656149421022,-0.046127573,-0.9634739,1.341478,-1.9911981,-1.3605729,0.25470376,-0.046127573,-0.9634739,1.341478,-1.9911981,-1.3605729,0.25470376,-0.04781705513596535,-0.9778684377670288,1.3371270895004272,-1.982646107673645,-1.3582967519760132,0.24934588372707367,0.042237025,0.35986292,0.108773634,-0.2137987,-0.056903157,0.13394679,-0.11259668,0.12966819636474808,0.0,0.0032417049091187024,0.007780091837048531,0.0032353,12.9412,False,0,0.44032956450844873,0.16015169038472601,0.0521452788361608,0.4441065415243489,0.15846597186682074,0.03403902625300419,0.12466274619367873,0.005460320563993428,-9.497138122840573e-05,0.9921841479205492,-0.03961651,0.25913167,0.20314422,0.5222242248464815,3.504900087136775e-05,0.00011274800635874271,0.00046483598998747766,0.00033750099828466773,0.00015308099682442844,9.853599476628006e-05,0.0015008840127848089,0.01816543699533213,0.019666321008116938,50.848351330544595,0
329,6.600132300998666,-0.047777954732076466,-0.9780171674541016,1.3379715124713343,-1.9834910831847132,-1.3588512579547327,0.25004953145980835,-0.01953299529850483,-1.2530994415283203,-0.6938775181770325,-0.6409429311752319,0.040897876024246216,0.2189793586730957,0.07081088423728943,-1.4895373582839966,-1.1786481142044067,-0.9432665705680847,0.14047877490520477,0.1298314332962036,-0.5656592130703084,0.8634269657499154,3.523139144304208,0.06603982333097362,0.17099385760489194,0.13896595511069304,-0.04401187,-0.96004003,1.3412818,-1.9925715,-1.3594036,0.2553414,-0.04401187,-0.96004003,1.3412818,-1.9925715,-1.3594036,0.2553414,-0.04777795448899269,-0.9780171513557434,1.337971568107605,-1.983491063117981,-1.3588513135910034,0.25004953145980835,0.09415214,0.44942778,0.0827562,-0.22700955,-0.013806466,0.13229719,-0.12797478,0.10805683030395676,0.0,0.002701420757598919,0.006483410019427538,0.0032353,12.9412,False,0,0.4402700963868348,0.16004274076057362,0.05201410397631723,0.44438902093733446,0.16020438013162094,0.0340153843556759,0.12991513945538546,0.008445781566214486,-0.003069456475733881,0.9914843720603967,-0.03961651,0.25913167,0.20314422,0.5221613991985117,3.56419914169237e-05,0.00012530900130514055,0.0009355749934911728,0.0006267389981076121,0.00017102999845519662,0.00010562299576122314,0.0023132909991545603,0.0175456610013498,0.01985895200050436,50.355124478603045,0
330,6.6201065680070315,-0.04768878618349248,-0.9773510259440918,1.3383873144732874,-1.985086580316061,-1.3593586126910608,0.25077196955680847,0.12625469267368317,-0.9036255478858948,-0.47288429737091064,-0.35193365812301636,0.06716317683458328,0.2692764401435852,0.19336268305778503,-1.5355556011199951,-1.2068188190460205,-0.9603056311607361,0.14843662083148956,0.12832869589328766,-3.9973110972088235,1.254863717310571,7.3243011185652165,0.19266239518669212,0.421775349968353,0.15433327761415166,-0.043100603,-0.9575175,1.3408908,-1.994579,-1.359115,0.2559029,-0.043100603,-0.9575175,1.3408908,-1.994579,-1.359115,0.2559029,-0.04768878594040871,-0.9773510098457336,1.338387370109558,-1.9850865602493286,-1.3593586683273315,0.25077196955680847,0.1147046,0.49583817,0.06258533,-0.2373114,0.0060910233,0.12827288,-0.12295971,0.09004735858663064,0.0,0.002251183964665766,0.005402841605246067,0.008823525,35.2941,False,0,0.44042112443445436,0.15995634223478497,0.05173296309992778,0.444679461178728,0.1603754563705732,0.034075668260385564,0.13090041669400088,0.004471266430612287,-0.011349147695575797,0.991320486983358,-0.03961651,0.25913167,0.20314422,0.5223787454763698,3.567300154827535e-05,0.00011147699842695147,0.0006023619935149327,0.00031207199208438396,0.0001526849955553189,9.509701339993626e-05,0.0016250039916485548,0.01819467901077587,0.019819683002424426,50.4548937476788,0
331,6.640126786995097,-0.04752952257265264,-0.9759833377650757,1.3386557737933558,-1.9865676365294398,-1.359565560017721,0.2515268325805664,0.2716064155101776,-0.743694543838501,-0.3421604633331299,-0.2689724564552307,0.027334539219737053,0.2644827961921692,0.29014161229133606,-1.6032382249832153,-1.2407625913619995,-0.9791676998138428,0.1761908084154129,0.12411173433065414,-3.954037025928236,0.7300463937024528,9.914927173136059,0.16897947799310953,0.4416190740792716,0.20613493000499689,-0.042905267,-0.95515317,1.3405617,-1.9964035,-1.3589343,0.25647864,-0.042905267,-0.95515317,1.3405617,-1.9964035,-1.3589343,0.25647864,-0.04752952232956886,-0.9759833216667175,1.3386558294296265,-1.9865676164627075,-1.3595656156539917,0.2515268325805664,0.11560641,0.5207542,0.04764869,-0.24589472,0.01578408,0.1237953,-0.116947316,0.07503946548885887,0.0,0.0018759866372214718,0.004502368159592152,0.008823525,35.2941,False,0,0.4405112491977196,0.15997294451672606,0.05119592090661401,0.4449729660296562,0.16042712774804432,0.033996399458729676,0.13085206238000563,0.004467447914089935,-0.01334349371398496,0.9913020374769761,-0.03961651,0.25913167,0.20314422,0.5226667516133481,4.91960090585053e-05,0.00015804299619048834,0.0006328269955702126,0.00030061199504416436,0.0002290010015713051,0.00013286199828144163,0.001911210987600498,0.017884644999867305,0.019795855987467803,50.515623099757434,0
332,6.660107543997583,-0.0471575895892542,-0.9738650482944031,1.3390987555133265,-1.9879967174925746,-1.359861199055807,0.2522456645965576,0.29627498984336853,-0.7390944361686707,-0.3078273832798004,-0.12594133615493774,0.12513737380504608,0.3133752644062042,0.28320202231407166,-1.6844805479049683,-1.2858481407165527,-1.0114902257919312,0.23592984676361084,0.12327471375465393,-4.9511384022090725,2.743789624072898,12.974489508110167,0.3876717376971961,0.6671956661909935,0.24281057837514863,-0.042822465,-0.9523922,1.3406011,-1.9980335,-1.3590268,0.2570517,-0.042822465,-0.9523922,1.3406011,-1.9980335,-1.3590268,0.2570517,-0.047157589346170425,-0.9738650321960449,1.3390988111495972,-1.9879966974258423,-1.3598612546920776,0.2522456645965576,0.108378075,0.53682053,0.037558205,-0.2509205,0.020860717,0.12015109,-0.10941149,0.06253288790738239,0.0,0.00156332219768456,0.0037519733887165785,0.008823525,35.2941,False,0,0.44042500621215497,0.16006940382320078,0.05027312070786066,0.4449418834792651,0.16050647578252913,0.03365197410823537,0.1307758486277486,0.0038877599465327074,-0.012615563357435097,0.9913240957228114,-0.03961651,0.25913167,0.20314422,0.5227345293292776,3.545399522408843e-05,0.00011347999679856002,0.0005251620023045689,0.00028143299277871847,0.00015025699394755065,0.00011315899610053748,0.0015213389997370541,0.01829749598982744,0.019818834989564493,50.45705262325182,0
333,6.680133130998001,-0.04671365419496709,-0.9715178173831482,1.3390753904925745,-1.989596506158346,-1.3597777525531214,0.25300025939941406,0.3380132019519806,-0.4784873127937317,-0.09575722366571426,0.046370986849069595,0.15714630484580994,0.3128774166107178,0.25127798318862915,-1.7473902702331543,-1.3193904161453247,-1.0373578071594238,0.3122093081474304,0.12430526316165924,-5.4592418188253875,1.9047185054857485,19.18554600760473,0.2558852587206235,0.7681173784651008,0.2731826872560079,-0.04406078,-0.9492556,1.340165,-1.9999129,-1.3594401,0.25779507,-0.04406078,-0.9492556,1.340165,-1.9999129,-1.3594401,0.25779507,-0.046713653951883316,-0.97151780128479,1.3390754461288452,-1.9895964860916138,-1.359777808189392,0.25300025939941406,0.066321775,0.5565558,0.027237847,-0.2579107,0.008443709,0.119870454,-0.13052382,0.052110739922818665,0.0,0.0013027684980704668,0.0031266442965716124,0.008823525,35.2941,False,0,0.4404852445502615,0.1602781400288266,0.04942401818008496,0.44512769221012416,0.16002547289033486,0.03235804142263751,0.1298512804353043,-0.004525820451786086,-0.0034225887415447465,0.9915172629669635,-0.03961651,0.25913167,0.20314422,0.5234184748282379,9.931200474966317e-05,0.00015163500211201608,0.0006708139990223572,0.00026445300318300724,0.00021666201064363122,0.00014690900570712984,0.0019497879984555766,0.017847975992481224,0.0197977639909368,50.510754671981594,0
334,6.7001314210065175,-0.04615480104555303,-0.9691009086421509,1.3388407866107386,-1.991336008111471,-1.359328571950094,0.25378671288490295,0.37276148796081543,-0.1525033712387085,0.14280372858047485,0.3038269579410553,0.07791294157505035,0.27175042033195496,0.22161094844341278,-1.7749091386795044,-1.351646065711975,-1.0433528423309326,0.350920706987381,0.12544624507427216,-8.130966763130687,-0.6957970705033478,24.752826009396962,-0.33580284709252217,1.0657009944836724,0.0758571450016777,-0.04401996,-0.9456589,1.3396655,-2.0016787,-1.3587935,0.25853297,-0.04401996,-0.9456589,1.3396655,-2.0016787,-1.3587935,0.25853297,-0.046154800802469254,-0.9691008925437927,1.3388408422470093,-1.9913359880447388,-1.3593286275863647,0.25378671288490295,0.053370982,0.58604854,0.020616058,-0.2585662,0.013377287,0.11865674,-0.14355454,0.04342561660234889,0.0,0.0010856404150587223,0.0026055369526147842,0.008823525,35.2941,False,0,0.4406168467082205,0.16061832918910748,0.04863808746321768,0.445035150320045,0.16065933314856018,0.0316462053020689,0.13108572830405169,-0.0007054711304408795,-0.00773076308303338,0.9913406611409369,-0.03961651,0.25913167,0.20314422,0.5234458932319463,3.5555989597924054e-05,0.00011439700028859079,0.00047507500858046114,0.00025223998818546534,0.00014710599498357624,9.715900523588061e-05,0.001420629007043317,0.01841063999745529,0.01983126900449861,50.42541653653913,0
335,6.720150588007527,-0.045450989400045216,-0.9660567802241822,1.3395326773272913,-1.991563459435934,-1.3592971006976526,0.2545376121997833,0.12059472501277924,-0.40208038687705994,-0.2249385416507721,-0.19397345185279846,0.006866678595542908,0.22772926092147827,0.16428299248218536,-1.782827377319336,-1.4776667356491089,-1.0480871200561523,0.3384617269039154,0.12857972085475922,-3.1087460717288518,0.34498844799384054,7.02014264429991,-0.1804234902998643,0.3681563915932491,0.04835146512043538,-0.04379232,-0.94255614,1.3385361,-2.0030777,-1.3586847,0.2589309,-0.04379232,-0.94255614,1.3385361,-2.0030777,-1.3586847,0.2589309,-0.04545098915696144,-0.966056764125824,1.339532732963562,-1.9915634393692017,-1.3592971563339233,0.2545376121997833,0.041466806,0.58751583,-0.024913501,-0.2878573,0.015312774,0.109831914,-0.12901251,0.036188013835290744,0.0,0.0009047003458822686,0.0021712807938456535,0.008823525,35.2941,False,0,0.4400281811011529,0.16095733268091494,0.04714149403047532,0.44547025779642613,0.16067704926821896,0.03157864643121536,0.1297672633177046,-0.004555833780363177,-0.0017878666690547863,0.9915323968624341,-0.03961651,0.25913167,0.20314422,0.5238675708509564,3.5887991543859243e-05,0.00011516301310621202,0.0005963359872112051,0.0003150160046061501,0.0001595350040588528,9.617500472813845e-05,0.0016258289979305118,0.01823043401236646,0.01985626301029697,50.36194370921782,0
336,6.7403819559986005,-0.04481107393373662,-0.9610420030406495,1.3415797392474573,-1.99102844814443,-1.359640900288717,0.25514504313468933,0.06360606849193573,-1.93891441822052,-1.3985486030578613,-1.0934487581253052,0.10554937273263931,0.23543037474155426,0.1675143837928772,-1.7764219045639038,-1.5903620719909668,-1.0372012853622437,0.3390355408191681,0.12846513092517853,3.047937912123311,-0.10938064605959519,-6.050059735948158,-0.027710265842828,-0.02869696393677519,0.17582898268476704,-0.043114766,-0.9408524,1.3387073,-2.003442,-1.3592974,0.25839567,-0.043114766,-0.9408524,1.3387073,-2.003442,-1.3592974,0.25839567,-0.04481107369065285,-0.9610419869422913,1.341579794883728,-1.9910284280776978,-1.3596409559249878,0.25514504313468933,0.042407673,0.5047401,-0.07181057,-0.31034112,0.008589485,0.08126576,0.019659562,0.03277795313426163,0.00039319124072790146,0.0008194488283565408,0.0018094007391482592,0.008823525,35.2941,False,0,0.43864090789319055,0.16121666639626242,0.044310550954814176,0.4450192571779956,0.15951581840396128,0.03490140539558215,0.12774605722281085,-0.00612432072966086,-0.004044832415569372,0.9917797443812395,-0.03961651,0.25913167,0.20314422,0.5225904615348889,3.6022000131197274e-05,0.00011476200597826391,0.000485507000121288,0.00027822499396279454,0.00014710999676026404,0.00010419699538033456,0.001517930009867996,0.01849115898949094,0.020009088999358937,49.9772878231507,0
337,6.760108457005117,-0.044422451649801076,-0.9572152060321351,1.3415539900409144,-1.9924584827818812,-1.359506909047262,0.2557680308818817,0.12163212150335312,-1.922076940536499,-1.4661227464675903,-0.9657822251319885,0.14785006642341614,0.24818462133407593,0.18157236278057098,-1.7890915870666504,-1.734798789024353,-1.0353056192398071,0.3665871024131775,0.12638646364212036,-2.320077692680598,-1.9787298206197397,-3.5932823841708292,-0.13692608525664254,0.1620915684024058,0.11076524260645973,-0.043028682,-0.94166124,1.3399345,-2.0035799,-1.3590161,0.25869483,-0.043028682,-0.94166124,1.3399345,-2.0035799,-1.3590161,0.25869483,-0.0444224514067173,-0.9572151899337769,1.341554045677185,-1.992458462715149,-1.3595069646835327,0.2557680308818817,0.034844227,0.38884938,-0.04048851,-0.27803776,0.012272332,0.073170014,0.0942187,0.04249872936662954,0.002277565263211727,0.0010624682341657385,0.0016388976946473122,0.008823525,35.2941,False,0,0.43849905406309536,0.16142173950861233,0.04280981011579951,0.44483810526874396,0.15911910139119304,0.03570101742578976,0.12796648578798936,-0.007492279502922574,-0.008133499382203285,0.9917168753106889,-0.03961651,0.25913167,0.20314422,0.5222413381981118,3.512200783006847e-05,0.00011355300375726074,0.0005729620024794713,0.0002844580012606457,0.00022871799592394382,0.0001488069974584505,0.0016976789920590818,0.017885113004012965,0.019582791996072046,51.06524137112736,0
338,6.780131412000628,-0.04434234300722295,-0.9547690910151978,1.3408344427691858,-1.9955631695189417,-1.3595107237445276,0.25637537240982056,0.29820311069488525,-1.364533543586731,-1.240277647972107,-0.5691813826560974,0.17297840118408203,0.2401779741048813,0.21183858811855316,-1.8215993642807007,-1.7976863384246826,-1.0253748893737793,0.3650433123111725,0.1202969029545784,-3.71021554622554,0.12207173894475949,0.5300144471381649,-0.10356466160240052,0.2659463166318934,0.09057046537295821,-0.044430513,-0.9417243,1.3412812,-2.0055575,-1.3599247,0.25977954,-0.044430513,-0.9417243,1.3412812,-2.0055575,-1.3599247,0.25977954,-0.044342342764139175,-0.9547690749168396,1.3408344984054565,-1.9955631494522095,-1.3595107793807983,0.25637537240982056,-0.0022042543,0.32611865,0.01116624,-0.24986,-0.010348251,0.08510417,0.09134057,0.06277811911252572,0.004104376696050167,0.0015694529778131432,0.0021249365527182817,0.00813725,32.549,False,0,0.4391492078116007,0.16142655905462566,0.042254870701707775,0.4448017991062741,0.15858852084944697,0.03421305839664365,0.1297017142208301,0.00044623905619794926,-0.0013196926838145648,0.9915521086510641,-0.03961651,0.25913167,0.20314422,0.5227884481377643,0.00012369400064926594,0.0001516780030215159,0.0006669610011158511,0.0003021840093424544,0.0002479410031810403,0.00012165399675723165,0.0020163889857940376,0.017778395005734637,0.019794783991528675,50.51835879734568,0
339,6.800134467004682,-0.04414350191225225,-0.9525357049754639,1.3404353300677698,-1.9976231060423792,-1.3595221678363245,0.25691816210746765,0.25451359152793884,-1.075210452079773,-1.2887758016586304,-0.6156882643699646,0.2339320033788681,0.23193569481372833,0.2229132205247879,-1.8974720239639282,-1.8045755624771118,-1.0259593725204468,0.34501779079437256,0.11846558004617691,-0.6024851148161604,1.0163372333690581,1.0949473085562211,-0.0680337656054418,0.1633892695316622,0.10974775009682956,-0.044244766,-0.94137996,1.3414003,-2.007433,-1.3602326,0.26051283,-0.044244766,-0.94137996,1.3414003,-2.007433,-1.3602326,0.26051283,-0.04414350166916847,-0.9525356888771057,1.3404353857040405,-1.997623085975647,-1.3595222234725952,0.25691816210746765,-0.0025315862,0.27889243,0.024121678,-0.24524641,-0.017759418,0.08986649,0.104724705,0.09364090459667505,0.006198870800435543,0.0023410226149168764,0.003138905856758356,0.00813725,32.549,False,0,0.43946467971534403,0.16149586724754791,0.04159952131510028,0.44509614434363975,0.15857263113348177,0.03389967358002143,0.1300443094121762,0.00349624829209577,0.00026687392326635306,0.9915019712877606,-0.03961651,0.25913167,0.20314422,0.5231655523640535,3.53070063283667e-05,0.00011004898988176137,0.00045642700570169836,0.0003158659965265542,0.00015043299936223775,0.00010259900591336191,0.0014731980045326054,0.01837884000269696,0.019852038007229567,50.372661972328864,0
340,6.820133653003722,-0.04373056093324834,-0.9500522774508973,1.3402469793902796,-1.9991761646666468,-1.3592518011676233,0.25737452507019043,0.0037843510508537292,-1.3147960901260376,-1.2170131206512451,-0.6048207879066467,0.12337426096200943,0.21709997951984406,0.13200414180755615,-1.9310945272445679,-1.686282753944397,-1.0393807888031006,0.2984023094177246,0.12429343163967133,-1.9277854378276282,-2.3887694654234672,0.6529738212200815,-0.17827262411870493,0.19210810751938545,0.10655010569559809,-0.043114793,-0.9439349,1.3421427,-2.0076873,-1.3599762,0.26102415,-0.043114793,-0.9439349,1.3421427,-2.0076873,-1.3599762,0.26102415,-0.043730560690164566,-0.9500522613525391,1.3402470350265503,-1.9991761445999146,-1.359251856803894,0.25737452507019043,0.015394218,0.15293434,0.047390204,-0.21277878,-0.0181089,0.091240756,0.1462559,0.1388606785661881,0.009123988710343837,0.003471516964154703,0.004682045429944992,0.00813725,32.549,False,0,0.43953785054320316,0.161733954735421,0.04074064976448746,0.4449060888979853,0.15855938962389013,0.03425785041497414,0.13020701387746464,0.0038441769426583194,-0.0014364275713520148,0.9914783406572469,-0.03961651,0.25913167,0.20314422,0.522876218011005,3.478900180198252e-05,0.00011103600263595581,0.0005957230023341253,0.00028929799736943096,0.00016373700054828078,0.00010104999819304794,0.0015886900073383003,0.018226191998110153,0.019814882005448453,50.467118589201405,0
341,6.8401315250084735,-0.043746296559469044,-0.9475776714137574,1.3404067198382776,-2.000399251977438,-1.3593347708331507,0.25786468386650085,0.019184060394763947,-1.6006475687026978,-1.100203037261963,-0.6878334283828735,0.08843230456113815,0.21839626133441925,0.01128949224948883,-1.9409739971160889,-1.4959803819656372,-1.050320029258728,0.2433595061302185,0.1259455531835556,-2.5008801462351675,-0.6752522228944778,-1.6595405366256362,-0.10846422201625852,0.1899587257170044,0.10386458124820416,-0.04239617,-0.9500431,1.3436161,-2.007038,-1.3600324,0.26159668,-0.04239617,-0.9500431,1.3436161,-2.007038,-1.3600324,0.26159668,-0.04374629631638527,-0.9475776553153992,1.3404067754745483,-2.000399351119995,-1.3593348264694214,0.25786468386650085,0.033753138,-0.061635908,0.080235146,-0.16596824,-0.01744011,0.09329961,0.1843792,0.20112771755514086,0.012811572812497615,0.005028192938878522,0.006943034008145332,0.00813725,32.549,False,0,0.4394931536197532,0.16170985006478722,0.03973564612321612,0.44477035144984306,0.15862258455002343,0.03425237517974998,0.1309328241145002,0.0008681969429376211,-0.0009118340560123478,0.9913904578050332,-0.03961651,0.25913167,0.20314422,0.5227400540966175,3.956300497520715e-05,0.00011361901124473661,0.0005151380028109998,0.00031197399948723614,0.00016940700879786164,9.740999666973948e-05,0.0015544699999736622,0.018225699008326046,0.01978016900829971,50.55568532202139,0
342,6.860107494008844,-0.043822590504781544,-0.9457903069308777,1.3405502478228968,-2.0015865765013636,-1.3593748251544397,0.2583405375480652,0.1064545288681984,-1.6530215740203857,-1.0547071695327759,-0.7064949870109558,0.05169063061475754,0.2143583595752716,0.03446672111749649,-1.9987083673477173,-1.3721095323562622,-1.0554945468902588,0.2326485961675644,0.12300233542919159,-1.4547286539450577,-0.1554837594537567,-0.5233476356649798,-0.14996055050184148,0.16614156209461903,0.10589358934820542,-0.042747222,-0.9588194,1.3452237,-2.0060143,-1.3603389,0.26193604,-0.042747222,-0.9588194,1.3452237,-2.0060143,-1.3603389,0.26193604,-0.04382259026169777,-0.9457902908325195,1.3405503034591675,-2.001586675643921,-1.3593748807907104,0.2583405375480652,0.026884167,-0.32572737,0.116834365,-0.11069407,-0.024102349,0.089887604,0.20182472,0.27992688000249816,0.016848067305982112,0.006998172000062454,0.010056385770440102,0.00813725,32.549,False,0,0.43953070909440817,0.1616659167843505,0.03903082248533618,0.4448509907887672,0.15855886118865212,0.034155397287197097,0.13131729650395518,0.0014296887546902289,-0.0014317484597611493,0.9913383525092143,-0.03961651,0.25913167,0.20314422,0.5228583675356381,3.5057004424743354e-05,0.00011493999045342207,0.0004985370032954961,0.00028533200384117663,0.00014999599079601467,0.00020406799740158021,0.0016414870042353868,0.018173003001720645,0.01981449000595603,50.468117004243375,0
343,6.8801378259959165,-0.04375058809389287,-0.9450464409640809,1.3405025641070765,-2.003109117547506,-1.359323803578512,0.25881579518318176,0.22400689125061035,-1.3948472738265991,-0.8674400448799133,-0.5727256536483765,0.0240837000310421,0.20135223865509033,0.1426718682050705,-2.11164927482605,-1.3928269147872925,-1.071192741394043,0.24645642936229706,0.12087281048297882,-1.113543461943854,-0.9691256816586601,1.7509747260637858,-0.2051426434603529,0.13661995665147805,0.10084172390187915,-0.044093065,-0.96692485,1.346624,-2.0052066,-1.3603586,0.26188853,-0.044093065,-0.96692485,1.346624,-2.0052066,-1.3603586,0.26188853,-0.0437505878508091,-0.9450464248657227,1.3405026197433472,-2.0031092166900635,-1.3593238592147827,0.25881579518318176,-0.008561904,-0.54696,0.15303591,-0.052432682,-0.025867317,0.07681865,0.17824002,0.3693581841890013,0.02041286762803793,0.009233954604725033,0.013996344059705734,0.00813725,32.549,False,0,0.4397980339759638,0.16169719251563064,0.038867875845051914,0.44496048146399125,0.15838921225360267,0.03401339312864668,0.13120562399891483,0.0017359944594349695,-0.0016122393215474706,0.9913523772086543,-0.03961651,0.25913167,0.20314422,0.5230383744578297,4.899399937130511e-05,0.00015024800086393952,0.0007200580002972856,0.00029997099773027003,0.000218979999772273,0.00013440199836622924,0.001950944002601318,0.017856154998298734,0.019807099000900052,50.48694914659431,0
344,6.900130904003163,-0.04353505769838506,-0.9450643819621583,1.3407133261310022,-2.004261632958883,-1.3594215551959437,0.25936225056648254,0.13622520864009857,-1.8795846700668335,-0.8050823211669922,-0.543371856212616,-0.007066268473863602,0.2262943983078003,0.19502145051956177,-2.953061580657959,-1.4378786087036133,-1.0989080667495728,0.24461735785007477,0.12021350860595703,-2.7535400767853764,-0.9063299214388723,1.0811221395366635,-0.12576576837697442,0.2160480058744479,0.08328333546116115,-0.045445908,-0.9719441,1.3475463,-2.0047176,-1.3595314,0.26165637,-0.045445908,-0.9719441,1.3475463,-2.0047176,-1.3595314,0.26165637,-0.043535057455301285,-0.9450643658638,1.340713381767273,-2.0042617321014404,-1.3594216108322144,0.25936225056648254,-0.047771305,-0.67199385,0.1708246,-0.011394841,-0.0027435906,0.057353266,0.110678144,0.4586413568509946,0.022626430504024027,0.011466033921274866,0.01846790872514248,0.00813725,32.549,False,0,0.4399620770354123,0.16176062672780933,0.03891762851549502,0.4447944024282604,0.1579966308266583,0.03389747562516589,0.13224947950028326,0.0015030414745837127,-0.0008238373740333815,0.9912149839648512,-0.03961651,0.25913167,0.20314422,0.522997791408687,0.0001678709959378466,0.00011867799912579358,0.0005108620098326355,0.0002821990055963397,0.0001488210109528154,9.544500790070742e-05,0.0016871420084498823,0.01814345999446232,0.0198306020029122,50.427112593613955,0
345,6.920313905997318,-0.04345447221864873,-0.9463290733150025,1.3413274923907679,-2.0048328838744105,-1.3595307509051722,0.2598738968372345,0.127158522605896,-2.1950037479400635,-0.8069275617599487,-0.6210526823997498,-0.045232608914375305,0.19746239483356476,0.10224061459302902,-3.002194881439209,-1.455352544784546,-1.1129612922668457,0.22660569846630096,0.12000206112861633,-1.959373191359453,-1.8253023602413285,-1.7201815755613352,-0.1679993231025812,0.18125839227270785,0.11241354669050246,-0.046444885,-0.97508895,1.3482127,-2.004807,-1.3575659,0.26148802,-0.046444885,-0.97508895,1.3482127,-2.004807,-1.3575659,0.26148802,-0.04345447197556496,-0.9463290572166443,1.3413275480270386,-2.0048329830169678,-1.3595308065414429,0.2598738968372345,-0.074760355,-0.71899754,0.17212804,0.00065200764,0.04912221,0.040352862,0.0017806569,0.5332814216513045,0.02266204364132136,0.013332035541282615,0.02293206751346588,0.00813725,32.549,False,0,0.4400304739621715,0.1617671962289739,0.03933488524336806,0.44482654272578537,0.15730099692956515,0.033856054563029425,0.1320922139685593,0.0012501742584142203,-0.0018997766363791843,0.991234802066573,-0.03961651,0.25913167,0.20314422,0.5231759181940656,3.4860000596381724e-05,0.00011197000276297331,0.0006674149917671457,0.000975053000729531,0.00017450700397603214,9.97019960777834e-05,0.002411983994534239,0.017595255994820036,0.020007239989354275,49.98190657642402,0
346,6.940128603004268,-0.04352695146669561,-0.9486938279918213,1.3421080748187464,-2.0051852665343226,-1.3598015944110315,0.26031678915023804,-0.004704296588897705,-2.1361076831817627,-0.8221014142036438,-0.6742661595344543,-0.009370952844619751,0.2002118080854416,-0.09973467886447906,-2.906688690185547,-1.4250541925430298,-1.0950342416763306,0.23766972124576569,0.11947652697563171,-1.1096727443323762,-0.5915555499438248,-1.2831162429560838,-0.11408598557908044,0.15288272824543342,0.11406040518250854,-0.047029134,-0.9775063,1.349202,-2.0053186,-1.3553152,0.26161206,-0.047029134,-0.9775063,1.349202,-2.0053186,-1.3553152,0.26161206,-0.04352695122361183,-0.9486938118934631,1.342108130455017,-2.00518536567688,-1.3598016500473022,0.26031678915023804,-0.08755458,-0.720311,0.17734887,-0.0033301732,0.11216193,0.032381654,-0.115587644,0.5800697897476957,0.020350290755741296,0.014501744743692395,0.026664070785045624,0.00117647,4.70588,False,0,0.4401435387346709,0.16166802504635838,0.040151182276138786,0.4449832781077675,0.15723809256440147,0.034083008641517074,0.13253954520373828,0.00391058392140763,-0.0019268442490413262,0.9911681427377632,-0.03961651,0.25913167,0.20314422,0.5232599258978267,3.4755998058244586e-05,0.00011345501116011292,0.0005661290051648393,0.0002843730035237968,0.00014781599747948349,9.40710015129298e-05,0.0016175729979295284,0.018006277998210862,0.01962385099614039,50.958397523334206,0
347,6.96010110800853,-0.043734375630513966,-0.9520989221385499,1.3431227842914026,-2.0053607426085414,-1.3598693052874964,0.2606968879699707,-0.14501725137233734,-1.9691638946533203,-0.8022521734237671,-0.6074358820915222,0.1313362717628479,0.19975292682647705,-0.27158233523368835,-2.753251314163208,-1.3764714002609253,-1.0169663429260254,0.33206596970558167,0.11885355412960052,-1.376854762748581,-0.3830117573068918,-0.4900714639425921,-0.12033109741300409,0.1678802655757811,0.1109381417804498,-0.047544613,-0.9800071,1.3507528,-2.0058177,-1.3536321,0.26204672,-0.047544613,-0.9800071,1.3507528,-2.0058177,-1.3536321,0.26204672,-0.04373437538743019,-0.9520989060401917,1.3431228399276733,-2.0053608417510986,-1.359869360923767,0.2606968879699707,-0.09525591,-0.69770557,0.19074842,-0.011418881,0.15593046,0.0337457,-0.21149863,0.5908602787577448,0.01612031809519976,0.014771506968943622,0.029003489762544632,0.00117647,4.70588,False,0,0.44028093136209273,0.16155646298520102,0.041342808463742275,0.44489940188075827,0.1572747842465864,0.03411950958632332,0.13259623949530253,0.002929327092523742,-0.0005410683256868616,0.9911656304217379,-0.03961651,0.25913167,0.20314422,0.5231633089954895,0.00010866099910344929,0.00011558500409591943,0.0006346449954435229,0.00028310999914538115,0.00020190600480418652,0.0001181559928227216,0.0018477380071999505,0.017968824002309702,0.019816562009509653,50.46284009911083,0
348,6.980130412004655,-0.043934170399801076,-0.9558778566173096,1.3440898100482386,-2.005317827264303,-1.359631363545553,0.26094508171081543,-0.24047531187534332,-1.9475812911987305,-0.7638776898384094,-0.5518516898155212,0.1756126880645752,0.1873260885477066,-0.2576409578323364,-2.611891984939575,-1.3269902467727661,-0.92088383436203,0.44669994711875916,0.11915270239114761,-1.7292104437818305,-0.9190434675491708,-0.1502537450866291,-0.1275916933928447,0.1884606967665325,0.11148753391872385,-0.047784265,-0.9826778,1.3521793,-2.0058784,-1.3531485,0.262587,-0.047784265,-0.9826778,1.3521793,-2.0058784,-1.3531485,0.262587,-0.0439341701567173,-0.9558778405189514,1.3440898656845093,-2.0053179264068604,-1.3596314191818237,0.26094508171081543,-0.09625235,-0.6699996,0.20223409,-0.01401036,0.16207466,0.04104849,-0.255471,0.5657895541148333,0.011010898272506888,0.014144738852870833,0.029543014243245125,0.00117647,4.70588,False,0,0.44042198194502896,0.16151894081779505,0.04270414540363737,0.44467689951595685,0.15731844872834125,0.03417644815218869,0.13270253712525737,0.0035773624406443137,-2.9714814147274032e-05,0.9911494620708305,-0.03961651,0.25913167,0.20314422,0.5229303467544858,0.00010428800305817276,0.00015619500481989235,0.0008176089904736727,0.000320989012834616,0.0002223410119768232,0.00011828899732790887,0.002279603009810671,0.017520841996883973,0.019800445006694645,50.50391542522879,0
349,7.000132511995616,-0.04431039491762334,-0.9597780865481873,1.3452256361590784,-2.0052901707091273,-1.3592312971698206,0.2611987292766571,-0.23921920359134674,-1.939542531967163,-0.8001846075057983,-0.5591588616371155,0.27600568532943726,0.18675975501537323,-0.24317626655101776,-2.514389991760254,-1.2865877151489258,-0.8902548551559448,0.447218120098114,0.11852817982435226,-1.458979595901837,-1.035100898262545,-0.9160556969065512,-0.12891312564763346,0.18927457370750098,0.12905301548225942,-0.04801458,-0.98555416,1.3534124,-2.0058432,-1.3540622,0.2633021,-0.04801458,-0.98555416,1.3534124,-2.0058432,-1.3540622,0.2633021,-0.044310394674539566,-0.9597780704498291,1.3452256917953491,-2.0052902698516846,-1.3592313528060913,0.2611987292766571,-0.0926047,-0.6444026,0.2046668,-0.01382446,0.12922955,0.05258378,-0.24672772,0.5120002542586747,0.006076343874447043,0.012800006356466869,0.02828947827219963,0.00117647,4.70588,False,0,0.4405530732114245,0.1614429678067012,0.044077623921381204,0.444783937219285,0.15733393401487314,0.034097244462277285,0.133017060695639,0.0028955394299404243,-0.00023215323991525663,0.9911095185625869,-0.03961651,0.25913167,0.20314422,0.5230520560748204,0.0001126709976233542,0.00011318600445520133,0.0005562849983107299,0.0003080360038438812,0.00014914499479345977,9.513901022728533e-05,0.001740514999255538,0.018103212991263717,0.019843727990519255,50.393756681091894,0
350,7.020130734003033,-0.0448382536517542,-0.9637681406787415,1.3462756315814417,-2.0053535900511683,-1.3585947195636194,0.2613714039325714,-0.2002786099910736,-1.8559554815292358,-0.7465975284576416,-0.5845991969108582,0.308736652135849,0.2003004550933838,-0.22862015664577484,-2.4624147415161133,-1.2647032737731934,-0.8915289044380188,0.4402945339679718,0.1199997141957283,-1.7073476481402121,0.007624863140291767,-0.1587356574060465,-0.11058397144783663,0.19354904391536162,0.1087012939521179,-0.048273247,-0.9882084,1.3542936,-2.0060909,-1.3559531,0.26406375,-0.048273247,-0.9882084,1.3542936,-2.0060909,-1.3559531,0.26406375,-0.044838253408670425,-0.9637681245803833,1.3462756872177124,-2.0053536891937256,-1.3585947751998901,0.2613714039325714,-0.08587484,-0.61100656,0.20044814,-0.018428905,0.06604174,0.06730886,-0.19534948,0.44112923975426477,0.0021693541808053803,0.01102823099385662,0.02560001239180565,0.00117647,4.70588,False,0,0.44076255552616544,0.1613525540835839,0.04553515063800115,0.44488900545427157,0.15716774643908682,0.0340971665830995,0.13282190300294017,0.0031542208762497543,-0.0008237031456768268,0.9911345458919102,-0.03961651,0.25913167,0.20314422,0.5231817500546471,3.53070063283667e-05,0.00011013400217052549,0.0006488020007964224,0.0003024400066351518,0.00015889000496827066,9.60769975790754e-05,0.0017299269966315478,0.01808635900670197,0.019816286003333516,50.46354295813953,0
351,7.040130373003194,-0.045360867177144826,-0.967656211262085,1.3472865263568323,-2.0054332218565882,-1.3576682249652308,0.261574923992157,-0.2451542317867279,-1.8052014112472534,-0.7301640510559082,-0.5804296731948853,0.26022881269454956,0.20820152759552002,-0.2235136330127716,-2.4442508220672607,-1.2607814073562622,-0.8965010643005371,0.4251883625984192,0.1256103217601776,-2.074792456269818,-1.113333199850619,0.3192575675007434,-0.1343765216176176,0.20819396860975226,0.09680286075915588,-0.048525687,-0.9895804,1.3551999,-2.0067668,-1.3579035,0.2649317,-0.048525687,-0.9895804,1.3551999,-2.0067668,-1.3579035,0.2649317,-0.04536086693406105,-0.9676561951637268,1.347286581993103,-2.0054333209991455,-1.3576682806015015,0.261574923992157,-0.07912048,-0.5481042,0.19783305,-0.03333728,-0.005881044,0.08391993,-0.12835085,0.3676076997952206,0.0,0.009190192494880517,0.02205646224319935,0.00117647,4.70588,False,0,0.4409734087618954,0.1613314269880253,0.04697575012733432,0.4447980485887494,0.15724530534701484,0.034134379137117477,0.132891206352225,0.0026251159568620864,-0.0006762689861848047,0.9911269380872769,-0.03961651,0.25913167,0.20314422,0.5230703808197874,3.649998689070344e-05,0.00016453801072202623,0.0005519700061995536,0.00034379200951661915,0.00017105099686887115,0.00011458199878688902,0.0019268109899712726,0.017907850007759407,0.01983466099773068,50.41679311355066,0
352,7.060112002000096,-0.045888725911275685,-0.9713514608195801,1.3484581152545374,-2.005517145196432,-1.356854263936178,0.2618628144264221,-0.2611701190471649,-1.857718825340271,-0.7443014979362488,-0.622521162033081,0.24858027696609497,0.1895306259393692,-0.2262343168258667,-2.437915802001953,-1.2676488161087036,-0.9080718159675598,0.4069191515445709,0.1280909925699234,-1.7278940237511609,-1.009726383508449,0.1550926130560151,-0.13267629679932708,0.1984144662628024,0.09973434107939777,-0.04882586,-0.98882616,1.3563166,-2.0080621,-1.359394,0.26584432,-0.04882586,-0.98882616,1.3563166,-2.0080621,-1.359394,0.26584432,-0.04588872566819191,-0.9713514447212219,1.348458170890808,-2.0055172443389893,-1.3568543195724487,0.2618628144264221,-0.07342835,-0.43686786,0.19646123,-0.06362243,-0.0634917,0.099537246,-0.07677574,0.3063397498293506,0.0,0.007658493745733764,0.018380384892225266,0.00117647,4.70588,False,0,0.4411115024080779,0.16128504479260772,0.048279843440914266,0.44473926595106383,0.15711507874757835,0.034178019421435155,0.13265603189274056,0.0037210327739257516,-0.0016706468131028294,0.9911537132496415,-0.03961651,0.25913167,0.20314422,0.523027227430038,3.482299507595599e-05,0.00011199399887118489,0.0005988429911667481,0.0008338750049006194,0.000261424997006543,0.0004840239998884499,0.0026923219993477687,0.01713156000187155,0.019823882001219317,50.44420663614183,0
353,7.08013155599474,-0.04639751115907842,-0.9748421472362061,1.3496053854571741,-2.0056125126280726,-1.35637075105776,0.26218247413635254,-0.237628772854805,-1.8138784170150757,-0.753122866153717,-0.6366201639175415,0.25984129309654236,0.1858655959367752,-0.23033735156059265,-2.4036338329315186,-1.263507604598999,-0.9324383735656738,0.39204639196395874,0.13023312389850616,-1.4498510842117978,-0.7909486465920291,0.21939937951296123,-0.12823503824373042,0.1973975800240696,0.11356627201280936,-0.048937768,-0.9859777,1.3573266,-2.0095296,-1.3601041,0.2667151,-0.048937768,-0.9859777,1.3573266,-2.0095296,-1.3601041,0.2667151,-0.046397510915994644,-0.9748421311378479,1.3496054410934448,-2.00561261177063,-1.3563708066940308,0.26218247413635254,-0.06350643,-0.27838916,0.1930285,-0.09792611,-0.09333129,0.113315545,-0.061413318,0.25528312485779214,0.0,0.006382078121444804,0.015316987410187721,0.0034313750000000004,13.7255,False,0,0.44122906373196963,0.1611711075826163,0.04948641359038572,0.44473466523474225,0.15724360781144495,0.03414215231669097,0.13289407081040883,0.002417531416996201,-0.000824722019927053,0.9911269312086243,-0.03961651,0.25913167,0.20314422,0.5230095010193427,5.105099990032613e-05,0.00015681100194342434,0.0008275030122604221,0.000308545000734739,0.00022227299632504582,0.00013341300655156374,0.0028422510076779872,0.01694715798657853,0.01978940899425652,50.53208007829996,0
354,7.10013526599505,-0.046888176594869435,-0.9780177038959046,1.350738827382223,-2.0059110126891078,-1.356227223073141,0.26261377334594727,-0.254793643951416,-1.7366645336151123,-0.7370526194572449,-0.6098372936248779,0.1113918200135231,0.19628913700580597,-0.23489625751972198,-2.3231656551361084,-1.2389755249023438,-0.9826400279998779,0.24035166203975677,0.13190029561519623,-1.725285209452289,-1.0400933611282417,0.4155815048648441,-0.13661543349553024,0.20744231983856307,0.10362440036028389,-0.04874211,-0.9814378,1.3579825,-2.0112176,-1.3604038,0.26759133,-0.04874211,-0.9814378,1.3579825,-2.0112176,-1.3604038,0.26759133,-0.04688817635178566,-0.9780176877975464,1.3507388830184937,-2.005911111831665,-1.3562272787094116,0.26261377334594727,-0.046348378,-0.08550276,0.18109189,-0.13265985,-0.1044124,0.12443913,-0.06412844,0.21273593738149346,0.0,0.005318398434537337,0.012764155864715576,0.0034313750000000004,13.7255,False,0,0.4413557560936063,0.16098565003371962,0.05056292405849003,0.4447368959739805,0.1572639643450728,0.03420750618932438,0.13289901977413765,0.003106416241774906,-0.0008351822516769122,0.9911243799410008,-0.03961651,0.25913167,0.20314422,0.522986487123972,3.6658995668403804e-05,0.00011399301001802087,0.0004885580128757283,0.0003435969993006438,0.0001703260059002787,0.00010258999827783555,0.001631095990887843,0.01821213899529539,0.019843234986183234,50.395008711850465,0
355,7.120130164999864,-0.04729301134218389,-0.980694906120636,1.3518779913531702,-2.006245275537008,-1.3564775625811976,0.26311713457107544,-0.24481447041034698,-1.6331559419631958,-0.7192118763923645,-0.5902466177940369,0.03508573770523071,0.20386172831058502,-0.23180361092090607,-2.2190065383911133,-1.2050104141235352,-0.9730535745620728,0.11234717071056366,0.13235488533973694,-2.1204577779616467,-0.7224297413132064,0.8284596040183088,-0.132254148472764,0.21825269030799407,0.10884289629965474,-0.047805704,-0.97593623,1.3580353,-2.0129938,-1.3601121,0.26839772,-0.047805704,-0.97593623,1.3580353,-2.0129938,-1.3601121,0.26839772,-0.04729301109910011,-0.9806948900222778,1.351878046989441,-2.0062453746795654,-1.3564776182174683,0.26311713457107544,-0.0128173325,0.11896591,0.15393199,-0.1687083,-0.09086279,0.13201427,-0.089878514,0.17727994781791123,0.0,0.004431998695447781,0.010636797174811363,0.0034313750000000004,13.7255,False,0,0.44141907448216955,0.16074897363019752,0.051405020749946684,0.44514981682758714,0.15809793846998604,0.0340602254536038,0.13420379478543165,0.0034352234804480956,8.323927148260954e-05,0.9909478299207932,-0.03961651,0.25913167,0.20314422,0.5232548182794375,3.523899067658931e-05,0.00011207601346541196,0.0006478519935626537,0.0003731180040631443,0.00022447900846600533,9.785300062503666e-05,0.0018135819991584867,0.01802385899645742,0.019837440995615907,50.40972775777889,0
356,7.140132340995478,-0.04769260088075811,-0.9826494616321106,1.3530014196978968,-2.0066658459105433,-1.3567774931537073,0.26374730467796326,-0.2104899138212204,-1.5777702331542969,-0.6981478333473206,-0.6133992075920105,-0.011871280148625374,0.19273395836353302,-0.22133176028728485,-2.123046636581421,-1.1772639751434326,-0.9560787677764893,0.11844789236783981,0.13197271525859833,-1.7038570889663445,-0.48179354917605766,0.8949587052337651,-0.12045911958713282,0.21840015015642192,0.09673167155779894,-0.046774633,-0.97130966,1.3578482,-2.0144806,-1.359542,0.26911357,-0.046774633,-0.97130966,1.3578482,-2.0144806,-1.359542,0.26911357,-0.04769260063767433,-0.9826494455337524,1.3530014753341675,-2.0066659450531006,-1.356777548789978,0.26374730467796326,0.022949142,0.2834942,0.121167615,-0.19536471,-0.06911141,0.13415655,-0.108498536,0.14773328984825937,0.0,0.0036933322462064846,0.008863997645676136,0.0034313750000000004,13.7255,False,0,0.44143140621857974,0.16050546727876727,0.051944365437238904,0.4453920421599627,0.15860393102626325,0.034184749114287004,0.13365967190274686,0.0034723413875921445,0.0005318136809917412,0.9910210918309574,-0.03961651,0.25913167,0.20314422,0.5233415957871667,3.429398930165917e-05,0.00012199699995107949,0.0004758319992106408,0.0003079910093219951,0.00014753499999642372,9.550500544719398e-05,0.0015281800006050617,0.018311464998987503,0.019839644999592565,50.4041276958603,0
357,7.160101710003801,-0.04795676866640264,-0.9836049836925049,1.3540495077716272,-2.0072432957091273,-1.3572433630572718,0.26440274715423584,-0.19958044588565826,-1.5293034315109253,-0.6549557447433472,-0.6120081543922424,-0.036958519369363785,0.1950691044330597,-0.19360071420669556,-2.065138816833496,-1.1680291891098022,-0.9489473700523376,0.13471640646457672,0.13018789887428284,-1.655576680836029,-0.602451097646576,1.2302497600706248,-0.12881125722158213,0.21072002331688966,0.11074109964576816,-0.045964032,-0.9678733,1.3576422,-2.015821,-1.3590252,0.26970333,-0.045964032,-0.9678733,1.3576422,-2.015821,-1.3590252,0.26970333,-0.04795676842331886,-0.9836049675941467,1.354049563407898,-2.0072433948516846,-1.3572434186935425,0.26440274715423584,0.049818393,0.39329252,0.08981499,-0.21444094,-0.04454611,0.13251427,-0.12423138,0.1231110748735495,0.0,0.0030777768718387374,0.007386664394289255,0.0034313750000000004,13.7255,False,0,0.44137848369043964,0.16028533368518164,0.05208042928236728,0.44561987612045284,0.15900498811992764,0.03417446605833956,0.13569991004981408,0.0018693147995748824,0.001118529403732988,0.9907475583998107,-0.03961651,0.25913167,0.20314422,0.5234792084643244,3.548098902683705e-05,0.00014463999832514673,0.0004916489997413009,0.00027401899569667876,0.0001460069906897843,9.882899757940322e-05,0.0015325639978982508,0.01826945300854277,0.01980201700644102,50.49990612949828,0
358,7.180092994007282,-0.048041645680562794,-0.9833123844913025,1.3549841086017054,-2.0081330738463343,-1.3578146139727991,0.26512518525123596,-0.09707581996917725,-1.1935937404632568,-0.6828354001045227,-0.5918371081352234,-0.014117728918790817,0.21134333312511444,-0.0259877759963274,-1.4882513284683228,-1.1875345706939697,-0.9589744210243225,0.15303179621696472,0.1279599517583847,-1.9652933109088286,-0.44530024139932,1.3306984146297698,-0.0751550556434344,0.24404102134969566,0.158179508435079,-0.04525313,-0.9648803,1.3575182,-2.0172513,-1.3587072,0.27027595,-0.04525313,-0.9648803,1.3575182,-2.0172513,-1.3587072,0.27027595,-0.04804164543747902,-0.9833123683929443,1.354984164237976,-2.0081331729888916,-1.3578146696090698,0.26512518525123596,0.06971287,0.4608014,0.063350745,-0.22795087,-0.0223142,0.12876911,-0.12995856,0.10259256239462458,0.0,0.0025648140598656145,0.006155553739517927,0.0034313750000000004,13.7255,False,0,0.4412758896795348,0.16012090089671066,0.05173568170060486,0.44577727096407055,0.15940726743506772,0.03409750514799967,0.13534049516242463,0.0029775863971239235,0.00024062377165229298,0.9907946674961932,-0.03961651,0.25913167,0.20314422,0.523573177288556,0.00011502600682433695,0.00015995300782378763,0.0006888000061735511,0.0003220249927835539,0.000243903006776236,0.00012075300037395209,0.0020558600081130862,0.017679955999483354,0.01973581600759644,50.66930091033954,0
359,7.2000875450030435,-0.04798871675600225,-0.9820597928813477,1.3558080832110804,-2.0090652904906214,-1.358304802571432,0.2658800184726715,0.0515696220099926,-1.205357313156128,-0.7657187581062317,-0.6879777908325195,-0.011297029443085194,0.19822047650814056,0.17851488292217255,-1.5542681217193604,-1.225783348083496,-0.9822313785552979,0.16556547582149506,0.1260412633419037,-1.2872348851682986,0.11374849966424812,0.5147682640597842,-0.0799811986549688,0.1948442843163589,0.0727505607832265,-0.045116026,-0.96219736,1.3574831,-2.0186148,-1.3587393,0.2708328,-0.045116026,-0.96219736,1.3574831,-2.0186148,-1.3587393,0.2708328,-0.04798871651291847,-0.9820597767829895,1.355808138847351,-2.0090653896331787,-1.3583048582077026,0.2658800184726715,0.07181728,0.49655983,0.04187447,-0.23873173,-0.010860167,0.12381936,-0.12499994,0.08549380199552048,0.0,0.0021373450498880123,0.005129628349095583,0.0034313750000000004,13.7255,False,0,0.44109800476337613,0.1600386343320686,0.05101671321994866,0.44581898961369865,0.15938719306269494,0.033959383714490615,0.13600820472954855,0.002071378922088856,0.0009189253762792345,0.9907051267001502,-0.03961651,0.25913167,0.20314422,0.5236602857794512,4.554800398182124e-05,0.00013000400213059038,0.0005485669971676543,0.0003047829959541559,0.00016731499636080116,0.00010678000398911536,0.0016212820046348497,0.018201453000074252,0.019822735004709102,50.44712547297027,0
360,7.220092849995126,-0.04773265520204717,-0.9802489441684266,1.3563216368304651,-2.010191103021139,-1.3585808912860315,0.2665991485118866,0.17416861653327942,-1.2668278217315674,-0.7822089195251465,-0.7072937488555908,-0.03181440383195877,0.20703566074371338,0.2679736912250519,-1.628211259841919,-1.2621822357177734,-1.0059365034103394,0.17069891095161438,0.12491004168987274,-1.7776438268461932,-0.8536995413027335,-0.14422824054874295,-0.1198771915790282,0.2033393656272463,0.10538602751886272,-0.045016967,-0.95967346,1.3574574,-2.0199778,-1.3587176,0.2713266,-0.045016967,-0.95967346,1.3574574,-2.0199778,-1.3587176,0.2713266,-0.047732654958963394,-0.9802489280700684,1.3563216924667358,-2.0101912021636963,-1.3585809469223022,0.2665991485118866,0.0678922,0.51438713,0.028391616,-0.244664,-0.0034146954,0.11818668,-0.11013634,0.07124483499626708,0.0,0.001781120874906677,0.004274690058082342,0.0034313750000000004,13.7255,False,0,0.44096943051816917,0.16009168422253653,0.05017862449453764,0.4457889826013347,0.15943721128350624,0.033995990923728986,0.13542323865297756,0.00329232827862294,-0.00018075037038916414,0.9907823622214902,-0.03961651,0.25913167,0.20314422,0.5236111170083412,0.000522425994859077,0.00012968599912710488,0.0006479110015789047,0.00031935299921315163,0.0001691090001258999,0.00010499499330762774,0.002417826995952055,0.01742416799243074,0.019841994988382794,50.39815807762706,0
361,7.240092610998545,-0.04743320146669561,-0.9779259723475953,1.3566415945636194,-2.0115677318968714,-1.3587635199176233,0.2673417627811432,0.19887186586856842,-1.2643210887908936,-0.7653555274009705,-0.6808450222015381,-0.026091603562235832,0.20373795926570892,0.2447032332420349,-1.6921864748001099,-1.290932059288025,-1.0254321098327637,0.21077048778533936,0.1251111626625061,-1.8277837062352895,-0.6083072378917891,0.2513107249578464,-0.11645361368646764,0.21832510121446846,0.09987029299373311,-0.04512682,-0.95715684,1.357426,-2.0214994,-1.3587954,0.27184707,-0.04512682,-0.95715684,1.357426,-2.0214994,-1.3587954,0.27184707,-0.04743320122361183,-0.9779259562492371,1.3566416501998901,-2.0115678310394287,-1.358763575553894,0.2673417627811432,0.057659514,0.51922804,0.019608444,-0.24828956,-0.000795487,0.11263296,-0.089077964,0.059370695830222565,0.0,0.0014842673957555642,0.003562241792678833,0.00764705,30.5882,False,0,0.4408960642403202,0.16018254570767482,0.049205942645661915,0.44578243670539774,0.15935644062427412,0.03404099570545069,0.1357457886741748,0.0024698570120757347,0.000880065698679558,0.9907402278185307,-0.03961651,0.25913167,0.20314422,0.5236058970590737,3.3778997021727264e-05,0.00011185499897692353,0.0005343960074242204,0.00030923899612389505,0.00019899300241377205,9.769399184733629e-05,0.0016192769980989397,0.01820969200343825,0.01982896900153719,50.43126548447766,0
362,7.260129557995242,-0.04712516466249639,-0.9753164809993287,1.3568852583514612,-2.0129009685912074,-1.3587997595416468,0.2680606544017792,0.18065965175628662,-1.2691032886505127,-0.7385089993476868,-0.6927027106285095,-0.006163002923130989,0.19148334860801697,0.22584927082061768,-1.7415255308151245,-1.310611605644226,-1.038774847984314,0.2557235658168793,0.12517988681793213,-1.6833919103143,-0.7425771381719407,0.24324429615507406,-0.13051389702969152,0.1995304806545433,0.10388639319157791,-0.04519843,-0.9545911,1.3573414,-2.0230188,-1.358715,0.272362,-0.04519843,-0.9545911,1.3573414,-2.0230188,-1.358715,0.272362,-0.04712516441941261,-0.9753164649009705,1.356885313987732,-2.0129010677337646,-1.3587998151779175,0.2680606544017792,0.04816835,0.51813483,0.011403711,-0.2529467,0.0021181782,0.107533626,-0.06879521,0.04947557985851881,0.0,0.0012368894964629703,0.002968534827232361,0.00764705,30.5882,False,0,0.440803958516403,0.1603119549381642,0.04813466807581018,0.4458273129344194,0.15938944068414865,0.033975400666400764,0.13575356886644135,0.002606475155147226,0.0010399418347296074,0.9907386900038957,-0.03961651,0.25913167,0.20314422,0.5236623989534597,0.00010316900443285704,0.00012192899885121733,0.00048253999557346106,0.00029682699823752046,0.000151068001287058,9.931399836204946e-05,0.0015878359990892932,0.018278814997756854,0.019866650996846147,50.335610171978715,0
363,7.280129874998238,-0.04674226442445928,-0.9724369210055848,1.3570612112628382,-2.0142771206297816,-1.3587964216815394,0.26873156428337097,0.20887888967990875,-1.2932970523834229,-0.7663015127182007,-0.6937285661697388,-0.011303069069981575,0.1886761635541916,0.20753474533557892,-1.774741530418396,-1.353659987449646,-1.0476573705673218,0.2796061038970947,0.12553299963474274,-1.7926302073371019,-0.679571864217532,-0.039000117651948135,-0.12998095883552854,0.19964212371803633,0.10349090159674698,-0.045069933,-0.9521091,1.357334,-2.024436,-1.3586354,0.27281487,-0.045069933,-0.9521091,1.357334,-2.024436,-1.3586354,0.27281487,-0.046742264181375504,-0.9724369049072266,1.3570612668991089,-2.014277219772339,-1.35879647731781,0.26873156428337097,0.04180833,0.5081952,0.006820034,-0.25396845,0.0040252623,0.10208255,-0.038348556,0.041229649882099005,0.0,0.0010307412470524752,0.002473779022693634,0.00764705,30.5882,False,0,0.44069947170489376,0.1604835165252394,0.0469725190056601,0.44575830515396664,0.1594392323539826,0.03411077028098015,0.13544217620893867,0.0017951859744739485,0.0011470946688700683,0.990782933562176,-0.03961651,0.25913167,0.20314422,0.5235452239698494,3.588100662454963e-05,0.00011630299559328705,0.00048265700752381235,0.0002529460034566,0.00014665599155705422,0.00011792000441346318,0.0014669209922431037,0.018371865997323766,0.01983878698956687,50.406307629891664,0
364,7.300131198004237,-0.04647380510439092,-0.9694568675807496,1.3571379820453089,-2.015590330163473,-1.3588441053973597,0.26937830448150635,0.2321009784936905,-1.407357931137085,-0.7970823645591736,-0.7477344870567322,-0.01252502016723156,0.17094025015830994,0.19863148033618927,-1.7944597005844116,-1.4424123764038086,-1.0515345335006714,0.2930554747581482,0.1256437599658966,-1.7452150795463077,-0.8602220650881542,-1.3378472601212874,-0.11578649731456661,0.18926486043958518,0.10619917802188018,-0.045140732,-0.94973826,1.3572338,-2.0258737,-1.3586376,0.27327794,-0.045140732,-0.94973826,1.3572338,-2.0258737,-1.3586376,0.27327794,-0.046473804861307144,-0.9694568514823914,1.3571380376815796,-2.0155904293060303,-1.3588441610336304,0.26937830448150635,0.03332683,0.49296394,0.0023919726,-0.25708017,0.0051657353,0.09749098,-0.012682084,0.03435804156841584,0.0,0.000858951039210396,0.0020614825189113617,0.00764705,30.5882,False,0,0.4406151931638896,0.1605926687300713,0.04578711151470796,0.44583852532828366,0.159378593417693,0.03401123568068151,0.1357673758336279,0.0028206853940452845,0.0008512666703959573,0.9907363374948389,-0.03961651,0.25913167,0.20314422,0.523663284092646,3.480799205135554e-05,0.00011303801147732884,0.0004719740099972114,0.00028746298630721867,0.00014649699733126909,9.561599290464073e-05,0.0015083250036695972,0.018337960995268077,0.019846285998937674,50.387261377445014,0
365,7.320133394998265,-0.04617053667177373,-0.9665339154056092,1.3571651617633265,-2.01701082805776,-1.358879868184225,0.270009845495224,0.23249012231826782,-1.3177590370178223,-0.8000137805938721,-0.7460528612136841,-0.0030765943229198456,0.1603601574897766,0.20119217038154602,-1.806845784187317,-1.5045305490493774,-1.05032217502594,0.30687659978866577,0.12506543099880219,-1.600742524459593,-0.3392435691992376,-0.670513149678324,-0.10733104449591205,0.1816564496553713,0.07232813784544773,-0.044945836,-0.9475819,1.3572392,-2.0272534,-1.3585886,0.27372497,-0.044945836,-0.9475819,1.3572392,-2.0272534,-1.3585886,0.27372497,-0.04617053642868996,-0.966533899307251,1.3571652173995972,-2.0170109272003174,-1.3588799238204956,0.270009845495224,0.030617556,0.47380108,0.0018511224,-0.25605878,0.0072826906,0.0928782,0.019374507,0.031214968846752813,0.0003874901309609413,0.0007803742211688204,0.0017179020214825869,0.00764705,30.5882,False,0,0.4405677177437277,0.16071792815021385,0.04465172577782464,0.4458277036654001,0.15944094810122642,0.03413688425772641,0.13562124982595525,0.0033555143445649274,0.0001041196474158533,0.9907550531683094,-0.03961651,0.25913167,0.20314422,0.5236008071581834,3.6537996493279934e-05,0.00011150700447615236,0.0006132800044724718,0.0002996960101881996,0.0001506709959357977,9.43340128287673e-05,0.001596631991560571,0.01825033299974166,0.01984696499130223,50.385537558928625,0
366,7.340130355994916,-0.04591399828066045,-0.9638260763934632,1.357157055531637,-2.018510957757467,-1.358833138142721,0.27058494091033936,0.19810006022453308,-1.327514886856079,-0.83258056640625,-0.7079146504402161,0.021292727440595627,0.18161353468894958,0.19954904913902283,-1.816834568977356,-1.5490328073501587,-1.0499917268753052,0.31444913148880005,0.12484446913003922,-1.734529533440584,-0.6690149643971992,0.02671004717599143,-0.11941802582087194,0.19511656468243624,0.11131967078862218,-0.044861503,-0.9458996,1.3574505,-2.0285444,-1.3585432,0.27422002,-0.044861503,-0.9458996,1.3574505,-2.0285444,-1.3585432,0.27422002,-0.045913998037576675,-0.963826060295105,1.3571571111679077,-2.0185110569000244,-1.3588331937789917,0.27058494091033936,0.026312407,0.44816184,0.0073345085,-0.2508354,0.0072499914,0.09087729,0.044195436,0.034488466370862864,0.001271398849785328,0.0008622116592715717,0.0015607484383508563,0.00764705,30.5882,False,0,0.4405774883237556,0.16083944692102528,0.04363116879392798,0.44580752027578857,0.1594414935960516,0.03398817454512771,0.13600736194237284,0.0028392216039816185,0.0009454884333720374,0.9907033044896116,-0.03961651,0.25913167,0.20314422,0.523630011805459,3.618400660343468e-05,0.0001125109993154183,0.00047227100003510714,0.00031753200164530426,0.0001502539962530136,9.587900422047824e-05,0.0014886139979353175,0.018346222990658134,0.01983483698859345,50.41634577461244,0
367,7.360128018000978,-0.045690361653463185,-0.9609784048846741,1.3571537176715296,-2.0199395618834437,-1.3588641325580042,0.27114805579185486,0.22431783378124237,-1.4064310789108276,-0.8398643732070923,-0.7253050804138184,0.038486309349536896,0.15225760638713837,0.1879153549671173,-1.8264620304107666,-1.5787569284439087,-1.0477532148361206,0.31976521015167236,0.12424115091562271,-1.1078920433675092,-0.6893507889125438,-0.09061341248121296,-0.11548006694759626,0.17312812020498225,0.1103461218291286,-0.04446816,-0.94468313,1.3576522,-2.0297377,-1.3585297,0.27469686,-0.04446816,-0.94468313,1.3576522,-2.0297377,-1.3585297,0.27469686,-0.04569036141037941,-0.9609783887863159,1.3571537733078003,-2.019939661026001,-1.358864188194275,0.27114805579185486,0.030555025,0.40738127,0.012459115,-0.24495226,0.008361975,0.08872001,0.07767397,0.047572910528019194,0.0028248782828450203,0.0011893227632004798,0.001724423374980688,0.00764705,30.5882,False,0,0.440556342777765,0.1609301005153881,0.042537331679746965,0.445828581152804,0.15943740768077347,0.03404877983499159,0.1361165446474848,0.003198741527770505,0.0007482353306370142,0.9906873909059719,-0.03961651,0.25913167,0.20314422,0.52363073960268,0.00011058199743274599,0.00011207800707779825,0.00046794100489933044,0.00027649899129755795,0.00014371899305842817,9.24420019146055e-05,0.0015049270004965365,0.018341885996051133,0.01984681299654767,50.38592343133121,0
368,7.380130698002176,-0.04551393190492803,-0.9581586283496399,1.357157055531637,-2.021392961541647,-1.3588641325580042,0.2716752290725708,0.22987979650497437,-1.4168150424957275,-0.8350919485092163,-0.6939193606376648,0.06793074309825897,0.14912305772304535,0.16161850094795227,-1.8409937620162964,-1.584504246711731,-1.046148419380188,0.32323309779167175,0.12398829311132431,-1.5105803678471266,-1.0204780315014375,-0.09024895542949296,-0.12523176912213344,0.18872818532676325,0.1050503976253565,-0.043909915,-0.94485265,1.358174,-2.030583,-1.3585112,0.27521577,-0.043909915,-0.94485265,1.358174,-2.030583,-1.3585112,0.27521577,-0.045513931661844254,-0.9581586122512817,1.3571571111679077,-2.021393060684204,-1.358864188194275,0.2716752290725708,0.04010041,0.33264908,0.025421174,-0.22974342,0.008824496,0.08851397,0.11330413,0.07358383142338454,0.005090960897505284,0.0018395957855846137,0.002378645585849881,0.00764705,30.5882,False,0,0.4405467517877158,0.1610069686045121,0.041457059405109964,0.44583415270372717,0.15937581333437636,0.034066189902864946,0.13592670391787343,0.0030884718144652155,0.0005435172950599178,0.9907139271238506,-0.03961651,0.25913167,0.20314422,0.5236420134295441,3.469099465291947e-05,0.00011416700726840645,0.0004815130087081343,0.0002929290058091283,0.00014976599777583033,9.503400360699743e-05,0.0014720409963047132,0.018358693007030524,0.019830734003335238,50.426776932806156,0
369,7.4001327300065896,-0.04537851015199834,-0.9556248349002381,1.3571847120868128,-2.0227915249266566,-1.3588641325580042,0.2721940875053406,0.23714113235473633,-1.4292563199996948,-0.8229764699935913,-0.7067272067070007,0.11789200454950333,0.18270888924598694,0.16158895194530487,-1.8605215549468994,-1.5660942792892456,-1.045809030532837,0.3275303840637207,0.1233745887875557,-1.631254942049132,-0.5028104857637595,-0.4056397685935552,-0.11436964862120716,0.18350146173344434,0.10571612797077103,-0.043164957,-0.9472056,1.35907,-2.030965,-1.3585615,0.27582398,-0.043164957,-0.9472056,1.35907,-2.030965,-1.3585615,0.27582398,-0.045378509908914566,-0.9556248188018799,1.3571847677230835,-2.022791624069214,-1.358864188194275,0.2721940875053406,0.0553388,0.21048066,0.047129124,-0.20433937,0.007566273,0.09074705,0.14963464,0.1152108847547427,0.008083653785288334,0.0028802721188685675,0.0036791914608329535,0.005294125,21.1765,False,0,0.4405527721752218,0.16106536306827135,0.04048766286590366,0.44583913977545353,0.15940385459156778,0.03407755370260582,0.1359332108805557,0.0033366288214721645,0.0005733663732404651,0.9907122385658005,-0.03961651,0.25913167,0.20314422,0.5236376264425098,3.6425000871531665e-05,0.00011051299225073308,0.00046217099588830024,0.00029438700585160404,0.00014938399544917047,9.951200627256185e-05,0.0014664300106232986,0.018379328001174144,0.019845758011797443,50.38860190704448,0
370,7.420131409002352,-0.045226399098531544,-0.953325943355896,1.357208553944723,-2.024259706536764,-1.3588278929339808,0.27269744873046875,0.25233641266822815,-1.3947173357009888,-0.7467290163040161,-0.6844784021377563,0.15145711600780487,0.17871326208114624,0.20017561316490173,-1.901128888130188,-1.528049111366272,-1.0494227409362793,0.33210650086402893,0.1226424127817154,-1.8714767703727189,-0.44782293142983015,-0.1597852496224047,-0.11665038265972678,0.195482294713257,0.10831655901520237,-0.04269789,-0.9525298,1.3603373,-2.030857,-1.3588605,0.2764596,-0.04269789,-0.9525298,1.3603373,-2.030857,-1.3588605,0.2764596,-0.04522639885544777,-0.9533259272575378,1.3572086095809937,-2.0242598056793213,-1.3588279485702515,0.27269744873046875,0.06321264,0.019903056,0.07821562,-0.16493374,-0.0008124372,0.094053656,0.18417126,0.1744562637846383,0.011767078973352909,0.004361406594615958,0.005760544445365667,0.005294125,21.1765,False,0,0.4405974530062425,0.16113765350301806,0.039629142908874426,0.44580083652233776,0.15935469732436425,0.03403840013088073,0.13565777343518953,0.0017195812827286547,0.0016820873998425884,0.9907528443375324,-0.03961651,0.25913167,0.20314422,0.5236241247338288,3.597300383262336e-05,0.00011116400128230453,0.0004720550059573725,0.00034212900209240615,0.00016984899411909282,0.00012913200771436095,0.0015633440052624792,0.01827367499936372,0.0198370190046262,50.41080011904962,0
371,7.440130062008393,-0.04497415224184209,-0.9513672155192872,1.3572958151446741,-2.0255896053709925,-1.3588078657733362,0.27320051193237305,0.2592400014400482,-1.4802381992340088,-0.7157859802246094,-0.6909778714179993,0.1636098325252533,0.17963406443595886,0.2546745240688324,-1.974188208580017,-1.45504629611969,-1.0603528022766113,0.3366759717464447,0.12201846390962601,-1.5892767292744325,-0.39392324404417145,0.47427323041229486,-0.0914860828466452,0.18079413631312918,0.1675918201126303,-0.042835575,-0.9607233,1.361852,-2.0301218,-1.3593441,0.27694976,-0.042835575,-0.9607233,1.361852,-2.0301218,-1.3593441,0.27694976,-0.044974151998758316,-0.951367199420929,1.3572958707809448,-2.02558970451355,-1.358807921409607,0.27320051193237305,0.0534644,-0.23390156,0.11390349,-0.113300025,-0.0134048285,0.09373092,0.20566875,0.2512499126328952,0.015880453921854495,0.00628124781582238,0.008722812868654728,0.005294125,21.1765,False,0,0.44061126895805436,0.16125098384536737,0.03888487415308867,0.4457703458338615,0.15939691970181422,0.033934749853955434,0.13574138403897984,0.001147356116334488,0.0022520926832946715,0.9907410567601119,-0.03961651,0.25913167,0.20314422,0.5236213003015531,3.5855991882272065e-05,0.00011257000733166933,0.00046900300367269665,0.00035279699659440666,0.00017280499741900712,9.402701107319444e-05,0.0015378960088128224,0.018280018004588783,0.019817914013401605,50.4593974584693,0
372,7.460090745007619,-0.04467803636659795,-0.9499701422503968,1.3574636618243616,-2.026990076104635,-1.3587563673602503,0.27368825674057007,0.25412747263908386,-1.4560236930847168,-0.6715280413627625,-0.563302218914032,0.14590226113796234,0.17915232479572296,0.2578883767127991,-2.0841801166534424,-1.388790249824524,-1.0834081172943115,0.3294297754764557,0.12192486971616745,-2.818737984481572,0.29978704755343194,1.6033099694901325,-0.04982119615326895,0.2590900481858788,0.10953771387156853,-0.043896828,-0.9694319,1.3634372,-2.0291238,-1.3595992,0.27702078,-0.043896828,-0.9694319,1.3634372,-2.0291238,-1.3595992,0.27702078,-0.044678036123514175,-0.9499701261520386,1.3574637174606323,-2.0269901752471924,-1.358756422996521,0.27368825674057007,0.019530168,-0.4865435,0.14933632,-0.05333911,-0.021071706,0.08331309,0.20264423,0.3422638505311415,0.01993333850055933,0.008556596263278538,0.012562495656311512,0.005294125,21.1765,False,0,0.44067154607851505,0.16138856961153641,0.03836840912413125,0.44570125439266656,0.1593366646971365,0.03392996767409973,0.13558141020977432,-0.0016219881916328133,-0.000734915804977504,0.9907645781528941,-0.03961651,0.25913167,0.20314422,0.5235702816411132,3.531800757627934e-05,0.00011173600796610117,0.0004556219937512651,0.00028849100635852665,0.00014657501014880836,0.0001264329912373796,0.0014615740074077621,0.018346369004575536,0.019807943011983298,50.48479791137452,0
373,7.480086939001922,-0.044410530720846,-0.9496300977519532,1.3577082792865198,-2.0280772648253382,-1.3587444464312952,0.2742224335670471,0.2929324507713318,-1.7377736568450928,-0.6596811413764954,-0.5682356357574463,0.15800589323043823,0.17653800547122955,0.242189422249794,-2.358670949935913,-1.4338735342025757,-1.11345374584198,0.2994236648082733,0.12200886011123657,-2.0959745768275053,0.10565588273462623,1.9497857601147048,-0.04647117521432207,0.20939015598538552,0.12944309988994437,-0.04558266,-0.9755267,1.3646842,-2.0282319,-1.3589906,0.2767666,-0.04558266,-0.9755267,1.3646842,-2.0282319,-1.3589906,0.2767666,-0.04441053047776222,-0.949630081653595,1.3577083349227905,-2.0280773639678955,-1.358744502067566,0.2742224335670471,-0.029303273,-0.6474157,0.17439702,-0.0038622867,-0.006150775,0.06360401,0.1407956,0.4368815458989479,0.022749250568449494,0.010922038647473698,0.01711319200694561,0.005294125,21.1765,False,0,0.4407605372277546,0.16150333840525544,0.03825515444100569,0.4457378050286237,0.15962758796182827,0.03366296305246694,0.13524590833264688,-0.0007785769967660625,-0.0003547177135135443,0.9908117083490446,-0.03961651,0.25913167,0.20314422,0.5236351506784863,3.4455006243661046e-05,0.00011555899982340634,0.0006542550108861178,0.00030323599639814347,0.00016528500418644398,0.00010710199421737343,0.0017086920124711469,0.01811867399374023,0.019827366006211378,50.43534273219787,0
374,7.500086774001829,-0.04411966005434209,-0.9505236905864258,1.3583152929889124,-2.028670450250143,-1.3587563673602503,0.2747461795806885,0.2541384994983673,-2.0750083923339844,-0.777696430683136,-0.6642407178878784,0.12416288256645203,0.17131838202476501,0.2046542912721634,-3.0015945434570312,-1.4584579467773438,-1.1307182312011719,0.25254470109939575,0.1216173842549324,-1.7131158730551834,0.45638213979923165,0.5544161819104245,-0.035496978486476656,0.1809508474640457,0.10902828296377456,-0.046799667,-0.9790683,1.3655366,-2.0279226,-1.3571725,0.27653667,-0.046799667,-0.9790683,1.3655366,-2.0279226,-1.3571725,0.27653667,-0.044119659811258316,-0.9505236744880676,1.358315348625183,-2.0286705493927,-1.358756422996521,0.2747461795806885,-0.06700021,-0.71361464,0.18052995,0.018700214,0.039598968,0.044762228,0.03657389,0.520606144118337,0.02348072838038206,0.013015153602958426,0.021844077855348587,0.005294125,21.1765,False,0,0.44076033165477724,0.1616267037772609,0.038522027806060594,0.4456196554286809,0.1597913877625757,0.033617316375806616,0.1348851817915213,-0.0010030672752873102,-0.0003582714353738241,0.9908606436109259,-0.03961651,0.25913167,0.20314422,0.523509312312507,3.4783995943143964e-05,0.0001241939899045974,0.0005518079997273162,0.0002958690020022914,0.00016433499695267528,0.00010316299449186772,0.0016222190024564043,0.018211307004094124,0.019833526006550528,50.41967825941411,0
375,7.520352923995233,-0.04394656816591436,-0.9525230687907715,1.3591416517840784,-2.0289341411986292,-1.3587482611285608,0.275240957736969,0.12468621134757996,-2.1435728073120117,-0.7984979152679443,-0.6689799427986145,0.02588236704468727,0.15649504959583282,0.047917868942022324,-2.941920042037964,-1.436773657798767,-1.1168849468231201,0.228139728307724,0.12092477828264236,-1.832679002529822,-1.0968222537848045,-1.158766811322184,-0.11898813856439669,0.19075535870111415,0.10242013494642128,-0.04743443,-0.9815172,1.3664819,-2.0282094,-1.3545811,0.27658373,-0.04743443,-0.9815172,1.3664819,-2.0282094,-1.3545811,0.27658373,-0.04394656792283058,-0.9525230526924133,1.3591417074203491,-2.0289342403411865,-1.3587483167648315,0.275240957736969,-0.087196544,-0.7248537,0.18350597,0.018121112,0.10417951,0.03356922,-0.08492254,0.5790536376734807,0.021782277636229988,0.014476340941837019,0.02603030763566494,0.005294125,21.1765,False,0,0.44076084132497406,0.16170362159037385,0.03917312874208617,0.4455365888458607,0.15990692594438913,0.03387865788905842,0.13505417189109398,0.0006261983147881553,-0.001818537450047942,0.9908363262009645,-0.03961651,0.25913167,0.20314422,0.5233258170380969,3.7367004551924765e-05,0.00011350499698892236,0.0005883880075998604,0.0003283080004621297,0.00019520899513736367,0.00020072500046808273,0.0018576180009404197,0.018246879990329035,0.020104497991269454,49.74011290579145,0
376,7.540089429996442,-0.044013802205221,-0.9554944795421143,1.3601811567889612,-2.029013296166891,-1.358760182057516,0.2756136655807495,-0.14476078748703003,-2.095651865005493,-0.8463448286056519,-0.6353102326393127,0.08207292854785919,0.17824481427669525,-0.2238050103187561,-2.791203022003174,-1.3864293098449707,-1.0225542783737183,0.2908148169517517,0.1198713406920433,-1.3056272506887225,-1.1490233800523393,-1.0921724909735757,-0.12048858896042042,0.18169505963061583,0.10577416137487856,-0.047862828,-0.98380387,1.3679616,-2.028684,-1.3523408,0.27686852,-0.047862828,-0.98380387,1.3679616,-2.028684,-1.3523408,0.27686852,-0.04401380196213722,-0.9554944634437561,1.360181212425232,-2.0290133953094482,-1.3587602376937866,0.2756136655807495,-0.09622567,-0.70773566,0.19450992,0.008240289,0.16048695,0.031371646,-0.19175924,0.6021919831550977,0.01794709276407957,0.015054799578877443,0.02895268239080906,0.001862745,7.45098,False,3,0.44079967731308867,0.16166998904138935,0.040163915765605185,0.44559938266432975,0.16001733501370302,0.03416767047844772,0.13545541854941684,0.001821420224842803,-0.0008048592278978896,0.9907814378675547,-0.03961651,0.25913167,0.20314422,0.5232697098914041,0.0008395510085392743,0.00012000399874523282,0.0006402300059562549,0.00026748000527732074,0.00015526299830526114,0.00012800999684259295,0.0026474490005057305,0.016900479997275397,0.019547928997781128,51.156314314089705,0
377,7.560083917007432,-0.04424602190126592,-0.9591813248446961,1.3611882368670862,-2.028930803338522,-1.3586328665362757,0.2759127914905548,-0.18571579456329346,-1.9982147216796875,-0.7575854063034058,-0.5232014656066895,0.20041611790657043,0.17106734216213226,-0.26996785402297974,-2.6370575428009033,-1.3338017463684082,-0.8882336616516113,0.44314950704574585,0.11945153772830963,-1.3128944407687277,-1.0988904011387128,-0.6865054486596853,-0.13011785305774062,0.18193931590915524,0.10893315126502577,-0.048229635,-0.98634195,1.3694949,-2.0289037,-1.3513534,0.27739298,-0.048229635,-0.98634195,1.3694949,-2.0289037,-1.3513534,0.27739298,-0.044246021658182144,-0.9591813087463379,1.361188292503357,-2.028930902481079,-1.3586329221725464,0.2759127914905548,-0.099590294,-0.67901605,0.20766671,0.00067671377,0.18198916,0.037004713,-0.2585418,0.5870016987056254,0.012776256911456584,0.014675042467640634,0.030109599232673645,0.001862745,7.45098,False,3,0.4409164068644544,0.16159366101032135,0.04146481649925213,0.4456753424129137,0.15992651560912374,0.034101199316506375,0.13574807797973687,0.0029840666501290214,-0.00012101608136675171,0.990738883451387,-0.03961651,0.25913167,0.20314422,0.523378819428198,3.6277007893659174e-05,0.00011497500236146152,0.0006283319962676615,0.00030751099984627217,0.0001664949959376827,0.00010463700164109468,0.001780196005711332,0.018048231999273412,0.019828428004984744,50.432641445333246,0
378,7.580082817003131,-0.044709030781881154,-0.9631686967662354,1.3621681372271937,-2.0289184055724085,-1.3583062330829065,0.2761682868003845,-0.16598618030548096,-1.865952730178833,-0.7331066131591797,-0.4644884467124939,0.26847413182258606,0.16902966797351837,-0.2475299835205078,-2.5218594074249268,-1.2892117500305176,-0.8315792679786682,0.4500095546245575,0.12027918547391891,-1.9078684675665363,-0.4490384373118317,0.05690295680405788,-0.108943964486193,0.20872286934105985,0.10076662954916497,-0.048508972,-0.989218,1.3707112,-2.0288596,-1.3518904,0.2780945,-0.048508972,-0.989218,1.3707112,-2.0288596,-1.3518904,0.2780945,-0.04470903053879738,-0.9631686806678772,1.3621681928634644,-2.028918504714966,-1.3583062887191772,0.2761682868003845,-0.094998546,-0.65123343,0.21357404,0.0014716672,0.16039734,0.048155505,-0.26590937,0.5388885451630352,0.0074580694362521155,0.013472213629075882,0.02935008518397808,0.001862745,7.45098,False,3,0.4411249007786275,0.1614593102616387,0.04292023856517965,0.4456479977781127,0.15993361446571489,0.034067901337685044,0.13539369186763228,0.0017488733976951565,0.0006826846026309168,0.9907901158773263,-0.03961651,0.25913167,0.20314422,0.5233628754235905,3.4060998586937785e-05,0.00012087599316146225,0.0006211090076249093,0.0003067510115215555,0.00016422000771854073,0.00011029599409084767,0.0018022160074906424,0.01801670200075023,0.01981891800824087,50.45684126571348,0
379,7.6000822670030175,-0.045153443013326466,-0.9671890896609803,1.3632143179522913,-2.028910299340719,-1.3576167265521448,0.27633219957351685,-0.22000247240066528,-1.8046846389770508,-0.713316023349762,-0.443357914686203,0.29888418316841125,0.1848587691783905,-0.2330218404531479,-2.4580087661743164,-1.2636343240737915,-0.828346312046051,0.4452248811721802,0.11103672534227371,-2.033885529106895,-0.6830986653867797,0.3429505122448018,-0.11664609047378215,0.2164271150896287,0.09838731669061793,-0.048454463,-0.9921126,1.3716036,-2.0288475,-1.3534968,0.27884555,-0.048454463,-0.9921126,1.3716036,-2.0288475,-1.3534968,0.27884555,-0.04515344277024269,-0.9671890735626221,1.363214373588562,-2.0289103984832764,-1.3576167821884155,0.27633219957351685,-0.08252555,-0.6230883,0.20973104,0.0015746191,0.10299869,0.06283403,-0.2183508,0.4696808108253279,0.0030910534784197793,0.011742020270633199,0.02694442681968212,0.001862745,7.45098,False,3,0.4413121634591129,0.16141802187317533,0.04438861749272638,0.4455434584520788,0.15996654872214378,0.034139911620414944,0.13518065283123715,0.0017467581286913425,-0.0001592875173135333,0.9908193775657586,-0.03961651,0.25913167,0.20314422,0.5232364414155902,3.495698911137879e-05,0.0001228090113727376,0.0006161719938972965,0.0002907570014940575,0.0001740750012686476,9.716000931803137e-05,0.001759135993779637,0.018069040001137182,0.01982817599491682,50.43328242882056,0
380,7.620057096995879,-0.045612637196676076,-0.9711151880076905,1.3643773237811487,-2.028897901574606,-1.3566511313067835,0.27655160427093506,-0.2662363648414612,-1.844301700592041,-0.7180597186088562,-0.48110660910606384,0.24053817987442017,0.1883058249950409,-0.2267710268497467,-2.4374117851257324,-1.2596383094787598,-0.8440770506858826,0.4308244287967682,0.12525610625743866,-1.7655160972205417,-1.5481842957898644,0.29651445956234757,-0.14707701792970054,0.21565917194130851,0.13717605962600193,-0.048291985,-0.994168,1.3724939,-2.029278,-1.3553834,0.27970245,-0.048291985,-0.994168,1.3724939,-2.029278,-1.3553834,0.27970245,-0.0456126369535923,-0.9711151719093323,1.3643773794174194,-2.028898000717163,-1.3566511869430542,0.27655160427093506,-0.06698367,-0.5763203,0.20291334,-0.009501141,0.03169354,0.0787716,-0.14419943,0.3927811080849004,0.00020706485956907116,0.009819527702122511,0.023484040051698685,0.001862745,7.45098,False,3,0.4414519583481506,0.16143637402650504,0.04579454558656873,0.4456253175975012,0.1600708808699152,0.034253490381622384,0.13522734667086345,0.002903710411913624,-0.0002374325372617482,0.9908103153267204,-0.03961651,0.25913167,0.20314422,0.5232559133460969,3.3746997360140085e-05,0.00012141400657128543,0.0005759749910794199,0.00031667099392507225,0.00016149600560311228,0.00010156499047297984,0.001709837990347296,0.01809141499688849,0.019801252987235785,50.50185463741191,0
381,7.6400721539976075,-0.04612142244447881,-0.9748892945102234,1.3655718008624476,-2.02891268352651,-1.3557217756854456,0.27677541971206665,-0.23932713270187378,-1.825656771659851,-0.7522876262664795,-0.49621233344078064,0.27562177181243896,0.1831786036491394,-0.21841473877429962,-2.4368107318878174,-1.267385721206665,-0.8598797917366028,0.41548168659210205,0.1274116188287735,-1.8139216240078047,-0.9022020496907732,-0.16864873528936475,-0.14162883006112956,0.23564793482184337,0.1061203903901847,-0.04825428,-0.9942403,1.3735478,-2.0303707,-1.3569933,0.28057873,-0.04825428,-0.9942403,1.3735478,-2.0303707,-1.3569933,0.28057873,-0.046121422201395035,-0.9748892784118652,1.3655718564987183,-2.0289127826690674,-1.3557218313217163,0.27677541971206665,-0.053321496,-0.4837753,0.19939855,-0.036450583,-0.03178638,0.09508308,-0.08195204,0.3273175900707504,0.0,0.00818293975176876,0.01963905617594719,0.001862745,7.45098,False,3,0.441575510417285,0.16142540467413086,0.047125546434764354,0.4456113619450874,0.16002498908098872,0.03418479834364446,0.13496440401041454,0.002425452052849109,-0.0005282384058067809,0.9908473358966396,-0.03961651,0.25913167,0.20314422,0.5232738376694542,3.6402008845470846e-05,0.00015549200179520994,0.0008157500124070793,0.0003205440007150173,0.00015953699767123908,0.0004387769877212122,0.0023538239911431447,0.017479982998338528,0.019833806989481673,50.4189639704734,0
382,7.660087882002699,-0.046668354664937794,-0.9784034055522461,1.3667195479022425,-2.0289250812926234,-1.3550389448748987,0.27709895372390747,-0.20557409524917603,-1.8322712182998657,-0.7473611831665039,-0.49756917357444763,0.24244044721126556,0.19268667697906494,-0.21238836646080017,-2.4196979999542236,-1.269012451171875,-0.8796990513801575,0.4029095470905304,0.12918293476104736,-1.6436856805753202,-0.8266608904072525,0.3062323576988812,-0.13103154479740245,0.2089079007992801,0.09337934279790988,-0.048152898,-0.99226844,1.374534,-2.0317526,-1.357774,0.28146103,-0.048152898,-0.99226844,1.374534,-2.0317526,-1.357774,0.28146103,-0.04666835442185402,-0.9784033894538879,1.3667196035385132,-2.0289251804351807,-1.3550390005111694,0.27709895372390747,-0.03711354,-0.34662667,0.19536155,-0.070682496,-0.06837552,0.10905177,-0.05255734,0.272764658392292,0.0,0.006819116459807301,0.016365880146622658,0.001862745,7.45098,False,3,0.44168618871372695,0.1613411830118349,0.0483443244752762,0.44561786303826556,0.15995507536438044,0.03419792687744399,0.13523869469547672,0.0031125943547971663,-0.00025631835197703276,0.9908080945209683,-0.03961651,0.25913167,0.20314422,0.5232888731559981,3.591600398067385e-05,0.00011900700337719172,0.0005295250011840835,0.00030885598971508443,0.00015555099525954574,9.948200022336096e-05,0.001626507000764832,0.018219899997347966,0.019846406998112798,50.38695417740301,0
383,7.680130285996711,-0.047112290059224904,-0.9817438286593934,1.3678634802447718,-2.028929372827047,-1.3546784559832972,0.27751001715660095,-0.22385218739509583,-1.7697443962097168,-0.7155429124832153,-0.5588312745094299,0.24369767308235168,0.18953830003738403,-0.21412841975688934,-2.354957342147827,-1.2506396770477295,-0.9217960834503174,0.39229992032051086,0.13072168827056885,-1.914808591566275,-0.7702912119380999,0.48233490131879064,-0.1291625186430802,0.22005596428010762,0.09915361756658847,-0.04763717,-0.9884893,1.3752177,-2.0332341,-1.3579836,0.28236565,-0.04763717,-0.9884893,1.3752177,-2.0332341,-1.3579836,0.28236565,-0.04711228981614113,-0.9817438125610352,1.3678635358810425,-2.0289294719696045,-1.3546785116195679,0.27751001715660095,-0.01312195,-0.1686364,0.18385468,-0.10761903,-0.082626745,0.121390514,-0.0497203,0.22730388199357668,0.0,0.0056825970498394175,0.013638232834637165,0.001862745,7.45098,False,3,0.441755998948865,0.16122876777243542,0.04947105391237855,0.4456205517140903,0.16002005004064243,0.03421454718737581,0.1353044976401651,0.0023788480535002596,-0.00018081220382884858,0.9908011877172487,-0.03961651,0.25913167,0.20314422,0.523273690085844,3.721300163306296e-05,0.00011536400415934622,0.000508073004311882,0.0002959830017061904,0.00015037899720482528,0.00043382598960306495,0.0018654369923751801,0.01801015599630773,0.01987559298868291,50.312964275802806,0
384,7.700116770007298,-0.047425095235006154,-0.984649733906128,1.3690264860736292,-2.0290643177428187,-1.3546989599811,0.2779773771762848,-0.20353800058364868,-1.642203450202942,-0.7201683521270752,-0.6411506533622742,0.06108289957046509,0.21960684657096863,-0.21466375887393951,-2.2595479488372803,-1.2207753658294678,-0.9924452304840088,0.16292089223861694,0.131544291973114,-1.5823666997158432,-0.7437235298931861,0.766710184728921,-0.13415736842643095,0.2252361384803032,0.10775400596945378,-0.04679461,-0.98364705,1.3755504,-2.0347795,-1.3579227,0.28319627,-0.04679461,-0.98364705,1.3755504,-2.0347795,-1.3579227,0.28319627,-0.04742509499192238,-0.9846497178077698,1.3690265417099,-2.029064416885376,-1.3546990156173706,0.2779773771762848,0.015762135,0.02506601,0.16309758,-0.14287944,-0.08059164,0.13047205,-0.06217689,0.18941990166131392,0.0,0.004735497541532848,0.011365193873643875,0.004215675,16.8627,False,0,0.4417783449546179,0.16108715357084727,0.050396870135531624,0.44562649139355054,0.16005821828252007,0.03418289348762876,0.13497363958888353,0.0025268236106813402,-0.0004634853849176286,0.9908458755488715,-0.03961651,0.25913167,0.20314422,0.5232821898375698,3.643200034275651e-05,0.00011497500236146152,0.0005116050015203655,0.00036155999987386167,0.0001743460015859455,0.00010260198905598372,0.0016209159948630258,0.018198408011812717,0.019819324006675743,50.4558076583828,0
385,7.720086707005976,-0.04768067995180303,-0.9868911665729065,1.3701565901385706,-2.0293318233885707,-1.3549779097186487,0.27855247259140015,-0.18884296715259552,-1.5994268655776978,-0.7018017172813416,-0.6288208365440369,0.006971333175897598,0.19999641180038452,-0.18693788349628448,-2.161620855331421,-1.1913790702819824,-0.9740437865257263,0.12511366605758667,0.13142719864845276,-1.7907383479559709,-0.5984694477221225,0.9871299056777467,-0.12613005782372794,0.22536494991327238,0.09662878569037528,-0.046078276,-0.9789301,1.3756778,-2.0361717,-1.3577566,0.28396103,-0.046078276,-0.9789301,1.3756778,-2.0361717,-1.3577566,0.28396103,-0.047680679708719254,-0.9868911504745483,1.3701566457748413,-2.029331922531128,-1.3549779653549194,0.27855247259140015,0.040060095,0.1990264,0.13802803,-0.17099175,-0.06946594,0.13521424,-0.08207899,0.15784991805109494,0.0,0.003946247951277374,0.009470995515584946,0.004215675,16.8627,False,0,0.4417603075645001,0.1609123712637064,0.05104418922301032,0.4455974483887901,0.15996058927530613,0.03406516772215627,0.13522266047021042,0.0029884907298371455,0.0007560968161809123,0.9908104381658762,-0.03961651,0.25913167,0.20314422,0.5233117767592406,3.60609992640093e-05,0.00011749299301300198,0.0004806100041605532,0.0002657570003066212,0.000146136007970199,0.00010321999434381723,0.0014612329978263006,0.018347791003179736,0.019809024001006037,50.48204292898091,0
386,7.740082046002499,-0.04777986208070928,-0.9882353109172364,1.3712447325335901,-2.029821058312887,-1.3553131262408655,0.2792113721370697,-0.1071397215127945,-1.587147831916809,-0.7067461013793945,-0.623596727848053,-0.014050977304577827,0.20753425359725952,-0.033050261437892914,-2.0921778678894043,-1.1751701831817627,-0.9624862670898438,0.13456661999225616,0.13045239448547363,-1.8878691378411994,-0.2664225251237117,1.1969131080186468,-0.12189051931000121,0.22543254377428906,0.09340297474222792,-0.045363106,-0.97511077,1.3757373,-2.037437,-1.3573817,0.28460804,-0.045363106,-0.97511077,1.3757373,-2.037437,-1.3573817,0.28460804,-0.047779861837625504,-0.9882352948188782,1.3712447881698608,-2.0298211574554443,-1.3553131818771362,0.2792113721370697,0.06041895,0.32811257,0.11231301,-0.1903969,-0.05171211,0.13491695,-0.09298775,0.13154159837591245,0.0,0.0032885399593978117,0.007892495952546597,0.004215675,16.8627,False,0,0.44168799905951456,0.16079503232264716,0.05133446778736994,0.44554676291509376,0.15996084534936503,0.0341860678172093,0.1353124528850681,0.0022046159151897014,-0.00030819153664617474,0.9908004982329691,-0.03961651,0.25913167,0.20314422,0.5232256799358012,3.558899334166199e-05,0.00012443799641914666,0.0004858680040342733,0.0002994450042024255,0.0001506020053057,0.00010605801071505994,0.0015488909994019195,0.01828170100634452,0.01983059200574644,50.42713801535645,0
387,7.760087178001413,-0.04770118394960576,-0.9886087340167542,1.3722518126117151,-2.030591150323385,-1.3557713667498987,0.279918372631073,0.02535327337682247,-1.1704477071762085,-0.7614433169364929,-0.6207272410392761,-0.011771087534725666,0.20916694402694702,0.1312468945980072,-1.58135986328125,-1.1809898614883423,-0.9648377299308777,0.14260654151439667,0.129402294754982,-1.6606885915651806,-0.4871545362266179,1.0074806381846173,-0.10972180136776578,0.21947328716059408,0.08641784059920271,-0.044866346,-0.9721223,1.3758311,-2.0387561,-1.3571477,0.28519306,-0.044866346,-0.9721223,1.3758311,-2.0387561,-1.3571477,0.28519306,-0.04770118370652199,-0.988608717918396,1.3722518682479858,-2.0305912494659424,-1.3557714223861694,0.279918372631073,0.070870936,0.41215947,0.08948193,-0.20412165,-0.034406524,0.13186729,-0.10141916,0.10961799864659373,0.0,0.0027404499661648433,0.006577080115675926,0.004215675,16.8627,False,0,0.4415760415776561,0.1607282388526909,0.0512506419658216,0.44558216923031624,0.16004248536518315,0.03414998674045893,0.13544622623881147,0.0028551757545302804,-0.0001588029487425112,0.9907805429315507,-0.03961651,0.25913167,0.20314422,0.523254695938127,5.111999053042382e-05,0.00012767600128427148,0.0006073870026739314,0.00031454999407287687,0.0001494390016887337,0.00010304000170435756,0.0016976320039248094,0.018131678996724077,0.019829311000648886,50.43039568885053,0
388,7.7801349320070585,-0.04748088518251592,-0.9877351683429261,1.3730314413653772,-2.0314823589720667,-1.3560870329486292,0.2806682884693146,0.0961010530591011,-1.1464874744415283,-0.7403428554534912,-0.6115604043006897,-0.05518355965614319,0.2059086263179779,0.25497427582740784,-1.5257669687271118,-1.207293152809143,-0.9809831380844116,0.1520133912563324,0.12791764736175537,-1.3092910621930545,-0.6723776803132414,1.073555941784497,-0.1417099878915,0.22020912949193533,0.10868451098968324,-0.044053804,-0.969396,1.3755684,-2.0402129,-1.3566879,0.28568876,-0.044053804,-0.969396,1.3755684,-2.0402129,-1.3566879,0.28568876,-0.047480884939432144,-0.9877351522445679,1.373031497001648,-2.031482458114624,-1.3560870885849,0.2806682884693146,0.085677005,0.4584786,0.06342348,-0.2182607,-0.015020346,0.12551169,-0.09058887,0.09134833220549478,0.0,0.0022837083051373695,0.005480899941176176,0.004215675,16.8627,False,0,0.44141281561500445,0.16075836523539166,0.05071415229726542,0.4457922180830916,0.16041664140872755,0.03451860066990838,0.13750282462323438,0.006152613600134631,-0.0016384877613935395,0.990480940761957,-0.03961651,0.25913167,0.20314422,0.5232598692520161,0.00010480199125595391,0.00012214799062348902,0.0004927670088363811,0.00029961299151182175,0.0001571360044181347,0.0001011729909805581,0.0016046990058384836,0.018254738999530673,0.019859438005369157,50.35389217608485,0
389,7.800086860996089,-0.047221008931295216,-0.9862550061992188,1.3737505117999476,-2.0325080356993617,-1.35645038286318,0.2814148962497711,0.13827306032180786,-1.1979371309280396,-0.7764152884483337,-0.6454662084579468,-0.06654509156942368,0.21593008935451508,0.247873455286026,-1.594393253326416,-1.2429701089859009,-1.0049813985824585,0.15766482055187225,0.12675397098064423,-1.3911788647026289,-1.0274517671879304,0.45758466734638903,-0.1607691508550372,0.22051214244773143,0.1372729411197624,-0.04400849,-0.966956,1.3756975,-2.0414968,-1.3567086,0.2862729,-0.04400849,-0.966956,1.3756975,-2.0414968,-1.3567086,0.2862729,-0.04722100868821144,-0.9862549901008606,1.3737505674362183,-2.032508134841919,-1.3564504384994507,0.2814148962497711,0.080312975,0.48247355,0.04867182,-0.22471346,-0.006455618,0.121450536,-0.088294454,0.07612361017124565,0.0,0.0019030902542811414,0.00456741638481617,0.004215675,16.8627,False,0,0.4412290665870335,0.1607954936917442,0.04994452591602658,0.44575815032656524,0.1603972704543387,0.0341604669315297,0.1378509451352523,0.001418329243847486,-0.0007040534457686785,0.9904516964123302,-0.03961651,0.25913167,0.20314422,0.5233474490716533,3.504499909467995e-05,0.00011885199637617916,0.0004887480026809499,0.00028532001306302845,0.00018279699725098908,0.00011894298950210214,0.0015524320042459294,0.01823684999544639,0.01978928199969232,50.53240435987257,0
390,7.820082799997181,-0.04693729082216436,-0.9842532438090821,1.3742812315570276,-2.033607622186178,-1.3567374388324183,0.2821660339832306,0.2018849402666092,-1.2663952112197876,-0.7931932210922241,-0.6421010494232178,-0.0006369715556502342,0.23270954191684723,0.24969792366027832,-1.6638808250427246,-1.2791188955307007,-1.0295519828796387,0.17393124103546143,0.12520313262939453,-1.8092509738498732,-0.6081427648824391,0.22487780187172596,-0.13841632154086972,0.21757688654212173,0.08436421175288536,-0.04397626,-0.96438956,1.3756618,-2.042894,-1.3568035,0.28680134,-0.04397626,-0.96438956,1.3756618,-2.042894,-1.3568035,0.28680134,-0.04693729057908058,-0.9842532277107239,1.3742812871932983,-2.0336077213287354,-1.356737494468689,0.2821660339832306,0.07402577,0.49659204,0.034514017,-0.23215255,-0.001651684,0.11588285,-0.07115309,0.06343634180937138,0.0,0.0015859085452342846,0.003806180553510785,0.004215675,16.8627,False,0,0.44106120539211346,0.16085982003221921,0.04901679736923159,0.4457360112375679,0.16039220201174906,0.03419712743302575,0.13707323166833207,0.0007203232243701728,0.00021776355359303876,0.9905606034568806,-0.03961651,0.25913167,0.20314422,0.5233160360669595,3.6061988794244826e-05,0.00011391300358809531,0.0005036609945818782,0.0003422229929128662,0.00015334899944718927,0.0001042079966282472,0.001551116001792252,0.018282336997799575,0.019833452999591827,50.419863854296075,0
391,7.840101766996668,-0.04660541216005498,-0.9819280666163941,1.3746188322650355,-2.034832616845602,-1.3568294684039515,0.282897025346756,0.2343279868364334,-1.1991119384765625,-0.7577428817749023,-0.6533584594726562,-0.015876641497015953,0.2330993264913559,0.22871389985084534,-1.717618465423584,-1.3019461631774902,-1.0453386306762695,0.23752781748771667,0.12551100552082062,-1.4175138367662823,-0.6345240995889688,0.25335415186524396,-0.11170170329780824,0.20744920275848028,0.10171310451941429,-0.043846577,-0.96206534,1.3755779,-2.0443077,-1.3566842,0.28728762,-0.043846577,-0.96206534,1.3755779,-2.0443077,-1.3566842,0.28728762,-0.04660541191697121,-0.9819280505180359,1.3746188879013062,-2.034832715988159,-1.3568295240402222,0.282897025346756,0.068970874,0.49656788,0.023976427,-0.23687205,0.003633792,0.10976511,-0.048362967,0.05286361817447615,0.0,0.0013215904543619039,0.0031718171667307615,0.004215675,16.8627,False,0,0.44093876561763257,0.16098805935947508,0.048029174297679444,0.44579656327371386,0.16045837633459165,0.03434171605264308,0.13767714194940428,0.0026705887698584762,0.00032158064563776734,0.9904735167694997,-0.03961651,0.25913167,0.20314422,0.5233130583443862,3.6443001590669155e-05,0.00011411801096983254,0.0006135509902378544,0.0003091950056841597,0.00015522900503128767,0.0008419090008828789,0.00238387800345663,0.017467136989580467,0.019851014993037097,50.375257907505386,0
392,7.860083956999006,-0.046161953602926076,-0.9793679875186463,1.374866787587301,-2.0360824070372523,-1.3568175474749964,0.28358444571495056,0.20886766910552979,-1.2332541942596436,-0.7411832809448242,-0.622299075126648,-0.011643370613455772,0.21958233416080475,0.2117532342672348,-1.7529550790786743,-1.3157713413238525,-1.0549992322921753,0.2708723843097687,0.12591442465782166,-1.7532658801134393,-0.7240808396171647,0.2688343069214322,-0.1414970713972515,0.20413122508853293,0.05296297059069162,-0.04380341,-0.9598828,1.3756055,-2.0456734,-1.3566495,0.2877437,-0.04380341,-0.9598828,1.3756055,-2.0456734,-1.3566495,0.2877437,-0.0461619533598423,-0.9793679714202881,1.3748668432235718,-2.0360825061798096,-1.356817603111267,0.28358444571495056,0.058963664,0.48712954,0.018465802,-0.23977455,0.0042018825,0.1039812,-0.020599809,0.04405301514539679,0.0,0.0011013253786349199,0.002643181011080742,0.007549025000000001,30.1961,False,0,0.440805197144419,0.16118921736262157,0.04697415078498801,0.44577025644388973,0.1604064981733291,0.03445101273008278,0.13791765082771296,0.00560317817443267,-0.0013446420434989476,0.9904269662970913,-0.03961651,0.25913167,0.20314422,0.5232631956067207,3.68149921996519e-05,0.00011601900041569024,0.000497708999319002,0.0002966570027638227,0.0001505370019003749,9.825799497775733e-05,0.0015149840037338436,0.01830323699687142,0.019818221000605263,50.45861583486526,0
393,7.880129769007908,-0.0457075277911585,-0.9765321177295228,1.3750785032855433,-2.037351270715231,-1.3568175474749964,0.2842313051223755,0.19445215165615082,-1.317523717880249,-0.7717095613479614,-0.6602789163589478,-0.007801724597811699,0.24730262160301208,0.20505155622959137,-1.781467080116272,-1.3266334533691406,-1.0616025924682617,0.29223954677581787,0.12562726438045502,-2.090043123804494,-1.105162944556757,-0.052307318523490465,-0.14024159729347135,0.22028837898101702,0.091482301915972,-0.043651167,-0.9576157,1.3756088,-2.047042,-1.35658,0.28819734,-0.043651167,-0.9576157,1.3756088,-2.047042,-1.35658,0.28819734,-0.04570752754807472,-0.9765321016311646,1.375078558921814,-2.037351369857788,-1.356817603111267,0.2842313051223755,0.051408995,0.47291046,0.01325469,-0.24226417,0.005940058,0.09915116,0.005425057,0.03743418687560129,0.00010850113816559315,0.0009358546718900322,0.0022026507649570704,0.007549025000000001,30.1961,False,0,0.4406532212104347,0.16139311283312624,0.045811681698366635,0.4457737297799194,0.16049571615320388,0.034433133149065556,0.1379923915965071,0.003715923184639487,0.00010703203646338436,0.9904263365564743,-0.03961651,0.25913167,0.20314422,0.5232553565878474,3.637200279626995e-05,0.00011679998715408146,0.00047942300443537533,0.00031580100767314434,0.00015585499932058156,0.0001600419927854091,0.0015743620024295524,0.01829007000196725,0.019864432004396804,50.3412330027186,0
394,7.900129187997663,-0.04530698457826787,-0.9736625117114563,1.3752625624286097,-2.0385662517943324,-1.3568137327777308,0.2848750352859497,0.21124428510665894,-1.4279569387435913,-0.8231012225151062,-0.7102296948432922,0.002180960029363632,0.21975208818912506,0.20101545751094818,-1.80180823802948,-1.411571741104126,-1.0638773441314697,0.3085472881793976,0.1252565085887909,-1.5967285237597288,-0.7528427671570623,-0.2432863829570887,-0.12889773992108283,0.19453671688819196,0.10224639803176014,-0.043559447,-0.9555666,1.375639,-2.0483294,-1.3565826,0.28864935,-0.043559447,-0.9555666,1.375639,-2.0483294,-1.3565826,0.28864935,-0.0453069843351841,-0.9736624956130981,1.3752626180648804,-2.0385663509368896,-1.3568137884140015,0.2848750352859497,0.043688465,0.45239776,0.0094079925,-0.24407445,0.0057800026,0.09435768,0.0343596,0.03649977670343359,0.0007956931460648775,0.0009124944175858397,0.001871709362603724,0.007549025000000001,30.1961,False,0,0.4404994330276807,0.1615745254461377,0.04463744072716602,0.4457681752843134,0.16046616244668044,0.034450156589306155,0.1378014867475602,0.004019931873991351,0.00010983167906009408,0.9904516753542844,-0.03961651,0.25913167,0.20314422,0.5232502873633286,3.622900112532079e-05,0.00011815900506917387,0.0005002540128771216,0.0003063159965677187,0.0001530559966340661,0.00010130599548574537,0.0015272149903466925,0.018308744998648763,0.019835959988995455,50.41349148489801,0
395,7.9200892630033195,-0.044950310383931935,-0.9709256452373047,1.3753140608416956,-2.0399724445738734,-1.3568256537066858,0.28546202182769775,0.1982545554637909,-1.3896515369415283,-0.8076726198196411,-0.6919978857040405,-0.0019297217950224876,0.22791138291358948,0.2031855285167694,-1.8116567134857178,-1.4664775133132935,-1.0622493028640747,0.31941094994544983,0.12480486929416656,-2.178260006747966,-0.6942491014240002,-0.24256830355129172,-0.13050985295827172,0.2029798911765126,0.1048896094832842,-0.043306,-0.9541034,1.3757681,-2.04957,-1.3565423,0.28911173,-0.043306,-0.9541034,1.3757681,-2.04957,-1.3565423,0.28911173,-0.04495031014084816,-0.9709256291389465,1.3753141164779663,-2.0399725437164307,-1.3568257093429565,0.28546202182769775,0.041107707,0.4205553,0.01134991,-0.23993796,0.007084158,0.09124312,0.060675956,0.043811229067806066,0.0020092122722417116,0.0010952807266951517,0.0018249888671562076,0.007549025000000001,30.1961,False,0,0.4404478140724551,0.16172859296057646,0.04357789717854582,0.4458039690124538,0.16049958769677355,0.03443100117073167,0.13783677674833023,0.004014034899722767,-6.263484932997679e-05,0.9904468210023436,-0.03961651,0.25913167,0.20314422,0.5232833653179575,3.618000482674688e-05,0.00011247998918406665,0.0004732930101454258,0.0003333939966978505,0.00017231499077752233,0.00010769399523269385,0.0015444830060005188,0.018251859000883996,0.019796342006884515,50.51438289216427,0
396,7.940082960005384,-0.04461080232729131,-0.9682659071734925,1.3753064314471644,-2.0413724384703578,-1.3568256537066858,0.286056250333786,0.1819068193435669,-1.3412436246871948,-0.8023139238357544,-0.695319652557373,0.026395445689558983,0.23442840576171875,0.20471926033496857,-1.8201457262039185,-1.5029728412628174,-1.0602537393569946,0.32479792833328247,0.12453396618366241,-1.9534889971187246,-0.41242299373214764,-0.3835433940902432,-0.14041261756119436,0.20850379391267376,0.08278438968473212,-0.04287817,-0.9535741,1.3761321,-2.0505357,-1.3565844,0.2896564,-0.04287817,-0.9535741,1.3761321,-2.0505357,-1.3565844,0.2896564,-0.044610802084207535,-0.9682658910751343,1.375306487083435,-2.041372537612915,-1.3568257093429565,0.286056250333786,0.043315835,0.36729357,0.02064052,-0.22907732,0.006031831,0.09000407,0.09188661,0.062155654010477714,0.0038469444680958986,0.0015538913502619429,0.0021905614994466305,0.007549025000000001,30.1961,False,0,0.44042164139395495,0.1618768353211483,0.04256870036108229,0.4457681752843134,0.16046616244668044,0.034450156589306155,0.1378014867475602,0.004019931873991351,0.00010983167906009408,0.9904516753542844,-0.03961651,0.25913167,0.20314422,0.5232502873633286,3.575401206035167e-05,0.00011972099309787154,0.0005309469997882843,0.00030790199525654316,0.00015163299394771457,0.0001028219994623214,0.0015974909911165014,0.018222105005406775,0.019819595996523276,50.455115239252024,0
397,7.960134321008809,-0.04431468645204717,-0.965763048534729,1.375315014516012,-2.0426675281920375,-1.356826130543844,0.2865605354309082,0.18451985716819763,-1.3734896183013916,-0.7812931537628174,-0.7111096978187561,0.05598565191030502,0.23986826837062836,0.2120199352502823,-1.8376282453536987,-1.5234079360961914,-1.0603562593460083,0.3280337154865265,0.12406383454799652,-1.5252930858677722,-0.8648041892389553,-0.025196836530072875,-0.131120716504322,0.196032575826332,0.10653962793573347,-0.042130277,-0.9546639,1.37674,-2.0511348,-1.3565768,0.29017594,-0.042130277,-0.9546639,1.37674,-2.0511348,-1.3565768,0.29017594,-0.044314686208963394,-0.9657630324363708,1.3753150701522827,-2.0426676273345947,-1.3568261861801147,0.2865605354309082,0.054610234,0.27747908,0.03562186,-0.21168244,0.0062348964,0.09038532,0.12566747,0.09419833715781821,0.006360293822363019,0.0023549584289454554,0.0031077826861292124,0.007549025000000001,30.1961,False,0,0.4403885237633141,0.16200647556781522,0.04161172219422313,0.44580584190513844,0.16053367040128025,0.034519612725663174,0.13806680482057704,0.005033430492471834,-0.0002745622181902635,0.9904101186458907,-0.03961651,0.25913167,0.20314422,0.523250116615918,3.69440094800666e-05,0.00011687799997162074,0.0004731779918074608,0.0003623299999162555,0.0001751529925968498,0.00010856699373107404,0.0015901449951343238,0.0182951520109782,0.019885297006112523,50.288411568236114,0
398,7.980121226995834,-0.0440595785724085,-0.9632992309382935,1.3753741423236292,-2.0439845524229945,-1.3568294684039515,0.2871224284172058,0.22890888154506683,-1.3943145275115967,-0.7730222344398499,-0.7218418121337891,0.08900561183691025,0.23691199719905853,0.2236800640821457,-1.8680822849273682,-1.518414855003357,-1.0616774559020996,0.3300904333591461,0.1236639991402626,-1.7209920974551858,-0.7153970751962779,-0.2075840265870395,-0.12780612805974761,0.18839534631150395,0.10128534262444118,-0.04155161,-0.95807815,1.3777746,-2.0512762,-1.3568119,0.29083753,-0.04155161,-0.95807815,1.3777746,-2.0512762,-1.3568119,0.29083753,-0.04405957832932472,-0.9632992148399353,1.3753741979599,-2.0439846515655518,-1.3568295240402222,0.2871224284172058,0.06269927,0.13052714,0.060008835,-0.18228671,0.00043990085,0.09287711,0.1597034,0.1421943602754445,0.009554361896589399,0.003554859006886113,0.004709916654974222,0.007549025000000001,30.1961,False,0,0.44035331274950434,0.1621177722356884,0.04065844674814725,0.4457681752843134,0.16046616244668044,0.034450156589306155,0.1378014867475602,0.004019931873991351,0.00010983167906009408,0.9904516753542844,-0.03961651,0.25913167,0.20314422,0.5232502873633286,3.498600563034415e-05,0.0001193289936054498,0.0004919250059174374,0.00035657799162436277,0.00017660298908594996,9.914499241858721e-05,0.001586903992574662,0.018236723000882193,0.019823626993456855,50.44485554182734,0
399,8.0000873819954,-0.04383880296816045,-0.9610663813403626,1.3755129019366663,-2.0453297100462855,-1.3568294684039515,0.2875983417034149,0.22834260761737823,-1.4822378158569336,-0.7743027210235596,-0.7477236390113831,0.11231377720832825,0.2390138804912567,0.242539644241333,-1.922343373298645,-1.4814035892486572,-1.0678126811981201,0.33302679657936096,0.12269441783428192,-1.9212153543331263,-0.5845478488813349,-0.3488006870801815,-0.12206290071875558,0.1938523013823784,0.1086018769859774,-0.041313663,-0.96450746,1.3791791,-2.050916,-1.3571858,0.29136252,-0.041313663,-0.96450746,1.3791791,-2.050916,-1.3571858,0.29136252,-0.043838802725076675,-0.9610663652420044,1.375512957572937,-2.0453298091888428,-1.3568295240402222,0.2875983417034149,0.063128494,-0.0860275,0.091653734,-0.13965183,-0.008908121,0.094104916,0.19079262,0.2076300622310714,0.013370214300230146,0.005190751555776785,0.007109717931598425,0.007549025000000001,30.1961,False,0,0.44032885918659187,0.16221448971509478,0.039784400046832924,0.4457681752843134,0.16046616244668044,0.034450156589306155,0.1378014867475602,0.004019931873991351,0.00010983167906009408,0.9904516753542844,-0.03961651,0.25913167,0.20314422,0.5232502873633286,3.650900907814503e-05,0.00011642900062724948,0.000623333005933091,0.0004010319971712306,0.0001760199957061559,9.639999188948423e-05,0.0017612429946893826,0.018038260997855105,0.019799503992544487,50.50631573278555,0
