step,time,q0,q1,q2,q3,q4,q5,current0,current1,current2,current3,current4,current5,ctrl_output0,ctrl_output1,ctrl_output2,ctrl_output3,ctrl_output4,ctrl_output5,tcp_force0,tcp_force1,tcp_force2,tcp_force3,tcp_force4,tcp_force5,ctrl_pre_alpha0,ctrl_pre_alpha1,ctrl_pre_alpha2,ctrl_pre_alpha3,ctrl_pre_alpha4,ctrl_pre_alpha5,ctrl0,ctrl1,ctrl2,ctrl3,ctrl4,ctrl5,obs_q0,obs_q1,obs_q2,obs_q3,obs_q4,obs_q5,action0,action1,action2,action3,action4,action5,action6,gripper_norm,gripper_ctrl,finger_pos_est,gripper_obs,gripper_fb_pos,gripper_fb_pct,grasped,obj_flag,tcp_x,tcp_y,tcp_z,box_x,box_y,box_z,box_qw,box_qx,box_qy,box_qz,target_x,target_y,target_z,box_to_target_dist,recv_time_s,mocap_time_s,obs_time_s,policy_time_s,ctrl_time_s,send_time_s,compute_time_s,sleep_time_s,loop_dt_true_s,loop_hz_true,overrun_count
0,0.020133526995778084,0.034698486328125,-1.0899934035590668,1.082428280507223,-1.6278258762755335,-1.4013469854937952,0.12336772680282593,0.1385630965232849,-1.653896450996399,-1.15105402469635,-0.5356107354164124,0.0006207823753356934,0.061959296464920044,-4.9413430527145573e-17,-2.0571701526641846,-1.6446255445480347,-0.8943318724632263,0.25866809487342834,-0.010823464952409267,-0.5587248500923103,1.262519074202837,-0.05235300234415119,0.10664299292988438,0.08538246605611505,0.03671941016292701,0.023904826,-1.055985,1.0979503,-1.6431545,-1.3893552,0.1206547,0.023904826,-1.055985,1.0979503,-1.6431545,-1.3893552,0.1206547,0.034698486328125,-1.0899933576583862,1.0824283361434937,-1.6278258562088013,-1.401347041130066,0.12336772680282593,-0.2698415,0.85021114,0.3880514,-0.38321537,0.29979575,-0.06782556,-0.5385418,0.0,0.0,0.0,0.0,,,False,0,0.4190690422610841,0.18564276983887243,0.14166455015140758,0.4384221716003256,0.16513430360241815,0.03503545084004479,-0.9973441142881377,-0.025658369119404518,-0.044727177937018525,0.05143812887952781,-0.05021399,0.25728825,0.20314422,0.5248982813608165,1.4965000445954502e-05,0.00010160300007555634,0.00021830199693795294,0.00014336100139189512,8.356900070793927e-05,4.989400622434914e-05,0.0007925880054244772,0.019340116996318102,0.02013270500174258,49.67042431275109,0
1,0.040124056991771795,0.03454373776912689,-1.0897106987288971,1.0825112501727503,-1.6279450855650843,-1.401264492665426,0.12339901179075241,-0.2844904363155365,-0.5967317819595337,-0.37149783968925476,-0.5244836807250977,0.11886125057935715,-0.0067091817036271095,-0.5459500551223755,-0.7698836326599121,-0.8784477710723877,-0.8641404509544373,0.3092789053916931,-0.05409174785017967,-0.07649099636584702,1.206167173061065,3.2216987501319707,0.10075888149516567,0.07512400216177174,0.04141961043883984,0.024009025,-1.054657,1.0977206,-1.6492292,-1.3891829,0.12071938,0.024009025,-1.054657,1.0977206,-1.6492292,-1.3891829,0.12071938,0.03454373776912689,-1.0897107124328613,1.082511305809021,-1.627945065498352,-1.4012645483016968,0.12339901179075241,-0.26336783,0.87634474,0.38023323,-0.5321023,0.30204076,-0.066990815,-0.51157206,0.0,0.0,0.0,0.0,,,False,0,0.41910228682856926,0.18559736790281234,0.14153360912115834,0.4384431366035336,0.16516330388540573,0.03495600647123347,-0.9973007416520805,-0.02669373630820144,-0.04506858272128456,0.05145395284608967,-0.05021399,0.25728825,0.20314422,0.5249381558759622,2.3286003852263093e-05,7.426099909935147e-05,0.0002775149914668873,0.00018919800641015172,0.0001078509958460927,7.455800368916243e-05,0.0009416109969606623,0.018934173000161536,0.0198757839971222,50.31248076276082,0
2,0.06014041599701159,0.033803556114435196,-1.0872709316066285,1.0839217344867151,-1.6291529140868128,-1.400590721760885,0.12318476289510727,-0.4264944791793823,-0.49961942434310913,-0.5173255205154419,-0.5617572069168091,0.2296338975429535,-0.08475621044635773,-0.4200913906097412,-1.061562180519104,-1.0463571548461914,-0.9432778358459473,0.3460272252559662,-0.1471693217754364,1.0104984543310938,1.3243194358378403,3.4445869008770433,0.07423847696449608,0.04907575992998078,0.025451103105226976,0.022874651,-1.0522381,1.0991968,-1.6505041,-1.388653,0.12043668,0.022874651,-1.0522381,1.0991968,-1.6505041,-1.388653,0.12043668,0.033803556114435196,-1.087270975112915,1.0839217901229858,-1.6291528940200806,-1.4005907773971558,0.12318476289510727,-0.27322263,0.87582064,0.38187528,-0.53378177,0.2984435,-0.068701915,-0.51135653,0.0,0.0,0.0,0.0,,,False,0,0.4191600942660895,0.18544199343101528,0.14020321408630457,0.43840579745402825,0.16514540496798455,0.035028983412573794,-0.9973567852327239,-0.025580577665033355,-0.04434655630555023,0.05156028534340873,-0.05021399,0.25728825,0.20314422,0.5248831609054573,3.709099837578833e-05,0.00011883799743372947,0.0005056169902672991,0.00030227300885599107,0.00018236901087220758,0.00011828400602098554,0.0015776889922562987,0.01827188700553961,0.01984957599779591,50.37890986240914,0
3,0.08013258699793369,0.03274509683251381,-1.0830197495273133,1.0857632795916956,-1.6310144863524378,-1.3990724722491663,0.1228765919804573,-0.3757922947406769,-1.0820423364639282,-0.778014600276947,-0.8338562846183777,0.20387998223304749,-0.11288297176361084,-0.3348139524459839,-1.3915398120880127,-1.2242332696914673,-1.0139316320419312,0.3866691291332245,-0.15160727500915527,1.8952119989715817,0.8034393462971147,0.0685082378574779,0.0871244868519948,-0.04541475178355108,-0.014163822733378226,0.021391992,-1.0479312,1.1006447,-1.6527843,-1.3870103,0.12018453,0.021391992,-1.0479312,1.1006447,-1.6527843,-1.3870103,0.12018453,0.03274509683251381,-1.083019733428955,1.0857633352279663,-1.6310144662857056,-1.399072527885437,0.1228765919804573,-0.28382766,0.8772129,0.3720334,-0.5442456,0.30155605,-0.06730144,-0.51263267,0.0,0.0,0.0,0.0,,,False,0,0.41928998570369297,0.1853510526293029,0.13806757249285545,0.4384182834225994,0.1651314154323608,0.0349880541649268,-0.9973657500726283,-0.026039590781878175,-0.04411808020993443,0.05135280856086144,-0.05021399,0.25728825,0.20314422,0.5249103505772809,3.622999065555632e-05,0.00011826399713754654,0.000499462999869138,0.00031251499603968114,0.00017377300537191331,0.00011709899990819395,0.0015776969958096743,0.01824678500997834,0.019824482005788013,50.4426798999357,0
4,0.10054503798892256,0.03122660703957081,-1.0781116646579285,1.0874984900103968,-1.6345211468138636,-1.397165600453512,0.12249012291431427,-0.26641738414764404,-1.3598904609680176,-0.7299663424491882,-0.5380553007125854,0.18949837982654572,-0.1598522961139679,-0.27031761407852173,-1.6313509941101074,-1.3431060314178467,-1.0340907573699951,0.4058364927768707,-0.15442386269569397,-2.9778187833374177,0.013694648441333696,0.6443773779768087,0.04485026709847476,0.14546548805042364,-0.09835346225886403,0.019432945,-1.0429702,1.1022561,-1.6565418,-1.3849626,0.11987873,0.019432945,-1.0429702,1.1022561,-1.6565418,-1.3849626,0.11987873,0.03122660703957081,-1.0781116485595703,1.0874985456466675,-1.6345211267471313,-1.3971656560897827,0.12249012291431427,-0.29484156,0.87853813,0.36893913,-0.55051655,0.30507642,-0.06528485,-0.51375145,0.0,0.0,0.0,0.0,,,False,0,0.4198804431626513,0.18516952565680958,0.13586250379116874,0.43846011335327456,0.16519468246042032,0.03509526427785345,-0.9974270472690406,-0.02582579919278221,-0.043295663694274795,0.050968913297442964,-0.05021399,0.25728825,0.20314422,0.5249038533259683,3.699600347317755e-05,0.00011327399988658726,0.0004933730087941512,0.0002974700037157163,0.0001784049964044243,0.00011526400339789689,0.0015528090007137507,0.01868619398737792,0.02023900298809167,49.409548513253604,0
5,0.12012811299064197,0.02936231903731823,-1.0726768237403412,1.0900405089007776,-1.6376882992186488,-1.3954723517047327,0.1220695972442627,-0.12011457979679108,-1.3645436763763428,-0.9183319211006165,-0.7591637969017029,0.2970695197582245,-0.13421982526779175,-0.24335935711860657,-1.7196450233459473,-1.385909914970398,-1.0346195697784424,0.41511908173561096,-0.1555113047361374,-0.3956280610195586,2.2333846305348004,-0.9610881791578562,0.1429885229425859,0.04444833193272603,-0.06734985642405375,0.01711649,-1.0374649,1.1044513,-1.6601286,-1.3830495,0.1195555,0.01711649,-1.0374649,1.1044513,-1.6601286,-1.3830495,0.1195555,0.02936231903731823,-1.0726767778396606,1.0900405645370483,-1.6376882791519165,-1.3954724073410034,0.1220695972442627,-0.3061457,0.8802983,0.36026832,-0.5610083,0.31057206,-0.06285238,-0.5151913,0.0,0.0,0.0,0.0,,,False,0,0.4202491255300101,0.1847827649042481,0.13314025109062308,0.43844356704268217,0.1651618359819694,0.035080528657104024,-0.9974039854339684,-0.026160965823055195,-0.043570654973550886,0.051015403087094346,-0.05021399,0.25728825,0.20314422,0.5248989310422839,0.0002675239957170561,0.00011613700189627707,0.000540213004569523,0.00040550800622440875,0.00016306599718518555,0.00010059599298983812,0.0019521520007401705,0.017480594993685372,0.019432746994425543,51.459528613574754,0
6,0.14010252499429043,0.02799009345471859,-1.0685031575015564,1.091858212147848,-1.6401311359801234,-1.3940084616290491,0.12171030044555664,-0.2146671861410141,-1.1279727220535278,-0.8200357556343079,-0.8123520016670227,0.3169310688972473,-0.11916697025299072,-0.25189030170440674,-1.7258766889572144,-1.392728328704834,-1.0389320850372314,0.41815149784088135,-0.15521331131458282,1.431480998181165,1.7015742434239682,0.22422782030269112,0.14175940518634095,-0.01626601648456135,0.00022368878786011188,0.0153177865,-1.0332431,1.1059755,-1.6628689,-1.3814583,0.11927323,0.0153177865,-1.0332431,1.1059755,-1.6628689,-1.3814583,0.11927323,0.02799009345471859,-1.0685031414031982,1.0918582677841187,-1.6401311159133911,-1.3940085172653198,0.12171030044555664,-0.3168077,0.881501,0.35293227,-0.5684444,0.31375605,-0.060926773,-0.5163114,0.0,0.0,0.0,0.0,,,False,0,0.4205413157633235,0.184548936096346,0.13109889652109352,0.43845279432753376,0.16508435075722488,0.03513398010626681,-0.9974780065596708,-0.02563881585033253,-0.042820338001265466,0.05046485550913543,-0.05021399,0.25728825,0.20314422,0.524904015126407,0.0002546900068409741,0.00012140900071244687,0.0009049559885170311,0.00035262601159047335,0.00018900400027632713,0.0001246510073542595,0.0022763339948141947,0.01752334499906283,0.019799678993877023,50.505869327944474,0
7,0.16013116999238264,0.026527557522058487,-1.0638114970973511,1.0937445799456995,-1.643510480920309,-1.392081085835592,0.12136315554380417,-0.3305773437023163,-1.0498473644256592,-0.6988587379455566,-0.6551604270935059,0.2446822077035904,-0.146419495344162,-0.2684464156627655,-1.7055864334106445,-1.3782246112823486,-1.0335105657577515,0.415200412273407,-0.1546824723482132,-0.7373832076797922,0.6042918045936232,1.6206317941181259,0.06874229411568429,0.08097985326983252,-0.026925614659985588,0.013385855,-1.0285133,1.1078062,-1.6664503,-1.379513,0.119003296,0.013385855,-1.0285133,1.1078062,-1.6664503,-1.379513,0.119003296,0.026527557522058487,-1.0638115406036377,1.0937446355819702,-1.6435104608535767,-1.3920811414718628,0.12136315554380417,-0.3285426,0.88245475,0.35153916,-0.5734948,0.31420302,-0.058996413,-0.5172049,0.0,0.0,0.0,0.0,,,False,0,0.4210229019154492,0.18438934428664736,0.1289241630054741,0.4384283547928594,0.1650672283460123,0.035025651643170695,-0.9973634026021716,-0.025859182245033835,-0.0447177014094787,0.05096952278443567,-0.05021399,0.25728825,0.20314422,0.5249189558708218,0.00013055400631856173,0.0001540869998279959,0.0005028299929108471,0.00037507999513763934,0.00016267300816252828,0.00011325300147291273,0.00182344600034412,0.017973751993849874,0.019797197994193994,50.512198761323404,0
8,0.18012810598884244,0.02484789863228798,-1.0585729640773316,1.095900837575094,-1.6466785869994105,-1.3904321829425257,0.12098483741283417,-0.3081137537956238,-1.3515331745147705,-0.8255839347839355,-0.6902109384536743,0.2564518451690674,-0.14268805086612701,-0.2622833847999573,-1.72821843624115,-1.3851232528686523,-1.0297833681106567,0.418179452419281,-0.15533308684825897,-1.2353567503034262,0.22811217374972023,0.054893771908829506,0.058993625486943216,0.06412751420049038,-0.06025688285073392,0.011323604,-1.0232074,1.1096426,-1.6699919,-1.3776181,0.1187389,0.011323604,-1.0232074,1.1096426,-1.6699919,-1.3776181,0.1187389,0.02484789863228798,-1.0585730075836182,1.0959008932113647,-1.6466785669326782,-1.3904322385787964,0.12098483741283417,-0.33810738,0.8841409,0.34354457,-0.58283144,0.32035404,-0.056148585,-0.5184726,0.0,0.0,0.0,0.0,,,False,0,0.4214080286593223,0.18406866927155763,0.12640094376229977,0.4384682308775669,0.16518339708302257,0.03505647374855825,-0.9974090850825186,-0.026378964910772826,-0.04378209734726482,0.05062013711314933,-0.05021399,0.25728825,0.20314422,0.5249258105861679,3.8263999158516526e-05,0.0001200110127683729,0.0006271430029300973,0.0003561630001058802,0.00016022899944800884,0.00010925599781330675,0.0017546769959153607,0.018063227995298803,0.019817904991214164,50.45942043032945,0
9,0.2001288699975703,0.023060712963342667,-1.053412751560547,1.0981481711017054,-1.649484773675436,-1.388836685811178,0.12066508084535599,-0.27225297689437866,-1.4640921354293823,-0.9063287973403931,-0.863278865814209,0.3249095678329468,-0.13299806416034698,-0.26122385263442993,-1.7334306240081787,-1.3827238082885742,-1.0261025428771973,0.42218053340911865,-0.1559305638074875,0.6209227527138916,1.2341333563710684,-1.4267210704341413,0.12590243421538577,-0.01245312042231057,-0.03695771654389414,0.009022507,-1.0179896,1.1114875,-1.67317,-1.37586,0.11853379,0.009022507,-1.0179896,1.1114875,-1.67317,-1.37586,0.11853379,0.023060712963342667,-1.0534127950668335,1.098148226737976,-1.6494847536087036,-1.3888367414474487,0.12066508084535599,-0.35095516,0.8855781,0.33348176,-0.5921318,0.32441995,-0.053282212,-0.51981586,0.0,0.0,0.0,0.0,,,False,0,0.42169443314054134,0.18368655423644376,0.12384675466340661,0.4384467165598525,0.16510232809118797,0.03513411877891786,-0.9974157434759957,-0.025889947598265274,-0.04375950295054445,0.050760745845829514,-0.05021399,0.25728825,0.20314422,0.5248951549521751,3.680400550365448e-05,0.00011346199607942253,0.0006678810023004189,0.0003504859923850745,0.0002444139972794801,0.0001371500111417845,0.0018511939997551963,0.017980903008719906,0.019832097008475102,50.42331123998926,0
10,0.22012533599627204,0.021209556609392166,-1.0487137001803895,1.0998814741717737,-1.652736326257223,-1.387073818837301,0.12034536898136139,-0.18495944142341614,-1.2594033479690552,-0.7500408887863159,-0.7139379978179932,0.29462745785713196,-0.14780789613723755,-0.2620794177055359,-1.7232716083526611,-1.373060941696167,-1.0200176239013672,0.423693984746933,-0.15614713728427887,-0.5239291178720348,1.5541651901933013,0.12278571816358508,0.10375522683296363,0.026908698556819266,-0.03603523013404674,0.006820323,-1.0132493,1.1132096,-1.6765828,-1.3739758,0.11832103,0.006820323,-1.0132493,1.1132096,-1.6765828,-1.3739758,0.11832103,0.021209556609392166,-1.0487136840820312,1.0998815298080444,-1.6527363061904907,-1.3870738744735718,0.12034536898136139,-0.35973084,0.8866114,0.33320248,-0.596164,0.32745257,-0.05060847,-0.5206472,0.0,0.0,0.0,0.0,,,False,0,0.4222163399515311,0.18332067866910715,0.12169391280324923,0.4384375298038277,0.1650999170910319,0.035130312328589555,-0.9974253456763862,-0.02578681828900645,-0.04381061882936865,0.050580343307337516,-0.05021399,0.25728825,0.20314422,0.5248882442466848,3.6231998819857836e-05,0.00011776998871937394,0.0005073009961051866,0.00031607299752067775,0.0001727920025587082,0.0001572820037836209,0.0016829079977469519,0.01813209700048901,0.019815004998235963,50.466805337118274,0
11,0.24008513799344655,0.019401630386710167,-1.0440673989108582,1.1016562620746058,-1.6561290226378382,-1.3852928320514124,0.11998369544744492,-0.26360616087913513,-1.1482630968093872,-0.7022048830986023,-0.6067344546318054,0.29457715153694153,-0.14547789096832275,-0.26832500100135803,-1.7154159545898438,-1.3642578125,-1.011662483215332,0.42206186056137085,-0.15598751604557037,-0.7902685829179041,1.1310673507672233,0.924563413940366,0.0830270347106601,0.04452777196452075,-0.04400574618536051,0.0046001906,-1.0085719,1.1150246,-1.6801239,-1.3721867,0.1180573,0.0046001906,-1.0085719,1.1150246,-1.6801239,-1.3721867,0.1180573,0.019401630386710167,-1.0440673828125,1.1016563177108765,-1.656129002571106,-1.385292887687683,0.11998369544744492,-0.370036,0.88738924,0.33420742,-0.5998741,0.3276543,-0.04815982,-0.521408,0.0,0.0,0.0,0.0,0.0135294,54.1176,False,0,0.4227425572594371,0.1829760986341525,0.11956352686711638,0.43843543580316313,0.16503114077652456,0.03502475466396793,-0.9973965303264307,-0.025604792245654498,-0.04465933424054617,0.050498200409144656,-0.05021399,0.25728825,0.20314422,0.5249321760106714,3.602700599003583e-05,0.00011379900388419628,0.0006528369995066896,0.000597325008129701,0.00022688700119033456,0.00012194500595796853,0.0020576390088535845,0.017732941996655427,0.01979058100550901,50.529087535208525,0
12,0.26009316300041974,0.0176539309322834,-1.0391426247409363,1.1036480108844202,-1.6592070064940394,-1.3834412733661097,0.11971068382263184,-0.39319658279418945,-1.240901231765747,-0.7684158682823181,-0.6819711327552795,0.2240501493215561,-0.14400064945220947,-0.2677873969078064,-1.7261607646942139,-1.3652218580245972,-1.0086932182312012,0.42447930574417114,-0.1563083380460739,0.06053480093073687,0.11849692302274908,0.010793134884809538,0.06131733065400582,0.007030675377940672,-0.023868086532641504,0.0023665605,-1.0036017,1.1167401,-1.683511,-1.3702507,0.117904805,0.0023665605,-1.0036017,1.1167401,-1.683511,-1.3702507,0.117904805,0.0176539309322834,-1.0391426086425781,1.103648066520691,-1.6592069864273071,-1.3834413290023804,0.11971068382263184,-0.38218427,0.8885233,0.32730153,-0.60759974,0.32976675,-0.045146897,-0.5224221,0.0,0.0,0.0,0.0,0.0135294,54.1176,False,0,0.4231103164622371,0.182669406812481,0.11722217984991737,0.4384824772097113,0.1650236187407162,0.03510458147577045,-0.9974604701540466,-0.025843011151704523,-0.043708015533404004,0.049943317130104636,-0.05021399,0.25728825,0.20314422,0.5249517297865249,3.674700565170497e-05,0.00013385700003709644,0.0005375280015869066,0.00026983401039615273,0.00018532700778450817,0.00016985399997793138,0.0016934690065681934,0.01812905300175771,0.019822522008325905,50.44766753594611,0
13,0.28012760099954903,0.01563992351293564,-1.0340939325145264,1.1055401007281702,-1.6624089680113734,-1.381629769002096,0.11941990256309509,-0.306538850069046,-1.3518457412719727,-0.794289231300354,-0.7139425277709961,0.2560385465621948,-0.15396206080913544,-0.2668400704860687,-1.7381870746612549,-1.365783452987671,-1.007239580154419,0.4274531304836273,-0.15702447295188904,0.2461655878071403,0.6727446793095131,-0.4174629463049812,0.0723025806208734,-0.00744941716877826,-0.020154117954491374,-2.1172687e-05,-0.99852055,1.1185763,-1.6868954,-1.3683842,0.117730476,-2.1172687e-05,-0.99852055,1.1185763,-1.6868954,-1.3683842,0.117730476,0.01563992351293564,-1.034093976020813,1.105540156364441,-1.6624089479446411,-1.3816298246383667,0.11941990256309509,-0.3915274,0.88933617,0.32590255,-0.6121618,0.33113882,-0.042235598,-0.52313644,0.0,0.0,0.0,0.0,0.0135294,54.1176,False,0,0.4235618124605695,0.1822402699438997,0.11486718307021224,0.4384923097687857,0.1649359614630036,0.03496791194382644,-0.9973755167260793,-0.026348653028613573,-0.04484165146611135,0.05036893459702202,-0.05021399,0.25728825,0.20314422,0.5250200591112365,3.628201375249773e-05,0.00011692498810589314,0.0005583830061368644,0.0003080369933741167,0.00017703199409879744,0.00011449700105004013,0.0016190040041692555,0.01825157400162425,0.019870578005793504,50.32566237924423,0
14,0.3001340899936622,0.01351642981171608,-1.0291954439929505,1.107356373463766,-1.6657568416991175,-1.3798821608172815,0.11914034187793732,-0.17993339896202087,-1.2850149869918823,-0.7289044857025146,-0.6780341863632202,0.2950405478477478,-0.15866336226463318,-0.2644851505756378,-1.741693377494812,-1.3628119230270386,-1.002899169921875,0.43047240376472473,-0.15740422904491425,-0.3317344867294436,1.1836299654658593,0.16806168099382246,0.08917015873156892,0.009499198239689352,-0.029543779199585292,-0.0024664383,-0.9935895,1.1204643,-1.6903813,-1.3665439,0.117584795,-0.0024664383,-0.9935895,1.1204643,-1.6903813,-1.3665439,0.117584795,0.01351642981171608,-1.0291954278945923,1.1073564291000366,-1.6657568216323853,-1.3798822164535522,0.11914034187793732,-0.39957172,0.89014775,0.32769865,-0.61561215,0.33345735,-0.038888685,-0.5238093,0.0,0.0,0.0,0.0,0.0135294,54.1176,False,0,0.42407792022596014,0.18174920817052653,0.11260854611475654,0.43847670008356593,0.16493368183708168,0.03499203105948851,-0.9973994591549552,-0.02581563782603498,-0.044585185774117186,0.05039839891843367,-0.05021399,0.25728825,0.20314422,0.5249982044982073,3.7245990824885666e-05,0.00011363800149410963,0.00051203700422775,0.00028976101020816714,0.00017581401334609836,0.00011323799844831228,0.0015418140101246536,0.018299895993550308,0.01984171000367496,50.39888194186822,0
15,0.32013113699213136,0.011441162787377834,-1.0242226284793396,1.1091168562518519,-1.6692081890501917,-1.378007713948385,0.1189117282629013,-0.2511292099952698,-1.2778723239898682,-0.7339001297950745,-0.6873753666877747,0.2580629885196686,-0.15503302216529846,-0.2662842869758606,-1.73972487449646,-1.3564858436584473,-0.9961593151092529,0.4316643178462982,-0.15759770572185516,-0.4683231274672281,0.6740192786415383,0.07480379645794077,0.06945032675282391,0.007361178742232218,-0.024751024838021003,-0.004893915,-0.988594,1.122398,-1.6939332,-1.3646392,0.11749182,-0.004893915,-0.988594,1.122398,-1.6939332,-1.3646392,0.11749182,0.011441162787377834,-1.0242226123809814,1.1091169118881226,-1.6692081689834595,-1.3780077695846558,0.1189117282629013,-0.40837693,0.8907148,0.33202735,-0.6181279,0.33421513,-0.0354978,-0.5244065,0.0,0.0,0.0,0.0,0.0135294,54.1176,False,0,0.4246064575342517,0.18130688258561456,0.11034890192651375,0.43842045105986993,0.16496336241481244,0.03501382200823914,-0.9973829561616043,-0.025958919528924953,-0.0451549229457715,0.050143382116109414,-0.05021399,0.25728825,0.20314422,0.5249336451709851,4.0933999116532505e-05,0.00011909598833881319,0.0005233789997873828,0.0002895929937949404,0.00023380600032396615,0.00012189798871986568,0.0016803769976831973,0.01814472999831196,0.019825106995995156,50.4410896850145,0
16,0.3401321589917643,0.009341503493487835,-1.0192811054042359,1.1109607855426233,-1.672535081902975,-1.3761709372149866,0.11863751709461212,-0.2712302803993225,-1.3081576824188232,-0.7661933898925781,-0.7304190397262573,0.2677239179611206,-0.16327735781669617,-0.2677232623100281,-1.7425233125686646,-1.3522303104400635,-0.9913826584815979,0.43266260623931885,-0.1578272432088852,0.00912488476788354,0.8082824465150704,0.12451451936714625,0.06579114037547414,-0.011641098980155171,-0.011695462237905503,-0.0073572258,-0.9836319,1.1242614,-1.697417,-1.3627968,0.11735161,-0.0073572258,-0.9836319,1.1242614,-1.697417,-1.3627968,0.11735161,0.009341503493487835,-1.0192811489105225,1.110960841178894,-1.6725350618362427,-1.3761709928512573,0.11863751709461212,-0.41746825,0.89123154,0.3325122,-0.6220494,0.33435673,-0.032147806,-0.5248683,0.0,0.0,0.0,0.0,0.0135294,54.1176,False,0,0.42507788378871264,0.18084327463915065,0.10806407350016528,0.438459847202413,0.16491466475716599,0.035000972521593794,-0.9974318537333748,-0.025420284228734255,-0.04453667207272055,0.049999438426978515,-0.05021399,0.25728825,0.20314422,0.5249829990915589,3.6658006138168275e-05,0.00011466100113466382,0.0005120940040796995,0.000584044013521634,0.00016626900469418615,0.00016305399185512215,0.0018823720020009205,0.017944042992894538,0.019826414994895458,50.437761958350094,0
17,0.3601035259925993,0.0071664671413600445,-1.0144938987544556,1.1127575079547327,-1.6759377918639125,-1.3743169943438929,0.11841006577014923,-0.2768731117248535,-1.277919054031372,-0.7353394031524658,-0.7092030048370361,0.2847100496292114,-0.1659439504146576,-0.2671037018299103,-1.7449071407318115,-1.347606897354126,-0.9872292876243591,0.43473440408706665,-0.1580243557691574,-0.03889006865331396,0.7356611299512679,0.060669211369528714,0.06162961526958866,-0.00800846073193845,-0.019674261569158424,-0.009875471,-0.9788323,1.1261477,-1.7009277,-1.3609393,0.11726296,-0.009875471,-0.9788323,1.1261477,-1.7009277,-1.3609393,0.11726296,0.0071664671413600445,-1.0144939422607422,1.1127575635910034,-1.6759377717971802,-1.3743170499801636,0.11841006577014923,-0.4260485,0.8915408,0.3347537,-0.6247495,0.33444414,-0.028677588,-0.52521193,0.0,0.0,0.0,0.0,0.0135294,54.1176,False,0,0.42558614119726795,0.1803504123352801,0.1058659473888253,0.4385124024497415,0.16483577324993784,0.03504245676643471,-0.9974241432581037,-0.02572910602215611,-0.044757723759692246,0.04979857228851575,-0.05021399,0.25728825,0.20314422,0.5250325220226706,3.647099947556853e-05,0.00011439400259405375,0.0005221189931035042,0.0002798850036924705,0.0001832140114856884,0.00011440200614742935,0.001553393987705931,0.01823987500392832,0.01979326899163425,50.52222553144993,0
18,0.38013274400145747,0.004947339650243521,-1.0095968407443543,1.1145570913897913,-1.6794458828368128,-1.3724692503558558,0.11822555959224701,-0.2787131667137146,-1.2826757431030273,-0.7684609889984131,-0.6869403719902039,0.24829113483428955,-0.17989714443683624,-0.2664332687854767,-1.749685287475586,-1.3450629711151123,-0.9835752844810486,0.43702399730682373,-0.15553945302963257,-0.2394003435606374,0.23294400886026267,0.22749007452206793,0.057725267470136364,-0.001203613361303612,-0.007737097356189478,-0.012286574,-0.9739213,1.1281073,-1.7045149,-1.3590139,0.117234215,-0.012286574,-0.9739213,1.1281073,-1.7045149,-1.3590139,0.117234215,0.004947339650243521,-1.009596824645996,1.114557147026062,-1.6794458627700806,-1.3724693059921265,0.11822555959224701,-0.43084785,0.891888,0.3387535,-0.6267245,0.33638382,-0.024783548,-0.5253224,0.0,0.0,0.0,0.0,0.0135294,54.1176,False,0,0.42610817715493954,0.17983583461290564,0.10362815222200181,0.43856755465730385,0.1649063732785516,0.03506642856111599,-0.9974793089587868,-0.02641642685157676,-0.04365189438251524,0.04931248940886057,-0.05021399,0.25728825,0.20314422,0.5250637606656481,3.691599704325199e-05,0.00011555699165910482,0.0004978270007995889,0.000285303991404362,0.00020555598894134164,0.00011439800437074155,0.0015638100012438372,0.018289408006239682,0.01985321800748352,50.36966801165723,0
19,0.40013043300132267,0.00259967683814466,-1.004649595623352,1.1164096037494105,-1.6828848324217738,-1.37062913576235,0.11801151186227798,-0.2528407573699951,-1.3669939041137695,-0.7955062389373779,-0.6745895147323608,0.26285430788993835,-0.17276343703269958,-0.2658320963382721,-1.7583775520324707,-1.344500184059143,-0.9809205532073975,0.43943852186203003,-0.1439286470413208,0.057024452197721114,1.025226198059457,0.08695674716245425,0.06554532169881146,-0.02222915753391032,0.0013481776191594545,-0.014868101,-0.9689746,1.1301557,-1.708015,-1.3571893,0.11716838,-0.014868101,-0.9689746,1.1301557,-1.708015,-1.3571893,0.11716838,0.00259967683814466,-1.0046496391296387,1.1164096593856812,-1.6828848123550415,-1.3706291913986206,0.11801151186227798,-0.43669444,0.891876,0.34365124,-0.62825507,0.33599705,-0.021078302,-0.52522993,0.0,0.0,0.0,0.0,0.0135294,54.1176,False,0,0.4266079732829085,0.17926293752112335,0.10134622408070562,0.4386056779344208,0.16487003382541351,0.03502023148057981,-0.9974654711885982,-0.025625608104259685,-0.04450781804521467,0.04924431124060896,-0.05021399,0.25728825,0.20314422,0.5251204330448999,3.679200017359108e-05,0.00011519300460349768,0.0004983719991287217,0.0003261150122852996,0.0001945730036823079,0.00011394899047445506,0.0015980479947756976,0.018228117012768053,0.01982616500754375,50.43839792614988,0
20,0.42013322398997843,0.00021757921786047518,-0.9996540707400818,1.1182926336871546,-1.6862088642516078,-1.3688305060016077,0.1178710013628006,-0.23911122977733612,-1.3514169454574585,-0.824906587600708,-0.6832682490348816,0.2905869781970978,-0.16677050292491913,-0.26143717765808105,-1.7630119323730469,-1.341182827949524,-0.9771089553833008,0.4430151879787445,-0.1310390830039978,0.33314573274292725,0.8854315901680397,-0.1519119622322979,0.06867847124273772,-0.03984371471378527,0.004748727106779207,-0.016817402,-0.9639613,1.132704,-1.7112455,-1.3550344,0.117237665,-0.016817402,-0.9639613,1.132704,-1.7112455,-1.3550344,0.117237665,0.00021757921786047518,-0.9996540546417236,1.1182926893234253,-1.6862088441848755,-1.3688305616378784,0.1178710013628006,-0.42587453,0.89231825,0.36028287,-0.62591726,0.34490618,-0.015833387,-0.52475333,0.0,0.0,0.0,0.0,0.0135294,54.1176,False,0,0.4270630672020518,0.17866416629585663,0.09902249770805233,0.43840293182425594,0.16553926646973235,0.03504544089816888,-0.997388434020715,-0.026205775909667307,-0.04266637801541069,0.05204941067320362,-0.05021399,0.25728825,0.20314422,0.5248062223873045,3.7049001548439264e-05,0.00011789900599978864,0.0004996540083084255,0.00029581200215034187,0.0002523400034988299,0.00012388899631332606,0.0016856249858392403,0.018148203002056107,0.019833827987895347,50.41891059105198,0
21,0.44013855399680324,-0.002121750508443654,-0.9947384756854554,1.1201837698565882,-1.689721246758932,-1.3668797651873987,0.11774659156799316,-0.26170021295547485,-1.313843846321106,-0.8047129511833191,-0.6174503564834595,0.25090277194976807,-0.1685260385274887,-0.2626151740550995,-1.7649600505828857,-1.336022138595581,-0.9718236923217773,0.44447216391563416,-0.11665013432502747,-0.05910415413353989,0.30807795175297487,0.14311962600818612,0.04469343556328957,-0.02312572291017486,0.00720290629134694,-0.019401481,-0.95907134,1.1348583,-1.714782,-1.3532916,0.11725129,-0.019401481,-0.95907134,1.1348583,-1.714782,-1.3532916,0.11725129,-0.002121750498190522,-0.9947384595870972,1.1201838254928589,-1.6897212266921997,-1.3668798208236694,0.11774659156799316,-0.4319933,0.8916777,0.36686,-0.6265195,0.33970514,-0.012382469,-0.5242206,0.0,0.0,0.0,0.0,0.0135294,54.1176,False,0,0.42754266941702773,0.17811762901974743,0.096753327695773,0.43842853830325335,0.16552580446878667,0.03488396227879054,-0.9973426682596854,-0.02627945623499177,-0.0427750481925408,0.0527950076558123,-0.05021399,0.25728825,0.20314422,0.5248841590814188,0.00024313600442837924,0.00011569200432859361,0.0006106229993747547,0.0005100929993204772,0.00020623698947019875,0.00011467799777165055,0.0021107250067871064,0.01772744199843146,0.019838167005218565,50.40788293278019,0
22,0.4601040129928151,-0.004720989857808888,-0.9893309634974976,1.1222685019122522,-1.6934839687743128,-1.3649080435382288,0.11761496961116791,-0.28162601590156555,-1.3567637205123901,-0.8340022563934326,-0.6725106835365295,0.27205565571784973,-0.17335523664951324,-0.24277320504188538,-1.7622445821762085,-1.3209408521652222,-0.9574472308158875,0.4522891044616699,-0.10061754286289215,0.07059173428083114,0.6769536978080608,0.11685383514499073,0.06061640524480681,-0.02544777179893166,-0.00036950272181689343,-0.022116898,-0.9536885,1.1372404,-1.718574,-1.3513211,0.11729819,-0.022116898,-0.9536885,1.1372404,-1.718574,-1.3513211,0.11729819,-0.0047209900803864,-0.9893309473991394,1.122268557548523,-1.6934839487075806,-1.3649080991744995,0.11761496961116791,-0.43489772,0.8910605,0.3742965,-0.6272534,0.33967412,-0.007919324,-0.52306557,0.0,0.0,0.0,0.0,0.0135294,54.1176,False,0,0.4280342939251731,0.17746341790746864,0.09423866893592889,0.43850643173995335,0.16548366123769062,0.03482561479378656,-0.9972974545975517,-0.026653579936330243,-0.043425482333509895,0.05293025621717695,-0.05021399,0.25728825,0.20314422,0.5249827475752773,7.379699673037976e-05,0.00011882701073773205,0.0004900860076304525,0.0002916569937951863,0.00018090799858327955,0.00011824199464172125,0.0015811140037840232,0.018206074993941,0.019787188997725025,50.53774945571966,0
23,0.4801271649921546,-0.007124249135152638,-0.9844287794879456,1.1242201964007776,-1.696982046166891,-1.3630288282977503,0.11750365793704987,-0.25809183716773987,-1.3346149921417236,-0.8012884855270386,-0.6577188372612,0.2719440460205078,-0.17138293385505676,-0.24869175255298615,-1.767694115638733,-1.3191509246826172,-0.955112099647522,0.45208990573883057,-0.08184381574392319,-0.17490473522204125,0.8191841161831374,0.038672898661838956,0.04293967780260264,-0.0395714897035451,-0.013454027844656559,-0.0249598,-0.94885814,1.1396607,-1.7219917,-1.349685,0.11734908,-0.0249598,-0.94885814,1.1396607,-1.7219917,-1.349685,0.11734908,-0.00712424935773015,-0.9844287633895874,1.1242202520370483,-1.6969820261001587,-1.363028883934021,0.11750365793704987,-0.44588882,0.88926506,0.3860109,-0.6252415,0.33359775,-0.0038643882,-0.52156824,0.0,0.0,0.0,0.0,0.0135294,54.1176,False,0,0.4284780902704368,0.17687026567101535,0.09195236567281392,0.4383977154949544,0.16528601837601012,0.0351342388339346,-0.9973442686247798,-0.02442116620730661,-0.044426352682412844,0.05229097888332873,-0.05021399,0.25728825,0.20314422,0.5248172657117776,3.825899329967797e-05,0.00012099300511181355,0.0005149640055606142,0.0002676410076674074,0.0001836360024753958,0.00011337199248373508,0.001602024000021629,0.018183277992648073,0.0197853019926697,50.54256944728426,0
24,0.5001336389977951,-0.009290043507711232,-0.9800021213344117,1.1260250250445765,-1.7001062832274378,-1.3613293806659144,0.1174473762512207,-0.2973119914531708,-1.30587899684906,-0.7903298735618591,-0.6813128590583801,0.29938817024230957,-0.17068789899349213,-0.25743407011032104,-1.7597981691360474,-1.3120912313461304,-0.9528763890266418,0.45026662945747375,-0.06584706157445908,0.27702400317735587,0.69584018122279,0.2190853887741561,0.05228792888843745,-0.04547910518999077,-0.0009581080373289325,-0.027247261,-0.9444851,1.1418314,-1.7250816,-1.3480864,0.117438704,-0.027247261,-0.9444851,1.1418314,-1.7250816,-1.3480864,0.117438704,-0.009290043264627457,-0.9800021052360535,1.1260250806808472,-1.7001062631607056,-1.361329436302185,0.1174473762512207,-0.44893044,0.8879238,0.39515716,-0.6243823,0.33107662,-0.00021684961,-0.51973647,0.0,0.0,0.0,0.0,0.0135294,54.1176,False,0,0.4288469283698715,0.1763362816713849,0.08987276766166555,0.4384165389108245,0.1652023526066452,0.035144184268534974,-0.9972999481246232,-0.024551342967864938,-0.0444537672264066,0.05304674631473577,-0.05021399,0.25728825,0.20314422,0.524846279909586,3.743800334632397e-05,0.00011461999383755028,0.0005444039998110384,0.0002751800057012588,0.00020141099230386317,0.00011369799904059619,0.001590443993336521,0.018240999008412473,0.019831443001748994,50.42497411367428,0
25,0.5201606539922068,-0.011635605488912404,-0.9750439089587708,1.1280725638019007,-1.703627725640768,-1.3594077269183558,0.11739085614681244,-0.2759050726890564,-1.3475416898727417,-0.7631224989891052,-0.7032974362373352,0.29727810621261597,-0.16586965322494507,-0.2678586542606354,-1.768579125404358,-1.3107720613479614,-0.9503263831138611,0.4478490650653839,-0.04754074662923813,0.6559779438206444,0.6021258567177306,0.3942869496758916,0.057086294937027354,-0.056619676333481674,0.013571311895397838,-0.02960177,-0.93960536,1.1444438,-1.7284554,-1.3462758,0.11754406,-0.02960177,-0.93960536,1.1444438,-1.7284554,-1.3462758,0.11754406,-0.011635605245828629,-0.9750438928604126,1.1280726194381714,-1.7036277055740356,-1.3594077825546265,0.11739085614681244,-0.4491541,0.8859639,0.40927958,-0.6206933,0.32830045,0.003830145,-0.51735985,0.0,0.0,0.0,0.0,0.0135294,54.1176,False,0,0.4292307248888402,0.17577594148060605,0.08753877811256294,0.4383248026209423,0.16525033962410493,0.035026812816233176,-0.9973081477223524,-0.02471440894636354,-0.045618766130919364,0.05181287305775645,-0.05021399,0.25728825,0.20314422,0.5247900443871593,0.00011069599713664502,0.00011475800420157611,0.00048519398842472583,0.0002810010046232492,0.0001916070032166317,0.00011624500621110201,0.0016158700018422678,0.018237461001263,0.019853331003105268,50.369381331706485,0
26,0.5401324379927246,-0.01411468187441045,-0.9699860972217103,1.1302350203143519,-1.707149168054098,-1.3575318495379847,0.11735516786575317,-0.29008060693740845,-1.3275209665298462,-0.8034936189651489,-0.7097389698028564,0.2834119498729706,-0.15927353501319885,-0.2562355697154999,-1.7906972169876099,-1.3165607452392578,-0.9483831524848938,0.4526699483394623,-0.03438730537891388,0.5383225472372122,0.6089644419460337,-0.09095323907383414,0.05632953600846362,-0.06692410672215988,0.020048181962800005,-0.031975918,-0.9346334,1.1471044,-1.7318785,-1.344451,0.11769264,-0.031975918,-0.9346334,1.1471044,-1.7318785,-1.344451,0.11769264,-0.014114681631326675,-0.969986081123352,1.1302350759506226,-1.7071491479873657,-1.3575319051742554,0.11735516786575317,-0.44653097,0.88381743,0.42173132,-0.61823547,0.32702285,0.008436866,-0.51380515,0.0,0.0,0.0,0.0,0.0135294,54.1176,False,0,0.4295860117112591,0.17514734139040655,0.0851270502004084,0.4383046956028615,0.16534282620326188,0.03496864641920168,-0.9972901498495864,-0.025461896444007454,-0.04539797005034163,0.051990661005555716,-0.05021399,0.25728825,0.20314422,0.5247737511901307,3.663300594780594e-05,0.0001159410021500662,0.0005148469936102629,0.0006636539910687134,0.00018894000095315278,0.00015875800454523414,0.0019864729983964935,0.017818263004301116,0.01980473600269761,50.49297298705672,0
27,0.5601236009970307,-0.01660186449159795,-0.9649978441051026,1.1324146429644983,-1.7107140026488246,-1.3556841055499476,0.11732389032840729,-0.23897653818130493,-1.3590120077133179,-0.7968468070030212,-0.6798197031021118,0.2984468638896942,-0.14588314294815063,-0.249493807554245,-1.7926448583602905,-1.3098844289779663,-0.9418641328811646,0.457229882478714,-0.019535250961780548,0.24434926800541676,0.410058777682155,0.11354043102616743,0.04362913628110405,-0.0623245614705957,0.021128646622928966,-0.034424383,-0.9297596,1.1497649,-1.7353253,-1.3427309,0.11783783,-0.034424383,-0.9297596,1.1497649,-1.7353253,-1.3427309,0.11783783,-0.016601864248514175,-0.9649978280067444,1.132414698600769,-1.7107139825820923,-1.3556841611862183,0.11732389032840729,-0.445563,0.8809549,0.43375608,-0.6152832,0.32383326,0.01284857,-0.50927603,0.0,0.0,0.0,0.0,0.0135294,54.1176,False,0,0.4299375908797391,0.1745079536519175,0.08274270535047498,0.438310884597575,0.16534943485198397,0.034949511886970555,-0.9971965584088385,-0.025847582911747997,-0.046555995483370034,0.05256830591189282,-0.05021399,0.25728825,0.20314422,0.524784487115771,3.668300632853061e-05,0.00011812199954874814,0.0004846199881285429,0.00028244500572327524,0.00018190300033893436,0.00016440999752376229,0.001584906000061892,0.01822206799988635,0.01980697399994824,50.48726776753547,0
28,0.5801194660016336,-0.019125286732808888,-0.9601543110660096,1.1346295515643519,-1.7141100368895472,-1.3538215796100062,0.11732389032840729,-0.2758248448371887,-1.3702585697174072,-0.7301552295684814,-0.665582537651062,0.2906186282634735,-0.12602856755256653,-0.24432404339313507,-1.7907147407531738,-1.3014870882034302,-0.9349865317344666,0.46057647466659546,-0.004260411486029625,0.30358112723154124,0.6650128711222024,0.03879701120979817,0.04523284280573901,-0.06529538193622142,0.022538431308642713,-0.03704004,-0.9250616,1.1523457,-1.7386274,-1.3410963,0.11800219,-0.03704004,-0.9250616,1.1523457,-1.7386274,-1.3410963,0.11800219,-0.019125286489725113,-0.9601542949676514,1.1346296072006226,-1.714110016822815,-1.3538216352462769,0.11732389032840729,-0.44786882,0.87731785,0.44290054,-0.61293423,0.31813338,0.016957471,-0.50336623,0.0,0.0,0.0,0.0,0.0135294,54.1176,False,0,0.4302417647923954,0.1738565726228491,0.08039830336639484,0.438344408061168,0.1652078953010714,0.0350047231562666,-0.9972602831522482,-0.024944917765331833,-0.046145252893225686,0.052156447632297154,-0.05021399,0.25728825,0.20314422,0.5248228174194359,3.682500391732901e-05,0.0001162429980468005,0.0005978659901302308,0.0003130550030618906,0.00017659399600233883,0.0001148610026575625,0.0016647129959892482,0.01816750201396644,0.01983221500995569,50.423011221792635,0
29,0.6000903620006284,-0.021603886281148732,-0.95527537286792,1.1369240919696253,-1.7175036869444789,-1.3520415464984339,0.11735153943300247,-0.24721893668174744,-1.337365746498108,-0.7545347809791565,-0.6244783401489258,0.29435092210769653,-0.08507701754570007,-0.24441497027873993,-1.7913756370544434,-1.296077847480774,-0.9308533668518066,0.46213963627815247,0.01168146263808012,0.3859992275347718,0.6647369136652057,-0.11915624665136608,0.03776903397229008,-0.06694662051808861,0.025341880856127125,-0.03909016,-0.9203438,1.1553099,-1.7417772,-1.3392338,0.118232846,-0.03909016,-0.9203438,1.1553099,-1.7417772,-1.3392338,0.118232846,-0.021603886038064957,-0.9552753567695618,1.136924147605896,-1.7175036668777466,-1.3520416021347046,0.11735153943300247,-0.43715686,0.8732879,0.4596435,-0.60683817,0.32019755,0.022032656,-0.4962461,0.0,0.0,0.0,0.0,0.0135294,54.1176,False,0,0.4304981128870433,0.17320563833798697,0.07801270443823283,0.4382580905256139,0.16542064930038045,0.03502125021991248,-0.9971167528367271,-0.027125236977092636,-0.04780717269015754,0.052315276975666014,-0.05021399,0.25728825,0.20314422,0.5246998777662137,4.335401172284037e-05,0.0001297959970543161,0.0005747489922214299,0.00029481500678230077,0.00018203900253865868,0.00011254200944676995,0.0016912649880396202,0.018103963011526503,0.019795227999566123,50.51722566781844,0
30,0.6201363360014511,-0.024038616810933888,-0.9503635925105591,1.139310661946432,-1.7208343944945277,-1.3501980940448206,0.11737893521785736,-0.2826177477836609,-1.3280161619186401,-0.7661842107772827,-0.6328358054161072,0.2790308892726898,-0.008202072232961655,-0.2499312460422516,-1.7980793714523315,-1.2953470945358276,-0.928925633430481,0.4621955454349518,0.026858560740947723,0.5501478502922791,0.4198530791837265,0.019053146785906028,0.02528354994041638,-0.06620411419556471,0.0322249063570203,-0.041599676,-0.9156381,1.1579298,-1.7450563,-1.3376864,0.11842591,-0.041599676,-0.9156381,1.1579298,-1.7450563,-1.3376864,0.11842591,-0.024038616567850113,-0.9503635764122009,1.1393107175827026,-1.7208343744277954,-1.3501981496810913,0.11737893521785736,-0.43902647,0.8681372,0.4654776,-0.6055473,0.31279194,0.026174497,-0.48664844,0.0,0.0,0.0,0.0,0.0135294,54.1176,False,0,0.4306897453675087,0.17258927200970775,0.07558673263812563,0.4383135071737401,0.1653272343270847,0.035027816820780155,-0.9972554366348234,-0.025478993897730777,-0.046240898023840724,0.05190541540027771,-0.05021399,0.25728825,0.20314422,0.5247657269340044,5.213699478190392e-05,0.00012776500079780817,0.0005683040071744472,0.00025114200252573937,0.0001857819879660383,0.00011573500523809344,0.0016589489969192073,0.01820463601325173,0.019863585010170937,50.34337958067291,0
31,0.6400944399938453,-0.026514832173482716,-0.9455213111690064,1.141639534627096,-1.7242962322630824,-1.348442856465475,0.11741966754198074,-0.23983201384544373,-1.3137818574905396,-0.7300847172737122,-0.5811670422554016,0.28046706318855286,0.029836993664503098,-0.23606620728969574,-1.8013322353363037,-1.287668228149414,-0.9211143255233765,0.4677630066871643,0.04152899235486984,0.6031460492101661,1.3499307679420096,3.128487798177688,0.10818277365097358,-0.0886473373212255,0.04603977302280629,-0.043954723,-0.9110382,1.1605879,-1.7483344,-1.3361123,0.11862579,-0.043954723,-0.9110382,1.1605879,-1.7483344,-1.3361123,0.11862579,-0.02651483193039894,-0.9455212950706482,1.1416395902633667,-1.72429621219635,-1.3484429121017456,0.11741966754198074,-0.43599734,0.86207664,0.4737069,-0.6009548,0.3082664,0.030153016,-0.47592622,0.0,0.0,0.0,0.0,0.0135294,54.1176,False,0,0.4309245857601714,0.1719335644408418,0.07321377038112917,0.4383889047097192,0.16522246132626112,0.03500940168147468,-0.9973308103780905,-0.02417335234639204,-0.04469455642811106,0.052433686179934824,-0.05021399,0.25728825,0.20314422,0.5248601857079912,3.634199674706906e-05,0.00011401899973861873,0.0004943280073348433,0.0006854730017948896,0.00017430901061743498,0.00015282598906196654,0.001958707012818195,0.017831046992796473,0.019789754005614668,50.53119911022058,0
32,0.6601313290011603,-0.02899057069887334,-0.9407427471927186,1.1440704504596155,-1.7277966938414515,-1.3465927282916468,0.11755134165287018,-0.20088016986846924,-1.2793666124343872,-0.7005472183227539,-0.5899896621704102,0.2348828762769699,0.06332380324602127,-0.2430698722600937,-1.8075053691864014,-1.2872939109802246,-0.918903648853302,0.4684235751628876,0.05770061910152435,-0.07268401836426691,0.48503990818051,0.9974351062314235,0.025077597501006924,-0.04282107127650337,0.05965262957559357,-0.045601327,-0.9064575,1.1634341,-1.7516001,-1.3340715,0.11893849,-0.045601327,-0.9064575,1.1634341,-1.7516001,-1.3340715,0.11893849,-0.028990570455789566,-0.9407427310943604,1.1440705060958862,-1.7277966737747192,-1.3465927839279175,0.11755134165287018,-0.41526893,0.8571316,0.484091,-0.5950854,0.3130315,0.034678817,-0.4662609,0.0,0.0,0.0,0.0,0.0135294,54.1176,False,0,0.4311310749349802,0.1713005457452092,0.07084844330489853,0.43848006898293035,0.16555102026385177,0.03451398238966494,-0.9974134751715955,-0.024352034760004013,-0.0424307505945566,0.052659118893696455,-0.05021399,0.25728825,0.20314422,0.5250464349874153,3.8340993341989815e-05,0.0001193069911096245,0.0005037580122007057,0.00029098300728946924,0.00018506500055082142,0.00011463199916761369,0.0015753850020701066,0.018287445011083037,0.019862830013153143,50.34529316002811,0
33,0.6801336200005608,-0.031447712575094044,-0.9358756107142945,1.1467497984515589,-1.7309328518309535,-1.3448694388019007,0.11772274971008301,-0.26171836256980896,-1.42034912109375,-0.7821782231330872,-0.7069253325462341,0.2898244261741638,0.06239095702767372,-0.24163717031478882,-1.8140941858291626,-1.286987543106079,-0.9172481894493103,0.46948033571243286,0.07124331593513489,0.9904525563046518,0.5208340038840285,-0.31487867135358966,0.042676181137033975,-0.09438119918637417,0.09715127632797198,-0.04561529,-0.9018973,1.1667639,-1.7545817,-1.3309844,0.11949482,-0.04561529,-0.9018973,1.1667639,-1.7545817,-1.3309844,0.11949482,-0.03144771233201027,-0.9358755946159363,1.1467498540878296,-1.7309328317642212,-1.3448694944381714,0.11772274971008301,-0.35418946,0.8494576,0.50034994,-0.59122115,0.34712794,0.044301692,-0.44328138,0.0,0.0,0.0,0.0,0.0135294,54.1176,False,0,0.43115573783781536,0.17065167176073903,0.06834394344534575,0.4385855925827826,0.16709967891053198,0.034967411555157944,-0.997491113791452,-0.026104399451592472,-0.04364038667449134,0.04924982318669552,-0.05021399,0.25728825,0.20314422,0.524730834280082,3.7734993384219706e-05,0.00011284300126135349,0.00048520800191909075,0.00028338900301605463,0.00020643699099309742,0.00016756000695750117,0.0016034669970395043,0.018232273010653444,0.019835740007692948,50.41405057800553,0
34,0.7001352520019282,-0.03384715715517217,-0.9310172957232972,1.1493647734271448,-1.734223028222555,-1.3431609312640589,0.11788176000118256,-0.24750158190727234,-1.4231878519058228,-0.7704927921295166,-0.6917530298233032,0.266610711812973,0.09349822252988815,-0.220847025513649,-1.8195329904556274,-1.2823971509933472,-0.9116603136062622,0.4792957007884979,0.08387073129415512,0.6073047652029203,0.21809340576327896,-0.2737940818935886,0.030711429756493994,-0.08417069788928705,0.12212615295068222,-0.048336122,-0.89753246,1.1695431,-1.7576588,-1.3299092,0.11978328,-0.048336122,-0.89753246,1.1695431,-1.7576588,-1.3299092,0.11978328,-0.033847156912088394,-0.931017279624939,1.1493648290634155,-1.7342230081558228,-1.3431609869003296,0.11788176000118256,-0.36222413,0.83712006,0.50445765,-0.5858948,0.33129412,0.04753797,-0.4212284,0.0,0.0,0.0,0.0,0.0135294,54.1176,False,0,0.43120913814126016,0.1700236860895817,0.06587463695169313,0.4385867996603438,0.16695155591903207,0.03501525487471474,-0.9974296541134271,-0.025284261526141952,-0.04505132451912301,0.04965022463780422,-0.05021399,0.25728825,0.20314422,0.5247421066013676,3.7272999179549515e-05,0.00012514900299720466,0.0005038679955760017,0.00028890899557154626,0.00018471700605005026,0.00011689099483191967,0.0015730750019429252,0.01825863600242883,0.019831711004371755,50.424292678506525,0
35,0.720127255000989,-0.036130730305806935,-0.9262241286090394,1.1520188490497034,-1.7376934490599574,-1.3413894812213343,0.1180579662322998,-0.2036866843700409,-1.3525723218917847,-0.755547046661377,-0.6584151983261108,0.2919241189956665,0.08477306365966797,-0.1568729430437088,-1.8215349912643433,-1.2672368288040161,-0.8956485390663147,0.506421685218811,0.1032491996884346,0.18022271543074891,0.6359335752811112,-0.04564439765081997,0.022805743539875502,-0.054805607329441994,0.13994226345577374,-0.050529383,-0.8933218,1.1722645,-1.7608563,-1.3283972,0.12009178,-0.050529383,-0.8933218,1.1722645,-1.7608563,-1.3283972,0.12009178,-0.03613073006272316,-0.9262241125106812,1.1520189046859741,-1.737693428993225,-1.341389536857605,0.1180579662322998,-0.35996637,0.8225582,0.5061376,-0.57907087,0.3248098,0.05084537,-0.39424384,0.0,0.0,0.0,0.0,0.0135294,54.1176,False,0,0.43126473984243197,0.16945997485115352,0.06344108433990683,0.43868844108143723,0.1667331017595008,0.03521098358323897,-0.9975472259697533,-0.024611829120391775,-0.04261562665552354,0.049776170909853534,-0.05021399,0.25728825,0.20314422,0.5248117692444854,3.690800804179162e-05,0.00011941800767090172,0.0005075200024293736,0.0002979929995490238,0.0001814800052670762,0.00011920899851247668,0.0015859109989833087,0.018233462003991008,0.019819373002974316,50.45568292447641,0
36,0.7401322309888201,-0.03828174272646123,-0.9215669196895142,1.1547887961017054,-1.740885396996969,-1.3395870367633265,0.11826513707637787,-0.202105313539505,-1.3597172498703003,-0.7897880673408508,-0.7010169625282288,0.2950723469257355,0.14132393896579742,-0.20470651984214783,-1.8283978700637817,-1.2698285579681396,-0.89622962474823,0.4944719970226288,0.11451241374015808,0.9975418424640514,0.8529581612522205,0.046968865148569655,0.02723529556666525,-0.09603379109965325,0.17879763332463328,-0.052324403,-0.8893338,1.1750548,-1.7637166,-1.3267317,0.120424636,-0.052324403,-0.8893338,1.1750548,-1.7637166,-1.3267317,0.120424636,-0.03828174248337746,-0.921566903591156,1.154788851737976,-1.7408853769302368,-1.3395870923995972,0.11826513707637787,-0.35106653,0.8058278,0.50664926,-0.57077885,0.3213855,0.05398748,-0.36385056,0.0,0.0,0.0,0.0,0.0135294,54.1176,False,0,0.43119656063448175,0.1689649301539135,0.061017845497501666,0.43870991467294707,0.16674667693044953,0.035235374644903034,-0.9975489579962237,-0.02569528626151435,-0.041632960966304394,0.05002470683939764,-0.05021399,0.25728825,0.20314422,0.5248216274286477,3.74670053133741e-05,0.00011703200289048254,0.0004990500019630417,0.00027989299269393086,0.0005112829967401922,0.0003003879974130541,0.0020549420005409047,0.017774442996596918,0.019829384997137822,50.430207499846325,0
37,0.7601234799949452,-0.04053670564760381,-0.9165298503688355,1.1578033606158655,-1.7446238003172816,-1.3375914732562464,0.11856792122125626,-0.24649983644485474,-1.336363673210144,-0.779840350151062,-0.6532657146453857,0.2551553249359131,0.1334294080734253,-0.22396501898765564,-1.8391764163970947,-1.2752972841262817,-0.9018033146858215,0.4827362298965454,0.11525778472423553,0.505315654062528,0.7407684051189876,0.13635641699631743,0.009726421031893546,-0.07254266625810096,0.18520458994469358,-0.054315377,-0.8851466,1.1782233,-1.7668828,-1.32508,0.12082215,-0.054315377,-0.8851466,1.1782233,-1.7668828,-1.32508,0.12082215,-0.040536705404520035,-0.9165298342704773,1.1578034162521362,-1.7446237802505493,-1.337591528892517,0.11856792122125626,-0.34446678,0.784581,0.5104959,-0.5564747,0.31278676,0.056355726,-0.32952017,0.0,0.0,0.0,0.0,0.0135294,54.1176,False,0,0.4311564579971191,0.16847012941816372,0.058418017132906314,0.4386294613442794,0.16670386469363108,0.03507010995982437,-0.9974490330370902,-0.02552468708772184,-0.04316013185646655,0.05080425519187948,-0.05021399,0.25728825,0.20314422,0.5248069707082019,7.478099723812193e-05,0.00011680400348268449,0.0004919899947708473,0.00028724900039378554,0.00018110399832949042,0.00011306999658700079,0.0015768110024509951,0.018224819999886677,0.019801631002337672,50.50089055199269,0
38,0.7801313499949174,-0.04228812852968389,-0.9123916190913697,1.1602910200702112,-1.747544904748434,-1.3359125296222132,0.11878872662782669,-0.2802436351776123,-1.434023380279541,-0.74199378490448,-0.626254677772522,0.25799986720085144,0.132928267121315,-0.2291448414325714,-1.850827932357788,-1.277122974395752,-0.9002070426940918,0.4833424389362335,0.11476091295480728,0.6295810521572656,0.07233549911384025,-0.1257386948832387,-0.006497970307347969,-0.0761533167873544,0.17574143722509675,-0.055827435,-0.881994,1.1806421,-1.769288,-1.3236573,0.12110047,-0.055827435,-0.881994,1.1806421,-1.769288,-1.3236573,0.12110047,-0.04228812828660011,-0.9123916029930115,1.160291075706482,-1.7475448846817017,-1.3359125852584839,0.11878872662782669,-0.3384827,0.75993997,0.50877535,-0.5435769,0.3063837,0.05779369,-0.2899691,0.0,0.0,0.0,0.0,0.0135294,54.1176,False,0,0.4310553770671969,0.16811912099062487,0.05627371568271905,0.43863476935007883,0.16672331971956972,0.03519977328865084,-0.9974566703563339,-0.024568176143692475,-0.042733117276543414,0.05148299843879539,-0.05021399,0.25728825,0.20314422,0.5247670459832992,0.00012559900642372668,0.00011582599836401641,0.0004804310010513291,0.000297147998935543,0.00017552000645082444,0.00011276100121904165,0.0016305809986079112,0.018208157998742536,0.019838738997350447,50.40642956861091,0
39,0.8001422160014044,-0.0442431608783167,-0.9078135651401062,1.16313344637026,-1.75067200283193,-1.3341925779925745,0.1190677285194397,-0.29262179136276245,-1.4570178985595703,-0.7682310342788696,-0.6059189438819885,0.2677203118801117,0.13063451647758484,-0.23512209951877594,-1.8495397567749023,-1.2696287631988525,-0.8951417207717896,0.4826189875602722,0.11467396467924118,0.9632578382521643,0.5111720892954758,-0.3043807433405121,0.002645931568568363,-0.09706251439457628,0.18060768999703777,-0.057600603,-0.8785907,1.1832402,-1.7718182,-1.3222581,0.12140232,-0.057600603,-0.8785907,1.1832402,-1.7718182,-1.3222581,0.12140232,-0.044243160635232925,-0.907813549041748,1.1631335020065308,-1.7506719827651978,-1.3341926336288452,0.1190677285194397,-0.3339361,0.7305712,0.5026672,-0.52865314,0.29836252,0.058364812,-0.24603194,0.0,0.0,0.0,0.0,0.0135294,54.1176,False,0,0.43087999028697094,0.16769534573634837,0.05386550631988449,0.438595102362861,0.16661204693238757,0.03499103386808014,-0.9973924210827808,-0.025447738967611204,-0.043341265510386875,0.05179127583700455,-0.05021399,0.25728825,0.20314422,0.5248161543247952,3.61440033884719e-05,0.0001144800044130534,0.000560668995603919,0.0002896049991250038,0.00017618699348531663,0.00011531499330885708,0.0016037399909691885,0.018250029010232538,0.019853769001201726,50.368270122386896,0
40,0.8201272399892332,-0.04620343843568975,-0.9033770722201844,1.166018311177389,-1.7537132702269496,-1.3323968092547815,0.11937910318374634,-0.23418080806732178,-1.478916883468628,-0.7815462946891785,-0.6021333932876587,0.29755228757858276,0.1300782561302185,-0.225693017244339,-1.8774518966674805,-1.279366135597229,-0.8946812152862549,0.48823511600494385,0.1133023053407669,1.0474676240927103,0.4284801413715789,-0.29345440441803144,-0.008165716405848587,-0.10776771082246173,0.18188555029171022,-0.059267163,-0.8757256,1.1856879,-1.7741761,-1.320702,0.121713676,-0.059267163,-0.8757256,1.1856879,-1.7741761,-1.320702,0.121713676,-0.04620343819260597,-0.9033770561218262,1.1660183668136597,-1.7537132501602173,-1.3323968648910522,0.11937910318374634,-0.32659316,0.69128615,0.49173895,-0.511571,0.29237264,0.05836423,-0.1883193,0.0,0.0,0.0,0.0,0.0135294,54.1176,False,0,0.43067334519020506,0.1672894492894759,0.05150804548536192,0.43860532126232815,0.16655806825395134,0.03504457580251605,-0.9973651962709423,-0.025805501758627176,-0.04378543361824728,0.05176406276355,-0.05021399,0.25728825,0.20314422,0.5248178489494998,9.122300252784044e-05,0.00011455400090198964,0.0004874119913438335,0.000282426000921987,0.00017903999832924455,0.00011596801050473005,0.0015792680060258135,0.01823490198876243,0.019814169994788244,50.46893209571896,0
41,0.8401606099942001,-0.048113648091451466,-0.899137095814087,1.168755833302633,-1.7568298778929652,-1.330688778554098,0.11968660354614258,-0.20187807083129883,-1.4402116537094116,-0.7775912284851074,-0.5761644840240479,0.32923516631126404,0.1438722163438797,-0.22768786549568176,-1.8874872922897339,-1.2813351154327393,-0.8926491141319275,0.4893695116043091,0.11262022703886032,0.24953302676851652,0.27211058879530436,-0.23374964825707173,-0.007229127243974743,-0.09032396296495443,0.1768145031924352,-0.06097408,-0.873493,1.1878841,-1.7762749,-1.3192908,0.12191564,-0.06097408,-0.873493,1.1878841,-1.7762749,-1.3192908,0.12191564,-0.04811364784836769,-0.8991370797157288,1.1687558889389038,-1.756829857826233,-1.3306888341903687,0.11968660354614258,-0.32151082,0.6411022,0.47820407,-0.4861277,0.28495303,0.055725943,-0.1247123,0.0,0.0,0.0,0.0,0.0135294,54.1176,False,0,0.4305239871550435,0.16688298633169885,0.04927751710970946,0.4386563434073753,0.1664783365054504,0.03511648374915926,-0.9974226838786151,-0.024882554036879015,-0.04305671058773679,0.051720723147784364,-0.05021399,0.25728825,0.20314422,0.5248561352193777,3.624499368015677e-05,0.00011238000297453254,0.0004813720006495714,0.00033064499439205974,0.0005005690036341548,0.00013243200373835862,0.0018984920025104657,0.017973214999074116,0.019871707001584582,50.322803165337504,0
42,0.8600992860010592,-0.05014926591982061,-0.894540087585785,1.1718218962298792,-1.7601148090758265,-1.3288405577289026,0.12004946172237396,-0.2794211804866791,-1.4815969467163086,-0.76960688829422,-0.6111422777175903,0.3084070086479187,0.1427088975906372,-0.2257986217737198,-1.905584692955017,-1.2863236665725708,-0.8915119767189026,0.4931873679161072,0.11184815317392349,0.7818198175764113,0.44957667234468357,-0.19491890510145182,-0.006406335446455781,-0.10410679453193072,0.18374754631935478,-0.062389646,-0.87149215,1.1903515,-1.7781943,-1.3176186,0.122142255,-0.062389646,-0.87149215,1.1903515,-1.7781943,-1.3176186,0.122142255,-0.05014926567673683,-0.8945400714874268,1.17182195186615,-1.7601147890090942,-1.3288406133651733,0.12004946172237396,-0.3060095,0.57619846,0.46323937,-0.45198682,0.28055137,0.052319754,-0.049899284,0.0,0.0,0.0,0.0,0.0135294,54.1176,False,0,0.43029039540819775,0.16646115973698905,0.046830485644000996,0.4385930332230168,0.16653324640137773,0.035022124240134,-0.9973665424468177,-0.0256712488311275,-0.042863397536828586,0.05257152704979756,-0.05021399,0.25728825,0.20314422,0.5248178874305276,3.911899693775922e-05,0.00011966600141022354,0.000505331001477316,0.00029778499447274953,0.00018133700359612703,0.00011353600712027401,0.0016220099932979792,0.01815003300725948,0.01977204300055746,50.57646293667304,0
43,0.8801446079887683,-0.051789108906881154,-0.8910510700992127,1.1743252913104456,-1.762587686578268,-1.327346150075094,0.12033699452877045,-0.20671184360980988,-1.4732517004013062,-0.7747268676757812,-0.6931852102279663,0.2980017066001892,0.15215076506137848,-0.22738637030124664,-1.9293798208236694,-1.295936942100525,-0.8933241963386536,0.49642080068588257,0.11093039810657501,0.9770966944534377,0.29653900495140395,-0.31384655576088005,-0.01573113768897251,-0.1198777515321939,0.1861428242295492,-0.063640185,-0.871124,1.1920652,-1.7790002,-1.3163767,0.122149214,-0.063640185,-0.871124,1.1920652,-1.7790002,-1.3163767,0.122149214,-0.05178910866379738,-0.8910510540008545,1.1743253469467163,-1.7625876665115356,-1.3273462057113647,0.12033699452877045,-0.29627696,0.4981763,0.44349736,-0.41031158,0.27423826,0.04530541,0.026701627,0.003560216973225275,0.0005340325459837913,8.900542433063188e-05,0.0,0.0135294,54.1176,False,0,0.4300630849869645,0.16612570368294644,0.044933106225471,0.4385465992403104,0.1665383920719236,0.03514307572402611,-0.9973857694563826,-0.024330866767956438,-0.04261565468173605,0.05304318202502423,-0.05021399,0.25728825,0.20314422,0.5247350131638688,3.591499989852309e-05,0.00011821101361420006,0.00048631000390741974,0.00028271100018173456,0.00018327399448025972,0.0001223419967573136,0.001548122992971912,0.01833580099628307,0.01988392398925498,50.29188406374855,0
44,0.9001277579955058,-0.05355245271791631,-0.8874336642077942,1.1769679228412073,-1.765404840508932,-1.3257420698748987,0.12063265591859818,-0.20098237693309784,-1.4981708526611328,-0.7795736193656921,-0.669146716594696,0.3256674110889435,0.1558736264705658,-0.21898794174194336,-1.9448622465133667,-1.2963682413101196,-0.8897521495819092,0.5021573305130005,0.10969235002994537,0.7384000704441176,0.40761837324844485,-0.408445700445628,-0.014294688694643677,-0.11420356364439883,0.18465607433847214,-0.064693175,-0.8714592,1.1934695,-1.7798517,-1.3148991,0.12205987,-0.064693175,-0.8714592,1.1934695,-1.7798517,-1.3148991,0.12205987,-0.053552452474832535,-0.887433648109436,1.176967978477478,-1.7654048204421997,-1.3257421255111694,0.12063265591859818,-0.27851808,0.39936146,0.4125396,-0.36117223,0.2710748,0.035680346,0.11000417,0.021194287348124716,0.002734115980565548,0.0005298571837031179,0.00017801084322854877,0.0135294,54.1176,False,0,0.42987500047980204,0.16576249180210395,0.04297580746741486,0.4385420797254018,0.16650495219911235,0.03502881224095136,-0.9973257419936217,-0.026208147692455434,-0.04348753582973525,0.05256743084755677,-0.05021399,0.25728825,0.20314422,0.5247731818919187,3.732599725481123e-05,0.00011631300731096417,0.0004964389954693615,0.0002815979969454929,0.0001808340020943433,0.00011411600280553102,0.0015442689909832552,0.018272005007020198,0.019816273998003453,50.46357353056144,0
45,0.9200951239909045,-0.05530387559999639,-0.8840175432017823,1.1795952955829065,-1.7681309185423792,-1.3241537253009241,0.1209392175078392,-0.22348473966121674,-1.5212241411209106,-0.7877103686332703,-0.6202773451805115,0.30097395181655884,0.1577734351158142,-0.21073020994663239,-1.992000937461853,-1.3152778148651123,-0.8909325003623962,0.5095602869987488,0.10765259712934494,0.5313919792739261,0.15057808540998016,-0.2566295434361224,-0.026267325955691787,-0.1070089697292,0.18518273268504562,-0.06520303,-0.87459916,1.1935189,-1.7798196,-1.3133794,0.12160474,-0.06520303,-0.87459916,1.1935189,-1.7798196,-1.3133794,0.12160474,-0.05530387535691261,-0.8840175271034241,1.1795953512191772,-1.768130898475647,-1.3241537809371948,0.1209392175078392,-0.24747889,0.23545973,0.34808743,-0.29221722,0.26935938,0.016637992,0.21919315,0.06511509874490676,0.007117978893220425,0.0016278774686226691,0.001059714355506003,0.0135294,54.1176,False,0,0.4296799626770606,0.16540208721472743,0.04110377425336659,0.4385282231724168,0.16635574195403405,0.03505936217995438,-0.9973017832106854,-0.026043198238582095,-0.043900382118119995,0.0527610288840924,-0.05021399,0.25728825,0.20314422,0.5247763243874716,3.730799653567374e-05,0.00011601499863900244,0.0004883350047748536,0.00026523100677877665,0.00019277700630482286,0.00013831800606567413,0.0015609109977958724,0.018232431000797078,0.01979334199859295,50.52203918222032,0
46,0.9400858059962047,-0.05700713792909795,-0.8810464304736634,1.1820834318744105,-1.7705775700011195,-1.3225858847247522,0.12117645144462585,-0.18316294252872467,-1.5589641332626343,-0.824089527130127,-0.6592800617218018,0.3285921514034271,0.1615474671125412,-0.20033593475818634,-2.037039279937744,-1.3361419439315796,-0.8962709903717041,0.5186282396316528,0.10531183332204819,0.32679641287088973,0.2672315007818642,1.1034948196973506,-0.052919058936945415,-0.02335627989350004,0.18876949231783943,-0.06328591,-0.8831937,1.1906984,-1.7773231,-1.3111839,0.12026506,-0.06328591,-0.8831937,1.1906984,-1.7773231,-1.3111839,0.12026506,-0.057007137686014175,-0.8810464143753052,1.1820834875106812,-1.7705775499343872,-1.322585940361023,0.12117645144462585,-0.15696926,-0.053682007,0.21537352,-0.16863973,0.28505027,-0.022784894,0.35135794,0.14856349982344258,0.014145137630403043,0.003714087495586065,0.003255754942074418,0.0135294,54.1176,False,0,0.42949308143068743,0.16505777381526449,0.0394400251913162,0.43858253863423263,0.1663551027801318,0.03501822853375679,-0.997339014950519,-0.026816147966645956,-0.043209645237834854,0.05223703411496128,-0.05021399,0.25728825,0.20314422,0.5248401965625452,4.298500425647944e-05,0.00011398100468795747,0.0004916499892715365,0.00032336900767404586,0.0002700500044738874,0.0003452960081631318,0.001951058002305217,0.017861892003566027,0.019812950005871244,50.47203973682195,0
47,0.9600748869997915,-0.05861789384950811,-0.8788505357554932,1.184112850819723,-1.772867818871969,-1.320782486592428,0.12149365246295929,-0.1985400915145874,-1.42155921459198,-0.6423664093017578,-0.5596252679824829,0.12620800733566284,0.10585973411798477,-0.18029475212097168,-2.1340622901916504,-1.3908226490020752,-0.9185934662818909,0.5376923084259033,0.09407015144824982,1.755197123838466,-1.0146592759816786,6.53359302276926,-0.23365712426025206,-0.3085707428519424,0.2172320113712955,-0.057097778,-0.89721125,1.1842717,-1.7703301,-1.308679,0.11818042,-0.057097778,-0.89721125,1.1842717,-1.7703301,-1.308679,0.11818042,-0.05861789360642433,-0.878850519657135,1.1841129064559937,-1.7728677988052368,-1.3207825422286987,0.12149365246295929,0.03800294,-0.4590188,0.003969894,0.063443065,0.30258775,-0.08283088,0.4665124,0.28030548896659696,0.02347538586705923,0.007007637224164925,0.007428174838423729,0.0135294,54.1176,False,0,0.4294776454167654,0.1647974143942941,0.03822896560702893,0.438436375969736,0.16636452789708234,0.034755925662535755,-0.9972459185456684,-0.028022447522789148,-0.0440913583061352,0.05264228919875813,-0.05021399,0.25728825,0.20314422,0.5247865473962667,3.6600991734303534e-05,0.00012115600111428648,0.0005500579864019528,0.0002929799957200885,0.00018323000404052436,0.00011752900900319219,0.001626947007025592,0.018188153000664897,0.01981510000769049,50.46656335884691,0
48,0.9800756859913236,-0.06003314653505498,-0.8774737876704712,1.1859410444842737,-1.7748872242369593,-1.3195541540728968,0.1215343251824379,-0.10476469248533249,-1.3863863945007324,-0.6478880643844604,-0.4323312044143677,0.32273492217063904,0.09012942016124725,-0.09772443771362305,-2.3364570140838623,-1.5078842639923096,-0.9631104469299316,0.5894792675971985,0.0044836425222456455,0.9920586328713874,2.302819122763489,8.426581487720867,0.011037029547419981,-0.29752247242775376,0.24405776806076032,-0.049091764,-0.90723836,1.178848,-1.7615217,-1.3094466,0.117303416,-0.049091764,-0.90723836,1.178848,-1.7615217,-1.3094466,0.117303416,-0.06003314629197121,-0.877473771572113,1.1859411001205444,-1.774887204170227,-1.3195542097091675,0.1215343251824379,0.27353454,-0.744115,-0.17732556,0.33413774,0.2526903,-0.10577274,0.41421887,0.4002545741388308,0.0317597633227706,0.01000636435347077,0.014015274122357368,0.0135294,54.1176,False,0,0.4295051863442582,0.16448447455105047,0.03736554848121121,0.43810121508973016,0.16636255270084405,0.03408336107282656,-0.9972120342236905,-0.02839066554443287,-0.04360779144334358,0.053483316652455926,-0.05021399,0.25728825,0.20314422,0.5246911427032779,3.5639997804537416e-05,0.00011833099415525794,0.0005249600071692839,0.0003099799941992387,0.00017888199363369495,0.00016450199473183602,0.0016724779998185113,0.018156409001676366,0.019828887001494877,50.431474037075866,0
49,1.000089578999905,-0.061034504567281544,-0.877216712837555,1.1873591581927698,-1.7760850391783656,-1.317639176045553,0.1214914321899414,0.04391246661543846,-1.9918304681777954,-0.7339368462562561,-0.45667508244514465,0.2161960005760193,-0.06403473019599915,0.07389731705188751,-3.417712688446045,-1.6608814001083374,-1.0024470090866089,0.6773543953895569,-0.1575332134962082,2.0695251395464744,0.18799329826361566,8.819582582935741,-0.21337777200415095,-0.38675878005112485,0.1757789169018235,-0.04752859,-0.90972173,1.1818913,-1.7583065,-1.3133913,0.118748225,-0.04752859,-0.90972173,1.1818913,-1.7583065,-1.3133913,0.118748225,-0.06103450432419777,-0.8772166967391968,1.1873592138290405,-1.7760850191116333,-1.3176392316818237,0.1214914321899414,0.33764783,-0.81262565,-0.13669614,0.44446248,0.10619865,-0.06858026,0.11132993,0.5002121451156923,0.03398636188358069,0.01250530362789231,0.02001272886991501,0.0135294,54.1176,False,0,0.429534456771537,0.16450315829985634,0.03707042061959817,0.43819482400437254,0.16685457251053426,0.03366855072500334,-0.9972294916919555,-0.029100692001408607,-0.04167117498046752,0.05431411333071395,-0.05021399,0.25728825,0.20314422,0.5248270394720731,3.4248994779773057e-05,0.00011907100270036608,0.0006134359864518046,0.00028993599698878825,0.0001872610009741038,0.00011303799692541361,0.0017085940053220838,0.018135912003344856,0.01984450600866694,50.39178095757372,0
50,1.0201281269983156,-0.0612719694720667,-0.8788162630847474,1.187979523335592,-1.7762142620482386,-1.3164170424090784,0.12121216952800751,0.42955347895622253,-2.1629741191864014,-0.8806728720664978,-0.17803040146827698,0.47248658537864685,-0.10336150228977203,0.5972967743873596,-3.4594531059265137,-1.768880844116211,-0.6944828629493713,0.7081530094146729,-0.21316339075565338,0.4331226982237926,3.9933384394206595,4.809852402613668,0.24915010460961126,-0.3564297299690541,0.2116133719902924,-0.048146624,-0.9114151,1.1874123,-1.7580744,-1.3179181,0.11912724,-0.048146624,-0.9114151,1.1874123,-1.7580744,-1.3179181,0.11912724,-0.061271969228982925,-0.8788162469863892,1.1879795789718628,-1.7762142419815063,-1.3164170980453491,0.12121216952800751,0.32813364,-0.8149708,-0.014183768,0.4534958,-0.03752492,-0.052123386,-0.25391796,0.5835101209297436,0.02890800263732672,0.014587753023243593,0.0250106081366539,0.0135294,54.1176,False,0,0.4296246203892183,0.1646790927930636,0.03765730188247751,0.4382444698852013,0.1669723682283812,0.033608142753074575,-0.9972733675488434,-0.02880459639490046,-0.04098310700390977,0.05418953897894835,-0.05021399,0.25728825,0.20314422,0.5248724666869892,3.522500628605485e-05,0.00011533999349921942,0.0006802220013923943,0.00029492899193428457,0.00017768600082490593,0.00010987000132445246,0.001804155996069312,0.018073087005177513,0.019877243001246825,50.308787790000544,0
51,1.0400930249888916,-0.06050140062441045,-0.8816452783397217,1.1878717581378382,-1.7748648128905238,-1.3151567617999476,0.12081720679998398,0.5812448263168335,-2.172339916229248,-1.215118646621704,-0.23064087331295013,0.3769381642341614,-0.1270604282617569,0.5326038599014282,-3.096992015838623,-1.9367567300796509,-0.5823474526405334,0.5958916544914246,-0.19501185417175293,-0.3384187201894026,2.513491887724009,1.053907353351092,0.1370874249469334,-0.13528237523619804,0.10271047119006872,-0.047721468,-0.91340405,1.1912872,-1.7575489,-1.3206509,0.11859112,-0.047721468,-0.91340405,1.1912872,-1.7575489,-1.3206509,0.11859112,-0.060501400381326675,-0.8816452622413635,1.1878718137741089,-1.7748647928237915,-1.3151568174362183,0.12081720679998398,0.31949833,-0.7939695,0.08538353,0.43289545,-0.13735276,-0.055652127,-0.5160642,0.6101698881399845,0.01858671810477972,0.015254247203499615,0.02917550690472126,0.0016666674999999999,6.66667,False,0,0.42955723213312375,0.1652962270461788,0.0388630697276465,0.43842700076401697,0.16717754109181718,0.033926830194619756,-0.9971631586875707,-0.028520440623320875,-0.044622771174904485,0.05348867584148864,-0.05021399,0.25728825,0.20314422,0.5249042598327878,3.457500133663416e-05,0.00011542699940036982,0.0005870610038982704,0.0006634699966525659,0.00019719901320058852,0.00013213499914854765,0.0021648489928338677,0.017630210000788793,0.01979505899362266,50.51765697299353,0
52,1.0601043669885257,-0.05904609361757451,-0.8853246134570618,1.1876919905291956,-1.7724625072874964,-1.3141773382769983,0.12038948386907578,0.3527778387069702,-2.129187822341919,-1.3701393604278564,-0.2748944163322449,0.2603691518306732,-0.1499153971672058,0.3590170741081238,-2.7330195903778076,-1.7299753427505493,-0.5052717924118042,0.46290209889411926,-0.17597132921218872,0.9056267449474901,0.4096491138814201,-0.22219981398011596,0.018080945558273956,-0.13864957681601175,0.06209471520475035,-0.045577064,-0.9168341,1.1918743,-1.7559574,-1.3207878,0.11797179,-0.045577064,-0.9168341,1.1918743,-1.7559574,-1.3207878,0.11797179,-0.05904609337449074,-0.8853245973587036,1.1876920461654663,-1.7724624872207642,-1.314177393913269,0.12038948386907578,0.33672568,-0.7877379,0.10455601,0.41262925,-0.16525966,-0.06044222,-0.5693407,0.5564742666989744,0.007199903987348081,0.01391185666747436,0.0305084940046072,0.0016666674999999999,6.66667,False,0,0.4292342575191791,0.16615112004060834,0.04036235855186268,0.4385737536828928,0.1675657332055598,0.0344070038645406,-0.9972559507234375,-0.027729936538310983,-0.04316473071031414,0.05337044400937535,-0.05021399,0.25728825,0.20314422,0.5248198126655486,3.7021993193775415e-05,0.00012061699817422777,0.0005914240027777851,0.00028558600752148777,0.00018544000340625644,0.00011510700278449804,0.0017798790067899972,0.018060402988339774,0.01984028199512977,50.40250941218838,0
53,1.0801272419921588,-0.05693227449526006,-0.889993743305542,1.1874921957599085,-1.7695852718748988,-1.3138521353351038,0.1199345588684082,0.1544620543718338,-2.0095763206481934,-1.3284575939178467,-0.31915417313575745,0.013212177902460098,-0.12441499531269073,0.23976558446884155,-2.4962379932403564,-1.6083120107650757,-0.4816157817840576,0.17153094708919525,-0.16938871145248413,1.048448159045818,-1.6757603996492634,-0.07900770074205338,-0.08584752507124528,-0.14433239528243277,0.0625099535338202,-0.041641746,-0.9224959,1.1888621,-1.7535269,-1.3188977,0.11761586,-0.041641746,-0.9224959,1.1888621,-1.7535269,-1.3188977,0.11761586,-0.056932274252176285,-0.8899937272071838,1.1874922513961792,-1.7695852518081665,-1.3138521909713745,0.1199345588684082,0.3822632,-0.8125546,0.034245092,0.40145794,-0.12613802,-0.05796741,-0.39305162,0.46372855558247866,0.0,0.011593213889561967,0.027823712676763535,0.0016666674999999999,6.66667,False,0,0.4287842773623004,0.16713836048987332,0.042211700657472734,0.43834360432302677,0.16817003683476692,0.03494507601366628,-0.9969918627094123,-0.02681523974791209,-0.04632930545562946,0.056051467178735215,-0.05021399,0.25728825,0.20314422,0.5243296007187233,3.666800330393016e-05,0.00012054100807290524,0.0006020250002620742,0.0002909559989348054,0.0001807810040190816,0.00011282101331744343,0.0018062449962599203,0.01798940700246021,0.019795651998720132,50.51614364935563,0
54,1.1001368449942674,-0.05533153215517217,-0.893994466667511,1.187540356312887,-1.7676269016661585,-1.3143380323993128,0.11963502317667007,0.23380430042743683,-1.9986331462860107,-0.9539378881454468,-0.2635042071342468,0.004646864719688892,-0.13415682315826416,0.2387428879737854,-2.4759750366210938,-1.1548007726669312,-0.5077425241470337,0.14518027007579803,-0.17159834504127502,0.3975733278521829,-0.1983527220109433,0.12840362389331117,-0.02583782084792842,-0.1217547858988472,0.06734919779866688,-0.038327724,-0.92695147,1.184428,-1.7522502,-1.3151633,0.11707065,-0.038327724,-0.92695147,1.184428,-1.7522502,-1.3151633,0.11707065,-0.055331531912088394,-0.8939944505691528,1.1875404119491577,-1.7676268815994263,-1.3143380880355835,0.11963502317667007,0.4250952,-0.8239257,-0.077810474,0.38441855,-0.020629473,-0.0641092,-0.0013572713,0.3864404629853989,0.0,0.009661011574634974,0.02318642847239971,0.0016666674999999999,6.66667,False,0,0.42846573926835957,0.1677156876366993,0.043722492966215415,0.4383008136385534,0.16781308443777002,0.03502781968701351,-0.9971028871681855,-0.02582511320663962,-0.045363764586818706,0.0553263271993063,-0.05021399,0.25728825,0.20314422,0.5243239856634843,3.7278005038388073e-05,0.00011556300160009414,0.000614701013546437,0.00026374800654593855,0.00018548700609244406,0.0001168080052593723,0.0017317349993390962,0.018116072998964228,0.019847807998303324,50.38339750593538,0
55,1.1201368129986804,-0.05355722108949834,-0.8986509007266541,1.1877759138690394,-1.7654110393919886,-1.3149450461017054,0.11930817365646362,0.37312862277030945,-2.0197556018829346,-0.8933109641075134,-0.30371832847595215,-0.0018123295158147812,-0.1335277110338211,0.295110821723938,-2.583725690841675,-1.2576229572296143,-0.5689421892166138,0.2131950706243515,-0.17624163627624512,1.1664211814507668,0.11533042130089197,-0.34987614223648655,-0.023448732920821662,-0.15462742375684163,0.04183334764312953,-0.037347548,-0.9307673,1.1815736,-1.7507279,-1.311206,0.116176076,-0.037347548,-0.9307673,1.1815736,-1.7507279,-1.311206,0.116176076,-0.053557220846414566,-0.8986508846282959,1.18777596950531,-1.7654110193252563,-1.314945101737976,0.11930817365646362,0.40524185,-0.80291057,-0.15505977,0.36707732,0.09347808,-0.07830237,0.22086279,0.35148209128012475,0.004417255818843842,0.008787052282003119,0.019322022795677185,0.0016666674999999999,6.66667,False,0,0.42806269224123933,0.16834181627594286,0.04543320031194159,0.43839431454856115,0.16787325660252744,0.0351492644545118,-0.9971559459021152,-0.025786796338185872,-0.044898688200553254,0.0547647925403168,-0.05021399,0.25728825,0.20314422,0.5243619176368206,3.6133002140559256e-05,0.00016406700888182968,0.0005530880007427186,0.0002954279916593805,0.000179261012817733,0.00011405600525904447,0.0017396829935023561,0.01808700400579255,0.019826686999294907,50.43706999740112,0
56,1.140134067987674,-0.05155927339662725,-0.903445379143097,1.1878798643695276,-1.763332029382223,-1.3156631628619593,0.11898486316204071,0.39395180344581604,-1.994475245475769,-0.9036862850189209,-0.3066675066947937,0.03721436858177185,-0.14452475309371948,0.3184361755847931,-2.6588757038116455,-1.3547364473342896,-0.6316389441490173,0.27377527952194214,-0.17909590899944305,0.936234292020024,0.4059875596503619,-0.040818650368653356,0.0067071460933855465,-0.13731089857705214,0.07954648539764528,-0.036797598,-0.93426347,1.1804372,-1.7494453,-1.3098032,0.11540493,-0.036797598,-0.93426347,1.1804372,-1.7494453,-1.3098032,0.11540493,-0.05155927315354347,-0.9034453630447388,1.1878799200057983,-1.7633320093154907,-1.31566321849823,0.11898486316204071,0.3690419,-0.7704525,-0.18606907,0.34716648,0.14649838,-0.08949815,0.2294204,0.3529395006864453,0.009005663692951204,0.008823487517161133,0.01757410541176796,0.0016666674999999999,6.66667,False,0,0.42769735811200793,0.16903318635059375,0.047237191264535905,0.43852116713669154,0.16803000843788132,0.03504003870017081,-0.9971105161212745,-0.02504961956775941,-0.045310173425046445,0.05558896446211653,-0.05021399,0.25728825,0.20314422,0.5244884198347076,8.957699174061418e-05,0.0001221169950440526,0.0005268129898468032,0.0004905050009256229,0.00045231799595057964,0.00015405600424855947,0.002227303004474379,0.017602468986297026,0.019829771990771405,50.429223314589336,0
57,1.1601303719944553,-0.04926807085146123,-0.9080858391574402,1.1876934210406702,-1.761263986627096,-1.3159826437579554,0.11864972114562988,0.2695296108722687,-1.9368896484375,-1.2921223640441895,-0.2676964998245239,0.003744412213563919,-0.15909862518310547,0.268325537443161,-2.659327983856201,-1.863003134727478,-0.6599107980728149,0.2884935736656189,-0.17900986969470978,0.7534970293406512,-0.017083728518841265,0.04491202472072364,-0.008485660344380235,-0.13337115925889895,0.06374224121654287,-0.0350429,-0.9381687,1.1803364,-1.7479589,-1.3101542,0.11492159,-0.0350429,-0.9381687,1.1803364,-1.7479589,-1.3101542,0.11492159,-0.04926807060837746,-0.908085823059082,1.187693476676941,-1.7612639665603638,-1.315982699394226,0.11864972114562988,0.35562924,-0.7520717,-0.18392788,0.33262795,0.14571142,-0.0932033,0.17244115,0.377146162487499,0.012454486787319185,0.009428654062187476,0.017646975815296173,0.0016666674999999999,6.66667,False,0,0.4273520594839063,0.1699371527930527,0.049077701553206954,0.4385579408348509,0.16817123266715658,0.035016261530875975,-0.9970864931075012,-0.025432278271392342,-0.045626552679664194,0.05558704699297706,-0.05021399,0.25728825,0.20314422,0.5245062943684716,3.862100129481405e-05,0.000168648999533616,0.0007321960001718253,0.00030128200887702405,0.00018902400915976614,0.00013791100354865193,0.0019788149947999045,0.01783393300138414,0.019812747996184044,50.472554346958894,0
58,1.1801404719881248,-0.04697591463197881,-0.9124697607806702,1.1872933546649378,-1.7590390644469203,-1.3158405462848108,0.1182854175567627,0.17192566394805908,-1.9973745346069336,-1.433760404586792,-0.30061274766921997,0.22011271119117737,-0.16466131806373596,0.21041835844516754,-2.6135404109954834,-1.8443324565887451,-0.6526778340339661,0.5327349305152893,-0.17685697972774506,1.6925042757553193,0.5589544709727796,-0.6467857756981905,0.05104871634848986,-0.14874326831359405,0.0844558351881799,-0.032560278,-0.94257677,1.1807278,-1.74555,-1.3114542,0.11463255,-0.032560278,-0.94257677,1.1807278,-1.74555,-1.3114542,0.11463255,-0.046975914388895035,-0.912469744682312,1.1872934103012085,-1.759039044380188,-1.3158406019210815,0.1182854175567627,0.36039093,-0.7526762,-0.16413869,0.33722624,0.10966116,-0.091321856,0.082918875,0.408374230644299,0.014112864285707474,0.010209355766107476,0.018857307732105255,0.0016666674999999999,6.66667,False,0,0.42700356943395834,0.17094692719024604,0.05088471879738482,0.43846350780407806,0.16823297632800988,0.03509484356825159,-0.9971075294455476,-0.025696153419113972,-0.0459205779772194,0.05484171952107214,-0.05021399,0.25728825,0.20314422,0.5243826187154903,3.665999975055456e-05,0.0001176999940071255,0.0009247840062016621,0.00028346000181045383,0.00021931399533059448,0.00012137700105085969,0.0020759400067618117,0.01777242099342402,0.019848361000185832,50.381993757098506,0
59,1.200085776988999,-0.044869248067037404,-0.9167444866946717,1.1865947882281702,-1.7569381199278773,-1.3154495398150843,0.1178077906370163,0.2178373783826828,-1.8693196773529053,-1.4795655012130737,-0.28362128138542175,0.2882221043109894,-0.18234163522720337,0.20287612080574036,-2.573777675628662,-1.8048416376113892,-0.6275368928909302,0.5028625726699829,-0.17503488063812256,1.9105969748449052,0.2553099356500184,-0.02509996521603325,0.0032004344795449943,-0.16942138348887498,0.06610041930513072,-0.029719677,-0.9472672,1.1810336,-1.7430468,-1.3128114,0.11431928,-0.029719677,-0.9472672,1.1810336,-1.7430468,-1.3128114,0.11431928,-0.04486924782395363,-0.9167444705963135,1.186594843864441,-1.756938099861145,-1.315449595451355,0.1178077906370163,0.3787393,-0.7630676,-0.13902946,0.34728307,0.06595439,-0.08721271,-0.008107827,0.4333165771689626,0.013950707744807006,0.010832914429224065,0.020418711006641388,0.0040196,16.0784,False,0,0.42678611147063683,0.17192946854475022,0.05274881084841182,0.4386128749788231,0.169450559261222,0.03548609351909368,-0.9969079349777764,-0.021829227995564127,-0.046729270807169654,0.05928232338020506,-0.05021399,0.25728825,0.20314422,0.52419119649377,4.577300569508225e-05,0.00011329699191264808,0.0005446259892778471,0.0002767100086202845,0.0001867669925559312,0.0001570690074004233,0.0017034639895427972,0.018080408000969328,0.019783871990512125,50.54622272523681,0
60,1.220093049996649,-0.04285794893373662,-0.920906202202179,1.1855343023883265,-1.7551280460753382,-1.3147838751422327,0.11734795570373535,0.2602476179599762,-1.9185903072357178,-1.4171242713928223,-0.20009782910346985,0.31058672070503235,-0.1812291443347931,0.22405870258808136,-2.5550408363342285,-1.767689824104309,-0.5973727107048035,0.48147040605545044,-0.17395175993442535,0.15694473347474727,0.8671933936300489,-0.13604860721217182,0.029632553471697666,-0.10517715420873365,0.06712899606906234,-0.027096795,-0.9515667,1.1805784,-1.7411791,-1.3137106,0.11391247,-0.027096795,-0.9515667,1.1805784,-1.7411791,-1.3137106,0.11391247,-0.04285794869065285,-0.9209061861038208,1.1855343580245972,-1.755128026008606,-1.3147839307785034,0.11734795570373535,0.39402887,-0.76651245,-0.1239008,0.34872246,0.026833883,-0.085887186,-0.0950664,0.44142634615522397,0.012049379777163268,0.0110356586538806,0.021665828302502632,0.0040196,16.0784,False,0,0.4267413795668202,0.1729274375051671,0.05469929992988934,0.43877369263280497,0.17155664738131643,0.03545794192110221,-0.9966059617284555,-0.023881264369423186,-0.04179045021561582,0.06678138999997102,-0.05021399,0.25728825,0.20314422,0.5240014776584238,3.622499934863299e-05,0.00013333700189832598,0.0006464720063377172,0.000289207004243508,0.00018197600729763508,0.00011399299546610564,0.0018332289910176769,0.017997168004512787,0.019830396995530464,50.4276339109796,0
61,1.2400884319940815,-0.04080373445619756,-0.9250170153430481,1.1845839659320276,-1.753167291680807,-1.313981835042135,0.1168055534362793,0.27635037899017334,-2.002638101577759,-1.4001145362854004,-0.23504863679409027,0.2795073091983795,-0.19082847237586975,0.25431933999061584,-2.55625581741333,-1.7481794357299805,-0.5781111717224121,0.47212424874305725,-0.17379319667816162,0.647037935406524,0.07187963575774825,0.09794453698649302,-0.011421747236261454,-0.11659424968386042,0.06695192195742335,-0.024495995,-0.95541304,1.1796819,-1.7399223,-1.3134886,0.113343336,-0.024495995,-0.95541304,1.1796819,-1.7399223,-1.3134886,0.113343336,-0.040803734213113785,-0.9250169992446899,1.1845840215682983,-1.7531672716140747,-1.3139818906784058,0.1168055534362793,0.4076935,-0.75990087,-0.12255401,0.3311238,0.012333526,-0.08655546,-0.134259,0.4302832869210324,0.009364199768751861,0.01075708217302581,0.022071316838264465,0.0040196,16.0784,False,0,0.42660741431251775,0.1739787586666194,0.056597559641546585,0.4390824740566566,0.1735611233827338,0.03547895471848906,-0.9961403094389358,-0.02016914561544207,-0.04640271433734015,0.07172548601274781,-0.05021399,0.25728825,0.20314422,0.5239588742828709,3.741899854503572e-05,0.000131712993606925,0.0006377159879775718,0.00027336401399224997,0.000511737001943402,0.00011116500536445528,0.002120994991855696,0.017706375001580454,0.01982736999343615,50.43533258980137,0
62,1.260087485992699,-0.0387042204486292,-0.9292824429324646,1.1837604681598108,-1.7513352833189906,-1.3134234587298792,0.11632156372070312,0.25256624817848206,-1.922904372215271,-1.419259786605835,-0.24364829063415527,0.2573111057281494,-0.18367116153240204,0.2666110098361969,-2.5589599609375,-1.7500563859939575,-0.5800691246986389,0.4704943895339966,-0.17369666695594788,1.0364217539755014,-0.15756024542501906,0.2835012025015332,-0.010336109036597204,-0.12080460495101752,0.0584366612988409,-0.022071,-0.9587409,1.178374,-1.739309,-1.3127006,0.11271621,-0.022071,-0.9587409,1.178374,-1.739309,-1.3127006,0.11271621,-0.038704220205545425,-0.9292824268341064,1.1837605237960815,-1.7513352632522583,-1.31342351436615,0.11632156372070312,0.41583052,-0.73646164,-0.13466126,0.30065727,0.018071694,-0.090133786,-0.14120896,0.40216954267840266,0.0065400205366313476,0.010054238566960067,0.02151416428387165,0.0040196,16.0784,False,0,0.4264591351343547,0.17499376643457457,0.05852059225697695,0.4393008090329684,0.1744511698233035,0.03524134168067017,-0.9960730482918028,-0.024243083543482574,-0.042793333492851436,0.073617243978371,-0.05021399,0.25728825,0.20314422,0.5240974109511927,3.565600491128862e-05,0.0001316819980274886,0.0006553270068252459,0.0002851589961210266,0.00018113899568561465,0.00011109099432360381,0.0018243510130560026,0.017991731991060078,0.01981608300411608,50.464059914983494,0
63,1.2800901500013424,-0.036560837422506154,-0.9336326283267518,1.1829622427569788,-1.7495089970030726,-1.313103500996725,0.11582350730895996,0.21464352309703827,-1.858302116394043,-1.3955283164978027,-0.23658005893230438,0.258167028427124,-0.18338514864444733,0.2730768918991089,-2.554527759552002,-1.7621359825134277,-0.59445720911026,0.4705694019794464,-0.1741548478603363,0.4002547553709571,-0.7872877116240495,-0.6114668270326935,-0.0016117098593096547,-0.07158919591433646,0.03528845945603358,-0.019455926,-0.9613059,1.1768641,-1.7396237,-1.3106936,0.11204248,-0.019455926,-0.9613059,1.1768641,-1.7396237,-1.3106936,0.11204248,-0.03656083717942238,-0.9336326122283936,1.1829622983932495,-1.7495089769363403,-1.3131035566329956,0.11582350730895996,0.42762277,-0.6918322,-0.15245391,0.24713372,0.060248118,-0.09452571,-0.12579308,0.36196901120924857,0.0040241588465869445,0.009049225280231214,0.020108476281166077,0.0040196,16.0784,False,0,0.4262906606840951,0.1759732609131527,0.060458685973767384,0.43988864246567694,0.17662310089430458,0.03539882240633801,-0.9957472152734401,-0.02304776272564155,-0.045203462754069806,0.0768957950991564,-0.05021399,0.25728825,0.20314422,0.5242575458175457,3.6510988138616085e-05,0.00013123199460096657,0.0005638599977828562,0.0002959889970952645,0.0001672850048635155,0.0001182770065497607,0.0017332849965896457,0.018094263010425493,0.01982754800701514,50.43487977667195,0
64,1.3001033319887938,-0.03434163728822881,-0.9378382128528138,1.1822155157672327,-1.7476698360838832,-1.3130038420306605,0.11529295146465302,0.23112007975578308,-1.8517391681671143,-1.4168496131896973,-0.2677071690559387,0.23673607409000397,-0.16741670668125153,0.2675878703594208,-2.5417630672454834,-1.7771143913269043,-0.6134729385375977,0.4068814516067505,-0.17446552217006683,0.2038582509986469,-0.28423310576718985,-0.4292731625427776,0.0032032230457460253,-0.07831335564050942,0.05403583051917692,-0.017135253,-0.9625693,1.1758378,-1.7404845,-1.3080825,0.11138229,-0.017135253,-0.9625693,1.1758378,-1.7404845,-1.3080825,0.11138229,-0.034341637045145035,-0.9378381967544556,1.1822155714035034,-1.7476698160171509,-1.3130038976669312,0.11529295146465302,0.43015963,-0.6182773,-0.15944666,0.17963478,0.123037316,-0.097766586,-0.09834441,0.31535598058819697,0.002057270687073471,0.007883899514704924,0.01809845119714737,0.0040196,16.0784,False,0,0.4260641034492267,0.1769360490153063,0.06230802529198201,0.44017340069472505,0.1785754023376692,0.03633347995207045,-0.9958317929855713,-0.02573344586142123,-0.0446001093621851,0.07528411678030511,-0.05021399,0.25728825,0.20314422,0.5239287429055869,3.5841992939822376e-05,0.00012084499758202583,0.0005473530036397278,0.0003075050044571981,0.00020186899928376079,0.00011189699580427259,0.0016651720070512965,0.018183277992648073,0.01984844999969937,50.38176784661504,0
65,1.320127753991983,-0.03208667436708623,-0.9418816727450867,1.18158466020693,-1.7458421192564906,-1.313007656727926,0.11483784765005112,0.27571070194244385,-1.9523398876190186,-1.4664216041564941,-0.32522279024124146,0.3204875588417053,-0.1698661744594574,0.26909634470939636,-2.5168213844299316,-1.7874032258987427,-0.6317816376686096,0.4470237195491791,-0.17495621740818024,0.8547215708554347,0.7802855293037421,-0.09961637009515517,0.029370904495066734,-0.10908543797299859,0.05413879669134501,-0.015907576,-0.96217287,1.1758026,-1.7417836,-1.305486,0.11093587,-0.015907576,-0.96217287,1.1758026,-1.7417836,-1.305486,0.11093587,-0.03208667412400246,-0.9418816566467285,1.1815847158432007,-1.7458420991897583,-1.3130077123641968,0.11483784765005112,0.40447745,-0.50728005,-0.14455396,0.10146223,0.18804419,-0.09754961,-0.068943515,0.26731931968132594,0.0006784003786742706,0.006682982992033149,0.01576779969036579,0.0040196,16.0784,False,0,0.4257749384749215,0.1778919221940395,0.06405190038775382,0.4399056299163609,0.17972734553109074,0.03801051993123836,-0.9956466549279248,-0.03437342121570354,-0.04604493144218227,0.07338970410262807,-0.05021399,0.25728825,0.20314422,0.5229742574291096,3.555200237315148e-05,0.0001171930052805692,0.0004880679916823283,0.0003441220032982528,0.00017949999892152846,0.00011506900773383677,0.0015916779957478866,0.01825477200327441,0.019846449999022298,50.38684500498897,0
66,1.340093242994044,-0.029752079640523732,-0.9457794588855286,1.180774990712301,-1.7443143330016078,-1.3126419226275843,0.11437467485666275,0.2818853557109833,-1.8898391723632812,-1.448132038116455,-0.3217228949069977,0.29339975118637085,-0.19127434492111206,0.2601792514324188,-2.4602959156036377,-1.7772146463394165,-0.6385250091552734,0.5141135454177856,-0.17468363046646118,1.1530722253466408,0.15100581003225844,0.07939260188541108,0.004424042953477554,-0.11243020352548808,0.056439489230358866,-0.015813794,-0.9598078,1.1764851,-1.7440494,-1.3027409,0.11073497,-0.015813794,-0.9598078,1.1764851,-1.7440494,-1.3027409,0.11073497,-0.029752079397439957,-0.9457794427871704,1.1807750463485718,-1.7443143129348755,-1.312641978263855,0.11437467485666275,0.34845716,-0.35070986,-0.107248366,0.006623372,0.24752647,-0.09099266,-0.055498432,0.2227660997344383,0.0,0.005569152493360958,0.013365966267883778,0.0040196,16.0784,False,0,0.4255742730597798,0.1789629269403582,0.0658274785189693,0.43971191983214236,0.18084108084291303,0.040203776460435,-0.9959309859855467,-0.0335701187002056,-0.04322731001688354,0.07159567534916594,-0.05021399,0.25728825,0.20314422,0.5219397994399168,3.540101170074195e-05,0.0001214099902426824,0.0008563219889765605,0.00036202599585521966,0.00019063599756918848,0.00010090699652209878,0.002856910999980755,0.01694605700322427,0.019802968003205024,50.497480975485814,0
67,1.3601244149904232,-0.027436558400289357,-0.9494157594493409,1.179903809224264,-1.7431322536864222,-1.3120911757098597,0.1138114482164383,0.256510853767395,-1.7642228603363037,-1.3743491172790527,-0.2953071892261505,0.29146134853363037,-0.18941235542297363,0.22227299213409424,-2.367469072341919,-1.742065668106079,-0.6306362748146057,0.5052060484886169,-0.17185592651367188,0.42451894060621903,-0.011040541840389495,0.667324028807356,-0.0049821248612408175,-0.08673636100767618,0.04750404635889377,-0.017765075,-0.95388913,1.1774949,-1.7478644,-1.3010507,0.11068698,-0.017765075,-0.95388913,1.1774949,-1.7478644,-1.3010507,0.11068698,-0.02743655815720558,-0.9494157433509827,1.1799038648605347,-1.74313223361969,-1.3120912313461304,0.1138114482164383,0.24178708,-0.11183505,-0.060224786,-0.11830319,0.27601337,-0.07811168,-0.12260932,0.18563841644536525,0.0,0.0046409604111341315,0.011138305068016052,0.010196075,40.7843,False,0,0.42544470598005163,0.18006634461901308,0.06754670224229603,0.43963141092476526,0.1813681818838645,0.041131098122342134,-0.9960323896724907,-0.032952890096391976,-0.04102357165176183,0.07176791285549616,-0.05021399,0.25728825,0.20314422,0.521498441522426,3.5365999792702496e-05,0.00011633599933702499,0.0005884659913135692,0.00036996199924033135,0.00018031499348580837,0.0001135500060627237,0.0017372110014548525,0.018121414992492646,0.0198586259939475,50.35595112697019,0
68,1.3800901559880003,-0.02514535585512334,-0.9525668782046814,1.1791370550738733,-1.7423483333983363,-1.311329189931051,0.1132931336760521,0.15257872641086578,-1.6626439094543457,-1.392033338546753,-0.31827446818351746,0.3075629770755768,-0.17756250500679016,0.1640404313802719,-2.2514097690582275,-1.6941509246826172,-0.6182081699371338,0.48310571908950806,-0.16676682233810425,0.719713924970687,-0.14691665310263152,0.8090726230002954,-0.010952788741322545,-0.09574428757684858,0.050368425894123325,-0.018822616,-0.9476002,1.1789649,-1.7528334,-1.2983744,0.11099514,-0.018822616,-0.9476002,1.1789649,-1.7528334,-1.2983744,0.11099514,-0.025145355612039566,-0.9525668621063232,1.179137110710144,-1.742348313331604,-1.3113292455673218,0.1132931336760521,0.1580685,0.12416647,-0.0043063713,-0.2621266,0.32387203,-0.057449687,-0.15837145,0.1546986803711377,0.0,0.003867467009278443,0.009281921200454235,0.010196075,40.7843,False,0,0.4253349249792917,0.18120773678427968,0.06907533201074065,0.43960529181749397,0.18286830572713705,0.0431474520972234,-0.9961856232109919,-0.03331336525184186,-0.0404301622424842,0.06978393097565955,-0.05021399,0.25728825,0.20314422,0.5206344417947528,5.324599624145776e-05,0.00012052999227307737,0.0005077690002508461,0.00031749300251249224,0.00015922098828013986,0.00011199299478903413,0.0016519590135430917,0.018096698986482807,0.019748658000025898,50.636352100415564,0
69,1.4001185480010463,-0.023117844258443654,-0.9548660081676026,1.1784942785846155,-1.7419783077635707,-1.3102033774005335,0.11279390007257462,0.10088832676410675,-1.5513768196105957,-1.336724042892456,-0.4452979564666748,0.3086496591567993,-0.19336070120334625,0.062461934983730316,-2.087858200073242,-1.6335755586624146,-0.7078590989112854,0.4381692707538605,-0.15900735557079315,1.2143551690372825,-0.4505381105565037,1.091173610342358,-0.024830608419281214,-0.10094396011151889,0.05361340801348838,-0.020524241,-0.94220257,1.1802886,-1.7570225,-1.2962413,0.11129989,-0.020524241,-0.94220257,1.1802886,-1.7570225,-1.2962413,0.11129989,-0.02311784401535988,-0.9548659920692444,1.1784943342208862,-1.7419782876968384,-1.3102034330368042,0.11279390007257462,0.064840086,0.31658605,0.044856604,-0.37610605,0.34905472,-0.037350245,-0.19375627,0.12891556697594808,0.0,0.0032228891743987026,0.007734933868050575,0.010196075,40.7843,False,0,0.42525997611676697,0.18232103286686402,0.07026419051720056,0.43951854913177596,0.18411713817447958,0.04481790400926851,-0.9964031832830466,-0.03434863109182508,-0.038392585431967614,0.06728198796821727,-0.05021399,0.25728825,0.20314422,0.5198645911405495,4.543099203146994e-05,0.000123135992907919,0.0005406109994510189,0.0003525560023263097,0.00027655099984258413,0.00014048500452190638,0.0018516010022722185,0.01800232300593052,0.01985392400820274,50.367876878487365,0
70,1.420091013002093,-0.021517578755513966,-0.9560753268054505,1.1780465284930628,-1.7424303493895472,-1.3087671438800257,0.11233733594417572,0.04497646167874336,-1.4839121103286743,-1.2470756769180298,-0.552262544631958,0.2814096510410309,-0.16736648976802826,0.03575366735458374,-1.990220546722412,-1.5983784198760986,-0.8670830130577087,0.4213300049304962,-0.1540946662425995,0.8787044139430294,-0.4016737356824694,1.4503276950077444,-0.05381541166203869,-0.09512773006226426,0.06750663049798412,-0.021568948,-0.93787324,1.1811134,-1.7611654,-1.2937747,0.11160619,-0.021568948,-0.93787324,1.1811134,-1.7611654,-1.2937747,0.11160619,-0.02151757851243019,-0.9560753107070923,1.1780465841293335,-1.742430329322815,-1.3087671995162964,0.11233733594417572,-0.0012842334,0.45505163,0.07666827,-0.46837538,0.37481055,-0.018278673,-0.21503939,0.10742963914662342,0.0,0.0026857409786655855,0.006445778533816338,0.010196075,40.7843,False,0,0.4253086202148323,0.18332310662475543,0.07101984856234755,0.43966971866438515,0.1854371794795899,0.04604344722906119,-0.996501221862877,-0.036140304957536014,-0.03701573778695731,0.06564306048160373,-0.05021399,0.25728825,0.20314422,0.5194509374828021,5.3185998694971204e-05,0.00011587899643927813,0.0005029470048611984,0.00030291799339465797,0.00015524699119850993,0.00011243698827456683,0.0015533429977949709,0.018249732005642727,0.019803075003437698,50.49720812683918,0
71,1.440093879995402,-0.020409409199849904,-0.9560240072062989,1.1778104940997522,-1.743509431878561,-1.3070619742022913,0.11195894330739975,0.1050117239356041,-1.18910551071167,-1.124485731124878,-0.5901674628257751,0.2949768900871277,-0.17975638806819916,0.012020592577755451,-1.4065208435058594,-1.426559567451477,-0.8749158978462219,0.41816896200180054,-0.15165911614894867,1.4163364568155938,-0.13255753738113518,2.1077793588195197,-0.01797353477631357,-0.0951975958787052,0.07647253935662458,-0.023613863,-0.93411326,1.1817749,-1.7646443,-1.2921021,0.111820735,-0.023613863,-0.93411326,1.1817749,-1.7646443,-1.2921021,0.111820735,-0.02040940895676613,-0.9560239911079407,1.177810549736023,-1.7435094118118286,-1.307062029838562,0.11195894330739975,-0.08011133,0.5477687,0.09910746,-0.52837026,0.37399918,-0.0034552622,-0.23074198,0.08952469928885286,0.0,0.0022381174822213214,0.005371482111513615,0.010196075,40.7843,False,0,0.4254316800336895,0.18417821378529303,0.07124876088943027,0.43967582287855966,0.18601080152505878,0.046656746828740284,-0.9966978148018779,-0.031215403838688066,-0.03625991656050939,0.06560737573377223,-0.05021399,0.25728825,0.20314422,0.5191924806655183,3.4549011616036296e-05,0.0001399629982188344,0.0005683620111085474,0.00030104699544608593,0.0001813629933167249,0.00020337601017672569,0.0017579900013515726,0.01807385000574868,0.019831840007100254,50.42396467710394,0
72,1.4601259029877838,-0.019796196614400685,-0.9547006052783509,1.1779854933368128,-1.7451487980284632,-1.3052004019366663,0.11165618896484375,0.1009187400341034,-1.153546929359436,-0.9222745895385742,-0.6625235676765442,0.3008098304271698,-0.18878939747810364,0.03779032453894615,-1.4749424457550049,-1.1615256071090698,-0.8923959732055664,0.43521827459335327,-0.15277551114559174,1.2977412347351682,0.014318797378684495,0.8135303135595127,-0.02853545425781615,-0.11294617303832027,0.053829095524795895,-0.02530648,-0.9294256,1.1821316,-1.7681034,-1.2904936,0.11190424,-0.02530648,-0.9294256,1.1821316,-1.7681034,-1.2904936,0.11190424,-0.01979619637131691,-0.9547005891799927,1.1779855489730835,-1.745148777961731,-1.305200457572937,0.11165618896484375,-0.13775708,0.6318746,0.10365206,-0.5738644,0.36767057,0.006201299,-0.28114054,0.07460391607404404,0.0,0.0018650979018511012,0.004476234782487154,0.010196075,40.7843,False,0,0.4255581781951121,0.18486050034842733,0.070877678966519,0.43971042167700247,0.1866319596554189,0.04521469359202628,-0.9969839889365085,-0.016931156371962013,-0.03758953310452027,0.06575202566675936,-0.05021399,0.25728825,0.20314422,0.5195767269046839,3.591900167521089e-05,0.00011941700358875096,0.0005192649987293407,0.00030450199847109616,0.00015883700689300895,0.00011337100295349956,0.0015712190070189536,0.018275198992341757,0.01984641799936071,50.38692624695357,0
73,1.4802577619993826,-0.01959258714784795,-0.9525795739940186,1.178242031727926,-1.7473632297911585,-1.3031466642962855,0.11153173446655273,-0.02585260570049286,-1.2494653463363647,-0.8489294052124023,-0.6963927149772644,0.2797755002975464,-0.17007718980312347,-0.19456441700458527,-1.5619398355484009,-1.2061078548431396,-0.910851776599884,0.44522565603256226,-0.08938689529895782,1.047278818485723,-0.7356200345617842,0.17668292790997597,-0.04722490532849917,-0.10608133649131332,0.06470016759485372,-0.025909247,-0.92294955,1.1819959,-1.7719274,-1.2891546,0.11201296,-0.025909247,-0.92294955,1.1819959,-1.7719274,-1.2891546,0.11201296,-0.019592586904764175,-0.9525795578956604,1.1782420873641968,-1.7473632097244263,-1.3031467199325562,0.11153173446655273,-0.15791649,0.74075043,0.093845606,-0.6141025,0.34980196,0.0120307,-0.40132636,0.06216993006170337,0.0,0.0015542482515425843,0.0037301958072930574,0.010196075,40.7843,False,0,0.4258064537060198,0.18541146637058067,0.07020202899811775,0.4397404430087283,0.1873797822322693,0.03921651519709452,-0.9969774936734703,-0.0013344818744959706,-0.04027216118343326,0.06642488669985963,-0.05021399,0.25728825,0.20314422,0.521358640509174,5.1351002184674144e-05,0.00013788700744044036,0.0005103000003146008,0.00031174700416158885,0.00015543701010756195,0.00011342200741637498,0.0016524570091860369,0.018253244998049922,0.01990570200723596,50.236861761342965,0
74,1.500095915995189,-0.01993114153017217,-0.9499626916697999,1.1785453001605433,-1.7502743206419886,-1.3011282126056116,0.11150408536195755,-0.21980133652687073,-1.1939396858215332,-0.7541021704673767,-0.5956079363822937,0.2771661877632141,-0.15353040397167206,-0.3799320161342621,-1.6183708906173706,-1.2354602813720703,-0.9189413189888,0.4546387493610382,-0.03318359702825546,0.2865476820345321,-0.73250216871335,0.7475619700418643,-0.05500155593164159,-0.07002299653669633,0.05094621051498199,-0.02726822,-0.91841984,1.1821011,-1.776601,-1.287696,0.112653725,-0.02726822,-0.91841984,1.1821011,-1.776601,-1.287696,0.112653725,-0.019931141287088394,-0.9499626755714417,1.178545355796814,-1.7502743005752563,-1.3011282682418823,0.11150408536195755,-0.18342695,0.7885704,0.088893145,-0.6581671,0.33580688,0.028740901,-0.41179946,0.05180827505141948,0.0,0.001295206876285487,0.003108496544882655,0.010196075,40.7843,False,0,0.42626115443218265,0.1857210802371984,0.06935324539614454,0.4398556096216118,0.18686255487637127,0.037224246140618464,-0.9966148235530865,-0.021621608880397984,-0.02143858736396369,0.07636585430693654,-0.05021399,0.25728825,0.20314422,0.5221660924269871,9.028799831867218e-05,0.0001144540001405403,0.0004877030005445704,0.0003068450023420155,0.00015609599358867854,0.00011561199789866805,0.0015897120028967038,0.018105035996995866,0.01969474799989257,50.774957872294415,0
75,1.5200929769926006,-0.020451847706929982,-0.9468000096133729,1.1790192762957972,-1.7533742390074671,-1.29905873933901,0.11153176426887512,-0.2660839855670929,-1.1550078392028809,-0.744531512260437,-0.5943194031715393,0.2589116394519806,-0.14692533016204834,-0.3317912220954895,-1.6245126724243164,-1.242424726486206,-0.9135988354682922,0.4683918356895447,0.00273491651751101,0.5638104559625802,-0.5735324249683964,1.0491886745196164,-0.043568981140206124,-0.0814250828112591,0.04680252976298964,-0.029811824,-0.9152103,1.1848849,-1.7795941,-1.2864883,0.11302353,-0.029811824,-0.9152103,1.1848849,-1.7795941,-1.2864883,0.11302353,-0.020451847463846207,-0.9467999935150146,1.1790193319320679,-1.7533742189407349,-1.2990587949752808,0.11153176426887512,-0.2339994,0.78974247,0.14663814,-0.655495,0.314264,0.037294123,-0.384225,0.04317356254284957,0.0,0.0010793390635712393,0.002590413670986891,0.007843125,31.3725,False,0,0.4266978571257647,0.18596514448068602,0.06824295907417721,0.43920062707726043,0.18651092124100463,0.03851649846162465,-0.9953618890185014,-0.02072974896111204,-0.030911560754662174,0.08871006248433316,-0.05021399,0.25728825,0.20314422,0.5211893933257401,4.3289008317515254e-05,0.00011494700447656214,0.0005769939889432862,0.0003390180063433945,0.000156465990585275,0.00011170799552928656,0.0016584980039624497,0.018155743993702345,0.019814241997664794,50.46874869691482,0
76,1.5401296919881133,-0.021178547536031544,-0.9429811400226136,1.1795786062823694,-1.756665369073385,-1.297060791646139,0.11151959002017975,-0.259683221578598,-1.269108772277832,-0.7628626823425293,-0.5868086814880371,0.3071111738681793,-0.06598927825689316,-0.307433158159256,-1.6804888248443604,-1.2728136777877808,-0.9283818602561951,0.48327913880348206,0.04260299727320671,0.4800783579432872,-0.037569091598266754,0.4889318427103668,-0.023564850154488927,-0.06877601722201906,0.07650565383409294,-0.03189404,-0.9106465,1.1872444,-1.7824569,-1.2857363,0.11299389,-0.03189404,-0.9106465,1.1872444,-1.7824569,-1.2857363,0.11299389,-0.02117854729294777,-0.9429811239242554,1.1795786619186401,-1.7566653490066528,-1.2970608472824097,0.11151959002017975,-0.26788732,0.80836636,0.19164515,-0.6447895,0.28311202,0.03685747,-0.41510764,0.03597796878570798,0.0,0.0008994492196426995,0.002158678136765957,0.007843125,31.3725,False,0,0.42713323444621376,0.1861050544159053,0.06684030354861223,0.4388708375072627,0.1858728874736235,0.03562069151289844,-0.9935159389112748,-0.027119062379535375,-0.04869361292520922,0.0990935047256965,-0.05021399,0.25728825,0.20314422,0.5218891208411743,0.000261913999565877,0.00011925400758627802,0.00047814600111451,0.00030340999364852905,0.00025959699996747077,0.00011052400805056095,0.0018592389969853684,0.017984411999350414,0.019843650996335782,50.393952210944164,0
77,1.560129944991786,-0.02218038240541631,-0.9382357758334656,1.1801894346820276,-1.760460992852682,-1.2948887983905237,0.11157940328121185,-0.3015400469303131,-1.36920166015625,-0.8048182129859924,-0.6386597156524658,0.2709927558898926,0.07883091270923615,-0.316622257232666,-1.737532138824463,-1.2668709754943848,-0.9183564186096191,0.4808216989040375,0.0908261239528656,0.41120582759980195,-0.6993693774623579,0.3201953983706112,-0.04615736532948547,-0.07476093150588745,0.065955016003329,-0.0329936,-0.9059528,1.1893606,-1.7864492,-1.2836223,0.11347557,-0.0329936,-0.9059528,1.1893606,-1.7864492,-1.2836223,0.11347557,-0.022180382162332535,-0.9382357597351074,1.1801894903182983,-1.7604609727859497,-1.2948888540267944,0.11157940328121185,-0.2703304,0.8070732,0.2292776,-0.64970404,0.28166607,0.04740419,-0.38899043,0.02998164065475665,0.0,0.0007495410163689163,0.001798898447304964,0.007843125,31.3725,False,0,0.4276381346486054,0.18616585548084966,0.06507831191387581,0.43887803167747885,0.18602204298439895,0.03593191402221754,-0.9936343065895417,-0.027024757128796283,-0.04615974946770397,0.09914524868316693,-0.05021399,0.25728825,0.20314422,0.5217756534695772,0.0001130439923144877,0.00011783700028900057,0.0004897440085187554,0.00031332300568465143,0.00015831500058993697,0.00010964499961119145,0.0016262780118267983,0.018161549989599735,0.019787828001426533,50.53611745199668,0
78,1.5800810109940358,-0.023293797169820607,-0.9338616293719788,1.1809189955340784,-1.7640429935851039,-1.2931011358844202,0.11179382354021072,-0.3446497321128845,-1.369074821472168,-0.7504793405532837,-0.6742109656333923,0.2498113065958023,0.09684890508651733,-0.31236347556114197,-1.7514456510543823,-1.2468746900558472,-0.8977094888687134,0.4770847260951996,0.11645197868347168,0.30142320553394997,-0.9355324305767245,0.3957866239265913,-0.06277071564127529,-0.07409996685494671,0.12042267380730663,-0.03435249,-0.901833,1.1913004,-1.7896762,-1.282194,0.11382141,-0.03435249,-0.901833,1.1913004,-1.7896762,-1.282194,0.11382141,-0.02329379692673683,-0.9338616132736206,1.1809190511703491,-1.7640429735183716,-1.293101191520691,0.11179382354021072,-0.27646726,0.8007156,0.25953498,-0.6408292,0.27267903,0.05068957,-0.37530902,0.02498470054563054,0.0,0.0006246175136407635,0.0014990820782259107,0.007843125,31.3725,False,0,0.4281016067401269,0.1860915437431673,0.06339871043649556,0.4390480172912364,0.18621739045094746,0.03575546108826547,-0.9935777780016003,-0.02535040673903966,-0.0483267467020643,0.09912153985140043,-0.05021399,0.25728825,0.20314422,0.5219649172305344,8.725099905859679e-05,0.00011988700134679675,0.0004899009945802391,0.0003588209947338328,0.0001575799979036674,0.00010898799519054592,0.0016482290084240958,0.018117290994268842,0.019765520002692938,50.593154132234105,0
79,1.6000914389878744,-0.024596516286031544,-0.9298678201488038,1.1817181746112269,-1.7673255405821742,-1.2916844526873987,0.1120176613330841,-0.25884437561035156,-1.3056918382644653,-0.7366846203804016,-0.6851103901863098,0.2930275797843933,0.10865479707717896,-0.2741992771625519,-1.7605658769607544,-1.24085533618927,-0.8926284909248352,0.4946935176849365,0.11445793509483337,0.7631725467325179,-0.7146926320642502,0.6533548776949456,-0.07077983337855172,-0.06794216218943888,0.11702750418589816,-0.035753988,-0.898147,1.1934029,-1.7925004,-1.2811286,0.114219606,-0.035753988,-0.898147,1.1934029,-1.7925004,-1.2811286,0.114219606,-0.02459651604294777,-0.9298678040504456,1.1817182302474976,-1.767325520515442,-1.2916845083236694,0.1120176613330841,-0.2789368,0.7930212,0.2921176,-0.6293718,0.2638979,0.05504864,-0.35824355,0.02082058378802545,0.0,0.0005205145947006363,0.001249235006980598,0.007843125,31.3725,False,0,0.428534183413965,0.18585213078002558,0.06181397410789932,0.4390562403442972,0.18615055306288347,0.03570217972709825,-0.9937997813699806,-0.025245122082163243,-0.04451526028668354,0.09870684380558026,-0.05021399,0.25728825,0.20314422,0.5219988184192571,3.723800182342529e-05,0.00011808300041593611,0.000600965999183245,0.0002656959986779839,0.00015668700507376343,0.00011510800686664879,0.0016388660005759448,0.018188590998761356,0.0198274569993373,50.435111271880366,0
80,1.620128559996374,-0.02616292635072881,-0.9253869217685242,1.1828511396991175,-1.7710610828795375,-1.2901137510882776,0.11223308742046356,-0.22235190868377686,-1.3427939414978027,-0.7147331833839417,-0.6521445512771606,0.3092130720615387,0.13288745284080505,-0.2537992298603058,-1.7824723720550537,-1.245693564414978,-0.8931584358215332,0.5090106129646301,0.11306557059288025,0.19251133071763737,0.07080765501543496,0.4311127869889355,-0.041260126228252925,-0.047920821252371945,0.171494250679244,-0.0371183,-0.8941234,1.195773,-1.795728,-1.2797842,0.11462106,-0.0371183,-0.8941234,1.195773,-1.795728,-1.2797842,0.11462106,-0.026162926107645035,-0.925386905670166,1.1828511953353882,-1.7710610628128052,-1.2901138067245483,0.11223308742046356,-0.27388442,0.7815885,0.32304463,-0.6166714,0.25823927,0.059699178,-0.3362636,0.01735048649002121,0.0,0.00043376216225053026,0.0010410292306914926,0.007843125,31.3725,False,0,0.42897512539198984,0.185534826820318,0.05997190593694254,0.43913543863527393,0.18616630049896657,0.03559876557662241,-0.9935960836820364,-0.02527993675891987,-0.04774547753736312,0.09923754843425142,-0.05021399,0.25728825,0.20314422,0.5221040831659179,3.452599048614502e-05,0.00011511500633787364,0.0005571610090555623,0.00048132200026884675,0.00017971299530472606,0.00011594999523367733,0.0017952149937627837,0.018051246006507427,0.01984646100027021,50.38681707466056,0
81,1.6400864129973343,-0.02766734758485967,-0.9208879631808777,1.1842287222491663,-1.7746960125365199,-1.2884953657733362,0.11250520497560501,-0.21159017086029053,-1.3744622468948364,-0.7765733003616333,-0.6178067922592163,0.2762613892555237,0.15530680119991302,-0.23881135880947113,-1.8102333545684814,-1.2528656721115112,-0.8926602005958557,0.5156534314155579,0.11199461668729782,-0.01064616696962172,-0.2560692990493203,0.05806427419512385,-0.049874877556584804,-0.03265990345517898,0.1893697085301029,-0.038690686,-0.89032054,1.1983147,-1.7986665,-1.2787119,0.1150516,-0.038690686,-0.89032054,1.1983147,-1.7986665,-1.2787119,0.1150516,-0.027667347341775894,-0.9208879470825195,1.184228777885437,-1.7746959924697876,-1.288495421409607,0.11250520497560501,-0.27558348,0.76418585,0.35214782,-0.5992625,0.24458851,0.06365979,-0.3075271,0.014458738741684343,0.0,0.0003614684685421086,0.0008675243007019162,0.007843125,31.3725,False,0,0.42930034155735985,0.18525680440161682,0.05804969385319078,0.43905269356066207,0.18608560586930964,0.035680344173018505,-0.9937465378476229,-0.024998797010640075,-0.04519534728429554,0.09899630451453373,-0.05021399,0.25728825,0.20314422,0.5220113535490274,5.2831994253210723e-05,0.00012730299204122275,0.0016265790036413819,0.0003432640078244731,0.00016856699949130416,0.00011509899923112243,0.002772170992102474,0.0170183190057287,0.019790489997831173,50.529319896050545,0
82,1.6601220759912394,-0.02919465700258428,-0.9164959949306031,1.1857894102679651,-1.7781311474242152,-1.2869589964496058,0.11283564567565918,-0.25953397154808044,-1.406581997871399,-0.8101522326469421,-0.6413384675979614,0.27981212735176086,0.12144783139228821,-0.23017597198486328,-1.8217334747314453,-1.253218412399292,-0.891036868095398,0.5203887820243835,0.11130522936582565,0.6792678766016548,-0.4409326605857082,0.055825066409522436,-0.07209506039292643,-0.06333324638291105,0.1609294465545483,-0.039933205,-0.88673747,1.2007519,-1.8013991,-1.2774608,0.115513444,-0.039933205,-0.88673747,1.2007519,-1.8013991,-1.2774608,0.115513444,-0.029194656759500504,-0.9164959788322449,1.1857894659042358,-1.778131127357483,-1.2869590520858765,0.11283564567565918,-0.26846367,0.7439627,0.3740599,-0.5816982,0.23745696,0.066944994,-0.27684307,0.01204894895140362,0.0,0.0003012237237850905,0.0007229369366541505,0.00313725,12.549,False,0,0.4295299728229286,0.18495245537253757,0.05610255512006096,0.43904055971717365,0.18610257927829288,0.03561677149775752,-0.9937129870864247,-0.025013009399635973,-0.04665905988419243,0.09864996947159477,-0.05021399,0.25728825,0.20314422,0.5220180643336038,3.6412006011232734e-05,0.00011855999764520675,0.0004906020039925352,0.0002779520000331104,0.00018155600992031395,0.00011358500341884792,0.0015690169966546819,0.018286288002855144,0.019855304999509826,50.3643736535242,0
83,1.6800783429935109,-0.030738178883687794,-0.9121368688395997,1.187474552785055,-1.7815915546812953,-1.2855356375323694,0.11312436312437057,-0.24405279755592346,-1.4069453477859497,-0.7573935389518738,-0.6123479604721069,0.27567294239997864,0.13128046691417694,-0.23187611997127533,-1.830603837966919,-1.2511868476867676,-0.8889583945274353,0.5211653709411621,0.1111021414399147,0.8447468383703919,-0.21415533353922575,0.4990907678334015,-0.057088894639251694,-0.06542202478094944,0.19030443906812058,-0.041140553,-0.8834442,1.2031386,-1.8040483,-1.2763445,0.11592812,-0.041140553,-0.8834442,1.2031386,-1.8040483,-1.2763445,0.11592812,-0.03073817864060402,-0.9121368527412415,1.1874746084213257,-1.781591534614563,-1.2855356931686401,0.11312436312437057,-0.2600594,0.717316,0.39159858,-0.5614183,0.22978036,0.07009388,-0.2372501,0.01004079079283635,0.0,0.00025101976982090874,0.0006024474278092384,0.00313725,12.549,False,0,0.4297242837727778,0.18461616309271536,0.05412968130326576,0.43903863152972195,0.18610365599146794,0.03569683277157478,-0.9936941901948106,-0.025448159428390106,-0.04631146094462018,0.09889118527530921,-0.05021399,0.25728825,0.20314422,0.5219904222693923,8.526400779373944e-05,0.00011399500363040715,0.00048454799980390817,0.0002993539965245873,0.000171414008946158,0.00010863799252547324,0.0015719590010121465,0.018201457991381176,0.019773416992393322,50.572948539177226,0
84,1.7001330939965555,-0.032261196766988576,-0.9078610104373475,1.1893180052386683,-1.7849270306029261,-1.2841151396380823,0.11345125734806061,-0.22133338451385498,-1.4002526998519897,-0.7282776832580566,-0.597439169883728,0.2845819294452667,0.1569318175315857,-0.22344855964183807,-1.8425719738006592,-1.251738429069519,-0.8871363997459412,0.5257236361503601,0.11055240780115128,0.26625910003537734,-0.10339365849013625,0.1885541893437795,-0.065913060361126,-0.05458832425970962,0.18710714802433798,-0.04218446,-0.8804139,1.2053864,-1.8064852,-1.275159,0.1163229,-0.04218446,-0.8804139,1.2053864,-1.8064852,-1.275159,0.1163229,-0.0322611965239048,-0.9078609943389893,1.189318060874939,-1.7849270105361938,-1.284115195274353,0.11345125734806061,-0.24808164,0.686177,0.40170822,-0.53895336,0.22390352,0.07179099,-0.19638278,0.008367325660696957,0.0,0.00020918314151742397,0.0005020395619794726,0.00313725,12.549,False,0,0.4298375457365302,0.18429023265790095,0.05214035103540268,0.43907233684694175,0.18617605494620437,0.03559189621919391,-0.9937066263930616,-0.02503606279623997,-0.04639036948538077,0.09883467092422787,-0.05021399,0.25728825,0.20314422,0.5220458164600202,3.438699059188366e-05,0.00011058399104513228,0.00044160099059809,0.00028762999863829464,0.00020856800256296992,0.0001584370038472116,0.0015450899954885244,0.018335895001655445,0.01988098499714397,50.29931867780477,0
85,1.720132983988151,-0.033812824879781544,-0.9037016791156312,1.1913264433490198,-1.7881866894164027,-1.2828047911273401,0.11382578313350677,-0.1869625747203827,-1.4351696968078613,-0.753581702709198,-0.5965157747268677,0.2847149968147278,0.1358519196510315,-0.2187315821647644,-1.8575621843338013,-1.2557215690612793,-0.8874178528785706,0.5305600166320801,0.11049090325832367,0.008908955649164519,-0.2964240237418396,-0.05349757944689218,-0.060335971715513644,-0.0479841567622598,0.18140591251902624,-0.043203834,-0.87784797,1.2075291,-1.8088021,-1.2740313,0.11675424,-0.043203834,-0.87784797,1.2075291,-1.8088021,-1.2740313,0.11675424,-0.03381282463669777,-0.903701663017273,1.1913264989852905,-1.7881866693496704,-1.2828048467636108,0.11382578313350677,-0.23477525,0.6463426,0.40506345,-0.51538694,0.21933995,0.0732115,-0.14405167,0.006972771383914132,0.0,0.00017431928459785332,0.0004183662822470069,0.00313725,12.549,False,0,0.42989016851911954,0.18392911753240682,0.05014372471519457,0.4391388646810281,0.18618464303625545,0.03561575692303634,-0.9936197102970139,-0.025495698315655103,-0.047576154649778574,0.0990267796354739,-0.05021399,0.25728825,0.20314422,0.5220993436145571,3.691999881993979e-05,0.00011362499208189547,0.000485732001834549,0.00027782800316344947,0.0001764920016285032,0.00010736100375652313,0.0015142420015763491,0.01829906199418474,0.01981330399576109,50.471137989602475,0
86,1.7401308749977034,-0.03527194658388311,-0.8996336621097107,1.1934192816363733,-1.7913228474059046,-1.2815192381488245,0.11424882709980011,-0.21435651183128357,-1.481115460395813,-0.7381110787391663,-0.6119411587715149,0.23556984961032867,0.15795357525348663,-0.21083404123783112,-1.874298095703125,-1.2616145610809326,-0.8884812593460083,0.5364037752151489,0.10948288440704346,0.5779069351116098,0.31017013489938344,0.21989685871788456,-0.037799695500490414,-0.07504037386330417,0.1687757643854815,-0.044305693,-0.8758411,1.2096584,-1.8106365,-1.2731011,0.11714612,-0.044305693,-0.8758411,1.2096584,-1.8106365,-1.2731011,0.11714612,-0.03527194634079933,-0.8996336460113525,1.193419337272644,-1.7913228273391724,-1.2815192937850952,0.11424882709980011,-0.2258437,0.5948135,0.40597647,-0.48284265,0.21045394,0.07243224,-0.08469424,0.005810642819928443,0.0,0.0001452660704982111,0.0003486385685391724,0.00313725,12.549,False,0,0.4298708588562023,0.1836042345449584,0.04815405981574475,0.4390777555365195,0.1861458205022959,0.035664774059849594,-0.993668192082983,-0.026044698631584977,-0.0467502855723005,0.0987907797125292,-0.05021399,0.25728825,0.20314422,0.5220316290141936,5.4338990594260395e-05,0.0001386889925925061,0.0005708529934054241,0.0003203310043318197,0.00019910100672859699,0.00013211699842941016,0.0017515490035293624,0.018067576005705632,0.019819125009234995,50.45631426887091,0
87,1.7601045849878574,-0.036635700856344044,-0.8956686419299622,1.1955941359149378,-1.7943359814085902,-1.280247990285055,0.11460812389850616,-0.19465577602386475,-1.4465818405151367,-0.7328213453292847,-0.6534081101417542,0.32892492413520813,0.1437751203775406,-0.20707309246063232,-1.8952139616012573,-1.2705389261245728,-0.8913887739181519,0.5416072607040405,0.10874829441308975,0.557382816999624,-0.32336895169739976,-0.3826720377774635,-0.07496558366422067,-0.07972101011228114,0.1899741277052412,-0.045325853,-0.87436473,1.211487,-1.8122538,-1.2721568,0.11740205,-0.045325853,-0.87436473,1.211487,-1.8122538,-1.2721568,0.11740205,-0.03663570061326027,-0.895668625831604,1.1955941915512085,-1.794335961341858,-1.2802480459213257,0.11460812389850616,-0.21725382,0.5325973,0.39732257,-0.44794673,0.20227915,0.06984805,-0.020103263,0.00484220234994037,0.0,0.00012105505874850926,0.0002905321307480335,0.00313725,12.549,False,0,0.4297815079530326,0.18331935280295367,0.046178168486140286,0.4390668771251842,0.18607949581230349,0.03559437330675095,-0.9936623187665481,-0.026119113655806422,-0.04803354283459697,0.09821313341880394,-0.05021399,0.25728825,0.20314422,0.5220530663529087,3.571300476323813e-05,0.00011064700083807111,0.0004605370049830526,0.0002744459925452247,0.00020205799955874681,0.00010926701361313462,0.0014913509949110448,0.018319994997000322,0.019811345991911367,50.476126175792544,0
88,1.7801299639977515,-0.037970844899312794,-0.8920440834811707,1.1977861563311976,-1.7973391018309535,-1.2790005842791956,0.11496853828430176,-0.1942475587129593,-1.4728338718414307,-0.7215240597724915,-0.634151816368103,0.26916950941085815,0.164297953248024,-0.20839500427246094,-1.918723464012146,-1.2792553901672363,-0.893265962600708,0.543923556804657,0.10819737613201141,0.6761221469148325,-0.23166273573351673,0.19751153948210992,-0.07071939030063469,-0.09095053440891707,0.19314879856575495,-0.045996405,-0.8737773,1.2132369,-1.8134885,-1.2711061,0.11759807,-0.045996405,-0.8737773,1.2132369,-1.8134885,-1.2711061,0.11759807,-0.03797084465622902,-0.8920440673828125,1.1977862119674683,-1.7973390817642212,-1.2790006399154663,0.11496853828430176,-0.20063901,0.45667014,0.38626844,-0.40373603,0.19736174,0.06573827,0.051017888,0.010837553676995494,0.001020357757806778,0.00027093884192488736,0.00024211012350860983,0.00313725,12.549,False,0,0.429705686669583,0.1830411083002491,0.04434118184756805,0.43903114075882727,0.1861553683949927,0.035624821867459244,-0.9936161318298609,-0.0262315321950811,-0.04802111353910292,0.09865525378782325,-0.05021399,0.25728825,0.20314422,0.5219994568210595,4.2742001824080944e-05,0.00011502200504764915,0.0005074799992144108,0.00028487500094342977,0.0001815089926822111,0.00011630900553427637,0.0015538120060227811,0.018275260998052545,0.019829073004075326,50.43100097490575,0
89,1.8001247909996891,-0.039238754902974904,-0.8886580032161255,1.2000649611102503,-1.8001381359496058,-1.2778037230121058,0.11538271605968475,-0.23755908012390137,-1.4731160402297974,-0.7678977847099304,-0.6779131889343262,0.2910141348838806,0.16924791038036346,-0.2090855985879898,-1.945489525794983,-1.2911185026168823,-0.8964534997940063,0.547000527381897,0.1071370542049408,0.33229393816311825,-0.08065129185922729,-0.4045704079925608,-0.06361503222727881,-0.08041488696852657,0.19362089846481112,-0.04644738,-0.87467134,1.2141435,-1.8142432,-1.2701013,0.11764818,-0.04644738,-0.87467134,1.2141435,-1.8142432,-1.2701013,0.11764818,-0.03923875465989113,-0.8886579871177673,1.200065016746521,-1.8001381158828735,-1.2778037786483765,0.11538271605968475,-0.18021566,0.34966597,0.3519629,-0.35262564,0.19256309,0.05663655,0.13301326,0.03356878156217672,0.003680623024702072,0.0008392195390544181,0.0005418777000159025,0.00313725,12.549,False,0,0.4295605869668351,0.18278292529181606,0.04256647716435705,0.43904840406999457,0.18613791636848614,0.03556726125906517,-0.9935762256325826,-0.02608097767452317,-0.048456207886810404,0.09888410097064104,-0.05021399,0.25728825,0.20314422,0.5220364897994525,3.536799340508878e-05,0.00012439499550964683,0.0004775359993800521,0.0003517680015647784,0.00016736499674152583,9.965398930944502e-05,0.0023874000034993514,0.017430074003641494,0.019817474007140845,50.46051780563301,0
90,1.8201242119976087,-0.0404742399798792,-0.8855988544276734,1.2022588888751429,-1.8026725254454554,-1.2767017523394983,0.11580183357000351,-0.21926355361938477,-1.5223448276519775,-0.753670871257782,-0.708699107170105,0.28318506479263306,0.1519152820110321,-0.20006227493286133,-1.9788806438446045,-1.30449378490448,-0.8995836973190308,0.5543524622917175,0.10538286715745926,0.8033176719674936,-0.015561471821632214,-0.3815702488028828,-0.06180977846953778,-0.09016636250829455,0.19681267562232574,-0.045743942,-0.8790248,1.213296,-1.8135892,-1.2688289,0.11723772,-0.045743942,-0.8790248,1.213296,-1.8135892,-1.2688289,0.11723772,-0.040474239736795425,-0.8855988383293152,1.2022589445114136,-1.8026725053787231,-1.276701807975769,0.11580183357000351,-0.13174261,0.16435046,0.27592725,-0.27291858,0.19682375,0.035897136,0.2397915,0.08448367114491542,0.008476452976465225,0.0021120917786228858,0.0016784390900284052,0.00039215750000000003,1.56863,False,0,0.4293999316069564,0.18251806678427904,0.040930619326089684,0.43907314896363414,0.186182194621667,0.035642648829962445,-0.9936298555510643,-0.02580679007633331,-0.04733202167616667,0.09896165228510168,-0.05021399,0.25728825,0.20314422,0.5220294543081005,3.430200740695e-05,0.00011138300760649145,0.0005506660090759397,0.0002774620079435408,0.00020176700490992516,0.00010480500350240618,0.0015836499951547012,0.018232344009447843,0.019815994004602544,50.464286564062135,0
91,1.8401299539982574,-0.041637722645894826,-0.8828563851169129,1.2043665091144007,-1.8051353893675746,-1.2755501906024378,0.11619241535663605,-0.23520727455615997,-1.5014022588729858,-0.7380651235580444,-0.6527116298675537,0.25027620792388916,0.145747110247612,-0.19034716486930847,-2.0361874103546143,-1.335051417350769,-0.9114951491355896,0.5661250352859497,0.10242427885532379,0.43719148752914994,-0.06264937734422232,0.8253707274502897,-0.06881353162557245,-0.02504246272769279,0.20032173860808536,-0.042931914,-0.8891644,1.2091879,-1.8103839,-1.2671902,0.11591157,-0.042931914,-0.8891644,1.2091879,-1.8103839,-1.2671902,0.11591157,-0.04163772240281105,-0.8828563690185547,1.2043665647506714,-1.8051353693008423,-1.2755502462387085,0.11619241535663605,-0.032354847,-0.15770021,0.12053148,-0.1312132,0.20900038,-0.0070210174,0.3648417,0.17555830574389364,0.01577328696846962,0.004388957643597341,0.00422418350353837,0.00039215750000000003,1.56863,False,0,0.42926477815211667,0.18229435844272185,0.03945196197181847,0.439227264644507,0.18613254345506053,0.03551450333618599,-0.9936724479639061,-0.026383936544495154,-0.048229960226284674,0.09794286969714061,-0.05021399,0.25728825,0.20314422,0.5222217896495843,3.521599865052849e-05,0.00012955800048075616,0.0005072170024504885,0.00032418500632047653,0.00016194800264202058,0.0001069590070983395,0.0015905580075923353,0.018247191997943446,0.01983775000553578,50.40894253234097,0
92,1.8601039419882,-0.042669121419088185,-0.880805031662323,1.2061370054828089,-1.8074332676329554,-1.2743657271014612,0.11648941040039062,-0.20439529418945312,-1.5245208740234375,-0.7018376588821411,-0.5361322164535522,0.260723739862442,0.14622516930103302,-0.1512298732995987,-2.1606411933898926,-1.4069271087646484,-0.9406899809837341,0.5959274768829346,0.09710780531167984,-0.6190131382168861,0.08515021157360725,2.991565352275194,-0.10154855724251978,-0.05805916969784541,0.1882615301626486,-0.036737386,-0.9033476,1.2022821,-1.8025585,-1.2660052,0.11388205,-0.036737386,-0.9033476,1.2022821,-1.8025585,-1.2660052,0.11388205,-0.04266912117600441,-0.8808050155639648,1.2061370611190796,-1.8074332475662231,-1.274365782737732,0.11648941040039062,0.1482934,-0.5635656,-0.09637374,0.12186866,0.20901574,-0.065184094,0.46930534,0.312965254786578,0.025159393697977067,0.00782413136966445,0.008777915500104427,0.00039215750000000003,1.56863,False,0,0.4292421143259909,0.18212944136184414,0.0383472261056082,0.4388268758300032,0.18611377534611184,0.03550117094868266,-0.9937118769357647,-0.026085710220794367,-0.045792828634657015,0.09878884404286498,-0.05021399,0.25728825,0.20314422,0.5218533946849782,3.570399712771177e-05,0.00010932100121863186,0.0005090689955977723,0.00029567599995061755,0.00017356598982587457,0.00016304099699482322,0.0016146279958775267,0.018187476991442963,0.01980210498732049,50.499681758091434,0
93,1.8801207749929745,-0.043545071278707326,-0.8796218198588868,1.2076943556415003,-1.8092519245543421,-1.273348633443014,0.11674070358276367,-0.08815044909715652,-1.6431843042373657,-0.7537692189216614,-0.5210020542144775,0.3127773106098175,0.10884344577789307,-0.06869275122880936,-2.392270088195801,-1.5456340312957764,-0.995246171951294,0.655464768409729,0.0759488195180893,-0.39524985096859205,1.093465840515888,2.5551754427140265,-0.0368635334678283,-0.05790153493183054,0.1175873640502186,-0.031361103,-0.9110159,1.1987836,-1.7948788,-1.2682729,0.11370603,-0.031361103,-0.9110159,1.1987836,-1.7948788,-1.2682729,0.11370603,-0.04354507103562355,-0.8796218037605286,1.207694411277771,-1.8092519044876099,-1.2733486890792847,0.11674070358276367,0.30459917,-0.7848537,-0.22276953,0.35932803,0.12689494,-0.07586693,0.3441029,0.4274710456554817,0.03204145148396492,0.010686776141387043,0.015648262575268745,0.00039215750000000003,1.56863,False,0,0.4292371288202745,0.18199140512556844,0.0376230585514144,0.4385031513331659,0.18653093917370095,0.035083438982164886,-0.9936479910927676,-0.028219787622121923,-0.04375174678288975,0.09976514251744029,-0.05021399,0.25728825,0.20314422,0.5216277089501523,3.638699126895517e-05,0.00011231499956920743,0.0005312190041877329,0.0002826899872161448,0.00018562299374025315,0.00011284499487373978,0.0016056290041888133,0.018209613001090474,0.019815242005279288,50.466201711469104,0
94,1.9001247089909157,-0.04389506975282842,-0.8796728414348145,1.2088735739337366,-1.8100010357298792,-1.2722786108600062,0.11677311360836029,0.15950502455234528,-2.4043636322021484,-1.011628270149231,-0.6645042896270752,0.3631029725074768,0.00686296820640564,0.13658159971237183,-3.454124689102173,-1.684934139251709,-1.0275654792785645,0.7286219596862793,-0.09099292755126953,1.9757712344884326,1.1305009938329142,-1.1584877152836146,0.0491809851553853,-0.20484707495507115,0.16426499966340502,-0.030920185,-0.912538,1.203539,-1.7926283,-1.2729143,0.114894375,-0.030920185,-0.912538,1.203539,-1.7926283,-1.2729143,0.114894375,-0.043895069509744644,-0.8796728253364563,1.2088736295700073,-1.810001015663147,-1.2722786664962769,0.11677311360836029,0.32437208,-0.82162976,-0.13336523,0.4343168,-0.015891034,-0.04696848,0.013657569,0.5228925380462347,0.03231460286304355,0.013072313451155868,0.021373553201556206,0.00039215750000000003,1.56863,False,0,0.4291423028720755,0.1820909302026165,0.03745408005829834,0.4381232835323083,0.18680727966291955,0.035121615334671584,-0.993933484853161,-0.027830351881619638,-0.041648248539279446,0.09791416423956495,-0.05021399,0.25728825,0.20314422,0.5212220783325557,3.606999234762043e-05,0.00011524700676091015,0.0005260870093479753,0.00027972400130238384,0.000178829999640584,0.00010693201329559088,0.0015958190051605925,0.018234817995107733,0.019830637000268325,50.427023599215154,0
95,1.9201248659956036,-0.04346019426454717,-0.8816023629954834,1.208963696156637,-1.8099004230894984,-1.2711284796344202,0.11659717559814453,0.501768171787262,-2.6335666179656982,-1.3607912063598633,-0.3435177505016327,0.3581332266330719,-0.09447423368692398,0.5629441142082214,-3.37164044380188,-2.1017467975616455,-0.6979128122329712,0.7126777768135071,-0.20882555842399597,-0.971942158276333,0.6365675220090992,-2.724402983577593,-0.010009662355155515,-0.055924703032422717,0.15862900752530368,-0.031163294,-0.9140191,1.2083662,-1.7925237,-1.2766933,0.114929795,-0.031163294,-0.9140191,1.2083662,-1.7925237,-1.2766933,0.114929795,-0.043460194021463394,-0.8816023468971252,1.2089637517929077,-1.8099004030227661,-1.271128535270691,0.11659717559814453,0.30742252,-0.81041884,-0.014939172,0.43441772,-0.13911876,-0.04168445,-0.3296195,0.6024104483718623,0.025722212921828035,0.015060261209296558,0.02614462748169899,0.00039215750000000003,1.56863,False,0,0.42925086041525096,0.1825302609671416,0.03831570924889405,0.4372894242318644,0.1874002934155597,0.035436618862090305,-0.993602960271651,-0.02551954752796353,-0.04529392340598281,0.10025152312734331,-0.05021399,0.25728825,0.20314422,0.520259304778228,3.2679992727935314e-05,0.00010099700011778623,0.00048235700523946434,0.0002448309969622642,0.00018757799989543855,0.0001515280018793419,0.001524231003713794,0.018308322003576905,0.0198325530072907,50.42215188495335,0
96,1.94007388499449,-0.04228526750673467,-0.8852244180491944,1.2083962599383753,-1.8087812862791957,-1.2701461950885218,0.11631797254085541,0.3380390703678131,-2.154567241668701,-1.3416308164596558,-0.19071471691131592,0.24587687849998474,-0.12974146008491516,0.4292007088661194,-2.965386152267456,-1.868322730064392,-0.5766140818595886,0.5815058946609497,-0.18956416845321655,-0.8078639864031297,-0.40664961909038094,-0.16628410982787414,-0.08080899760583053,-0.03916483943275936,0.10727949173393239,-0.030196637,-0.9164976,1.2108687,-1.7923114,-1.2787676,0.114161834,-0.030196637,-0.9164976,1.2108687,-1.7923114,-1.2787676,0.114161834,-0.042285267263650894,-0.8852244019508362,1.208396315574646,-1.8087812662124634,-1.2701462507247925,0.11631797254085541,0.30221575,-0.7818298,0.06180995,0.41174495,-0.21553424,-0.053903528,-0.5558896,0.5993715122586282,0.014604420792311433,0.014984287806465704,0.030120521783828735,0.00039215750000000003,1.56863,False,0,0.42937015324955297,0.18324307203090437,0.03998776951665525,0.43733294334576694,0.18749088788368792,0.035530475346791206,-0.9935674296478909,-0.025022880254356377,-0.04582439981834112,0.1004873966832916,-0.05021399,0.25728825,0.20314422,0.5202576772479782,4.6941000618971884e-05,0.00010654899233486503,0.0005214019911363721,0.0002712030109250918,0.0001596440124558285,9.788200259208679e-05,0.001535359988338314,0.01826574100414291,0.019801100992481224,50.50224229348232,0
97,1.9600608079927042,-0.040670220051900685,-0.8894480031779786,1.207860294972555,-1.806467672387594,-1.2700675169574183,0.11600659787654877,0.23378127813339233,-1.8595054149627686,-1.3429697751998901,-0.2499028891324997,0.040707431733608246,-0.13707958161830902,0.2861674427986145,-2.6113977432250977,-1.670538067817688,-0.5079718828201294,0.2998964488506317,-0.17412897944450378,1.0674111667319435,-0.7203843663660641,0.7149722182333371,-0.08670756229379452,-0.11867812345404119,0.07747673401633207,-0.027027868,-0.9210181,1.2098496,-1.7907099,-1.2788632,0.11384406,-0.027027868,-0.9210181,1.2098496,-1.7907099,-1.2788632,0.11384406,-0.04067021980881691,-0.8894479870796204,1.2078603506088257,-1.8064676523208618,-1.270067572593689,0.11600659787654877,0.3410588,-0.78925323,0.049731635,0.39394376,-0.21989168,-0.054063495,-0.53105843,0.526031274741374,0.003983252178877595,0.013150781868534352,0.02996857650578022,0.00039215750000000003,1.56863,False,0,0.4291663600251696,0.18395034929221551,0.041763815938027,0.43769345530638554,0.18698870078850555,0.0358825172344143,-0.9935509571998885,-0.024701725265250038,-0.04642363522660553,0.1004545288155676,-0.05021399,0.25728825,0.20314422,0.520549880777127,0.0004690549976658076,0.00012308999430388212,0.0005700339970644563,0.0003089720121352002,0.00017924800340551883,0.00010513899906072766,0.002395554998656735,0.017419640003936365,0.0198151950025931,50.46632141995755,0
98,1.9801296629884746,-0.03896695772279912,-0.8938687604716797,1.2075684706317347,-1.8039080105223597,-1.270660702382223,0.11566424369812012,0.17194673418998718,-1.8584812879562378,-1.3600718975067139,-0.29809772968292236,0.01906532794237137,-0.14065134525299072,0.2326086461544037,-2.4874610900878906,-1.6194343566894531,-0.5120156407356262,0.17255587875843048,-0.1726035326719284,1.0100998193326007,-0.5512503875379133,0.6452237399293514,-0.07188197861297393,-0.1299526681841448,0.07006111294408743,-0.02283787,-0.9264338,1.2062697,-1.7886777,-1.2774818,0.11378453,-0.02283787,-0.9264338,1.2062697,-1.7886777,-1.2774818,0.11378453,-0.03896695747971535,-0.8938687443733215,1.2075685262680054,-1.8039079904556274,-1.2706607580184937,0.11566424369812012,0.40322718,-0.81412715,-0.032468945,0.3807577,-0.17052622,-0.046992786,-0.27745417,0.43835939561781173,0.0,0.010958984890445294,0.026301564648747444,0.0008823525,3.52941,False,0,0.4288189892108012,0.18454789340358038,0.043493551267754366,0.43842326827102746,0.18647709315885713,0.03570591056723611,-0.9934714330338448,-0.025354376012177764,-0.04742035951737548,0.10061306343916271,-0.05021399,0.25728825,0.20314422,0.5213599303037428,3.65839950973168e-05,0.00012068699288647622,0.0005939140100963414,0.00024602199846412987,0.00015694300236646086,0.00011298799654468894,0.0016711469943402335,0.01819877899833955,0.019869925992679782,50.32731376897966,0
99,2.0001270079956157,-0.037323776875631154,-0.8982418340495606,1.2075327078448694,-1.801674028436178,-1.2714265028582972,0.1153801903128624,0.29046568274497986,-2.059136152267456,-1.0060467720031738,-0.29864194989204407,0.01167340949177742,-0.13471297919750214,0.26368972659111023,-2.5181524753570557,-1.2411705255508423,-0.554879367351532,0.21229159832000732,-0.17566946148872375,-0.051889223053144244,-0.6063692691274092,0.1899449769695634,-0.08260422275478473,-0.08969251814032221,0.06527830190229772,-0.020398878,-0.9307239,1.2023854,-1.7872007,-1.2743765,0.11333698,-0.020398878,-0.9307239,1.2023854,-1.7872007,-1.2743765,0.11333698,-0.03732377663254738,-0.8982418179512024,1.2075327634811401,-1.8016740083694458,-1.2714265584945679,0.1153801903128624,0.4231225,-0.8120522,-0.12868309,0.3618344,-0.07374916,-0.051080257,0.054024503,0.37250276336617677,0.0010804900527000428,0.00931256908415442,0.02191796898841858,0.0008823525,3.52941,False,0,0.42846637885917055,0.18508046036756565,0.045142922136633984,0.43847457407696777,0.18651422875881093,0.035788300936820026,-0.993528796394045,-0.024583736017280214,-0.04639197851169707,0.10071708720965661,-0.05021399,0.25728825,0.20314422,0.5213765220492979,5.145599425304681e-05,0.00012982900079805404,0.0005385480035329238,0.0003526849905028939,0.00015793400234542787,0.0001088130084099248,0.0017570790078025311,0.01803275299607776,0.019789832003880292,50.53099995007158,0
100,2.020128610995016,-0.03550893465151006,-0.9026326102069397,1.2076848188983362,-1.799450536767477,-1.2724860350238245,0.11510483920574188,0.3474114239215851,-2.0640978813171387,-1.0340101718902588,-0.34559980034828186,0.061605606228113174,-0.13842040300369263,0.3213467299938202,-2.619420289993286,-1.297727108001709,-0.6129563450813293,0.2775439918041229,-0.17869190871715546,0.9406817382905661,0.6056700549412093,-0.5484295632717875,-0.022983979408970692,-0.1275874704081904,0.08155898652102042,-0.01989413,-0.9340029,1.1999497,-1.7859015,-1.2717267,0.112549625,-0.01989413,-0.9340029,1.1999497,-1.7859015,-1.2717267,0.112549625,-0.035508934408426285,-0.9026325941085815,1.207684874534607,-1.7994505167007446,-1.2724860906600952,0.11510483920574188,0.39037013,-0.7842569,-0.193378,0.33872396,0.018983107,-0.06388029,0.19976167,0.34425712633089395,0.005075723528862,0.00860642815827235,0.018625138327479362,0.0008823525,3.52941,False,0,0.42801905241034655,0.18562140458358872,0.046728135671880416,0.43829203875394007,0.18689317245354664,0.03567724004295329,-0.9935800410671366,-0.023809716196287942,-0.046801004612437386,0.10020721621393397,-0.05021399,0.25728825,0.20314422,0.5211897886635077,5.159000284038484e-05,0.0001135460042860359,0.0005433580081444234,0.0002935480006271973,0.00015219100168906152,0.000108638996607624,0.0016215530049521476,0.0182221249997383,0.019843678004690446,50.393883621959105,0
101,2.040128298991476,-0.03335458437074834,-0.9073526424220582,1.207609001790182,-1.7974006138243617,-1.2733843962298792,0.11481759697198868,0.29069390892982483,-1.8991444110870361,-1.4016355276107788,-0.335960328578949,0.03448709473013878,-0.16062963008880615,0.31282809376716614,-2.6657257080078125,-1.673210620880127,-0.659553050994873,0.31846845149993896,-0.1795164793729782,1.4092163519397058,0.010286763380288708,-0.30087643628360894,-0.07137364877396814,-0.11932508881122694,0.12105267555175107,-0.019211264,-0.9374121,1.1990775,-1.7847158,-1.2710912,0.11190936,-0.019211264,-0.9374121,1.1990775,-1.7847158,-1.2710912,0.11190936,-0.033354584127664566,-0.9073526263237,1.2076090574264526,-1.7974005937576294,-1.27338445186615,0.11481759697198868,0.353583,-0.7514871,-0.21328928,0.3171205,0.057329908,-0.07270585,0.20267946,0.3477430228388655,0.00912931263446808,0.008693575570971638,0.01721285656094551,0.0008823525,3.52941,False,0,0.42764526538381953,0.18633839335779537,0.0485353429025675,0.43810123443823384,0.18694659223118357,0.03580753734794681,-0.9935235030263498,-0.0225792449330564,-0.04656446466410091,0.10115822864059709,-0.05021399,0.25728825,0.20314422,0.5209618718834872,5.107399192638695e-05,0.00011478099622763693,0.0005099289992358536,0.00032171398925129324,0.00014925400319043547,0.00010919298802036792,0.0015934940020088106,0.018242888996610418,0.01983638299861923,50.41241642035285,0
102,2.060084539989475,-0.03103953996767217,-0.9118954104236145,1.2070468107806605,-1.7954822979369105,-1.2740462462054651,0.11456966400146484,0.18028275668621063,-1.9347751140594482,-1.4058853387832642,-0.28124213218688965,0.0191152673214674,-0.15669351816177368,0.24592407047748566,-2.63568115234375,-1.856815218925476,-0.6746855974197388,0.31482818722724915,-0.17819592356681824,0.758411925929613,-0.6728717900796446,0.5031895115457197,-0.08068853223630913,-0.11286648458255538,0.05942672479210624,-0.017580707,-0.941171,1.198755,-1.7831783,-1.2719905,0.11151501,-0.017580707,-0.941171,1.198755,-1.7831783,-1.2719905,0.11151501,-0.031039539724588394,-0.9118953943252563,1.2070468664169312,-1.7954822778701782,-1.2740463018417358,0.11456966400146484,0.33647084,-0.73189014,-0.20729639,0.3075984,0.05139325,-0.076366425,0.14646187,0.3701761864950548,0.012058550119400026,0.00925440466237637,0.01738715171813965,0.0008823525,3.52941,False,0,0.427390702149598,0.18717223070271155,0.05042461441998469,0.4377813192636854,0.18695702338398704,0.03588029180400318,-0.9935622709692208,-0.023839334983920102,-0.04539828272573635,0.10101812999938031,-0.05021399,0.25728825,0.20314422,0.5206372291107966,3.5945005947723985e-05,0.00011348500265739858,0.0005215790006332099,0.0003109969984507188,0.00023339899780694395,0.00017980400298256427,0.0017309510003542528,0.01804573499248363,0.019776685992837884,50.56458905006377,0
103,2.0801282609900227,-0.028859917317525685,-0.9162251514247437,1.2062800566302698,-1.79350008587026,-1.2743504683123987,0.1142582818865776,0.15499749779701233,-1.930262804031372,-1.4342341423034668,-0.26066824793815613,0.10716287046670914,-0.13930851221084595,0.19772984087467194,-2.5857603549957275,-1.8306502103805542,-0.6625475287437439,0.4059962332248688,-0.17626510560512543,0.6250831997553059,-0.6713373224252305,0.1357046950207581,-0.06468900004693846,-0.09683396543400483,0.0745466234932001,-0.015273802,-0.94540066,1.1986293,-1.7812123,-1.2735479,0.11119698,-0.015273802,-0.94540066,1.1986293,-1.7812123,-1.2735479,0.11119698,-0.02885991707444191,-0.9162251353263855,1.2062801122665405,-1.7935000658035278,-1.2743505239486694,0.1142582818865776,0.3396529,-0.72938806,-0.1912699,0.3071924,0.020067306,-0.07653259,0.058545772,0.39667659247337866,0.013229465559124949,0.009916914811834467,0.018508808687329292,0.0008823525,3.52941,False,0,0.42717917697554847,0.18802861086645822,0.05230027317859501,0.4379036203881588,0.1868574821082476,0.03585853091555771,-0.9935493037943129,-0.024025988383543452,-0.0460983611803539,0.10078410716231834,-0.05021399,0.25728825,0.20314422,0.5207723070292514,3.675000334624201e-05,0.0001175619981950149,0.000572363001992926,0.0002862510009435937,0.00018658999761100858,0.00011999699927400798,0.001672134007094428,0.0181800409918651,0.019852174998959526,50.37231437121681,0
104,2.10012632899452,-0.0268328825580042,-0.9203474682620545,1.2053301970111292,-1.7915507755675257,-1.2741568724261683,0.11384381353855133,0.2443424016237259,-1.9589641094207764,-1.4316620826721191,-0.30608445405960083,0.1511848419904709,-0.16381283104419708,0.19209228456020355,-2.551933526992798,-1.7955025434494019,-0.6394222974777222,0.5297967195510864,-0.17480149865150452,0.7314418714799662,-0.47469674660861594,-0.19190226196928456,-0.04705939261921909,-0.09912865427812406,0.06026253025505744,-0.012733816,-0.9496194,1.1984551,-1.7792614,-1.2750063,0.11084073,-0.012733816,-0.9496194,1.1984551,-1.7792614,-1.2750063,0.11084073,-0.026832882314920425,-0.9203474521636963,1.2053302526474,-1.7915507555007935,-1.274156928062439,0.11384381353855133,0.35247666,-0.7317991,-0.17187865,0.30723554,-0.021232734,-0.075077154,-0.031815127,0.41451824725021164,0.012593163028359415,0.010362956181255292,0.019833829253911972,0.0008823525,3.52941,False,0,0.4270321880709159,0.18893174616596953,0.054175570469012835,0.43824202428010545,0.18683192476023439,0.03575970852768266,-0.9935676768313825,-0.02307029844825641,-0.047059307521870264,0.10038163348918988,-0.05021399,0.25728825,0.20314422,0.5211246930364766,0.0008833250030875206,0.00014745299995411187,0.0005472240009112284,0.00028048599779140204,0.00020948699966538697,0.00015538099978584796,0.002641949991811998,0.017174299006001092,0.01981624899781309,50.46363719543287,0
105,2.1201291539910017,-0.024972263966695607,-0.9244906467250367,1.2041800657855433,-1.7897688351073207,-1.2739980856524866,0.11345957964658737,0.2701241374015808,-1.9396593570709229,-1.401281714439392,-0.3349089026451111,0.2723277509212494,-0.15193189680576324,0.21531224250793457,-2.5433995723724365,-1.7703922986984253,-0.6186102628707886,0.513501763343811,-0.17431773245334625,0.5981118800797713,0.44421264398626714,0.3354479741789761,-0.01537467543543342,-0.09571321831986493,0.06355772336275331,-0.010500927,-0.95360595,1.197875,-1.7776463,-1.2761968,0.11047571,-0.010500927,-0.95360595,1.197875,-1.7776463,-1.2761968,0.11047571,-0.02497226372361183,-0.9244906306266785,1.204180121421814,-1.7897688150405884,-1.2739981412887573,0.11345957964658737,0.36178342,-0.72788274,-0.15762845,0.30306384,-0.054967128,-0.07459665,-0.09402442,0.4168497035929664,0.010712674632668496,0.01042124258982416,0.020725911483168602,0.0032353,12.9412,False,0,0.42700495480861966,0.1897538661135702,0.05612477837616145,0.43831866853086054,0.18685441463175298,0.035793302845001644,-0.9935893628966865,-0.023282750130991115,-0.04663510814807083,0.1003160072103676,-0.05021399,0.25728825,0.20314422,0.5211827054374949,3.5388991818763316e-05,0.00011083499703090638,0.0005311140121193603,0.00030935498944018036,0.00017014799232129008,0.00010310301149729639,0.001633672000025399,0.01820551499258727,0.019839186992612667,50.405291324304805,0
106,2.1401558489887975,-0.02307016054262334,-0.9285786908916016,1.2030490080462855,-1.7881275616087855,-1.27380878130068,0.1130296066403389,0.2830169200897217,-1.9171013832092285,-1.385079264640808,-0.2541016936302185,0.1944669932126999,-0.16401156783103943,0.24274809658527374,-2.543846607208252,-1.7572555541992188,-0.6067756414413452,0.4812040328979492,-0.17455324530601501,0.27367913290145995,-0.29718148613169393,0.41035899275509935,-0.0515634819532817,-0.07801921380070893,0.05704979512374864,-0.008400864,-0.95713526,1.1968614,-1.7766572,-1.2764128,0.110019885,-0.008400864,-0.95713526,1.1968614,-1.7766572,-1.2764128,0.110019885,-0.023070160299539566,-0.9285786747932434,1.2030490636825562,-1.7881275415420532,-1.2738088369369507,0.1130296066403389,0.36673242,-0.71391535,-0.15469053,0.2867578,-0.06510086,-0.075243,-0.11831961,0.40301663610911237,0.008346282467246056,0.01007541590272781,0.02084248512983322,0.0032353,12.9412,False,0,0.426981148383773,0.1906008740840215,0.05805883110572263,0.43845189134108664,0.1876431195282227,0.03610133004893898,-0.9935956619195366,-0.01962662008970737,-0.04843915660801844,0.10018048258092804,-0.05021399,0.25728825,0.20314422,0.5211027866260697,3.4765005693770945e-05,0.00011775200255215168,0.0005628939979942515,0.00028718600515276194,0.00017527799354866147,0.00011009500303771347,0.0016633109917165712,0.018172834999859333,0.019836145991575904,50.4130187600295,0
107,2.160101264002151,-0.021126572285787404,-0.9326458138278504,1.202038590108053,-1.7864495716490687,-1.2738326231585901,0.11264514923095703,0.24485351145267487,-1.904951810836792,-1.3882637023925781,-0.29875266551971436,0.07190640270709991,-0.15446683764457703,0.25324922800064087,-2.5448126792907715,-1.7586452960968018,-0.6089476346969604,0.31562483310699463,-0.17433764040470123,0.5740037056665009,-0.3268186073726696,0.21694533623763707,-0.051321864495074206,-0.07424532681101398,0.06120378003557158,-0.0060552256,-0.9597409,1.1954719,-1.7765341,-1.2757485,0.10950342,-0.0060552256,-0.9597409,1.1954719,-1.7765341,-1.2757485,0.10950342,-0.02112657204270363,-0.9326457977294922,1.2020386457443237,-1.7864495515823364,-1.2738326787948608,0.11264514923095703,0.37678367,-0.6773774,-0.16416876,0.24788529,-0.047896504,-0.07854332,-0.14443454,0.37223114101072047,0.005457591637969017,0.009305778525268012,0.02015083096921444,0.0032353,12.9412,False,0,0.4268917410993769,0.1914190259262103,0.059934415803236996,0.4390112438088526,0.18995431144423364,0.03575912911823398,-0.9936213503279325,-0.025021400958116773,-0.045457839623315795,0.10012063439912516,-0.05021399,0.25728825,0.20314422,0.5214335592383039,0.00011217799328733236,0.00011646500206552446,0.0007148330041673034,0.0003192889998899773,0.00017838701023720205,0.00013850699178874493,0.0019495080050546676,0.017824412003392354,0.01977392000844702,50.571662046413664,0
108,2.180126877996372,-0.019138638173238576,-0.9366812270930787,1.2011244932757776,-1.784804483453268,-1.2740753332721155,0.11219170689582825,0.2894653081893921,-1.9225603342056274,-1.4035840034484863,-0.27935686707496643,0.07241149246692657,-0.16736091673374176,0.25279855728149414,-2.5400562286376953,-1.768535852432251,-0.620886504650116,0.24128387868404388,-0.17421582341194153,0.9098719582137629,-0.06653162357605524,0.054580647581071624,-0.03331109238968864,-0.08953718200896518,0.07105755779513742,-0.0040967437,-0.96084064,1.1943016,-1.7774702,-1.2746491,0.10903729,-0.0040967437,-0.96084064,1.1943016,-1.7774702,-1.2746491,0.10903729,-0.0191386379301548,-0.9366812109947205,1.2011245489120483,-1.7848044633865356,-1.2740753889083862,0.11219170689582825,0.37604737,-0.6039863,-0.17057349,0.18335615,-0.014344512,-0.07886047,-0.14869732,0.3267502528758504,0.0024836453050374988,0.00816875632189626,0.01861155778169632,0.0032353,12.9412,False,0,0.42675912943033345,0.1922074668318882,0.061757918582030474,0.43946831032626205,0.19169808343492475,0.03590407445807959,-0.9935312683610034,-0.024341682272651544,-0.0441436484503383,0.10175664028866122,-0.05021399,0.25728825,0.20314422,0.5215937987216712,0.00010654100333340466,0.00012182201317045838,0.0005393199971877038,0.0002632799878483638,0.00015562601038254797,0.0001171670010080561,0.0016853220004122704,0.018121978995623067,0.019807300996035337,50.48643427997392,0
109,2.2001222609978868,-0.01716787019838506,-0.9406287235072632,1.200273338948385,-1.7832485638060511,-1.2742717901812952,0.11177580803632736,0.32833826541900635,-1.9263949394226074,-1.42448890209198,-0.27389857172966003,0.017705321311950684,-0.17750851809978485,0.25743553042411804,-2.5181102752685547,-1.7775390148162842,-0.6364076137542725,0.25367963314056396,-0.17450332641601562,0.28631191336799294,-0.08041722279381341,0.18723480960614258,-0.033305230788566224,-0.06460321663078997,0.056034984028785456,-0.0031201988,-0.95881724,1.1936077,-1.7800499,-1.2729439,0.10873485,-0.0031201988,-0.95881724,1.1936077,-1.7800499,-1.2729439,0.10873485,-0.017167869955301285,-0.940628707408905,1.2002733945846558,-1.7832485437393188,-1.274271845817566,0.11177580803632736,0.3511918,-0.45471314,-0.16664352,0.07996628,0.03319959,-0.07602394,-0.18262093,0.27229187739654204,0.0,0.006807296934913551,0.01633751206099987,0.0032353,12.9412,False,0,0.42661545681730495,0.1929995233527957,0.06353713892669918,0.4399466863665167,0.19337213991648294,0.03583691905405306,-0.9931779819701945,-0.02318953667624364,-0.04684172045758407,0.10423810540013095,-0.05021399,0.25728825,0.20314422,0.5218567716561809,5.529201007448137e-05,0.00011341599747538567,0.00048129301285371184,0.000251994002610445,0.00014843900862615556,0.00010998400102835149,0.0014758610050193965,0.018353587001911364,0.01982944800693076,50.43004725348287,0
110,2.220129312001518,-0.015100781117574513,-0.9444250625422974,1.1993792692767542,-1.781808992425436,-1.2745092550860804,0.11134838312864304,0.31742438673973083,-1.9564651250839233,-1.4048227071762085,-0.2670726776123047,0.007423855364322662,-0.15143883228302002,0.24687357246875763,-2.4611642360687256,-1.7713106870651245,-0.6468871831893921,0.2594446539878845,-0.17440401017665863,0.023670872212683176,-0.39226426954108784,0.33012058836133457,-0.04501150079027986,-0.055280150854567875,0.06279621531507226,-0.0031383159,-0.95191365,1.1936034,-1.784821,-1.2710074,0.10877922,-0.0031383159,-0.95191365,1.1936034,-1.784821,-1.2710074,0.10877922,-0.015100780874490738,-0.9444250464439392,1.199379324913025,-1.7818089723587036,-1.274509310722351,0.11134838312864304,0.29906163,-0.187215,-0.14439946,-0.07530282,0.087548174,-0.064229,-0.2586386,0.2269098978304517,0.0,0.005672747445761293,0.013614594005048275,0.0032353,12.9412,False,0,0.4264696220777251,0.19382326110683692,0.06527089135053676,0.44060899083880056,0.19514005380802915,0.035810042988420485,-0.992654627562174,-0.022335880352302426,-0.04569904711175033,0.10977012923646357,-0.05021399,0.25728825,0.20314422,0.5222741837415165,3.590399865061045e-05,0.00011140800779685378,0.00046115599980112165,0.0003012879897141829,0.00017582799773663282,0.00010937599290627986,0.0014967940078349784,0.018340262002311647,0.019837056010146625,50.410706078991836,0
111,2.2401284989900887,-0.013044659291402638,-0.9479053181460877,1.1984418074237269,-1.7805777988829554,-1.2747300306903284,0.11091732233762741,0.2364783138036728,-1.7671958208084106,-1.3648134469985962,-0.30518603324890137,0.0927644819021225,-0.16535060107707977,0.20911753177642822,-2.3364322185516357,-1.7356075048446655,-0.6469506621360779,0.3089735507965088,-0.1710476130247116,0.6402270158534948,0.02272346429369175,0.15790155217105267,-0.027233661557249614,-0.049514835086784004,0.10234790338064063,-0.0048025614,-0.9424642,1.1936704,-1.7906007,-1.269768,0.1090549,-0.0048025614,-0.9424642,1.1936704,-1.7906007,-1.269768,0.1090549,-0.013044659048318863,-0.9479053020477295,1.1984418630599976,-1.7805777788162231,-1.2747300863265991,0.11091732233762741,0.20605244,0.13602844,-0.1192869,-0.2505712,0.12405277,-0.046560578,-0.35134897,0.18909158152537645,0.0,0.004727289538134411,0.011345494538545609,0.0032353,12.9412,False,0,0.42635052266211243,0.19464598577369463,0.06690062296691823,0.44101300941888266,0.1961640990121966,0.03585592940925124,-0.9925511085248909,-0.02370305487913861,-0.04565088626451936,0.11043747114156655,-0.05021399,0.25728825,0.20314422,0.5225184191609409,0.00010371299867983907,0.00011284499487373978,0.0004624739958671853,0.0003230050060665235,0.00014719899627380073,0.00010380000458098948,0.00155707799422089,0.018262426994624548,0.019819504988845438,50.455346920258975,0
112,2.2601321849942906,-0.01100188890566045,-0.9508301180652161,1.1975625197040003,-1.7798520527281703,-1.2746031920062464,0.11051478981971741,0.15642057359218597,-1.5613634586334229,-1.311887264251709,-0.30683961510658264,0.17974744737148285,-0.18592241406440735,0.15035051107406616,-2.120105028152466,-1.660900354385376,-0.6317018866539001,0.45853227376937866,-0.16465555131435394,0.675655099122705,-0.6520364050660503,0.6785774699606538,-0.05723856100415395,-0.08452013178812268,0.05114643007926205,-0.0059718913,-0.93525606,1.1935065,-1.7962666,-1.2672117,0.10944536,-0.0059718913,-0.93525606,1.1935065,-1.7962666,-1.2672117,0.10944536,-0.011001888662576675,-0.9508301019668579,1.197562575340271,-1.779852032661438,-1.274603247642517,0.11051478981971741,0.12574993,0.38935107,-0.10140165,-0.41036353,0.18478855,-0.02673565,-0.3905532,0.1575763179378137,0.0,0.003939407948445343,0.009454579092562199,0.0032353,12.9412,False,0,0.42628116644296316,0.19554166610478638,0.06834200418641426,0.4411891627671443,0.1977705543434353,0.0370648324509064,-0.9933084062404505,-0.022508503676706905,-0.04457572417563805,0.1041383788811111,-0.05021399,0.25728825,0.20314422,0.5221128010479544,3.575001028366387e-05,0.00016065100498963147,0.0006805250013712794,0.00028319700504653156,0.00016692999633960426,0.00018932099919766188,0.0025779110001167282,0.017249430995434523,0.01982734199555125,50.43540380875936,0
113,2.2800827749888413,-0.009190861378804982,-0.9525044125369568,1.1967399756061,-1.7798782787718714,-1.2742441336261194,0.11016267538070679,0.05851215869188309,-1.4381264448165894,-1.2548264265060425,-0.4946994185447693,0.16717299818992615,-0.2026325762271881,0.06390446424484253,-1.91817045211792,-1.5959160327911377,-0.8821774125099182,0.4513299763202667,-0.15648815035820007,1.12071418031306,-1.2227381391468422,1.7009676411037047,-0.08623516839255231,-0.0901948236373427,0.060029029141103675,-0.007545906,-0.93098384,1.193485,-1.8003509,-1.2651204,0.109762095,-0.007545906,-0.93098384,1.193485,-1.8003509,-1.2651204,0.109762095,-0.009190861135721207,-0.9525043964385986,1.1967400312423706,-1.7798782587051392,-1.2742441892623901,0.11016267538070679,0.041123882,0.5380145,-0.08137666,-0.5118172,0.22809555,-0.010014596,-0.3956019,0.13131359828151143,0.0,0.003282839957037786,0.00787881575524807,0.010196075,40.7843,False,0,0.4263051172765988,0.19639131226377163,0.06931178737486463,0.4411802150352441,0.1988565948455339,0.03857299846108379,-0.9937007343352562,-0.02215867301312566,-0.04491774581772473,0.10025062277390367,-0.05021399,0.25728825,0.20314422,0.5215037961770473,3.603199729695916e-05,0.00011666900536511093,0.0005496499943546951,0.0003033419925486669,0.0001572339970152825,0.00011381300282664597,0.0015986549988156185,0.018156899997848086,0.019755554996663705,50.61867409793746,0
114,2.3001037829963025,-0.007834259663717091,-0.9526524704745789,1.1960294882403772,-1.780673166314596,-1.2738974730121058,0.10981201380491257,0.02215665578842163,-1.0920097827911377,-1.2415449619293213,-0.61302250623703,0.2575056850910187,-0.19043803215026855,0.03994374722242355,-1.317108154296875,-1.596588373184204,-0.8947464227676392,0.447361022233963,-0.1528782695531845,1.5358344580634906,-0.5541742679436378,1.7905315661734071,-0.0756429313101069,-0.09204503622827145,0.060781394879007376,-0.008467592,-0.9277129,1.19396,-1.8034142,-1.2632922,0.109970234,-0.008467592,-0.9277129,1.19396,-1.8034142,-1.2632922,0.109970234,-0.007834259420633316,-0.9526524543762207,1.196029543876648,-1.7806731462478638,-1.2738975286483765,0.10981201380491257,-0.015833313,0.62348837,-0.051738653,-0.5685266,0.26513228,0.003955501,-0.38923568,0.1094279985679262,0.0,0.002735699964198155,0.006565679796040058,0.010196075,40.7843,False,0,0.42643432525431996,0.1970449752938747,0.06966128043220851,0.4411389318241871,0.19985672218471134,0.039594820622252294,-0.9937667802458667,-0.023566043079178846,-0.04491493828609393,0.09927170652821526,-0.05021399,0.25728825,0.20314422,0.5210321291546536,5.0237009418196976e-05,0.00011756099411286414,0.00048298100591637194,0.00029711499519180506,0.00015317898942157626,0.00011210200318600982,0.001532538008177653,0.01831737499742303,0.019849913005600683,50.37805453947574,0
115,2.3200835949974135,-0.006944958363668263,-0.9511288565448304,1.19545823732485,-1.7823907337584437,-1.2730444113360804,0.10961196571588516,0.0820670947432518,-1.1041264533996582,-1.3367576599121094,-0.6470028162002563,0.25207021832466125,-0.1717580109834671,0.028848281130194664,-1.4170997142791748,-1.643229603767395,-0.9186291694641113,0.4619453251361847,-0.12497631460428238,1.1893449627602144,-0.9920494484893558,0.7470051187318075,-0.07438824567245031,-0.07930069152812808,0.06198430638697385,-0.009426687,-0.9240669,1.194258,-1.806586,-1.261692,0.11021654,-0.009426687,-0.9240669,1.194258,-1.806586,-1.261692,0.11021654,-0.006944958586245775,-0.9511288404464722,1.1954582929611206,-1.7823907136917114,-1.273044466972351,0.10961196571588516,-0.062043224,0.67654794,-0.03000718,-0.6048837,0.28381175,0.015114399,-0.38405,0.09118999880660517,0.0,0.0022797499701651294,0.005471399985253811,0.010196075,40.7843,False,0,0.426691264542158,0.1976145551506035,0.06936782703459235,0.4413916344661741,0.20050574810392047,0.03979492451717721,-0.9939540205968005,-0.02376490599384767,-0.044885146356578046,0.09734441051922543,-0.05021399,0.25728825,0.20314422,0.5211365792834051,1.872899883892387e-05,5.724201037082821e-05,0.0002497569948900491,0.00014795899915043265,7.305599865503609e-05,4.608198651112616e-05,0.0007481259963242337,0.01914325699908659,0.019891382995410822,50.27302527082767,0
116,2.340104301998508,-0.006504360829488576,-0.9485029739192505,1.194946591054098,-1.784926553765768,-1.2718923727618616,0.10955572128295898,0.12222474813461304,-1.1574395895004272,-1.3330522775650024,-0.6612985134124756,0.31975027918815613,-0.15147404372692108,0.03087724559009075,-1.4634371995925903,-1.657893419265747,-0.9313147068023682,0.4777975082397461,-0.05184415727853775,0.4838010423170687,-1.066666618275439,-0.5256726751107719,-0.07022549074578067,-0.05993840302160386,0.0715271078884626,-0.010619268,-0.9200204,1.1948562,-1.8099313,-1.2603269,0.11053953,-0.010619268,-0.9200204,1.1948562,-1.8099313,-1.2603269,0.11053953,-0.006504361052066088,-0.9485029578208923,1.1949466466903687,-1.7849265336990356,-1.2718924283981323,0.10955572128295898,-0.10287267,0.7120637,-0.0022612845,-0.6251192,0.28913885,0.024595283,-0.37846038,0.07599166567217097,0.0,0.0018997916418042745,0.004559500142931938,0.010196075,40.7843,False,0,0.4271160614334003,0.19806034916376355,0.06867244528501315,0.4415705245415185,0.20085998570682798,0.03964448599021837,-0.994037642988765,-0.02230502316125968,-0.04287319374761493,0.09774210447957976,-0.05021399,0.25728825,0.20314422,0.5213140322124395,1.7579004634171724e-05,5.722101195715368e-05,0.00020716899598482996,0.00014515798829961568,6.655599281657487e-05,4.7021996579132974e-05,0.0006915340054547414,0.019234231003792956,0.019925765009247698,50.18627889749239,0
117,2.360074625001289,-0.006551567708150685,-0.9451275628856202,1.194543186818258,-1.7881847820677699,-1.2703030745135706,0.10955211520195007,-0.18220943212509155,-1.1915321350097656,-1.3572601079940796,-0.6660051941871643,0.27207887172698975,-0.08108041435480118,-0.3292919099330902,-1.5721421241760254,-1.692936897277832,-0.9349036812782288,0.49358001351356506,0.014451189897954464,0.6808729402455126,-1.3775751501650748,1.0592327276843583,-0.1060572682599505,-0.06498060037088278,0.03529549028276269,-0.0113653485,-0.9155097,1.1953293,-1.8138065,-1.2584045,0.11084608,-0.0113653485,-0.9155097,1.1953293,-1.8138065,-1.2584045,0.11084608,-0.006551567930728197,-0.945127546787262,1.1945432424545288,-1.7881847620010376,-1.2703031301498413,0.10955211520195007,-0.12034452,0.740446,0.019650722,-0.6405443,0.29746547,0.032349043,-0.3806838,0.06332638806014247,0.0,0.001583159701503562,0.0037995832972228527,0.010196075,40.7843,False,0,0.4277089155923603,0.19839647275484362,0.06771281106735633,0.44205919498220186,0.2013760404480961,0.03875747203153226,-0.9939847021565283,-0.022924995993956775,-0.04478507210823771,0.09727862476341181,-0.05021399,0.25728825,0.20314422,0.5219981476495461,2.2003994672559202e-05,7.633399218320847e-05,0.00027358101215213537,0.0001689810014795512,0.00011699600145220757,5.240300379227847e-05,0.0008877740037860349,0.018968347008922137,0.019856121012708172,50.362303863880925,0
118,2.3801786419935524,-0.006914917622701466,-0.9411807817271729,1.1943753401385706,-1.791842599908346,-1.2686007658587855,0.10956404358148575,-0.20710550248622894,-1.2557857036590576,-1.3142801523208618,-0.668528139591217,0.286993145942688,0.013596747070550919,-0.3273000419139862,-1.6548651456832886,-1.585105061531067,-0.9349691867828369,0.5122661590576172,0.06563398241996765,0.7587203428274898,-0.5398324809105993,0.9289293362426241,-0.06986203592716694,-0.06418151127012584,0.07039816249058822,-0.012317345,-0.91056955,1.1956568,-1.8179748,-1.2568111,0.11110309,-0.012317345,-0.91056955,1.1956568,-1.8179748,-1.2568111,0.11110309,-0.006914917845278978,-0.9411807656288147,1.1943753957748413,-1.7918425798416138,-1.2686008214950562,0.10956404358148575,-0.13506065,0.7652801,0.03203513,-0.6533045,0.29474062,0.03847609,-0.39049158,0.05277199005011873,0.0,0.0013192997512529684,0.0031663193367421627,0.010196075,40.7843,False,0,0.42833768752855755,0.1986227221369743,0.06648031278062694,0.4426538791115685,0.2016167058131915,0.03711930348342757,-0.9931515041891363,-0.025217727709057926,-0.048190027099959634,0.10340169253398834,-0.05021399,0.25728825,0.20314422,0.5230509817977461,3.0746989068575203e-05,0.00010095500329043716,0.0004467899998417124,0.0002670359972398728,0.00013463100185617805,8.728899410925806e-05,0.0013360300072235987,0.018605714998557232,0.01994174500578083,50.14606293030595,0
119,2.400122883991571,-0.007419888173238576,-0.9367125195315857,1.1943991819964808,-1.7958528004088343,-1.266794506703512,0.10969948768615723,-0.21586541831493378,-1.2737330198287964,-1.1492207050323486,-0.6947555541992188,0.33202338218688965,0.07956509292125702,-0.2976743280887604,-1.708986520767212,-1.4419468641281128,-0.9374605417251587,0.5247969031333923,0.1032523512840271,0.37773347171771443,-0.32324807416784274,0.389470961493062,-0.07041206940170605,-0.05474146841051943,0.0610574427533878,-0.013616692,-0.90568143,1.1977043,-1.8217853,-1.2554858,0.11155807,-0.013616692,-0.90568143,1.1977043,-1.8217853,-1.2554858,0.11155807,-0.007419888395816088,-0.9367125034332275,1.1943992376327515,-1.795852780342102,-1.2667945623397827,0.10969948768615723,-0.15492009,0.775777,0.08262798,-0.64831245,0.282719,0.046464555,-0.38134664,0.04397665837509895,0.0,0.0010994164593774738,0.0026385996025055647,0.010196075,40.7843,False,0,0.4289711477111096,0.19881128195602982,0.06500371603468061,0.44237058643841304,0.2017174126885275,0.036587473778697366,-0.9934729226203962,-0.0258420162399395,-0.04007731188440456,0.10362210561296814,-0.05021399,0.25728825,0.20314422,0.522942474886767,5.100799899082631e-05,0.00011536000238265842,0.0005028460000175983,0.000318224003422074,0.00015672799781896174,0.00011678300506900996,0.0015676159964641556,0.018172155003412627,0.019739770999876782,50.65914898436472,0
120,2.4201232959894696,-0.00807506242860967,-0.932071642284729,1.1944831053363245,-1.7999035320677699,-1.2649520079242151,0.10990309715270996,-0.20415103435516357,-1.4173139333724976,-1.1010063886642456,-0.7093799114227295,0.3236663043498993,0.09307048469781876,-0.24123165011405945,-1.857698678970337,-1.3867579698562622,-0.9397720098495483,0.5429908633232117,0.11135151237249374,-0.0749499534072515,-0.8654820370919641,-0.07594652073585856,-0.07312283629035758,-0.029577738415666733,0.10746645933029966,-0.014995969,-0.9010159,1.1994431,-1.8257269,-1.254034,0.112003475,-0.014995969,-0.9010159,1.1994431,-1.8257269,-1.254034,0.112003475,-0.008075062185525894,-0.9320716261863708,1.1944831609725952,-1.7999035120010376,-1.2649520635604858,0.10990309715270996,-0.17302267,0.77639395,0.123997085,-0.64558464,0.27295116,0.0525094,-0.36562788,0.03664721531258246,0.0,0.0009161803828145615,0.002198832808062434,0.010196075,40.7843,False,0,0.42960495084350253,0.19894292714743136,0.06343995488490076,0.4425155625418389,0.2018145751487472,0.03641440984230195,-0.9934604226244477,-0.018105993285578655,-0.04587411047602779,0.10297645800789901,-0.05021399,0.25728825,0.20314422,0.5231238568161641,3.571300476323813e-05,0.00011062998964916915,0.00047731000813655555,0.0003561429912224412,0.00017644499894231558,0.00011534900113474578,0.0015812689962331206,0.018255139992106706,0.019836408988339826,50.412350369858615,0
121,2.4401300869940314,-0.008770767842428029,-0.9275425237468262,1.1946070829974573,-1.8036977253355921,-1.2632043997394007,0.11014607548713684,-0.24288935959339142,-1.4262076616287231,-0.9766902923583984,-0.6943967342376709,0.33623310923576355,0.08640716969966888,-0.24718382954597473,-1.838966727256775,-1.291375756263733,-0.923422634601593,0.5377007722854614,0.11120918393135071,0.20638043644574197,-0.7491611190913376,-0.1802526437019871,-0.08905535452781986,-0.02441951578974773,0.13936377240957432,-0.01641583,-0.89657104,1.2013454,-1.829124,-1.2528332,0.11246138,-0.01641583,-0.89657104,1.2013454,-1.829124,-1.2528332,0.11246138,-0.008770767599344254,-0.927542507648468,1.194607138633728,-1.8036977052688599,-1.2632044553756714,0.11014607548713684,-0.19112659,0.77428734,0.16845736,-0.635656,0.25928086,0.057882596,-0.35066134,0.030539346093818715,0.0,0.0007634836523454679,0.0018323607509955764,0.008039225,32.1569,False,0,0.43017916655111,0.19903529524092264,0.061884037016138815,0.44246431870388575,0.20173694677209605,0.03618279480118731,-0.9935712477435447,-0.021329561373141008,-0.04504351807863002,0.1016478938061906,-0.05021399,0.25728825,0.20314422,0.5231577009739347,3.4801007132045925e-05,0.00011155899846926332,0.0005671270046150312,0.00028949600527994335,0.00017893999756779522,0.00010756800475064665,0.0015987689985195175,0.01823503700143192,0.019833805999951437,50.41896648593056,0
122,2.4601364839909365,-0.009574715291158498,-0.9232127827456971,1.1948774496661585,-1.8074852428831996,-1.2615621725665491,0.11036992073059082,-0.30405694246292114,-1.3530333042144775,-0.8098309636116028,-0.6823817491531372,0.3326133191585541,0.13083747029304504,-0.2518354654312134,-1.8154754638671875,-1.2693077325820923,-0.917427659034729,0.5335661768913269,0.11331796646118164,0.29610875715370216,-0.9093773188764077,0.26477420880268976,-0.09388147338570499,-0.011518479976642286,0.17877889412144643,-0.017675504,-0.89245605,1.2032943,-1.8324744,-1.2516611,0.11289194,-0.017675504,-0.89245605,1.2032943,-1.8324744,-1.2516611,0.11289194,-0.009574715048074722,-0.9232127666473389,1.1948775053024292,-1.8074852228164673,-1.2615622282028198,0.11036992073059082,-0.20251976,0.7689183,0.21041828,-0.6247293,0.24752927,0.06305062,-0.33311218,0.025449455078182266,0.0,0.0006362363769545566,0.00152696727309376,0.008039225,32.1569,False,0,0.4307423646673124,0.19905662301609917,0.0603623474941207,0.4424706264158941,0.20168197325642542,0.03606728112029023,-0.9934382454470831,-0.022859266213012715,-0.046835780911837016,0.10180503691525378,-0.05021399,0.25728825,0.20314422,0.5232063571843516,8.841899398248643e-05,0.00011149099736940116,0.0004887110117124394,0.00029303999326657504,0.00020740600302815437,0.0001327539939666167,0.00161787100660149,0.018213910996564664,0.019831782003166154,50.42411215695844,0
123,2.4801005619956413,-0.0105364958392542,-0.9189186257174988,1.1953328291522425,-1.8110186062254847,-1.2600668112384241,0.1106572076678276,-0.27652984857559204,-1.394827127456665,-0.7581312656402588,-0.6501944065093994,0.3719938099384308,0.12775912880897522,-0.25823575258255005,-1.8006820678710938,-1.255408525466919,-0.9132795333862305,0.531406819820404,0.1139201894402504,0.3764664978002521,-0.47350280396446204,0.16875395741371768,-0.09044970909878995,-0.0345781497190825,0.17197679284204537,-0.018730182,-0.8885876,1.2052962,-1.8354609,-1.2505324,0.11337591,-0.018730182,-0.8885876,1.2052962,-1.8354609,-1.2505324,0.11337591,-0.010536495596170425,-0.9189186096191406,1.1953328847885132,-1.8110185861587524,-1.2600668668746948,0.1106572076678276,-0.20484215,0.75827616,0.24908246,-0.6110568,0.23836094,0.0679676,-0.31014597,0.021207879231818553,0.0,0.0005301969807954639,0.0012724727857857943,0.008039225,32.1569,False,0,0.43122169981591224,0.19897695777653965,0.05877207075500837,0.4424647404646351,0.20173564267570726,0.03611729801588942,-0.993471849786359,-0.023104561999841938,-0.046183258298447064,0.10172002345906306,-0.05021399,0.25728825,0.20314422,0.5231791430541276,5.1615992560982704e-05,0.00011563199223019183,0.0005641119932988659,0.0003637350018834695,0.00016204600979108363,0.00011466699652373791,0.0016765890031820163,0.01810936999390833,0.019785958997090347,50.54089115150074,0
124,2.500121685996419,-0.011569801961080373,-0.9147064250758667,1.1960633436786097,-1.8145486317076625,-1.2585747877704065,0.11092917621135712,-0.2880000174045563,-1.3405089378356934,-0.742017388343811,-0.5900792479515076,0.37671250104904175,0.13091708719730377,-0.25548070669174194,-1.803658127784729,-1.2510154247283936,-0.9121083617210388,0.5338682532310486,0.11366476118564606,0.2699780808615853,-1.0877964431070053,0.8506220885301732,-0.1320117649617609,-0.036777000339411135,0.15409662487002412,-0.01990819,-0.88492745,1.2072705,-1.8383833,-1.2495279,0.11379857,-0.01990819,-0.88492745,1.2072705,-1.8383833,-1.2495279,0.11379857,-0.011569801717996597,-0.9147064089775085,1.1960633993148804,-1.8145486116409302,-1.2585748434066772,0.11092917621135712,-0.20845969,0.7444735,0.28017658,-0.59586775,0.2261737,0.07173493,-0.28641236,0.01767323269318213,0.0,0.00044183081732955326,0.0010603939881548285,0.008039225,32.1569,False,0,0.43163604268192163,0.19886568003926217,0.05713788646887588,0.44249799158582437,0.20170267996059732,0.03605012228951554,-0.9933889837128185,-0.02318597746356682,-0.04698067096106305,0.1021447122465971,-0.05021399,0.25728825,0.20314422,0.523235405253883,3.501099126879126e-05,0.00011433998588472605,0.0004815800057258457,0.00029666699992958456,0.000154113004100509,0.00017354900774080306,0.0015722329990239814,0.018264764003106393,0.019836997002130374,50.41085603292706,0
125,2.5201267349912087,-0.012688938771383107,-0.9103925985148926,1.1971333662616175,-1.817986627618307,-1.2571476141559046,0.1112835556268692,-0.2161872684955597,-1.3471139669418335,-0.7506811618804932,-0.6420266628265381,0.3428899645805359,0.14275188744068146,-0.24490150809288025,-1.8154329061508179,-1.2506959438323975,-0.9107866287231445,0.5398799180984497,0.11290023475885391,-0.037440677358724195,-0.4045398252157902,-0.00932501111801222,-0.10529922676573611,-0.021144799578703986,0.16354468667819877,-0.021008026,-0.88138497,1.2091794,-1.8412559,-1.248474,0.11430302,-0.021008026,-0.88138497,1.2091794,-1.8412559,-1.248474,0.11430302,-0.012688938528299332,-0.9103925824165344,1.1971334218978882,-1.8179866075515747,-1.2571476697921753,0.1112835556268692,-0.20797718,0.7251898,0.30114815,-0.5817336,0.21684243,0.075486705,-0.2543933,0.014727693910985109,0.0,0.0003681923477746277,0.0008836616179905832,0.008039225,32.1569,False,0,0.43193078117718037,0.1987036192262034,0.055352302400527964,0.442573675858637,0.20166468238685858,0.03604825837415632,-0.9934516907939993,-0.023204751472707272,-0.04688423122224439,0.10157329426990563,-0.05021399,0.25728825,0.20314422,0.5233113076500437,3.517098957672715e-05,0.00010925100650638342,0.0004764780023833737,0.0003220810031052679,0.00017544699949212372,0.0001100329973269254,0.0015260869986377656,0.018302419994142838,0.019828506992780603,50.43244054451966,0
126,2.5401326279970817,-0.013784233723775685,-0.9061234754375,1.1984770933734339,-1.8213759861388148,-1.2558229605304163,0.11165476590394974,-0.24177271127700806,-1.4019839763641357,-0.7660564184188843,-0.6855190992355347,0.3581317365169525,0.1289224773645401,-0.24036811292171478,-1.8315130472183228,-1.2549097537994385,-0.9117657542228699,0.5446197390556335,0.11210858076810837,0.4504539310735926,-0.5194125139829883,-0.1849347772273589,-0.08234079773517745,-0.029891264572742667,0.1907493093598582,-0.021975525,-0.8781994,1.2113656,-1.8437808,-1.2475631,0.114782095,-0.021975525,-0.8781994,1.2113656,-1.8437808,-1.2475631,0.114782095,-0.01378423348069191,-0.9061234593391418,1.1984771490097046,-1.8213759660720825,-1.255823016166687,0.11165476590394974,-0.20478226,0.69810194,0.32221,-0.56011873,0.20649688,0.07818326,-0.2156662,0.012273078259154259,0.0,0.00030682695647885646,0.0007363847107626498,0.008039225,32.1569,False,0,0.4321255411921518,0.19852950039329548,0.05349785953052241,0.4424960624113311,0.20169291836491388,0.0361500896794298,-0.9934981524307431,-0.022720857980644986,-0.046053772027131096,0.10160823370689914,-0.05021399,0.25728825,0.20314422,0.5232027098882877,0.00010967798880301416,0.00011339600314386189,0.0004730520013254136,0.00039612699765712023,0.0001716109982226044,0.00010807500802911818,0.0016773090028436854,0.018151996002416126,0.019829305005259812,50.43041093647738,0
127,2.560082274998422,-0.014912430440084279,-0.9020555180362244,1.1998589674579065,-1.8246990642943324,-1.2544868628131312,0.11206557601690292,-0.2622670531272888,-1.4308669567108154,-0.7422380447387695,-0.6915646195411682,0.3222496211528778,0.11779950559139252,-0.2343290001153946,-1.8469165563583374,-1.260619044303894,-0.9144576787948608,0.5497418642044067,0.11152549833059311,0.08842447237330911,-0.9181769646680823,0.24105785550857695,-0.11420103585481081,-0.039969962859644555,0.13528095835147938,-0.022936204,-0.8753854,1.2134885,-1.8460705,-1.2466573,0.115258686,-0.022936204,-0.8753854,1.2134885,-1.8460705,-1.2466573,0.115258686,-0.014912430197000504,-0.9020555019378662,1.1998590230941772,-1.8246990442276,-1.2544869184494019,0.11206557601690292,-0.20059435,0.6667528,0.3407362,-0.5342873,0.19574052,0.07982782,-0.1759273,0.010227565215961881,0.0,0.00025568913039904705,0.0006136539159342647,0.008039225,32.1569,False,0,0.43231184605136136,0.19834364488129358,0.051714997777824845,0.44242656834138544,0.20166881928737285,0.03613797602978746,-0.9934610949899065,-0.02360005847677543,-0.04693356908455312,0.10136720241170855,-0.05021399,0.25728825,0.20314422,0.5231436951230214,4.24330064561218e-05,0.00011111100320704281,0.0004931500006932765,0.0002824080002028495,0.00017472599574830383,0.00010977100464515388,0.0015202229988062754,0.018256064009619877,0.019776287008426152,50.565609185077385,0
128,2.580077842998435,-0.0160754362689417,-0.8979174655726929,1.201440159474508,-1.8280374012389125,-1.2532337347613733,0.11243350058794022,-0.21402212977409363,-1.4495275020599365,-0.7537950873374939,-0.6662542223930359,0.29665711522102356,0.14876392483711243,-0.22629962861537933,-1.8625658750534058,-1.2627135515213013,-0.9134758710861206,0.5544391870498657,0.1100810170173645,0.018075799703283567,-0.6225171557184949,-0.14347115086679235,-0.1007832030066404,-0.028470592113843722,0.1657355027445533,-0.023725659,-0.8728091,1.2153063,-1.8484529,-1.2457037,0.115679264,-0.023725659,-0.8728091,1.2153063,-1.8484529,-1.2457037,0.115679264,-0.016075436025857925,-0.8979174494743347,1.2014402151107788,-1.8280373811721802,-1.253233790397644,0.11243350058794022,-0.19125557,0.62770844,0.34665117,-0.51038843,0.18825327,0.081144184,-0.12726055,0.008522971013301567,0.0,0.0002130742753325392,0.0005113782826811075,0.008039225,32.1569,False,0,0.43243411586669045,0.19812488247520987,0.04984192214219468,0.44251348472720037,0.2016812535474209,0.03612144715582098,-0.9935344415940597,-0.022981663729183525,-0.045983741366873554,0.10122579199566456,-0.05021399,0.25728825,0.20314422,0.5232294988628349,4.7945999540388584e-05,0.00014614200335927308,0.0008898870000848547,0.00030632199195679277,0.00018833900685422122,0.00010319901048205793,0.0020566729945130646,0.0177644070063252,0.019821080000838265,50.45133766463323,0
129,2.600138422989403,-0.01725465456117803,-0.8939883273890992,1.2031610647784632,-1.831149240533346,-1.2521026770221155,0.11287148296833038,-0.21143004298210144,-1.4406882524490356,-0.7325624227523804,-0.6822862029075623,0.3331907391548157,0.1527710258960724,-0.22098764777183533,-1.8818169832229614,-1.2669943571090698,-0.9130725860595703,0.5588719248771667,0.10929329693317413,0.5653459998450786,-0.4149203972511522,-0.05938777300092801,-0.09117696118775656,-0.039688527703714414,0.18300746857568723,-0.024400668,-0.8708565,1.2172078,-1.8502681,-1.2448434,0.11610564,-0.024400668,-0.8708565,1.2172078,-1.8502681,-1.2448434,0.11610564,-0.017254654318094254,-0.893988311290741,1.2031611204147339,-1.8311492204666138,-1.2521027326583862,0.11287148296833038,-0.17865033,0.57829446,0.3511662,-0.47797316,0.18148343,0.080853805,-0.07228609,0.0071024758444179735,0.0,0.00017756189611044934,0.0004261485591996461,0.0013725500000000002,5.4902,False,0,0.4324783063028406,0.1978728836687058,0.04799454091287919,0.4424758740816685,0.2017323767911043,0.036148813721588825,-0.9934837075903388,-0.023312312513351755,-0.04606949811219806,0.10160866769184462,-0.05021399,0.25728825,0.20314422,0.5231799139505464,0.00010748099884949625,0.00011974900553468615,0.0005049680039519444,0.0003324320132378489,0.00015467900084331632,0.00011474500934127718,0.0016644540010020137,0.018202035993454047,0.01986648999445606,50.33601810279822,0
130,2.6200736019964097,-0.018351380025045216,-0.8902173799327393,1.2049391905414026,-1.8342882595457972,-1.2509902159320276,0.11329919844865799,-0.2142273187637329,-1.473562240600586,-0.749458372592926,-0.6234161257743835,0.3278707265853882,0.1640632301568985,-0.21383869647979736,-1.901807188987732,-1.2758018970489502,-0.9169681668281555,0.5651406049728394,0.10828479379415512,0.046133765355068045,-0.581220857787904,-0.12233583573171478,-0.1011047087983472,-0.031370722990898575,0.18149460626760378,-0.025057532,-0.8694588,1.218881,-1.8519495,-1.2440622,0.11645862,-0.025057532,-0.8694588,1.218881,-1.8519495,-1.2440622,0.11645862,-0.01835137978196144,-0.8902173638343811,1.2049392461776733,-1.834288239479065,-1.2509902715682983,0.11329919844865799,-0.16765383,0.51896477,0.3485435,-0.44152915,0.17320274,0.078985475,-0.012704813,0.005918729870348311,0.0,0.0001479682467587078,0.00035512380418367684,0.0013725500000000002,5.4902,False,0,0.4325032626602873,0.1976525066842147,0.046200736327595,0.4424857096542156,0.20173532239450803,0.036114582317096716,-0.9934446573232676,-0.02329721176036916,-0.04642521541520339,0.101831544287737,-0.05021399,0.25728825,0.20314422,0.5231997908026487,3.556199953891337e-05,0.00012513699766714126,0.0004733480018330738,0.0003289559972472489,0.00015094700211193413,0.00016188400331884623,0.0015775919891893864,0.018171329007600434,0.01974892099678982,50.635677775132606,0
131,2.6401241419953294,-0.019446674977437794,-0.8867108386806031,1.2068269888507288,-1.837229391137594,-1.249902073537008,0.11374210566282272,-0.2065216600894928,-1.4624344110488892,-0.7320684194564819,-0.6141526699066162,0.3259003758430481,0.15447331964969635,-0.20613513886928558,-1.9250158071517944,-1.2840882539749146,-0.9188354015350342,0.5711519718170166,0.10720423609018326,0.39794063240913363,-0.3945981003085794,-0.116843490443295,-0.09297018461312609,-0.04788907844209386,0.18753706453268867,-0.025730064,-0.86883926,1.2203121,-1.8532835,-1.2433026,0.11676002,-0.025730064,-0.86883926,1.2203121,-1.8532835,-1.2433026,0.11676002,-0.01944667473435402,-0.8867108225822449,1.2068270444869995,-1.8372293710708618,-1.2499021291732788,0.11374210566282272,-0.15708475,0.44678923,0.33712634,-0.40135497,0.16498762,0.07544796,0.053933267,0.012123377098663925,0.0010786653310060502,0.00030308442746659816,0.0002959364792332053,0.0013725500000000002,5.4902,False,0,0.43246990059566565,0.19742849477854046,0.04447486898394687,0.4425070425020529,0.20169115583310443,0.036121608181584455,-0.9934774211136577,-0.023016152264289873,-0.046291450471697235,0.10163636691127753,-0.05021399,0.25728825,0.20314422,0.5232223284938987,3.5416000173427165e-05,0.0001147010043496266,0.0006224149983609095,0.0003127149975625798,0.00015113000699784607,0.00010612500773277134,0.0016435870056739077,0.018237010997836478,0.019880598003510386,50.300297799061504,0
132,2.660090469988063,-0.020450417195455373,-0.8833830517581482,1.2087081114398401,-1.8399235210814417,-1.2488468329059046,0.11420923471450806,-0.2238491028547287,-1.440185785293579,-0.7317979335784912,-0.6449976563453674,0.3288547396659851,0.14530539512634277,-0.20273268222808838,-1.9523508548736572,-1.2956244945526123,-0.9224191904067993,0.5761685371398926,0.1061420738697052,0.8126115053034894,-0.9942291906819117,0.5220577791142738,-0.13855091861619623,-0.08829034208767177,0.12032102077747767,-0.025837235,-0.86975175,1.2209716,-1.8538591,-1.2424247,0.11688353,-0.025837235,-0.86975175,1.2209716,-1.8538591,-1.2424247,0.11688353,-0.020450416952371597,-0.88338303565979,1.2087081670761108,-1.8399235010147095,-1.2488468885421753,0.11420923471450806,-0.13467045,0.3407814,0.3065856,-0.34839058,0.16055413,0.06685734,0.13248101,0.03495805095800449,0.0037282855063676835,0.0008739512739501124,0.0006061688764020801,0.0013725500000000002,5.4902,False,0,0.4323752960490335,0.197237774724678,0.04280833314250923,0.4424785244073332,0.2017446401952725,0.036159410202056014,-0.9935470411995027,-0.02273214307996499,-0.04528560731305827,0.10147264455809041,-0.05021399,0.25728825,0.20314422,0.5231777255128657,0.00016922100621741265,0.00011862599058076739,0.0004795580025529489,0.00030780899396631867,0.00015949500084389,0.00011144400923512876,0.0016687200113665313,0.018111998986569233,0.019780718997935764,50.55427965506997,0
133,2.680127594998339,-0.021413628255025685,-0.8803171676448365,1.2106249968158167,-1.8424655399718226,-1.2478817144977015,0.11464028060436249,-0.23278385400772095,-1.5412790775299072,-0.7327731251716614,-0.6216015219688416,0.3230346739292145,0.14589445292949677,-0.20249059796333313,-1.9851065874099731,-1.311156988143921,-0.9285371899604797,0.5809133052825928,0.10507547855377197,0.3241956388112477,-0.7608127208693366,-0.27755784762958535,-0.11150940208963873,-0.044993630849864664,0.2014313488595981,-0.025141748,-0.873779,1.2198516,-1.8533218,-1.2414532,0.11651312,-0.025141748,-0.873779,1.2198516,-1.8533218,-1.2414532,0.11651312,-0.02141362801194191,-0.8803171515464783,1.2106250524520874,-1.8424655199050903,-1.2478817701339722,0.11464028060436249,-0.09320298,0.16345404,0.23066446,-0.27140555,0.16071583,0.04682086,0.2267364,0.08421846538093927,0.008263013437390328,0.002105461634523482,0.0017479025991633534,0.0013725500000000002,5.4902,False,0,0.4322481366132855,0.1970451354797441,0.04122790297870779,0.44253227055757327,0.2016770270823021,0.03603247839502034,-0.9934394019275673,-0.02333429384179666,-0.04693065673675482,0.10164253459049,-0.05021399,0.25728825,0.20314422,0.5232760447571406,4.85259952256456e-05,0.00017232199024874717,0.0008155700052157044,0.0003456760023254901,0.00019021199841517955,0.00011429000005591661,0.0020888659928459674,0.01779002300463617,0.019878888997482136,50.30462216106042,0
134,2.7001219660014613,-0.02229339281191045,-0.8776295346072693,1.2125142256366175,-1.8448077640929164,-1.2469800154315394,0.11504359543323517,-0.19840630888938904,-1.5600394010543823,-0.7949094772338867,-0.5980771780014038,0.3378547430038452,0.16941514611244202,-0.18750306963920593,-2.0424556732177734,-1.3415648937225342,-0.9397781491279602,0.5938733220100403,0.1027260348200798,-0.07541232217296137,0.073742795607983,0.380079325475284,-0.05746551887965938,-0.0065671976461497625,0.19496996860315963,-0.022228152,-0.8837913,1.2159857,-1.8500072,-1.2401813,0.1153313,-0.022228152,-0.8837913,1.2159857,-1.8500072,-1.2401813,0.1153313,-0.022293392568826675,-0.8776295185089111,1.2125142812728882,-1.844807744026184,-1.24698007106781,0.11504359543323517,0.00163102,-0.15404475,0.086785376,-0.12998709,0.16996798,0.007192636,0.3521316,0.17221969141982696,0.015305645540356638,0.004305492285495674,0.004210923332720995,0.0013725500000000002,5.4902,False,0,0.43210235447252915,0.19687470014111785,0.03979924705221352,0.4425118320659297,0.20168803445178216,0.03612851044557924,-0.993473248996612,-0.02295370147467152,-0.046144958744536085,0.10175788463307317,-0.05021399,0.25728825,0.20314422,0.5232249672594951,3.491700044833124e-05,0.00011628899665083736,0.0005419789958978072,0.00028044701321050525,0.00015406400780193508,0.0001084749965230003,0.0015910329966573045,0.01821260900760535,0.019803642004262656,50.49576233425922,0
135,2.72012778899807,-0.02311736742128545,-0.8756079834750672,1.2142327467547815,-1.846842428246969,-1.2460201422320765,0.11545802652835846,-0.15977440774440765,-1.6300379037857056,-0.8207575082778931,-0.6348510980606079,0.3371449410915375,0.16776646673679352,-0.15733160078525543,-2.1600146293640137,-1.4121580123901367,-0.969558596611023,0.6218740344047546,0.09826751798391342,0.5132875892754994,-0.08541006722915359,0.7133256053461358,-0.08186320906746836,-0.04054276152345326,0.20180868974138724,-0.016085807,-0.8978529,1.2093058,-1.8423344,-1.2389604,0.11344183,-0.016085807,-0.8978529,1.2093058,-1.8423344,-1.2389604,0.11344183,-0.023117367178201675,-0.875607967376709,1.2142328023910522,-1.8468424081802368,-1.2460201978683472,0.11545802652835846,0.175789,-0.556123,-0.12317677,0.1127001,0.17649494,-0.050404824,0.45416552,0.30610944889007924,0.024388955906033516,0.007652736222251981,0.008610984310507774,0.0013725500000000002,5.4902,False,0,0.43199712672291524,0.19674059858886883,0.03868553657312135,0.44211187416345493,0.20214646132410566,0.036054328406435424,-0.9934491149696896,-0.02380207379540057,-0.04692274873684866,0.1014426008920622,-0.05021399,0.25728825,0.20314422,0.5228234928590184,3.4864002373069525e-05,0.0001405990042258054,0.0005549189954763278,0.0003195890021743253,0.00016142900858540088,0.00010945899703074247,0.0018308599974261597,0.017994305002503097,0.019825164999929257,50.44094210583208,0
136,2.740128042991273,-0.023685757313863576,-0.8744241756251832,1.2154753843890589,-1.8487874470152796,-1.2448366324054163,0.11575030535459518,-0.10072442144155502,-1.6792811155319214,-0.842821478843689,-0.5209812521934509,0.2380167543888092,0.13815803825855255,-0.07346466928720474,-2.3878016471862793,-1.5450563430786133,-1.022592306137085,0.6807007193565369,0.08733589202165604,0.2512839593479533,-1.4046236487692665,2.2153075732622436,-0.21837828007318577,-0.011352552578791919,0.18419766883127658,-0.01173768,-0.90568644,1.2056915,-1.8351619,-1.2412354,0.11313267,-0.01173768,-0.90568644,1.2056915,-1.8351619,-1.2412354,0.11313267,-0.0236857570707798,-0.874424159526825,1.2154754400253296,-1.8487874269485474,-1.244836688041687,0.11575030535459518,0.29870194,-0.7815576,-0.24459894,0.34063795,0.09003292,-0.0654408,0.34324804,0.42175787407506604,0.031253916695714,0.010543946851876651,0.015305472537875175,0.0002941175,1.17647,False,3,0.43205898282157956,0.19676222427629741,0.038070154464732914,0.44186652777258395,0.20214939817274108,0.035796886010621545,-0.9931251111817343,-0.026709085164734837,-0.04467763423769954,0.10484768837653302,-0.05021399,0.25728825,0.20314422,0.5226745245152634,3.6487996112555265e-05,0.00011291899136267602,0.0005290400004014373,0.00030682199576403946,0.0001523669925518334,0.00016692500503268093,0.0016722750006010756,0.018151203999877907,0.019823479000478983,50.44523213992042,0
137,2.760128480993444,-0.023814980183736623,-0.8747584980777283,1.2161300818072718,-1.849928995172018,-1.2440579573260706,0.11583898216485977,0.18517810106277466,-2.2349154949188232,-0.9025443196296692,-0.48922520875930786,0.34398800134658813,0.05708233267068863,0.3396812677383423,-3.451409339904785,-1.6832783222198486,-1.058355450630188,0.7576916813850403,-0.039776161313056946,-0.8133300482374513,0.49782090741224977,0.7814110412631776,-0.07096808644784443,-0.036974404915208536,0.17838460446057958,-0.011141868,-0.9075556,1.2098525,-1.8332705,-1.245843,0.11417359,-0.011141868,-0.9075556,1.2098525,-1.8332705,-1.245843,0.11417359,-0.023814979940652847,-0.8747584819793701,1.2161301374435425,-1.8499289751052856,-1.2440580129623413,0.11583898216485977,0.3168278,-0.81992733,-0.15694207,0.41646087,-0.04462618,-0.041634854,0.021141075,0.5181315617292217,0.03167673818767071,0.012953289043230544,0.021087894216179848,0.0002941175,1.17647,False,3,0.43219519447279314,0.19687871753045064,0.03817556605621164,0.4418395184786117,0.20216271808015562,0.03570905345103198,-0.9931141390875091,-0.02689741123155659,-0.045645396093075066,0.10448601280151831,-0.05021399,0.25728825,0.20314422,0.5226758210450809,4.35559923062101e-05,0.00011249700037296861,0.0005534009978873655,0.0002943700092146173,0.00015221699140965939,0.00011093399371020496,0.001620238006580621,0.018210804992122576,0.019831042998703197,50.425991213139554,0
138,2.780086079001194,-0.02327615419496709,-0.8768211168101807,1.216100041066305,-1.8496643505492152,-1.2433574835406702,0.11574673652648926,0.4582343101501465,-2.458383560180664,-1.3911488056182861,-0.35398077964782715,0.4252229332923889,-0.08283878862857819,0.5246514678001404,-3.381206512451172,-2.1112210750579834,-0.7402436137199402,0.7362720966339111,-0.2081223577260971,-0.70825358722731,1.389542178128932,-1.8988654069594975,-0.010255638564137349,-0.0202062670505782,0.17564273940355954,-0.010699436,-0.9092016,1.2152154,-1.83285,-1.250064,0.11435679,-0.010699436,-0.9092016,1.2152154,-1.83285,-1.250064,0.11435679,-0.023276153951883316,-0.8768211007118225,1.2161000967025757,-1.849664330482483,-1.243357539176941,0.11574673652648926,0.31441796,-0.8095128,-0.02211692,0.42035833,-0.16766334,-0.03474853,-0.32020056,0.5984429681076848,0.025272726938128473,0.014961074202692121,0.025906577706336975,0.0002941175,1.17647,False,3,0.43227808884515606,0.19726451873844422,0.03909989746262568,0.44188102072914415,0.202304137443129,0.03583898417091949,-0.9931023668165154,-0.025460401168889212,-0.04580335005788207,0.10488773306428179,-0.05021399,0.25728825,0.20314422,0.5226583909077963,3.474998811725527e-05,0.0001104340044548735,0.0005271760019240901,0.000330257011228241,0.00015239199274219573,0.00010922299406956881,0.001618478010641411,0.018186114000855014,0.019804592011496425,50.493340101099136,0
139,2.800139330996899,-0.022141281758443654,-0.8801139754107972,1.2155454794513147,-1.8483172855772914,-1.2426322142230433,0.11551928520202637,0.3585386872291565,-2.209324836730957,-1.421347737312317,-0.2618992328643799,0.3155896067619324,-0.09961184114217758,0.4064178764820099,-2.9939653873443604,-1.889897346496582,-0.6245929002761841,0.6088191270828247,-0.19026049971580505,-0.3135156142663708,0.10625606149238734,-0.5972596562644192,-0.07838115846043103,-0.03951047515344886,0.1340767091946514,-0.009532366,-0.9113694,1.2183146,-1.8321581,-1.2524673,0.11371782,-0.009532366,-0.9113694,1.2183146,-1.8321581,-1.2524673,0.11371782,-0.02214128151535988,-0.880113959312439,1.2155455350875854,-1.848317265510559,-1.242632269859314,0.11551928520202637,0.3152229,-0.781385,0.069228396,0.40397993,-0.24587521,-0.045036756,-0.5463125,0.5943456515482932,0.01434647671878338,0.014858641288707331,0.02992214821279049,0.0002941175,1.17647,False,3,0.4322876893444289,0.19791267483333447,0.040617870568244424,0.4419171205320245,0.20239344527944614,0.036086725444868545,-0.9931218426926713,-0.023871463914547413,-0.04507529602840133,0.10539142525361378,-0.05021399,0.25728825,0.20314422,0.5226037461187044,4.516199987847358e-05,0.00013951599248684943,0.0008837460045469925,0.0003256089985370636,0.00020297800074331462,0.00014905900752637535,0.002164869991247542,0.01762995100580156,0.0197948209970491,50.518264355564234,0
140,2.8200902819953626,-0.020362202321187794,-0.8845721048167725,1.2148779074298304,-1.8460155926146449,-1.2426064650165003,0.11524032056331635,0.2842893898487091,-2.0180931091308594,-1.3956999778747559,-0.27089452743530273,-0.053211063146591187,-0.12879374623298645,0.29222673177719116,-2.6338250637054443,-1.6777921915054321,-0.5384827852249146,0.228316530585289,-0.17567074298858643,0.603127470892502,-1.4113940155083033,0.1504220426007123,-0.14553160481034852,-0.08602798029352421,0.086995137045553,-0.0062419362,-0.9161034,1.216634,-1.8307002,-1.2526313,0.11337189,-0.0062419362,-0.9161034,1.216634,-1.8307002,-1.2526313,0.11337189,-0.02036220207810402,-0.8845720887184143,1.214877963066101,-1.8460155725479126,-1.242606520652771,0.11524032056331635,0.35300666,-0.78828365,0.043900926,0.38288683,-0.2506207,-0.04671083,-0.5199313,0.5216070455653693,0.003947850391268732,0.013040176139134232,0.029717283323407173,0.0002941175,1.17647,False,3,0.43209992232526984,0.19868385646940753,0.04254339447718791,0.44195624144812024,0.2022305764976245,0.036057938566404955,-0.9930424726859697,-0.02390772339653792,-0.04556476768365664,0.1059196074549863,-0.05021399,0.25728825,0.20314422,0.5226669197578532,8.833801257424057e-05,0.00011410198931116611,0.0008484809950459749,0.0002928140020230785,0.0003125970106339082,0.00014764998923055828,0.002181724994443357,0.017591081006685272,0.01977280600112863,50.57451127285223,0
141,2.840120004999335,-0.018802944813863576,-0.8885613840869446,1.2144630591021937,-1.8439585171141566,-1.2432640234576624,0.11498872190713882,0.2514285743236542,-1.9360241889953613,-1.3601781129837036,-0.24537912011146545,-0.009577942080795765,-0.10238000005483627,0.24525506794452667,-2.4887144565582275,-1.6086825132369995,-0.5261862277984619,0.19702093303203583,-0.17369236052036285,0.29074363602769504,-0.79952266787874,0.43128572003209364,-0.11600143364500828,-0.07757043179791297,0.07415654241691633,-0.0026337802,-0.9209553,1.2125444,-1.8292373,-1.2512833,0.11339007,-0.0026337802,-0.9209553,1.2125444,-1.8292373,-1.2512833,0.11339007,-0.0188029445707798,-0.8885613679885864,1.2144631147384644,-1.8439584970474243,-1.243264079093933,0.11498872190713882,0.40422913,-0.8098477,-0.047967188,0.36802837,-0.20048039,-0.03996614,-0.2725883,0.4346725379711411,0.0,0.010866813449278527,0.026080353185534477,0.0002941175,1.17647,False,3,0.4318704293353553,0.19920818999517667,0.04416456049594203,0.44198466862954455,0.2020654030414442,0.0361704261367628,-0.993194791961146,-0.02377665785717837,-0.044887076543511296,0.1048042681053975,-0.05021399,0.25728825,0.20314422,0.5226751664745288,3.728500450961292e-05,0.00011331999849062413,0.0005319939955370501,0.0003468140057520941,0.00015137701120693237,0.00010218100214842707,0.00168832199415192,0.018034976004855707,0.019723297999007627,50.70145976855974,0
142,2.8601787719962886,-0.017103020344869435,-0.89301951349292,1.2144420782672327,-1.8417898617186488,-1.2441828886615198,0.1147923693060875,0.3340098559856415,-1.9983062744140625,-1.0432244539260864,-0.23708286881446838,-0.03832006826996803,-0.14382866024971008,0.2759399712085724,-2.534275531768799,-1.250110149383545,-0.5781552791595459,0.2400241196155548,-0.1768457591533661,-0.033428645141544346,-0.7520340009845081,0.2672720197662927,-0.10184307004005493,-0.07226249365181228,0.04120764685227089,-0.00030029006,-0.92520434,1.2087204,-1.8279011,-1.2484717,0.11308592,-0.00030029006,-0.92520434,1.2087204,-1.8279011,-1.2484717,0.11308592,-0.01710302010178566,-0.8930194973945618,1.2144421339035034,-1.8417898416519165,-1.2441829442977905,0.1147923693060875,0.42006826,-0.80462074,-0.14304104,0.34721875,-0.10722097,-0.04266123,0.0406129,0.36764216814488354,0.0008122579753398895,0.009191054203622089,0.02173362672328949,0.0002941175,1.17647,False,3,0.4315113544662033,0.1997360007879736,0.04584969114329715,0.4419275169133461,0.2020333519959964,0.0363605870505698,-0.9933248136402844,-0.02385675101096181,-0.04299458108730689,0.10434622875528982,-0.05021399,0.25728825,0.20314422,0.5225640116084859,3.711700264830142e-05,0.00011445899144746363,0.0005785140092484653,0.00030985700141172856,0.00015456200344488025,0.00010512898734305054,0.0017077420052373782,0.018069712998112664,0.019777455003350042,50.56262293761321,0
143,2.880081679992145,-0.015028778706685841,-0.8980198067477723,1.2145698706256312,-1.839466234246725,-1.2455490271197718,0.11445830017328262,0.3597492277622223,-2.0500872135162354,-1.0873711109161377,-0.3239942491054535,0.041182152926921844,-0.1586354374885559,0.3119239807128906,-2.633174419403076,-1.318795084953308,-0.6542345881462097,0.3070594370365143,-0.17879119515419006,0.5051306354471281,0.22699440019555284,-0.31972299802011034,-0.05670311842932376,-0.0776235828333282,0.07616596538244455,0.00037274323,-0.9288793,1.2062865,-1.826767,-1.2463161,0.112286694,0.00037274323,-0.9288793,1.2062865,-1.826767,-1.2463161,0.112286694,-0.015028778463602066,-0.8980197906494141,1.2145699262619019,-1.8394662141799927,-1.2455490827560425,0.11445830017328262,0.38503805,-0.7714886,-0.20708443,0.3174803,-0.01917431,-0.054290093,0.1763759,0.3353003127214824,0.004339775890111923,0.00838250781803706,0.018382107838988304,0.0002941175,1.17647,False,3,0.4310437315672284,0.2003244588717191,0.047679428489454445,0.44186519995533646,0.20213700051551506,0.036245141403180886,-0.9931531130628704,-0.023672367740982025,-0.04463090556095634,0.10533085411230625,-0.05021399,0.25728825,0.20314422,0.5225312348297528,0.0002007120056077838,0.000127021994558163,0.0007217390084406361,0.00026382599025964737,0.0002637579891597852,9.348799358122051e-05,0.0020617180125555024,0.017626567991101183,0.019688286003656685,50.79162298913532,0
144,2.9000904290005565,-0.013041321431295216,-0.9022492331317444,1.214477841054098,-1.8375970325865687,-1.2465499083148401,0.11423082649707794,0.2824016809463501,-1.976617693901062,-1.526992917060852,-0.33391284942626953,-0.011262241750955582,-0.14094246923923492,0.30021727085113525,-2.6737289428710938,-1.7619154453277588,-0.6962239742279053,0.3412339985370636,-0.17894074320793152,0.5706581319412226,-0.4744272537997398,0.008807130019032938,-0.07600716336300242,-0.07686935345825067,0.06531339137343775,0.00083609764,-0.93156344,1.2053103,-1.8261354,-1.2456497,0.11171966,0.00083609764,-0.93156344,1.2053103,-1.8261354,-1.2456497,0.11171966,-0.013041321188211441,-0.9022492170333862,1.2144778966903687,-1.8375970125198364,-1.2465499639511108,0.11423082649707794,0.34693548,-0.732855,-0.22918962,0.28654185,0.022506405,-0.062779196,0.18195674,0.33260966496645705,0.007978910654783249,0.008315241624161427,0.016765015199780464,0.00264705,10.5882,False,0,0.43067611747263734,0.20095536279133566,0.049300297388839925,0.4418886156156727,0.2021764958291099,0.03625868403486962,-0.993181151312228,-0.023484645749703024,-0.04384244218188211,0.10543987531119298,-0.05021399,0.25728825,0.20314422,0.5225447937214799,3.565299266483635e-05,0.00013280200073495507,0.0005770440038759261,0.00035798099997919053,0.00016540101205464453,0.00010500199277885258,0.0018458770064171404,0.017969665001146495,0.019815542007563636,50.465437665964316,0
145,2.920116549998056,-0.010454956685201466,-0.9071988028338929,1.2137959639178675,-1.8354212246336878,-1.2475183645831507,0.11400698125362396,0.2054472714662552,-1.9004510641098022,-1.4898072481155396,-0.3565675914287567,0.02697494626045227,-0.12981241941452026,0.23876570165157318,-2.657554864883423,-1.8736002445220947,-0.7114996910095215,0.33798301219940186,-0.1782824546098709,0.7822354159901017,-0.6207828345614078,0.0579326906436525,-0.08127266482504793,-0.08243620051667191,0.061562775695866045,0.0025047325,-0.93522245,1.2047559,-1.8249769,-1.2466443,0.11132634,0.0025047325,-0.93522245,1.2047559,-1.8249769,-1.2466443,0.11132634,-0.010454956442117691,-0.9071987867355347,1.2137960195541382,-1.8354212045669556,-1.2475184202194214,0.11400698125362396,0.32399222,-0.700591,-0.22600363,0.26110736,0.021853646,-0.067016184,0.11902845,0.3462379183784069,0.010359479635953904,0.008655947959460173,0.01663048379123211,0.00264705,10.5882,False,0,0.43035598737474007,0.20184872399156403,0.051372042256152634,0.44194900856965813,0.20209107733506518,0.036150997512167424,-0.9930790657077139,-0.024188494319373928,-0.045888434609374945,0.10537168423903837,-0.05021399,0.25728825,0.20314422,0.5226450811187522,5.128000339027494e-05,0.00012378799146972597,0.0006312049954431131,0.00031366199254989624,0.00017369899433106184,0.00012653099838644266,0.0017897720099426806,0.017909936999785714,0.019699709009728394,50.76217113187639,0
146,2.940125014996738,-0.008315388356344044,-0.9114887279323121,1.2128732840167444,-1.833534379998678,-1.248009983693258,0.11373130232095718,0.1461610198020935,-1.9001400470733643,-1.450810194015503,-0.3220745921134949,0.036620352417230606,-0.13908828794956207,0.18403562903404236,-2.586433172225952,-1.8371332883834839,-0.6951265335083008,0.31754177808761597,-0.1759326308965683,0.5321483014686308,-0.12598420037876948,0.31985951541363933,-0.06253509564538964,-0.07842489690041152,0.06733603566231432,0.004535701,-0.9389665,1.2043936,-1.8235078,-1.2480081,0.111018196,0.004535701,-0.9389665,1.2043936,-1.8235078,-1.2480081,0.111018196,-0.00831538811326027,-0.9114887118339539,1.2128733396530151,-1.8335343599319458,-1.2480100393295288,0.11373130232095718,0.32127723,-0.68694466,-0.21199222,0.25066325,4.6297908e-05,-0.067827724,0.05327718,0.3646984201682063,0.01142502322793007,0.009117460504205158,0.01731189526617527,0.00264705,10.5882,False,0,0.43018747202443863,0.20265627812767906,0.053286467286136285,0.44191517629434557,0.20208234477456755,0.03631400180907584,-0.9932554463696677,-0.023809599913130933,-0.04409350499835556,0.10455882577713238,-0.05021399,0.25728825,0.20314422,0.5225620818808523,4.2952000512741506e-05,0.00010403498890809715,0.000453543005278334,0.0002830760058714077,0.00013686600141227245,0.00010097300400957465,0.0015113980043679476,0.018242873004055582,0.01975427100842353,50.62196421085771,0
147,2.9601251229905756,-0.006362740193502248,-0.9155476850322266,1.2117522398578089,-1.8317200146117152,-1.2479913870440882,0.11338887363672256,0.23142389953136444,-1.903540849685669,-1.4592944383621216,-0.3627334535121918,0.1762196272611618,-0.15252786874771118,0.18545231223106384,-2.55549693107605,-1.803809642791748,-0.6728331446647644,0.4758780002593994,-0.17484605312347412,0.7237615455890907,-0.9468544018531602,0.1721767865388315,-0.09530091383453067,-0.05758206408086823,0.05561209590105699,0.0070215766,-0.94290125,1.2037971,-1.8217679,-1.2489067,0.110660486,0.0070215766,-0.94290125,1.2037971,-1.8217679,-1.2489067,0.110660486,-0.00636274041607976,-0.9155476689338684,1.2117522954940796,-1.831719994544983,-1.2479914426803589,0.11338887363672256,0.33460793,-0.68384004,-0.19887899,0.24880245,-0.022880761,-0.06820969,-0.012694958,0.37838951063755916,0.011171124074608088,0.00945973776593898,0.018234921619296074,0.00264705,10.5882,False,0,0.43010045463588065,0.20349810911217905,0.05520208048880329,0.44198294176763414,0.20306664118357637,0.036498045335137314,-0.993477557050354,-0.020294256543391977,-0.04347051441336432,0.1034444876609002,-0.05021399,0.25728825,0.20314422,0.5224641130904484,3.4070006222464144e-05,0.0001084079995052889,0.0005337379989214242,0.0003372670034877956,0.00013703199510928243,9.272500756196678e-05,0.0016024159995140508,0.018140118991141208,0.01974253499065526,50.65205661143973,0
148,2.9801248040021164,-0.004488293324605763,-0.9195064467242737,1.2105262915240687,-1.830132623712057,-1.2479313055621546,0.1130368560552597,0.274751216173172,-1.9777514934539795,-1.4082025289535522,-0.36026731133461,0.2053365558385849,-0.1441154181957245,0.20661357045173645,-2.5434513092041016,-1.7792344093322754,-0.6533725261688232,0.4867267310619354,-0.17444920539855957,0.3921450687252876,-0.011114784780661927,-0.12330264033739169,-0.057107017680046154,-0.044399383663701546,0.08104959456964643,0.009992447,-0.9466489,1.202942,-1.8204833,-1.2492396,0.11029805,0.009992447,-0.9466489,1.202942,-1.8204833,-1.2492396,0.11029805,-0.004488293547183275,-0.9195064306259155,1.2105263471603394,-1.8301326036453247,-1.2479313611984253,0.1130368560552597,0.3620185,-0.67856115,-0.18960771,0.24123202,-0.0327049,-0.06847001,-0.071233064,0.3803010108371888,0.009746462795883417,0.00950752527092972,0.018919475376605988,0.00264705,10.5882,False,0,0.43009156484583794,0.2043157884338211,0.057126048370670424,0.44247083375528284,0.2052943154203903,0.036648162891242744,-0.9932882830561574,-0.017443008371261903,-0.04547025491918152,0.10491212256930271,-0.05021399,0.25728825,0.20314422,0.5226496352887049,7.664000440854579e-05,0.00012214398884680122,0.00043532899871934205,0.0003143299982184544,0.00013818500156048685,0.00014165700122248381,0.0015476830012630671,0.018195271011791192,0.01974295401305426,50.65098157746753,0
149,3.0000884749897523,-0.002823654805318654,-0.9230778378299256,1.2094195524798792,-1.8288899860777796,-1.2478988806353968,0.11273733526468277,0.26450884342193604,-1.9060897827148438,-1.4035098552703857,-0.337725967168808,0.15542228519916534,-0.13612627983093262,0.23834764957427979,-2.548546314239502,-1.7714546918869019,-0.6437079906463623,0.4278419017791748,-0.17511917650699615,0.3317405275724241,-0.04570960881959786,0.020410248387453908,-0.05947146448268754,-0.03359290516864263,0.06160196712228159,0.01242722,-0.9492664,1.2020409,-1.8200662,-1.2494854,0.10998291,0.01242722,-0.9492664,1.2020409,-1.8200662,-1.2494854,0.10998291,-0.002823654795065522,-0.9230778217315674,1.20941960811615,-1.8288899660110474,-1.2478989362716675,0.11273733526468277,0.38127187,-0.6547135,-0.18446617,0.22059445,-0.03966044,-0.06886065,-0.12284241,0.365514939841323,0.007289614621549844,0.009137873496033075,0.019015051424503326,0.00264705,10.5882,False,0,0.430123244530007,0.20503769275397152,0.058876550990950016,0.44301166847013945,0.20659375352028211,0.036322298459454304,-0.9929607225818351,-0.027220006863264666,-0.04545965520083332,0.10593158399266567,-0.05021399,0.25728825,0.20314422,0.5231357711944643,3.283700789324939e-05,0.00010256300447508693,0.0004491580039029941,0.00027584399504121393,0.00017937600205186754,9.707099525257945e-05,0.0014137869875412434,0.018279026000527665,0.01969281298806891,50.77994700939171,0
150,3.020096822991036,-0.0009081999408167007,-0.9269789618304749,1.2082489172564905,-1.8275052509703578,-1.2479108015643519,0.11232650279998779,0.2765740752220154,-1.9030170440673828,-1.4071083068847656,-0.33834347128868103,0.08003512769937515,-0.1594991385936737,0.27413231134414673,-2.5550343990325928,-1.7727628946304321,-0.6431340575218201,0.3565390408039093,-0.17628785967826843,0.2433313265821558,-0.6416881078732387,0.2447048626898735,-0.07926973248651654,-0.04862504868117962,0.051676074681409265,0.014492478,-0.951073,1.2009072,-1.820436,-1.2490638,0.109615095,0.014492478,-0.951073,1.2009072,-1.820436,-1.2490638,0.109615095,-0.0009081999305635691,-0.9269789457321167,1.2082489728927612,-1.8275052309036255,-1.2479108572006226,0.11232650279998779,0.38501695,-0.6023507,-0.1835444,0.17672962,-0.02882622,-0.067785144,-0.14057982,0.33444923805420007,0.004478018227964639,0.008361230951355002,0.018275747075676918,0.00264705,10.5882,False,0,0.43011087878529114,0.20585817064739767,0.06077382307722884,0.4433517449545757,0.20757060967171492,0.03656507895606455,-0.99330057028883,-0.022055965633907153,-0.048183761399984065,0.10269274577740395,-0.05021399,0.25728825,0.20314422,0.5232853792772284,3.9646998629905283e-05,0.00011649799125734717,0.0005076540110167116,0.00025714100047480315,0.00017782999202609062,9.862800652626902e-05,0.001507335007772781,0.018291233995114453,0.019798569002887234,50.50870089925032,0
151,3.0400919870007783,0.001066228374838829,-0.9307630223086854,1.2071235815631312,-1.8262011013426722,-1.247986141835348,0.11195895820856094,0.28639671206474304,-1.9033887386322021,-1.402134656906128,-0.2989678382873535,-0.00889793410897255,-0.16250167787075043,0.27735185623168945,-2.5311455726623535,-1.7704100608825684,-0.6483091115951538,0.30033889412879944,-0.17575804889202118,0.13821812246491777,-0.540646014749854,0.3781680393308502,-0.07793893016904013,-0.04618774576244576,0.052768010163397334,0.01579397,-0.95053816,1.1998723,-1.82208,-1.2481242,0.10933858,0.01579397,-0.95053816,1.1998723,-1.82208,-1.2481242,0.10933858,0.001066228374838829,-0.9307630062103271,1.2071236371994019,-1.82620108127594,-1.2479861974716187,0.11195895820856094,0.36819354,-0.49437848,-0.18128431,0.10302786,-0.0034523986,-0.065509394,-0.17103688,0.28575623533977734,0.0010572805441915979,0.007143905883494435,0.016722461208701134,0.00264705,10.5882,False,0,0.4300710111097905,0.20669043982270993,0.06261117485790121,0.44372663766341947,0.208496993778269,0.03659329935040409,-0.9936469770273757,-0.01887733863371912,-0.04680586266647546,0.1005908989220588,-0.05021399,0.25728825,0.20314422,0.5235428721381825,4.4127998990006745e-05,0.00010583300900179893,0.0008803899982012808,0.00034026900539174676,0.00016004699864424765,9.03650070540607e-05,0.0024471840006299317,0.0173918020009296,0.019838986001559533,50.40580198611917,0
152,3.060120326001197,0.0031047493685036898,-0.9345103663257142,1.2061002890216272,-1.8249513111510218,-1.248204533253805,0.11154475063085556,0.3051663637161255,-1.886237382888794,-1.3692268133163452,-0.3183848559856415,-0.004526588134467602,-0.1610582023859024,0.26553240418434143,-2.4955170154571533,-1.770517110824585,-0.6593987345695496,0.28097161650657654,-0.17444922029972076,-0.1353016564242228,-0.2677840328540448,0.44816930039069264,-0.07042234383793844,-0.026191777603931137,0.04540192445790501,0.015294845,-0.9455843,1.1995857,-1.825726,-1.2471365,0.10930434,0.015294845,-0.9455843,1.1995857,-1.825726,-1.2471365,0.10930434,0.0031047493685036898,-0.934510350227356,1.206100344657898,-1.8249512910842896,-1.2482045888900757,0.11154475063085556,0.3047524,-0.27684838,-0.1628654,-0.019369034,0.026701478,-0.05601026,-0.21952362,0.23813019611648115,0.0,0.005953254902912029,0.014287811703979969,0.008431375,33.7255,False,0,0.42998825670968144,0.20751865414853982,0.06439877023420487,0.44376972379136703,0.20887279416908786,0.036753905131792095,-0.993974197217675,-0.015518400948697943,-0.04344548814546419,0.09943335363630806,-0.05021399,0.25728825,0.20314422,0.5234975665604416,9.862899605650455e-05,0.00010413301060907543,0.0004345699999248609,0.0003063999902224168,0.000168855010997504,9.555599535815418e-05,0.001495607997640036,0.01835809501062613,0.019853703008266166,50.36843754455509,0
153,3.0800917359883897,0.005145002156496048,-0.9378974598697205,1.205085579548971,-1.8238445721068324,-1.2483890692340296,0.11116525530815125,0.28342512249946594,-1.8135921955108643,-1.3735520839691162,-0.333024263381958,0.012590792030096054,-0.1529545933008194,0.22856178879737854,-2.4106316566467285,-1.7532477378845215,-0.6663486361503601,0.29935041069984436,-0.17162007093429565,0.2483097868781983,-0.6787182482183867,0.45839557635478523,-0.06843615645246694,-0.03320430293141863,0.047340483720457564,0.013676157,-0.9367842,1.1995578,-1.8310779,-1.245847,0.10950504,0.013676157,-0.9367842,1.1995578,-1.8310779,-1.245847,0.10950504,0.005145002156496048,-0.9378974437713623,1.2050856351852417,-1.8238445520401,-1.2483891248703003,0.11116525530815125,0.21327887,0.027830474,-0.13819581,-0.18083502,0.06355239,-0.041505303,-0.3078532,0.19844183009706765,0.0,0.004961045752426691,0.011906510218977928,0.008431375,33.7255,False,0,0.4298949445940235,0.20835570211727794,0.0660442685619706,0.4441587450462802,0.2097831142693798,0.03681889860334719,-0.994078456659977,-0.01291620570529766,-0.042691004596589414,0.09908943664021347,-0.05021399,0.25728825,0.20314422,0.5237606811107409,4.218300455249846e-05,0.00010199099779129028,0.0004166020080447197,0.00025691000337246805,0.00013584901171270758,0.00014110399933997542,0.0013999299990246072,0.018406889998004772,0.01980681999702938,50.48766031851552,0
154,3.1000860380008817,0.0071449875831604,-0.9408340019038697,1.2040913740741175,-1.8231154880919398,-1.2484248320208948,0.11084912717342377,0.16373498737812042,-1.5336865186691284,-1.2254527807235718,-0.339827299118042,0.02446713112294674,-0.16355466842651367,0.08628259599208832,-2.001979112625122,-1.621907353401184,-0.6463513970375061,0.34558820724487305,-0.16003073751926422,0.6760400442624713,-0.7271147184764837,1.499255540899727,-0.08424209398643928,-0.0405191311010863,0.05044578024129452,0.011169821,-0.9274679,1.1989592,-1.8372484,-1.2446537,0.10990836,0.011169821,-0.9274679,1.1989592,-1.8372484,-1.2446537,0.10990836,0.0071449875831604,-0.9408339858055115,1.2040914297103882,-1.8231154680252075,-1.2484248876571655,0.11084912717342377,0.10062085,0.33415288,-0.12830365,-0.3533231,0.09428062,-0.023519235,-0.39060032,0.16536819174755638,0.0,0.0041342047936889096,0.009922091849148273,0.008431375,33.7255,False,0,0.42984338855454496,0.20920963924664493,0.06753319291759369,0.4445069218570699,0.21047384211476475,0.036646153051751264,-0.9939533121904605,-0.012790220762495723,-0.04619625183424616,0.09878863089784723,-0.05021399,0.25728825,0.20314422,0.5240820309622761,4.4212996726855636e-05,0.00010598100197967142,0.00041761000466067344,0.0003100620087934658,0.0001386660005664453,0.0001281059958273545,0.0014390060096047819,0.018389251999906264,0.019828258009511046,50.43307382425267,0
155,3.12013754498912,0.008828897960484028,-0.9422591489604493,1.2031963507281702,-1.823336740533346,-1.2483022848712366,0.11052560806274414,0.12597353756427765,-1.5310732126235962,-1.2484838962554932,-0.5082787871360779,0.17531344294548035,-0.15352752804756165,0.0889187604188919,-2.0674571990966797,-1.6526285409927368,-0.9138880968093872,0.47593051195144653,-0.15827642381191254,0.5151572016978893,-0.9276765917509094,1.9897497500091277,-0.09865575718642502,-0.01742408379626059,0.08947439135752745,0.0093633495,-0.9207962,1.197898,-1.8429232,-1.2426928,0.110255755,0.0093633495,-0.9207962,1.197898,-1.8429232,-1.2426928,0.110255755,0.008828897960484028,-0.9422591328620911,1.203196406364441,-1.8233367204666138,-1.2483023405075073,0.11052560806274414,0.01336129,0.5365733,-0.1324583,-0.48966163,0.14023727,-0.0067462563,-0.4257408,0.137806826456297,0.0,0.003445170661407425,0.00826840940862894,0.008431375,33.7255,False,0,0.4299117552193662,0.2099644449334484,0.06843343963846896,0.4448440775588885,0.21152389998372442,0.03680609804846492,-0.9940219633958829,-0.010221986282577332,-0.04639012046445843,0.09830469612204867,-0.05021399,0.25728825,0.20314422,0.5242568418930103,4.7137989895418286e-05,0.00011775299208238721,0.000503048999235034,0.0002987610059790313,0.000167342004715465,0.00010408699745312333,0.0015589260001434013,0.01829298699158244,0.01985191299172584,50.3729791893,0
156,3.140128528990317,0.01022903248667717,-0.9424482744983216,1.2024100462542933,-1.8239809475340785,-1.2480476538287562,0.11027072370052338,0.06735238432884216,-1.2453831434249878,-1.2829245328903198,-0.669911801815033,0.2013186812400818,-0.19863052666187286,0.0010306816548109055,-1.3864386081695557,-1.6227635145187378,-0.917496383190155,0.45348066091537476,-0.15322203934192657,1.299482006385554,-0.758203203541435,1.4730357391740454,-0.09909814139324825,-0.06759917997420928,0.020537118138713648,0.0072765225,-0.9165788,1.1971519,-1.8466456,-1.2415917,0.11048717,0.0072765225,-0.9165788,1.1971519,-1.8466456,-1.2415917,0.11048717,0.01022903248667717,-0.9424482583999634,1.202410101890564,-1.8239809274673462,-1.2480477094650269,0.11027072370052338,-0.07381275,0.6467361,-0.1314563,-0.5666172,0.16140008,0.0054111667,-0.43631935,0.11483902204691417,0.0,0.0028709755511728543,0.0068903411738574505,0.008431375,33.7255,False,0,0.4299987279134562,0.2106273477311616,0.06881477761943286,0.4449090758551332,0.21182160997565846,0.03685295817238999,-0.9940422029743754,-0.009222383299307253,-0.04577934525683354,0.09848506177977456,-0.05021399,0.25728825,0.20314422,0.5242774541481093,4.829399404115975e-05,0.00012529498781077564,0.00048085999151226133,0.00034114200389012694,0.0001693239901214838,0.00010447499516885728,0.001593405002495274,0.018210790993180126,0.0198041959956754,50.4943497942743,0
157,3.1600763619935606,0.011009801179170609,-0.9410774868777771,1.2015989462481897,-1.8256803951659144,-1.2476771513568323,0.11010288447141647,0.10964666306972504,-1.1366885900497437,-1.2902324199676514,-0.630559504032135,0.2668823003768921,-0.1863936334848404,0.0015640389174222946,-1.417765736579895,-1.6568191051483154,-0.9444482922554016,0.4625229835510254,-0.10716115683317184,0.19237030193248233,-1.2088751556013786,1.48988859362677,-0.11840658639316438,-0.022790467681068807,0.05409652704205563,0.005624231,-0.91273886,1.1972717,-1.8499033,-1.2404978,0.11073602,0.005624231,-0.91273886,1.1972717,-1.8499033,-1.2404978,0.11073602,0.011009801179170609,-0.941077470779419,1.2015990018844604,-1.8256803750991821,-1.247677206993103,0.11010288447141647,-0.13463926,0.7084656,-0.10818346,-0.60557336,0.17948495,0.015828302,-0.4347235,0.09569918503909515,0.0,0.0023924796259773787,0.005741951055824757,0.008431375,33.7255,False,0,0.43032986914181187,0.2110517989281004,0.0686262995666114,0.44489111951590427,0.21195644520879633,0.03673449971946675,-0.9938061967262695,-0.009375157906773398,-0.04753373095324845,0.10000944149220165,-0.05021399,0.25728825,0.20314422,0.5242864069098979,3.588800609577447e-05,0.00011357999756000936,0.0005006220017094165,0.00036034200456924736,0.0002313900040462613,0.00014262099284678698,0.001701563989627175,0.018075411004247144,0.01977697499387432,50.563850149466134,0
158,3.180097502001445,0.011349130421876907,-0.9387659591487427,1.2010000387774866,-1.8278376064696253,-1.2470877806292933,0.1100466176867485,0.03053610771894455,-1.226230502128601,-1.4345197677612305,-0.7023374438285828,0.2868577837944031,-0.1637122482061386,-0.10483652353286743,-1.517332911491394,-1.7040797472000122,-0.9668078422546387,0.480017751455307,-0.04545733332633972,0.6875649308748654,-0.7729813554676558,0.5915293178643992,-0.08587944955326104,-0.04317682936101883,0.049726434893366624,0.004451853,-0.9090579,1.197473,-1.8531181,-1.2392443,0.11105446,0.004451853,-0.9090579,1.197473,-1.8531181,-1.2392443,0.11105446,0.011349130421876907,-0.9387659430503845,1.2010000944137573,-1.827837586402893,-1.247087836265564,0.1100466176867485,-0.17243193,0.74270046,-0.08817671,-0.63201296,0.19608665,0.02519595,-0.42636886,0.07974932086591262,0.0,0.0019937330216478156,0.004784959368407726,0.008431375,33.7255,False,0,0.43071768241111336,0.21133555651511376,0.0680239336313325,0.4452224364788698,0.2120752992384315,0.03660747774819219,-0.9939284586103362,-0.014253902161609351,-0.046179002220148764,0.09884580765496126,-0.05021399,0.25728825,0.20314422,0.5246293449582713,4.459799674805254e-05,0.00011447200085967779,0.0005344000092009082,0.0002846470015356317,0.0001560380042064935,0.00010556599590927362,0.0015468979981960729,0.018282795004779473,0.019829693002975546,50.429424189771616,0
159,3.2000764819968026,0.011162042617797852,-0.935779408817627,1.2001736799823206,-1.8308140240111292,-1.246148411427633,0.1100466251373291,-0.21127404272556305,-1.2088388204574585,-1.3738983869552612,-0.7041668891906738,0.2874593436717987,-0.1390405148267746,-0.3984281122684479,-1.6204086542129517,-1.734217882156372,-0.9709541201591492,0.4999265968799591,0.0036778240464627743,0.48533447517777806,-1.27764113822141,0.7949109714889786,-0.11347866764836945,-0.03499664308001013,0.047867924158369664,0.0037770309,-0.9052073,1.1984437,-1.8563589,-1.2376451,0.111416906,0.0037770309,-0.9052073,1.1984437,-1.8563589,-1.2376451,0.111416906,0.011162042617797852,-0.9357793927192688,1.2001737356185913,-1.830814003944397,-1.2461484670639038,0.1100466251373291,-0.1846253,0.7643035,-0.043253332,-0.6386218,0.21258378,0.034256935,-0.41765866,0.06645776738826052,0.0,0.001661444184706513,0.003987465985119343,0.008431375,33.7255,False,0,0.43140575547751886,0.21147339116522293,0.06728906256006784,0.44542701705811805,0.21254089691023245,0.03651063297013492,-0.9940027116139443,-0.023007577851075954,-0.04205425785263134,0.09828915693012724,-0.05021399,0.25728825,0.20314422,0.5248133813917445,0.00012470899673644453,0.0001605729921720922,0.000911379000172019,0.0002936870005214587,0.00028346698672976345,0.00011037499643862247,0.0022783860040362924,0.0174709279963281,0.019749314000364393,50.63467014507689,0
160,3.2200802529987413,0.01062287762761116,-0.9321711224368592,1.199435059224264,-1.8342472515501917,-1.2450879255877894,0.1100466325879097,-0.2417343258857727,-1.2110308408737183,-1.3596831560134888,-0.6365545988082886,0.2855164706707001,-0.07296448200941086,-0.34839928150177,-1.7057247161865234,-1.7542084455490112,-0.9691555500030518,0.5229313373565674,0.043690524995326996,-0.07406237603276672,-1.0161808361249394,0.8432083385680954,-0.10059261687690532,-0.010731725416194432,0.04113109285366739,0.0033607804,-0.90113103,1.1993455,-1.860057,-1.2358307,0.11176224,0.0033607804,-0.90113103,1.1993455,-1.860057,-1.2358307,0.11176224,0.01062287762761116,-0.932171106338501,1.1994351148605347,-1.8342472314834595,-1.24508798122406,0.1100466325879097,-0.18155244,0.77600116,-0.0022401249,-0.6452428,0.23143205,0.042890247,-0.40471086,0.05538147282355044,0.0,0.001384536820588761,0.0033228883985430002,0.007156875,28.6275,False,0,0.43219057560806046,0.21148621613358748,0.06630524889971101,0.44599325812196344,0.21316608163496278,0.03644715286800837,-0.9938983841009794,-0.025423116081157906,-0.04786906654142751,0.0960637712267442,-0.05021399,0.25728825,0.20314422,0.525315439044046,4.415599687490612e-05,0.000535840998054482,0.0007709310011705384,0.0006513559928862378,0.0002947710017906502,0.00025584999821148813,0.002929716996732168,0.016876217006938532,0.0198059340036707,50.48991882001963,0
161,3.2400765450001927,0.009891222231090069,-0.9280917209437867,1.1988680998431605,-1.8376695118346156,-1.2440956274615687,0.11009816080331802,-0.2568337023258209,-1.3573546409606934,-1.3438478708267212,-0.6304705739021301,0.3036372661590576,0.022634487599134445,-0.290157288312912,-1.7554322481155396,-1.7532637119293213,-0.9589038491249084,0.5455133318901062,0.07898375391960144,-0.2544497534144695,-0.7274530482173882,0.5752673886784765,-0.1021648724616991,-0.00600664720279025,0.04438204866751167,0.0020387284,-0.8968785,1.201194,-1.8631127,-1.2350733,0.1120968,0.0020387284,-0.8968785,1.201194,-1.8631127,-1.2350733,0.1120968,0.009891222231090069,-0.9280917048454285,1.1988681554794312,-1.8376694917678833,-1.2440956830978394,0.11009816080331802,-0.19631234,0.78032994,0.058148168,-0.63607925,0.2255598,0.04996597,-0.3911796,0.0461512273529587,0.0,0.0011537806838239676,0.0027690737042576075,0.007156875,28.6275,False,0,0.43292087906142934,0.21139856410314484,0.06505902708083264,0.44592577126888666,0.2132474614941323,0.03645757176082554,-0.9941818612739757,-0.02570292041990916,-0.045283965141645205,0.0942928479830803,-0.05021399,0.25728825,0.20314422,0.5252415558041229,3.7299992982298136e-05,0.00014164000458549708,0.000499178990139626,0.0003762210108106956,0.0001738299906719476,0.00011597500997595489,0.0016760190046625212,0.018138950006687082,0.019814969011349604,50.4668969922295,0
162,3.2600798619969282,0.009008580818772316,-0.923853413467743,1.1985915342914026,-1.8410078487791957,-1.242944065724508,0.11026239395141602,-0.25754261016845703,-1.3338756561279297,-1.3609049320220947,-0.6723703145980835,0.29900193214416504,0.08575216680765152,-0.2422875165939331,-1.7862147092819214,-1.7508795261383057,-0.9527029991149902,0.5655519962310791,0.11042927205562592,0.42350357359464963,-0.9221761494987583,0.44170005916567084,-0.09297576938166777,-0.02675378944627041,0.07706318258179518,0.0006359033,-0.89264274,1.2029936,-1.8662001,-1.2341721,0.11253791,0.0006359033,-0.89264274,1.2029936,-1.8662001,-1.2341721,0.11253791,0.009008580818772316,-0.9238533973693848,1.1985915899276733,-1.8410078287124634,-1.2429441213607788,0.11026239395141602,-0.20931694,0.7802659,0.11005101,-0.6298055,0.21930026,0.056888007,-0.37379855,0.03845935612746559,0.0,0.0009614839031866397,0.00230756145901978,0.007156875,28.6275,False,0,0.43356290457668833,0.21127908032730072,0.06366262223499333,0.4459778118167295,0.21316244676744306,0.03651933410341192,-0.9943354823387118,-0.025362805709753123,-0.04398397114377055,0.09337631012829539,-0.05021399,0.25728825,0.20314422,0.5252782527179128,3.4594995668157935e-05,0.00013378000585362315,0.0005887989973416552,0.0003081719914916903,0.00017529798788018525,0.0001142330002039671,0.0017040069942595437,0.018107102005160414,0.019811108999419957,50.47673000180246,0
163,3.2800837690010667,0.00800564605742693,-0.9195714753917237,1.1984885374652308,-1.8445831737914027,-1.241678539906637,0.11048625409603119,-0.2928076386451721,-1.2892489433288574,-1.1679242849349976,-0.6359689235687256,0.3190993368625641,0.07260637730360031,-0.2385016679763794,-1.7901898622512817,-1.5225534439086914,-0.9404893517494202,0.5622782111167908,0.11333037912845612,-0.021211960826697927,-1.1515142905340705,0.6855165291537111,-0.12663319100033624,-0.02152888523520481,0.06624654956522393,-0.0005728649,-0.88847023,1.205041,-1.8692889,-1.2331421,0.11299716,-0.0005728649,-0.88847023,1.205041,-1.8692889,-1.2331421,0.11299716,0.00800564605742693,-0.9195714592933655,1.1984885931015015,-1.8445831537246704,-1.2416785955429077,0.11048625409603119,-0.21446279,0.77753067,0.1638124,-0.617644,0.21341048,0.06277255,-0.35823628,0.03204946343955466,0.0,0.0008012365859888665,0.0019229678437113762,0.007156875,28.6275,False,0,0.43422463371943654,0.21113182363232302,0.062223614327963916,0.44598846898488215,0.21318882155648589,0.03645594476356827,-0.9942803960821553,-0.026397311299151786,-0.04532103918195465,0.0930357833843064,-0.05021399,0.25728825,0.20314422,0.5253062159071591,3.508199006319046e-05,0.00012571401020977646,0.0005322049983078614,0.00034617701021488756,0.00018256899784319103,0.00011349499982316047,0.0016657939995639026,0.018148264003684744,0.019814058003248647,50.469217352449625,0
164,3.300092890000087,0.00694500096142292,-0.9153123658946534,1.1986826101886194,-1.8481112919249476,-1.2404544989215296,0.11075667291879654,-0.25524938106536865,-1.3482904434204102,-0.9296116232872009,-0.5976067781448364,0.28782951831817627,0.11659245938062668,-0.2402174174785614,-1.796610951423645,-1.2533526420593262,-0.9329687356948853,0.556225597858429,0.11357235163450241,-0.4979888206461852,-1.3922589331613218,0.3583310694624807,-0.127319668396571,0.02455797234035423,0.1259635244384655,-0.0017289054,-0.8844443,1.2072587,-1.8722401,-1.2322826,0.11348917,-0.0017289054,-0.8844443,1.2072587,-1.8722401,-1.2322826,0.11348917,0.00694500096142292,-0.9153123497962952,1.1986826658248901,-1.8481112718582153,-1.2404545545578003,0.11075667291879654,-0.21684767,0.77170175,0.21440044,-0.603221,0.20429908,0.06831248,-0.3413633,0.02670788619962888,0.0,0.000667697154990722,0.0016024732030928135,0.007156875,28.6275,False,0,0.4347994365491119,0.2109482356704107,0.060699909594267326,0.4459308159866337,0.21318011015751578,0.036347277264148374,-0.9942069938091738,-0.026379486780863992,-0.045696700315648535,0.09363943231635474,-0.05021399,0.25728825,0.20314422,0.5252869845067994,5.156800034455955e-05,0.0001270360080525279,0.0005421730020316318,0.00031143700471147895,0.00018002800061367452,0.00010756500705610961,0.0016931049904087558,0.01807650300906971,0.019769607999478467,50.582692384511645,0
165,3.3209963039989816,0.005781207233667374,-0.9109044235995789,1.1990659872638147,-1.8515669308104457,-1.239328686391012,0.11105974018573761,-0.20689713954925537,-1.4448150396347046,-0.8232026100158691,-0.6624266505241394,0.31391197443008423,0.14708754420280457,-0.23802520334720612,-1.802829384803772,-1.2471762895584106,-0.929437518119812,0.5560618042945862,0.11352389305830002,-0.017980826090444515,-0.687500509441365,0.23047750240882664,-0.102425617632635,0.016451556022622105,0.17713083802169105,-0.0027362695,-0.88048095,1.2091044,-1.8752508,-1.2313234,0.11401898,-0.0027362695,-0.88048095,1.2091044,-1.8752508,-1.2313234,0.11401898,0.005781207233667374,-0.9109044075012207,1.1990660429000854,-1.8515669107437134,-1.2393287420272827,0.11105974018573761,-0.21293692,0.76058704,0.25095904,-0.59209895,0.20013545,0.073980905,-0.31606096,0.02225657183302407,0.0,0.0005564142958256017,0.001335394335910678,0.007156875,28.6275,False,0,0.43530531249933346,0.2106960893858311,0.059041482447458465,0.4460885090905183,0.21319748272601582,0.036408678836595765,-0.9942261211530299,-0.026404048739544606,-0.04632240572300226,0.09312070322191524,-0.05021399,0.25728825,0.20314422,0.5254149850614522,0.00014817500778008252,0.00014632500824518502,0.0006126099906396121,0.00035621700226329267,0.00018291399464942515,0.00014773200382478535,0.001974454993614927,0.018710629010456614,0.02068508400407154,48.34401445037233,0
166,3.3401009579974925,0.0044380296021699905,-0.9061710995486756,1.1998003164874476,-1.855441232720846,-1.2379863897906702,0.11143095791339874,-0.18352733552455902,-1.3525800704956055,-0.7914478182792664,-0.6403326392173767,0.346407026052475,0.15541976690292358,-0.23413553833961487,-1.813941240310669,-1.2446949481964111,-0.92795330286026,0.5581854581832886,0.11323082447052002,-0.5389764831566362,-0.5018994619804359,0.14610629064310293,-0.10062161655962115,0.03982597821820056,0.1616755789908492,-0.0040281657,-0.87641466,1.211569,-1.8781866,-1.2304802,0.11456146,-0.0040281657,-0.87641466,1.211569,-1.8781866,-1.2304802,0.11456146,0.0044380296021699905,-0.9061710834503174,1.1998003721237183,-1.8554412126541138,-1.237986445426941,0.11143095791339874,-0.21165489,0.74391127,0.29421496,-0.56863505,0.18765609,0.07826263,-0.2897559,0.018547143194186724,0.0,0.0004636785798546681,0.0011128286132588983,0.007156875,28.6275,False,0,0.4358040530860545,0.21041309751131615,0.05719032498913215,0.4459804051998972,0.213143940951693,0.03636548100880776,-0.9942774497657794,-0.02627371760982384,-0.04598860188015616,0.09277435486761304,-0.05021399,0.25728825,0.20314422,0.5253310814206433,7.340799493249506e-05,0.00017686998762656003,0.000808980010333471,0.000362966995453462,0.00030280200007837266,0.000142995995702222,0.002332474003196694,0.016520189004950225,0.01885266300814692,53.04290431372288,0
167,3.360095572992577,0.003307758364826441,-0.9023547333529969,1.2006986776935022,-1.8585239849486292,-1.2368796507464808,0.11178196966648102,-0.2081495076417923,-1.3853676319122314,-0.739109456539154,-0.658940315246582,0.309711217880249,0.13944266736507416,-0.22710002958774567,-1.828994870185852,-1.2519464492797852,-0.9328169226646423,0.5639121532440186,0.11282607913017273,-0.23423941615869262,-0.8579965707551624,0.15325385340875414,-0.10666974583190895,0.01989819046454696,0.1682983659471887,-0.0048018317,-0.8733313,1.2138112,-1.8804475,-1.2296453,0.11507477,-0.0048018317,-0.8733313,1.2138112,-1.8804475,-1.2296453,0.11507477,0.003307758364826441,-0.9023547172546387,1.200698733329773,-1.858523964881897,-1.2368797063827515,0.11178196966648102,-0.20273976,0.72558516,0.32781053,-0.5480873,0.18086174,0.08232002,-0.26155934,0.01545595266182227,0.0,0.0003863988165455568,0.0009273571777157485,0.0048039250000000006,19.2157,False,0,0.43611196424408855,0.2101686343410794,0.055607729515202986,0.44590783051868177,0.21317621873766404,0.03641583731524688,-0.9941643249155211,-0.026367026967536095,-0.04683402569280507,0.09353428073603531,-0.05021399,0.25728825,0.20314422,0.5252438340119413,0.00011407599959056824,0.0001229879999300465,0.0005975090025458485,0.0003302999975858256,0.00017025999841280282,0.00011628000356722623,0.0018036880064755678,0.017950951994862407,0.019754640001337975,50.621018653454094,0
168,3.380130110992468,0.0021511358208954334,-0.8981356781772156,1.2019723097430628,-1.8618656597533167,-1.2357476393329065,0.11215784400701523,-0.23615583777427673,-1.3846549987792969,-0.7019546627998352,-0.6655547022819519,0.33167874813079834,0.14394792914390564,-0.23040901124477386,-1.8315458297729492,-1.249050498008728,-0.9323314428329468,0.5640701651573181,0.11285747587680817,0.10055948802453789,-0.5316778477297424,0.12591583281615115,-0.1021853118650562,0.01316697523211454,0.16810763650146754,-0.00576093,-0.8700311,1.2157416,-1.8831279,-1.2288551,0.11559014,-0.00576093,-0.8700311,1.2157416,-1.8831279,-1.2288551,0.11559014,0.0021511358208954334,-0.8981356620788574,1.2019723653793335,-1.8618656396865845,-1.2357476949691772,0.11215784400701523,-0.19780165,0.702613,0.3442313,-0.5315557,0.17231336,0.08580743,-0.22686574,0.01287996055151856,0.0,0.000321999013787964,0.0007727976189926267,0.0048039250000000006,19.2157,False,0,0.43632908022875205,0.20991760099827697,0.053765072247557666,0.4459989596406839,0.21309962787447423,0.03628671418397579,-0.9942286745392934,-0.027180873774680942,-0.04666924265718121,0.0926956554789009,-0.05021399,0.25728825,0.20314422,0.5253773429085685,4.7474997700192034e-05,0.00012980500468984246,0.000617628000327386,0.0003238429926568642,0.00017372699221596122,0.00011599498975556344,0.0017595879908185452,0.01803995900263544,0.019799546993453987,50.506206042522805,0
169,3.400134238996543,0.000987549778074026,-0.893898682003357,1.2034533659564417,-1.8651086292662562,-1.2347105185138147,0.11256006360054016,-0.20206031203269958,-1.3499717712402344,-0.6954901218414307,-0.6672232151031494,0.33629778027534485,0.15634019672870636,-0.2163398563861847,-1.8604464530944824,-1.2579859495162964,-0.9340246915817261,0.5713779926300049,0.1117829978466034,-0.12288677387480697,-0.43190076025837004,0.04165856911161761,-0.08399481294115896,0.02369754601647968,0.23495854743119182,-0.006286583,-0.86714435,1.2178347,-1.8853815,-1.2279805,0.11610357,-0.006286583,-0.86714435,1.2178347,-1.8853815,-1.2279805,0.11610357,0.000987549778074026,-0.8938986659049988,1.2034534215927124,-1.865108609199524,-1.2347105741500854,0.11256006360054016,-0.18185332,0.6688579,0.35953248,-0.5068208,0.16825122,0.08858768,-0.18069558,0.0107333004595988,0.0,0.00026833251148997,0.0006439980352297425,0.0048039250000000006,19.2157,False,0,0.4364545142607386,0.20964187046249078,0.051840079978775905,0.4459764740062137,0.2132583542862131,0.03643426577842669,-0.9942818380637595,-0.0254776586367993,-0.04481194611769345,0.09352235971983053,-0.05021399,0.25728825,0.20314422,0.525295932405769,5.097499524708837e-05,0.00011285299842711538,0.0004971299931639805,0.00025841798924375325,0.0001990349992411211,0.00012504598998930305,0.0015831469936529174,0.01824344000488054,0.019826586998533458,50.43732439042426,0
170,3.4201181169919437,-0.00016814867128545075,-0.8898555797389527,1.2051895300494593,-1.8682085476317347,-1.2336190382586878,0.11299252510070801,-0.24176627397537231,-1.4639533758163452,-0.7338070273399353,-0.6735934615135193,0.32500043511390686,0.13649514317512512,-0.21632452309131622,-1.8797515630722046,-1.268774390220642,-0.9404689073562622,0.5768133997917175,0.11108480393886566,-0.38140829631324025,-0.5961260473478244,-0.04996506570648912,-0.10599643334563744,0.018675909740649456,0.1649694089437952,-0.007125682,-0.8647812,1.2196695,-1.8874841,-1.2272168,0.116577916,-0.007125682,-0.8647812,1.2196695,-1.8874841,-1.2272168,0.116577916,-0.0001681486755842343,-0.8898555636405945,1.20518958568573,-1.8682085275650024,-1.2336190938949585,0.11299252510070801,-0.17393833,0.6268595,0.36199835,-0.4818899,0.16005783,0.08963474,-0.12824875,0.008944417049665665,0.0,0.00022361042624164165,0.0005366650293581188,0.0048039250000000006,19.2157,False,0,0.43648203764130256,0.20938167310462866,0.04992056702714931,0.4460560202841761,0.21321578506050778,0.036469619699615874,-0.9942642444080341,-0.02554922942087034,-0.045453105749001466,0.0933800204553159,-0.05021399,0.25728825,0.20314422,0.5253634238660208,3.6662997445091605e-05,0.00011731599806807935,0.0005165699985809624,0.00021523299801629037,0.00014788299449719489,0.00011086800077464432,0.0014636039995821193,0.018331433995626867,0.019795037995208986,50.517710561709,0
171,3.440128778995131,-0.0013001600848596695,-0.8858718437007447,1.2070344130145472,-1.871206899682516,-1.2326629797564905,0.11347867548465729,-0.18499958515167236,-1.4731459617614746,-0.7391732931137085,-0.6462818384170532,0.33845430612564087,0.16738532483577728,-0.20146098732948303,-1.8989756107330322,-1.276140809059143,-0.943082332611084,0.5844217538833618,0.10997015982866287,0.10329496694583856,-0.13008739027544267,-0.5221148572658224,-0.09405130941496909,-0.012126934592582128,0.15306505317266886,-0.007868793,-0.8627806,1.2215027,-1.8892014,-1.2265568,0.11703491,-0.007868793,-0.8627806,1.2215027,-1.8892014,-1.2265568,0.11703491,-0.0013001600746065378,-0.8858718276023865,1.2070344686508179,-1.8712068796157837,-1.2326630353927612,0.11347867548465729,-0.16421583,0.5772812,0.36170378,-0.44986248,0.1526557,0.08890601,-0.07415189,0.007453680874721388,0.0,0.0001863420218680347,0.00044722083839587867,0.0048039250000000006,19.2157,False,0,0.4364463855843391,0.20910171751278664,0.047978487603553305,0.44601822932937685,0.2131584396463726,0.03636041804852176,-0.9942453572904917,-0.02607092179809374,-0.04623496167257315,0.09305278345718881,-0.05021399,0.25728825,0.20314422,0.5253671970477019,6.828800542280078e-05,0.00010642700362950563,0.0004666820022976026,0.0002947289904113859,0.00015700698713772,0.00023817300098016858,0.0016203209961531684,0.018230544999823906,0.019850865995977074,50.37563601520747,0
172,3.4601332019956317,-0.0023487249957483414,-0.8821163338473816,1.2088997999774378,-1.8740531406798304,-1.2317455450641077,0.11400090157985687,-0.18723167479038239,-1.4340537786483765,-0.6901325583457947,-0.6476788520812988,0.3763406574726105,0.17139825224876404,-0.20497998595237732,-1.9238513708114624,-1.2887190580368042,-0.9486073851585388,0.5888212323188782,0.10927876830101013,0.45483201658343503,0.1732983232748019,0.11188069632228703,-0.06735806480138225,-0.020109905519150574,0.1420765029122082,-0.008225923,-0.8615378,1.2233465,-1.8904263,-1.2258831,0.11750376,-0.008225923,-0.8615378,1.2233465,-1.8904263,-1.2258831,0.11750376,-0.0023487249854952097,-0.8821163177490234,1.2088998556137085,-1.8740531206130981,-1.2317456007003784,0.11400090157985687,-0.14692996,0.5144622,0.3611639,-0.40933037,0.14656149,0.087571606,-0.009789168,0.00621140072893449,0.0,0.00015528501822336226,0.00037268403684720397,0.0048039250000000006,19.2157,False,0,0.4363674580207965,0.20884987737060762,0.046116257965867685,0.44587166298908837,0.2132345087869941,0.03642304249414174,-0.9942451359561197,-0.02567643458121107,-0.044877879157746506,0.0938260917865732,-0.05021399,0.25728825,0.20314422,0.5252024921149913,3.537200973369181e-05,0.00011926799197681248,0.0005811610026285052,0.00023994399816729128,0.000151443004142493,0.00011829700088128448,0.001566256003570743,0.018219181001768447,0.01978543700533919,50.54222455284386,0
173,3.480090400989866,-0.003320042287008107,-0.8785275977901001,1.210837189351217,-1.8768030605711878,-1.230804745350973,0.11447274684906006,-0.1863519549369812,-1.4701875448226929,-0.7210004925727844,-0.6094741225242615,0.34290483593940735,0.14425316452980042,-0.20479461550712585,-1.94520902633667,-1.2975088357925415,-0.9515466094017029,0.5913963317871094,0.10861445963382721,-0.1670996299885029,-0.49995994928291265,0.38334775375814323,-0.1123169965612737,-0.006473827681683211,0.17651888342138958,-0.008640986,-0.8610547,1.2245662,-1.8916085,-1.2251792,0.117835894,-0.008640986,-0.8610547,1.2245662,-1.8916085,-1.2251792,0.117835894,-0.0033200422767549753,-0.8785275816917419,1.2108372449874878,-1.8768030405044556,-1.2308048009872437,0.11447274684906006,-0.13302359,0.43682185,0.34322473,-0.37013596,0.14063996,0.08407865,0.06361303,0.013657904252007176,0.0012722605466842652,0.0003414476063001794,0.0003105700307060033,0.0048039250000000006,19.2157,False,0,0.4362386276556198,0.20863740356626845,0.044302179028159694,0.4459526417540096,0.21323004374416157,0.03644418998287842,-0.9942613587868314,-0.02597620677396076,-0.045282290316391714,0.09337592338252182,-0.05021399,0.25728825,0.20314422,0.5252726449096534,3.588901017792523e-05,0.00010679199476726353,0.0004617910017259419,0.0002569150092313066,0.00016777199925854802,0.00010655699588824064,0.0014292900013970211,0.01831329899141565,0.01974258899281267,50.651918062218286,0
174,3.500092930000392,-0.004216019307271779,-0.8751853865436097,1.2129171530352991,-1.879336496392721,-1.229919735585348,0.11492422223091125,-0.2178572416305542,-1.5588548183441162,-0.8113329410552979,-0.6303036212921143,0.329172283411026,0.16044597327709198,-0.195240318775177,-1.9723318815231323,-1.3056350946426392,-0.9511445760726929,0.5972184538841248,0.10750673711299896,0.3786295254016156,-0.6496784445664314,-0.551845985081507,-0.10652836762117912,-0.027814552660617248,0.18675924838363342,-0.008572532,-0.8623667,1.2249407,-1.8920048,-1.2243851,0.11788707,-0.008572532,-0.8623667,1.2249407,-1.8920048,-1.2243851,0.11788707,-0.004216019529849291,-0.8751853704452515,1.2129172086715698,-1.8793364763259888,-1.2299197912216187,0.11492422223091125,-0.108912796,0.32046777,0.30058557,-0.31671017,0.13836567,0.074071184,0.14834952,0.03964326032714261,0.004239251017570496,0.0009910815081785654,0.0006828951882198453,0.0048039250000000006,19.2157,False,0,0.43602136306107264,0.20844600023239926,0.04253586737545248,0.4459654623108727,0.21327980455214213,0.036450863907824795,-0.9942500099428637,-0.02632157600798022,-0.04598886796809324,0.0930542175593696,-0.05021399,0.25728825,0.20314422,0.5252784657777261,5.007701111026108e-05,0.00013492500875145197,0.0007431870035361499,0.000281549000646919,0.0001543200050946325,0.00011748199176508933,0.0018873259978136048,0.017956152005353943,0.019843478003167547,50.3943915396471,0
175,3.5200906389945885,-0.005094830189840138,-0.8721658748439332,1.214926544819967,-1.8816729984679164,-1.2291186491595667,0.11543785035610199,-0.2166406661272049,-1.5293731689453125,-0.810260534286499,-0.6597474217414856,0.34795448184013367,0.1687404066324234,-0.1935891956090927,-2.0087575912475586,-1.3245842456817627,-0.9587885737419128,0.6042708158493042,0.1062377542257309,-0.07654425479851651,-0.17398312864093943,-0.1090177294604438,-0.08094364885682714,-0.005812686981594213,0.1872595859391243,-0.0075978413,-0.86735684,1.2231107,-1.8910832,-1.22347,0.11747897,-0.0075978413,-0.86735684,1.2231107,-1.8910832,-1.22347,0.11747897,-0.00509483041241765,-0.872165858745575,1.2149266004562378,-1.881672978401184,-1.2291187047958374,0.11543785035610199,-0.06257528,0.12022606,0.20460306,-0.23525687,0.14121862,0.051028002,0.25170997,0.09485905276997397,0.009273450374603271,0.0023714763192493496,0.0019821629393845797,0.000490195,1.96078,False,0,0.4358047254311394,0.20824379922830383,0.04090949620846085,0.4461086144156215,0.21319901848605463,0.03639281446314899,-0.9941944029234464,-0.026473353996412943,-0.04631943044341268,0.09344071629270367,-0.05021399,0.25728825,0.20314422,0.5254388819983951,4.3527004891075194e-05,0.00011858399375341833,0.0005636090063489974,0.0004009160038549453,0.0001612960040802136,0.00010639600805006921,0.0017761000053724274,0.018046992001472972,0.0198230920068454,50.44621695014458,0
176,3.5401911989902146,-0.005955521260396779,-0.8694520753673096,1.2169511953936976,-1.8841096363463343,-1.2281950155841272,0.11594565957784653,-0.18195627629756927,-1.4700855016708374,-0.7751625180244446,-0.6418119668960571,0.34248095750808716,0.16326378285884857,-0.179571270942688,-2.076519727706909,-1.3629297018051147,-0.9770177006721497,0.6201777458190918,0.10313288122415543,0.09467923700141045,-0.5768133546320036,0.5662961625602096,-0.12224578884757242,0.019816250242775335,0.1785784345973539,-0.0043000877,-0.87833065,1.2188537,-1.8869673,-1.222236,0.11622979,-0.0043000877,-0.87833065,1.2188537,-1.8869673,-1.222236,0.11622979,-0.005955521482974291,-0.8694520592689514,1.2169512510299683,-1.884109616279602,-1.228195071220398,0.11594565957784653,0.041385844,-0.22196491,0.047562767,-0.07144315,0.14897677,0.007103285,0.37537396,0.19092207441117623,0.01678092956542969,0.004773051860279406,0.0047429525293409824,0.000490195,1.96078,False,0,0.43563061221903626,0.20807707993175467,0.03943106717724429,0.4458394021671791,0.21323876026638847,0.03635140878882333,-0.9940709942572861,-0.02881509931708779,-0.04439390129062467,0.09498261994945828,-0.05021399,0.25728825,0.20314422,0.5251944085545106,7.220399857033044e-05,0.00012313299521338195,0.0006596110033569857,0.00025941000785678625,0.0001570979948155582,0.00010586901044007391,0.0017664459883235395,0.018118867999874055,0.019885313988197595,50.28836862186454,0
177,3.5601928209944163,-0.006587807332174123,-0.8676082056811829,1.2184189001666468,-1.8861953220763148,-1.2271278540240687,0.11638863384723663,-0.16081784665584564,-1.565672755241394,-0.7391576170921326,-0.5408421158790588,0.1819976270198822,0.1613408625125885,-0.14748969674110413,-2.21907377243042,-1.452236294746399,-1.0186797380447388,0.654542863368988,0.09714554250240326,-0.34137546420051207,-1.995861769290449,3.3997612632036334,-0.33373045244327115,0.05446885913321869,0.1669190123382271,0.001592482,-0.8922484,1.211425,-1.8794516,-1.2213553,0.11442394,0.001592482,-0.8922484,1.211425,-1.8794516,-1.2213553,0.11442394,-0.006587807554751635,-0.8676081895828247,1.2184189558029175,-1.8861953020095825,-1.2271279096603394,0.11638863384723663,0.20450725,-0.61600506,-0.17484955,0.16859083,0.14431536,-0.04911733,0.4619614,0.32576839534264684,0.026020157337188723,0.008144209883566171,0.00954610388725996,0.000490195,1.96078,False,0,0.4355905445481366,0.20804105458431096,0.038470250956875396,0.4455865878435839,0.21356007878320152,0.03652507869351714,-0.9938885474827387,-0.022776586879620718,-0.0443949339495203,0.09846756529119544,-0.05021399,0.25728825,0.20314422,0.5248736073360459,6.885400216560811e-05,0.00011197500862181187,0.0005913939967285842,0.00027264100208412856,0.00015102699398994446,0.00010766500781755894,0.0016591210005572066,0.018136800004867837,0.019795921005425043,50.51545718564706,0
178,3.58017978699354,-0.006923500691549123,-0.8668081921390076,1.2193649450885218,-1.8877297840514125,-1.2263215223895472,0.11671554297208786,-0.13453792035579681,-1.5971349477767944,-0.6941094398498535,-0.46763163805007935,0.21375322341918945,0.13153474032878876,-0.05835309624671936,-2.4531781673431396,-1.5867615938186646,-1.0710698366165161,0.7147539258003235,0.08611678332090378,-1.0171460835696151,-1.2272110583295275,4.821611023020061,-0.26378867017945296,0.0735503455993885,0.12995539687713603,0.004915957,-0.89850855,1.2090503,-1.8734932,-1.2243146,0.11447432,0.004915957,-0.89850855,1.2090503,-1.8734932,-1.2243146,0.11447432,-0.006923500914126635,-0.8668081760406494,1.2193650007247925,-1.8877297639846802,-1.2263215780258179,0.11671554297208786,0.29598644,-0.79250914,-0.25786716,0.3559141,0.0501739,-0.05603056,0.28834403,0.4381403294522057,0.03178703784942627,0.010953508236305143,0.01628842018544674,0.000490195,1.96078,False,0,0.4356362609400323,0.2080750030241974,0.03804410152560786,0.44557245157079334,0.21352556401574235,0.03594804208483564,-0.9935639411166568,-0.02447412395278881,-0.045499690862165224,0.10080387876729635,-0.05021399,0.25728825,0.20314422,0.5250465976676775,3.530200046952814e-05,0.00011620100121945143,0.0005568099877564237,0.00028302198916208,0.00015418599650729448,0.0001062560040736571,0.0016022540075937286,0.01817842999298591,0.01978068400057964,50.55436909920287,0
179,3.600133781990735,-0.006916348134176076,-0.8673997086337586,1.2200682798968714,-1.8885232410826625,-1.2258947531329554,0.11682000011205673,0.36543840169906616,-2.30486798286438,-0.9643681645393372,-0.4981767535209656,0.4016827642917633,0.05840897560119629,0.5041384100914001,-3.5127382278442383,-1.7221436500549316,-1.1093629598617554,0.7854505181312561,-0.03089391067624092,-0.9723590118357991,2.065810150446864,1.2845315333725127,-0.00870478705569752,0.05931241201127012,0.1761905683190004,0.005493754,-0.9001223,1.214149,-1.8720154,-1.2291502,0.11538595,0.005493754,-0.9001223,1.214149,-1.8720154,-1.2291502,0.11538595,-0.006916348356753588,-0.8673996925354004,1.220068335533142,-1.8885232210159302,-1.225894808769226,0.11682000011205673,0.31025258,-0.81806433,-0.14798282,0.4126978,-0.08138308,-0.035851177,-0.040416546,0.5317836078768381,0.030978706926107408,0.013294590196920954,0.0219070166349411,0.000490195,1.96078,False,0,0.43567242443727056,0.2081731161352557,0.038201922029173746,0.4454006253022389,0.21318659217849012,0.03585043254393781,-0.9933115176132781,-0.03087729784645677,-0.04359139115846487,0.10236505122479633,-0.05021399,0.25728825,0.20314422,0.5249438197819281,6.193500303197652e-05,0.00011838998761959374,0.000527374999364838,0.0003205779939889908,0.00017662000027485192,0.00012060000153724104,0.001715660997433588,0.018054922998999245,0.019770583996432833,50.58019531342261,0
180,3.62013330499758,-0.0062935988055627945,-0.8695975703052063,1.2199414412127894,-1.8878213367857875,-1.2252572218524378,0.11669740825891495,0.47795477509498596,-2.3816375732421875,-1.4315499067306519,-0.3744376003742218,0.4447333812713623,-0.08174017071723938,0.48639678955078125,-3.3571059703826904,-2.107996702194214,-0.7748721241950989,0.7387518882751465,-0.1934364140033722,-0.6244164764696484,1.1301826791197498,-1.2278607633715453,-0.02113879314938026,-0.0019236924296709146,0.17045388248870602,0.006079597,-0.90173143,1.2191994,-1.8714243,-1.2331308,0.11535284,0.006079597,-0.90173143,1.2191994,-1.8714243,-1.2331308,0.11535284,-0.0062935990281403065,-0.8695975542068481,1.21994149684906,-1.8878213167190552,-1.2252572774887085,0.11669740825891495,0.3093299,-0.8033471,-0.018551432,0.4099241,-0.19683705,-0.033614226,-0.36610937,0.6008631365800408,0.023656519502401354,0.015021578414501021,0.026589181274175644,0.000490195,1.96078,False,0,0.43567378334152834,0.20858583872027334,0.039188369895320485,0.44545265941514445,0.2133907526322505,0.03569585209135158,-0.9933082143243412,-0.027868915515961303,-0.04527680823113122,0.10252857403266735,-0.05021399,0.25728825,0.20314422,0.5250251165579137,3.581299097277224e-05,0.00012079499720130116,0.0005726130038965493,0.00024316000053659081,0.00015194099978543818,0.0001114770129788667,0.0016256039962172508,0.018181740000727586,0.019807343996944837,50.486324676051666,0
181,3.640088215994183,-0.004854981099263966,-0.8733602327159424,1.2192238012896937,-1.886083265344137,-1.2246940771686,0.11646995693445206,0.3261115849018097,-2.2242026329040527,-1.4163684844970703,-0.2878750264644623,0.2695276737213135,-0.12279587239027023,0.3747601807117462,-2.9219040870666504,-1.8491990566253662,-0.635383129119873,0.5929741263389587,-0.18512390553951263,-0.543452322011326,-0.7558131121220459,-0.3616227659781078,-0.10672761150644537,0.0023357530354883513,0.1279345532955462,0.0077013304,-0.90450674,1.2213275,-1.8703469,-1.2350756,0.11466079,0.0077013304,-0.90450674,1.2213275,-1.8703469,-1.2350756,0.11466079,-0.004854981321841478,-0.8733602166175842,1.2192238569259644,-1.8860832452774048,-1.2246941328048706,0.11646995693445206,0.3139078,-0.77866256,0.052590698,0.3934097,-0.2595351,-0.04522904,-0.5484255,0.5853060110827707,0.01268800958991051,0.014632650277069269,0.030043156817555428,0.000490195,1.96078,False,0,0.4356185359128225,0.2093368446164461,0.040932209170989386,0.44526982344430516,0.21377673329502708,0.03602498846706424,-0.993345596291215,-0.027670621614915382,-0.04458718013640933,0.10252217766912658,-0.05021399,0.25728825,0.20314422,0.524715445269193,3.7264995626173913e-05,0.00011662300676107407,0.0005401770031312481,0.00025608399300836027,0.00015235900355037302,0.00011248199734836817,0.001605079000000842,0.0181535099982284,0.019758588998229243,50.61090142062369,0
182,3.6601299539906904,-0.003339115773336232,-0.8771154445460816,1.2185958067523401,-1.8840743503966273,-1.2248528639422815,0.11627857387065887,0.21640631556510925,-2.0222127437591553,-1.4076685905456543,-0.31163302063941956,0.050391849130392075,-0.13368043303489685,0.2868735194206238,-2.6317317485809326,-1.677152395248413,-0.5637889504432678,0.23940196633338928,-0.17543990910053253,0.479832117641449,-1.0150218830212703,0.07669655370084,-0.1328334147510851,-0.030953485052455952,0.10953573500223562,0.010712301,-0.9087115,1.2194048,-1.8689988,-1.2351578,0.11454813,0.010712301,-0.9087115,1.2194048,-1.8689988,-1.2351578,0.11454813,-0.0033391157630831003,-0.8771154284477234,1.2185958623886108,-1.884074330329895,-1.2248529195785522,0.11627857387065887,0.35128543,-0.78990144,0.020224366,0.37688902,-0.25762308,-0.043261137,-0.49295714,0.5066141205049574,0.0028288666903972647,0.012665353012623936,0.029265301302075386,0.000490195,1.96078,False,0,0.4354480942809499,0.20996102619081486,0.04256899096613906,0.4451441046319928,0.21368208742773817,0.03635294288316987,-0.9928680803271696,-0.02659581082855844,-0.04466387446044677,0.10728842727853188,-0.05021399,0.25728825,0.20314422,0.524500208709905,3.624400414992124e-05,0.00012814901128876954,0.0008272380073321983,0.00039927399484440684,0.0001760890008881688,9.44600033108145e-05,0.0024104250042000785,0.017403998994268477,0.019814423998468556,50.46828512790931,0
183,3.680082279999624,-0.0015967527972620132,-0.8815277975848694,1.2180684248553675,-1.8818994961180628,-1.2256353537188929,0.11607364565134048,0.2240627259016037,-1.9859440326690674,-1.3439910411834717,-0.28022292256355286,-0.011438250541687012,-0.13492034375667572,0.25255030393600464,-2.5052077770233154,-1.6213247776031494,-0.5566381216049194,0.22018420696258545,-0.17447173595428467,0.6857075983218999,-1.2572757212669428,0.5131808278802055,-0.13859759368661614,-0.05275942765943083,0.080204628182525,0.014436463,-0.9138567,1.2149441,-1.8674392,-1.2338161,0.11462327,0.014436463,-0.9138567,1.2149441,-1.8674392,-1.2338161,0.11462327,-0.0015967527870088816,-0.8815277814865112,1.2180684804916382,-1.8818994760513306,-1.2256354093551636,0.11607364565134048,0.40083042,-0.8082229,-0.07810948,0.36150903,-0.20451841,-0.03625944,-0.21737647,0.4221784337541312,0.0,0.01055446084385328,0.02533070556819439,0.0009803925,3.92157,False,3,0.43522474009865936,0.21054458868261197,0.04440020036212042,0.44514904961681384,0.21313159651467017,0.036392281423546155,-0.9925124638559163,-0.027743454947827585,-0.04598174902610223,0.10970397906692037,-0.05021399,0.25728825,0.20314422,0.5245384252502986,3.5240998840890825e-05,0.00011298799654468894,0.0005516800010809675,0.0002761509967967868,0.00015152798732742667,0.00010524799290578812,0.0016145769914146513,0.01815861700742971,0.019773193998844363,50.57351887906651,0
184,3.7001011339889374,5.5113199778134e-05,-0.8859893840602417,1.2179644743548792,-1.8799311123290003,-1.2267110983477991,0.11578738689422607,0.35257962346076965,-1.980663776397705,-1.0913221836090088,-0.24311113357543945,0.0056133996695280075,-0.14138150215148926,0.2745263874530792,-2.5457024574279785,-1.32102370262146,-0.6103348731994629,0.26284968852996826,-0.17629583179950714,-0.35017134151629714,-0.5312116716544437,0.41611406418473507,-0.11200247774299044,-0.024951711903342083,0.03739333337949737,0.01622989,-0.9178729,1.211363,-1.8663116,-1.2312832,0.11423573,0.01622989,-0.9178729,1.211363,-1.8663116,-1.2312832,0.11423573,5.5113199778134e-05,-0.8859893679618835,1.21796452999115,-1.879931092262268,-1.2267111539840698,0.11578738689422607,0.40436944,-0.7970883,-0.16504064,0.34048867,-0.114299834,-0.038791385,0.06785459,0.3608626402236397,0.0013570918142795563,0.009021566005590993,0.021108921617269516,0.0009803925,3.92157,False,3,0.4349379406232567,0.21102312452655703,0.04612693186429781,0.445293997919478,0.2129587563573746,0.0366297429857597,-0.9925898812449087,-0.026141122869089456,-0.04461086545978885,0.10996283693840775,-0.05021399,0.25728825,0.20314422,0.5246144685682441,4.9758993554860353e-05,0.00011449899466242641,0.0005400460067903623,0.00032317401200998574,0.00024056099937297404,0.00010826300422195345,0.0017426500126020983,0.018105047987774014,0.019847698000376113,50.38367673576301,0
185,3.72012724999513,0.0018544215708971024,-0.8904454869082947,1.2180216948138636,-1.8779221973814906,-1.228030029927389,0.11556720733642578,0.3747684061527252,-2.027937412261963,-1.2430698871612549,-0.2746109664440155,0.010826032608747482,-0.12070657312870026,0.3142339587211609,-2.6534597873687744,-1.4221781492233276,-0.6834618449211121,0.32618969678878784,-0.17779529094696045,0.017988944492393598,-0.16895635049757127,-0.2792016780554093,-0.08166311279647145,-0.031427829721109427,0.04275835046125339,0.016502894,-0.9209042,1.2091073,-1.8654622,-1.2294288,0.11357502,0.016502894,-0.9209042,1.2091073,-1.8654622,-1.2294288,0.11357502,0.0018544215708971024,-0.8904454708099365,1.2180217504501343,-1.8779221773147583,-1.2280300855636597,0.11556720733642578,0.36621186,-0.76146936,-0.22286157,0.3115011,-0.03496703,-0.049804635,0.17478888,0.3330713292639599,0.004852869361639023,0.008326783231598998,0.01804313249886036,0.0009803925,3.92157,False,3,0.43455486978419494,0.2115108444542526,0.047782723299070795,0.44518597633207274,0.21318123867259403,0.036435751176305646,-0.9925559932319344,-0.027303918765056622,-0.045265445267649744,0.10971834444576217,-0.05021399,0.25728825,0.20314422,0.5245553051368209,3.790900518652052e-05,0.0001257010007975623,0.0006832979997852817,0.0002755110035650432,0.00015361999976448715,0.00011332599387969822,0.0017744740034686401,0.01804744500259403,0.01982191900606267,50.44920220358801,0
186,3.7400925679976353,0.0042612808756530285,-0.8956139248660584,1.2177379767047327,-1.8756829700865687,-1.2293604055987757,0.11532782763242722,0.29418784379959106,-1.9945801496505737,-1.4717872142791748,-0.32417261600494385,0.025705352425575256,-0.15956534445285797,0.28877660632133484,-2.6935689449310303,-1.8743659257888794,-0.7314168810844421,0.35904762148857117,-0.17773474752902985,0.7202071188387943,-0.2946040570368921,-0.4111930609413322,-0.05475194214929655,-0.08044669536800089,0.008641366019821302,0.017535292,-0.92432785,1.2081201,-1.8646219,-1.2293457,0.11302161,0.017535292,-0.92432785,1.2081201,-1.8646219,-1.2293457,0.11302161,0.0042612808756530285,-0.8956139087677002,1.2177380323410034,-1.8756829500198364,-1.2293604612350464,0.11532782763242722,0.3318503,-0.71784806,-0.24044782,0.27652743,0.0003697574,-0.05765543,0.15686534,0.33082728259109334,0.007990176230669022,0.008270682064777334,0.01665356568992138,0.0009803925,3.92157,False,3,0.4341566174518031,0.21225940213630348,0.049824321411015116,0.4453562561729153,0.21341748037330507,0.03637538839093167,-0.9925863283691614,-0.027041498946768456,-0.044746134671316336,0.10972191956710464,-0.05021399,0.25728825,0.20314422,0.5247155000536333,9.37489967327565e-05,0.0001155380014097318,0.0006514720007544383,0.0002604119945317507,0.00015076500130817294,0.0001095340121537447,0.0017412909946870059,0.017994505004025996,0.019735795998713,50.66935228075986,0
187,3.7601281169918366,0.006276372354477644,-0.8997056645205994,1.2169950644122522,-1.8739921055235804,-1.230105225239889,0.11511671543121338,0.22827669978141785,-1.8977793455123901,-1.4240878820419312,-0.26612308621406555,0.02734607830643654,-0.14338083565235138,0.21921148896217346,-2.653980016708374,-1.8747146129608154,-0.7377711534500122,0.3457977771759033,-0.1760701686143875,0.27533777595225,-1.2461267692476063,0.2928625708228619,-0.10654079565416585,-0.03450132648022575,0.03895371846633358,0.018776936,-0.9271513,1.2076143,-1.8638498,-1.2301893,0.112696335,0.018776936,-0.9271513,1.2076143,-1.8638498,-1.2301893,0.112696335,0.006276372354477644,-0.8997056484222412,1.216995120048523,-1.8739920854568481,-1.2301052808761597,0.11511671543121338,0.3125141,-0.68614113,-0.23452045,0.25355706,-0.0021002037,-0.060509473,0.107276514,0.34326077892004514,0.010135706514120102,0.008581519473001129,0.016541363671422005,0.0009803925,3.92157,False,3,0.43397940938578,0.2129689507246765,0.051618407031267244,0.4452371537258447,0.21344020928058988,0.03637644161232351,-0.9926032178740027,-0.02688957582957842,-0.044546103045912604,0.10968782795857218,-0.05021399,0.25728825,0.20314422,0.5246007795301896,3.6088007618673146e-05,0.00012835599773097783,0.0005672789993695915,0.0003149670083075762,0.00015554401034023613,0.00010822700278367847,0.0016459980106446892,0.01815642799192574,0.019802426002570428,50.49886311253966,0
188,3.7810954619926633,0.008312087506055832,-0.9039858144572754,1.2159884611712855,-1.8721677265562953,-1.230706040059225,0.11489653587341309,0.19263046979904175,-1.8785475492477417,-1.423459768295288,-0.3093738853931427,0.02538137137889862,-0.1409459114074707,0.18727532029151917,-2.6085762977600098,-1.845730185508728,-0.7219654321670532,0.3192445635795593,-0.17492137849330902,0.08750845024078756,-0.83628633684186,0.5128044711168327,-0.11311178970205583,-0.021526346884217694,0.0594574128029056,0.020540247,-0.93072844,1.2071009,-1.8624713,-1.2316657,0.11241971,0.020540247,-0.93072844,1.2071009,-1.8624713,-1.2316657,0.11241971,0.008312087506055832,-0.9039857983589172,1.2159885168075562,-1.872167706489563,-1.2307060956954956,0.11489653587341309,0.305704,-0.6685666,-0.2221911,0.24240904,-0.023992028,-0.061920706,0.037227847,0.3585857387517812,0.010880263447761536,0.00896464346879453,0.01716303825378418,0.0009803925,3.92157,False,3,0.43385397831523315,0.21372022308419827,0.053570685668732965,0.44519688124696183,0.21332074118869698,0.03639769530114838,-0.9926104048994031,-0.02663232648001184,-0.044078637318029426,0.1098742123291836,-0.05021399,0.25728825,0.20314422,0.524565988375518,9.410300117451698e-05,0.00011487198935355991,0.0005135600076755509,0.00033204299688804895,0.0001530359877506271,0.0001075080072041601,0.0016489959962200373,0.019154030000208877,0.020803025996428914,48.069929834806814,0
189,3.800131097988924,0.01042335107922554,-0.9083907169154664,1.214743439351217,-1.870068689385885,-1.2308815161334437,0.11458875983953476,0.25671714544296265,-1.9308452606201172,-1.4454677104949951,-0.34599387645721436,0.08974196016788483,-0.160232812166214,0.17954900860786438,-2.557399272918701,-1.8044005632400513,-0.6976409554481506,0.4039205312728882,-0.17336055636405945,0.2812822429527737,-1.027597573920239,0.1105711437608039,-0.1069668224430294,-0.04463377008777933,0.04384565038945988,0.022679321,-0.93462855,1.206359,-1.860778,-1.2329662,0.112088844,0.022679321,-0.93462855,1.206359,-1.860778,-1.2329662,0.112088844,0.01042335107922554,-0.9083907008171082,1.2147434949874878,-1.8700686693191528,-1.2308815717697144,0.11458875983953476,0.3063993,-0.6559467,-0.20961258,0.23226672,-0.052113913,-0.06249789,-0.030741906,0.3672576178390882,0.010265425331890583,0.009181440445977206,0.017929287627339363,0.0009803925,3.92157,False,3,0.43372056025016015,0.21459981490542726,0.05565729196300953,0.4452562126855888,0.21324282505473408,0.03649629149759073,-0.9925506181776433,-0.02673933633236241,-0.04597295921464051,0.1096116820622901,-0.05021399,0.25728825,0.20314422,0.5245972290829461,0.00029003700183238834,0.00011586399341467768,0.000515452993568033,0.00028504099464043975,0.0001769600057741627,0.00013632299669552594,0.001968847995158285,0.016906885997741483,0.018875733992899768,52.978072289859384,0
190,3.8201346829882823,0.011983039788901806,-0.9117375773242493,1.213684384022848,-1.8686791859068812,-1.2308357397662562,0.11429425328969955,0.3121802806854248,-1.981492519378662,-1.4548670053482056,-0.363230437040329,0.11881862580776215,-0.17244116961956024,0.19655318558216095,-2.5476205348968506,-1.7850899696350098,-0.681790828704834,0.4140235185623169,-0.17284460365772247,0.4086534627125764,-0.8697478295701287,0.23588847161058685,-0.09992434138011504,-0.03529666931065008,0.04153712137098878,0.02426793,-0.93730915,1.2056412,-1.8599294,-1.233822,0.111799404,0.02426793,-0.93730915,1.2056412,-1.8599294,-1.233822,0.111799404,0.011983039788901806,-0.9117375612258911,1.2136844396591187,-1.868679165840149,-1.2308357954025269,0.11429425328969955,0.3071223,-0.6392903,-0.20108368,0.21874215,-0.07465489,-0.06237122,-0.07803382,0.3640796744392234,0.008704748935997486,0.009101991860980586,0.018362881615757942,0.0009803925,3.92157,False,3,0.43369875035392347,0.21529001403055492,0.05730733288817838,0.4452942745570264,0.21327804832611183,0.03649214674693057,-0.9925760422441489,-0.026099809457020236,-0.045297158114286584,0.10981734790695624,-0.05021399,0.25728825,0.20314422,0.5246315384103533,3.5092991311103106e-05,0.00011839599756058306,0.0005644300108542666,0.0002729599946178496,0.00018777098739519715,0.00010889398981817067,0.001668383993091993,0.018171960997278802,0.019840344990370795,50.402349378770104,0
191,3.840075858999626,0.013718690723180771,-0.9155236047557374,1.2123401800738733,-1.8673974476256312,-1.2308629194842737,0.11391577869653702,0.28000396490097046,-1.9472979307174683,-1.4277606010437012,-0.3362968862056732,0.02019614540040493,-0.16082748770713806,0.22327496111392975,-2.5591118335723877,-1.7801861763000488,-0.6736667156219482,0.34351518750190735,-0.17337378859519958,-0.22739838822103797,-1.0344083940130344,0.1488124734972206,-0.11078737331366463,-0.01193298930004988,0.042551592034324,0.02628012,-0.9397601,1.2044121,-1.8597988,-1.2337247,0.11142078,0.02628012,-0.9397601,1.2044121,-1.8597988,-1.2337247,0.11142078,0.013718690723180771,-0.9155235886573792,1.212340235710144,-1.867397427558899,-1.2308629751205444,0.11391577869653702,0.31403577,-0.6059121,-0.19820309,0.18996637,-0.07154337,-0.06237496,-0.11091598,0.34664259077492005,0.006486429311335086,0.008666064769373002,0.018203983083367348,0.0032353,12.9412,False,0,0.4337781883779736,0.21604258701917192,0.05923570866736175,0.44577872034183863,0.21473010949177385,0.036774003849474664,-0.9930078261426002,-0.017424035601314766,-0.0461431137309741,0.10725036233582175,-0.05021399,0.25728825,0.20314422,0.5248799980400387,3.580799966584891e-05,0.00011637799616437405,0.0005002139951102436,0.0002808840072248131,0.0001788079971447587,0.0001914509921334684,0.0016633399936836213,0.0180980580043979,0.01976139799808152,50.60370729323311,0
192,3.860127135994844,0.01553753949701786,-0.9192605775645752,1.2110493818866175,-1.8660961590208949,-1.231117073689596,0.11357567459344864,0.2405415177345276,-1.8751291036605835,-1.3713809251785278,-0.3452259600162506,0.00349363312125206,-0.14438007771968842,0.22558081150054932,-2.5406532287597656,-1.7731550931930542,-0.6718105673789978,0.27461278438568115,-0.17282332479953766,-0.08491615863892643,-1.06062497507369,0.3660229439535031,-0.11352031391036058,-0.01720431284699715,0.03766327042018612,0.028283559,-0.9405837,1.2031322,-1.8606794,-1.2331831,0.11113041,0.028283559,-0.9405837,1.2031322,-1.8606794,-1.2331831,0.11113041,0.01553753949701786,-0.919260561466217,1.2110494375228882,-1.8660961389541626,-1.2311171293258667,0.11357567459344864,0.3186505,-0.5330779,-0.19793095,0.1354191,-0.05164979,-0.06113164,-0.14999709,0.31211207634361793,0.0034864876046776768,0.007802801908590448,0.017332129180431366,0.0032353,12.9412,False,0,0.4338063829075777,0.21678092826440923,0.06110976712086913,0.446498445568274,0.21683646933158926,0.03672797174712476,-0.9933405044615807,-0.004928486555572187,-0.0463610115903062,0.10536130657143689,-0.05021399,0.25728825,0.20314422,0.525408372016028,4.1064005927182734e-05,0.00011843000538647175,0.000506784999743104,0.0002906930021708831,0.00017630698857828975,0.00010787700011860579,0.0016211239999393001,0.018249033993924968,0.019870157993864268,50.32672615430594,0
193,3.880121562993736,0.01720583625137806,-0.9229048651507874,1.2099221388446253,-1.8648511372008265,-1.2315118948565882,0.11323682963848114,0.24398285150527954,-1.8663051128387451,-1.4010595083236694,-0.3613698482513428,0.02578764036297798,-0.15500208735466003,0.2408224195241928,-2.529391050338745,-1.779402494430542,-0.6815298795700073,0.28367069363594055,-0.17303349077701569,0.2168913438961087,-0.7370400957868719,0.38916718111286325,-0.09498775706902414,-0.013785954994453706,0.03920679184673408,0.028632218,-0.9385242,1.2024215,-1.8628752,-1.2327312,0.111028835,0.028632218,-0.9385242,1.2024215,-1.8628752,-1.2327312,0.111028835,0.01720583625137806,-0.9229048490524292,1.209922194480896,-1.8648511171340942,-1.2315119504928589,0.11323682963848114,0.28565955,-0.39048317,-0.18751673,0.049397275,-0.030480346,-0.05519993,-0.18447074,0.2600933969530149,0.0,0.006502334923825374,0.015605604276061058,0.0032353,12.9412,False,0,0.4338163529169269,0.2174224480784792,0.06289153163541025,0.44679149764414794,0.21778146128866288,0.03700215437148075,-0.9937665154611248,0.008991169421728333,-0.042650989266832764,0.10260711212986545,-0.05021399,0.25728825,0.20314422,0.5255268086135393,3.460199513938278e-05,0.00011215500126127154,0.00046364999434445053,0.00028743800066877156,0.00017554700025357306,0.00010536299669183791,0.0014752739953109995,0.018361488997470587,0.019836762992781587,50.41145071723096,0
194,3.9001289349980652,0.018964579328894615,-0.9263981741717835,1.2087963263141077,-1.8637720547118128,-1.2318347136126917,0.11291684955358505,0.25175741314888,-1.8424699306488037,-1.382609486579895,-0.3615976572036743,0.01402225811034441,-0.17531540989875793,0.245879665017128,-2.4832019805908203,-1.7742594480514526,-0.6896460652351379,0.29171162843704224,-0.17265602946281433,0.10889672014393892,-0.8228610458024134,0.4346630472809632,-0.10534281831785879,-0.00828072979161274,0.0440092577078419,0.027900761,-0.931258,1.2022862,-1.867466,-1.2312772,0.11118454,0.027900761,-0.931258,1.2022862,-1.867466,-1.2312772,0.11118454,0.018964579328894615,-0.9263981580734253,1.2087963819503784,-1.8637720346450806,-1.2318347692489624,0.11291684955358505,0.22340456,-0.12149644,-0.16275416,-0.0923491,0.013938388,-0.043307886,-0.25605556,0.21674449746084581,0.0,0.005418612436521145,0.013004669919610023,0.0032353,12.9412,False,0,0.4338212170654632,0.21812023133450284,0.06462855065868625,0.4473389860638719,0.21943402612725338,0.03707658186178497,-0.993616377331149,0.02353977154668823,-0.04573886164168964,0.10040073055869042,-0.05021399,0.25728825,0.20314422,0.5258995780531964,3.2243988243862987e-05,0.00010039799963124096,0.0004280440043658018,0.0002954800002044067,0.00017544800357427448,0.00011429299775045365,0.001425698006642051,0.018413858997519128,0.01983955700416118,50.40435125594077,0
195,3.9200761809916003,0.02068457193672657,-0.9294603031924744,1.2077096144305628,-1.862931867639059,-1.2321608702289026,0.11257338523864746,0.18946032226085663,-1.773701786994934,-1.348870038986206,-0.349789559841156,-0.0038541611284017563,-0.12144874036312103,0.19752341508865356,-2.3690855503082275,-1.7420220375061035,-0.6875806450843811,0.2740972638130188,-0.16860835254192352,-0.27372447176090103,-1.3770814984472146,0.8921484920722844,-0.11312486345710303,0.013537687115616157,0.03651178769817865,0.025918031,-0.9218962,1.2023259,-1.8729876,-1.2303503,0.1114504,0.025918031,-0.9218962,1.2023259,-1.8729876,-1.2303503,0.1114504,0.02068457193672657,-0.9294602870941162,1.2077096700668335,-1.8629318475723267,-1.2321609258651733,0.11257338523864746,0.13083647,0.1891019,-0.13459449,-0.25139374,0.04526806,-0.02807478,-0.3481944,0.18062041455070485,0.0,0.004515510363767621,0.010837225243449211,0.0032353,12.9412,False,0,0.43383159855734704,0.2188011001151569,0.06618766904586004,0.44779794619893537,0.22064739257127264,0.03708972910536614,-0.9933376547411266,0.040801512804760603,-0.04647906175440732,0.09723812870901216,-0.05021399,0.25728825,0.20314422,0.526243797574886,3.5331002436578274e-05,0.00011736000305972993,0.0005149820062797517,0.0002836380008375272,0.00017271000251639634,0.00011281999468337744,0.001556856994284317,0.018204282998340204,0.01976113999262452,50.604367985512546,0
196,3.9401561580016278,0.022299673408269882,-0.9319206041148682,1.2067402044879358,-1.862319131890768,-1.2324255148517054,0.11225839704275131,0.16314803063869476,-1.5710680484771729,-1.3167139291763306,-0.3905537724494934,0.018695613369345665,-0.1631709635257721,0.13148753345012665,-2.1520674228668213,-1.6679413318634033,-0.6691341996192932,0.2620181143283844,-0.16182416677474976,0.48498373965983743,-0.8571835969798871,1.1639840282523886,-0.11236827648509733,-0.011894592818137064,0.03585027387653388,0.023154441,-0.9141038,1.2018231,-1.8783901,-1.2296106,0.11179871,0.023154441,-0.9141038,1.2018231,-1.8783901,-1.2296106,0.11179871,0.022299673408269882,-0.93192058801651,1.2067402601242065,-1.8623191118240356,-1.232425570487976,0.11225839704275131,0.021369176,0.44541973,-0.12292951,-0.4017735,0.07037392,-0.011492216,-0.4094045,0.15051701212558738,0.0,0.0037629253031396847,0.009031021036207676,0.0032353,12.9412,False,0,0.4338247616003753,0.2194500246017112,0.06747509327436182,0.4480296770766974,0.2210610379540295,0.037110477113795746,-0.9931159915705245,0.04871168310921657,-0.04659901742048486,0.09579347610204475,-0.05021399,0.25728825,0.20314422,0.5264279304549344,3.386700700502843e-05,0.00010758799908217043,0.0004313870012992993,0.00028809999639634043,0.00017531799676362425,0.00024329499865416437,0.0015812580095371231,0.01832496200222522,0.019906220011762343,50.235554485437824,0
197,3.960090262000449,0.023664478212594986,-0.9332122963717957,1.2058685461627405,-1.8625842533507289,-1.2324650923358362,0.11199496686458588,0.043906740844249725,-1.4315177202224731,-1.255738615989685,-0.5601872801780701,0.12069372087717056,-0.15120747685432434,0.04889049008488655,-1.9481568336486816,-1.602826476097107,-0.9168006777763367,0.37240296602249146,-0.15419091284275055,0.3053152636608322,-1.351190476444816,2.0960300444021263,-0.14680625317134213,-0.006204105693838174,0.0353471229668846,0.020959351,-0.9092182,1.201464,-1.8826092,-1.2286645,0.112000816,0.020959351,-0.9092182,1.201464,-1.8826092,-1.2286645,0.112000816,0.023664478212594986,-0.9332122802734375,1.2058686017990112,-1.8625842332839966,-1.232465147972107,0.11199496686458588,-0.06762816,0.59985155,-0.110112816,-0.5006247,0.09501586,0.00014615385,-0.4388336,0.1254308434379895,0.0,0.003135771085949737,0.007525850553065538,0.0032353,12.9412,False,0,0.43393666007195475,0.22004279707834096,0.06831817371367618,0.448024498794563,0.22174887924102588,0.03713277108027283,-0.9922650898401091,0.06599710822880694,-0.04726667945863913,0.09391641062222805,-0.05021399,0.25728825,0.20314422,0.5263691093499082,0.000292591008474119,0.00011529200128279626,0.0005622850003419444,0.0002835320046870038,0.0001802810002118349,0.00012802299170289189,0.0018934319959953427,0.017855609010439366,0.01974904100643471,50.635370075649554,0
198,3.980091208999511,0.024640917778015137,-0.933013455276825,1.204953972493307,-1.863521238366598,-1.2322786490069788,0.11179494857788086,0.022511791437864304,-1.0206143856048584,-1.173812985420227,-0.632783055305481,0.18072007596492767,-0.1547137200832367,-0.011319641023874283,-1.3411221504211426,-1.607452154159546,-0.9320509433746338,0.4528041183948517,-0.12163172662258148,0.6704232343974983,-1.543089813630321,2.372101730012722,-0.15085958096597876,-0.014876206223562985,0.03859115700084179,0.01956448,-0.9058959,1.2016115,-1.8856375,-1.2276624,0.11216014,0.01956448,-0.9058959,1.2016115,-1.8856375,-1.2276624,0.11216014,0.024640917778015137,-0.9330134391784668,1.2049540281295776,-1.8635212182998657,-1.2322787046432495,0.11179494857788086,-0.12691097,0.6779385,-0.08356321,-0.55290824,0.11540726,0.009129717,-0.443882,0.10452570286499124,0.0,0.002613142571624781,0.006271542049944401,0.00911765,36.4706,False,0,0.4341672039461175,0.22051910725480856,0.06859819049940735,0.447995046277247,0.2224051105014573,0.03737425726887521,-0.991314317847031,0.08092647207178684,-0.04757373048143887,0.09210625573093556,-0.05021399,0.25728825,0.20314422,0.5262212056834592,3.455599653534591e-05,0.00011820001236628741,0.0005977230030111969,0.0002840639936039224,0.00017681399185676128,9.403900185134262e-05,0.0023879150103311986,0.017451045001507737,0.019838960011838935,50.40586801945506,0
199,4.000132800996653,0.025093138217926025,-0.9311493796161194,1.2042987982379358,-1.8651954136290492,-1.2320273558246058,0.11172681301832199,0.014342688024044037,-1.1726936101913452,-1.3036885261535645,-0.7237179279327393,0.23787009716033936,-0.13133475184440613,-0.016876885667443275,-1.4357870817184448,-1.655796766281128,-0.960701584815979,0.46626660227775574,-0.0621085986495018,0.7897515265491178,-1.5307854261287912,0.9180854168904159,-0.13037616210630998,-0.015028802071893535,0.04033025946429458,0.018607661,-0.90236837,1.201873,-1.88853,-1.2268807,0.11233991,0.018607661,-0.90236837,1.201873,-1.88853,-1.2268807,0.11233991,0.025093138217926025,-0.9311493635177612,1.2042988538742065,-1.865195393562317,-1.2320274114608765,0.11172681301832199,-0.16213694,0.7195255,-0.060648154,-0.5833667,0.1286693,0.015327307,-0.4442672,0.0871047523874927,0.0,0.0021776188096873177,0.005226285196840763,0.00911765,36.4706,False,0,0.43446413996735056,0.2207816079146392,0.06814130780021144,0.44833829052006263,0.22293400519525125,0.03710023465566177,-0.9901278011783905,0.09467353169520178,-0.049650829462100046,0.09065676688412427,-0.05021399,0.25728825,0.20314422,0.5265977545886306,3.518500307109207e-05,0.00011039900709874928,0.0004990769957657903,0.00027573299303185195,0.00019581000378821045,0.00010551400191616267,0.0015177309978753328,0.018342417999519967,0.0198601489973953,50.352089510061184,0
200,4.020089083001949,0.024918019771575928,-0.9283179205707093,1.2036479155169886,-1.867620130578512,-1.2315695921527308,0.11169910430908203,-0.2358711212873459,-1.3077843189239502,-1.3620010614395142,-0.7125245928764343,0.25622865557670593,-0.1383039951324463,-0.40735340118408203,-1.575515627861023,-1.7073370218276978,-0.9788466095924377,0.49832481145858765,-0.01687757857143879,0.21842068439394674,-1.661502502058188,0.40204289608318927,-0.14005728880732665,-0.008217209453488465,0.03930270715694646,0.0177082,-0.8987856,1.2033776,-1.8911616,-1.2261037,0.11256525,0.0177082,-0.8987856,1.2033776,-1.8911616,-1.2261037,0.11256525,0.024918019771575928,-0.9283179044723511,1.2036479711532593,-1.8676201105117798,-1.2315696477890015,0.11169910430908203,-0.18024553,0.7383084,-0.0067579094,-0.5885367,0.13664982,0.02165354,-0.43476918,0.07258729365624393,0.0,0.0018146823414060982,0.004355237819254398,0.00911765,36.4706,False,0,0.4349806436495067,0.2208198435200534,0.06734037593347367,0.4483160862086908,0.2235905806443001,0.037416520332348935,-0.9885252416043409,0.11155550769958247,-0.04903072894247758,0.08927081058847691,-0.05021399,0.25728825,0.20314422,0.5264346490920133,3.563800419215113e-05,0.00016158400103449821,0.0005313010042300448,0.0003321309923194349,0.00017642499005887657,0.0001092040038201958,0.0016454870055895299,0.01813778000359889,0.01978326700918842,50.54776845177017,0
201,4.040082106992486,0.02436237223446369,-0.9248783153346558,1.2029970327960413,-1.870697637597555,-1.2309477964984339,0.11170272529125214,-0.22318309545516968,-1.321040391921997,-1.3409645557403564,-0.6693084836006165,0.2785183787345886,-0.10157069563865662,-0.34943127632141113,-1.6848891973495483,-1.7408859729766846,-0.9842129945755005,0.5282008647918701,0.01605086587369442,-0.5137659290907415,-1.0808066580012656,0.7071436979672345,-0.12073578012925484,0.023070435162052417,0.030331748551173824,0.016478349,-0.89478153,1.2049644,-1.8941879,-1.2255316,0.112826586,0.016478349,-0.89478153,1.2049644,-1.8941879,-1.2255316,0.112826586,0.02436237223446369,-0.9248782992362976,1.202997088432312,-1.8706976175308228,-1.2309478521347046,0.11170272529125214,-0.19710056,0.7524192,0.04918209,-0.58725667,0.13540585,0.02809644,-0.42917517,0.06048941138020327,0.0,0.0015122352845050818,0.0036293647717684507,0.00911765,36.4706,False,0,0.43567049987685014,0.2207310167122941,0.06634171090711849,0.448422395822422,0.22365113393451125,0.03714769916601214,-0.9880112375252812,0.11634145903124687,-0.049140123530296204,0.08879020637668361,-0.05021399,0.25728825,0.20314422,0.5266161270759889,3.712699981406331e-05,0.00013190000026952475,0.0006379210099112242,0.00024283600214403123,0.00018367900338489562,0.00010911800200119615,0.0016900100017664954,0.018096111991326325,0.01978612199309282,50.54047480092825,0
202,4.060089917998994,0.02359098568558693,-0.921134428387024,1.202585522328512,-1.873881002465719,-1.2302754561053675,0.11172317713499069,-0.219350665807724,-1.2049312591552734,-1.3274197578430176,-0.6231209635734558,0.2976740300655365,-0.042216818779706955,-0.2971860468387604,-1.7484772205352783,-1.7438068389892578,-0.973897397518158,0.5471386909484863,0.041806336492300034,-0.18928030746450222,-0.4123676883492404,1.529647563970525,-0.10544646669903081,0.039334066002725744,0.07105690040777184,0.016178805,-0.89088523,1.2069447,-1.8970896,-1.2244923,0.113085225,0.016178805,-0.89088523,1.2069447,-1.8970896,-1.2244923,0.113085225,0.02359098568558693,-0.9211344122886658,1.2025855779647827,-1.8738809823989868,-1.2302755117416382,0.11172317713499069,-0.18530452,0.75623,0.108977005,-0.58021575,0.14457957,0.034051176,-0.4191141,0.050407842816836065,0.0,0.0012601960704209016,0.003024470526725054,0.00911765,36.4706,False,0,0.4363340684746328,0.2205568733750422,0.06515014522105295,0.4485876470533134,0.22445395486794026,0.03725365296955058,-0.9863226289157287,0.13087938219600928,-0.048993191118255744,0.08739525614093491,-0.05021399,0.25728825,0.20314422,0.5266885643539272,5.7338998885825276e-05,0.00013139699876774102,0.0006124310020823032,0.0002532459911890328,0.00017654900148045272,0.0001052719890139997,0.0016749460046412423,0.018155268000555225,0.019830214005196467,50.428099249859436,0
203,4.080139574987697,0.022823313251137733,-0.9171561759761353,1.202432934437887,-1.8771215877928675,-1.2294862906085413,0.11178302764892578,-0.3366401195526123,-1.297035574913025,-1.1621373891830444,-0.6137794256210327,0.28800302743911743,0.021705392748117447,-0.27248841524124146,-1.780778408050537,-1.5607844591140747,-0.9651079773902893,0.5546568632125854,0.06491794437170029,-0.780409187755418,-1.6332865770612943,0.5837147841827536,-0.11743756961462752,0.02874614636878863,0.03795314692608744,0.016384471,-0.88697934,1.2090855,-1.8998164,-1.2234135,0.1133526,0.016384471,-0.88697934,1.2090855,-1.8998164,-1.2234135,0.1133526,0.022823313251137733,-0.9171561598777771,1.2024329900741577,-1.8771215677261353,-1.229486346244812,0.11178302764892578,-0.16097103,0.7544205,0.16631131,-0.56737167,0.15182346,0.03923925,-0.41021845,0.04200653568069672,0.0,0.001050163392017418,0.002520392183214426,0.00911765,36.4706,False,0,0.4369107666799271,0.22040757499006133,0.06379147054665296,0.44874199755976724,0.22551503574125895,0.03717455991811819,-0.984247242811791,0.14513643883822103,-0.05153735489256882,0.08681373421313049,-0.05021399,0.25728825,0.20314422,0.5267945921012088,3.5339995520189404e-05,0.00011018398799933493,0.00046524500066880137,0.00030660700576845556,0.0002076210075756535,0.00010955300240311772,0.001529938992462121,0.01836049799749162,0.01989043698995374,50.27541629704163,0
204,4.100134062988218,0.021860098466277122,-0.9129689496806641,1.2026518026935022,-1.880202432672018,-1.2287161985980433,0.11192655563354492,-0.27776452898979187,-1.3687211275100708,-0.9411249160766602,-0.6607422828674316,0.3040543496608734,0.08598622679710388,-0.22573518753051758,-1.8015618324279785,-1.2587876319885254,-0.9560872912406921,0.5687842965126038,0.0843176618218422,-0.2635905998190389,-1.3384657420156842,0.4668132930005134,-0.11924998781920729,0.027289661236748884,0.05597178819522946,0.017364524,-0.8829208,1.210976,-1.9024558,-1.2219454,0.113705166,0.017364524,-0.8829208,1.210976,-1.9024558,-1.2219454,0.113705166,0.021860098466277122,-0.9129689335823059,1.202651858329773,-1.8802024126052856,-1.228716254234314,0.11192655563354492,-0.11238938,0.7512035,0.20810369,-0.556334,0.16927116,0.044465166,-0.40357566,0.0350054464005806,0.0,0.0008751361600145151,0.002100326819345355,0.00911765,36.4706,False,0,0.43736624046941286,0.22016406537604605,0.0622137872606901,0.44909570229997814,0.22690432503981742,0.03663335264279913,-0.9824882755378936,0.15758262780831794,-0.049500575474972344,0.08622190253647338,-0.05021399,0.25728825,0.20314422,0.5272183800014164,0.00012143999629188329,0.0001122310059145093,0.00047989199811127037,0.00027423599385656416,0.00020133900397922844,0.00011119100963696837,0.0015976389986462891,0.01822053598880302,0.01981817498744931,50.45873298794121,0
205,4.120087132992921,0.02081267721951008,-0.9087228339961548,1.2030156294452112,-1.8834368191161097,-1.2280071417437952,0.11212216317653656,-0.2516481578350067,-1.4360445737838745,-0.8238928318023682,-0.6800754070281982,0.33396676182746887,0.09269235283136368,-0.18328465521335602,-1.8162922859191895,-1.2510007619857788,-0.9474396109580994,0.58461993932724,0.10012918710708618,-0.2362157087130565,-0.9262582334018507,0.16905285474907616,-0.09695213307773508,0.027437095974220477,0.09165052739612549,0.019661155,-0.8788939,1.212917,-1.9050359,-1.2199194,0.11409815,0.019661155,-0.8788939,1.212917,-1.9050359,-1.2199194,0.11409815,0.02081267721951008,-0.9087228178977966,1.203015685081482,-1.8834367990493774,-1.228007197380066,0.11212216317653656,-0.02878805,0.7457229,0.24753295,-0.53997636,0.20219256,0.049399525,-0.40047252,0.029171205333817167,0.0,0.0007292801333454292,0.0017502723494544625,0.00911765,36.4706,False,0,0.43782150172772966,0.21986894355311154,0.06057482485451873,0.4495441058968722,0.22906837314102657,0.03582201645914384,-0.9801661488786428,0.17174001429539543,-0.05111675396243995,0.08465675200374073,-0.05021399,0.25728825,0.20314422,0.5277795327779201,3.527100489009172e-05,0.00012092299584764987,0.0005444750131573528,0.0003309070016257465,0.0001845239894464612,0.0001023860095301643,0.002306406997377053,0.01747308499761857,0.019779491994995624,50.55741574419648,0
206,4.140122846001759,0.019792910665273666,-0.9045435947230835,1.20361835161318,-1.8866177997984828,-1.2269366423236292,0.11234961450099945,-0.15520504117012024,-1.4035967588424683,-0.7241491079330444,-0.6710465550422668,0.22410297393798828,0.10666332393884659,-0.13399846851825714,-1.8277816772460938,-1.2488065958023071,-0.9423628449440002,0.6038510799407959,0.10821807384490967,0.06192520696074442,-1.5071633871797552,2.1511813742471926,-0.37823642430900817,0.018068849781652466,0.11621108465791344,0.020795064,-0.8753485,1.2148749,-1.9074655,-1.218506,0.11454515,0.020795064,-0.8753485,1.2148749,-1.9074655,-1.218506,0.11454515,0.019792910665273666,-0.9045435786247253,1.2036184072494507,-1.8866177797317505,-1.2269366979599,0.11234961450099945,0.025053829,0.7298773,0.28141195,-0.52119154,0.21076801,0.05488843,-0.38325068,0.02430933777818097,0.0,0.0006077334444545243,0.0014585602330043912,0.0067647,27.0588,False,0,0.4381877659605956,0.21966427019694315,0.058918297405887665,0.4497881785120034,0.23059385379704286,0.03579574981706915,-0.9781393851893903,0.1840663687620518,-0.04722085688851091,0.08445793953867498,-0.05021399,0.25728825,0.20314422,0.5279396455492777,3.7174992030486465e-05,0.00011820999498013407,0.0004886759998043999,0.00033102800080087036,0.00016480400518048555,0.00010968200513161719,0.0015770520112710074,0.018269129999680445,0.019846182010951452,50.38752539144222,0
207,4.160127217997797,0.01913224160671234,-0.9006121319583436,1.204399887715475,-1.8900133572020472,-1.2255943457232874,0.11256122589111328,-0.23077747225761414,-1.1941968202590942,-0.5610061883926392,-0.5409271121025085,0.060913942754268646,0.12892791628837585,-0.0684756338596344,-1.838565468788147,-1.2481151819229126,-0.9380906224250793,0.6303550004959106,0.10543639212846756,-0.1155721745431617,-3.5341590080178653,5.777190534599084,-0.7756271184523957,0.0495239517135217,0.15019525984969806,0.021680415,-0.87161136,1.2155074,-1.910751,-1.2169176,0.114770755,0.021680415,-0.87161136,1.2155074,-1.910751,-1.2169176,0.114770755,0.01913224160671234,-0.9006121158599854,1.2043999433517456,-1.890013337135315,-1.225594401359558,0.11256122589111328,0.06370431,0.7250195,0.2776849,-0.5184414,0.21691833,0.055238172,-0.3878052,0.020257781481817477,0.0,0.000506444537045437,0.0012154668802395463,0.0067647,27.0588,False,0,0.4384864490083696,0.21967733901323538,0.05735908796877101,0.45073541113920434,0.2319169941353842,0.03434549030140964,-0.9758981207118402,0.1976643668853679,-0.05022871494786095,0.07764446813218356,-0.05021399,0.25728825,0.20314422,0.5292324761866402,3.5613004001788795e-05,0.0001148060109699145,0.0004942359955748543,0.00027666900132317096,0.00020143399888183922,0.00011322900536470115,0.0015515629929723218,0.018270209009642713,0.019821772002615035,50.44957634807184,0
208,4.180127689993242,0.018915308639407158,-0.8967375320247193,1.2053783575641077,-1.893442770043844,-1.2242463270770472,0.11282853037118912,-0.315666139125824,-1.0026907920837402,-0.4138070046901703,-0.3952271342277527,-0.19128747284412384,0.11829226464033127,-0.0724179595708847,-1.857028841972351,-1.2576639652252197,-0.9435054063796997,0.6357136368751526,0.10551123321056366,-0.5275289385640265,-5.309738935240432,10.678950323924926,-1.311869395394562,0.15632781708942817,0.07036695734413692,0.020998053,-0.8682221,1.2166682,-1.91387,-1.2166908,0.11502298,0.020998053,-0.8682221,1.2166682,-1.91387,-1.2166908,0.11502298,0.018915308639407158,-0.8967375159263611,1.2053784132003784,-1.8934427499771118,-1.2242463827133179,0.11282853037118912,0.05206859,0.7128854,0.2822453,-0.5106795,0.18888952,0.054861315,-0.3801702,0.01688148456818123,0.0,0.0004220371142045308,0.0010128890862688422,0.0067647,27.0588,False,0,0.43863756649695207,0.2198849735595152,0.0557705595507661,0.45097830120799764,0.2324060458018068,0.0339065202711395,-0.9708446349266513,0.22044877141426833,-0.053626686097792836,0.07737699216119137,-0.05021399,0.25728825,0.20314422,0.5295793004288855,3.693799953907728e-05,0.00011338701006025076,0.0004847290110774338,0.00027330999728292227,0.00019737498951144516,0.00011087598977610469,0.0015248790004989132,0.018299802002729848,0.01982468100322876,50.44217356320307,0
209,4.200129243996344,0.018971435725688934,-0.8931445640376587,1.206336800252096,-1.8966747723021449,-1.2229202429400843,0.11308370530605316,-0.1293083280324936,-0.5889086723327637,-0.12250551581382751,-0.22120210528373718,-0.39780646562576294,0.1633705496788025,0.25508108735084534,-1.880385398864746,-1.2872660160064697,-0.967943549156189,0.6341143250465393,0.10627029091119766,1.3651768739831356,-7.186307629859509,18.359745880166514,-1.7598969689174286,0.0361851223198833,0.2853138913926215,0.020350995,-0.8650531,1.2179368,-1.9166682,-1.2165017,0.115198165,0.020350995,-0.8650531,1.2179368,-1.9166682,-1.2165017,0.115198165,0.018971435725688934,-0.8931445479393005,1.2063368558883667,-1.8966747522354126,-1.222920298576355,0.11308370530605316,0.034488976,0.7022857,0.28999662,-0.49983475,0.16046579,0.05286153,-0.37913015,0.014067903806817694,0.0,0.0003516975951704424,0.0008440742385573685,0.0067647,27.0588,False,0,0.4387113762745303,0.22020699460224988,0.05429296707451739,0.4510347514090427,0.23271521385748964,0.03330260059149032,-0.9655401883646813,0.24360134105388664,-0.05098952317760683,0.07609604911499734,-0.05021399,0.25728825,0.20314422,0.5298115798455093,3.445499169174582e-05,0.00011249199451413006,0.0004796269931830466,0.00028588800341822207,0.00020063400734215975,0.00011008100409526378,0.0015291650051949546,0.01829556599841453,0.019824731003609486,50.442046341911535,0
210,4.220090888993582,0.01931000128388405,-0.8894048494151612,1.2075875441180628,-1.899766584435934,-1.2216084639178675,0.11341888457536697,-0.13449513912200928,-0.49509596824645996,-0.07404575496912003,-0.08461864292621613,-0.6768059134483337,0.14639975130558014,0.26473215222358704,-1.8939745426177979,-1.308477520942688,-0.9896849393844604,0.609315812587738,0.10907082259654999,-0.7096426454018503,-9.369836670903888,20.389339744273187,-2.3821265560520137,0.2921120367989746,0.11656502990194673,0.021139473,-0.86175025,1.2199631,-1.9191302,-1.2157303,0.11558481,0.021139473,-0.86175025,1.2199631,-1.9191302,-1.2157303,0.11558481,0.01931000128388405,-0.889404833316803,1.2075875997543335,-1.8997665643692017,-1.2216085195541382,0.11341888457536697,0.04573681,0.6913643,0.3093875,-0.48409,0.14695556,0.05414822,-0.37522608,0.01172325317234808,0.0,0.000293081329308702,0.0007033951696939766,0.0067647,27.0588,False,0,0.43858682900140816,0.2206469882761502,0.05265214222325093,0.45066579090737463,0.23361476938200015,0.03272082489703914,-0.9601082142613095,0.25954780175920866,-0.05426299314347363,0.08878476862418061,-0.05021399,0.25728825,0.20314422,0.5296084608453707,4.387400986161083e-05,0.00011322699720039964,0.0004989160079276189,0.00029584600997623056,0.0001739250001264736,0.00011296900629531592,0.0015468489873455837,0.018234988005133346,0.01978183699247893,50.551422518555825,0
211,4.24007681600051,0.01969856396317482,-0.8853898209384461,1.2092307249652308,-1.9024373493590296,-1.2206876913653772,0.11373496800661087,-0.2803677022457123,-0.6041743159294128,-0.116267129778862,-0.0974702462553978,-0.7247857451438904,0.11592478305101395,0.2080099880695343,-1.9071999788284302,-1.3183690309524536,-0.9990524053573608,0.5849107503890991,0.11106234788894653,-0.3151606045401177,-11.462688375817411,22.46772660865923,-2.82112534945147,0.3404479653475138,-0.017465516368345535,0.020690698,-0.8586928,1.2212667,-1.9218116,-1.2159472,0.115961455,0.020690698,-0.8586928,1.2212667,-1.9218116,-1.2159472,0.115961455,0.01969856396317482,-0.8853898048400879,1.2092307806015015,-1.9024373292922974,-1.220687747001648,0.11373496800661087,0.02480336,0.66742504,0.30089825,-0.48435754,0.11851541,0.055662084,-0.34802687,0.0097693776436234,0.0,0.00024423444109058503,0.0005861626705154777,0.0067647,27.0588,False,0,0.43821076379944107,0.22101685960583084,0.05070818744816427,0.45062614433712544,0.23372777530435365,0.03277517410160684,-0.9557801778113476,0.2742029536303108,-0.05273605125400793,0.09228173656544009,-0.05021399,0.25728825,0.20314422,0.5295484373743848,0.00010579299123492092,0.00011788299889303744,0.0005522610008483753,0.0003287430008640513,0.00015646401152480394,0.00011100200936198235,0.001691565994406119,0.018061302005662583,0.019752868000068702,50.625559791951325,0
212,4.260115600001882,0.01998288370668888,-0.8813385528377076,1.2105940024005335,-1.9051662884154261,-1.2194445768939417,0.11407306045293808,-0.3028987646102905,-0.5458177328109741,0.051465846598148346,0.04609672352671623,-0.9927906394004822,0.12521885335445404,0.2211671769618988,-1.9036129713058472,-1.302169680595398,-0.9854059815406799,0.58633953332901,0.11046357452869415,-0.5457253507740216,-15.885212384150234,27.543941215488786,-3.4560332019495172,0.40864150245706726,-0.10121644472447844,0.020194247,-0.8552123,1.2225019,-1.9238917,-1.2161046,0.1161166,0.020194247,-0.8552123,1.2225019,-1.9238917,-1.2161046,0.1161166,0.01998288370668888,-0.8813385367393494,1.2105940580368042,-1.9051662683486938,-1.2194446325302124,0.11407306045293808,0.0052840733,0.6531567,0.29769608,-0.46813416,0.0835008,0.051088482,-0.35548607,0.008141148036352833,0.0,0.00020352870090882086,0.0004884688532911241,0.0067647,27.0588,False,0,0.43793748080817,0.22141414994298847,0.04886116006284663,0.45041090986452853,0.2340673723074755,0.03146581472741567,-0.9501401459282423,0.29360182575384386,-0.044398343946515,0.0951865730545719,-0.05021399,0.25728825,0.20314422,0.5297527479547017,0.00013213499914854765,0.0001159570092568174,0.0004802029870916158,0.00029889799770899117,0.0001533739996375516,0.00010747500346042216,0.0016128839924931526,0.01818717800779268,0.019800062000285834,50.504892357688774,0
213,4.280067815998336,0.02019500732421875,-0.8777069610408326,1.2117365042315882,-1.9081202946104945,-1.2186701933490198,0.11431340873241425,-0.3032289743423462,-0.27066975831985474,0.25494417548179626,0.2453715205192566,-1.0245834589004517,0.12144134938716888,0.19403700530529022,-1.9097816944122314,-1.3046069145202637,-0.9864664077758789,0.5773113965988159,0.11164272576570511,-2.468431728189556,-13.467266763167736,29.167576636915694,-3.3657054798666453,0.5223828692962851,-0.13643024175829654,0.021502504,-0.8514042,1.2236359,-1.9268777,-1.2148218,0.11648916,0.021502504,-0.8514042,1.2236359,-1.9268777,-1.2148218,0.11648916,0.02019500732421875,-0.8777069449424744,1.2117365598678589,-1.9081202745437622,-1.2186702489852905,0.11431340873241425,0.03268742,0.657569,0.2974831,-0.4689376,0.09621118,0.054393765,-0.35810155,0.006784290030294029,0.0,0.00016960725075735073,0.0004070574068464339,0.0067647,27.0588,False,0,0.4378323303607026,0.22167830342020475,0.04724467483913539,0.4503688852385596,0.23467104928112162,0.029744263772642866,-0.9509427300002133,0.29093543358025564,-0.043115090661990596,0.09594573016330832,-0.05021399,0.25728825,0.20314422,0.5302473924362564,5.318899638950825e-05,0.00016794698603916913,0.0007087569974828511,0.0007172530022216961,0.00019382699974812567,9.4757997430861e-05,0.0023550110054202378,0.017350637004710734,0.01970564801013097,50.74687213969745,0
214,4.30008812599408,0.02029472589492798,-0.8741372388652344,1.2133968512164515,-1.9106832943358363,-1.2183664480792444,0.11464760452508926,-0.2846583127975464,-0.23210594058036804,0.2322615534067154,0.21213530004024506,-0.9288105964660645,0.1170930564403534,0.18143342435359955,-1.9005563259124756,-1.2987600564956665,-0.9813536405563354,0.5669363737106323,0.11189553886651993,-1.7130653306663894,-12.782559916704852,28.464930990352784,-3.260293887895252,0.4870419745094431,-0.12957224766226677,0.021539615,-0.8477107,1.2247683,-1.9297037,-1.2148813,0.116894074,0.021539615,-0.8477107,1.2247683,-1.9297037,-1.2148813,0.116894074,0.02029472589492798,-0.8741372227668762,1.2133969068527222,-1.910683274269104,-1.2183665037155151,0.11464760452508926,0.031122245,0.6606625,0.28428537,-0.47550964,0.08713069,0.05616179,-0.36073166,0.005653575025245024,0.0,0.0001413393756311256,0.0003392145154066384,0.0007843125,3.13725,False,0,0.4375151246930815,0.22178359607278664,0.04543582473087687,0.4503218085016204,0.23471693157189943,0.0278539290718774,-0.9516330685418819,0.28802503038141825,-0.04599096562005685,0.09654487000788775,-0.05021399,0.25728825,0.20314422,0.5308222260946084,2.8595008188858628e-05,9.326500003226101e-05,0.00032800300687085837,0.0002040390099864453,0.00014652000390924513,7.760500011499971e-05,0.0011033030023099855,0.018777018995024264,0.01988032199733425,50.30099613749163,0
215,4.320073465001769,0.020318878814578056,-0.8702843946269532,1.2152107397662562,-1.9130474529662074,-1.2177942434894007,0.11491235345602036,-0.26532647013664246,-0.3629094362258911,0.12856462597846985,0.16447904706001282,-1.0015884637832642,0.1312294900417328,0.18788056075572968,-1.8910436630249023,-1.2907488346099854,-0.9737803339958191,0.5847998857498169,0.1097138300538063,-0.9226690525903116,-14.406064655167317,29.287780955467902,-3.443751283008174,0.41499297415933,-0.1304912264379708,0.021466184,-0.84385526,1.2267401,-1.9318252,-1.2148446,0.11717826,0.021466184,-0.84385526,1.2267401,-1.9318252,-1.2148446,0.11717826,0.020318878814578056,-0.870284378528595,1.2152107954025269,-1.913047432899475,-1.2177942991256714,0.11491235345602036,0.028682638,0.66072845,0.28823224,-0.4694418,0.07374432,0.056647614,-0.36664236,0.00471131252103752,0.0,0.00011778281302593801,0.0002826787531375885,0.0007843125,3.13725,False,0,0.437085295715066,0.22191290803235436,0.043464676226228405,0.4496536627451979,0.23480076264513486,0.02596854938080331,-0.9508712170428801,0.2905992262177277,-0.04743687225660853,0.09563360909427754,-0.05021399,0.25728825,0.20314422,0.5308150103796959,3.130998811684549e-05,0.00012100100866518915,0.0002827930002240464,0.0002408559957984835,0.00011864901171065867,5.016800423618406e-05,0.0010849129903363064,0.018789653011481278,0.019874566001817584,50.315564118911944,0
216,4.340070239995839,0.020543083548545837,-0.8664947313121338,1.2166717688189905,-1.91566862682485,-1.216888729725973,0.11519958823919296,-0.34237751364707947,-0.21941477060317993,0.32025793194770813,0.210893452167511,-1.246462106704712,0.11443912982940674,0.20949304103851318,-1.77639639377594,-1.2211707830429077,-0.9438559412956238,0.56906658411026,0.11209749430418015,-0.5657261915502564,-17.19459364107247,33.83663782785964,-3.884125141270745,0.3613289390958031,-0.12154994427702584,0.021396017,-0.8401334,1.2277162,-1.934731,-1.2143955,0.117544666,0.021396017,-0.8401334,1.2277162,-1.934731,-1.2143955,0.117544666,0.020543083548545837,-0.8664947152137756,1.2166718244552612,-1.9156686067581177,-1.2168887853622437,0.11519958823919296,0.021323312,0.6590322,0.27610892,-0.47655857,0.062330823,0.05862686,-0.3622463,0.003926093767531267,0.0,9.815234418828168e-05,0.0002355656324652955,0.0007843125,3.13725,False,0,0.4367691158536329,0.22220693553261336,0.04167227592256892,0.4495488694447349,0.2348237503674036,0.024512307537277882,-0.9509697365546546,0.29073555288726555,-0.04629970913045514,0.09479325699444752,-0.05021399,0.25728825,0.20314422,0.5312032842691675,4.2368992581032217e-05,0.00011775299208238721,0.0003016319969901815,0.00025537400506436825,7.571799505967647e-05,7.36619986128062e-05,0.0011577320110518485,0.018717536993790418,0.019875269004842266,50.313784420043184,0
217,4.360116655996535,0.020866870880126953,-0.8628839415362854,1.2179744879352015,-1.9187709293761195,-1.216151539479391,0.11553839594125748,-0.46034809947013855,0.1722535938024521,0.5424131155014038,0.38822710514068604,-1.4325428009033203,0.1598859280347824,0.20737701654434204,-1.806890845298767,-1.239774227142334,-0.9522810578346252,0.5708329081535339,0.11240633577108383,-0.5796778776463032,-18.132317772629634,39.85345213020139,-4.118908544727618,0.3700567169149773,-0.10264773954527734,0.022108365,-0.83654654,1.2295918,-1.9372213,-1.2139094,0.11788239,0.022108365,-0.83654654,1.2295918,-1.9372213,-1.2139094,0.11788239,0.020866870880126953,-0.8628839254379272,1.2179745435714722,-1.9187709093093872,-1.2161515951156616,0.11553839594125748,0.031037347,0.6584353,0.2904311,-0.46126038,0.056056563,0.058599867,-0.3718372,0.003271744806276056,0.0,8.17936201569014e-05,0.00019630468159448355,0.0007843125,3.13725,False,0,0.43659777819978823,0.22251027378685634,0.040030771993662534,0.44894423185779364,0.23535087943908672,0.022830278289447684,-0.950246820531431,0.29294116279996135,-0.048026444032230484,0.09439259339383216,-0.05021399,0.25728825,0.20314422,0.5311810387309241,1.9340994185768068e-05,6.890299846418202e-05,0.00026079600502271205,0.00017154499073512852,6.911400123499334e-05,4.975100455339998e-05,0.0008296129963127896,0.019126667000818998,0.019956279997131787,50.109539460446776,0
218,4.3800991749885725,0.021194517612457275,-0.8593277496150513,1.2192648092852991,-1.921887060204977,-1.2153146902667444,0.1158905029296875,-0.5869436264038086,0.4836575388908386,0.8166429400444031,0.46637865900993347,-1.7105066776275635,0.1204950138926506,0.22248797118663788,-1.8366361856460571,-1.2467572689056396,-0.9548198580741882,0.5829208493232727,0.11038405448198318,1.2125802977620006,-20.327998972247194,47.80732417926688,-4.933957013454408,0.20775889361349237,-0.16167671187481955,0.02290529,-0.83286077,1.2310884,-1.9402168,-1.2132075,0.11834213,0.02290529,-0.83286077,1.2310884,-1.9402168,-1.2132075,0.11834213,0.021194517612457275,-0.8593277335166931,1.2192648649215698,-1.9218870401382446,-1.2153147459030151,0.1158905029296875,0.042769298,0.6616739,0.29558963,-0.4582426,0.05268059,0.06129066,-0.37648568,0.002726454005230047,0.0,6.816135013075117e-05,0.00016358724678866565,0.0007843125,3.13725,False,0,0.43643109160672044,0.22283744583869544,0.0384264423935857,0.4486779687220293,0.2357781043597649,0.021023098113690675,-0.9507760774662917,0.29232150339795343,-0.04593913910886456,0.09199235486385787,-0.05021399,0.25728825,0.20314422,0.5315298444572025,1.736100239213556e-05,6.450900400523096e-05,0.00020971900084987283,0.00016957400657702237,7.082401134539396e-05,7.050200656522065e-05,0.0007919110066723078,0.019087113993009552,0.01987902499968186,50.304278002367006,0
219,4.4000679699965985,0.021605897694826126,-0.8558423680118104,1.2203834692584437,-1.92511047939443,-1.2146809736834925,0.11625342071056366,-0.6943542957305908,0.9419423341751099,1.1822330951690674,0.6008130311965942,-1.8765232563018799,0.09488239884376526,0.24542585015296936,-1.8712706565856934,-1.2602406740188599,-0.9597029685974121,0.5956182479858398,0.10901380330324173,4.175301947065835,-21.050702521622163,61.38636985752988,-5.427067727529839,-0.05159046727537295,-0.05749581451697452,0.023710022,-0.8294325,1.232419,-1.9432336,-1.2126999,0.11880318,0.023710022,-0.8294325,1.232419,-1.9432336,-1.2126999,0.11880318,0.021605897694826126,-0.8558423519134521,1.2203835248947144,-1.9251104593276978,-1.2146810293197632,0.11625342071056366,0.05260309,0.66024697,0.30088606,-0.4530794,0.049527705,0.063743986,-0.3759101,0.0022720450043583725,0.0,5.680112510895931e-05,0.00013632270565722138,0.0007843125,3.13725,False,0,0.43632312934154743,0.2231575209527932,0.03689390839964726,0.44840585790235354,0.23621394657032466,0.019694801040268287,-0.9513400815429633,0.2903437116146749,-0.04601817139514132,0.09238464166279625,-0.05021399,0.25728825,0.20314422,0.5317138027003265,1.965399133041501e-05,6.364099681377411e-05,0.00023301898909267038,0.00018697199993766844,9.251800656784326e-05,6.763699639122933e-05,0.0008396070043090731,0.019019024999579415,0.019858632003888488,50.35593588743633,0
220,4.420103950993507,0.02186613157391548,-0.8528231543353577,1.2217157522784632,-1.9284802875914515,-1.2139838377581995,0.11660885810852051,-0.6760435700416565,0.9186223149299622,1.4828472137451172,0.8280839920043945,-2.2646660804748535,0.1431422233581543,0.2549409568309784,-1.897996425628662,-1.273197889328003,-0.9678725600242615,0.6039735078811646,0.10841548442840576,4.279248621860287,-23.932503169164875,73.85521231649497,-6.4142693106693764,-0.10694871133157227,0.010319399697677117,0.023829425,-0.82665586,1.2339733,-1.9463537,-1.2124256,0.11924298,0.023829425,-0.82665586,1.2339733,-1.9463537,-1.2124256,0.11924298,0.02186613157391548,-0.8528231382369995,1.2217158079147339,-1.9284802675247192,-1.2139838933944702,0.11660885810852051,0.049082343,0.6541819,0.3064379,-0.44683486,0.038957737,0.06585308,-0.37008622,0.0018933708369653103,0.0,4.733427092413276e-05,0.00011360224743839353,0.0007843125,3.13725,False,0,0.43626519596178853,0.22342603272880723,0.03552426915007367,0.44814163320692607,0.23627941055460192,0.018842904033517315,-0.9515629211367334,0.2886301257855619,-0.04984736853124294,0.09346580307598296,-0.05021399,0.25728825,0.20314422,0.5317580965694364,5.605400656349957e-05,8.124600572045892e-05,0.001009776009595953,0.00019188699661754072,0.00012720399536192417,0.00010941400250885636,0.0017777059983927757,0.018168417998822406,0.01994612399721518,50.135053814947554,0
