step,time,q0,q1,q2,q3,q4,q5,current0,current1,current2,current3,current4,current5,ctrl_output0,ctrl_output1,ctrl_output2,ctrl_output3,ctrl_output4,ctrl_output5,tcp_force0,tcp_force1,tcp_force2,tcp_force3,tcp_force4,tcp_force5,ctrl_pre_alpha0,ctrl_pre_alpha1,ctrl_pre_alpha2,ctrl_pre_alpha3,ctrl_pre_alpha4,ctrl_pre_alpha5,ctrl0,ctrl1,ctrl2,ctrl3,ctrl4,ctrl5,obs_q0,obs_q1,obs_q2,obs_q3,obs_q4,obs_q5,action0,action1,action2,action3,action4,action5,action6,gripper_norm,gripper_ctrl,finger_pos_est,gripper_obs,gripper_fb_pos,gripper_fb_pct,grasped,obj_flag,tcp_x,tcp_y,tcp_z,box_x,box_y,box_z,box_qw,box_qx,box_qy,box_qz,target_x,target_y,target_z,box_to_target_dist,recv_time_s,mocap_time_s,obs_time_s,policy_time_s,ctrl_time_s,send_time_s,compute_time_s,sleep_time_s,loop_dt_true_s,loop_hz_true,overrun_count
0,0.02009836600336712,-0.1483834425555628,-1.7620331249632777,2.116479221974508,-2.7432805500426234,-1.368239704762594,-0.11396247545351201,-0.07713544368743896,-0.8415992856025696,-1.1831438541412354,-0.7835221886634827,0.04595315083861351,-0.011906635016202927,-9.835334978444129e-17,-1.1081326007843018,-1.7491044998168945,-1.3103973865509033,0.2142086774110794,0.061934687197208405,-7.655709309816601,1.2326041160338854,2.512787626998724,-0.07753464169214647,0.8671258638551732,-0.5598433551611108,-0.14345832,-1.7341617,2.1310635,-2.7475781,-1.3895001,-0.11648095,-0.14345832,-1.7341617,2.1310635,-2.7475781,-1.3895001,-0.11648095,-0.14838343858718872,-1.7620331048965454,2.1164791584014893,-2.7432806491851807,-1.3682397603988647,-0.11396247893571854,0.12312782,0.6967845,0.36460596,-0.107438385,-0.53150886,-0.06296171,-0.1873337,0.0,0.0,0.0,0.0,,,False,0,0.4026253072342421,0.1205087846433979,0.2205498969234992,0.42624057659831127,0.0960762824842907,0.033763829349180645,0.1199913870817566,0.003246378082394644,2.1191218873613943e-05,0.9927696170016572,-0.33495253,-0.005640017,0.215,0.7890549454097653,7.902098877821118e-05,4.7523993998765945e-05,0.0001671089994488284,0.00014456099597737193,5.7837998610921204e-05,7.264700252562761e-05,0.0007369639934040606,0.01936094500706531,0.02009790900046937,49.75641993287191,0
1,0.04007618399919011,-0.14831573167909795,-1.7616650066771449,2.1166093985186976,-2.743371149102682,-1.3684662024127405,-0.11395866075624639,0.036153972148895264,-0.13927578926086426,-0.44438159465789795,-0.5237174034118652,-0.2691323757171631,-0.14870935678482056,0.16090452671051025,-0.2802078127861023,-1.0657732486724854,-1.0661888122558594,-0.09923961758613586,-0.0181207824498415,-8.581088696761467,0.6104755147822176,6.976071515523733,-0.12300442350212529,1.0007876192385925,-0.5288382671545668,-0.14375165,-1.7329855,2.1295333,-2.749485,-1.3890775,-0.11942784,-0.14375165,-1.7329855,2.1295333,-2.749485,-1.3890775,-0.11942784,-0.14831572771072388,-1.7616649866104126,2.1166093349456787,-2.7433712482452393,-1.3684662580490112,-0.11395866423845291,0.114102095,0.71698844,0.32310054,-0.15284386,-0.515282,-0.13672927,-0.20714635,0.0,0.0,0.0,0.0,,,False,0,0.40262873681351463,0.12048111368628478,0.2203675546178746,0.4262485864352496,0.09606710037816348,0.03385878799127523,0.11969086038928822,0.0024412808115760174,-0.00021687131451793296,0.9928082000906794,-0.33495253,-0.005640017,0.215,0.7890396835932143,2.3600994609296322e-05,5.319999763742089e-05,0.00019003900524694473,0.00021032500080764294,7.139499939512461e-05,4.7604000428691506e-05,0.0007395830034511164,0.01916363599593751,0.019903218999388628,50.24312901499588,0
2,0.06007050100015476,-0.14792901674379522,-1.7595817051329554,2.118108574544088,-2.7435442409911097,-1.370302979146139,-0.11419660249818975,0.13712374866008759,-0.09614617377519608,-0.6642388105392456,-0.7409453392028809,-0.20398607850074768,-0.17636995017528534,0.22228305041790009,-0.44047337770462036,-1.1970975399017334,-1.1978886127471924,-0.06614803522825241,-0.09560205042362213,-6.186415818374492,1.6795573915506619,3.309747556986891,-0.09213178293384827,0.886621989086329,-0.5735594529139313,-0.14351131,-1.7308383,2.130908,-2.7497513,-1.3908668,-0.11995905,-0.14351131,-1.7308383,2.130908,-2.7497513,-1.3908668,-0.11995905,-0.14792901277542114,-1.7595816850662231,2.1181085109710693,-2.743544340133667,-1.3703030347824097,-0.11419660598039627,0.110442445,0.718585,0.31998935,-0.1551735,-0.5140923,-0.14406103,-0.20983821,0.0,0.0,0.0,0.0,,,False,0,0.40248301824948546,0.1202200756029019,0.21891547158354266,0.4262676333702908,0.09615983572910049,0.03387020747505939,0.11979347047264927,0.0018967694576792322,0.0003491893422240995,0.9927969889151073,-0.33495253,-0.005640017,0.215,0.7890673957822287,2.4587003281340003e-05,7.845299842301756e-05,0.00032059301156550646,0.00021448300685733557,9.407401375938207e-05,6.98609946994111e-05,0.0010133790055988356,0.018877559996326454,0.01989093900192529,50.274147434829885,0
3,0.08008710099966265,-0.14735776582826787,-1.756129880944723,2.1197617689715784,-2.7439176044859828,-1.372796360646383,-0.11454373994936162,0.16285158693790436,-0.4085146188735962,-0.8354345560073853,-0.9508435130119324,-0.2225882112979889,-0.19470751285552979,0.21227781474590302,-0.6794217228889465,-1.394258737564087,-1.3790147304534912,0.013206498697400093,-0.09690342098474503,-6.620745211644224,0.5209425076194953,1.61302603678757,-0.09331570571471628,0.8293977883536816,-0.5499336036002263,-0.14299208,-1.7274066,2.1325805,-2.7501006,-1.393381,-0.12033035,-0.14299208,-1.7274066,2.1325805,-2.7501006,-1.393381,-0.12033035,-0.1473577618598938,-1.7561298608779907,2.1197617053985596,-2.74391770362854,-1.3727964162826538,-0.11454374343156815,0.109142184,0.7180802,0.3204703,-0.15457028,-0.51461434,-0.14466509,-0.20863128,0.0,0.0,0.0,0.0,,,False,0,0.4023902491025638,0.11986758409000738,0.21690277910839206,0.4262288192488811,0.09610399305941357,0.03380080525811165,0.12012164285319349,0.002136590148062412,0.0006408998110164696,0.9927566579620395,-0.33495253,-0.005640017,0.215,0.7890386837233943,3.388799086678773e-05,0.0001328490034211427,0.00043200199434068054,0.0003609970008255914,0.0001315219997195527,9.676600166130811e-05,0.0014833040040684864,0.018339232992730103,0.01982253699679859,50.447629390804195,0
4,0.10002556200197432,-0.14680463472475225,-1.752190729180807,2.1212294737445276,-2.7453257046141566,-1.375664536152975,-0.11512166658510381,0.34512466192245483,-0.44230547547340393,-0.6515404582023621,-0.7315192818641663,-0.18175041675567627,-0.19670644402503967,0.21690352261066437,-0.8101261258125305,-1.474875569343567,-1.4469460248947144,0.04653234779834747,-0.09337740391492844,-9.002925312050003,1.204208308285611,3.897580816975533,-0.08632900337045088,0.936625552582547,-0.561786654985638,-0.14246553,-1.7234939,2.1340883,-2.751465,-1.396268,-0.1208682,-0.14246553,-1.7234939,2.1340883,-2.751465,-1.396268,-0.1208682,-0.14680463075637817,-1.7521907091140747,2.121229410171509,-2.745325803756714,-1.3756645917892456,-0.11512167006731033,0.10847762,0.71741885,0.3214726,-0.15348214,-0.51508564,-0.14366318,-0.20732509,0.0,0.0,0.0,0.0,,,False,0,0.4024534251111659,0.11939664262666728,0.21500746905087964,0.4262174665944073,0.09608956873343617,0.0337797038701602,0.12023238934229513,0.0020609957306496982,0.0012388014422953404,0.9927428351129648,-0.33495253,-0.005640017,0.215,0.7890307182030464,3.3343996619805694e-05,0.00011175899999216199,0.0004949660069542006,0.00041947899444494396,0.00015599399921484292,0.0001923689997056499,0.0017650649970164523,0.018030966006335802,0.019796031003352255,50.5151764932405,0
5,0.1201019139989512,-0.1461575667010706,-1.748106142083639,2.1231725851642054,-2.7461825809874476,-1.3787444273578089,-0.1158674399005335,0.3058657944202423,-0.5177443623542786,-0.7940589785575867,-0.8324260711669922,-0.1084824725985527,-0.19770215451717377,0.2210759073495865,-0.8539016842842102,-1.48982572555542,-1.456558346748352,0.05470503494143486,-0.08838582038879395,-7.431576255969169,2.4105731066672473,1.8067132721593726,-0.04102247465148756,0.8709638513229028,-0.5974731483638733,-0.14188945,-1.7194487,2.1360753,-2.7522595,-1.3993603,-0.12158605,-0.14188945,-1.7194487,2.1360753,-2.7522595,-1.3993603,-0.12158605,-0.14615756273269653,-1.7481061220169067,2.1231725215911865,-2.746182680130005,-1.3787444829940796,-0.11586744338274002,0.10670264,0.71643734,0.32256618,-0.15192199,-0.51539457,-0.14296517,-0.20592444,0.0,0.0,0.0,0.0,,,False,0,0.40236429933071527,0.11893429085079153,0.21272453981051426,0.42623098490948425,0.09606680943694408,0.03375584494374973,0.11999161004655629,0.00200687790260756,0.0010576702254604144,0.9927723347745134,-0.33495253,-0.005640017,0.215,0.7890463052734941,0.00044888199772685766,0.00010588299483060837,0.0005140499997651204,0.00035352799750398844,0.00015779701061546803,8.321499626617879e-05,0.0019899640028597787,0.01794506999431178,0.01993503399717156,50.16294429906079,0
6,0.14009717499720864,-0.14540273347963506,-1.7440859280028285,2.125080410634176,-2.746871610681051,-1.3815825621234339,-0.1166771093951624,0.14289358258247375,-0.42286500334739685,-0.8277710676193237,-0.8253779411315918,-0.15920603275299072,-0.20419038832187653,0.22168417274951935,-0.8645323514938354,-1.492982268333435,-1.4616974592208862,0.05423561856150627,-0.08553339540958405,-6.384252172311868,0.894021774012206,2.0779490919984407,-0.07272538900309322,0.842085195038813,-0.5517237755730231,-0.14126037,-1.7154589,2.1379805,-2.75292,-1.4021939,-0.12247484,-0.14126037,-1.7154589,2.1379805,-2.75292,-1.4021939,-0.12247484,-0.145402729511261,-1.7440859079360962,2.1250803470611572,-2.7468717098236084,-1.3815826177597046,-0.11667711287736893,0.10355912,0.7156772,0.3225002,-0.15120636,-0.51528084,-0.14494315,-0.2053113,0.0,0.0,0.0,0.0,,,False,0,0.4022343374154539,0.11857592414093854,0.21045273699829115,0.42635896372804266,0.09607688587980946,0.03376753154536856,0.12000945995841034,0.003383844695988734,-0.000385840800653129,0.9927669123413105,-0.33495253,-0.005640017,0.215,0.7891683804148857,3.4634998883120716e-05,0.00010399200255051255,0.0004397959855850786,0.00026949099265038967,0.00014124800509307534,8.877700020093471e-05,0.0013591690076282248,0.01849341599154286,0.019852584999171086,50.37127407044239,0
7,0.16008716099895537,-0.14478809038271123,-1.7399898968138636,2.1268957296954554,-2.7477203808226527,-1.3844946066485804,-0.11751825014223272,0.211432546377182,-0.49059945344924927,-0.7930091619491577,-0.7999651432037354,-0.17137525975704193,-0.16771164536476135,0.22261656820774078,-0.8616632223129272,-1.4809707403182983,-1.4541587829589844,0.050350088626146317,-0.08513610810041428,-7.483488238077268,0.8449689425644763,2.6411214747037692,-0.07627230516560424,0.8725161594137887,-0.5495793942327937,-0.14067179,-1.7114043,2.1398604,-2.7537045,-1.4051467,-0.123254195,-0.14067179,-1.7114043,2.1398604,-2.7537045,-1.4051467,-0.123254195,-0.14478808641433716,-1.7399898767471313,2.1268956661224365,-2.74772047996521,-1.384494662284851,-0.11751825362443924,0.10290743,0.71463984,0.32411584,-0.14959927,-0.51630217,-0.14339845,-0.20313834,0.0,0.0,0.0,0.0,,,False,0,0.4021443765933031,0.11813998325435125,0.2082268925047485,0.4263712006570047,0.09605104675953562,0.03372612492616141,0.11999762822920301,0.002914408065415012,0.00042349370069333023,0.9927698152698106,-0.33495253,-0.005640017,0.215,0.7891863653822991,4.7640991397202015e-05,0.00010849999671336263,0.00044241601426620036,0.00025637900398578495,0.0001396650040987879,9.033300739247352e-05,0.0014075869985390455,0.018417498999042436,0.019825085997581482,50.44114311140909,0
8,0.18004472900065593,-0.14430123964418584,-1.7358066044249476,2.128759209309713,-2.7484451733031214,-1.3874405066119593,-0.11834699312318975,0.30742472410202026,-0.5698438882827759,-0.8482706546783447,-0.9039914011955261,-0.1166844367980957,-0.16733771562576294,0.22520707547664642,-0.8610183000564575,-1.4707331657409668,-1.4464372396469116,0.049370478838682175,-0.08609741926193237,-7.745611678974825,1.6359735560413984,1.4648992205846252,-0.04085077259490333,0.8461962108287103,-0.5667749911646615,-0.14023896,-1.7072667,2.1417804,-2.7543607,-1.4081227,-0.12404016,-0.14023896,-1.7072667,2.1417804,-2.7543607,-1.4081227,-0.12404016,-0.14430123567581177,-1.7358065843582153,2.1287591457366943,-2.7484452724456787,-1.38744056224823,-0.11834699660539627,0.101557024,0.71349597,0.3255302,-0.14788322,-0.5170529,-0.14232898,-0.20125042,0.0,0.0,0.0,0.0,,,False,0,0.402038743154433,0.11764880538696273,0.20592051707509645,0.4263220970251609,0.09603075067889202,0.03372866350536016,0.11998989149035827,0.0029985488117002224,0.000450791904152998,0.9927704951243146,-0.33495253,-0.005640017,0.215,0.7891357971844436,4.05999890062958e-05,0.00011301100312266499,0.0004355609999038279,0.00027523000608198345,0.00013706300524063408,8.950100163929164e-05,0.0014502179983537644,0.018359435998718254,0.01980965399707202,50.48043747497083,0
9,0.20009426299657207,-0.14368230501283819,-1.7318293056883753,2.130575482045309,-2.7492338619627894,-1.390345875416891,-0.11912900606264287,0.2664515972137451,-0.5138219594955444,-0.8467891216278076,-0.8714362382888794,-0.12594015896320343,-0.15749141573905945,0.22577379643917084,-0.8610409498214722,-1.4639822244644165,-1.4425376653671265,0.04780954122543335,-0.0864735022187233,-6.835077852530638,2.0398353025109848,1.8453690316750242,-0.035764069768279116,0.8302375998674791,-0.5691280008219418,-0.1396829,-1.7033544,2.14368,-2.7550511,-1.4110659,-0.12474782,-0.1396829,-1.7033544,2.14368,-2.7550511,-1.4110659,-0.12474782,-0.1436823010444641,-1.731829285621643,2.13057541847229,-2.7492339611053467,-1.3903459310531616,-0.1191290095448494,0.099984765,0.71187305,0.3276161,-0.14543112,-0.51800007,-0.14047034,-0.19874536,0.0,0.0,0.0,0.0,,,False,0,0.40190825210068115,0.11722125600471692,0.20373024618118496,0.42621059156262364,0.09613363786902289,0.033875624503148745,0.11975791990982587,0.002191642481993551,0.00015187874161362233,0.9928006829926557,-0.33495253,-0.005640017,0.215,0.7890077439799563,3.532200935296714e-05,0.00011214500409550965,0.00045213100383989513,0.00024844100698828697,0.00018884899327531457,9.867700282484293e-05,0.0014539539988618344,0.018452023999998346,0.01990597799886018,50.23616523926934,0
10,0.22008465000544675,-0.14305574098695928,-1.727976461450094,2.132345978413717,-2.750273366967672,-1.393163029347555,-0.1199424902545374,0.2165859341621399,-0.4279639720916748,-0.7869453430175781,-0.7922865748405457,-0.13322927057743073,-0.16718032956123352,0.22286544740200043,-0.8599562644958496,-1.4577919244766235,-1.4387552738189697,0.044600360095500946,-0.08651845902204514,-6.775305925346851,1.4817513323277327,2.8385192786089175,-0.043996148898643006,0.8526556157034233,-0.5553752451925844,-0.13910031,-1.6995467,2.1455033,-2.7560332,-1.413921,-0.12553225,-0.13910031,-1.6995467,2.1455033,-2.7560332,-1.413921,-0.12553225,-0.1430557370185852,-1.7279764413833618,2.1323459148406982,-2.7502734661102295,-1.3931630849838257,-0.11994249373674393,0.09888579,0.71074224,0.3289342,-0.14399253,-0.51894903,-0.13974418,-0.19669753,0.0,0.0,0.0,0.0,,,False,0,0.4017933853044672,0.11681481596353174,0.20166758267540147,0.42618147337738077,0.09615672250661314,0.03389342839361339,0.12002923310608488,0.002379726253122959,0.00015142344761432183,0.9927674981543491,-0.33495253,-0.005640017,0.215,0.7889785445492242,3.959599416702986e-05,0.00012109099770896137,0.0005140879948157817,0.0003730669996002689,0.00014069900498725474,9.721900278236717e-05,0.0015889690112089738,0.01825982899754308,0.019848798008752055,50.38088450288343,0
11,0.24008823999611195,-0.14245683351625615,-1.7239676914610804,2.134198013936178,-2.7511373958983363,-1.3960273901568812,-0.12072831789125615,0.2216629832983017,-0.44265657663345337,-0.7915363907814026,-0.813964307308197,-0.1368197351694107,-0.14252546429634094,0.22356654703617096,-0.8655229806900024,-1.454964280128479,-1.4385682344436646,0.043666593730449677,-0.08639000356197357,-7.299566542949082,1.4647199888276181,2.4009521119079174,-0.04658027114271998,0.8341269136414969,-0.528036545387305,-0.13850786,-1.6955831,2.1474295,-2.7568288,-1.4168385,-0.12623678,-0.13850786,-1.6955831,2.1474295,-2.7568288,-1.4168385,-0.12623678,-0.14245682954788208,-1.7239676713943481,2.134197950363159,-2.7511374950408936,-1.3960274457931519,-0.12072832137346268,0.09872427,0.70961416,0.3307875,-0.14228079,-0.5202778,-0.13771154,-0.19427301,0.0,0.0,0.0,0.0,,,False,0,0.40164275780376,0.11639138235366397,0.19947265477203846,0.4262160595476313,0.09608810183251704,0.03376305577815315,0.12012197230909122,0.0019826880424992704,0.00114678266020498,0.9927565043036901,-0.33495253,-0.005640017,0.215,0.7890329955304265,4.2979998397640884e-05,0.00010036599996965379,0.00045622698962688446,0.00030577799770981073,0.00013999600196257234,0.00013712799409404397,0.001474828997743316,0.018389662000117823,0.01986449099786114,50.34108349958086,0
12,0.26008571599959396,-0.14195043245424444,-1.7198473415770472,2.136052910481588,-2.7518655262389125,-1.3990166823016565,-0.12154561678041631,0.2987833023071289,-0.5576064586639404,-0.8145125508308411,-0.8760674595832825,-0.12205949425697327,-0.17322638630867004,0.22540146112442017,-0.8748918175697327,-1.4558767080307007,-1.4432016611099243,0.04436651989817619,-0.0865297019481659,-6.949929546522741,1.8539144184882947,1.771072219451395,-0.025402547908934398,0.8215247439884524,-0.5546183194211103,-0.13809781,-1.6915088,2.149315,-2.7574968,-1.4198401,-0.12706362,-0.13809781,-1.6915088,2.149315,-2.7574968,-1.4198401,-0.12706362,-0.14195042848587036,-1.719847321510315,2.1360528469085693,-2.7518656253814697,-1.3990167379379272,-0.12154562026262283,0.09631554,0.7084623,0.33155966,-0.14078088,-0.52058506,-0.13794993,-0.19310357,0.0,0.0,0.0,0.0,,,False,0,0.4014787746781213,0.11590437449819195,0.1972023509746248,0.42621640860421023,0.096032027781409,0.03375904267275687,0.12019302851696334,0.0029415633502089832,0.0002547195971670836,0.992746112067426,-0.33495253,-0.005640017,0.215,0.7890270265387277,3.7542995414696634e-05,0.00010256399400532246,0.0004782110045198351,0.00033829199674073607,0.00018295299378223717,8.181000885087997e-05,0.0015205470117507502,0.018337139990762807,0.019857687002513558,50.35833226062136,0
13,0.2800955599959707,-0.14142305055727178,-1.7159091434874476,2.1378348509417933,-2.7527009449400843,-1.4019458929644983,-0.12232333818544561,0.2926205098628998,-0.5236571431159973,-0.781570553779602,-0.7993091344833374,-0.11675262451171875,-0.15495052933692932,0.2265932857990265,-0.8783373832702637,-1.4523906707763672,-1.443084478378296,0.04371128976345062,-0.08586233854293823,-7.492310893536336,2.1456660545566155,2.3664108170017304,-0.009644701149253171,0.8491035225271677,-0.5594078196185612,-0.1375768,-1.6876295,2.1511922,-2.7582428,-1.4228288,-0.12773147,-0.1375768,-1.6876295,2.1511922,-2.7582428,-1.4228288,-0.12773147,-0.1414230465888977,-1.7159091234207153,2.1378347873687744,-2.7527010440826416,-1.401945948600769,-0.12232334166765213,0.0961559,0.7069906,0.33393377,-0.13854478,-0.52207017,-0.13520345,-0.19019201,0.0,0.0,0.0,0.0,,,False,0,0.4013169499091368,0.11543890482945111,0.19506008018978047,0.4262790724441868,0.09610856336064098,0.03375645489232475,0.12002418759606825,0.0019654460676102204,0.0010818564723819313,0.9927684624521849,-0.33495253,-0.005640017,0.215,0.7890979375327951,4.3454012484289706e-05,0.00010450900299474597,0.0004565979907056317,0.00029081398679409176,0.0001755090052029118,8.349100244231522e-05,0.0014346710086101666,0.01844407599128317,0.019878746999893337,50.30498149633705,0
14,0.3000409890082665,-0.14077645937074834,-1.711952348748678,2.139686409627096,-2.753587862054342,-1.404731575642721,-0.12312060991396123,0.1838511824607849,-0.4691225290298462,-0.7906326055526733,-0.8140170574188232,-0.13952787220478058,-0.16512234508991241,0.22330252826213837,-0.8780667781829834,-1.4478185176849365,-1.4402629137039185,0.04055391252040863,-0.08623997867107391,-6.9490249570373654,0.9938920164546795,2.307235634536641,-0.0446433949501735,0.836979388446103,-0.5381497750226205,-0.13696705,-1.6837263,2.1531146,-2.7590504,-1.4256581,-0.12845846,-0.13696705,-1.6837263,2.1531146,-2.7590504,-1.4256581,-0.12845846,-0.14077645540237427,-1.7119523286819458,2.139686346054077,-2.7535879611968994,-1.4047316312789917,-0.12312061339616776,0.09523534,0.7056519,0.33570635,-0.13656273,-0.52316284,-0.1334461,-0.1880752,0.0,0.0,0.0,0.0,,,False,0,0.40112232202185494,0.11505746876755203,0.192899778456536,0.42625982059804757,0.09612876184599377,0.033773724775836456,0.11991038518993569,0.0019398003704045384,0.0013827151409367688,0.992781885557452,-0.33495253,-0.005640017,0.215,0.7890780038071921,0.00010280701098963618,0.0002211440005339682,0.0010618140076985583,0.00023997999960556626,0.00020417799532879144,0.00012744100240524858,0.0027719089994207025,0.016981851003947668,0.01975376000336837,50.62327373773307,0
15,0.32013388400082476,-0.14024860063661748,-1.707940240899557,2.141585175191061,-2.7543050251402796,-1.4076903502093714,-0.1238630453692835,0.19267849624156952,-0.49488818645477295,-0.8198927044868469,-0.8398605585098267,-0.18619541823863983,-0.15561836957931519,0.22324246168136597,-0.8829262256622314,-1.4454514980316162,-1.4403043985366821,0.03901338577270508,-0.08614280819892883,-6.993373221061793,1.1279046589632524,1.8899251578789529,-0.03408215892131708,0.8322282263679334,-0.5370479917412985,-0.13649434,-1.6797768,2.155087,-2.7596796,-1.4286593,-0.12913892,-0.13649434,-1.6797768,2.155087,-2.7596796,-1.4286593,-0.12913892,-0.1402485966682434,-1.7079402208328247,2.141585111618042,-2.754305124282837,-1.407690405845642,-0.12386304885149002,0.093856595,0.7040868,0.33754858,-0.13436078,-0.52422374,-0.13189678,-0.18581139,0.0,0.0,0.0,0.0,0.013921575,55.6863,False,0,0.40090109976972965,0.11459278293536697,0.19065883888130786,0.4262433976487563,0.09609406941951275,0.0337622005312905,0.11992176338208166,0.0018774694089352876,0.001233377181484592,0.992780784367332,-0.33495253,-0.005640017,0.215,0.7890603340523573,4.7797992010600865e-05,0.0001083959941752255,0.000437809998402372,0.0003837809927063063,0.00013773499813396484,0.00010066300455946475,0.001535781004349701,0.018371491998550482,0.019907273002900183,50.23289728604794,0
16,0.34012374900339637,-0.13975507417787725,-1.7039357624449671,2.143454376851217,-2.755034109155172,-1.4106910864459437,-0.12462836900819951,0.2679998576641083,-0.5350970029830933,-0.8079319596290588,-0.8458473682403564,-0.1394023299217224,-0.1585680991411209,0.22583872079849243,-0.8876959085464478,-1.4424442052841187,-1.4406790733337402,0.039615195244550705,-0.08632965385913849,-7.328369878033254,1.9600022489938287,2.2366819504660924,-0.004541991668035483,0.8354968094873393,-0.5531726151848355,-0.13606273,-1.6758308,2.157019,-2.7603278,-1.4316939,-0.12985635,-0.13606273,-1.6758308,2.157019,-2.7603278,-1.4316939,-0.12985635,-0.13975507020950317,-1.7039357423782349,2.1434543132781982,-2.7550342082977295,-1.4106911420822144,-0.12462837249040604,0.09230848,0.7026239,0.339112,-0.13233842,-0.5250704,-0.13069943,-0.18389723,0.0,0.0,0.0,0.0,0.013921575,55.6863,False,0,0.400676843574788,0.11410494107779551,0.1884374861560059,0.4262477587577376,0.0960861234838023,0.03376237997644192,0.11991226469866928,0.0021963864644835573,0.0009500727165554883,0.9927816409369192,-0.33495253,-0.005640017,0.215,0.7890634755102534,3.321500844322145e-05,0.00010142500104848295,0.0004286129988031462,0.00029036100022494793,0.00013225099246483296,8.288599201478064e-05,0.001338632995611988,0.01851635800267104,0.01985499099828303,50.36517015225419,0
17,0.3601253560045734,-0.13921147981752569,-1.6999746761717738,2.1452577749835413,-2.75582279781484,-1.41359788576235,-0.12538606325258428,0.23367449641227722,-0.548302412033081,-0.7899779677391052,-0.8382405638694763,-0.17950835824012756,-0.16040076315402985,0.22477705776691437,-0.8897320032119751,-1.4374566078186035,-1.4383366107940674,0.03754127025604248,-0.08639302104711533,-7.276869520778224,1.3889553264216545,2.0820514706278312,-0.013332862383204691,0.8380400833202316,-0.5373498346719539,-0.13555895,-1.6719311,2.1588974,-2.7610345,-1.4346528,-0.13055308,-0.13555895,-1.6719311,2.1588974,-2.7610345,-1.4346528,-0.13055308,-0.1392114758491516,-1.6999746561050415,2.1452577114105225,-2.7558228969573975,-1.4135979413986206,-0.1253860592842102,0.09131321,0.70108664,0.34099123,-0.1302903,-0.5263725,-0.12917557,-0.18142398,0.0,0.0,0.0,0.0,0.013921575,55.6863,False,0,0.4004529413956331,0.1136580638739225,0.18627855840344726,0.4262146059892826,0.09607277666869814,0.03377850478533725,0.12012495982718058,0.002248166670201164,0.0010567614085897348,0.9927556845513613,-0.33495253,-0.005640017,0.215,0.7890260691786124,3.325699071865529e-05,0.00010294100502505898,0.00042674799624364823,0.0003911769890692085,0.00014185599866323173,8.441398676950485e-05,0.0014499090029858053,0.018420107997371815,0.01987001700035762,50.32708326228418,0
18,0.3800529760046629,-0.138648811970846,-1.6961194477477015,2.14718467393984,-2.756573339501852,-1.416483227406637,-0.12617046037782842,0.17115598917007446,-0.4995460510253906,-0.8128197193145752,-0.8289673924446106,-0.1643221080303192,-0.1724410206079483,0.22276908159255981,-0.89203280210495,-1.4336682558059692,-1.4367966651916504,0.03469950705766678,-0.08651867508888245,-6.403664524515831,1.435636403169498,2.019150910003921,-0.014844789434236005,0.8130972915018361,-0.5364655063590937,-0.13505033,-1.6681386,2.1608953,-2.7616975,-1.4375783,-0.1312729,-0.13505033,-1.6681386,2.1608953,-2.7616975,-1.4375783,-0.1312729,-0.13864880800247192,-1.6961194276809692,2.1471846103668213,-2.756573438644409,-1.4164832830429077,-0.12617045640945435,0.08996217,0.69951975,0.3427684,-0.1281015,-0.52737457,-0.1275611,-0.17936566,0.0,0.0,0.0,0.0,0.013921575,55.6863,False,0,0.4001808160023717,0.11322988338493467,0.184104192954989,0.4262442315445268,0.0960652816593858,0.03375467556232081,0.12000329550437255,0.002313269500637795,0.0009256949288954132,0.9927703398807244,-0.33495253,-0.005640017,0.215,0.7890591558316463,4.45100013166666e-05,0.00010349600051995367,0.0005236080032773316,0.0002326640096725896,0.00013471899728756398,9.14490083232522e-05,0.0015782299888087437,0.018211304006399587,0.01978953399520833,50.531760891496056,0
19,0.4000975500093773,-0.1381133238421839,-1.6922017536559046,2.1490328947650355,-2.7573496303954066,-1.4194710890399378,-0.12686568895448858,0.23435275256633759,-0.4673926532268524,-0.7914873957633972,-0.8537753820419312,-0.15733493864536285,-0.17417572438716888,0.22304071485996246,-0.8962263464927673,-1.431638240814209,-1.4372695684432983,0.03363129124045372,-0.08668161928653717,-6.6845816608148025,1.8111334048301255,2.1154065222721803,0.0019205867546070177,0.8168616839430797,-0.5320743285908878,-0.13458455,-1.6642861,2.1628087,-2.7623863,-1.440601,-0.13191956,-0.13458455,-1.6642861,2.1628087,-2.7623863,-1.440601,-0.13191956,-0.13811331987380981,-1.6922017335891724,2.1490328311920166,-2.757349729537964,-1.4194711446762085,-0.1268656849861145,0.08821916,0.69789004,0.34439367,-0.12591423,-0.52824694,-0.126347,-0.17746589,0.0,0.0,0.0,0.0,0.013921575,55.6863,False,0,0.3999193698156239,0.112765017712852,0.1819444575447638,0.42627759257033554,0.09600384573568034,0.03374329982623643,0.12002700049951426,0.0026400338753890694,0.0004831605852721084,0.9927670204365809,-0.33495253,-0.005640017,0.215,0.7890860358087921,4.802799958270043e-05,0.000148938997881487,0.0008096169913187623,0.00030282999796327204,0.00023383401276078075,0.00010506098624318838,0.0020240239973645657,0.017826474009780213,0.01985049800714478,50.37656987950985,0
20,0.42012492699723225,-0.13761932054628545,-1.6882153950133265,2.150914494191305,-2.7580424747862757,-1.422391716633932,-0.12761098543276006,0.20692308247089386,-0.5615583062171936,-0.7475873827934265,-0.8517407774925232,-0.168205127120018,-0.13361519575119019,0.22424791753292084,-0.9015270471572876,-1.4281072616577148,-1.4369888305664062,0.03319816663861275,-0.08773879706859589,-6.778349598333589,1.9465438572611962,1.8905748497620225,0.01079978263003209,0.8165394758854373,-0.5426201267302102,-0.13410652,-1.6603742,2.1647942,-2.7629726,-1.4435866,-0.13254622,-0.13410652,-1.6603742,2.1647942,-2.7629726,-1.4435866,-0.13254622,-0.13761931657791138,-1.6882153749465942,2.150914430618286,-2.758042573928833,-1.4223917722702026,-0.127610981464386,0.087819934,0.6960298,0.3469959,-0.12325228,-0.52987003,-0.12338106,-0.17448533,0.0,0.0,0.0,0.0,0.013921575,55.6863,False,0,0.3996352926977271,0.11230278680902682,0.17973162776832816,0.42623563900362266,0.09610897070301425,0.03375525655317012,0.11990363430487622,0.0021426870306024857,0.0009245231908040184,0.9927827826679154,-0.33495253,-0.005640017,0.215,0.7890563657728593,3.409999771974981e-05,0.000105745013570413,0.0004446200036909431,0.00030940500437282026,0.00013922499783802778,8.423101098742336e-05,0.0013990610023029149,0.018494156989618205,0.01989321799192112,50.268387970519015,0
21,0.4401205790054519,-0.13711244264711553,-1.6841913662352503,2.1528247038470667,-2.758792062798971,-1.4253419081317347,-0.1283324400531214,0.2045084834098816,-0.5109425783157349,-0.7677961587905884,-0.8413457870483398,-0.15966835618019104,-0.17046089470386505,0.223784938454628,-0.9054077863693237,-1.4252357482910156,-1.4368704557418823,0.031443286687135696,-0.08771409839391708,-6.7592825710916005,2.063856057825828,1.9617427393669797,0.017508009782221917,0.8191437873466227,-0.54451677367423,-0.13368411,-1.6564164,2.1667604,-2.7636375,-1.4465684,-0.13323851,-0.13368411,-1.6564164,2.1667604,-2.7636375,-1.4465684,-0.13323851,-0.13711243867874146,-1.684191346168518,2.152824640274048,-2.7587921619415283,-1.4253419637680054,-0.12833243608474731,0.085708275,0.69437337,0.3483964,-0.121133216,-0.5306615,-0.12265171,-0.17282245,0.0,0.0,0.0,0.0,0.013921575,55.6863,False,0,0.3993376406745373,0.11183989055754782,0.1775078591721529,0.42624673457736567,0.09602473946246547,0.03376289124938764,0.12006192577102959,0.0030965231378559054,0.00015667691064677122,0.9927615731435531,-0.33495253,-0.005640017,0.215,0.7890544587656197,3.30039911204949e-05,0.00010134700278285891,0.000438055008999072,0.0002939020050689578,0.00013420901086647063,8.49799980642274e-05,0.0013537089980673045,0.018508116001612507,0.01986182499967981,50.34784064486123,0
22,0.4600898720091209,-0.13659745851625615,-1.6803280315794886,2.1548002401935022,-2.7594925365843714,-1.4283106962787073,-0.1290190855609339,0.1945914477109909,-0.5627070665359497,-0.8004610538482666,-0.8483202457427979,-0.18872936069965363,-0.16772350668907166,0.2237565666437149,-0.906671941280365,-1.420151710510254,-1.434492826461792,0.0297517292201519,-0.08772377669811249,-6.6566296364911315,1.5909047832910599,1.8389526038635617,0.012063438903781365,0.8051455963735181,-0.5211664984353076,-0.133129,-1.6526403,2.1688848,-2.7642112,-1.4496424,-0.13373679,-0.133129,-1.6526403,2.1688848,-2.7642112,-1.4496424,-0.13373679,-0.13659745454788208,-1.6803280115127563,2.1548001766204834,-2.7594926357269287,-1.428310751914978,-0.12901908159255981,0.08671122,0.6921913,0.35211727,-0.11796378,-0.53329146,-0.11794279,-0.16849951,0.0,0.0,0.0,0.0,0.013921575,55.6863,False,0,0.39900150920293764,0.11138049142410529,0.17531097422260422,0.42624227537176607,0.09605705202214038,0.033761268943071056,0.12000678043468171,0.0013712962621118905,0.0016852793926751923,0.9927706965766656,-0.33495253,-0.005640017,0.215,0.7890546935527878,3.539900353644043e-05,0.00010349100921303034,0.00043545899097807705,0.0003933199914172292,0.0001411689881933853,9.066400525625795e-05,0.0014860079973004758,0.018346016004215926,0.019832024001516402,50.42349686161825,0
23,0.48010028499993496,-0.13612252870668584,-1.6764136753477992,2.15676194826235,-2.7602249584593714,-1.4313228766070765,-0.12972861925234014,0.22106780111789703,-0.5387451648712158,-0.7806816101074219,-0.8487420082092285,-0.1538795530796051,-0.16004027426242828,0.22261705994606018,-0.9075107574462891,-1.4156922101974487,-1.432800531387329,0.027839653193950653,-0.08800897002220154,-6.83165404358979,1.7395698567533857,1.8280685897323323,0.0183068923620624,0.8178312918359646,-0.5388640538757399,-0.13270001,-1.6488024,2.170932,-2.764841,-1.4527044,-0.1343561,-0.13270001,-1.6488024,2.170932,-2.764841,-1.4527044,-0.1343561,-0.13612252473831177,-1.676413655281067,2.156761884689331,-2.7602250576019287,-1.4313229322433472,-0.12972861528396606,0.0855629,0.6902826,0.35425565,-0.11539913,-0.5345363,-0.11568689,-0.16614622,0.0,0.0,0.0,0.0,0.013921575,55.6863,False,0,0.39866409455842733,0.11089508588635093,0.1731099835085153,0.4262756461092292,0.09610790510191426,0.03376099809339037,0.11993455231043348,0.0016632778155787563,0.0012996244761013555,0.9927795828520589,-0.33495253,-0.005640017,0.215,0.7890935038237568,3.458299033809453e-05,0.00010314499377273023,0.00048488999891560525,0.0003355819935677573,0.00013478500477503985,9.313599730376154e-05,0.0014642690075561404,0.018407322990242392,0.019871591997798532,50.32309440083032,0
24,0.5000537110026926,-0.1356433073626917,-1.6725102863707484,2.1586888472186487,-2.760890623132223,-1.4343002478228968,-0.13040715852846319,0.2112269401550293,-0.551647424697876,-0.8160338997840881,-0.8819167017936707,-0.1478496491909027,-0.18405531346797943,0.22479288280010223,-0.9115282297134399,-1.409877896308899,-1.4307154417037964,0.026485614478588104,-0.08780516684055328,-6.586049938730285,1.8540436247932588,1.9822277159169004,0.015327848601132982,0.7980697539106996,-0.5354835929263289,-0.13227256,-1.6449705,2.1729343,-2.7654145,-1.45573,-0.13496996,-0.13227256,-1.6449705,2.1729343,-2.7654145,-1.45573,-0.13496996,-0.13564330339431763,-1.6725102663040161,2.15868878364563,-2.7608907222747803,-1.4343003034591675,-0.1304071545600891,0.084268756,0.6884939,0.35613787,-0.1130953,-0.5357419,-0.11407021,-0.16392933,0.0,0.0,0.0,0.0,0.013921575,55.6863,False,0,0.3983125175434574,0.11042099013975266,0.1709175082875546,0.4262462517767846,0.09611507276264805,0.03377949210495705,0.12009641922216152,0.00228814145978154,0.0010339422585931395,0.9927590516010234,-0.33495253,-0.005640017,0.215,0.7890618241700623,4.968300345353782e-05,0.0001498039928264916,0.0007897820032667369,0.0002308169932803139,0.0002206550125265494,0.00011535899830050766,0.0019188380101695657,0.017840290995081887,0.019759129005251452,50.60951825023393,0
25,0.5200886570091825,-0.1351402441607874,-1.6685968838133753,2.160659138356344,-2.761498113671774,-1.4372485319720667,-0.13107663789858037,0.19059380888938904,-0.5458346009254456,-0.7982621192932129,-0.8606041073799133,-0.18380941450595856,-0.1702806055545807,0.22397498786449432,-0.9149174690246582,-1.4057620763778687,-1.4298213720321655,0.024402718991041183,-0.0878966674208641,-6.492002689093448,1.893186857300515,1.7769977799273637,0.03425778434653265,0.7951733765999603,-0.5232815684855434,-0.13183533,-1.641145,2.1749942,-2.7659085,-1.4587291,-0.13555747,-0.13183533,-1.641145,2.1749942,-2.7659085,-1.4587291,-0.13555747,-0.13514024019241333,-1.668596863746643,2.160659074783325,-2.761498212814331,-1.4372485876083374,-0.1310766339302063,0.0826228,0.68629766,0.35837975,-0.110255495,-0.53701466,-0.11202104,-0.1614802,0.0,0.0,0.0,0.0,0.013921575,55.6863,False,0,0.3979286204965474,0.10996679428736789,0.16869580110376903,0.426240050492308,0.09602635675274533,0.033723719361595454,0.12018002591957133,0.0024382765969436465,0.00047003799954403735,0.9927490047984411,-0.33495253,-0.005640017,0.215,0.7890572173681898,6.772299821022898e-05,0.00010495600872673094,0.00047979199734982103,0.0003334950015414506,0.0001376089931000024,0.0001412919955328107,0.001553141002659686,0.018291131011210382,0.019844272013870068,50.39237515495929,0
26,0.5400888510048389,-0.1346648375140589,-1.6647535763182582,2.1626837889300745,-2.762186189691061,-1.4402878920184534,-0.13176232973207647,0.18406954407691956,-0.5519522428512573,-0.8017390370368958,-0.8627412915229797,-0.18800204992294312,-0.17108221352100372,0.22317801415920258,-0.9179151654243469,-1.4027888774871826,-1.4293354749679565,0.02266114391386509,-0.08815118670463562,-6.196031691753386,1.7816305833882256,1.9167899326058253,0.022819493385257905,0.7960010097298246,-0.5287801737636075,-0.13136242,-1.6373861,2.1771367,-2.7664788,-1.4618456,-0.13609943,-0.13136242,-1.6373861,2.1771367,-2.7664788,-1.4618456,-0.13609943,-0.13466483354568481,-1.6647535562515259,2.1626837253570557,-2.762186288833618,-1.4402879476547241,-0.1317623257637024,0.0825601,0.684188,0.36132556,-0.1073094,-0.5389414,-0.10842751,-0.15829328,0.0,0.0,0.0,0.0,0.013921575,55.6863,False,0,0.3975299009013739,0.10948185217900554,0.16649822646558413,0.4262314288936767,0.09606692599474656,0.033762396831262656,0.12006370696001745,0.001956419884443585,0.0011681149686258302,0.9927635771000423,-0.33495253,-0.005640017,0.215,0.7890452436600565,3.375799860805273e-05,0.00010386698704678565,0.00042424999992363155,0.0003659459907794371,0.00013970200961921364,8.70360090630129e-05,0.001427519993740134,0.018435200006933883,0.019862720000674017,50.34557200454249,0
27,0.5600904489983805,-0.13417035738100225,-1.6609140835204066,2.1646698156939905,-2.762838979760641,-1.443251911793844,-0.13237268129457647,0.21419110894203186,-0.5614044666290283,-0.7732130289077759,-0.8880873918533325,-0.17421014606952667,-0.18286007642745972,0.22307811677455902,-0.9203259944915771,-1.398553490638733,-1.4275414943695068,0.0213415939360857,-0.08839070796966553,-6.41303118745404,1.7957766293897517,1.8762991946330883,0.04161536623893555,0.7934780693822242,-0.5259145622757957,-0.1309377,-1.6336285,2.1792011,-2.7670243,-1.4648511,-0.136635,-0.1309377,-1.6336285,2.1792011,-2.7670243,-1.4648511,-0.136635,-0.13417035341262817,-1.6609140634536743,2.1646697521209717,-2.7628390789031982,-1.4432519674301147,-0.1323726773262024,0.080816366,0.68214077,0.36328378,-0.10462992,-0.5399783,-0.10655839,-0.15634905,0.0,0.0,0.0,0.0,0.013921575,55.6863,False,0,0.3971209961708999,0.10902289413583553,0.16431611343901723,0.42625241973396133,0.0960176235648159,0.0337621475539803,0.12003559196495622,0.0026540279770768394,0.0005482992432667595,0.9927658961159913,-0.33495253,-0.005640017,0.215,0.7890591972430878,3.492599353194237e-05,0.00010294700041413307,0.0004282909940229729,0.0004978199867764488,0.00016407699149567634,0.00010848499368876219,0.0016067880060290918,0.018259505988680758,0.01986629399470985,50.33651471513951,0
28,0.5800576190085849,-0.13369638124574834,-1.6570755443968714,2.166687790547506,-2.7634293041624964,-1.446223560963766,-0.13301068941225225,0.19641174376010895,-0.5445228219032288,-0.7770017385482788,-0.9009934663772583,-0.21875424683094025,-0.1978309154510498,0.2237921804189682,-0.923803448677063,-1.3936032056808472,-1.4260808229446411,0.019513197243213654,-0.0884961262345314,-6.358765551912065,1.900577408868022,1.5513481034512937,0.04625968473215403,0.7855811430944202,-0.5331922505885474,-0.13051619,-1.6298767,2.1813092,-2.767504,-1.467876,-0.1371828,-0.13051619,-1.6298767,2.1813092,-2.767504,-1.467876,-0.1371828,-0.13369637727737427,-1.6570755243301392,2.1666877269744873,-2.7634294033050537,-1.4462236166000366,-0.13301068544387817,0.07950463,0.67996997,0.36553723,-0.10186228,-0.5413073,-0.1043031,-0.15392385,0.0,0.0,0.0,0.0,0.013921575,55.6863,False,0,0.39668572800011903,0.1085572649217338,0.16211235970598226,0.42624686900641756,0.09603846442528306,0.03375162082020507,0.12006661047494283,0.003081049940481391,0.0001552522190817647,0.9927610647536739,-0.33495253,-0.005640017,0.215,0.7890589457055743,3.761099651455879e-05,0.00012521300232037902,0.0005078980029793456,0.00039984499744605273,0.00014438200742006302,9.950199455488473e-05,0.0016166569985216483,0.018210382011602633,0.01982703901012428,50.436174533644184,0
29,0.6000496839988045,-0.13323671022524053,-1.6531573734679164,2.1687148253070276,-2.764066835443014,-1.449273411427633,-0.13364059129823858,0.19146284461021423,-0.5358102321624756,-0.8031383156776428,-0.8869416117668152,-0.2089344710111618,-0.17911605536937714,0.22367843985557556,-0.9274415969848633,-1.390228509902954,-1.4256618022918701,0.018129047006368637,-0.08852546662092209,-6.0900222341071135,1.9581568452598705,1.7479771396073411,0.060142289996657855,0.7813943302577033,-0.5211511395248971,-0.13007157,-1.6260498,2.1834493,-2.7680266,-1.4710063,-0.13769367,-0.13007157,-1.6260498,2.1834493,-2.7680266,-1.4710063,-0.13769367,-0.13323670625686646,-1.653157353401184,2.168714761734009,-2.7640669345855713,-1.4492734670639038,-0.1336405873298645,0.07912842,0.6776896,0.36836267,-0.09898979,-0.5433199,-0.101327136,-0.15061113,0.0,0.0,0.0,0.0,0.013921575,55.6863,False,0,0.39624215746069325,0.10806813472498707,0.1598878000349626,0.4262339420043654,0.09605152070656035,0.033781192513339595,0.12034969788681799,0.0030908553034944175,0.0003397427043141561,0.9927267038921265,-0.33495253,-0.005640017,0.215,0.7890413654556855,4.9802998546510935e-05,0.00014082899724598974,0.0007582219986943528,0.0003642410010797903,0.0002048479946097359,0.00014163799642119557,0.0020076210057595745,0.01778318999276962,0.019790810998529196,50.52850032645542,0
30,0.6201081170001999,-0.13278180757631475,-1.6493374309935511,2.17072564760317,-2.7647348843016566,-1.452308479939596,-0.13425094286073858,0.18277502059936523,-0.5694491863250732,-0.7636165618896484,-0.8938753008842468,-0.1844705045223236,-0.17082622647285461,0.22349046170711517,-0.9300822615623474,-1.3860315084457397,-1.4242132902145386,0.016598010435700417,-0.08872447907924652,-6.284191217530885,1.8469737604788687,1.7494322471009602,0.05362577809781266,0.7748390242855492,-0.5184666100351818,-0.12959555,-1.6223276,2.1855998,-2.7685618,-1.4741347,-0.13812207,-0.12959555,-1.6223276,2.1855998,-2.7685618,-1.4741347,-0.13812207,-0.13278180360794067,-1.6493374109268188,2.1707255840301514,-2.764734983444214,-1.4523085355758667,-0.1342509388923645,0.07965644,0.67524666,0.371855,-0.09567319,-0.54565316,-0.096778125,-0.14688897,0.0,0.0,0.0,0.0,0.013921575,55.6863,False,0,0.39579282404648486,0.10758088411402267,0.1577184183421832,0.42625315173115963,0.09614140124893632,0.03376915894870648,0.12022213573319834,0.002243501802252864,0.0010732546281472313,0.9927439044886714,-0.33495253,-0.005640017,0.215,0.7890742493318477,4.90079983137548e-05,0.0001464460074203089,0.0007816059951437637,0.00026967099984176457,0.00028287900204304606,0.00016650398902129382,0.0020508869929471985,0.01782992600055877,0.01988081299350597,50.29975385446501,0
31,0.6401435809966642,-0.13234216371645147,-1.6455027065672816,2.1727522055255335,-2.7652579746642054,-1.455372158681051,-0.1348488966571253,0.2101919800043106,-0.5694389343261719,-0.7579928636550903,-0.8697501420974731,-0.18688879907131195,-0.17426255345344543,0.2234535813331604,-0.9310768842697144,-1.3808021545410156,-1.4220219850540161,0.014286723919212818,-0.08887384086847305,-6.155869709282385,1.9622917877971793,1.8007403475894472,0.06337323332580447,0.7671827144453032,-0.5154205398539469,-0.12925099,-1.6185831,2.1876967,-2.7689693,-1.4772253,-0.13865228,-0.12925099,-1.6185831,2.1876967,-2.7689693,-1.4772253,-0.13865228,-0.1323421597480774,-1.6455026865005493,2.1727521419525146,-2.7652580738067627,-1.4553722143173218,-0.13484889268875122,0.0772792,0.67298985,0.37361416,-0.09278037,-0.5463277,-0.095084846,-0.14544743,0.0,0.0,0.0,0.0,0.013921575,55.6863,False,0,0.3953089096977397,0.1070850458766535,0.15551050865937727,0.4262258105399524,0.09611167631782369,0.03378825921158519,0.12015809435727504,0.0036375799347572314,-0.00010009334875934334,0.992748123973332,-0.33495253,-0.005640017,0.215,0.7890396532553713,4.152899782638997e-05,0.000125639999168925,0.0007229860057123005,0.00029687999631278217,0.00020934799977112561,0.00010778699652291834,0.0019047739915549755,0.01795735199993942,0.019862125991494395,50.34707767075047,0
32,0.6601080109976465,-0.13191062608827764,-1.6417113743224085,2.1748459974872034,-2.7658268413939417,-1.4584539572345179,-0.1353991667376917,0.20568139851093292,-0.5610007643699646,-0.7921963334083557,-0.844710111618042,-0.16213379800319672,-0.19539739191532135,0.22435396909713745,-0.9341435432434082,-1.3764891624450684,-1.4210180044174194,0.012400474399328232,-0.0880337581038475,-6.356262124047017,2.106158768141956,1.6579579375930407,0.07376815384961186,0.7813098972552378,-0.5172516737508402,-0.12879013,-1.6149122,2.1899626,-2.769372,-1.4804151,-0.13896596,-0.12879013,-1.6149122,2.1899626,-2.769372,-1.4804151,-0.13896596,-0.13191062211990356,-1.6417113542556763,2.1748459339141846,-2.765826940536499,-1.4584540128707886,-0.13539916276931763,0.07801228,0.6699791,0.3779178,-0.08862773,-0.54902595,-0.089170225,-0.14120868,0.0,0.0,0.0,0.0,0.013921575,55.6863,False,0,0.3948019080864422,0.10658428235928881,0.15330682796370676,0.42623745402527896,0.09605774395274568,0.03373768359184089,0.11976465842476702,0.0018345611039794897,0.0010342772554016444,0.9928000897484128,-0.33495253,-0.005640017,0.215,0.7890555493264705,4.0569997509010136e-05,0.0001519459910923615,0.0006596279999939725,0.0003763129934668541,0.00027179799508303404,0.00010903799557127059,0.0019879140018019825,0.017807210999308154,0.019795125001110137,50.51748852022499,0
33,0.6800525260041468,-0.13145238557924444,-1.637942453423971,2.1769049803363245,-2.7664524517455042,-1.4615286032306116,-0.13597375551332647,0.21579763293266296,-0.547375500202179,-0.7450129985809326,-0.8607884645462036,-0.1526726484298706,-0.18294072151184082,0.2225331813097,-0.9365627765655518,-1.3727624416351318,-1.419595718383789,0.009952208958566189,-0.08825485408306122,-6.143892646694516,2.065808145598631,1.489881860879668,0.07961183744477468,0.7786457696883243,-0.5188234450454113,-0.12831663,-1.6112443,2.1921566,-2.769867,-1.4835844,-0.13937116,-0.12831663,-1.6112443,2.1921566,-2.769867,-1.4835844,-0.13937116,-0.13145238161087036,-1.6379424333572388,2.1769049167633057,-2.7664525508880615,-1.4615286588668823,-0.1359737515449524,0.07839383,0.6674521,0.3812898,-0.08536023,-0.55139375,-0.084935084,-0.13756733,0.0,0.0,0.0,0.0,0.013921575,55.6863,False,0,0.3942946803437537,0.1060947984424032,0.15114268471816225,0.426219956511569,0.09599082394559688,0.03370933958075649,0.11996801398981799,0.0015047448901406996,0.0016059837295688863,0.9927753188370099,-0.33495253,-0.005640017,0.215,0.7890365592410192,4.094099858775735e-05,0.00012566399527713656,0.0006692149909213185,0.0003057510039070621,0.0001634740037843585,0.00012988399248570204,0.0017908759909914806,0.017985808008234017,0.019776683999225497,50.564594147287906,0
34,0.70009019500867,-0.13100892702211553,-1.6341668568053187,2.1789796988116663,-2.766935487786764,-1.46454364458193,-0.1364682356463831,0.21092835068702698,-0.5665227770805359,-0.7243574857711792,-0.8745521903038025,-0.1371886283159256,-0.1933734118938446,0.2234218865633011,-0.9393765330314636,-1.3666388988494873,-1.4168301820755005,0.007807205431163311,-0.08798251301050186,-6.066425179228894,1.7179174339320957,1.7332273446036912,0.07091732345241764,0.7643930789717158,-0.505668024635751,-0.1278814,-1.6075778,2.1943636,-2.7702107,-1.4866856,-0.13970241,-0.1278814,-1.6075778,2.1943636,-2.7702107,-1.4866856,-0.13970241,-0.13100892305374146,-1.6341668367385864,2.1789796352386475,-2.7669355869293213,-1.4645437002182007,-0.13646823167800903,0.07818838,0.66472733,0.3846012,-0.081881166,-0.55354965,-0.080854386,-0.13417627,0.0,0.0,0.0,0.0,0.013921575,55.6863,False,0,0.3937537912602006,0.10561769275342811,0.14894619747292603,0.42624448791331193,0.09604959022573313,0.033754455150218216,0.11993197256858662,0.0013350752079470448,0.0016513753353385799,0.9927798492558899,-0.33495253,-0.005640017,0.215,0.7890574313924844,4.056400211993605e-05,0.00012661999789997935,0.0007862759957788512,0.0003085690113948658,0.00016335600230377167,0.0002242560003651306,0.0019913889991585165,0.017881301013403572,0.01987269001256209,50.320313926693956,0
35,0.720079717997578,-0.13056642213930303,-1.6303912601866664,2.1810782591449183,-2.767433305779928,-1.4676149527179163,-0.13696271577943975,0.22065405547618866,-0.5297131538391113,-0.7226528525352478,-0.8765734434127808,-0.16725367307662964,-0.21812202036380768,0.22456194460391998,-0.9427115321159363,-1.3623243570327759,-1.4159270524978638,0.006171754095703363,-0.08801153302192688,-6.082539241633594,2.1188109768437333,1.633212752224044,0.08515100206598977,0.7567809563104598,-0.505586881358248,-0.12747139,-1.603907,2.1965742,-2.7705796,-1.4898267,-0.14006904,-0.12747139,-1.603907,2.1965742,-2.7705796,-1.4898267,-0.14006904,-0.13056641817092896,-1.630391240119934,2.1810781955718994,-2.7674334049224854,-1.467615008354187,-0.13696271181106567,0.077375904,0.6621052,0.38740188,-0.078657016,-0.5552932,-0.07765815,-0.13131146,0.0,0.0,0.0,0.0,0.013921575,55.6863,False,0,0.39319481062910233,0.10512859073051908,0.1467478418609554,0.4262266901718806,0.09605841239566575,0.03376229530454438,0.12011386513513767,0.0018438891036781316,0.0012696183867908217,0.9927575936755355,-0.33495253,-0.005640017,0.215,0.7890395982307155,0.00012284998956602067,0.0001293780078412965,0.0006606280076084659,0.0003952690021833405,0.00018600000475998968,0.00011070999607909471,0.0019496750028338283,0.017875393998110667,0.019825069000944495,50.44118635614124,0
36,0.7401348980056355,-0.1301501433001917,-1.6266609630980433,2.18317681947817,-2.767876764337057,-1.4706929365741175,-0.13748580614198858,0.22141337394714355,-0.5205353498458862,-0.7283720970153809,-0.8528273701667786,-0.16441041231155396,-0.17409494519233704,0.2248520851135254,-0.9449241757392883,-1.3576796054840088,-1.4139822721481323,0.004720618482679129,-0.08802187442779541,-6.0972031415029635,1.9721308587447932,1.609185187037864,0.0889637358578543,0.7651280861703587,-0.5032178967397194,-0.12710184,-1.6003084,2.1988084,-2.7708576,-1.4929756,-0.14041702,-0.12710184,-1.6003084,2.1988084,-2.7708576,-1.4929756,-0.14041702,-0.13015013933181763,-1.626660943031311,2.1831767559051514,-2.7678768634796143,-1.4706929922103882,-0.1374858021736145,0.07620735,0.6588134,0.39079326,-0.07451618,-0.5570638,-0.073280685,-0.12832317,0.0,0.0,0.0,0.0,0.013921575,55.6863,False,0,0.3926178560379919,0.1046296750033194,0.14456064530015697,0.42624686975122766,0.09617198304294909,0.03387578962492234,0.11970282976338209,0.0017296733932491764,0.0005725795604321349,0.9928081182989392,-0.33495253,-0.005640017,0.215,0.7890476508598537,4.061299841850996e-05,0.00012479200086090714,0.0006440349970944226,0.0003404560120543465,0.00017280099564231932,0.0001179590035462752,0.0017763770010787994,0.018110923003405333,0.019887300004484132,50.28334664708245,0
37,0.760161832004087,-0.12969524065126592,-1.6229402027525843,2.1853440443622034,-2.7684246502318324,-1.4738128821002405,-0.13796788850893194,0.20795920491218567,-0.5829655528068542,-0.7298949360847473,-0.867620050907135,-0.16423875093460083,-0.17648372054100037,0.22422870993614197,-0.946743369102478,-1.353089690208435,-1.4120674133300781,0.0026880400255322456,-0.08819153159856796,-5.815248963989076,1.9235906041993276,1.3725633707160925,0.10139939409578053,0.7624248777756123,-0.5047604215224308,-0.12663457,-1.5966815,2.2010956,-2.7712882,-1.4961808,-0.14075276,-0.12663457,-1.5966815,2.2010956,-2.7712882,-1.4961808,-0.14075276,-0.12969523668289185,-1.622940182685852,2.1853439807891846,-2.7684247493743896,-1.4738129377365112,-0.13796788454055786,0.07651667,0.65646845,0.39378747,-0.07158472,-0.55919594,-0.06962212,-0.12509203,0.0,0.0,0.0,0.0,0.013921575,55.6863,False,0,0.39202006972675785,0.10413748006192525,0.14237715581374247,0.4262314288936767,0.09606692599474656,0.033762396831262656,0.12006370696001745,0.001956419884443585,0.0011681149686258302,0.9927635771000423,-0.33495253,-0.005640017,0.215,0.7890452436600565,4.1032995795831084e-05,0.00012767300358973444,0.0006506789941340685,0.0005084809963591397,0.00022463199275080115,0.00010575199848972261,0.00199995499860961,0.017867315997136757,0.019867270995746367,50.33403934612371,0
38,0.7800413930090144,-0.1292489210711878,-1.619146009484762,2.187526528035299,-2.7688642940916957,-1.476936165486471,-0.13841420808901006,0.224959596991539,-0.6171834468841553,-0.7240041494369507,-0.8640955090522766,-0.17458821833133698,-0.188923180103302,0.22312933206558228,-0.9493555426597595,-1.3483827114105225,-1.4100233316421509,0.0002861648390535265,-0.08839895576238632,-5.919901915340274,2.312030980922811,1.44397447073675,0.10586840665326347,0.7490847475779546,-0.5042088398583123,-0.12625983,-1.5929992,2.2033777,-2.7715888,-1.499351,-0.14108373,-0.12625983,-1.5929992,2.2033777,-2.7715888,-1.499351,-0.14108373,-0.12924891710281372,-1.6191459894180298,2.1875264644622803,-2.768864393234253,-1.4769362211227417,-0.138414204120636,0.074727274,0.6536686,0.39628014,-0.06811268,-0.56037134,-0.06673829,-0.12303571,0.0,0.0,0.0,0.0,0.013921575,55.6863,False,0,0.39138992467023714,0.1036447734792325,0.14014364377130745,0.42624905804649016,0.09605778280943456,0.03376302981706338,0.11997239314671398,0.00298706071344832,0.00025059549414658405,0.9927727029674371,-0.33495253,-0.005640017,0.215,0.7890609264826154,3.7470992538146675e-05,0.00011471999459899962,0.0004707019979832694,0.00038581200351472944,0.00014879599621053785,0.00010345700138714164,0.0015636749885743484,0.018162614011089318,0.019726288999663666,50.6937721543596,0
39,0.8000918420002563,-0.12883311906923467,-1.6154128513731898,2.1897295157061976,-2.7692443333067835,-1.4800275007831019,-0.1388176123248499,0.22442740201950073,-0.6033685207366943,-0.7707011103630066,-0.8551640510559082,-0.1642526388168335,-0.1882104128599167,0.22407691180706024,-0.9514360427856445,-1.34317946434021,-1.4085204601287842,-0.001693050959147513,-0.0886746197938919,-5.932537336601505,2.231964669973371,1.0286937322962855,0.11040824957179576,0.7486232903866464,-0.5030505316067869,-0.12581484,-1.5893884,2.20574,-2.7718146,-1.50255,-0.14127597,-0.12581484,-1.5893884,2.20574,-2.7718146,-1.50255,-0.14127597,-0.1288331151008606,-1.6154128313064575,2.1897294521331787,-2.769244432449341,-1.4800275564193726,-0.13881760835647583,0.07545686,0.65061086,0.40026245,-0.064256124,-0.563061,-0.061459113,-0.119028725,0.0,0.0,0.0,0.0,0.013921575,55.6863,False,0,0.39073676258765655,0.10315044668812211,0.13791961380498347,0.42621320529276846,0.09611226153622002,0.03378429207308279,0.11993753839885118,0.00234603795246195,0.0009375633057060358,0.9927782413956387,-0.33495253,-0.005640017,0.215,0.7890284797015141,4.053300654049963e-05,0.00012930799857713282,0.0005506489978870377,0.0004586079885484651,0.0001858260075096041,0.0001185669971164316,0.0018248069973196834,0.018059360998449847,0.01988416799576953,50.29126691208582,0
40,0.8200462030072231,-0.12838298479189092,-1.6117907963194789,2.1919310728656214,-2.769713064233297,-1.4831693808185022,-0.1392281691180628,0.19293341040611267,-0.5777314901351929,-0.7229035496711731,-0.8440538048744202,-0.1837191879749298,-0.18569663166999817,0.2232712358236313,-0.9516794681549072,-1.3375070095062256,-1.4058552980422974,-0.004138409160077572,-0.08893082290887833,-5.516224709576328,2.2758728960863523,1.3174769194536913,0.11804337350271926,0.7312136846549591,-0.4999077048151925,-0.1253761,-1.585904,2.2080934,-2.7721152,-1.5057833,-0.14148493,-0.1253761,-1.585904,2.2080934,-2.7721152,-1.5057833,-0.14148493,-0.12838298082351685,-1.6117907762527466,2.1919310092926025,-2.7697131633758545,-1.483169436454773,-0.13922816514968872,0.07517176,0.6471696,0.40405858,-0.06004921,-0.5653477,-0.056419313,-0.115489006,0.0,0.0,0.0,0.0,0.013921575,55.6863,False,0,0.39008004224953086,0.10265680644617584,0.13576156053995783,0.4261877183200787,0.09619041561739276,0.0339008225026904,0.11982722383863947,0.002135436310383664,0.00062789790523703,0.9927922604029836,-0.33495253,-0.005640017,0.215,0.7889872197434596,4.481300129555166e-05,0.00012699500075541437,0.000519279987202026,0.00037427799543365836,0.00017538100655656308,0.0001521259982837364,0.0017281300097238272,0.018080984998960048,0.019809115008683875,50.48181100274405,0
41,0.8401299780089175,-0.1279528776751917,-1.608138223687643,2.194110695515768,-2.770170351068014,-1.4862964789019983,-0.13958818117250615,0.18283817172050476,-0.5358728766441345,-0.7229845523834229,-0.8145480751991272,-0.17700962722301483,-0.17638736963272095,0.22406809031963348,-0.9529774785041809,-1.3310613632202148,-1.4024468660354614,-0.0061603812500834465,-0.08879091590642929,-5.786282920906938,2.08054853646419,1.8158606738499043,0.10918916670136275,0.7415996139823975,-0.4897567095931922,-0.12492862,-1.5823531,2.2103987,-2.7724485,-1.5089976,-0.14168465,-0.12492862,-1.5823531,2.2103987,-2.7724485,-1.5089976,-0.14168465,-0.12795287370681763,-1.6081382036209106,2.194110631942749,-2.7701704502105713,-1.486296534538269,-0.13958817720413208,0.075606205,0.6446282,0.40720052,-0.056949724,-0.5675267,-0.05241198,-0.11221992,0.0,0.0,0.0,0.0,0.013921575,55.6863,False,0,0.38941604124440976,0.10215937950507584,0.13360475877239703,0.4262546407803151,0.09612878617905325,0.03377466761444415,0.12012200207812535,0.0023825101118046103,0.0009984443289045956,0.9927557811302825,-0.33495253,-0.005640017,0.215,0.7890727935089339,3.7788006011396646e-05,0.00012746499851346016,0.0005375100008677691,0.00038362000486813486,0.00017284200293943286,9.896900155581534e-05,0.0016655560029903427,0.018261921009980142,0.019927477012970485,50.181967308210446,0
42,0.8601287210040027,-0.12753659883608037,-1.6044470272459925,2.1964319388019007,-2.7705289326109828,-1.4894598166095179,-0.1399782339679163,0.219321608543396,-0.539375364780426,-0.7200857400894165,-0.8254168033599854,-0.18195590376853943,-0.18088237941265106,0.22471356391906738,-0.9571515321731567,-1.326538324356079,-1.4013805389404297,-0.008253936655819416,-0.08868627995252609,-5.4239049432961615,2.227865441673592,1.4796878698203797,0.1294587763007166,0.7294836097656774,-0.49299749953460004,-0.124569595,-1.5788254,2.212874,-2.7726095,-1.512236,-0.14186537,-0.124569595,-1.5788254,2.212874,-2.7726095,-1.512236,-0.14186537,-0.1275365948677063,-1.6044470071792603,2.196431875228882,-2.77052903175354,-1.4894598722457886,-0.13997822999954224,0.074174955,0.6405407,0.41105434,-0.052010965,-0.56940347,-0.047178563,-0.10915563,0.0,0.0,0.0,0.0,0.013921575,55.6863,False,0,0.3886874502871696,0.10165571838039797,0.13136527377838236,0.42620757692122874,0.09613348767098326,0.03385760152924803,0.119729458078222,0.002249262653194916,-1.7212362522205787e-05,0.9928039713931729,-0.33495253,-0.005640017,0.215,0.789008953912474,3.661699884105474e-05,0.00011197899584658444,0.0004736039991257712,0.0004132129979552701,0.0001660330017330125,0.0001795980060705915,0.0016868380043888465,0.018167419999372214,0.01985425800376106,50.36702957172041,0
43,0.8800496790063335,-0.1271293799029749,-1.6007667980589808,2.1986992994891565,-2.7707611523070277,-1.4925859610186976,-0.14027053514589483,0.22123625874519348,-0.5876547694206238,-0.7337951064109802,-0.8500317931175232,-0.20069794356822968,-0.18507467210292816,0.2250797599554062,-0.9598360657691956,-1.3226039409637451,-1.400709629058838,-0.010212802328169346,-0.08874716609716415,-5.7850019842694005,2.3027948613558524,1.0441375139932032,0.12975904254787288,0.7216999381499282,-0.49050723019420583,-0.12416237,-1.57525,2.2152631,-2.7727127,-1.5154415,-0.14200674,-0.12416237,-1.57525,2.2152631,-2.7727127,-1.5154415,-0.14200674,-0.12712937593460083,-1.6007667779922485,2.1986992359161377,-2.770761251449585,-1.4925860166549683,-0.14027053117752075,0.074175104,0.63791776,0.41409898,-0.048785724,-0.57138705,-0.043405354,-0.106191315,0.0,0.0,0.0,0.0,0.013921575,55.6863,False,0,0.3879424875663863,0.10115889619802593,0.129132280314387,0.4262521210849431,0.09603670440899496,0.03376273117853794,0.11999853665995097,0.0030240392784824438,0.000218718252185314,0.992769444730176,-0.33495253,-0.005640017,0.215,0.789061233574212,3.6672005080617964e-05,0.00011114400695078075,0.00048107298789545894,0.0003776780067710206,0.00014916699728928506,0.00010242700227536261,0.0015550030075246468,0.018222521001007408,0.019777524008532055,50.56244652104068,0
44,0.9000412460009102,-0.12671071687807256,-1.5972138843932093,2.2009270826922815,-2.771123548547262,-1.4957564512835901,-0.1405852476703089,0.22490064799785614,-0.5882951617240906,-0.7095609903335571,-0.8475112915039062,-0.2095901370048523,-0.1870989203453064,0.22387917339801788,-0.9605342149734497,-1.315645694732666,-1.396932601928711,-0.013153132982552052,-0.0888979583978653,-5.6207314903720045,2.2828059687757833,1.350004724168136,0.1371864136698606,0.7176879941777943,-0.48877504472161726,-0.12369383,-1.5718262,2.217657,-2.7729173,-1.5187258,-0.14208761,-0.12369383,-1.5718262,2.217657,-2.7729173,-1.5187258,-0.14208761,-0.1267107129096985,-1.597213864326477,2.2009270191192627,-2.7711236476898193,-1.4957565069198608,-0.14058524370193481,0.07542208,0.6346896,0.41825417,-0.044841163,-0.5742304,-0.03755908,-0.10210244,0.0,0.0,0.0,0.0,0.013921575,55.6863,False,0,0.38721425279107424,0.10065294306579722,0.12699458003297123,0.4262362191998531,0.09610122947099478,0.033762891449554154,0.11995754832352867,0.002208541619714186,0.0009408354801824954,0.9927761157680204,-0.33495253,-0.005640017,0.215,0.789054173594865,0.00016460100596304983,0.00011893999180756509,0.0006055929989088327,0.0007350800005951896,0.0001556269999127835,9.982299525290728e-05,0.0022005729988450184,0.017637978002312593,0.01983855100115761,50.40690723539478,0
45,0.9200632919964846,-0.1263068358050745,-1.5936175785460414,2.203210179005758,-2.771501203576559,-1.4990456740008753,-0.14084083238710576,0.22354507446289062,-0.5816487669944763,-0.6979026198387146,-0.8245640397071838,-0.17874029278755188,-0.18905019760131836,0.22363384068012238,-0.9608129858970642,-1.3096463680267334,-1.3932688236236572,-0.01546243391931057,-0.08970337361097336,-5.502383505949126,2.3261911174700525,1.3492202476196076,0.1387961816415175,0.70656508034435,-0.4840242479813923,-0.123263255,-1.5683616,2.2200966,-2.7731354,-1.5221165,-0.1421252,-0.123263255,-1.5683616,2.2200966,-2.7731354,-1.5221165,-0.1421252,-0.12630683183670044,-1.593617558479309,2.2032101154327393,-2.771501302719116,-1.499045729637146,-0.1408408284187317,0.076089494,0.63139933,0.4221608,-0.040852312,-0.5767711,-0.032109298,-0.09841502,0.0,0.0,0.0,0.0,0.013921575,55.6863,False,0,0.3864583054568052,0.10011596390952857,0.12482831556548503,0.42624824014830714,0.09609252306416859,0.033757277136971214,0.12000453895044527,0.0019378511413947405,0.0012300112563964453,0.9927706654446984,-0.33495253,-0.005640017,0.215,0.7890659370312784,3.821800055447966e-05,0.00013361799938138574,0.0006647170084761456,0.0003240910009481013,0.00018423600704409182,0.000171489009517245,0.00186664100328926,0.01799901398771908,0.01986565499100834,50.338133852250195,0
46,0.9400989090063376,-0.12589532533754522,-1.589989801446432,2.2055380980121058,-2.771769186059469,-1.5021985212909144,-0.14110023180116826,0.23147183656692505,-0.5867036581039429,-0.7030947804450989,-0.8423967957496643,-0.18088167905807495,-0.19880083203315735,0.22481229901313782,-0.9643527269363403,-1.3056230545043945,-1.3923547267913818,-0.01746653951704502,-0.08962910622358322,-5.656713379472854,2.162906926041305,1.3871294277673907,0.1410938026916173,0.7044133430752448,-0.4800258079929791,-0.122918844,-1.5648626,2.222534,-2.7732513,-1.5253197,-0.1422557,-0.122918844,-1.5648626,2.222534,-2.7732513,-1.5253197,-0.1422557,-0.12589532136917114,-1.5899897813796997,2.205538034439087,-2.7717692852020264,-1.502198576927185,-0.1411002278327942,0.07441187,0.6281791,0.42489764,-0.03705276,-0.57802707,-0.02888647,-0.09623189,0.0,0.0,0.0,0.0,0.013921575,55.6863,False,0,0.38566160279305817,0.09961879578865825,0.12262069813915251,0.42625552571417663,0.09605760281894629,0.033781726287207825,0.12018582281626333,0.0035122882298255142,5.9459566487393006e-05,0.9927451954112432,-0.33495253,-0.005640017,0.215,0.7890628485097263,3.6232013371773064e-05,0.00012163100473117083,0.0005150530050741509,0.00043087599624413997,0.00017924299754668027,9.313999908044934e-05,0.0016806019993964583,0.018195372002082877,0.019875974001479335,50.311999800642305,0
47,0.9600301140017109,-0.12545282045473272,-1.5863753757872523,2.2078822294818323,-2.7720161877074183,-1.5054000059710901,-0.14132720628847295,0.23686137795448303,-0.6282736659049988,-0.7227564454078674,-0.8184919953346252,-0.19085291028022766,-0.18959803879261017,0.2247001677751541,-0.9664920568466187,-1.3007255792617798,-1.3909764289855957,-0.020693445578217506,-0.0894697979092598,-5.5177024186487245,2.250002331709503,1.4899551759053338,0.14508832793495363,0.7052132215151914,-0.4779800967211622,-0.12246488,-1.561395,2.2250412,-2.773322,-1.5286188,-0.14225349,-0.12246488,-1.561395,2.2250412,-2.773322,-1.5286188,-0.14225349,-0.12545281648635864,-1.58637535572052,2.2078821659088135,-2.7720162868499756,-1.5054000616073608,-0.14132720232009888,0.07469842,0.6245076,0.42897186,-0.032647,-0.5804688,-0.0231572,-0.09266979,0.0,0.0,0.0,0.0,0.013921575,55.6863,False,0,0.3848398107734166,0.09912399048933566,0.12041477348108943,0.4262486773779459,0.09605099256143654,0.033767278342079717,0.11998089458428646,0.003117323951320774,0.00026792439990523664,0.9927712924305553,-0.33495253,-0.005640017,0.215,0.789058708302942,5.259900353848934e-05,0.00014422099047806114,0.0007102819945430383,0.00034510900150053203,0.00021440199634525925,0.00010175300121773034,0.0019387350039323792,0.01778401499905158,0.019722750002983958,50.70286850711512,0
48,0.9801043150073383,-0.12504130998720342,-1.5828544102110804,2.2102683226214808,-2.7722345791258753,-1.5086749235736292,-0.14154273668398076,0.20422092080116272,-0.5994688272476196,-0.750151515007019,-0.8507314920425415,-0.19944100081920624,-0.17456574738025665,0.22329609096050262,-0.966801643371582,-1.2952345609664917,-1.3882570266723633,-0.023167921230196953,-0.07611638307571411,-5.24629048801481,2.5406292834529256,0.9503411315386021,0.16677115435393958,0.6850619471144352,-0.4803521981085593,-0.122026786,-1.5580201,2.2275918,-2.773369,-1.5319986,-0.14223772,-0.122026786,-1.5580201,2.2275918,-2.773369,-1.5319986,-0.14223772,-0.12504130601882935,-1.5828543901443481,2.210268259048462,-2.7722346782684326,-1.5086749792099,-0.1415427327156067,0.07536307,0.6208576,0.43308812,-0.02836072,-0.5830899,-0.017374652,-0.08884227,0.0,0.0,0.0,0.0,0.013921575,55.6863,False,0,0.3839929078944686,0.09860250234756888,0.11822896427024136,0.4262354103096742,0.09602011985153147,0.03375999350908396,0.12005518593775139,0.002843468854413084,0.00040954112853138283,0.9927630826004479,-0.33495253,-0.005640017,0.215,0.789043604663431,3.918299626093358e-05,0.00011772300058510154,0.0006240350048756227,0.0003003129968419671,0.00015875599638093263,0.0001013449946185574,0.0016684970032656565,0.018256722003570758,0.019925219006836414,50.18765413102342,0
49,1.0000425710022682,-0.12459785143007451,-1.5793591938414515,2.2126200834857386,-2.7724820576109828,-1.5118849913226526,-0.1417015234576624,0.22680115699768066,-0.5907662510871887,-0.6572971343994141,-0.8278024792671204,-0.19485384225845337,-0.1823786497116089,0.2241622805595398,-0.9673771858215332,-1.2885416746139526,-1.3846088647842407,-0.025182384997606277,-0.05887423828244209,-5.149121034838348,2.1764542809034833,1.1820634196909858,0.16495828477894053,0.6894993241422278,-0.4749564267275932,-0.12152179,-1.5546687,2.230121,-2.7734456,-1.5353289,-0.14213656,-0.12152179,-1.5546687,2.230121,-2.7734456,-1.5353289,-0.14213656,-0.12459785491228104,-1.5793591737747192,2.2126200199127197,-2.77248215675354,-1.5118850469589233,-0.14170151948928833,0.076901495,0.6172636,0.43752474,-0.024088584,-0.58609587,-0.010875919,-0.08467445,0.0,0.0,0.0,0.0,0.013921575,55.6863,False,0,0.3831455092791537,0.0981076196827683,0.11608000244964277,0.4262343635837162,0.09610237566067624,0.03375805859848202,0.11997947913260004,0.0021012371938715513,0.0009912916185812123,0.9927736738173547,-0.33495253,-0.005640017,0.215,0.7890536413709788,5.604099715128541e-05,0.00016970299475360662,0.0008145699976012111,0.00035601000126916915,0.00023605099704582244,0.00012121599866077304,0.0021554059931077063,0.01757261400052812,0.019728019993635826,50.68932413504222,0
50,1.0200286570034223,-0.1242149511920374,-1.5758348904051722,2.2149279753314417,-2.7726971111693324,-1.5151742140399378,-0.14183313051332647,0.22306354343891144,-0.5874013900756836,-0.6795176267623901,-0.7911224961280823,-0.18345224857330322,-0.16968801617622375,0.22479134798049927,-0.96944659948349,-1.2823119163513184,-1.373300552368164,-0.027997706085443497,-0.039215561002492905,-5.416120626081301,2.3731375096438136,1.3696947738799943,0.17175005944520808,0.6979386765682196,-0.47628279109916294,-0.121105954,-1.5512997,2.2325945,-2.7734885,-1.5387255,-0.14203665,-0.121105954,-1.5512997,2.2325945,-2.7734885,-1.5387255,-0.14203665,-0.12421495467424393,-1.57583487033844,2.214927911758423,-2.7726972103118896,-1.5151742696762085,-0.1418331265449524,0.07772503,0.6133781,0.44166392,-0.019779872,-0.5887793,-0.005088005,-0.0805502,0.0,0.0,0.0,0.0,0.013921575,55.6863,False,0,0.3822952522352111,0.09757097949450748,0.11393715138328066,0.4262174728019275,0.09608543139462498,0.03369316800286135,0.12048889576402877,0.0019385695068497195,0.0005330302607174063,0.9927126309123562,-0.33495253,-0.005640017,0.215,0.7890500703729987,5.294498987495899e-05,0.00015705799160059541,0.0006956440047360957,0.00029408500995486975,0.00018058100249618292,0.00010122799722012132,0.0018838020041584969,0.017890778995933942,0.01977458100009244,50.56997162141263,0
51,1.0401348919986049,-0.12377673784364873,-1.572350641290182,2.2173636595355433,-2.7728597126402796,-1.5184128920184534,-0.14194089571108037,0.2463008165359497,-0.582515299320221,-0.7053285837173462,-0.8245356678962708,-0.18333034217357635,-0.1547868400812149,0.226453959941864,-0.9720199704170227,-1.2769649028778076,-1.3544939756393433,-0.02996298111975193,-0.016963718459010124,-5.178408737662425,2.37099733677326,1.4701753137924556,0.17307397089211415,0.6765355053863692,-0.4714347927788376,-0.12060638,-1.5479653,2.2352042,-2.7734833,-1.5420847,-0.14189959,-0.12060638,-1.5479653,2.2352042,-2.7734833,-1.5420847,-0.14189959,-0.12377674132585526,-1.5723506212234497,2.2173635959625244,-2.772859811782837,-1.5184129476547241,-0.1419408917427063,0.07925901,0.60963273,0.44601455,-0.015588115,-0.591793,0.0010326965,-0.07609767,0.0,0.0,0.0,0.0,0.013921575,55.6863,False,0,0.3813849538856266,0.09707358046741575,0.11176036503800436,0.4262178783166943,0.09614563877059781,0.03364058267172194,0.12096063333269341,0.0015325539725698613,0.0005011925769697889,0.9926559720972757,-0.33495253,-0.005640017,0.215,0.7890703103538309,3.684900002554059e-05,0.00011401699157431722,0.0004930190043523908,0.00034992799919564277,0.00017553400539327413,9.957599104382098e-05,0.001573172994540073,0.01838492800015956,0.019958100994699635,50.10496741476429,0
52,1.0600303259998327,-0.12333375612367803,-1.5688428397155185,2.219854180012838,-2.7729555569090785,-1.521719757710592,-0.14199382463564092,0.22422629594802856,-0.5837482213973999,-0.6881189346313477,-0.8247423768043518,-0.18099342286586761,-0.16651742160320282,0.2254999279975891,-0.9735806584358215,-1.2726629972457886,-1.3379199504852295,-0.03309320658445358,0.007345978636294603,-4.847574621097268,2.557885367026819,0.9786151550112818,0.1870281033760329,0.6577389535583743,-0.47139918329706915,-0.120101675,-1.5446485,2.2378993,-2.773372,-1.5455275,-0.14165434,-0.120101675,-1.5446485,2.2378993,-2.773372,-1.5455275,-0.14165434,-0.12333375960588455,-1.568842887878418,2.2198541164398193,-2.7729556560516357,-1.5217198133468628,-0.14199382066726685,0.080802076,0.6048604,0.45112985,-0.010408591,-0.59519106,0.008486777,-0.0710175,0.0,0.0,0.0,0.0,0.013921575,55.6863,False,0,0.38043204019792076,0.09656609945518292,0.109549714722633,0.4261552423916468,0.09620442300765844,0.03363546609041731,0.12141915255676139,0.00047884317209386656,-2.697994222652239e-05,0.9926012181159742,-0.33495253,-0.005640017,0.215,0.789018650936648,4.0750004700385034e-05,0.0001144660054706037,0.0005009209999116138,0.00037490199611056596,0.00018455300596542656,9.959899762179703e-05,0.001683783993939869,0.01806264500191901,0.019746428995858878,50.64206800174933,0
53,1.0800982490036404,-0.12292558351625615,-1.5654666794328769,2.2223194281207483,-2.773037096063131,-1.5249808470355433,-0.14204532304872686,0.20665547251701355,-0.5460729002952576,-0.7245995402336121,-0.799120306968689,-0.18853262066841125,-0.14718888700008392,0.2265060991048813,-0.9743972420692444,-1.2659436464309692,-1.3196570873260498,-0.035395994782447815,0.03146154060959816,-5.094890482228752,2.6476450841056787,1.2708074552478745,0.1854727119150985,0.6636706774853001,-0.4653306542694242,-0.11966504,-1.5413808,2.2404926,-2.773318,-1.5488691,-0.14153633,-0.11966504,-1.5413808,2.2404926,-2.773318,-1.5488691,-0.14153633,-0.12292558699846268,-1.5654666423797607,2.2223193645477295,-2.7730371952056885,-1.524980902671814,-0.14204531908035278,0.08151373,0.6021474,0.45432818,-0.007020894,-0.597206,0.012724808,-0.06809123,0.0,0.0,0.0,0.0,0.013921575,55.6863,False,0,0.37948031877146177,0.09605571331487855,0.10740299946030006,0.4259957177110783,0.09614458258541039,0.03357857851705454,0.12203332635292602,0.0017161209888712074,0.00016386445752520143,0.9925245203784989,-0.33495253,-0.005640017,0.215,0.7888701279613788,3.757000376936048e-05,0.0001137890067184344,0.0006053139950381592,0.00035390300035942346,0.0001761919993441552,9.901598969008774e-05,0.0016880920011317357,0.018232749003800564,0.0199208410049323,50.198683868437335,0
54,1.100110946004861,-0.12243682542909795,-1.5620225670612236,2.2248151938067835,-2.7731944523253382,-1.5283187071429651,-0.14203435579408819,0.2378053069114685,-0.5930814743041992,-0.7122334837913513,-0.8106628656387329,-0.19583608210086823,-0.12834474444389343,0.22729091346263885,-0.9745681881904602,-1.2576414346694946,-1.2971309423446655,-0.038300707936286926,0.05760016292333603,-4.893171036861683,2.562043569495713,1.3115319371131833,0.1942766418990848,0.6630568237094715,-0.462303009020391,-0.119345665,-1.5380602,2.2430642,-2.773307,-1.5521935,-0.14144823,-0.119345665,-1.5380602,2.2430642,-2.773307,-1.5521935,-0.14144823,-0.12243682891130447,-1.5620225667953491,2.2248151302337646,-2.7731945514678955,-1.5283187627792358,-0.1420343518257141,0.07727905,0.59905994,0.4562246,-0.002814993,-0.5968703,0.014653204,-0.06844046,0.0,0.0,0.0,0.0,0.013921575,55.6863,False,0,0.37850580015225427,0.0955585435070411,0.10524345946452578,0.4261459853557586,0.09597468423401795,0.03381376562806469,0.1209811299086434,0.0046910944020352955,-0.0007808689331782748,0.992643443931092,-0.33495253,-0.005640017,0.215,0.7889391328349893,5.325399979483336e-05,0.00016684900037944317,0.0007629040046595037,0.00026751100085675716,0.0002465699944877997,0.00012297500506974757,0.002024928995524533,0.017774695006664842,0.019799624002189375,50.50600960348658,0
55,1.1200315699970815,-0.12201291719545537,-1.558591555138566,2.227396790181295,-2.7731992206969203,-1.5316045920001429,-0.1420539061175745,0.2195776104927063,-0.6458030939102173,-0.6960303783416748,-0.801114022731781,-0.212972953915596,-0.07927905023097992,0.2264825999736786,-0.9761921167373657,-1.2525639533996582,-1.2747493982315063,-0.04085269570350647,0.08317597955465317,-4.919287129800918,2.5894068957136485,1.1041164070086635,0.19522418289834897,0.6519682984546195,-0.45674036708487303,-0.118769884,-1.5347875,2.2458682,-2.7731261,-1.5556467,-0.14110447,-0.118769884,-1.5347875,2.2458682,-2.7731261,-1.5556467,-0.14110447,-0.1220129206776619,-1.558591604232788,2.2273967266082764,-2.7731993198394775,-1.5316046476364136,-0.14205390214920044,0.08107583,0.59510076,0.46178955,0.0018301958,-0.60104924,0.023735566,-0.06343106,0.0,0.0,0.0,0.0,0.013921575,55.6863,False,0,0.3774765784752655,0.09505579116582585,0.10303775387007022,0.42621077775931204,0.09603590712452016,0.03374820454931012,0.12000183539811698,0.001749171302403338,0.0017523931772265681,0.9927705999451455,-0.33495253,-0.005640017,0.215,0.7890245840210359,5.334900924935937e-05,0.00015719200018793344,0.0007352829998126253,0.00029547500889748335,0.00017735299479681998,0.00011070699838455766,0.0019271509954705834,0.017778740992071107,0.01970589198754169,50.74624384586156,0
56,1.1401335039990954,-0.12157661119569951,-1.5551745903543015,2.229978863392965,-2.7732235393919886,-1.5349906126605433,-0.1420229117022913,0.23595061898231506,-0.631503164768219,-0.7203173637390137,-0.8144175410270691,-0.22377485036849976,-0.007417842745780945,0.22324296832084656,-0.9766201376914978,-1.2483885288238525,-1.2566276788711548,-0.04403059184551239,0.10056112706661224,-4.857908484797187,2.6441971164276215,0.9490864976022078,0.21359514870579904,0.6471086152157085,-0.46199186757079497,-0.11835846,-1.5315403,2.2486002,-2.7729588,-1.559106,-0.14086577,-0.11835846,-1.5315403,2.2486002,-2.7729588,-1.559106,-0.14086577,-0.12157661467790604,-1.5551745891571045,2.2299787998199463,-2.773223638534546,-1.534990668296814,-0.14202290773391724,0.08045377,0.5908582,0.46553895,0.0066207116,-0.60288197,0.028928448,-0.060433686,0.0,0.0,0.0,0.0,0.013921575,55.6863,False,0,0.3764333790701967,0.09453446611061414,0.10084972333759668,0.426204149626538,0.09598559495540189,0.03377706106559024,0.12022759907867647,0.002807952301693906,0.0005482960793450099,0.9927422379696779,-0.33495253,-0.005640017,0.215,0.7890050796737577,3.642299270723015e-05,0.00011297600576654077,0.0004922210064250976,0.00027435900119598955,0.00014805899991188198,0.00010226599988527596,0.001467741996748373,0.018484678003005683,0.019952419999754056,50.11923365748749,0
57,1.1600356840062886,-0.12114555040468389,-1.5517963499626894,2.232487503682272,-2.773247381249899,-1.53835374513735,-0.14198571840395147,0.23079267144203186,-0.5987437963485718,-0.6589306592941284,-0.7917563319206238,-0.22622281312942505,0.06537903845310211,0.2259758561849594,-0.9762835502624512,-1.2392876148223877,-1.235791563987732,-0.04640475660562515,0.11728140711784363,-4.694873992763636,2.8202690438810447,1.1752776045177538,0.2175500324724366,0.6433600299476679,-0.45032192361274803,-0.11788867,-1.5283213,2.2512772,-2.772801,-1.5625707,-0.14058034,-0.11788867,-1.5283213,2.2512772,-2.772801,-1.5625707,-0.14058034,-0.12114555388689041,-1.551796317100525,2.232487440109253,-2.773247480392456,-1.5383538007736206,-0.1419857144355774,0.081422105,0.5868757,0.46974227,0.011165453,-0.6054214,0.035134185,-0.05686122,0.0,0.0,0.0,0.0,0.013921575,55.6863,False,0,0.37540095349995595,0.0940144596104622,0.09871183286163651,0.42621382900882276,0.09597898320987086,0.03377657957145089,0.12017516105472642,0.0026706036180581547,0.0006682828301232575,0.9927489156167109,-0.33495253,-0.005640017,0.215,0.7890136764415773,0.00010593199112918228,0.00012015999527648091,0.00048740800411906093,0.00026108400197699666,0.00019377900753170252,0.00010378500155638903,0.001578368988703005,0.01817643801041413,0.019754806999117136,50.62059072734505,0
58,1.1800685369962594,-0.1206749121295374,-1.5484840118191023,2.2350271383868616,-2.773243566552633,-1.5417230764972132,-0.14184648195375615,0.2249215543270111,-0.6057825684547424,-0.6946707367897034,-0.7699791193008423,-0.21196572482585907,0.08163528144359589,0.2252052128314972,-0.9767839908599854,-1.2325745820999146,-1.2128098011016846,-0.04992608353495598,0.13922888040542603,-4.64048566615686,2.726961638992943,1.227578333800454,0.23038988561537108,0.6446198088218795,-0.42874902746729004,-0.11733612,-1.5251504,2.25399,-2.7726305,-1.5660586,-0.14018436,-0.11733612,-1.5251504,2.25399,-2.7726305,-1.5660586,-0.14018436,-0.12067491561174393,-1.548483967781067,2.2350270748138428,-2.7732436656951904,-1.5417231321334839,-0.14184647798538208,0.08346997,0.5833383,0.47407383,0.015328501,-0.6083868,0.041552935,-0.052929424,0.0,0.0,0.0,0.0,0.013921575,55.6863,False,0,0.3743412272340393,0.09350975410728322,0.09659101897589381,0.42618406404195874,0.09605275693217732,0.033820423215778085,0.12024500593371296,0.002322559818713639,0.0013860762589749213,0.9927405766646962,-0.33495253,-0.005640017,0.215,0.7889843980159732,3.953700070269406e-05,0.00013037200551480055,0.0005309520056471229,0.0003036969865206629,0.00015597300080116838,0.00010130400187335908,0.0015800409892108291,0.018299231000128202,0.01987927198933903,50.30365299777002,0
59,1.2000343719992088,-0.12023574510683233,-1.545138159101345,2.237649742756979,-2.773259302178854,-1.5450933615313929,-0.14166671434511358,0.21515768766403198,-0.6246524453163147,-0.6889457702636719,-0.7472297549247742,-0.23025941848754883,0.1029481440782547,0.22521206736564636,-0.9781210422515869,-1.227782130241394,-1.1918513774871826,-0.05296145752072334,0.1592087596654892,-4.442776936022194,2.776110385036267,1.1336168066362597,0.25869822702012446,0.6284332374440226,-0.4027875271309834,-0.116845,-1.5219524,2.2567782,-2.7724721,-1.5695322,-0.13975404,-0.116845,-1.5219524,2.2567782,-2.7724721,-1.5695322,-0.13975404,-0.12023574858903885,-1.5451381206512451,2.23764967918396,-2.773259401321411,-1.5450934171676636,-0.1416667103767395,0.084768884,0.5796423,0.47821635,0.019683229,-0.6109674,0.04781682,-0.049578313,0.0,0.0,0.0,0.0,0.013921575,55.6863,False,0,0.3732477298843386,0.0929965190715117,0.09444235520665031,0.4262340211812436,0.09601485846830898,0.03378022145075887,0.11995693596877816,0.001964088765086427,0.0019645855997267175,0.9927751930761695,-0.33495253,-0.005640017,0.215,0.7890369406769461,5.370700091589242e-05,0.0001717309933155775,0.0007687979959882796,0.00028084299992769957,0.0002748660044744611,0.00012368999887257814,0.0020908379956381395,0.017663450998952612,0.019754288994590752,50.62191811984863,0
60,1.2201327460061293,-0.11976892152895147,-1.5418132313391943,2.240304772053854,-2.7732511959471644,-1.5484603087054651,-0.14146739641298467,0.2258870154619217,-0.6737086772918701,-0.6571586728096008,-0.7016394734382629,-0.19978611171245575,0.0894973874092102,0.22683091461658478,-0.9798975586891174,-1.222597599029541,-1.1727012395858765,-0.05541440099477768,0.18092624843120575,-4.464700915950514,2.8828422721242486,0.9627212319469909,0.2735099234071681,0.6309738013038932,-0.3702164028886287,-0.11639032,-1.5188596,2.259625,-2.7722175,-1.5729913,-0.13925627,-0.11639032,-1.5188596,2.259625,-2.7722175,-1.5729913,-0.13925627,-0.11976892501115799,-1.5418132543563843,2.240304708480835,-2.7732512950897217,-1.5484603643417358,-0.1414673924446106,0.08446515,0.5738414,0.48300377,0.025846876,-0.6132721,0.05527792,-0.046059854,0.0,0.0,0.0,0.0,0.013921575,55.6863,False,0,0.3721257588828319,0.0924965433799407,0.09229551867410551,0.4262051509779822,0.09612284728908022,0.03386782959011178,0.1195753279415201,0.0017300892665455866,0.0004854504909214026,0.9928234978762924,-0.33495253,-0.005640017,0.215,0.7890028930405624,5.23650087416172e-05,0.00015894099487923086,0.0007048300030874088,0.00032955899951048195,0.0002537820109864697,0.000123306002933532,0.002015976991970092,0.01785866000864189,0.019874637000611983,50.31538437503074,0
61,1.2401331000000937,-0.11929828325380498,-1.5385834251395245,2.24290115038027,-2.773238798181051,-1.5518811384784144,-0.14124089876283819,0.22691906988620758,-0.6048255562782288,-0.6434223651885986,-0.6515719890594482,-0.22309033572673798,0.11383802443742752,0.2269374132156372,-0.9800885915756226,-1.2159720659255981,-1.154946208000183,-0.05828887224197388,0.1896127462387085,-4.467309853617917,2.7576471696676705,0.9339532234709351,0.28231905691892323,0.6225473706527903,-0.33891349891360545,-0.11586648,-1.5157424,2.262355,-2.7720692,-1.5764979,-0.13885562,-0.11586648,-1.5157424,2.262355,-2.7720692,-1.5764979,-0.13885562,-0.1192982867360115,-1.5385833978652954,2.242901086807251,-2.7732388973236084,-1.551881194114685,-0.1412408947944641,0.08579513,0.5710255,0.48634976,0.029239506,-0.6154183,0.05963175,-0.04273957,0.0,0.0,0.0,0.0,0.013921575,55.6863,False,0,0.37101145275023195,0.09198313284724818,0.09021258902040225,0.4262070832068643,0.0960123765341237,0.03379199103523861,0.12042299581748339,0.002859987504210844,0.0006488429910807975,0.9927183448590374,-0.33495253,-0.005640017,0.215,0.7890079306387734,3.809299960266799e-05,0.00011439700028859079,0.0004982669925084338,0.00029638700652867556,0.00015395499940495938,9.933400724548846e-05,0.0015033950039651245,0.01834849799342919,0.019851892997394316,50.373029923708344,0
62,1.2601011040096637,-0.1188433806048792,-1.5353267465582867,2.245580021535055,-2.773191114465231,-1.5552762190448206,-0.14103633562196904,0.24510595202445984,-0.61415034532547,-0.6347299218177795,-0.5925650596618652,-0.21906518936157227,0.14131855964660645,0.22626037895679474,-0.9810694456100464,-1.2090272903442383,-1.1376872062683105,-0.06145838275551796,0.18984201550483704,-4.457213430212754,3.0054496016085377,0.9604847146695681,0.2975169700426733,0.6181572589116267,-0.3237152661024256,-0.11533437,-1.5126477,2.265213,-2.7718375,-1.5800085,-0.13836354,-0.11533437,-1.5126477,2.265213,-2.7718375,-1.5800085,-0.13836354,-0.11884338408708572,-1.5353267192840576,2.245579957962036,-2.773191213607788,-1.5552762746810913,-0.14103633165359497,0.087725386,0.5669749,0.49082804,0.033845764,-0.6183044,0.06681962,-0.039184615,0.0,0.0,0.0,0.0,0.013921575,55.6863,False,0,0.36985363659439524,0.09147440449543566,0.08809508702910393,0.4262461515134865,0.09606562106618698,0.03376475323940594,0.11979351324638249,0.001721083295240491,0.0014908682054590554,0.9927962176411117,-0.33495253,-0.005640017,0.215,0.7890587369965528,3.714699414558709e-05,0.00011596300464589149,0.0005042549892095849,0.0003048030048375949,0.00015884899767115712,0.00011003400140907615,0.0015358709933934733,0.018287958009750582,0.019823829003144056,50.44434149635775,0
63,1.2801055860036286,-0.11837941804994756,-1.5320976872793217,2.2482522169696253,-2.773064275781149,-1.5587056318866175,-0.14073306718935186,0.24534377455711365,-0.5999078154563904,-0.6417157053947449,-0.5562489032745361,-0.19317248463630676,0.12105309218168259,0.22644397616386414,-0.9823212623596191,-1.2043654918670654,-1.1228783130645752,-0.0643039271235466,0.18954208493232727,-4.381253436703297,2.895273382300722,0.8763361271656152,0.29091928021298186,0.6102354172462269,-0.3260939999782354,-0.1148246,-1.5095781,2.2680469,-2.77153,-1.5835325,-0.13782227,-0.1148246,-1.5095781,2.2680469,-2.77153,-1.5835325,-0.13782227,-0.11837942153215408,-1.5320976972579956,2.2482521533966064,-2.773064374923706,-1.5587056875228882,-0.14073306322097778,0.08887061,0.56298864,0.49486724,0.038360965,-0.6206701,0.072769836,-0.035741195,0.0,0.0,0.0,0.0,0.013921575,55.6863,False,0,0.3686713462327318,0.09096261791721626,0.08598559343886936,0.42622948453303566,0.09607197955629206,0.033771320759135706,0.11996973341902456,0.001996156268798101,0.0013069607990442572,0.9927746868888041,-0.33495253,-0.005640017,0.215,0.789041969657616,3.743699926417321e-05,0.0001163099950645119,0.0005340149946277961,0.00026985300064552575,0.00014902700786478817,0.0001075790059985593,0.0015246760012814775,0.018327634999877773,0.01985231100115925,50.371969285671895,0
64,1.3001262659963686,-0.11787301698793584,-1.5289202456227322,2.250979725514547,-2.772959371606344,-1.562211815510885,-0.14041024843324834,0.22805926203727722,-0.6617705225944519,-0.6420847177505493,-0.5276722311973572,-0.2080191671848297,0.1352744698524475,0.2271011918783188,-0.9822645783424377,-1.1972346305847168,-1.1095820665359497,-0.06728775799274445,0.189278706908226,-4.579150174367833,2.9449132269414315,0.9354651778677416,0.2935800694907498,0.608398103573297,-0.3275386004660218,-0.114337884,-1.506552,2.2709055,-2.771249,-1.5870929,-0.13732117,-0.114337884,-1.506552,2.2709055,-2.771249,-1.5870929,-0.13732117,-0.11787302047014236,-1.528920292854309,2.2509796619415283,-2.7729594707489014,-1.5622118711471558,-0.14041024446487427,0.08837848,0.5592076,0.49814475,0.04275957,-0.6220256,0.07722663,-0.033380818,0.0,0.0,0.0,0.0,0.013921575,55.6863,False,0,0.3674600465973931,0.09045002947081175,0.08389018790230332,0.4262279116847129,0.09602135425889492,0.033784543202631065,0.12002281451527408,0.0033817827419064914,0.0006846279016704086,0.992765173111436,-0.33495253,-0.005640017,0.215,0.7890308911579479,3.798000398091972e-05,0.0001223680010298267,0.000597956997808069,0.0003101359907304868,0.0001520670048194006,9.996899461839348e-05,0.0016485790110891685,0.0182093319890555,0.019857911000144668,50.3577642176317,0
65,1.3201326620037435,-0.1173785368548792,-1.5256253008595486,2.253798309956686,-2.77270569423818,-1.5657041708575647,-0.14003163972963506,0.20849177241325378,-0.6286517977714539,-0.6486247777938843,-0.5392789244651794,-0.19431668519973755,0.14042843878269196,0.22692039608955383,-0.9821935296058655,-1.1903767585754395,-1.0939788818359375,-0.07059626281261444,0.18923012912273407,-4.062463688397464,3.042062843849518,0.7345788907722974,0.29967744266430657,0.5842190436918002,-0.32668381979582606,-0.113986045,-1.5034425,2.273854,-2.770771,-1.5906047,-0.13676524,-0.113986045,-1.5034425,2.273854,-2.770771,-1.5906047,-0.13676524,-0.11737854033708572,-1.5256253480911255,2.253798246383667,-2.7727057933807373,-1.5657042264938354,-0.140031635761261,0.08481235,0.55456966,0.5013925,0.048371136,-0.6225102,0.08165982,-0.033159226,0.0,0.0,0.0,0.0,0.013921575,55.6863,False,0,0.36617510467151737,0.08994403130681632,0.08170595942910225,0.4263848479121887,0.09580207215116575,0.03401890776481736,0.11769498580290783,0.004728878643844258,0.001109254809438135,0.9930379319860623,-0.33495253,-0.005640017,0.215,0.7891002866640288,3.654300235211849e-05,0.0001163300039479509,0.0004889640113105997,0.0003066789940930903,0.00015534801059402525,9.795201185625046e-05,0.0015094789996510372,0.01834858000802342,0.019858059007674456,50.35738888748062,0
66,1.340138883999316,-0.11689120927919561,-1.5224394102445622,2.2565587202655237,-2.772454401055807,-1.5691807905780237,-0.13966495195497686,0.2050328403711319,-0.6264163255691528,-0.6556809544563293,-0.5307424664497375,-0.21395817399024963,0.15556108951568604,0.22615110874176025,-0.9825470447540283,-1.183994174003601,-1.0768107175827026,-0.0742323100566864,0.18896298110485077,-4.044950947136336,3.0108916700287907,0.6533369534663767,0.3052184868787148,0.5846360596717645,-0.32438889105212854,-0.11331101,-1.5004088,2.2768073,-2.7703629,-1.594236,-0.13609776,-0.11331101,-1.5004088,2.2768073,-2.7703629,-1.594236,-0.13609776,-0.11689121276140213,-1.5224393606185913,2.256558656692505,-2.7724545001983643,-1.5691808462142944,-0.13966494798660278,0.089505136,0.55076593,0.5062189,0.052293446,-0.6263798,0.089179754,-0.027537331,0.0,0.0,0.0,0.0,0.013921575,55.6863,False,0,0.36490359259078736,0.08943648472013577,0.07959253016518608,0.42632330541575875,0.09588412567367624,0.03388223003546292,0.11889881737135777,0.003415406588822798,0.0015394259558897429,0.9928993007836463,-0.33495253,-0.005640017,0.215,0.7890828232448877,3.6358003853820264e-05,0.00011434999760240316,0.00048610100930090994,0.0003108609962509945,0.0001551669993204996,0.00010109599679708481,0.0015068350039655343,0.018350240992731415,0.01985707599669695,50.359881795604814,0
67,1.3601352499972563,-0.11640054384340459,-1.5193144094995041,2.2593939940081995,-2.7721921406187953,-1.5726421515094202,-0.13921815553774053,0.2582261860370636,-0.6172950267791748,-0.6576883792877197,-0.5191864967346191,-0.19197356700897217,0.1444142460823059,0.22325153648853302,-0.9799711108207703,-1.1751505136489868,-1.064811110496521,-0.07838603109121323,0.18872912228107452,-3.9338194764220025,3.0239321955649334,0.7723173666933274,0.31207635846164333,0.5765733632353276,-0.32589567037910383,-0.112665735,-1.4974576,2.2798476,-2.769911,-1.5978489,-0.1353045,-0.112665735,-1.4974576,2.2798476,-2.769911,-1.5978489,-0.1353045,-0.11640054732561111,-1.5193144083023071,2.2593939304351807,-2.7721922397613525,-1.572642207145691,-0.13921815156936646,0.09337029,0.54642004,0.51134264,0.057032336,-0.6301663,0.09784152,-0.023028405,0.0,0.0,0.0,0.0,0.013921575,55.6863,False,0,0.36359781637656247,0.0889366125447048,0.0774849250405994,0.4263786953690127,0.0960782784962549,0.03384660135403541,0.11844941887603844,0.0014101732616970046,0.0024494309382668694,0.992956084927787,-0.33495253,-0.005640017,0.215,0.7891694408754703,3.716399078257382e-05,0.00011434500629547983,0.0004916189936921,0.00029180200363043696,0.0001494169991929084,9.64700011536479e-05,0.0014792580041103065,0.018369158991845325,0.01984841699595563,50.38185162090069,0
68,1.3801322350045666,-0.11593658128847295,-1.5162588369897385,2.262186352406637,-2.771975656548971,-1.5761578718768519,-0.1387875715838831,0.2391030490398407,-0.5878169536590576,-0.6445184946060181,-0.5312743186950684,-0.18908540904521942,0.1535174697637558,0.2269158959388733,-0.9795443415641785,-1.1670671701431274,-1.0598798990249634,-0.08081615716218948,0.18867576122283936,-3.8408583819454734,3.0835048144050288,0.7143245937669078,0.3183616329049088,0.5646291133882494,-0.32342784502314675,-0.11208128,-1.4945558,2.2828107,-2.7695243,-1.6014817,-0.13461371,-0.11208128,-1.4945558,2.2828107,-2.7695243,-1.6014817,-0.13461371,-0.11593658477067947,-1.5162588357925415,2.262186288833618,-2.7719757556915283,-1.5761579275131226,-0.13878756761550903,0.09638253,0.5425743,0.5156116,0.061285987,-0.633094,0.104346424,-0.018564124,0.0,0.0,0.0,0.0,0.013921575,55.6863,False,0,0.36230650388804464,0.0884114913424621,0.07543639107447217,0.42632829417956175,0.09608735313052907,0.033778857303183,0.11944151291987598,0.0011912467417911502,0.0021110370530721713,0.9928382918923198,-0.33495253,-0.005640017,0.215,0.7891375417934786,3.710899909492582e-05,0.00011510199692565948,0.0004934860044158995,0.00029508800071198493,0.00015952999820001423,9.880898869596422e-05,0.0015126790094655007,0.01833688899932895,0.01984956800879445,50.3789301387791,0
69,1.4001102460024413,-0.11544210115541631,-1.5131546419909974,2.26496392885317,-2.7717329464354457,-1.5796578566180628,-0.1382969061480921,0.25776928663253784,-0.6340915560722351,-0.6218774318695068,-0.5207391381263733,-0.20655781030654907,0.1639128029346466,0.229858860373497,-0.9803174138069153,-1.1590827703475952,-1.0556470155715942,-0.08334909379482269,0.18903471529483795,-3.944236761198634,3.2247503091155743,0.9118369628157115,0.3292073122501134,0.5699122627631749,-0.32191240673113297,-0.11160488,-1.4916428,2.2857342,-2.7690718,-1.6050357,-0.13390695,-0.11160488,-1.4916428,2.2857342,-2.7690718,-1.6050357,-0.13390695,-0.11544210463762283,-1.5131546258926392,2.2649638652801514,-2.771733045578003,-1.5796579122543335,-0.13829690217971802,0.09593075,0.53779584,0.51926064,0.06653129,-0.63444346,0.10974901,-0.016039016,0.0,0.0,0.0,0.0,0.013921575,55.6863,False,0,0.3609966079393325,0.08790189034258418,0.07338290351936172,0.42625207706770935,0.09611589348872941,0.033762373003992645,0.11938515300091657,0.0023104035905415782,0.0008274597590973917,0.9928449784783532,-0.33495253,-0.005640017,0.215,0.7890714814195122,0.00011281599290668964,0.00012196999159641564,0.0004893409932265058,0.0003718350053532049,0.00017662499158177525,9.834799857344478e-05,0.0016984289977699518,0.01812579699617345,0.0198242259939434,50.4433313212589,0
70,1.4201357290003216,-0.11491185823549444,-1.5100253608873864,2.2678244749652308,-2.771402975121969,-1.5831831137286585,-0.13775808015932256,0.2450442910194397,-0.6628620028495789,-0.6324308514595032,-0.5290371775627136,-0.2071160525083542,0.1573372632265091,0.2299979031085968,-0.9821390509605408,-1.153809905052185,-1.0536412000656128,-0.08679861575365067,0.18899205327033997,-3.912636864766837,3.2308266072716347,0.6255801462690951,0.3293771725155015,0.5615932953325933,-0.3193958406911209,-0.11100132,-1.4886888,2.2887592,-2.7685518,-1.6086546,-0.13311742,-0.11100132,-1.4886888,2.2887592,-2.7685518,-1.6086546,-0.13311742,-0.11491186171770096,-1.5100253820419312,2.267824411392212,-2.7714030742645264,-1.5831831693649292,-0.1377580761909485,0.09776363,0.5334149,0.5233696,0.07128351,-0.6367855,0.11601619,-0.012225175,0.0,0.0,0.0,0.0,0.013921575,55.6863,False,0,0.35962599461617034,0.08740458799672009,0.07128959033558702,0.4262648178671924,0.09619793056737895,0.0336948761390268,0.11981950526053448,0.0024657929731368975,0.0001468294260612603,0.9927926160729557,-0.33495253,-0.005640017,0.215,0.7891098607972331,0.00010459500481374562,0.00011699700553435832,0.0004896809987258166,0.0002461139956722036,0.00015155300206970423,9.84210055321455e-05,0.0015244019887177274,0.018350429003476165,0.019874830992193893,50.31489326338239,0
71,1.4401317620067857,-0.11439687410463506,-1.5070299443653603,2.2706850210772913,-2.7710725269713343,-1.586719814931051,-0.1372306982623499,0.27876782417297363,-0.6378307342529297,-0.653256356716156,-0.5002428293228149,-0.21839895844459534,0.16812223196029663,0.22751401364803314,-0.9826384782791138,-1.1492745876312256,-1.0516334772109985,-0.0904868096113205,0.18882720172405243,-3.8528794756947704,3.1263711618440952,0.8163480505468836,0.3336996538248138,0.5573858283762056,-0.31572409128245577,-0.11027918,-1.4858978,2.2918468,-2.7680137,-1.6123698,-0.13219167,-0.11027918,-1.4858978,2.2918468,-2.7680137,-1.6123698,-0.13219167,-0.11439687758684158,-1.5070298910140991,2.2706849575042725,-2.7710726261138916,-1.5867198705673218,-0.13723069429397583,0.10294253,0.5283036,0.52904606,0.07647391,-0.64124745,0.12597553,-0.0069186403,0.0,0.0,0.0,0.0,0.013921575,55.6863,False,0,0.35825408598304337,0.08689806923780899,0.06925523720537574,0.42627883975755987,0.09632346575237644,0.033690327864466435,0.11961270627738363,-0.0007489285429723236,0.0010237554382175537,0.992819796479061,-0.33495253,-0.005640017,0.215,0.7891406424322839,3.685000410769135e-05,0.00011452000762801617,0.0004886669921688735,0.0002561879955464974,0.00014951601042412221,0.00010302598820999265,0.0014499099925160408,0.01839690400811378,0.01984681400062982,50.385920882226536,0
72,1.4601336369960336,-0.11385804811586553,-1.504000538294651,2.273602310811178,-2.7707492313780726,-1.5902770201312464,-0.13662845293153936,0.2680620551109314,-0.6150597929954529,-0.6182897686958313,-0.4992391765117645,-0.1914406269788742,0.16522979736328125,0.22778058052062988,-0.9809554219245911,-1.1416468620300293,-1.0468205213546753,-0.09374330937862396,0.18866851925849915,-3.6028386493447746,3.2552989351335904,0.6959856356414061,0.33954219095020177,0.53975145904264,-0.31551797916305924,-0.10954743,-1.4829711,2.294922,-2.7675612,-1.6160572,-0.13134092,-0.10954743,-1.4829711,2.294922,-2.7675612,-1.6160572,-0.13134092,-0.11385805159807205,-1.5040005445480347,2.273602247238159,-2.77074933052063,-1.590277075767517,-0.13662844896316528,0.107765615,0.5257379,0.53299767,0.079705596,-0.64450073,0.13218816,-0.0022582149,0.0,0.0,0.0,0.0,0.013921575,55.6863,False,0,0.3568468649982787,0.08639769692061913,0.06720434810573722,0.4262854320328244,0.09629419806010071,0.03347322639758005,0.12087717982674245,-0.0013642819356485779,0.0015661141496807925,0.9926652748912431,-0.33495253,-0.005640017,0.215,0.7891931289529149,0.00010447800741530955,0.00011561300198081881,0.0004937140038236976,0.00026152501231990755,0.00015103400801308453,9.889199282042682e-05,0.0015464750031242147,0.018305863995919935,0.01985233899904415,50.371898245750685,0
73,1.4801340100093512,-0.11332303682436162,-1.5009881120971222,2.2764833609210413,-2.7703715763487757,-1.5938003698932093,-0.13595945039858037,0.2824333608150482,-0.611314594745636,-0.5906217694282532,-0.4779597520828247,-0.23552395403385162,0.1777196228504181,0.23045457899570465,-0.9817896485328674,-1.1338260173797607,-1.0423767566680908,-0.0968794897198677,0.18888692557811737,-3.6894968164241058,3.264883851476888,0.8734906943660681,0.3469655280992997,0.54651236742481,-0.30991338654843226,-0.10883801,-1.4800942,2.2979739,-2.7670245,-1.61971,-0.13039492,-0.10883801,-1.4800942,2.2979739,-2.7670245,-1.61971,-0.13039492,-0.11332304030656815,-1.5009881258010864,2.2764832973480225,-2.770371675491333,-1.59380042552948,-0.1359594464302063,0.1121259,0.5223473,0.53726727,0.083677106,-0.647739,0.13911316,0.0022247618,0.0002966349013149738,4.449523519724608e-05,7.415872532874346e-06,0.0,0.013921575,55.6863,False,0,0.3554317416957012,0.0859036248927325,0.06517433413842325,0.42627942889130493,0.09642949680981651,0.03340781514694961,0.12157729202978573,-0.0025166960592502485,0.001837698299980265,0.992577105461881,-0.33495253,-0.005640017,0.215,0.7892198734821272,3.692900645546615e-05,0.00011680299940053374,0.0004989890003344044,0.00024379699607379735,0.0001808439992601052,0.0001008589897537604,0.0014850869920337573,0.0183664970099926,0.019851584002026357,50.37381399378128,0
74,1.5001061240036506,-0.11271697679628545,-1.4979936119965096,2.2794392744647425,-2.769956251183981,-1.5974367300616663,-0.13529760042299444,0.27514708042144775,-0.6544567942619324,-0.6022377014160156,-0.4733331799507141,-0.22484765946865082,0.18200314044952393,0.23225173354148865,-0.9801546335220337,-1.1260311603546143,-1.0381547212600708,-0.10004043579101562,0.18867510557174683,-3.6142342956201743,3.3411534569229095,0.8096672518019139,0.3524750642300035,0.5287924147606949,-0.30707383048260584,-0.10853798,-1.4772413,2.3009763,-2.766419,-1.6232584,-0.1297687,-0.10853798,-1.4772413,2.3009763,-2.766419,-1.6232584,-0.1297687,-0.11271698027849197,-1.4979935884475708,2.2794392108917236,-2.769956350326538,-1.597436785697937,-0.13529759645462036,0.10447506,0.5188082,0.53842837,0.088436596,-0.64553934,0.13822241,0.00036614388,0.000592649836714069,5.181811284273863e-05,1.4816245917851727e-05,1.483174492022954e-05,0.013921575,55.6863,False,0,0.35396473517226645,0.08541157941369773,0.06313314530191477,0.4262482588325283,0.09610299246557728,0.033692402768570585,0.11988484263196925,0.0032161029066678126,0.0011124890851376933,0.9927819477820587,-0.33495253,-0.005640017,0.215,0.7890822085933965,0.0001204510044772178,0.00016409599629696459,0.0007274390081875026,0.0003804219886660576,0.00024165099603123963,0.00012139900354668498,0.002186465004342608,0.017587016001925804,0.019773481006268412,50.572784816340075,0
75,1.5201328020048095,-0.11211854616274053,-1.4950195637396355,2.2824333349811,-2.7694951496519984,-1.6010897795306605,-0.13456756273378545,0.25641217827796936,-0.6438522934913635,-0.6109726428985596,-0.46594247221946716,-0.252132773399353,0.1631748527288437,0.23258888721466064,-0.9787631034851074,-1.1192022562026978,-1.0341931581497192,-0.10333912819623947,0.18864521384239197,-3.616441708202201,3.3150268292497165,0.7118519013820768,0.35211936317999637,0.5277205777605073,-0.30326687095792526,-0.107850015,-1.4744748,2.3041484,-2.7657485,-1.6270165,-0.12875605,-0.107850015,-1.4744748,2.3041484,-2.7657485,-1.6270165,-0.12875605,-0.11211854964494705,-1.495019555091858,2.282433271408081,-2.7694952487945557,-1.6010898351669312,-0.13456755876541138,0.10671337,0.51361907,0.54287785,0.09366855,-0.648167,0.1452878,0.0043525044,0.001419662867879702,0.00013886820059269667,3.549157169699255e-05,2.9632492442033254e-05,0.013921575,55.6863,False,0,0.3524660116547464,0.08491492710841002,0.06109233306210379,0.4262494285090581,0.09616087220193462,0.03373145897069899,0.11989836666826709,0.0020552865323607145,0.0008690177305215908,0.9927836657276452,-0.33495253,-0.005640017,0.215,0.7890818289996021,5.1969007472507656e-05,0.00016202099504880607,0.0006918779981788248,0.00027190700348000973,0.0002721269993344322,0.00011116100358776748,0.0019647119916044176,0.017848264003987424,0.01981297599559184,50.47197352999814,0
76,1.5401337340008467,-0.11154205003847295,-1.4920747590116044,2.285510842000143,-2.7690049610533656,-1.6047065893756312,-0.13377887407411748,0.2518119513988495,-0.5908350348472595,-0.6398813128471375,-0.4816843271255493,-0.24821697175502777,0.16436845064163208,0.2249189019203186,-0.97754967212677,-1.1142252683639526,-1.0310261249542236,-0.10862300544977188,0.18769368529319763,-3.359350022203031,3.3521586102584635,0.5198803718019929,0.3626244357993131,0.5147516342701055,-0.2994352892531629,-0.10719436,-1.4716871,2.3073885,-2.765075,-1.6307311,-0.1277408,-0.10719436,-1.4716871,2.3073885,-2.765075,-1.6307311,-0.1277408,-0.11154205352067947,-1.492074728012085,2.285510778427124,-2.769005060195923,-1.6047066450119019,-0.1337788701057434,0.1086925,0.5096901,0.5469429,0.09825179,-0.65061045,0.15095176,0.007803065,0.0031492490299839387,0.0002949294960126281,7.873122574959847e-05,7.098314381437376e-05,0.013921575,55.6863,False,0,0.3509269336977253,0.08442236119527183,0.05904330597539692,0.4262844454864187,0.09612212636755425,0.03375838300027287,0.12013658744326822,0.002138497133294742,0.0010722373980411141,0.9927545017794621,-0.33495253,-0.005640017,0.215,0.7891044269381114,0.00010500999633222818,0.00011916799121536314,0.00048500100092496723,0.00032021199876908213,0.00015417899703606963,9.691300510894507e-05,0.00159542600158602,0.018253793998155743,0.019849219999741763,50.37981341397848,0
77,1.560039186006179,-0.11092836061586553,-1.4891602781466027,2.288602892552511,-2.7685147724547328,-1.6082685629474085,-0.133005444203512,0.25531792640686035,-0.5963767766952515,-0.6391690969467163,-0.4814929962158203,-0.23707112669944763,0.1512460708618164,0.22592440247535706,-0.9771032333374023,-1.1054176092147827,-1.025455355644226,-0.11251341551542282,0.18764546513557434,-3.245381402788836,3.53502782870184,0.508796921428073,0.37077052850539816,0.5009383700695116,-0.29797738656163086,-0.106572345,-1.4689825,2.3106453,-2.764362,-1.6343683,-0.12674248,-0.106572345,-1.4689825,2.3106453,-2.764362,-1.6343683,-0.12674248,-0.11092836409807205,-1.4891602993011475,2.288602828979492,-2.76851487159729,-1.6082686185836792,-0.13300544023513794,0.10890047,0.5044451,0.5510649,0.10382215,-0.6524933,0.15657379,0.010699154,0.006017124682110102,0.000508912573568523,0.00015042811705275256,0.00015746244753245264,0.013921575,55.6863,False,0,0.3493714121581187,0.08395578573370019,0.057013667542500784,0.4262767752908642,0.09604648644168315,0.033727445013468846,0.12002115699874066,0.0023778983726269773,0.00046871853262368465,0.9927683534936484,-0.33495253,-0.005640017,0.215,0.7890943832125051,3.691200981847942e-05,0.00011582899605855346,0.0005039329989813268,0.00022971301223151386,0.0001502899976912886,9.97199967969209e-05,0.0014358089974848554,0.018319795999559574,0.01975560499704443,50.618545984777825,0
78,1.5800877520086942,-0.1103447119342249,-1.4863350924900551,2.29163629213442,-2.768028875390524,-1.6119125525103968,-0.13221580186952764,0.27238065004348755,-0.6153826713562012,-0.6487136483192444,-0.47121578454971313,-0.22796636819839478,0.16423064470291138,0.22745858132839203,-0.9756942987442017,-1.0957478284835815,-1.0193712711334229,-0.11594922095537186,0.18782027065753937,-3.2928001573000354,3.3798861979560852,0.5303890442643862,0.3568192472020165,0.49191918972758225,-0.2889867730683277,-0.10592005,-1.4663329,2.3138545,-2.7636783,-1.6381193,-0.1257234,-0.10592005,-1.4663329,2.3138545,-2.7636783,-1.6381193,-0.1257234,-0.11034471541643143,-1.486335039138794,2.2916362285614014,-2.768028974533081,-1.6119126081466675,-0.13221579790115356,0.11061672,0.5000522,0.5554534,0.10876786,-0.65516704,0.16230978,0.013928622,0.01026417065986457,0.0007874850137159229,0.0002566042664966143,0.00030085621983744204,0.013921575,55.6863,False,0,0.34783251008791316,0.08345595987666689,0.05504827315735958,0.42626666425886395,0.09605479254877142,0.0337634684094145,0.1202963236676991,0.002393816402200776,0.0008037118846873706,0.9927348280629478,-0.33495253,-0.005640017,0.215,0.7890774249655774,3.6245008232071996e-05,0.0001198090030811727,0.0004938550118822604,0.00036210899997968227,0.00018120200547855347,0.00010806499631144106,0.0016405760106863454,0.018250054999953136,0.01989063101063948,50.27492589174777,0
79,1.6000490459991852,-0.10973054567445928,-1.4834405568293114,2.2946975866900843,-2.7674910030760707,-1.6155732313739222,-0.13138181367983037,0.23567917943000793,-0.5959829092025757,-0.5883510112762451,-0.46746426820755005,-0.24399824440479279,0.157015860080719,0.22811947762966156,-0.9753461480140686,-1.0872414112091064,-1.0143308639526367,-0.11907588690519333,0.18770001828670502,-3.018926500303531,3.7680113758447447,0.7384870177728302,0.3898392362133705,0.49293539565188216,-0.29259207351530836,-0.1052485,-1.463684,2.3171327,-2.762887,-1.6419125,-0.124594815,-0.1052485,-1.463684,2.3171327,-2.762887,-1.6419125,-0.124594815,-0.1097305491566658,-1.4834405183792114,2.2946975231170654,-2.767491102218628,-1.6155732870101929,-0.1313818097114563,0.11205122,0.49391285,0.56088066,0.11510275,-0.65847784,0.16967484,0.017304339,0.01611062077663394,0.0011335717840120197,0.0004027655194158485,0.0005132085061632097,0.013921575,55.6863,False,0,0.3462525835726684,0.08296540523370989,0.05305624379052534,0.42626681454234155,0.0961386739728774,0.03388398497279174,0.11999093541017392,0.0013674850339699188,0.000994034478751571,0.9927735180003494,-0.33495253,-0.005640017,0.215,0.7890607134752837,5.1471011829562485e-05,0.00017651100642979145,0.0007695579988649115,0.00035297099384479225,0.0002223839983344078,0.00012231199070811272,0.002117544994689524,0.017644177001784556,0.01976172199647408,50.6028776327499,0
80,1.6200977520056767,-0.10911637941469365,-1.480607346897461,2.2977667490588587,-2.7669340572752894,-1.6192010084735315,-0.1305168310748499,0.25341156125068665,-0.6036330461502075,-0.5683729648590088,-0.4421353340148926,-0.26478472352027893,0.15447114408016205,0.22839055955410004,-0.9760059714317322,-1.0807968378067017,-1.0110359191894531,-0.12284697592258453,0.187567800283432,-2.9545224497740787,3.3890807781804666,0.5933954641810307,0.38504499394488967,0.4791604172173894,-0.28646256488769506,-0.104625985,-1.4610445,2.3203788,-2.7621188,-1.6456381,-0.12353562,-0.104625985,-1.4610445,2.3203788,-2.7621188,-1.6456381,-0.12353562,-0.10911638289690018,-1.4806073904037476,2.29776668548584,-2.7669341564178467,-1.6192010641098022,-0.13051682710647583,0.112259865,0.48907116,0.5653006,0.12038569,-0.6609251,0.17453016,0.019646699,0.02360222235514101,0.0015265057561919095,0.0005900555588785253,0.0008055310463532805,0.013921575,55.6863,False,0,0.3446611994463167,0.08248226054548813,0.051093176830272063,0.4262475827659093,0.09606417097945008,0.033727385641424204,0.12021251690653978,0.0020714749003652284,0.0013721582476679886,0.9927450790038761,-0.33495253,-0.005640017,0.215,0.7890685144231542,0.00011435299529694021,0.00016056999447755516,0.0007052330038277432,0.00033455299853812903,0.00026741900364868343,0.00010079301137011498,0.0021073849929962307,0.0177285850077169,0.019835970000713132,50.413466039928906,0
81,1.6401318770076614,-0.10848123231996709,-1.4777850446156044,2.3008554617511194,-2.7663828335204066,-1.6228936354266565,-0.12958842912782842,0.2591775953769684,-0.6114695072174072,-0.5895899534225464,-0.44947096705436707,-0.25527751445770264,0.16315287351608276,0.22887283563613892,-0.9752604961395264,-1.0730870962142944,-1.0062686204910278,-0.1269986927509308,0.18767735362052917,-3.050885821484406,3.4659982714577824,0.8255753113305209,0.38362881000433485,0.4783712442595894,-0.28194686547795794,-0.103991866,-1.4584806,2.3236887,-2.7613034,-1.6494588,-0.12236118,-0.103991866,-1.4584806,2.3236887,-2.7613034,-1.6494588,-0.12236118,-0.10848123580217361,-1.4777849912643433,2.3008553981781006,-2.766382932662964,-1.6228936910629272,-0.12958842515945435,0.11223431,0.48260885,0.57083595,0.12698554,-0.66412556,0.18068106,0.022245614,0.03281130551831074,0.0019714180333539845,0.0008202826379577685,0.0011801110813394189,0.013921575,55.6863,False,0,0.34304959776581545,0.08199118676299658,0.049143798231702174,0.42628970332493693,0.0960854640258062,0.03379933466462391,0.1200317397040287,0.001717961395372896,0.0017482041082371724,0.9927670473936068,-0.33495253,-0.005640017,0.215,0.7890953672499817,3.6864992580376565e-05,0.00011392901069484651,0.0005127350013935938,0.0003031790110981092,0.00015426400932483375,9.703300020191818e-05,0.0015145920042414218,0.018370165998931043,0.019884758003172465,50.289774702838095,0
82,1.6602848280017497,-0.1078866163836878,-1.4749565434506913,2.30399734178652,-2.765698095361227,-1.6266301313983362,-0.12869483629335576,0.28871339559555054,-0.6490834951400757,-0.6074090003967285,-0.46981778740882874,-0.2586539387702942,0.1657135784626007,0.22820283472537994,-0.9740701913833618,-1.0662764310836792,-1.0020405054092407,-0.13093464076519012,0.18746986985206604,-2.6001279866384,3.606831172206353,0.3771566099122018,0.39341686402632964,0.45478395997823445,-0.2803809046809802,-0.10346052,-1.4559631,2.3270602,-2.7603097,-1.653304,-0.121238716,-0.10346052,-1.4559631,2.3270602,-2.7603097,-1.653304,-0.121238716,-0.10788661986589432,-1.4749565124511719,2.303997278213501,-2.765698194503784,-1.626630187034607,-0.1286948323249817,0.11065255,0.47483337,0.5765744,0.13471505,-0.6668461,0.1864029,0.024636757,0.04377044237145241,0.00246415316592902,0.0010942610592863103,0.0016405652277171612,0.013921575,55.6863,False,0,0.3413837459457531,0.08148029774555024,0.047169326500994424,0.42627737077722333,0.09614727848617344,0.03378879397400496,0.12017000379147813,0.0025974945612468195,0.0008528443973595048,0.9927495312635475,-0.33495253,-0.005640017,0.215,0.7890938618180964,3.701099194586277e-05,0.00011465299758128822,0.000566438990063034,0.0003803349973168224,0.00016085999959614128,0.0001022529904730618,0.0016702439897926524,0.018325658005778678,0.01999590199557133,50.01024711070693,0
83,1.6800909820012748,-0.10722428957094365,-1.472253606920578,2.3071373144732874,-2.7650095425047816,-1.6303260962115687,-0.12772065797914678,0.21346239745616913,-0.6275218725204468,-0.5574430823326111,-0.4383406341075897,-0.24829350411891937,0.18037816882133484,0.2276686728000641,-0.9733496904373169,-1.0588105916976929,-0.9975526332855225,-0.1352853924036026,0.18748624622821808,-2.972231752348023,3.533704295551925,0.6618919572051859,0.38833956529481395,0.4619321544558747,-0.27390637316612004,-0.10281749,-1.4535795,2.3304577,-2.759314,-1.6571546,-0.12000229,-0.10281749,-1.4535795,2.3304577,-2.759314,-1.6571546,-0.12000229,-0.10722429305315018,-1.4722535610198975,2.3071372509002686,-2.765009641647339,-1.6303261518478394,-0.1277206540107727,0.11017013,0.46685055,0.58301175,0.1423872,-0.67071116,0.192959,0.027028134,0.056506807628095616,0.003004715847782791,0.0014126701907023905,0.0021885221358388662,0.013921575,55.6863,False,0,0.3397146012829923,0.08100013828317991,0.045251024057524486,0.4262735212094431,0.09607724771542106,0.03375986256132323,0.12010389579260594,0.0018779951966165667,0.0012838281745894131,0.992758708869296,-0.33495253,-0.005640017,0.215,0.7890877622989789,3.641299554146826e-05,0.00011192700185347348,0.0006104119966039434,0.00028839200967922807,0.0001496339973527938,0.00011189300857950002,0.0016085279930848628,0.018047591001959518,0.01965611899504438,50.87474288551651,0
84,1.7001292380009545,-0.10658580461610967,-1.4694702190211792,2.3102992216693323,-2.7643286190428675,-1.6340497175799769,-0.1267331282245081,0.18896272778511047,-0.6119933128356934,-0.5522538423538208,-0.4369267523288727,-0.24600616097450256,0.15152892470359802,0.22563908994197845,-0.9721420407295227,-1.0503811836242676,-0.991562008857727,-0.14034000039100647,0.18725906312465668,-3.036277794058333,3.4241978064178675,0.5420695863466346,0.4088085264596251,0.4542334327149986,-0.24818337804973786,-0.102220386,-1.4511265,2.333883,-2.7583125,-1.6610303,-0.11877847,-0.102220386,-1.4511265,2.333883,-2.7583125,-1.6610303,-0.11877847,-0.10658580809831619,-1.4694702625274658,2.3102991580963135,-2.764328718185425,-1.6340497732162476,-0.12673312425613403,0.1091355,0.45859483,0.5895963,0.15040806,-0.67451245,0.19886649,0.029191444,0.07101263783484736,0.0035885447217151524,0.0017753159458711843,0.002825340488925576,0.013921575,55.6863,False,0,0.3380200424538762,0.08050636362005392,0.04331640841510498,0.4262517516592964,0.09610190967698748,0.03372056904046392,0.12036489962498581,0.0019526675728677536,0.001323097181256578,0.9927269276608625,-0.33495253,-0.005640017,0.215,0.7890789671253747,3.533699782565236e-05,0.00011647801147773862,0.000493657003971748,0.0003815240052063018,0.0001492669980507344,9.150600817520171e-05,0.0015747260040370747,0.018313684995518997,0.019888410999556072,50.28053774745106,0
85,1.7200946009979816,-0.10597068468202764,-1.4668031719378014,2.3135908285724085,-2.7635914287962855,-1.6377881209002894,-0.12567168871034795,0.20628207921981812,-0.6917659640312195,-0.5782190561294556,-0.4472888112068176,-0.23517300188541412,0.19078117609024048,0.226259246468544,-0.9726229906082153,-1.0422030687332153,-0.9862692356109619,-0.14430493116378784,0.1871989369392395,-3.0844435041808893,3.6393020440118384,0.6700633597521806,0.4036271986005561,0.4555883498138468,-0.27062357713787644,-0.101711,-1.4488609,2.3374584,-2.7572052,-1.6649197,-0.11747598,-0.101711,-1.4488609,2.3374584,-2.7572052,-1.6649197,-0.11747598,-0.10597068816423416,-1.4668031930923462,2.3135907649993896,-2.7635915279388428,-1.63778817653656,-0.12567168474197388,0.10649224,0.44855726,0.5966886,0.15965451,-0.67828965,0.20489264,0.030748824,0.08720067282815806,0.00420352119486779,0.0021800168207039517,0.0035506319254636765,0.013921575,55.6863,False,0,0.33627143927367864,0.08000532105200328,0.04138745751011633,0.42623676261174653,0.09609318718822005,0.0337484280407562,0.12003312130532034,0.0018677331072665436,0.0012063399955114587,0.9927673880950318,-0.33495253,-0.005640017,0.215,0.7890569830936291,3.536400618031621e-05,0.00011074700159952044,0.00048176800191868097,0.0004089579888386652,0.00014799300697632134,0.00010123799438588321,0.001586109006893821,0.018231134992674924,0.019817243999568745,50.46110347239816,0
86,1.740093390995753,-0.10535604158510381,-1.4641562488726159,2.316829506550924,-2.7628327808775843,-1.6415436903582972,-0.12462741533388311,0.21334588527679443,-0.6589626669883728,-0.5751646161079407,-0.4489092230796814,-0.23235028982162476,0.1609652042388916,0.2261163741350174,-0.9708516597747803,-1.033785104751587,-0.9807940125465393,-0.14840085804462433,0.18704313039779663,-2.431796119683715,3.4844188577410757,0.5197391362312531,0.4090059043334536,0.4269345928253414,-0.26165166837363113,-0.10128564,-1.4467047,2.3409991,-2.7560031,-1.668806,-0.11621694,-0.10128564,-1.4467047,2.3409991,-2.7560031,-1.668806,-0.11621694,-0.10535604506731033,-1.4641562700271606,2.3168294429779053,-2.7628328800201416,-1.6415437459945679,-0.12462741881608963,0.10176015,0.43628803,0.60424376,0.17074335,-0.68155634,0.21026194,0.03233907,0.10500257798822417,0.0048503025947138675,0.0026250644497056042,0.004360033664852381,0.013921575,55.6863,False,0,0.3345272571516071,0.07949775346103229,0.039493690673874704,0.42626069438921677,0.0962116125245385,0.03387960574561493,0.12005119236543327,0.00324816524533792,-0.0007424078446396851,0.9927621443805132,-0.33495253,-0.005640017,0.215,0.7890652259768083,9.990100807044655e-05,0.00011937899398617446,0.0004898900078842416,0.00036004999128635973,0.0001761739986250177,9.824399603530765e-05,0.0016639560053590685,0.018178292986704037,0.019842248992063105,50.39751292305624,0
87,1.7603092220088001,-0.10474569002260381,-1.4615451332977791,2.3201776186572474,-2.7620560131468714,-1.6453383604632776,-0.12351447740663701,0.20113572478294373,-0.6461564302444458,-0.5405353307723999,-0.42269670963287354,-0.2561226785182953,0.1546805053949356,0.22483505308628082,-0.9703693389892578,-1.024461269378662,-0.9749152064323425,-0.1530667245388031,0.18704697489738464,-2.6670401898570235,3.5624077754045276,0.6764508512880826,0.4184206563800083,0.4331749355014577,-0.2596549973190121,-0.10075896,-1.44447,2.3446367,-2.754881,-1.6727768,-0.11490953,-0.10075896,-1.44447,2.3446367,-2.754881,-1.6727768,-0.11490953,-0.10474569350481033,-1.4615451097488403,2.3201775550842285,-2.7620561122894287,-1.6453384160995483,-0.12351448088884354,0.09966824,0.4268763,0.6114788,0.17937846,-0.6859612,0.2151238,0.033118013,0.12425323406061939,0.005512662860564888,0.003106330851515485,0.005250128917396069,0.013921575,55.6863,False,0,0.33273241680734533,0.07898302429095197,0.037592753645287524,0.42628015497655636,0.09606306434801094,0.03378132889798459,0.12009265771056049,0.003080564285437195,0.0003534821101025161,0.9927578291506194,-0.33495253,-0.005640017,0.215,0.789087403522754,3.6277997423894703e-05,0.0001120309898396954,0.0005762840009992942,0.00034329800109844655,0.00015582800551783293,0.00010061300417874008,0.0016367159987566993,0.018435196005157195,0.020071912003913894,49.82086409132356,0
88,1.7800417120015481,-0.10414296785463506,-1.4591206324151536,2.3232629934894007,-2.7616449795165003,-1.6488750616656702,-0.12229043642152959,0.21052005887031555,-0.550065815448761,-0.38049232959747314,-0.18253818154335022,-0.34646400809288025,0.1471351832151413,0.2223743498325348,-0.9713144302368164,-1.0173014402389526,-0.9704750180244446,-0.1576600819826126,0.1876477301120758,-5.643751883514337,1.855772181256065,4.515868470311836,0.1306435046888351,1.0131735294324435,-0.2723054812033214,-0.10027984,-1.4424767,2.3480163,-2.7540903,-1.6764809,-0.11350615,-0.10027984,-1.4424767,2.3480163,-2.7540903,-1.6764809,-0.11350615,-0.10414297133684158,-1.4591206312179565,2.323262929916382,-2.7616450786590576,-1.648875117301941,-0.12229043990373611,0.09657825,0.41609764,0.6188362,0.1888665,-0.69014496,0.21960713,0.03336093,0.14474357122722112,0.006179881426505746,0.0036185892806805285,0.006212661508470774,0.013921575,55.6863,False,0,0.33112122477291667,0.07850613365776349,0.03589804311744582,0.42622833805065585,0.09601099100950462,0.033708509901712876,0.12020582483339404,0.002695517313307366,0.000536236986175196,0.9927451772203437,-0.33495253,-0.005640017,0.215,0.7890474332433747,0.00040012900717556477,0.00011993599764537066,0.000500156995258294,0.0003244980034651235,0.00016350600344594568,9.788799798116088e-05,0.001973700011149049,0.017607036992558278,0.019580737003707327,51.070600652603865,0
89,1.8000507870019646,-0.10353976884950811,-1.4569917184165497,2.3256972471820276,-2.7618566952147425,-1.6524456183062952,-0.12113744417299444,0.1735733598470688,-0.13297238945960999,0.13463160395622253,0.3552699685096741,-0.4602771997451782,0.10434176027774811,0.22252556681632996,-0.9701775908470154,-1.0103665590286255,-0.9667794704437256,-0.16172750294208527,0.18756099045276642,-10.607462233447837,0.8232320746596067,13.170432679963096,-0.02547421723540627,1.6779684140877287,-0.2634634287689386,-0.09981654,-1.4408258,2.350736,-2.7539132,-1.680214,-0.112155184,-0.09981654,-1.4408258,2.350736,-2.7539132,-1.680214,-0.112155184,-0.10353977233171463,-1.4569916725158691,2.325697183609009,-2.7618567943573,-1.652445673942566,-0.12113744765520096,0.09308088,0.4041466,0.6259671,0.1985891,-0.6942092,0.22455667,0.032004587,0.166086130513026,0.006819973173551263,0.004152153262825651,0.007237178739160299,0.00039215750000000003,1.56863,False,3,0.3298896890089016,0.07798029222363122,0.0345988856802632,0.42601349679860673,0.09601730923846495,0.033471293743136406,0.11956925653715877,0.001327572712765404,0.001230556142472014,0.9928242137646754,-0.33495253,-0.005640017,0.215,0.7888955465240027,3.927199577447027e-05,0.00017560699780005962,0.0007461130007868633,0.00034857199352700263,0.00024578899319749326,0.00014636499690823257,0.002117163996445015,0.017730512001435272,0.019847675997880287,50.38373258948801,0
90,1.8201328520081006,-0.10304385820497686,-1.454659917657711,2.3285144011126917,-2.7616220913329066,-1.656196419392721,-0.1199258009540003,0.28279179334640503,-0.05481737107038498,0.3347117304801941,0.7813279628753662,-0.5987530946731567,0.06384022533893585,0.22225795686244965,-0.9737914204597473,-1.0101345777511597,-0.9697966575622559,-0.16394713521003723,0.18806259334087372,-13.911168310707684,-0.2805592042601761,18.75089841453129,-0.28573256823993837,2.4520517904217485,-0.2819041449006447,-0.09931257,-1.4390535,2.3538833,-2.753252,-1.6841899,-0.110645935,-0.09931257,-1.4390535,2.3538833,-2.753252,-1.6841899,-0.110645935,-0.10304386168718338,-1.4546599388122559,2.328514337539673,-2.761622190475464,-1.6561964750289917,-0.11992580443620682,0.093282185,0.39016026,0.6342232,0.20925368,-0.6998347,0.23199682,0.031400137,0.1880582814711446,0.007447975906543435,0.004701457036778615,0.00830430630594492,0.00039215750000000003,1.56863,False,3,0.32840604543757657,0.0774021711649957,0.03306734566919459,0.4257482854441241,0.096040267895755,0.032838673383280344,0.1190902399082231,-0.0031840946850507238,0.0015794452850992416,0.9928770836972141,-0.33495253,-0.005640017,0.215,0.7887885433257135,5.41199988219887e-05,0.00016542599769309163,0.0007207320013549179,0.0003255339979659766,0.0002763439988484606,0.00012584000069182366,0.0020641949959099293,0.017801532012526877,0.019865727008436806,50.33795136595346,0
91,1.8401390660001198,-0.1024859587298792,-1.4524741780808945,2.3311777750598353,-2.7613164387144984,-1.659912411366598,-0.1186454931842249,0.2134004384279251,0.25189781188964844,0.8719421625137329,1.323732852935791,-0.7714462280273438,-0.012590761296451092,0.2201659083366394,-0.9859517812728882,-1.0243254899978638,-0.9858765006065369,-0.1664881408214569,0.18903927505016327,-18.799728566659393,-2.4641442627511934,27.637167795482647,-0.6187294327283162,3.373494656103175,-0.25667537024202425,-0.09873436,-1.4375085,2.3569052,-2.75246,-1.6881452,-0.10907085,-0.09873436,-1.4375085,2.3569052,-2.75246,-1.6881452,-0.10907085,-0.10248596221208572,-1.4524742364883423,2.3311777114868164,-2.7613165378570557,-1.6599124670028687,-0.11864549666643143,0.093790084,0.37414348,0.6431865,0.22141548,-0.7058168,0.23936605,0.030632272,0.21045271025127127,0.008060621353797617,0.005261317756281782,0.009402913972735405,0.00039215750000000003,1.56863,False,3,0.3269698699503698,0.07684611064931612,0.03162710069325253,0.42533455858634706,0.09604813892090984,0.03230922598736091,0.11899018774529369,-0.008012563872532614,0.0010111569587032132,0.9928625722504862,-0.33495253,-0.005640017,0.215,0.7885130710707569,3.7573001463897526e-05,0.00011528900358825922,0.00048017100198194385,0.0003120119945378974,0.00015248899580910802,0.000103596001281403,0.001510416012024507,0.018346803990425542,0.01985722000245005,50.35951658271484,0
92,1.860195877001388,-0.10193139711488897,-1.4502974090031167,2.333942238484518,-2.7610088787474574,-1.6636045614825647,-0.11739236513246709,0.24566929042339325,0.49986177682876587,1.31490957736969,1.9254937171936035,-0.9233187437057495,-0.04900120198726654,0.2203482836484909,-0.9873698949813843,-1.0220011472702026,-0.9860085844993591,-0.17115843296051025,0.1895640641450882,-22.52059405067204,-5.499080380395283,37.16433179909502,-1.1736315864839733,4.356410528799632,-0.233903453926273,-0.09821412,-1.4359691,2.360008,-2.7516632,-1.6920428,-0.10760875,-0.09821412,-1.4359691,2.360008,-2.7516632,-1.6920428,-0.10760875,-0.10193140059709549,-1.4502973556518555,2.333942174911499,-2.7610089778900146,-1.6636046171188354,-0.11739236861467361,0.09293202,0.35820735,0.6516444,0.23364659,-0.7109549,0.24459042,0.029089576,0.2329933443191644,0.00864241286646575,0.00582483360797911,0.010522635653614998,0.00039215750000000003,1.56863,False,3,0.3254919465953816,0.07629770770511365,0.03017124617659067,0.42495733572043254,0.09620288756232641,0.03183436498094292,0.11906612359779395,-0.01071588943864803,-0.00022279066518865465,0.9928284559831172,-0.33495253,-0.005640017,0.215,0.7882795426092061,3.68189939763397e-05,0.00011314600124023855,0.0005086239980300888,0.000300532003166154,0.00014937199011910707,9.82610072242096e-05,0.001510145011707209,0.018396397994365543,0.019906543006072752,50.23473938668994,0
93,1.8800938150088768,-0.10121328035463506,-1.4481135991266747,2.3368645350085657,-2.760660310784811,-1.666861359273092,-0.11612159410585576,0.022734496742486954,0.6963552832603455,1.7281421422958374,2.1688790321350098,-1.450263500213623,-0.12339825928211212,0.22217212617397308,-0.9885477423667908,-1.0165467262268066,-0.9811768531799316,-0.17483903467655182,0.1899159848690033,-24.587929703373646,-11.660512891566071,47.54535665192735,-2.002940555513462,5.342787786907887,-0.023439716300460045,-0.09756579,-1.434402,2.363231,-2.7508643,-1.6954843,-0.1061778,-0.09756579,-1.434402,2.363231,-2.7508643,-1.6954843,-0.1061778,-0.10121328383684158,-1.4481135606765747,2.336864471435547,-2.760660409927368,-1.6668614149093628,-0.11612159758806229,0.09118725,0.3427894,0.6591604,0.24490386,-0.715571,0.24859503,0.025630616,0.255194621462623,0.0091550251794979,0.006379865536565575,0.011649667285382748,0.00039215750000000003,1.56863,False,3,0.3239415267005296,0.0759104542122177,0.028664240518578327,0.4246753059735728,0.0959245849670475,0.03111242021615869,0.11781268937247552,-0.014966074421315227,0.0004932623966310071,0.9929229136473654,-0.33495253,-0.005640017,0.215,0.7881398770371226,3.676200867630541e-05,0.00011557500693015754,0.0004983319959137589,0.00031092499557416886,0.00016628499724902213,0.000112188994535245,0.0015511920064454898,0.01819297000474762,0.01974416201119311,50.64788262135879,0
94,1.900166742008878,-0.10057002702821904,-1.4461532545140763,2.339761559163229,-2.761043687860006,-1.670379940663473,-0.11480170885194951,-0.10296232998371124,0.9526703953742981,2.213106393814087,2.1779212951660156,-1.781890630722046,-0.10224224627017975,0.2231186479330063,-0.9868296384811401,-1.0080554485321045,-0.9747568368911743,-0.1784011423587799,0.1895531713962555,-25.875258823001925,-16.552478163483176,58.29400298722752,-2.683553626633347,6.025183184097501,0.15354618906735373,-0.0971663,-1.4330328,2.366391,-2.7507863,-1.6991035,-0.10488721,-0.0971663,-1.4330328,2.366391,-2.7507863,-1.6991035,-0.10488721,-0.10057003051042557,-1.4461532831192017,2.33976149559021,-2.7610437870025635,-1.6703799962997437,-0.11480171233415604,0.085093305,0.3280119,0.66573334,0.25643688,-0.7180869,0.24786249,0.02277203,0.27673195653615706,0.009610465797595683,0.006918298913403927,0.012759731151163578,0.00039215750000000003,1.56863,False,3,0.32256472477496007,0.07541815530525173,0.027361942342459228,0.4245894908024485,0.09582580264159876,0.030929425056796626,0.11855437704127869,-0.013136165067970234,-0.002015284882168379,0.9928586429535352,-0.33495253,-0.005640017,0.215,0.78808716313592,4.483098746277392e-05,0.00017089000903069973,0.0007399339956464246,0.0004401580081321299,0.00019709499611053616,0.00014099798863753676,0.0021342279942473397,0.017788131008273922,0.01992235900252126,50.19485894584299,0
95,1.9201010539982235,-0.10005170503725225,-1.44401469946418,2.342917505894796,-2.7626100979247035,-1.6741545836078089,-0.11341840425600225,-0.09351567924022675,1.0930736064910889,2.532952308654785,2.1991283893585205,-2.145920515060425,-0.15324077010154724,0.22714541852474213,-0.9820026159286499,-0.9960091710090637,-0.9665099382400513,-0.17811879515647888,0.18857944011688232,-27.68881146499387,-21.147151487053314,68.65444112745946,-3.4110029683868257,6.968530992487577,0.36127172819774,-0.09667078,-1.4317745,2.3699033,-2.7517526,-1.7030917,-0.10333233,-0.09667078,-1.4317745,2.3699033,-2.7517526,-1.7030917,-0.10333233,-0.10005170851945877,-1.4440146684646606,2.3429174423217773,-2.7626101970672607,-1.6741546392440796,-0.11341840773820877,0.08452327,0.30600414,0.67464495,0.2714421,-0.72342616,0.2521519,0.018166292,0.2971019080919385,0.009973791646771136,0.007427547702298462,0.01383659802377224,0.00039215750000000003,1.56863,False,3,0.3213037779216138,0.07481296393117733,0.026123938540988545,0.42427794089769855,0.09531519629019858,0.030333018492342198,0.11762819346319259,-0.020493722510316913,-0.003346188764255048,0.9928406022302879,-0.33495253,-0.005640017,0.215,0.7878608781447586,5.363501259125769e-05,0.00016615600907243788,0.0007274759991560131,0.00042565399780869484,0.00016320800932589918,0.00011264599743299186,0.0024424090079264715,0.01727817599021364,0.01972058499814011,50.70843487119231,0
