step,time,q0,q1,q2,q3,q4,q5,current0,current1,current2,current3,current4,current5,ctrl_output0,ctrl_output1,ctrl_output2,ctrl_output3,ctrl_output4,ctrl_output5,tcp_force0,tcp_force1,tcp_force2,tcp_force3,tcp_force4,tcp_force5,ctrl_pre_alpha0,ctrl_pre_alpha1,ctrl_pre_alpha2,ctrl_pre_alpha3,ctrl_pre_alpha4,ctrl_pre_alpha5,ctrl0,ctrl1,ctrl2,ctrl3,ctrl4,ctrl5,obs_q0,obs_q1,obs_q2,obs_q3,obs_q4,obs_q5,action0,action1,action2,action3,action4,action5,action6,gripper_norm,gripper_ctrl,finger_pos_est,gripper_obs,gripper_fb_pos,gripper_fb_pct,grasped,obj_flag,tcp_x,tcp_y,tcp_z,box_x,box_y,box_z,box_qw,box_qx,box_qy,box_qz,target_x,target_y,target_z,box_to_target_dist,recv_time_s,mocap_time_s,obs_time_s,policy_time_s,ctrl_time_s,send_time_s,compute_time_s,sleep_time_s,loop_dt_true_s,loop_hz_true,overrun_count
0,0.020090081001399085,0.5223603844642639,-2.0442234478392542,1.6453498045550745,-0.9324186605266114,-1.3955891768084925,0.24755001068115234,0.1320270299911499,-0.3558262884616852,-1.1048654317855835,-0.32775381207466125,0.1152540072798729,0.061173420399427414,-1.1393278873298146e-17,-0.12204938381910324,-0.775570809841156,-0.2332993596792221,0.01169801689684391,0.0,-4.713904538920167,5.514284351929742,-2.437822378352573,0.2616932612856893,0.2145561005092098,0.15227800408737305,0.5122359,-2.0568507,1.6297868,-0.9386819,-1.4041407,0.2446946,0.5122359,-2.0568507,1.6297868,-0.9386819,-1.4041407,0.2446946,0.5223603844642639,-2.0442235469818115,1.6453498601913452,-0.9324186444282532,-1.3955892324447632,0.24755001068115234,-0.2531127,-0.31567684,-0.38907582,-0.15658207,-0.21378598,-0.071385115,-0.21842694,0.0,0.0,0.0,0.0,,,False,0,0.011029406691222647,0.205206524110138,0.20421533592915772,0.21762930512149317,-0.18388682779530827,0.11360103953431468,0.9999438736461237,0.005380383238781963,-0.0021017482597115197,0.008881858633284022,0.12354892,-0.2330849,0.3045104,0.2184444079170657,4.102599632460624e-05,0.00012689200229942799,0.0006415160023607314,0.0003185110108461231,0.00017742899945005774,0.00016467800014652312,0.001881862001027912,0.018206791995908134,0.020088653996936046,49.77934311340728,0
1,0.04013267200207338,0.5222660303115845,-2.044365545312399,1.6453102270709437,-0.9324377936175843,-1.3956006209002894,0.24755001068115234,-0.14684808254241943,-0.6247266530990601,-1.5771089792251587,-0.4935314357280731,-0.05044478178024292,-0.01741950772702694,-0.3026963770389557,-0.5226390957832336,-1.1542776823043823,-0.38351553678512573,-0.15047167241573334,-0.0609796941280365,-4.022157393327771,4.828963372098935,-3.6400630798919473,0.24210783265954017,0.1942586276595292,0.1453553124570465,0.51142806,-2.0581229,1.6306072,-0.93853337,-1.4041151,0.2442938,0.51142806,-2.0581229,1.6306072,-0.93853337,-1.4041151,0.2442938,0.5222660303115845,-2.044365644454956,1.6453102827072144,-0.9324377775192261,-1.39560067653656,0.24755001068115234,-0.27094883,-0.34392965,-0.36757696,-0.15239024,-0.21285906,-0.08140543,-0.20254645,0.0,0.0,0.0,0.0,,,False,0,0.011053325904231734,0.20520502204606902,0.20424013774194916,0.2176499589271543,-0.18393093570068075,0.11360329774125047,0.9999429871410627,0.005276109894539564,-0.002310676038482119,0.008991322590715797,0.12354892,-0.2330849,0.3045104,0.21844140104326004,6.25039974693209e-05,0.00013852299889549613,0.0006183590012369677,0.00029936700593680143,0.00017131000640802085,0.00011022499529644847,0.0019038979953620583,0.017895035998662934,0.019798933994024992,50.50776977698821,0
2,0.0601341690053232,0.521600604057312,-2.045260568658346,1.6442130247699183,-0.9328367871097107,-1.3962224165545862,0.24730320274829865,-0.26304158568382263,-0.6636167168617249,-1.5523459911346436,-0.563493013381958,-0.049753978848457336,-0.10720466822385788,-0.3103635609149933,-0.46929988265037537,-1.1351124048233032,-0.40450912714004517,-0.15421995520591736,-0.14891088008880615,-4.591718253799044,5.329819094164083,-3.4622611047711125,0.27012188529992415,0.19842525251026466,0.12738805966068753,0.51018274,-2.0591633,1.6294432,-0.9393976,-1.4045978,0.24387252,0.51018274,-2.0591633,1.6294432,-0.9393976,-1.4045978,0.24387252,0.521600604057312,-2.0452606678009033,1.644213080406189,-0.9328367710113525,-1.396222472190857,0.24730320274829865,-0.28544602,-0.34756535,-0.36924842,-0.1640204,-0.209382,-0.08576699,-0.20314886,0.0,0.0,0.0,0.0,,,False,0,0.011458425808154434,0.20518447553360752,0.20457163412022975,0.21767809768616686,-0.18391995148995371,0.11357308690971728,0.9999454636496794,0.004933449059262386,-0.0025145478147029963,0.008855833886947719,0.12354892,-0.2330849,0.3045104,0.21848239757124444,4.1854000301100314e-05,0.00019003600755240768,0.0005441300017992035,0.00030666500970255584,0.00016773099196143448,0.00010651499906089157,0.001760380997438915,0.018080046997056343,0.019840427994495258,50.402138516238196,0
3,0.08013915100309532,0.5204554796218872,-2.0468784771361292,1.6421621481524866,-0.933674768810608,-1.3972991148578089,0.24701449275016785,-0.3398476243019104,-0.4831288158893585,-1.368229866027832,-0.5080998539924622,-0.0390525683760643,-0.1483774334192276,-0.2683994770050049,-0.4100784659385681,-1.0741255283355713,-0.3842308223247528,-0.1413574069738388,-0.14582258462905884,-4.5611979081518665,5.616080449735273,-2.220538545163975,0.2849586895601897,0.205433690401892,0.0761262981779256,0.5087757,-2.0607722,1.6273161,-0.94051236,-1.40557,0.24350442,0.5087757,-2.0607722,1.6273161,-0.94051236,-1.40557,0.24350442,0.5204554796218872,-2.0468785762786865,1.6421622037887573,-0.9336747527122498,-1.3972991704940796,0.24701449275016785,-0.29199386,-0.34733954,-0.37115216,-0.17094,-0.20677038,-0.08775177,-0.20434912,0.0,0.0,0.0,0.0,,,False,0,0.012206752779416248,0.20517560629687304,0.20519373553287518,0.21766312739666424,-0.183879106743288,0.1135686700973557,0.999944684607216,0.00491618992892977,-0.002317317280991232,0.009003381982837448,0.12354892,-0.2330849,0.3045104,0.21848900340026844,4.427500243764371e-05,0.00012984000204596668,0.0005402160022640601,0.0003534659917932004,0.00017330600530840456,0.00010934300371445715,0.0017596959951333702,0.018077839005854912,0.019837535000988282,50.40948887803758,0
4,0.10066027499851771,0.5190063714981079,-2.0487410030760707,1.6400817076312464,-0.9344892066768189,-1.3984559218036097,0.24657729268074036,-0.2675694525241852,-0.4631957709789276,-1.3594200611114502,-0.5327438712120056,-0.08565258979797363,-0.14760230481624603,-0.2521267533302307,-0.3557552695274353,-1.0377236604690552,-0.37582263350486755,-0.13427121937274933,-0.1444329172372818,-3.929331850826924,5.264789959549599,-2.541389226115558,0.3013886933469894,0.18903543049852947,0.029260996420417212,0.5069681,-2.0627127,1.625247,-0.941351,-1.406912,0.24300313,0.5069681,-2.0627127,1.625247,-0.941351,-1.406912,0.24300313,0.5190063714981079,-2.048741102218628,1.640081763267517,-0.9344891905784607,-1.3984559774398804,0.24657729268074036,-0.30095664,-0.34928668,-0.37086794,-0.17154518,-0.21139945,-0.08935393,-0.20267771,0.0,0.0,0.0,0.0,,,False,0,0.01301165723394443,0.2051364318868543,0.20584976903811386,0.2176334079337872,-0.18393632453945807,0.11361004729802467,0.9999455292312689,0.0051540252218445996,-0.002131069740080745,0.008820152782198207,0.12354892,-0.2330849,0.3045104,0.2184271600886647,4.504098615143448e-05,0.00013312599912751466,0.0005730199918616563,0.0003459900035522878,0.00017560500418767333,0.0001113559992518276,0.0018125689966836944,0.018538511998485774,0.020351080995169468,49.13743895163898,0
5,0.12008081100066192,0.5173382759094238,-2.050643106500143,1.6380026976214808,-0.9354280394366761,-1.3996613661395472,0.24609336256980896,-0.24804383516311646,-0.45231080055236816,-1.3628159761428833,-0.49415650963783264,-0.09489361196756363,-0.13802067935466766,-0.24371738731861115,-0.3325425386428833,-1.0292609930038452,-0.3754618167877197,-0.13205963373184204,-0.14334242045879364,-4.53516616645847,5.173556504804697,-2.1620672462534705,0.2957129836920216,0.2040089353079,0.04392168882708551,0.5050754,-2.064648,1.6231688,-0.9423104,-1.4081936,0.24248505,0.5050754,-2.064648,1.6231688,-0.9423104,-1.4081936,0.24248505,0.5173382759094238,-2.0506432056427,1.6380027532577515,-0.9354280233383179,-1.3996614217758179,0.24609336256980896,-0.3065718,-0.35011795,-0.37084776,-0.17205979,-0.2133051,-0.090207964,-0.20205805,0.0,0.0,0.0,0.0,,,False,0,0.013888800724726875,0.20509478536401188,0.20651567537849663,0.2177052884048311,-0.18391413603189444,0.11361345642674639,0.9999446143908485,0.0052492579587847905,-0.00206730676164325,0.008887726467504698,0.12354892,-0.2330849,0.3045104,0.21846014526558485,4.486700345296413e-05,0.0001329689985141158,0.0005607380007859319,0.0003479870065348223,0.0001916799956234172,0.00012812300701625645,0.0019343739986652508,0.01731691499298904,0.019251288991654292,51.944573707948294,0
6,0.14013988799706567,0.5156731605529785,-2.05252804378652,1.6359379927264612,-0.9363525074771424,-1.4008382002459925,0.24561741948127747,-0.2461540549993515,-0.5434160232543945,-1.3728346824645996,-0.5149402022361755,-0.06905142962932587,-0.14463910460472107,-0.24324601888656616,-0.32478585839271545,-1.027915596961975,-0.37552252411842346,-0.13276062905788422,-0.142947256565094,-4.584185022960509,5.077788000556133,-2.468413246271562,0.29683883090861,0.20325239047121352,0.0468292817022759,0.5031686,-2.066602,1.6211426,-0.9432135,-1.409509,0.24197818,0.5031686,-2.066602,1.6211426,-0.9432135,-1.409509,0.24197818,0.5156731605529785,-2.052528142929077,1.635938048362732,-0.9363524913787842,-1.4008382558822632,0.24561741948127747,-0.3126151,-0.35184777,-0.36988622,-0.17152634,-0.21676573,-0.09098089,-0.20083877,0.0,0.0,0.0,0.0,,,False,0,0.014755395125069362,0.20505287259687513,0.20718110225185232,0.2176473169064064,-0.1839149997244124,0.11358091842711807,0.9999449307639461,0.0052150543311858194,-0.0024746514974828813,0.008764573887140997,0.12354892,-0.2330849,0.3045104,0.21846340789996538,4.256800457369536e-05,0.00012929600779898465,0.0005607639905065298,0.0002841769892256707,0.0001505410036770627,9.636599861551076e-05,0.001684456001385115,0.01822487798926886,0.019909333990653977,50.227697243384895,0
7,0.1600920190103352,0.5140290260314941,-2.054460187951559,1.6338565985309046,-0.9372638624957581,-1.402038876210348,0.24511079490184784,-0.22185096144676208,-0.5493593811988831,-1.3752943277359009,-0.5175589323043823,-0.09457285702228546,-0.13788612186908722,-0.26191821694374084,-0.3528779447078705,-1.0477285385131836,-0.38170039653778076,-0.13805370032787323,-0.14451512694358826,-4.401550281738592,5.273842459969634,-2.6091209408595777,0.29543920209056923,0.20687350730639845,0.051431251591758945,0.5013057,-2.0685513,1.6190656,-0.9441893,-1.4107798,0.24143454,0.5013057,-2.0685513,1.6190656,-0.9441893,-1.4107798,0.24143454,0.5140290260314941,-2.054460287094116,1.6338566541671753,-0.9372638463973999,-1.4020389318466187,0.24511079490184784,-0.31808242,-0.35227403,-0.3697747,-0.17313617,-0.2185237,-0.091906235,-0.20060621,0.0,0.0,0.0,0.0,,,False,0,0.015614883895523173,0.20500097990650964,0.2078583344320818,0.21771033514371937,-0.18384542787511793,0.1135123733484695,0.9999422637505261,0.005578444701064969,-0.0014890178995390741,0.009060548084308112,0.12354892,-0.2330849,0.3045104,0.218566123103549,4.560500383377075e-05,0.00019884700304828584,0.0005638239963445812,0.00028671399923041463,0.00015229301061481237,9.933099499903619e-05,0.0018067600030917674,0.01798343200061936,0.019790192003711127,50.530080749720696,0
8,0.18006676000368316,0.5122566223144531,-2.0566073856749476,1.6315982977496546,-0.9382995528033753,-1.403292481099264,0.2445954978466034,-0.2460172027349472,-0.44299787282943726,-1.2953884601593018,-0.5381141304969788,-0.05823332071304321,-0.15868248045444489,-0.24730660021305084,-0.3118848204612732,-1.0232739448547363,-0.37579044699668884,-0.1349066197872162,-0.1431245058774948,-4.053787836719692,5.519851876348563,-2.3217897830648506,0.30924069452340885,0.19022973604161444,0.05438113460041232,0.49924386,-2.0707245,1.6167841,-0.9452632,-1.4120811,0.24087021,0.49924386,-2.0707245,1.6167841,-0.9452632,-1.4120811,0.24087021,0.5122566223144531,-2.056607484817505,1.6315983533859253,-0.9382995367050171,-1.4032925367355347,0.2445954978466034,-0.32531947,-0.352928,-0.3703561,-0.17409216,-0.2197161,-0.09313231,-0.20004362,0.0,0.0,0.0,0.0,,,False,0,0.01654428251996546,0.2049550395855137,0.2086070438973377,0.21763326525770643,-0.18392359826692634,0.11362624858529392,0.9999485653423124,0.0050182657062555125,-0.002153119063557014,0.008549995289860274,0.12354892,-0.2330849,0.3045104,0.21841580330793933,4.250799247529358e-05,0.00012958599836565554,0.0005554980016313493,0.0003223569947294891,0.00017194999963976443,0.00010811100946739316,0.0018040910072159022,0.018011824999121018,0.01981591600633692,50.464485198676186,0
9,0.20008242200128734,0.5104718208312988,-2.058634420434469,1.6294263044940394,-0.9393426936915894,-1.4045136610614222,0.24408027529716492,-0.2677012085914612,-0.4354913830757141,-1.3115699291229248,-0.4946324825286865,-0.07506147772073746,-0.17191040515899658,-0.23703284561634064,-0.30573973059654236,-1.01873779296875,-0.3740483820438385,-0.13262511789798737,-0.14225241541862488,-4.0199433003355605,4.910200160857821,-1.9881706340088314,0.2897908299395844,0.19474487007501243,0.04971483789035126,0.49730518,-2.0727835,1.614661,-0.9462689,-1.413454,0.24034972,0.49730518,-2.0727835,1.614661,-0.9462689,-1.413454,0.24034972,0.5104718208312988,-2.0586345195770264,1.62942636013031,-0.9393426775932312,-1.4045137166976929,0.24408027529716492,-0.32916573,-0.353724,-0.36913565,-0.17315575,-0.2235075,-0.093263865,-0.19942656,0.0,0.0,0.0,0.0,,,False,0,0.0174651532417638,0.20490871921754367,0.2093284357452962,0.21766688500854273,-0.18390210825478018,0.11358729904266203,0.9999455380014238,0.004958315325205353,-0.0024807176141626534,0.008844520894259843,0.12354892,-0.2330849,0.3045104,0.21846916277691839,7.021000783424824e-05,0.00012951900134794414,0.0005721490015275776,0.00034880900057032704,0.00017934199422597885,0.00011281200568191707,0.0018201100028818473,0.018026731995632872,0.01984684199851472,50.38584980294785,0
10,0.22008882800582796,0.508654773235321,-2.060549398461813,1.6274622122394007,-0.9402443331531067,-1.4057825247394007,0.24354121088981628,-0.2190813273191452,-0.4405641555786133,-1.393548846244812,-0.5588021278381348,-0.07553388923406601,-0.15800067782402039,-0.24161778390407562,-0.3082176148891449,-1.0213228464126587,-0.3762604892253876,-0.13350872695446014,-0.14267763495445251,-4.285911310666313,5.368001499014124,-3.003208003648645,0.2861048964216644,0.19177821855557206,0.1364712399589313,0.49527684,-2.0747454,1.6127248,-0.9471664,-1.4148468,0.23978586,0.49527684,-2.0747454,1.6127248,-0.9471664,-1.4148468,0.23978586,0.508654773235321,-2.06054949760437,1.6274622678756714,-0.9402443170547485,-1.4057825803756714,0.24354121088981628,-0.33444843,-0.35489625,-0.3684373,-0.17305149,-0.22660579,-0.093883604,-0.19858679,0.0,0.0,0.0,0.0,,,False,0,0.01834141910580913,0.20481784223027263,0.20998635151673176,0.21774192421534036,-0.18378343616681458,0.11371098000892291,0.9999393266794668,0.005413557724488814,-0.003522389627697847,0.008922082292926854,0.12354892,-0.2330849,0.3045104,0.2184201943719913,5.068800237495452e-05,0.00013200799003243446,0.0005568940105149522,0.00035221299913246185,0.00018671700672712177,0.00010417800513096154,0.0017505499999970198,0.01810345500416588,0.0198540050041629,50.367671398809684,0
11,0.24008842901093885,0.5068147778511047,-2.0625764332213343,1.6253226439105433,-0.9412582677653809,-1.4069607893573206,0.24306175112724304,-0.22346213459968567,-0.4564501941204071,-1.3421688079833984,-0.5147820115089417,-0.12811428308486938,-0.19713851809501648,-0.26192525029182434,-0.34180542826652527,-1.0429582595825195,-0.38367921113967896,-0.13901440799236298,-0.14458665251731873,-4.048262086721951,4.8540074723657245,-2.689303507849351,0.2889493850610546,0.20189253028673768,0.04662179673240699,0.49312407,-2.0768166,1.6105947,-0.94823444,-1.4161333,0.23925342,0.49312407,-2.0768166,1.6105947,-0.94823444,-1.4161333,0.23925342,0.5068147778511047,-2.0625765323638916,1.625322699546814,-0.9412582516670227,-1.4069608449935913,0.24306175112724304,-0.34226796,-0.3560012,-0.36819768,-0.17440476,-0.22931118,-0.095208414,-0.19775806,0.0,0.0,0.0,0.0,,,False,0,0.019252376142780935,0.2047649946089336,0.2107094508546203,0.21778314073716823,-0.1838270820146123,0.11365416964280582,0.9999395784702646,0.005386260323979232,-0.003738088884204743,0.008826200414302984,0.12354892,-0.2330849,0.3045104,0.21847775154422563,3.9776001358404756e-05,0.00011613700189627707,0.0005120519927004352,0.00027368401060812175,0.00015256200276780874,9.515399869997054e-05,0.0015527710056630895,0.018297076007002033,0.019849847012665123,50.378222026696406,0
12,0.26008915300189983,0.5048898458480835,-2.0646964512267054,1.6231244246112269,-0.9422487181476136,-1.4083107153521937,0.24249884486198425,-0.2405884861946106,-0.45973700284957886,-1.4096347093582153,-0.5507347583770752,-0.09036591649055481,-0.1884286105632782,-0.2656214237213135,-0.33467987179756165,-1.0402299165725708,-0.3845621347427368,-0.14006642997264862,-0.14486506581306458,-4.025030850971027,4.9408814045983105,-2.5280779899404107,0.29744481543166545,0.19097387627115253,0.04769055396136063,0.4909758,-2.0788991,1.6083775,-0.94930947,-1.4175262,0.23865275,0.4909758,-2.0788991,1.6083775,-0.94930947,-1.4175262,0.23865275,0.5048898458480835,-2.0646965503692627,1.6231244802474976,-0.9422487020492554,-1.4083107709884644,0.24249884486198425,-0.34785137,-0.3550641,-0.36867684,-0.17651857,-0.23038745,-0.0961525,-0.19813558,0.0,0.0,0.0,0.0,,,False,0,0.02019409665378162,0.20466928053308606,0.21145400265241174,0.21771696416716874,-0.1838699027864592,0.11368687400359188,0.9999428378787066,0.005345805220344137,-0.003379944338561706,0.008620512320640324,0.12354892,-0.2330849,0.3045104,0.2184109906306559,3.971299156546593e-05,0.00019533399608917534,0.0004947269917465746,0.00036469000042416155,0.00018577299488242716,0.00010654900688678026,0.0017447729915147647,0.018110620003426448,0.019855392994941212,50.36415044793027,0
13,0.2800857440015534,0.5028069615364075,-2.0669061146178187,1.6209033171283167,-0.9433215421489258,-1.4096806685077112,0.24191904067993164,-0.24830178916454315,-0.38090822100639343,-1.3454598188400269,-0.5358355045318604,-0.10355047881603241,-0.19101078808307648,-0.2389698475599289,-0.28904929757118225,-1.011569857597351,-0.37624967098236084,-0.133792445063591,-0.14243686199188232,-3.8400387944598346,5.453141590572182,-2.1650426430269016,0.30654394189373896,0.17839557585115995,0.05314541160962705,0.4885589,-2.081104,1.6061455,-0.9504403,-1.4190875,0.2380326,0.4885589,-2.081104,1.6061455,-0.9504403,-1.4190875,0.2380326,0.5028069615364075,-2.066906213760376,1.6209033727645874,-0.9433215260505676,-1.409680724143982,0.24191904067993164,-0.3562017,-0.3549436,-0.3689482,-0.17796892,-0.23516944,-0.097161286,-0.19804518,0.0,0.0,0.0,0.0,,,False,0,0.021182961941274545,0.20457025085904684,0.2122216412235787,0.21811305042984847,-0.18371268356588796,0.11352394683901236,0.9999124372232221,0.00680208353885442,-0.003413616024942399,0.010827764744947224,0.12354892,-0.2330849,0.3045104,0.21875973596525866,5.1041002734564245e-05,0.00018781100516207516,0.0005642539908876643,0.0002996830007759854,0.000179725990165025,0.00010026599920820445,0.0017602979933144525,0.01808306999737397,0.01984336799068842,50.39467092830481,0
14,0.3000813660037238,0.5007618069648743,-2.068937917748922,1.618631664906637,-0.9443951410106202,-1.411046330128805,0.24133655428886414,-0.22108635306358337,-0.37847381830215454,-1.285050392150879,-0.5320805311203003,-0.09425292164087296,-0.1843254566192627,-0.23284423351287842,-0.28498226404190063,-1.009055256843567,-0.3757326304912567,-0.13224230706691742,-0.14192913472652435,-3.9231475412197296,5.321495720903286,-1.8113708795756311,0.30938247955315346,0.18891602769413893,0.04121984924214718,0.4863511,-2.0832314,1.6039509,-0.951433,-1.4206005,0.2374425,0.4863511,-2.0832314,1.6039509,-0.951433,-1.4206005,0.2374425,0.5007618069648743,-2.0689380168914795,1.6186317205429077,-0.944395124912262,-1.4110463857650757,0.24133655428886414,-0.3602678,-0.35733494,-0.36702183,-0.17594722,-0.23885341,-0.09735164,-0.19646917,0.0,0.0,0.0,0.0,,,False,0,0.02217650166596269,0.20447684994415222,0.21298532044856658,0.21803408848257028,-0.18378661555944079,0.11364363511564489,0.9999192579206809,0.005533688111323258,-0.003826037263796052,0.01078284792112285,0.12354892,-0.2330849,0.3045104,0.2186044283956123,0.0001665920135565102,0.00012764500570483506,0.0005737840110668913,0.00032994399953167886,0.00018026999896392226,9.764998685568571e-05,0.0019055790035054088,0.017934183997567743,0.019839763001073152,50.40382790590336,0
15,0.3200924030097667,0.4988337457180023,-2.0709415874876917,1.616671387349264,-0.9453769487193604,-1.4123857657061976,0.2407974898815155,-0.21268218755722046,-0.4285644590854645,-1.3475347757339478,-0.5546075105667114,-0.07090842723846436,-0.1712697446346283,-0.24252261221408844,-0.2902587354183197,-1.0133163928985596,-0.37883010506629944,-0.13434579968452454,-0.1426931470632553,-3.904706239591374,5.435755351960454,-2.7595957101729143,0.31035764273579275,0.19112089919099562,0.09711554154698424,0.4904094,-2.084185,1.5964137,-0.9541388,-1.4182109,0.23745474,0.4904094,-2.084185,1.5964137,-0.9541388,-1.4182109,0.23745474,0.4988337457180023,-2.070941686630249,1.6166714429855347,-0.9453769326210022,-1.4123858213424683,0.2407974898815155,-0.2106088,-0.33108288,-0.50644255,-0.21904726,-0.14562556,-0.08356875,-0.18899447,0.0,0.0,0.0,0.0041176448576152325,0.0020588225000000003,8.23529,False,0,0.023079914206753885,0.20435396502469552,0.21367425386358205,0.21800431444558702,-0.1837447405613516,0.1135700625873725,0.9999199599871167,0.005969170251344235,-0.0037430031870037627,0.010510081561127402,0.12354892,-0.2330849,0.3045104,0.2186652500776491,4.6568005927838385e-05,0.0002091390051646158,0.0007016259914962575,0.0003980390029028058,0.00020453699107747525,0.00011011501192115247,0.0021173910063225776,0.0177036870009033,0.01982107800722588,50.451342739050055,0
16,0.3400918450060999,0.4968816637992859,-2.072930475274557,1.6146114508258265,-0.9463314575007935,-1.4136670271502894,0.240266814827919,-0.20249083638191223,-0.38955438137054443,-1.3415061235427856,-0.5461538434028625,-0.09632135927677155,-0.2107958197593689,-0.24707703292369843,-0.2954694330692291,-1.0171231031417847,-0.38074350357055664,-0.13587316870689392,-0.1431257575750351,-3.996086282261009,5.369995221522657,-2.175349077267547,0.3115553328748047,0.18993348365921722,0.05079290082089988,0.4822933,-2.0873556,1.5997586,-0.954122,-1.4245167,0.23632047,0.4822933,-2.0873556,1.5997586,-0.954122,-1.4245167,0.23632047,0.4968816637992859,-2.0729305744171143,1.6146115064620972,-0.9463314414024353,-1.41366708278656,0.240266814827919,-0.3647086,-0.3606284,-0.3713218,-0.19476444,-0.27123883,-0.09865886,-0.19874932,0.0,0.0,0.0,0.0041176448576152325,0.0020588225000000003,8.23529,False,0,0.02398721306088495,0.20424286540026756,0.21438985240484576,0.2179771562287708,-0.18370634400264346,0.11363724390749629,0.999917447126497,0.00622544589905098,-0.0036941160164337826,0.010614813223872916,0.12354892,-0.2330849,0.3045104,0.21860352598119592,4.486199759412557e-05,0.0001355600106762722,0.0005502120038727298,0.000346542990882881,0.0001710110082058236,0.00011480999819468707,0.001782367005944252,0.018045484001049772,0.019827851006994024,50.43410905434293,0
17,0.36012641100387555,0.4949875473976135,-2.074923177758688,1.612523380910055,-0.9472962778857728,-1.4149087111102503,0.23975509405136108,-0.18498994410037994,-0.43851807713508606,-1.360408902168274,-0.5812121629714966,-0.07642711699008942,-0.18565694987773895,-0.1783631592988968,-0.3071119487285614,-1.0592303276062012,-0.391436368227005,-0.12308891117572784,-0.1415248066186905,-3.6095328437394008,5.43921951022192,-2.484726608961481,0.3048608106646568,0.1724837897751511,0.04611903681803594,0.48017374,-2.0897791,1.5978432,-0.95490223,-1.4255315,0.23576087,0.48017374,-2.0897791,1.5978432,-0.95490223,-1.4255315,0.23576087,0.4949875473976135,-2.074923276901245,1.6125234365463257,-0.9472962617874146,-1.414908766746521,0.23975509405136108,-0.37034547,-0.3713946,-0.36700717,-0.19014889,-0.26556727,-0.099855766,-0.18878832,0.0,0.0,0.0,0.0041176448576152325,0.0020588225000000003,8.23529,False,0,0.02488103083193002,0.2041402103995564,0.21511853523383176,0.21790961561377323,-0.18377597093740392,0.1136410307834406,0.9999270419782057,0.005839640989129046,-0.0035960169899421648,0.009943799893325733,0.12354892,-0.2330849,0.3045104,0.21855533334015495,4.400999750941992e-05,0.00021975600975565612,0.0005660419992636889,0.0003394249943085015,0.00017080199904739857,0.00010671500058379024,0.0018570669926702976,0.01801334800256882,0.019870414995239116,50.326075234945854,0
18,0.38007803200162016,0.49336230754852295,-2.076792379418844,1.610140625630514,-0.9484304350665589,-1.4159749189959925,0.23921938240528107,-0.2797658443450928,-0.4396570920944214,-1.3094030618667603,-0.6024593114852905,-0.08898350596427917,-0.1632537692785263,-0.2516706585884094,-0.28274914622306824,-1.014422059059143,-0.38425788283348083,-0.13859286904335022,-0.1430623084306717,-3.67115782748474,5.295184146215318,-2.3159778775583364,0.30488869158584747,0.17436246467440358,0.046656066298130766,0.4782331,-2.0917819,1.5955483,-0.95604664,-1.4267712,0.2351742,0.4782331,-2.0917819,1.5955483,-0.95604664,-1.4267712,0.2351742,0.49336230754852295,-2.0767924785614014,1.6101406812667847,-0.9484304189682007,-1.4159749746322632,0.23921938240528107,-0.37823036,-0.37473458,-0.36480922,-0.19040532,-0.26990512,-0.101129815,-0.18723294,0.0,0.0,0.0,0.0041176448576152325,0.0020588225000000003,8.23529,False,0,0.025780397049002483,0.2041210919313203,0.2159209906949255,0.21789426103721413,-0.18380271318347668,0.11362879927197421,0.9999294340081207,0.0059912819534045075,-0.0028846604545633347,0.009845762107685195,0.12354892,-0.2330849,0.3045104,0.2185533552105474,4.255298699717969e-05,0.0001254319940926507,0.00054751499556005,0.0019590110023273155,0.00022822400205768645,0.00011082200217060745,0.0034950760018546134,0.016293513996060938,0.01978858999791555,50.534171464734776,0
19,0.40009324499987997,0.49163365364074707,-2.0787302456297816,1.6077855269061487,-0.949577586059906,-1.4172270933734339,0.23872467875480652,-0.24174371361732483,-0.4495852589607239,-1.296632170677185,-0.5487226843833923,-0.09579215943813324,-0.19244299829006195,-0.27604812383651733,-0.3013770282268524,-1.001060128211975,-0.3799743354320526,-0.1455938220024109,-0.14412935078144073,-3.9080879731437936,5.101688518374903,-1.8972880786957358,0.3004576717862465,0.18436469888977935,0.04038383523965079,0.4762921,-2.093609,1.5931542,-0.9572773,-1.4280882,0.23465069,0.4762921,-2.093609,1.5931542,-0.9572773,-1.4280882,0.23465069,0.49163365364074707,-2.078730344772339,1.6077855825424194,-0.9495775699615479,-1.4172271490097046,0.23872467875480652,-0.38353908,-0.37196895,-0.36578333,-0.19249369,-0.2715248,-0.10184968,-0.18822657,0.0,0.0,0.0,0.0041176448576152325,0.0020588225000000003,8.23529,False,0,0.026712356442715496,0.2040534941935779,0.21672387179570146,0.21784636206818697,-0.18379919714747114,0.113680301845641,0.9999302403511129,0.00560499692929716,-0.0038566675358067144,0.009655516864052305,0.12354892,-0.2330849,0.3045104,0.2184884910254763,4.299101419746876e-05,0.00012751399481203407,0.0006391709903255105,0.0003516730066621676,0.00017469600425101817,0.0001227899920195341,0.001866235994384624,0.017981165001401678,0.019847400995786302,50.384430697616516,0
20,0.4200867589970585,0.489750474691391,-2.0807553730406703,1.6057489554034632,-0.9505151075175782,-1.4186156431781214,0.23818561434745789,-0.3150101602077484,-0.41459766030311584,-1.3290512561798096,-0.673722505569458,-0.10127533972263336,-0.18572849035263062,-0.26594895124435425,-0.2921123504638672,-1.0040942430496216,-0.38147875666618347,-0.14127212762832642,-0.14461015164852142,-2.7954458834434655,5.508793861872086,-2.747347515432957,0.31572588149011815,0.1453223605103419,0.04469241777982729,0.47414786,-2.0956125,1.5911193,-0.95824844,-1.4296309,0.23407798,0.47414786,-2.0956125,1.5911193,-0.95824844,-1.4296309,0.23407798,0.489750474691391,-2.0807554721832275,1.6057490110397339,-0.95051509141922,-1.418615698814392,0.23818561434745789,-0.39006525,-0.37142354,-0.3657439,-0.193333,-0.27537972,-0.102691054,-0.18810388,0.0,0.0,0.0,0.0041176448576152325,0.0020588225000000003,8.23529,False,0,0.027594953456116712,0.20389968872650188,0.21745056369527146,0.21783304644476856,-0.18376382713708622,0.1136784918655381,0.9999332047759489,0.005124298543962332,-0.003968340659475388,0.009568956317523268,0.12354892,-0.2330849,0.3045104,0.2184923068506006,4.433799767866731e-05,0.0002088490000460297,0.0005006279970984906,0.00038770699757151306,0.00017384400416631252,9.874699753709137e-05,0.0018467610061634332,0.01800090399046894,0.019847664996632375,50.38376051639695,0
21,0.44012848900456447,0.48766618967056274,-2.082855363885397,1.6035783926593226,-0.9516921800426026,-1.4201353232013147,0.2376260757446289,-0.2584892213344574,-0.38704052567481995,-1.2753742933273315,-0.604751467704773,-0.08235032111406326,-0.1900751292705536,-0.25512009859085083,-0.28545740246772766,-1.0097488164901733,-0.3840947449207306,-0.13886164128780365,-0.14429089426994324,-3.778685893040252,5.409641452692194,-1.9326705197069538,0.3096900498447127,0.1721574458809023,0.03691148967356789,0.47173283,-2.097661,1.5889372,-0.959511,-1.4312706,0.23346637,0.47173283,-2.097661,1.5889372,-0.959511,-1.4312706,0.23346637,0.48766618967056274,-2.082855463027954,1.6035784482955933,-0.9516921639442444,-1.4201353788375854,0.2376260757446289,-0.39833397,-0.37014127,-0.36603245,-0.1954711,-0.27838013,-0.103992455,-0.18853414,0.0,0.0,0.0,0.0041176448576152325,0.0020588225000000003,8.23529,False,0,0.02859356721578424,0.20374273222894754,0.21823018866795676,0.21783498439322269,-0.18383235131755998,0.11361266741004711,0.9999331088626486,0.00526378781177099,-0.0043201000773628335,0.009346897287459365,0.12354892,-0.2330849,0.3045104,0.21853518266621158,3.9637001464143395e-05,0.0001191019982798025,0.0005017029907321557,0.00030526999034918845,0.00015474000247195363,9.64780047070235e-05,0.00158064799325075,0.01831426400167402,0.01989491199492477,50.264107740466606,0
22,0.4600867319968529,0.4855574071407318,-2.0848967037596644,1.601590935383932,-0.9527568978122254,-1.4216278235064905,0.23707152903079987,-0.2655445635318756,-0.4799298048019409,-1.3490718603134155,-0.642704963684082,-0.09567961096763611,-0.19329243898391724,-0.2719774842262268,-0.3131890296936035,-1.0324785709381104,-0.3922451138496399,-0.1436295211315155,-0.1460029035806656,-3.4969475273376744,5.426299904724938,-2.32876955998372,0.31134036415531946,0.16400786908219384,0.040425838687912524,0.4693825,-2.0996826,1.5869588,-0.96061885,-1.4329025,0.23287803,0.4693825,-2.0996826,1.5869588,-0.96061885,-1.4329025,0.23287803,0.4855574071407318,-2.0848968029022217,1.6015909910202026,-0.9527568817138672,-1.4216278791427612,0.23707152903079987,-0.40437314,-0.36964524,-0.36580655,-0.19654988,-0.28186545,-0.104837306,-0.1883387,0.0,0.0,0.0,0.0041176448576152325,0.0020588225000000003,8.23529,False,0,0.029546152411863452,0.20356225089791774,0.21895855004475395,0.21781744735076616,-0.1838011813782755,0.1136666713219561,0.999935858907528,0.005446535307313422,-0.0037354941523840657,0.009203906963644128,0.12354892,-0.2330849,0.3045104,0.21848747151442355,3.8345999200828373e-05,0.00011399100185371935,0.0005212130054133013,0.000405131999286823,0.00019416000577621162,0.00011219200678169727,0.0017425349942641333,0.01806718199804891,0.019809716992313042,50.48027694631073,0
23,0.48010845300450455,0.4831995666027069,-2.0870772800841273,1.5994837919818323,-0.953881637459137,-1.4232443014727991,0.23645302653312683,-0.271639883518219,-0.4575202167034149,-1.3634541034698486,-0.6678570508956909,-0.10720749944448471,-0.20019960403442383,-0.2727792263031006,-0.3020343780517578,-1.0277622938156128,-0.3923799395561218,-0.14461098611354828,-0.14623986184597015,-3.4106014237994042,5.401217455618704,-2.762703257892756,0.31174408498640815,0.1476261904623437,0.04119877987157605,0.46659458,-2.1017058,1.5847743,-0.96195644,-1.4346206,0.23217086,0.46659458,-2.1017058,1.5847743,-0.96195644,-1.4346206,0.23217086,0.4831995666027069,-2.0870773792266846,1.599483847618103,-0.9538816213607788,-1.4232443571090698,0.23645302653312683,-0.41512495,-0.3657108,-0.36773968,-0.20186982,-0.28440657,-0.107053995,-0.18967761,0.0,0.0,0.0,0.0041176448576152325,0.0020588225000000003,8.23529,False,0,0.030578774579799017,0.20335387795506352,0.2197360406190333,0.21785743153300843,-0.18371682176226992,0.11355399022275833,0.9999363265971799,0.005814928144399158,-0.0024083932066964416,0.009363666344503283,0.12354892,-0.2330849,0.3045104,0.21862218368292358,3.9753998862579465e-05,0.00019609999435488135,0.0004913370066788048,0.0003519300080370158,0.0001745999907143414,0.00010061399370897561,0.0017088489985326305,0.018166666995966807,0.019875515994499438,50.31315917920072,0
24,0.5000949490058701,0.480759859085083,-2.089379449883932,1.597083870564596,-0.9551613491824646,-1.4250076452838343,0.23580263555049896,-0.2222793698310852,-0.3565089702606201,-1.2817069292068481,-0.610396683216095,-0.09663897007703781,-0.20922432839870453,-0.2664591372013092,-0.28653642535209656,-1.0198363065719604,-0.3907128870487213,-0.14276134967803955,-0.14570912718772888,-3.362630193516645,5.6928101166800005,-2.3330914849254842,0.32416673492220227,0.15637800725026868,0.03891642234787414,0.46378633,-2.103949,1.582379,-0.9633612,-1.4365447,0.23145571,0.46378633,-2.103949,1.582379,-0.9633612,-1.4365447,0.23145571,0.480759859085083,-2.0893795490264893,1.5970839262008667,-0.9551613330841064,-1.425007700920105,0.23580263555049896,-0.4243378,-0.36423865,-0.36762345,-0.20499638,-0.288424,-0.10867321,-0.189954,0.0,0.0,0.0,0.0041176448576152325,0.0020588225000000003,8.23529,False,0,0.0317025346580149,0.20313950148888638,0.22060789374531803,0.21780907744893566,-0.1838143111642393,0.11355719514649866,0.9999367364322136,0.005759892416184732,-0.0025375132493359485,0.009323828754574881,0.12354892,-0.2330849,0.3045104,0.21857653331591037,4.3989988625980914e-05,0.00013780398876406252,0.0005591199878836051,0.00036446299054659903,0.00017612001101952046,0.00011702699703164399,0.00183414900675416,0.017965519000426866,0.019799668007181026,50.505897353294806,0
25,0.520134047997999,0.4781888723373413,-2.0917474232115687,1.594806973134176,-0.9564245504191895,-1.4268067518817347,0.23510442674160004,-0.2415343075990677,-0.3930858373641968,-1.3003137111663818,-0.5731419324874878,-0.08871333301067352,-0.1937098503112793,-0.2377423793077469,-0.24160036444664001,-0.991571843624115,-0.38228151202201843,-0.13589686155319214,-0.14334726333618164,-3.2541185757039885,5.86770663398843,-2.0916655478768353,0.3352418999339634,0.1612781689929055,0.039091790429220064,0.46096256,-2.106382,1.5801706,-0.9645778,-1.4385601,0.23074147,0.46096256,-2.106382,1.5801706,-0.9645778,-1.4385601,0.23074147,0.4781888723373413,-2.091747522354126,1.5948070287704468,-0.9564245343208313,-1.4268068075180054,0.23510442674160004,-0.43065783,-0.36585894,-0.36590984,-0.20383088,-0.2938327,-0.10907394,-0.18913476,0.0,0.0,0.0,0.0041176448576152325,0.0020588225000000003,8.23529,False,0,0.03282854789553776,0.2028947777840473,0.2214616546420855,0.21784713572225387,-0.18377203789465635,0.11357080627116571,0.999930058629618,0.006056370742470428,-0.0028731157440899536,0.009745279573435026,0.12354892,-0.2330849,0.3045104,0.21859059123573715,4.5598993892781436e-05,0.00013549599680118263,0.0005738710024161264,0.0003696450003189966,0.00017498299712315202,0.00011036799696739763,0.0018425610032863915,0.018021689989836887,0.019864250993123278,50.3416917328615,0
26,0.5401016600080766,0.4757321774959564,-2.0939160786070765,1.5926912466632288,-0.9575658005527039,-1.4284513632403772,0.23449590802192688,-0.25170567631721497,-0.4029615521430969,-1.3092619180679321,-0.5985829830169678,-0.12790560722351074,-0.18283052742481232,-0.23467637598514557,-0.24363216757774353,-0.9929056167602539,-0.3829439878463745,-0.13509880006313324,-0.14226076006889343,-3.0429607377738606,5.774473480119928,-2.1589521656087807,0.3247563442214755,0.14706864334952446,0.03760316047005126,0.45832404,-2.1086564,1.5781543,-0.9656424,-1.4403608,0.23012689,0.45832404,-2.1086564,1.5781543,-0.9656424,-1.4403608,0.23012689,0.4757321774959564,-2.093916177749634,1.5926913022994995,-0.9575657844543457,-1.428451418876648,0.23449590802192688,-0.43520302,-0.36850393,-0.3634231,-0.20191492,-0.29773548,-0.109225415,-0.18799685,0.0,0.0,0.0,0.0041176448576152325,0.0020588225000000003,8.23529,False,0,0.033876196269175395,0.20266226359134354,0.22225528770269745,0.21775726149898214,-0.18383265150269626,0.11359900350778004,0.9999386910763959,0.005503206252707444,-0.002907991715727321,0.009155884279973648,0.12354892,-0.2330849,0.3045104,0.21851353085137232,4.3980006012134254e-05,0.0001343260082649067,0.0005509210022864863,0.0004238059918861836,0.0001734770048642531,0.00010992700117640197,0.001864983991254121,0.01793591601017397,0.01980090000142809,50.50275492163879,0
27,0.5600982809992274,0.4733453691005707,-2.095908304254049,1.5906112829791468,-0.9587142628482361,-1.4300997892962855,0.2338850349187851,-0.18315303325653076,-0.4109596610069275,-1.2958327531814575,-0.6016536951065063,-0.10784120857715607,-0.1877610683441162,-0.2461070716381073,-0.2547720968723297,-0.998678982257843,-0.3863333463668823,-0.13837657868862152,-0.14323551952838898,-3.644745741371248,5.753299101722802,-2.3472533220997103,0.3275353930294543,0.15406232244400278,0.03562031786456461,0.45565456,-2.1106281,1.5760975,-0.96682537,-1.4421474,0.2294779,0.45565456,-2.1106281,1.5760975,-0.96682537,-1.4421474,0.2294779,0.4733453691005707,-2.0959084033966064,1.5906113386154175,-0.9587142467498779,-1.4300998449325562,0.2338850349187851,-0.44227043,-0.3679954,-0.3628449,-0.20277841,-0.30118716,-0.11017832,-0.18809384,0.0,0.0,0.0,0.0041176448576152325,0.0020588225000000003,8.23529,False,0,0.034913971463112314,0.20242983316544372,0.22302352484778054,0.21777589714332776,-0.18381752938377763,0.11359159859024101,0.9999339261876334,0.005663933515833749,-0.003031161052797993,0.009533451360794316,0.12354892,-0.2330849,0.3045104,0.21853144402034097,4.447900573723018e-05,0.00013956200564280152,0.0007107010023901239,0.00033248499676119536,0.00017758100875653327,0.00011052598711103201,0.001963846996659413,0.017866091991891153,0.019829938988550566,50.428798625017514,0
28,0.5801397400064161,0.47093623876571655,-2.097978731194967,1.5885399023639124,-0.9598555725863953,-1.4316719214068812,0.2332908809185028,-0.22325585782527924,-0.3865009546279907,-1.302248239517212,-0.6094462871551514,-0.13100208342075348,-0.2013138383626938,-0.2513589560985565,-0.2621080279350281,-1.0015474557876587,-0.3877001106739044,-0.14001241326332092,-0.14355196058750153,-3.377418585347722,5.470009677213865,-2.1552718366120462,0.32060050207435487,0.15315655742208908,0.031527388379902675,0.45307094,-2.112714,1.5740806,-0.96795535,-1.443858,0.22886994,0.45307094,-2.112714,1.5740806,-0.96795535,-1.443858,0.22886994,0.47093623876571655,-2.0979788303375244,1.588539958000183,-0.9598555564880371,-1.4316719770431519,0.2332908809185028,-0.44663215,-0.36838073,-0.36148438,-0.2024942,-0.30465207,-0.11052328,-0.18788943,0.0,0.0,0.0,0.0041176448576152325,0.0020588225000000003,8.23529,False,0,0.035936670394537906,0.20220330175085788,0.22380603326633225,0.21779903984212232,-0.18386089373824258,0.11359877617593692,0.9999392980726102,0.0054763592454928085,-0.0022903825326268494,0.009284664621902588,0.12354892,-0.2330849,0.3045104,0.21852538126827045,4.5110995415598154e-05,0.0002196449931943789,0.0005519240075955167,0.0003153199941152707,0.00017098999524023384,0.00014366100367624313,0.0018687950068851933,0.018005010002525523,0.019873805009410717,50.31749076366988,0
29,0.600145907010301,0.4685826003551483,-2.100001951257223,1.5865944067584437,-0.9609044951251526,-1.4333036581622522,0.23269589245319366,-0.24346569180488586,-0.3768606185913086,-1.3428153991699219,-0.6033565402030945,-0.14667105674743652,-0.21199063956737518,-0.2543070316314697,-0.259878933429718,-1.001695990562439,-0.3887476325035095,-0.14065979421138763,-0.14369405806064606,-2.756294181084186,5.3980887333281915,-2.3210690136596086,0.31846644369395777,0.12932542171608555,0.03163020936120114,0.45039752,-2.1146643,1.572119,-0.9690788,-1.4456179,0.22822455,0.45039752,-2.1146643,1.572119,-0.9690788,-1.4456179,0.22822455,0.4685826003551483,-2.1000020503997803,1.5865944623947144,-0.9609044790267944,-1.433303713798523,0.23269589245319366,-0.4546267,-0.36655444,-0.3618861,-0.20435774,-0.30785516,-0.11178381,-0.18843657,0.0,0.0,0.0,0.0041176448576152325,0.0020588225000000003,8.23529,False,0,0.03691771770667794,0.2019443258957325,0.22454849556584422,0.21776443442324925,-0.18381131010014815,0.11360635153239972,0.9999382532023866,0.0057748980681588255,-0.0026044546443622085,0.009130680467504518,0.12354892,-0.2330849,0.3045104,0.2185150150570559,4.5504013542085886e-05,0.00013196699728723615,0.0006851120124338195,0.0002918370009865612,0.00017692199617158622,0.00011084499419666827,0.0018650459969649091,0.017969600012293085,0.019834646009257995,50.41683121207413,0
30,0.6201383310108213,0.4661519229412079,-2.102049490014547,1.5845626036273401,-0.9620912832072754,-1.4349845091449183,0.23205730319023132,-0.22075983881950378,-0.33617278933525085,-1.3241260051727295,-0.6266184449195862,-0.14173045754432678,-0.19182369112968445,-0.2544704079627991,-0.2577895224094391,-1.0012248754501343,-0.38953083753585815,-0.1407873034477234,-0.1437067985534668,-3.0662767510449154,5.841223737008349,-2.445449101600426,0.3414864489061613,0.1411174595913151,0.03108203159290053,0.44769734,-2.1166687,1.5701097,-0.9703284,-1.4474416,0.22754446,0.44769734,-2.1166687,1.5701097,-0.9703284,-1.4474416,0.22754446,0.4661519229412079,-2.1020495891571045,1.5845626592636108,-0.9620912671089172,-1.434984564781189,0.23205730319023132,-0.46136445,-0.36547816,-0.3613227,-0.20592834,-0.31142592,-0.112821355,-0.18874416,0.0,0.0,0.0,0.0041176448576152325,0.0020588225000000003,8.23529,False,0,0.03795409862818449,0.20168645501132187,0.22532671212401428,0.21780944140969952,-0.18380154198061707,0.11355509157345617,0.9999362047314185,0.00573804424703553,-0.0028234339956070527,0.009311890887725516,0.12354892,-0.2330849,0.3045104,0.2185814067036524,0.00012229899584781379,0.00013013598800171167,0.0005791739968117326,0.00041482600499875844,0.0001909120037453249,0.00010724599997047335,0.0019367649947525933,0.017824382011895068,0.01976114700664766,50.60435002399402,0
31,0.6401329100044677,0.46369826793670654,-2.1040779552855433,1.5825265089618128,-0.9632203739932557,-1.4366396109210413,0.23145005106925964,-0.29825249314308167,-0.4057757258415222,-1.2813243865966797,-0.5856909155845642,-0.14408844709396362,-0.18862898647785187,-0.2553054690361023,-0.25291526317596436,-0.9994363784790039,-0.38998717069625854,-0.14090490341186523,-0.1437574177980423,-2.9802740312016267,5.683965239267918,-2.093432973031006,0.3232741317351659,0.13145377184677942,0.028317253514039367,0.44502616,-2.1186647,1.5681058,-0.97150415,-1.4492168,0.22690783,0.44502616,-2.1186647,1.5681058,-0.97150415,-1.4492168,0.22690783,0.46369826793670654,-2.1040780544281006,1.5825265645980835,-0.9632203578948975,-1.436639666557312,0.23145005106925964,-0.4668026,-0.36466467,-0.36051732,-0.20709474,-0.3144288,-0.11355532,-0.18900786,0.0,0.0,0.0,0.0041176448576152325,0.0020588225000000003,8.23529,False,0,0.038977494905238,0.20142222055588604,0.2261053949490973,0.21774218037385737,-0.183788490139296,0.11360027549684124,0.9999365962628818,0.005711911263268061,-0.0029634062263915995,0.009242672989200425,0.12354892,-0.2330849,0.3045104,0.21851587637376935,4.421100311446935e-05,0.00013024499639868736,0.0005653830012306571,0.0003498209989629686,0.00017358199693262577,0.0001057539921021089,0.0017697500006761402,0.018062390998238698,0.019832140998914838,50.4231993940905,0
32,0.6601332200079923,0.4612142741680145,-2.1060944996275843,1.5805695692645472,-0.9642898005298157,-1.4383752981769007,0.23086662590503693,-0.2504732608795166,-0.42048755288124084,-1.2988630533218384,-0.6050360798835754,-0.12704162299633026,-0.21188634634017944,-0.2558005452156067,-0.24957990646362305,-0.9983145594596863,-0.3908950388431549,-0.14127424359321594,-0.1439504772424698,-3.2516429818720423,5.955245217789227,-2.4228037902906383,0.33497028516158495,0.14257370122948723,0.02482303207708178,0.4422569,-2.1206634,1.566193,-0.97261596,-1.4511535,0.2262857,0.4422569,-2.1206634,1.566193,-0.97261596,-1.4511535,0.2262857,0.4612142741680145,-2.1060945987701416,1.5805696249008179,-0.9642897844314575,-1.4383753538131714,0.23086662590503693,-0.47393435,-0.36422268,-0.3594158,-0.20815466,-0.31945276,-0.11452309,-0.18899766,0.0,0.0,0.0,0.0041176448576152325,0.0020588225000000003,8.23529,False,0,0.039989259346372395,0.2011234338615859,0.22686087503036093,0.2177758199773534,-0.18381594784657224,0.11358818493098198,0.9999386146830869,0.0056245017296204375,-0.0029588076448698966,0.009074108811904593,0.12354892,-0.2330849,0.3045104,0.21853474963372857,3.899699368048459e-05,0.00011262598854955286,0.0004867079987889156,0.0003108469973085448,0.00015483199968002737,0.00010557900532148778,0.001572111010318622,0.01828419500088785,0.01985630601120647,50.36183464515613,0
33,0.6800932409969391,0.4586687982082367,-2.1081210575499476,1.5786007086383265,-0.9654297393611451,-1.4400542418109339,0.2302439659833908,-0.3100925385951996,-0.379535049200058,-1.3149827718734741,-0.5987856984138489,-0.15932226181030273,-0.2053261250257492,-0.28119349479675293,-0.2769540846347809,-1.016436219215393,-0.3982490599155426,-0.1479114145040512,-0.14589200913906097,-2.490804688716919,5.422315185830964,-2.5733166218646075,0.3237353205726118,0.11663033047406002,0.026056919210447546,0.4393815,-2.122523,1.5641898,-0.97391284,-1.4529462,0.22559643,0.4393815,-2.122523,1.5641898,-0.97391284,-1.4529462,0.22559643,0.4586687982082367,-2.108121156692505,1.5786007642745972,-0.9654297232627869,-1.4400542974472046,0.2302439659833908,-0.4821822,-0.36004725,-0.36027324,-0.21207708,-0.32229748,-0.116188504,-0.19034399,0.0,0.0,0.0,0.0041176448576152325,0.0020588225000000003,8.23529,False,0,0.04101925187565787,0.2008366382478613,0.22763133426778293,0.21779020593531365,-0.1837563836095599,0.1135870268129165,0.9999402845075771,0.005658205999337062,-0.002518866526835722,0.009005550811494517,0.12354892,-0.2330849,0.3045104,0.21855540075344676,3.849600034300238e-05,0.0001137469953391701,0.0005113740044180304,0.00024172999837901443,0.00014946999726817012,9.654699533712119e-05,0.001588734012329951,0.018224078987259418,0.01981281299958937,50.472388752708945,0
34,0.7001364809984807,0.4559192359447479,-2.1103459797301234,1.5764334837542933,-0.9666690987399598,-1.4419119993792933,0.22957684099674225,-0.22319422662258148,-0.36172789335250854,-1.2956352233886719,-0.5772451758384705,-0.16886094212532043,-0.18287894129753113,-0.2565147280693054,-0.2363719940185547,-0.9918845891952515,-0.3912750780582428,-0.14283287525177002,-0.14409977197647095,-2.7749204677721355,5.642484209650443,-2.1719277682343607,0.3219637702669048,0.12655019433533127,0.021730252762763146,0.4362731,-2.1246128,1.5620134,-0.97528094,-1.45498,0.22486447,0.4362731,-2.1246128,1.5620134,-0.97528094,-1.45498,0.22486447,0.4559192359447479,-2.1103460788726807,1.576433539390564,-0.9666690826416016,-1.441912055015564,0.22957684099674225,-0.49115315,-0.35666636,-0.36050314,-0.21529694,-0.32669762,-0.117809355,-0.19128533,0.0,0.0,0.0,0.0041176448576152325,0.0020588225000000003,8.23529,False,0,0.04213547429504191,0.20051318866221013,0.22848243070352034,0.21774283541964545,-0.18388209467886452,0.11360178486732309,0.9999402869533944,0.005921070001885096,-0.0024491159134126276,0.00885305154902111,0.12354892,-0.2330849,0.3045104,0.21849374212905043,0.00019195899949409068,0.00011789599375333637,0.0005015850038034841,0.00028946000384166837,0.0001567699946463108,9.901401062961668e-05,0.001718662999337539,0.018123212998034433,0.01984187599737197,50.39846031355344,0
35,0.7201327070069965,0.4531758427619934,-2.112455984155172,1.5743454138385218,-0.9678892654231568,-1.4438384214984339,0.22890260815620422,-0.2523286044597626,-0.37151429057121277,-1.3010480403900146,-0.5838196873664856,-0.11348340660333633,-0.19224750995635986,-0.24420413374900818,-0.22653329372406006,-0.9865482449531555,-0.38931456208229065,-0.13921774923801422,-0.14304286241531372,-2.822693240333588,6.035371190422561,-2.050163287517982,0.33993580336182416,0.12671763787223003,0.0215229096351872,0.43336603,-2.1267557,1.5599935,-0.9764768,-1.4570638,0.22418225,0.43336603,-2.1267557,1.5599935,-0.9764768,-1.4570638,0.22418225,0.4531758427619934,-2.1124560832977295,1.5743454694747925,-0.9678892493247986,-1.4438384771347046,0.22890260815620422,-0.49524498,-0.35749155,-0.35880056,-0.21468805,-0.3306318,-0.11800905,-0.19103569,0.0,0.0,0.0,0.0041176448576152325,0.0020588225000000003,8.23529,False,0,0.043246511403819576,0.20016609792770151,0.22930090028229932,0.2177598172415444,-0.18381779452968736,0.11363739482877344,0.9999402769775904,0.0054778916181388,-0.002896714013300155,0.009001067592817321,0.12354892,-0.2330849,0.3045104,0.21848444156741714,4.132500907871872e-05,0.00011526700109243393,0.0004984210099792108,0.00048732598952483386,0.00017716200090944767,9.884199243970215e-05,0.0018626620003487915,0.017936436997842975,0.019799098998191766,50.50734884912334,0
36,0.7401359250070527,0.4504871070384979,-2.1144420109190882,1.5723698774920862,-0.9690292042544861,-1.4455745855914515,0.22822456061840057,-0.2631828784942627,-0.3997657597064972,-1.3346995115280151,-0.5961853861808777,-0.16369761526584625,-0.18819230794906616,-0.25224679708480835,-0.22708342969417572,-0.9881631135940552,-0.3918352723121643,-0.14087913930416107,-0.1436639279127121,-2.469470735606822,5.781760374182152,-2.4824274442449425,0.3292870444777386,0.10829991908867516,0.01915186401072788,0.43034124,-2.1287296,1.5580839,-0.9776643,-1.459039,0.22345534,0.43034124,-2.1287296,1.5580839,-0.9776643,-1.459039,0.22345534,0.4504871070384979,-2.1144421100616455,1.572369933128357,-0.9690291881561279,-1.4455746412277222,0.22822456061840057,-0.50364655,-0.35718924,-0.35715133,-0.21587785,-0.33660772,-0.11923045,-0.19105813,0.0,0.0,0.0,0.0041176448576152325,0.0020588225000000003,8.23529,False,0,0.04430041976664256,0.19984487166450957,0.23008012866168157,0.21779898263730993,-0.18380391332536644,0.11359746582001459,0.9999374925609193,0.005582393744641173,-0.00349918413298125,0.009032479010074666,0.12354892,-0.2330849,0.3045104,0.21853934349871443,3.87619948014617e-05,0.00011749099940061569,0.0005150789947947487,0.00029808899853378534,0.00015628000255674124,9.873099043034017e-05,0.0015881940053077415,0.018267931998707354,0.019856126004015096,50.36229120412464,0
37,0.7601340980036184,0.4477766454219818,-2.116419931451315,1.5702994505511683,-0.9702349466136475,-1.4474042097674769,0.2275657206773758,-0.21849411725997925,-0.3942614197731018,-1.290269136428833,-0.5854948163032532,-0.12151709198951721,-0.19477085769176483,-0.25586363673210144,-0.2312733680009842,-0.9900274872779846,-0.3931945264339447,-0.1425880640745163,-0.14397789537906647,-2.9745552324947995,5.624376569702545,-2.3595176882537254,0.32643051370655923,0.12627476251587597,0.017037957683174013,0.4273805,-2.1306067,1.5560188,-0.97893924,-1.4609765,0.22275564,0.4273805,-2.1306067,1.5560188,-0.97893924,-1.4609765,0.22275564,0.4477766454219818,-2.116420030593872,1.570299506187439,-0.9702349305152893,-1.4474042654037476,0.2275657206773758,-0.50990343,-0.35466754,-0.3570157,-0.21760727,-0.33930472,-0.12025184,-0.19188976,0.0,0.0,0.0,0.0041176448576152325,0.0020588225000000003,8.23529,False,0,0.04538927478519982,0.19950932579973907,0.2308888185143883,0.217763280066951,-0.18380255734475515,0.11360400437535019,0.9999391099070205,0.0054973036706747564,-0.002980270946869269,0.00909278177972948,0.12354892,-0.2330849,0.3045104,0.21851854176549698,4.012401041109115e-05,0.00011522699787747115,0.000553902005776763,0.00034023899934254587,0.00015480100410059094,9.989300451707095e-05,0.0016983630048343912,0.018152491000364535,0.019850854005198926,50.375666444279965,0
38,0.7800941200111993,0.445027232170105,-2.118460317651266,1.5682876745807093,-0.9714265626719971,-1.4492233435260218,0.22692757844924927,-0.25234413146972656,-0.4023793935775757,-1.3147892951965332,-0.6080907583236694,-0.15489062666893005,-0.19638094305992126,-0.28635820746421814,-0.2587886452674866,-1.0091099739074707,-0.40105435252189636,-0.14993827044963837,-0.14637616276741028,-2.3134859143787954,5.551419404152342,-2.3080161268111112,0.327466168055476,0.10955169312974936,0.017175064263870436,0.42429355,-2.1324787,1.5539992,-0.98027056,-1.462994,0.22205335,0.42429355,-2.1324787,1.5539992,-0.98027056,-1.462994,0.22205335,0.445027232170105,-2.1184604167938232,1.56828773021698,-0.9714265465736389,-1.4492233991622925,0.22692757844924927,-0.518342,-0.35045615,-0.3572132,-0.22110048,-0.34426343,-0.121855676,-0.19296072,0.0,0.0,0.0,0.0041176448576152325,0.0020588225000000003,8.23529,False,0,0.046465534949228934,0.19916117151588056,0.2316945630346851,0.21775645305391145,-0.18382505016978404,0.11363266992836428,0.9999399279313275,0.005352362687023871,-0.002799559807807283,0.009145897606682739,0.12354892,-0.2330849,0.3045104,0.218485482790597,3.943699994124472e-05,0.00011298598838038743,0.0004935030010528862,0.0002912820054916665,0.00016042400966398418,0.00011610599176492542,0.0016771779919508845,0.018135048012482002,0.019812226004432887,50.47388414488382,0
39,0.8001340110058663,0.4420411288738251,-2.1205350361266078,1.5662286917315882,-0.9726506036571045,-1.4512208143817347,0.2262398898601532,-0.2708527743816376,-0.33060771226882935,-1.3924213647842407,-0.6574674248695374,-0.12107883393764496,-0.19684001803398132,-0.28896933794021606,-0.2485934942960739,-1.0049080848693848,-0.4015810489654541,-0.15124350786209106,-0.14677150547504425,-2.2324144253483795,5.567597178487455,-2.564105661070464,0.33598694754599295,0.0967755839319447,0.015581901884910744,0.42094505,-2.134241,1.5518905,-0.9817163,-1.465138,0.22127965,0.42094505,-2.134241,1.5518905,-0.9817163,-1.465138,0.22127965,0.4420411288738251,-2.120535135269165,1.5662287473678589,-0.9726505875587463,-1.4512208700180054,0.2262398898601532,-0.5274023,-0.34264916,-0.35845506,-0.22664265,-0.3479268,-0.12400609,-0.19525135,0.0,0.0,0.0,0.0041176448576152325,0.0020588225000000003,8.23529,False,0,0.047611518109904924,0.19876226419765003,0.23251878794425287,0.21778451346062058,-0.1838196276452076,0.1135680633354194,0.9999338371090285,0.005736231211821318,-0.0031887882306506953,0.009447135863105256,0.12354892,-0.2330849,0.3045104,0.2185552477786566,4.2629006202332675e-05,0.00011781099601648748,0.000492816005134955,0.0002698199969017878,0.0001572699984535575,9.818900434765965e-05,0.0015535690035903826,0.018282934004673734,0.019836503008264117,50.412111428278884,0
40,0.8201468089973787,0.438863605260849,-2.122781892816061,1.563932243977682,-0.9740464848330994,-1.4533384482013147,0.22549721598625183,-0.22731706500053406,-0.3352430462837219,-1.2944926023483276,-0.6051586866378784,-0.0671796202659607,-0.182955801486969,-0.2463846504688263,-0.20561206340789795,-0.9769569635391235,-0.3914085328578949,-0.14184604585170746,-0.1435912400484085,-2.5564662839308876,5.939101371586009,-2.0413785237648185,0.3433803013519908,0.10667031593119232,0.01185793215379391,0.41749242,-2.1364083,1.549663,-0.9831938,-1.4674518,0.22048956,0.41749242,-2.1364083,1.549663,-0.9831938,-1.4674518,0.22048956,0.438863605260849,-2.122781991958618,1.5639322996139526,-0.9740464687347412,-1.4533385038375854,0.22549721598625183,-0.5342799,-0.34065852,-0.35673475,-0.22868308,-0.35283315,-0.12519144,-0.19603977,0.0,0.0,0.0,0.0041176448576152325,0.0020588225000000003,8.23529,False,0,0.04885339605021698,0.19834568329313593,0.23344069906920104,0.21773588851189027,-0.18384554756806304,0.11358327903020274,0.9999421172807779,0.005466781036933947,-0.0023239941271410653,0.00896797127096828,0.12354892,-0.2330849,0.3045104,0.21851514970816588,4.391999391373247e-05,0.00012548900849651545,0.0005170400108909234,0.00048593799874652177,0.00017763000505510718,9.914000111166388e-05,0.0018839209951693192,0.01794057199731469,0.01982449299248401,50.442651944699236,0
41,0.8400964989996282,0.4358022212982178,-2.1247664890685023,1.5618165175067347,-0.9753504556468506,-1.4553335348712366,0.22475120425224304,-0.21887356042861938,-0.2926015257835388,-1.3129863739013672,-0.639277458190918,-0.11877048015594482,-0.19221630692481995,-0.24026024341583252,-0.19690969586372375,-0.9730254411697388,-0.39059582352638245,-0.13965195417404175,-0.14286494255065918,-2.625102698983379,5.893569227490265,-1.9709558177936093,0.3331900070210295,0.10745705772790191,0.010671312001062834,0.41425595,-2.1384892,1.5476533,-0.9844288,-1.4696456,0.21973988,0.41425595,-2.1384892,1.5476533,-0.9844288,-1.4696456,0.21973988,0.4358022212982178,-2.1247665882110596,1.5618165731430054,-0.9753504395484924,-1.4553335905075073,0.22475120425224304,-0.53865707,-0.3430682,-0.3540808,-0.2269591,-0.35780108,-0.12528282,-0.19546168,0.0,0.0,0.0,0.0041176448576152325,0.0020588225000000003,8.23529,False,0,0.0500327473040081,0.1979433436665958,0.23428460772678547,0.21776712631529022,-0.18382519354766144,0.11358936644037652,0.9999392213046961,0.005460650487838143,-0.0030281506714182373,0.009089095614570842,0.12354892,-0.2330849,0.3045104,0.21852788472269313,4.803300544153899e-05,0.00013760999718215317,0.0008157030097208917,0.00037800701102241874,0.00018193799769505858,0.00011776099563576281,0.0021234439918771386,0.017635798998526298,0.019759242990403436,50.60922629908821,0
42,0.86013367799751,0.4328611195087433,-2.1267386875548304,1.5598333517657679,-0.9765895170024415,-1.4572952429400843,0.22407938539981842,-0.2609909176826477,-0.32935911417007446,-1.3228265047073364,-0.6507124304771423,-0.09180332720279694,-0.17770496010780334,-0.2525581419467926,-0.20445461571216583,-0.9778556823730469,-0.3942102789878845,-0.14269272983074188,-0.14377331733703613,-2.1750584057611877,5.733501131228018,-2.3173601197509437,0.3417584999517824,0.09340321092207442,0.009094726697984041,0.41106838,-2.1404252,1.5457321,-0.98567367,-1.4717702,0.21903484,0.41106838,-2.1404252,1.5457321,-0.98567367,-1.4717702,0.21903484,0.4328611195087433,-2.1267387866973877,1.5598334074020386,-0.9765895009040833,-1.457295298576355,0.22407938539981842,-0.5448189,-0.3421634,-0.3525312,-0.2271039,-0.3618703,-0.12611373,-0.19603226,0.0,0.0,0.0,0.0041176448576152325,0.0020588225000000003,8.23529,False,0,0.05115130314920071,0.1975341625278965,0.23509365706727092,0.2178081437897165,-0.18387249796885863,0.11356222207608496,0.999934974177582,0.006248223865996041,-0.002344811519242674,0.009245604491383121,0.12354892,-0.2330849,0.3045104,0.21855862989420305,4.25340112997219e-05,0.00021559900778811425,0.0006850650097476318,0.00031676598882768303,0.00020614400273188949,0.00010887399548664689,0.00198031599575188,0.017890803996124305,0.019871119991876185,50.32428974354869,0
43,0.880110666010296,0.42995715141296387,-2.1286784611144007,1.5578497091876429,-0.9778970044902344,-1.4592374006854456,0.22334977984428406,-0.277797132730484,-0.3441388010978699,-1.2710645198822021,-0.6566710472106934,-0.12009463459253311,-0.15991626679897308,-0.25869518518447876,-0.21093767881393433,-0.9807136058807373,-0.3958236873149872,-0.14463740587234497,-0.1442636400461197,-2.2230614793392336,5.806417447889321,-2.2104435696416003,0.3383573516727977,0.09304134342862612,0.008977996138726296,0.40789273,-2.142307,1.5438342,-0.9870633,-1.473923,0.2182567,0.40789273,-2.142307,1.5438342,-0.9870633,-1.473923,0.2182567,0.42995715141296387,-2.128678560256958,1.5578497648239136,-0.9778969883918762,-1.4592374563217163,0.22334977984428406,-0.55161023,-0.34071472,-0.35038745,-0.22915794,-0.3671379,-0.1273271,-0.19643225,0.0,0.0,0.0,0.0041176448576152325,0.0020588225000000003,8.23529,False,0,0.052272487488613045,0.1971324816425189,0.235909324109426,0.21777226277590736,-0.1838942997100599,0.11363111765551775,0.9999368876621552,0.005874058045822848,-0.0025054622746069734,0.009244628891850319,0.12354892,-0.2330849,0.3045104,0.21847805421245686,0.00012855099339503795,0.00012732300092466176,0.0005855019990121946,0.0003461279993643984,0.0002090259949909523,0.0001102719979826361,0.001992425008211285,0.017808110002079047,0.019800535010290332,50.50368585900837,0
44,0.9001256560004549,0.426988810300827,-2.130559583703512,1.555882755910055,-0.9791255158237,-1.461175266896383,0.22268632054328918,-0.30250680446624756,-0.3832893371582031,-1.3055270910263062,-0.684037446975708,-0.14679400622844696,-0.17501452565193176,-0.26070281863212585,-0.21172574162483215,-0.9805400371551514,-0.39631733298301697,-0.1454673707485199,-0.14436468482017517,-2.2469905111503197,5.490549434201713,-2.2583974181839928,0.3335679707631861,0.09270436209729101,0.0034174123958669797,0.40463737,-2.1440432,1.5418829,-0.98837113,-1.4760518,0.21754344,0.40463737,-2.1440432,1.5418829,-0.98837113,-1.4760518,0.21754344,0.426988810300827,-2.1305596828460693,1.5558828115463257,-0.9791254997253418,-1.4611753225326538,0.22268632054328918,-0.5587862,-0.33708674,-0.34999734,-0.23114114,-0.3719115,-0.12857208,-0.19754632,0.0,0.0,0.0,0.0041176448576152325,0.0020588225000000003,8.23529,False,0,0.05338612849463658,0.1967151949889074,0.23671157915132426,0.21778809920845696,-0.1838187400973503,0.11358310587241256,0.9999345427219611,0.006068911722966186,-0.002013334120044718,0.009490878343646788,0.12354892,-0.2330849,0.3045104,0.21854385216128785,4.324600740801543e-05,0.00014396500773727894,0.0006941429892322049,0.0004160759999649599,0.00021421299607027322,0.00016459998732898384,0.00215701998968143,0.01765557400358375,0.019812593993265182,50.47294666917043,0
45,0.9201404850027757,0.424029678106308,-2.1324154339232386,1.5539668242083948,-0.9803933662227173,-1.4631665388690394,0.2219843566417694,-0.31204378604888916,-0.28140419721603394,-1.3027058839797974,-0.6990240216255188,-0.12622010707855225,-0.17077994346618652,-0.2612359821796417,-0.20935581624507904,-0.979217529296875,-0.397172212600708,-0.14596793055534363,-0.14457456767559052,-1.930914703304246,6.142270811712984,-2.481705103651986,0.342319923507926,0.08525528765571568,0.00633596340520602,0.4014608,-2.14575,1.5399979,-0.98973894,-1.4781862,0.21679668,0.4014608,-2.14575,1.5399979,-0.98973894,-1.4781862,0.21679668,0.424029678106308,-2.132415533065796,1.5539668798446655,-0.9803933501243591,-1.46316659450531,0.2219843566417694,-0.5642221,-0.33336046,-0.34922338,-0.23364,-0.3754927,-0.1296918,-0.19862372,0.0,0.0,0.0,0.0041176448576152325,0.0020588225000000003,8.23529,False,0,0.05450256218055653,0.19628260498744585,0.23750367714657292,0.21778686734910307,-0.18386217032547328,0.11369325214481259,0.9999347652658491,0.00650431054603658,-0.002316908556513951,0.009096317375189837,0.12354892,-0.2330849,0.3045104,0.21843730911759768,0.00012700099614448845,0.00011529598850756884,0.0005012890032958239,0.000347869994584471,0.00015994500427041203,9.633199078962207e-05,0.0017130369960796088,0.018151773998397402,0.01986481099447701,50.34027256932013,0
46,0.9401348200044595,0.4209563434123993,-2.1343308887877406,1.5520079771624964,-0.9816699188998719,-1.4652074019061487,0.2212693989276886,-0.3036946654319763,-0.3333544135093689,-1.3248136043548584,-0.7089990377426147,-0.1569158285856247,-0.16631539165973663,-0.29283207654953003,-0.22948653995990753,-0.9957729578018188,-0.40533366799354553,-0.15341536700725555,-0.14690321683883667,-2.0208326590153582,5.385407874284711,-2.2357708043665827,0.32640200059423435,0.07563681364622167,0.0029422163374912425,0.39805534,-2.147408,1.5380552,-0.9911786,-1.480453,0.21600729,0.39805534,-2.147408,1.5380552,-0.9911786,-1.480453,0.21600729,0.4209563434123993,-2.134330987930298,1.552008032798767,-0.9816699028015137,-1.4652074575424194,0.2212693989276886,-0.57252514,-0.32692704,-0.34882066,-0.23771636,-0.38113973,-0.13155264,-0.20039944,0.0,0.0,0.0,0.0041176448576152325,0.0020588225000000003,8.23529,False,0,0.05564262441861064,0.1958273598612845,0.2383188486726005,0.21782654507476407,-0.1839083792829018,0.11366175582847275,0.9999300534495951,0.007214073716828057,-0.0017064590428606061,0.00921656309177058,0.12354892,-0.2330849,0.3045104,0.21847153595919946,4.464499943424016e-05,0.00013374398986343294,0.000547791991266422,0.0003727469884324819,0.00017595000099390745,0.0001089529978344217,0.001830737994168885,0.017994010006077588,0.019824748000246473,50.44200309570479,0
47,0.9600972129992442,0.41767534613609314,-2.13626827816152,1.5499489943133753,-0.9830167454532166,-1.4673813025103968,0.22054722905158997,-0.24539297819137573,-0.3671988844871521,-1.2838196754455566,-0.705717146396637,-0.1701706498861313,-0.18590062856674194,-0.26201167702674866,-0.19370479881763458,-0.9728806018829346,-0.39791879057884216,-0.1473008692264557,-0.14489176869392395,-1.8157884686241104,5.976683576921048,-2.3511189449453385,0.33900096719815764,0.06838031247014628,0.004033849533131271,0.39440688,-2.1490157,1.5359665,-0.99269575,-1.4828199,0.21520045,0.39440688,-2.1490157,1.5359665,-0.99269575,-1.4828199,0.21520045,0.41767534613609314,-2.136268377304077,1.549949049949646,-0.9830167293548584,-1.4673813581466675,0.22054722905158997,-0.58171123,-0.31868345,-0.34956464,-0.24197553,-0.385965,-0.13366936,-0.2027782,0.0,0.0,0.0,0.0041176448576152325,0.0020588225000000003,8.23529,False,0,0.056854488507406174,0.1953355983329412,0.23917056029510592,0.21788436529623623,-0.1839359782969035,0.11367653073419177,0.9999337830138112,0.007714158770364315,-0.0005754632661961438,0.008521895939281043,0.12354892,-0.2330849,0.3045104,0.2184773779254999,4.3105988879688084e-05,0.00014939199900254607,0.0006800069968448952,0.00032350899709854275,0.00017299399769399315,0.00010805600322782993,0.0019817949942080304,0.017805530995246954,0.019787325989454985,50.537399572479764,0
48,0.9801392020017374,0.4143810272216797,-2.1382109127440394,1.547866169606344,-0.9843934935382386,-1.4695609251605433,0.2197721004486084,-0.2849317789077759,-0.3250024914741516,-1.231442928314209,-0.6660117506980896,-0.17000286281108856,-0.1810520887374878,-0.24822582304477692,-0.1840873807668686,-0.9674913287162781,-0.39545679092407227,-0.1436542272567749,-0.14367161691188812,-1.9337325204284255,5.812575634980504,-1.907441398309341,0.332779347975533,0.0756871703806737,-0.0008074162187936057,0.39092076,-2.1510003,1.5340211,-0.9940756,-1.4852071,0.2144002,0.39092076,-2.1510003,1.5340211,-0.9940756,-1.4852071,0.2144002,0.4143810272216797,-2.1382110118865967,1.5478662252426147,-0.9843934774398804,-1.469560980796814,0.2197721004486084,-0.5865068,-0.31973276,-0.3461272,-0.24205324,-0.3911515,-0.13429737,-0.2026937,0.0,0.0,0.0,0.0041176448576152325,0.0020588225000000003,8.23529,False,0,0.05807167148826559,0.19483797764344984,0.24003686748564473,0.2177329378498122,-0.18384545457100834,0.11368183752175413,0.999932226348891,0.006044186822675745,-0.0029011059531154314,0.009515003306243492,0.12354892,-0.2330849,0.3045104,0.21842778835097865,4.5052001951262355e-05,0.00013657199451699853,0.0005555690004257485,0.00043948099482804537,0.00019617499492596835,0.00011651299428194761,0.0019207699951948598,0.017896898003527895,0.019817667998722754,50.46002385671461,0
49,1.000148266000906,0.4111950099468231,-2.1401268444456996,1.5459473768817347,-0.9856938284686585,-1.4717262426959437,0.21902966499328613,-0.2520889937877655,-0.3161822557449341,-1.3179384469985962,-0.7180587649345398,-0.1679956316947937,-0.17615914344787598,-0.2580734193325043,-0.18063277006149292,-0.9680370688438416,-0.3977962136268616,-0.1456923484802246,-0.14427538216114044,-1.6488097986269807,5.933290715648315,-2.251893415001112,0.3463459704189775,0.06798559736307239,-0.0019732037807048694,0.3874978,-2.152843,1.5321894,-0.9954123,-1.4875822,0.21361926,0.3874978,-2.152843,1.5321894,-0.9954123,-1.4875822,0.21361926,0.4111950099468231,-2.140126943588257,1.5459474325180054,-0.9856938123703003,-1.4717262983322144,0.21902966499328613,-0.5924301,-0.31790194,-0.34395307,-0.24296159,-0.39639825,-0.1352599,-0.20336114,0.0,0.0,0.0,0.0041176448576152325,0.0020588225000000003,8.23529,False,0,0.05922804041645691,0.194328261710294,0.2408554117827091,0.21774457847725148,-0.1838793518452297,0.11363059306299628,0.9999333121212629,0.005999385770915785,-0.003642879965781739,0.009167922080041562,0.12354892,-0.2330849,0.3045104,0.2184699407350775,6.37680059298873e-05,0.00018640300550032407,0.0006045350019121543,0.00028909700631629676,0.00017410099098924547,0.00011372799053788185,0.002010252996115014,0.017778155000996776,0.01978840799711179,50.53463624491443,0
50,1.020140316002653,0.40796518325805664,-2.141904493371481,1.54409104982485,-0.987033800487854,-1.4738019148456019,0.21831461787223816,-0.22406005859375,-0.31024056673049927,-1.2529027462005615,-0.6772608160972595,-0.16408509016036987,-0.1708311289548874,-0.2626757323741913,-0.18658347427845,-0.970211386680603,-0.3992261290550232,-0.14731410145759583,-0.1446729302406311,-1.7977841918837854,5.359515633517736,-2.2670723011189624,0.3232147010416169,0.06928897751348524,-0.004541844059295872,0.3840364,-2.1544273,1.5304047,-0.9968547,-1.4898138,0.21284778,0.3840364,-2.1544273,1.5304047,-0.9968547,-1.4898138,0.21284778,0.40796518325805664,-2.141904592514038,1.5440911054611206,-0.9870337843894958,-1.4738019704818726,0.21831461787223816,-0.5982201,-0.31306854,-0.3421608,-0.24552345,-0.4002954,-0.1366708,-0.20494501,0.0,0.0,0.0,0.0041176448576152325,0.0020588225000000003,8.23529,False,0,0.060391577510611597,0.19383402422766216,0.24164952525742192,0.21776234686553333,-0.18384405273202506,0.11363961557445491,0.999931086768679,0.006144630923454948,-0.0031340176480537563,0.00949746629598571,0.12354892,-0.2330849,0.3045104,0.21847767266227355,5.9918995248153806e-05,0.00020139299158472568,0.000606849993346259,0.0003468649956630543,0.00017419700452592224,0.00011282299237791449,0.0019572829914977774,0.01780525900539942,0.019762541996897198,50.60077798478577,0
51,1.0400980550039094,0.4047420024871826,-2.1436826191344203,1.5421159903155726,-0.9883568447879334,-1.4759915510760706,0.21755655109882355,-0.2377190887928009,-0.2790257930755615,-1.256924033164978,-0.6855487823486328,-0.18080678582191467,-0.18003779649734497,-0.26416337490081787,-0.1883627474308014,-0.969616174697876,-0.39963066577911377,-0.14836065471172333,-0.14484642446041107,-1.8299845383649769,5.88567192155552,-2.1656322178294043,0.34608871805186303,0.05706926525477538,-0.006627425152746613,0.38053948,-2.156065,1.5284904,-0.9982367,-1.4922174,0.21203615,0.38053948,-2.156065,1.5284904,-0.9982367,-1.4922174,0.21203615,0.4047420024871826,-2.1436827182769775,1.5421160459518433,-0.9883568286895752,-1.4759916067123413,0.21755655109882355,-0.6050629,-0.30955815,-0.34064007,-0.246997,-0.4056443,-0.13800998,-0.20614342,0.0,0.0,0.0,0.0041176448576152325,0.0020588225000000003,8.23529,False,0,0.061567408101424505,0.1933122548082939,0.24247569889796913,0.21774488514589033,-0.18383912827933485,0.11367994444032552,0.9999342130282275,0.005974605797444452,-0.003424662112483829,0.009173217192961072,0.12354892,-0.2330849,0.3045104,0.21843602018276057,4.627999442163855e-05,0.00016512600996065885,0.0008224159973906353,0.0002968010085169226,0.00017301199841313064,0.00011518900282680988,0.002108105007209815,0.017678005999187008,0.019786111006396823,50.54050286469642,0
52,1.060143563998281,0.40149423480033875,-2.145466466943258,1.5401561895953577,-0.9897083801082154,-1.4781811873065394,0.21680191159248352,-0.283428817987442,-0.34781119227409363,-1.2626473903656006,-0.7239623069763184,-0.14147444069385529,-0.16384191811084747,-0.26515424251556396,-0.18411755561828613,-0.9673730134963989,-0.40010732412338257,-0.14855751395225525,-0.14488229155540466,-1.6993033573628402,5.902812965883264,-2.3189879666254907,0.3421085851387691,0.06349815575129902,-0.006137904425216079,0.37710944,-2.1577842,1.5266304,-0.9996303,-1.4945877,0.21125065,0.37710944,-2.1577842,1.5266304,-0.9996303,-1.4945877,0.21125065,0.40149423480033875,-2.1454665660858154,1.5401562452316284,-0.9897083640098572,-1.47818124294281,0.21680191159248352,-0.6096198,-0.30793944,-0.33814603,-0.24804783,-0.41016102,-0.13878176,-0.20674138,0.0,0.0,0.0,0.0041176448576152325,0.0020588225000000003,8.23529,False,0,0.06274576686564326,0.19278348812686652,0.24330600859407464,0.21774998041148166,-0.18385647636930022,0.1136899790797789,0.9999351491877945,0.005468519538283086,-0.003688768289943709,0.009284541175064802,0.12354892,-0.2330849,0.3045104,0.21842554058003383,4.51300002168864e-05,0.00012977400911040604,0.0007721530128037557,0.00029595599335152656,0.00017262301116716117,0.00010866099910344929,0.0019290540076326579,0.017951970992726274,0.01988102500035893,50.299217469016114,0
53,1.080159728997387,0.3981975018978119,-2.147196432153219,1.5383003393756312,-0.9911081951907654,-1.4803159872638147,0.21605917811393738,-0.28257355093955994,-0.31701865792274475,-1.2998838424682617,-0.6715703010559082,-0.17491833865642548,-0.16348783671855927,-0.26565465331077576,-0.18072302639484406,-0.9664238691329956,-0.40059563517570496,-0.14898797869682312,-0.14500153064727783,-1.490495559796736,5.703022777305973,-2.219095584023525,0.33481178522017674,0.055614293138124715,-0.007942023300654008,0.37352684,-2.1592498,1.5248367,-1.0011628,-1.4969505,0.21043783,0.37352684,-2.1592498,1.5248367,-1.0011628,-1.4969505,0.21043783,0.3981975018978119,-2.1471965312957764,1.5383003950119019,-0.9911081790924072,-1.4803160429000854,0.21605917811393738,-0.61676675,-0.3013311,-0.33659405,-0.25136423,-0.4158621,-0.1405336,-0.20855933,0.0,0.0,0.0,0.0041176448576152325,0.0020588225000000003,8.23529,False,0,0.06392631522150358,0.19225805146073308,0.24411191572267615,0.21772672349147132,-0.1838399803401598,0.11365369554823794,0.9999346291194697,0.005854448740627891,-0.00288746231361097,0.009384489175852266,0.12354892,-0.2330849,0.3045104,0.2184509296837195,4.808399535249919e-05,0.00019679700199048966,0.0005751919961767271,0.00032963400008156896,0.00017666399071458727,0.00010875299631152302,0.0018723060056800023,0.017983075988013297,0.0198553819936933,50.36417835313527,0
54,1.1000809929973911,0.3949147164821625,-2.1489364109435023,1.536386791859762,-0.9923919600299378,-1.4825685659991663,0.2153010070323944,-0.2699030041694641,-0.33169469237327576,-1.300746202468872,-0.7113871574401855,-0.1445959508419037,-0.1818370521068573,-0.2648935914039612,-0.17910321056842804,-0.9655611515045166,-0.4009239077568054,-0.1494421809911728,-0.14504680037498474,-1.0730185411890478,5.60557621851444,-2.387041091062842,0.34488168195373947,0.0351608733120772,-0.010272882034731487,0.3699748,-2.160751,1.5229669,-1.0025493,-1.4994098,0.20961821,0.3699748,-2.160751,1.5229669,-1.0025493,-1.4994098,0.20961821,0.3949147164821625,-2.1489365100860596,1.5363868474960327,-0.9923919439315796,-1.482568621635437,0.2153010070323944,-0.6234979,-0.29536572,-0.33549985,-0.2539324,-0.42102918,-0.1420701,-0.21021786,0.0,0.0,0.0,0.0041176448576152325,0.0020588225000000003,8.23529,False,0,0.06508889661367957,0.19169237729536695,0.24492604787221742,0.21776671207650625,-0.1838019825921036,0.11365159846032642,0.9999358930174914,0.005316243850989023,-0.003981404704303518,0.009169329796237377,0.12354892,-0.2330849,0.3045104,0.21847857258849376,4.745701153296977e-05,0.00014145798922982067,0.0006063949986128137,0.00037297500239219517,0.00019152100139763206,0.00015332999464590102,0.001946430013049394,0.017452509986469522,0.019398939999518916,51.54920836008563,0
55,1.1201447760104202,0.39154666662216187,-2.150612016717428,1.5344799200641077,-0.9938188356212159,-1.4848507086383265,0.21452729403972626,-0.24160952866077423,-0.2827959656715393,-1.2629653215408325,-0.6559418439865112,-0.14541490375995636,-0.18626897037029266,-0.26611000299453735,-0.1731462925672531,-0.9632261991500854,-0.40160712599754333,-0.1496809422969818,-0.14510193467140198,-1.5395231553062625,5.77966032149009,-2.1507372592980167,0.34580657513497076,0.05257028287399976,-0.011600962759405201,0.36632246,-2.1621423,1.5211524,-1.0041028,-1.5019294,0.2087696,0.36632246,-2.1621423,1.5211524,-1.0041028,-1.5019294,0.2087696,0.39154666662216187,-2.1506121158599854,1.5344799757003784,-0.9938188195228577,-1.4848507642745972,0.21452729403972626,-0.6306052,-0.2882511,-0.33319026,-0.25710025,-0.426967,-0.14394227,-0.21228904,0.0,0.0,0.0,0.0041176448576152325,0.0020588225000000003,8.23529,False,0,0.06629967862220845,0.19112224843872203,0.245747283072487,0.21770346414527156,-0.18383608090906642,0.11354678671420687,0.999939953484438,0.005501825164163314,-0.0020000375202578295,0.009260849691229634,0.12354892,-0.2330849,0.3045104,0.21853519677606695,0.00016037598834373057,0.0001471980067435652,0.0006527919904328883,0.0005333589942893013,0.0002398819924565032,0.00011807800910901278,0.0022835979907540604,0.017443761011236347,0.019727359001990408,50.691022548892846,0
56,1.1400999640027294,0.3881530165672302,-2.1523410282530726,1.53261644044985,-0.9951715034297486,-1.4871271292315882,0.2137715369462967,-0.2656131684780121,-0.29818472266197205,-1.285925030708313,-0.6656997799873352,-0.1381896585226059,-0.18440143764019012,-0.26646631956100464,-0.16910415887832642,-0.9618287682533264,-0.40188682079315186,-0.1501319706439972,-0.14518779516220093,-1.3767738014016686,5.914265147957993,-2.104991770772391,0.3395038433629355,0.04786750520883012,-0.014175799024534919,0.36272526,-2.1637418,1.5193872,-1.005512,-1.5044034,0.20797059,0.36272526,-2.1637418,1.5193872,-1.005512,-1.5044034,0.20797059,0.3881530165672302,-2.15234112739563,1.5326164960861206,-0.9951714873313904,-1.4871271848678589,0.2137715369462967,-0.6356943,-0.28501767,-0.33073196,-0.25851417,-0.4319053,-0.1450237,-0.21338546,0.0,0.0,0.0,0.0041176448576152325,0.0020588225000000003,8.23529,False,0,0.06748321130981073,0.19053389451367875,0.24656203320075806,0.21769900076776963,-0.18388406966634793,0.11354941131142823,0.9999362847566268,0.005934794843227479,-0.001233270894840402,0.009520670405023728,0.12354892,-0.2330849,0.3045104,0.21852017042012606,5.023099947720766e-05,0.00015750799502711743,0.0006824039883213118,0.0004877900064457208,0.00022220599930733442,0.00016384199261665344,0.0022402040049200878,0.01751880199299194,0.019759005997912027,50.60983331376447,0
57,1.1601230829983251,0.3846907913684845,-2.1539484463133753,1.5307963530169886,-0.9965582650950928,-1.489436451588766,0.21299311518669128,-0.30233117938041687,-0.2713203430175781,-1.326964259147644,-0.6667762398719788,-0.14355456829071045,-0.19063761830329895,-0.26771703362464905,-0.16381807625293732,-0.9599913358688354,-0.4024141728878021,-0.1507979780435562,-0.14532645046710968,-1.0533211960098754,5.587562046467022,-2.3350300899277654,0.3421474974395163,0.037404225295852744,-0.014092609304917871,0.3589998,-2.1651278,1.5176632,-1.0069919,-1.5069203,0.20712782,0.3589998,-2.1651278,1.5176632,-1.0069919,-1.5069203,0.20712782,0.3846907913684845,-2.1539485454559326,1.5307964086532593,-0.9965582489967346,-1.4894365072250366,0.21299311518669128,-0.64227533,-0.27947834,-0.3283295,-0.26084137,-0.43709508,-0.14663216,-0.21495335,0.0,0.0,0.0,0.0041176448576152325,0.0020588225000000003,8.23529,False,0,0.06868974159891897,0.18993185067153637,0.24735607306355306,0.21760933710595703,-0.18382020701541096,0.11356259562251227,0.999937912353927,0.003685147641395737,-0.004743907296502525,0.009387594106075021,0.12354892,-0.2330849,0.3045104,0.21848442118938383,4.993400943931192e-05,0.00015963999612722546,0.0007820769969839603,0.00036725099198520184,0.00024095099070109427,0.0001526830019429326,0.002234419996966608,0.01759227599541191,0.019826695992378518,50.43704711992382,0
58,1.1801275510078995,0.38120347261428833,-2.155534883538717,1.5289376417743128,-0.9979937833598633,-1.4918044249164026,0.2121833860874176,-0.24666598439216614,-0.27645403146743774,-1.2776777744293213,-0.6511533260345459,-0.15729545056819916,-0.17847247421741486,-0.2672264277935028,-0.16342097520828247,-0.9586620330810547,-0.4025811553001404,-0.15117372572422028,-0.14528921246528625,-1.2014626240320097,5.767354095312937,-2.3482044766227594,0.3364592097345207,0.03337373341834852,-0.015349514289263105,0.35527062,-2.1664112,1.5159113,-1.0085304,-1.5094934,0.20624867,0.35527062,-2.1664112,1.5159113,-1.0085304,-1.5094934,0.20624867,0.38120347261428833,-2.1555349826812744,1.5289376974105835,-0.9979937672615051,-1.4918044805526733,0.2121833860874176,-0.6483211,-0.2719018,-0.3256602,-0.2634144,-0.4422205,-0.14836797,-0.21718195,0.0,0.0,0.0,0.0041176448576152325,0.0020588225000000003,8.23529,False,0,0.06991580666998304,0.18931421286974925,0.24816604075671753,0.21765473976773264,-0.18380887289406633,0.11350744139779814,0.9999426141855166,0.004573245072419266,-0.004103876799347442,0.008775433014528908,0.12354892,-0.2330849,0.3045104,0.21855472683758095,6.717599171679467e-05,0.0001960680092452094,0.0008995440002763644,0.00043155001185368747,0.0002689120010472834,0.00016920099733397365,0.00264140400395263,0.01710853799886536,0.01974994200281799,50.63306007973677,0
59,1.2000882279971847,0.377676784992218,-2.15718998531484,1.5270846525775355,-0.9993978899768372,-1.4941781202899378,0.21142414212226868,-0.2427438348531723,-0.2924109399318695,-1.2480071783065796,-0.6379445791244507,-0.1367010772228241,-0.20368868112564087,-0.268370121717453,-0.1594352275133133,-0.9563233256340027,-0.40267905592918396,-0.1514979749917984,-0.14530517160892487,-1.2363325163822707,5.936198390464379,-2.045022600333193,0.3490490640280594,0.040680377348747604,-0.02119976142350695,0.3515538,-2.1678848,1.5141762,-1.0100076,-1.5120738,0.20544095,0.3515538,-2.1678848,1.5141762,-1.0100076,-1.5120738,0.20544095,0.377676784992218,-2.1571900844573975,1.5270847082138062,-0.999397873878479,-1.4941781759262085,0.21142414212226868,-0.6530743,-0.26736635,-0.32271227,-0.26524255,-0.4473881,-0.14957973,-0.21855192,0.0,0.0,0.0,0.0041176448576152325,0.0020588225000000003,8.23529,False,0,0.07112944979002468,0.1886794741077495,0.248985447732227,0.21767780216791888,-0.18377117654243771,0.11353511282122906,0.9999392289349052,0.005036382424174954,-0.0036485194116839957,0.009103603447403451,0.12354892,-0.2330849,0.3045104,0.21854897931280845,0.00010554000618867576,0.00021188799291849136,0.001022377997287549,0.00044213900400791317,0.0003129600081592798,0.00017653399845585227,0.002866491995519027,0.01680770399980247,0.019674195995321497,50.82799826929644,0
60,1.2201384860090911,0.3741626441478729,-2.1587053738036097,1.5253055731402796,-1.000812904243805,-1.4965317885028284,0.21059779822826385,-0.2571822702884674,-0.291597843170166,-1.3336341381072998,-0.6723442077636719,-0.168156236410141,-0.2053850144147873,-0.2692350745201111,-0.15457431972026825,-0.9543931484222412,-0.4031345844268799,-0.1519618183374405,-0.14548590779304504,-0.7346078418967033,5.204498066413777,-2.3622067493377616,0.3242033305533893,0.02208249837737853,-0.015863811909631403,0.34784657,-2.1692457,1.512487,-1.0114633,-1.5146071,0.20457324,0.34784657,-2.1692457,1.512487,-1.0114633,-1.5146071,0.20457324,0.3741626441478729,-2.158705472946167,1.5253056287765503,-1.0008128881454468,-1.4965318441390991,0.21059779822826385,-0.6579021,-0.26350707,-0.32046512,-0.26625937,-0.4518803,-0.15061389,-0.21980755,0.0,0.0,0.0,0.0041176448576152325,0.0020588225000000003,8.23529,False,0,0.07233970144127233,0.18804543450332195,0.2497720642131133,0.21768059810818968,-0.18383216721622553,0.11356845308525304,0.9999409720430726,0.00482588790863075,-0.0037168387361909876,0.008993840303675404,0.12354892,-0.2330849,0.3045104,0.2185072947677707,5.177900311537087e-05,0.00016288900224026293,0.0007447139942087233,0.0005005380080547184,0.00034947200038004667,0.00013028900139033794,0.002454211004078388,0.017394363007042557,0.019848574011120945,50.38145306759622,0
61,1.2401427419972606,0.370591402053833,-2.160267015496725,1.5235031286822718,-1.002277211552002,-1.4990270773517054,0.2097591608762741,-0.28082460165023804,-0.28292322158813477,-1.2947840690612793,-0.6728990077972412,-0.1413484811782837,-0.17970424890518188,-0.26879337430000305,-0.1537744700908661,-0.9533644914627075,-0.4034264385700226,-0.15238553285598755,-0.1454201489686966,-0.9004819717203992,5.755460478256821,-2.299827340157018,0.3425011539190509,0.02664008079004261,-0.019826213854237548,0.3440284,-2.1705146,1.5108488,-1.0130334,-1.5173296,0.20365916,0.3440284,-2.1705146,1.5108488,-1.0130334,-1.5173296,0.20365916,0.370591402053833,-2.1602671146392822,1.5235031843185425,-1.0022772550582886,-1.499027132987976,0.2097591608762741,-0.6640744,-0.25618586,-0.31636208,-0.26890293,-0.4575615,-0.15250012,-0.22193573,0.0,0.0,0.0,0.0041176448576152325,0.0020588225000000003,8.23529,False,0,0.0735747634174136,0.18737185564608042,0.25057853827755316,0.21765534503035633,-0.18388374242493719,0.11356097366318199,0.9999441722271148,0.005059848709936378,-0.003000292024820698,0.008779237770774636,0.12354892,-0.2330849,0.3045104,0.2184913335167987,4.4240994611755013e-05,0.00015840701234992594,0.0007521229999838397,0.00031818600837141275,0.00017796200700104237,0.00011215299309697002,0.0020134299993515015,0.01781006300006993,0.019823492999421433,50.44519651653651,0
62,1.2600927090097684,0.36702585220336914,-2.161729951898092,1.5216625372516077,-1.0037758511355896,-1.501457993184225,0.20895710587501526,-0.2855014204978943,-0.26520705223083496,-1.253102421760559,-0.6351003646850586,-0.1786326915025711,-0.201698437333107,-0.2682998478412628,-0.1516897976398468,-0.9517475962638855,-0.40344271063804626,-0.15251916646957397,-0.14543530344963074,-1.3253942559650393,5.938391643592713,-1.9916940344727727,0.35039062537182075,0.04097973586686731,-0.023616445876668262,0.3402044,-2.1716645,1.5090976,-1.0146341,-1.5200037,0.20278996,0.3402044,-2.1716645,1.5090976,-1.0146341,-1.5200037,0.20278996,0.36702585220336914,-2.1617300510406494,1.5216625928878784,-1.0037758350372314,-1.5014580488204956,0.20895710587501526,-0.6705369,-0.24836046,-0.31412664,-0.27145642,-0.46363974,-0.1541785,-0.22388263,0.0,0.0,0.0,0.0041176448576152325,0.0020588225000000003,8.23529,False,0,0.07481615525986154,0.1867128271041248,0.2513914142860404,0.21772991795504132,-0.18380075358784992,0.11348790140075089,0.9999412450827342,0.0050963553187303254,-0.0029627940288079685,0.009097583415873661,0.12354892,-0.2330849,0.3045104,0.2186060125024497,4.424600047059357e-05,0.00013285200111567974,0.0005844379920745268,0.00032438999915029854,0.000172198997461237,0.00010926199320238084,0.0018770399910863489,0.017907023007865064,0.019784062998951413,50.545734718546015,0
63,1.2801435250003124,0.3634158968925476,-2.163222929040426,1.519891087208883,-1.00522334993396,-1.5039494673358362,0.2081303596496582,-0.286882609128952,-0.27284538745880127,-1.2821744680404663,-0.6818655133247375,-0.16925808787345886,-0.2118602991104126,-0.26895955204963684,-0.14789171516895294,-0.9496394395828247,-0.4038185179233551,-0.1531606912612915,-0.1456737220287323,-0.9740786990375692,5.923722236981819,-2.388513400289889,0.3507198117471813,0.022424114461907778,-0.023811625255440273,0.33640626,-2.1729667,1.5074952,-1.0161737,-1.5227108,0.20190759,0.33640626,-2.1729667,1.5074952,-1.0161737,-1.5227108,0.20190759,0.3634158968925476,-2.1632230281829834,1.5198911428451538,-1.0052233934402466,-1.503949522972107,0.2081303596496582,-0.67524105,-0.24359336,-0.3098989,-0.27375877,-0.46903205,-0.1555692,-0.22524479,0.0,0.0,0.0,0.0041176448576152325,0.0020588225000000003,8.23529,False,0,0.07604344780472849,0.1860214517428703,0.25218818018893185,0.217654586513896,-0.18387296681497922,0.11352516094591673,0.9999419354919703,0.005351655275809309,-0.0022191040822860395,0.009083721019625467,0.12354892,-0.2330849,0.3045104,0.2185247323309981,4.2216997826471925e-05,0.00012917201092932373,0.0005621390009764582,0.0003974419960286468,0.00019449699902907014,0.00010833900887519121,0.0018286379927303642,0.018057371999020688,0.019886009991751052,50.28660854614936,0
64,1.300134662000346,0.35973379015922546,-2.1646176777281703,1.5181673208819788,-1.0066458743861695,-1.5064900557147425,0.2072870284318924,-0.2951112389564514,-0.2774104177951813,-1.2749626636505127,-0.6966221332550049,-0.1710292547941208,-0.17445556819438934,-0.26972857117652893,-0.14327819645404816,-0.9483737349510193,-0.40450596809387207,-0.1537499874830246,-0.1457413136959076,-0.3570876615016026,5.89912290745232,-2.27010651485452,0.34517366943123845,0.002619307447109245,-0.022679897212740503,0.33252835,-2.17404,1.5059037,-1.0176885,-1.5254484,0.2010028,0.33252835,-2.17404,1.5059037,-1.0176885,-1.5254484,0.2010028,0.35973379015922546,-2.1646177768707275,1.5181673765182495,-1.006645917892456,-1.5064901113510132,0.2072870284318924,-0.6801359,-0.23555833,-0.30659232,-0.27606612,-0.47395873,-0.15710537,-0.22736464,0.0,0.0,0.0,0.0041176448576152325,0.0020588225000000003,8.23529,False,0,0.07728036932571072,0.18530566140490973,0.2529597936837534,0.21772354525881438,-0.1838463702330336,0.11348109854589368,0.9999367289883723,0.006100789187926819,-0.0013998514940242403,0.009343929816339013,0.12354892,-0.2330849,0.3045104,0.21859893215201762,4.284600436221808e-05,0.00012921899906359613,0.0005490449984790757,0.00032627099426463246,0.00017543901049066335,0.00011155600077472627,0.0017700910102576017,0.018058460991596803,0.019828552001854405,50.43232606730325,0
65,1.320116760005476,0.35605499148368835,-2.1660081348814906,1.5164316336261194,-1.0081772965243836,-1.5090416113482874,0.20646902918815613,-0.2692895531654358,-0.301383376121521,-1.2600903511047363,-0.6987674832344055,-0.1555950939655304,-0.19342336058616638,-0.26926982402801514,-0.14180250465869904,-0.9469496011734009,-0.4047521650791168,-0.154155433177948,-0.14573290944099426,-0.6281005040329013,5.7093642408158916,-2.2128991123328725,0.3330348753771777,0.007847526299645042,-0.02719792374327438,0.32863936,-2.1752257,1.5043272,-1.0192833,-1.5282129,0.20012712,0.32863936,-2.1752257,1.5043272,-1.0192833,-1.5282129,0.20012712,0.35605499148368835,-2.166008234024048,1.5164316892623901,-1.0081772804260254,-1.509041666984558,0.20646902918815613,-0.68539053,-0.2304392,-0.30261222,-0.27764985,-0.47928202,-0.15854761,-0.22892188,0.0,0.0,0.0,0.0041176448576152325,0.0020588225000000003,8.23529,False,0,0.07853512716436888,0.18458911548836826,0.2537500254557874,0.21772806563611657,-0.18388444027504405,0.11354679170348113,0.999938739922906,0.0055082893460099355,-0.00224654950722904,0.009337078993309322,0.12354892,-0.2330849,0.3045104,0.218534900345848,4.340900341048837e-05,0.00015440001152455807,0.0006968279922148213,0.0002633050025906414,0.00015690700092818588,0.00010045600356534123,0.0018359530076850206,0.017958373995497823,0.019794327003182843,50.51952510631982,0
66,1.3401167160045588,0.35229209065437317,-2.1673737965025843,1.5147069136248987,-1.0096842807582398,-1.5116294066058558,0.20557573437690735,-0.24160508811473846,-0.259276807308197,-1.2449098825454712,-0.7069790959358215,-0.15144971013069153,-0.19434484839439392,-0.2700006663799286,-0.13728660345077515,-0.9445909857749939,-0.40468668937683105,-0.15458650887012482,-0.14580215513706207,-0.7123068663065311,5.806977658005877,-2.1535398985466143,0.3441067558959116,0.009357307141438485,-0.029648125873646826,0.32472178,-2.1763244,1.5027477,-1.020834,-1.5309504,0.19918546,0.32472178,-2.1763244,1.5027477,-1.020834,-1.5309504,0.19918546,0.35229209065437317,-2.1673738956451416,1.5147069692611694,-1.0096843242645264,-1.5116294622421265,0.20557573437690735,-0.6892574,-0.22376202,-0.298982,-0.27874142,-0.4830252,-0.15975688,-0.23093587,0.0,0.0,0.0,0.0041176448576152325,0.0020588225000000003,8.23529,False,0,0.07979703653260575,0.18384839929251753,0.25453558035916424,0.21771451123912586,-0.18386864179241236,0.11358977644871314,0.9999420653256132,0.005360548522684499,-0.002387348445546152,0.009025356952058949,0.12354892,-0.2330849,0.3045104,0.21849505579526188,0.00015559399616904557,0.00019227201119065285,0.0008726199885131791,0.00037937700108159333,0.0002506140008335933,0.0001805259962566197,0.002593241006252356,0.017150390995084308,0.019743632001336664,50.64924224338759,0
67,1.360140428005252,0.3485369086265564,-2.1686765156187953,1.5130117575274866,-1.011220173244812,-1.514190975819723,0.20475275814533234,-0.2589096426963806,-0.34129807353019714,-1.2459838390350342,-0.6924664974212646,-0.13549382984638214,-0.2071216106414795,-0.27011093497276306,-0.13558955490589142,-0.9431585073471069,-0.4049655497074127,-0.15500985085964203,-0.14577603340148926,-0.5552036778903073,5.950006953602204,-2.2054670604555247,0.34181159347244805,-0.002386399143807776,-0.028035236411368795,0.32075658,-2.1773617,1.5012228,-1.0224334,-1.5337229,0.19830152,0.32075658,-2.1773617,1.5012228,-1.0224334,-1.5337229,0.19830152,0.3485369086265564,-2.1686766147613525,1.5130118131637573,-1.0112202167510986,-1.5141910314559937,0.20475275814533234,-0.69450843,-0.21712936,-0.2947235,-0.2803294,-0.4882953,-0.16128097,-0.23281297,0.0,0.0,0.0,0.0041176448576152325,0.0020588225000000003,8.23529,False,0,0.08105728965225499,0.18310947489010826,0.25531251789972187,0.21769979483903973,-0.1838842453167057,0.11356651466119567,0.9999406477117393,0.005465195715319889,-0.001885451500871107,0.009237609914193581,0.12354892,-0.2330849,0.3045104,0.2185055268578562,7.088799611665308e-05,0.00013813600526191294,0.0005933130014454946,0.00038013499579392374,0.00019475498993415385,0.00011006298882421106,0.0020231119997333735,0.017751424995367415,0.01977453699510079,50.57008415659762,0
68,1.3801341100042919,0.3447442650794983,-2.1699840031065882,1.5113466421710413,-1.0127742451480408,-1.5167911688434046,0.2038080394268036,-0.267707884311676,-0.3259335458278656,-1.306623935699463,-0.708368718624115,-0.17177212238311768,-0.20729491114616394,-0.27050158381462097,-0.13298724591732025,-0.9416617155075073,-0.4051966965198517,-0.15525463223457336,-0.14590337872505188,-0.4500198975803642,5.524623680931521,-2.386026074761978,0.326211810117512,-0.0073231272347075325,-0.02993621324870651,0.31681165,-2.1784503,1.4997075,-1.0240412,-1.5364897,0.19731198,0.31681165,-2.1784503,1.4997075,-1.0240412,-1.5364897,0.19731198,0.3447442650794983,-2.1699841022491455,1.511346697807312,-1.0127742290496826,-1.5167912244796753,0.2038080394268036,-0.6983157,-0.21165861,-0.29098055,-0.28167295,-0.49246138,-0.16240141,-0.2343722,0.0,0.0,0.0,0.0041176448576152325,0.0020588225000000003,8.23529,False,0,0.08232064105748793,0.18235103996876123,0.25608803385270984,0.21772123574735672,-0.1839024352164188,0.11360074448678388,0.9999417803903261,0.004987030284913388,-0.0022789186813958694,0.009292753262179914,0.12354892,-0.2330849,0.3045104,0.2184807605432169,4.492800508160144e-05,0.00021470600040629506,0.0005774069868493825,0.00029273200198076665,0.0001720549917081371,0.00011155899846926332,0.001845396007411182,0.017982044999371283,0.019827441006782465,50.435151952182096,0
69,1.4001174029981485,0.3409595191478729,-2.171292921105856,1.509660545979635,-1.0142710965922852,-1.5195272604571741,0.20294058322906494,-0.2885476350784302,-0.2710644006729126,-1.2468369007110596,-0.752354621887207,-0.10097799450159073,-0.1966082900762558,-0.27109643816947937,-0.12990663945674896,-0.9399789571762085,-0.4054402709007263,-0.15550893545150757,-0.145896315574646,-0.5684417647588884,6.079958121929895,-2.1930263100683907,0.3566049959753425,0.004055602854640613,-0.03386788057744661,0.31284523,-2.1793952,1.4981924,-1.0256034,-1.5393971,0.19638261,0.31284523,-2.1793952,1.4981924,-1.0256034,-1.5393971,0.19638261,0.3409595191478729,-2.171293020248413,1.5096606016159058,-1.0142711400985718,-1.5195273160934448,0.20294058322906494,-0.70285696,-0.2025573,-0.28670308,-0.2833081,-0.49674657,-0.16394942,-0.23674083,0.0,0.0,0.0,0.0041176448576152325,0.0020588225000000003,8.23529,False,0,0.0835753218693393,0.1815511417122984,0.2568664506268111,0.21774406903499793,-0.1839474606237857,0.11370284096421988,0.9999407543695891,0.004678201320003444,-0.002108087810558191,0.009600165024456327,0.12354892,-0.2330849,0.3045104,0.21839126561350355,4.396299482323229e-05,0.00013357200077734888,0.0008705229993211105,0.0003710309974849224,0.000265274997218512,0.00016974999743979424,0.002279152991832234,0.017532184996525757,0.01981133798835799,50.47614656756872,0
70,1.4201076720055426,0.337135374546051,-2.1724425754942835,1.5079591909991663,-1.015858606701233,-1.5221951643573206,0.20207463204860687,-0.24154719710350037,-0.24642102420330048,-1.2510976791381836,-0.7145102024078369,-0.13633503019809723,-0.2136654108762741,-0.2709222137928009,-0.12852728366851807,-0.9386801719665527,-0.40577515959739685,-0.15572971105575562,-0.14611147344112396,-0.38932401499490943,5.885985658783447,-2.0867507135496326,0.34180247318320106,0.00015497665491589336,-0.036241984210365286,0.3088307,-2.180309,1.4966564,-1.0272377,-1.5422698,0.19546334,0.3088307,-2.180309,1.4966564,-1.0272377,-1.5422698,0.19546334,0.337135374546051,-2.172442674636841,1.507959246635437,-1.0158586502075195,-1.5221952199935913,0.20207463204860687,-0.7076163,-0.19665726,-0.28257167,-0.28447375,-0.5018655,-0.16528206,-0.23843834,0.0,0.0,0.0,0.0041176448576152325,0.0020588225000000003,8.23529,False,0,0.08486027177968304,0.18076786741012144,0.2576424773568719,0.21775930151292844,-0.1839183870113887,0.11373477999702841,0.9999466136513058,0.003927038631794841,-0.0022030036885079115,0.009301279615930483,0.12354892,-0.2330849,0.3045104,0.21837647637041394,6.489201041404158e-05,0.00024122800095938146,0.0009796119993552566,0.00041701699956320226,0.0002574749960331246,0.00015089100634213537,0.002676157993846573,0.017059951002011076,0.01973610899585765,50.668548709874216,0
71,1.4401441820082255,0.3333040475845337,-2.1736699543394984,1.5063994566546839,-1.0174113076976319,-1.524886433278219,0.20116133987903595,-0.3028641641139984,-0.27495938539505005,-1.276178240776062,-0.7397436499595642,-0.1943541020154953,-0.20913062989711761,-0.2709987461566925,-0.12523716688156128,-0.9371576905250549,-0.4058670401573181,-0.15633541345596313,-0.14621306955814362,-0.21480742861546695,5.556643931933259,-2.1468200752318634,0.34287216184487557,-0.017228425320457545,-0.0377218774140245,0.30482164,-2.1812925,1.4953035,-1.028856,-1.5451635,0.1944939,0.30482164,-2.1812925,1.4953035,-1.028856,-1.5451635,0.1944939,0.3333040475845337,-2.1736700534820557,1.5063995122909546,-1.0174113512039185,-1.5248864889144897,0.20116133987903595,-0.7120603,-0.1905599,-0.27740118,-0.28611743,-0.50692695,-0.166686,-0.24002373,0.0,0.0,0.0,0.0041176448576152325,0.0020588225000000003,8.23529,False,0,0.08611261748142622,0.17996078237169605,0.25839065290179075,0.21777894556929225,-0.18398438711082346,0.11372571098361008,0.999941793472993,0.004153495199648132,-0.0019589062672947227,0.009762445745364636,0.12354892,-0.2330849,0.3045104,0.218378025240859,4.88399964524433e-05,0.0001531529997009784,0.0006921199965290725,0.0002959770063171163,0.00019322099979035556,0.00012090201198589057,0.001982745001441799,0.017851323005743325,0.019834068007185124,50.418300453428834,0
72,1.4601025380106876,0.32941076159477234,-2.1748248539366664,1.5047929922686976,-1.0190190237811585,-1.527630631123678,0.20025452971458435,-0.26888397336006165,-0.22053803503513336,-1.318084716796875,-0.7088668942451477,-0.18726558983325958,-0.16111858189105988,-0.27129262685775757,-0.12220606952905655,-0.9360992908477783,-0.4061850309371948,-0.1568826287984848,-0.14612695574760437,-0.44132523128361567,5.8600379674555825,-1.9561507327843408,0.3368876663398483,-0.006604218001954557,-0.037456497412820616,0.30076262,-2.1821082,1.4938502,-1.0305374,-1.5480633,0.19353183,0.30076262,-2.1821082,1.4938502,-1.0305374,-1.5480633,0.19353183,0.32941076159477234,-2.1748249530792236,1.5047930479049683,-1.0190190076828003,-1.5276306867599487,0.20025452971458435,-0.7162034,-0.18208316,-0.27356964,-0.287959,-0.5108151,-0.16806751,-0.24207923,0.0,0.0,0.0,0.0041176448576152325,0.0020588225000000003,8.23529,False,0,0.08739551232517705,0.1791363526191588,0.25915198996320377,0.21782673850755313,-0.18396392151016436,0.11385398059508096,0.9999365488033792,0.0025916545002628933,-0.0024225453574274938,0.01069233780998199,0.12354892,-0.2330849,0.3045104,0.21829121399515405,4.554200859274715e-05,0.00014906199066899717,0.0006132970011094585,0.00032825200469233096,0.00017785100499168038,0.00011578999692574143,0.001941259004524909,0.017838878004113212,0.01978013700863812,50.555767109362954,0
73,1.4800952910009073,0.32553479075431824,-2.1759025059142054,1.5032466093646448,-1.0205156368068238,-1.5303738752948206,0.1993597149848938,-0.2767978608608246,-0.2702946364879608,-1.2802485227584839,-0.7541664242744446,-0.22208218276500702,-0.21097837388515472,-0.27126213908195496,-0.12074612081050873,-0.9341413974761963,-0.4063480496406555,-0.15726305544376373,-0.14619722962379456,-0.12027309674831743,5.607316230461686,-2.2985971055707193,0.33441887812990617,-0.020230747173305214,-0.038672385750718435,0.29668766,-2.1828997,1.4926087,-1.0321097,-1.5510488,0.19256881,0.29668766,-2.1828997,1.4926087,-1.0321097,-1.5510488,0.19256881,0.32553479075431824,-2.1759026050567627,1.5032466650009155,-1.0205156803131104,-1.5303739309310913,0.1993597149848938,-0.72117835,-0.17493054,-0.265951,-0.2898511,-0.51686984,-0.1697725,-0.24392268,0.0,0.0,0.0,0.0041176448576152325,0.0020588225000000003,8.23529,False,0,0.08864606925328837,0.17829821717358119,0.2598778690055031,0.21768503166274278,-0.18392624793805853,0.11361702818461486,0.9999463728974262,0.004788514056541083,-0.0026507138126641073,0.008793777366918276,0.12354892,-0.2330849,0.3045104,0.2184455681806617,6.257100903894752e-05,0.00021585100330412388,0.0007261270075105131,0.00036130000080447644,0.00020512999617494643,0.00011228499352000654,0.0021955340052954853,0.017605952991289087,0.019801486996584572,50.501257818288266,0
74,1.5000881250016391,0.3216024935245514,-2.176922460595602,1.50165301958193,-1.0221354526332398,-1.5331833998309534,0.1984410434961319,-0.2422734647989273,-0.3041694462299347,-1.2738114595413208,-0.7218124866485596,-0.19179028272628784,-0.18322992324829102,-0.2717932164669037,-0.11761505156755447,-0.9325470328330994,-0.40672972798347473,-0.15759031474590302,-0.14628520607948303,0.0418546593928,5.703435566197753,-2.2152493804834577,0.3444739435400854,-0.021311253266432902,-0.04255063631651589,0.29256988,-2.1835728,1.4912583,-1.0337665,-1.5540396,0.19158676,0.29256988,-2.1835728,1.4912583,-1.0337665,-1.5540396,0.19158676,0.3216024935245514,-2.176922559738159,1.5016530752182007,-1.0221354961395264,-1.5331834554672241,0.1984410434961319,-0.7258154,-0.16625601,-0.25987032,-0.29077607,-0.521403,-0.17135689,-0.24628857,0.0,0.0,0.0,0.0041176448576152325,0.0020588225000000003,8.23529,False,0,0.0899400113796108,0.17744424506716205,0.2606267850855178,0.21765750014957808,-0.18391314836668038,0.11357825208571808,0.9999473481386522,0.0047815185703543985,-0.0026904405327368465,0.00866921406997254,0.12354892,-0.2330849,0.3045104,0.21847054123580917,4.4895001337863505e-05,0.00014165199536364526,0.0006300459936028346,0.0003482409956632182,0.0001957299973582849,0.00010736699914559722,0.001972141006262973,0.01784193499770481,0.019814076003967784,50.46917150210533,0
75,1.5200868960091611,0.3175947368144989,-2.17802157024526,1.5001066366778772,-1.0236929816058655,-1.5360372702227991,0.197515070438385,-0.2520520091056824,-0.28164801001548767,-1.27889084815979,-0.7328809499740601,-0.1902889460325241,-0.18502198159694672,-0.2722841799259186,-0.11396665126085281,-0.9298503398895264,-0.4065476953983307,-0.15811119973659515,-0.14631520211696625,-0.38246795658719746,6.01110247368931,-2.0170264220605154,0.34135290687171405,-0.018879009426123933,-0.04239798467001343,0.2884598,-2.184317,1.4898973,-1.0353937,-1.5570157,0.19061947,0.2884598,-2.184317,1.4898973,-1.0353937,-1.5570157,0.19061947,0.3175947368144989,-2.1780216693878174,1.500106692314148,-1.0236929655075073,-1.5360373258590698,0.197515070438385,-0.72837317,-0.15738735,-0.2552355,-0.292518,-0.52445716,-0.1723902,-0.24824369,0.0,0.0,0.0,0.0041176448576152325,0.0020588225000000003,8.23529,False,0,0.09121680828888043,0.17655658331419805,0.2613709118231825,0.21768740646913992,-0.1838717699368339,0.11357971958671348,0.999943988410283,0.0051331679936285225,-0.0021104998375795782,0.009011905580089312,0.12354892,-0.2330849,0.3045104,0.21849145931347183,5.2203002269379795e-05,0.00013214099453762174,0.0006993079878157005,0.00031294098880607635,0.00019581399101298302,0.00011667399667203426,0.001968723998288624,0.01785640700836666,0.019825131006655283,50.4410285946812,0
76,1.5401412830105983,0.3135935664176941,-2.178981443444723,1.4986441771136683,-1.0253319305232544,-1.538861099873678,0.1965484619140625,-0.26090362668037415,-0.2563694715499878,-1.2809479236602783,-0.6935952305793762,-0.2014847844839096,-0.15945851802825928,-0.2730070948600769,-0.11006373912096024,-0.9280633926391602,-0.40665534138679504,-0.15863658487796783,-0.14637935161590576,0.1641332340863932,5.701430399148473,-2.2360425120166285,0.3326276229517207,-0.0344727245144951,-0.04392714593966073,0.2843002,-2.185055,1.4887089,-1.0369959,-1.5600144,0.18960533,0.2843002,-2.185055,1.4887089,-1.0369959,-1.5600144,0.18960533,0.3135935664176941,-2.1789815425872803,1.498644232749939,-1.025331974029541,-1.5388611555099487,0.1965484619140625,-0.73233426,-0.15183702,-0.24838568,-0.29159832,-0.528831,-0.17357834,-0.2502562,0.0,0.0,0.0,0.0041176448576152325,0.0020588225000000003,8.23529,False,0,0.09250632350539488,0.1756759116678474,0.262086011667221,0.21766886990630718,-0.18390319245537423,0.11361227060110775,0.9999463061847098,0.004485712148231759,-0.003089367507012019,0.008818690193551583,0.12354892,-0.2330849,0.3045104,0.21844795123489277,5.304899241309613e-05,0.00014856400957796723,0.0006420500139938667,0.00035513899638317525,0.00019613899348769337,0.00011110199557151645,0.0019382309983484447,0.017930350004462525,0.01986858100281097,50.33072064172685,0
77,1.560118458000943,0.309605211019516,-2.1799174747862757,1.4971969763385218,-1.0269362491420289,-1.5417359511004847,0.19563791155815125,-0.27077946066856384,-0.2585142254829407,-1.2758346796035767,-0.68030846118927,-0.19216249883174896,-0.16651493310928345,-0.2729480266571045,-0.10863988101482391,-0.9273930191993713,-0.40691348910331726,-0.15894900262355804,-0.1463899463415146,0.23581347369552472,5.433650114659329,-2.0209783586470125,0.32403867733368147,-0.02992658546402259,-0.04394375722281243,0.28016785,-2.1856782,1.4874879,-1.0386295,-1.5630226,0.18864629,0.28016785,-2.1856782,1.4874879,-1.0386295,-1.5630226,0.18864629,0.309605211019516,-2.179917573928833,1.4971970319747925,-1.0269362926483154,-1.5417360067367554,0.19563791155815125,-0.73593444,-0.14401716,-0.24272795,-0.2923297,-0.5321642,-0.1747905,-0.2521903,0.0,0.0,0.0,0.0041176448576152325,0.0020588225000000003,8.23529,False,0,0.09378291023833596,0.17477456686869508,0.262793621321725,0.21766096323485276,-0.18387216004698528,0.11361934333773459,0.9999463646190503,0.004815685299099341,-0.0027333857163812205,0.008753058406844944,0.12354892,-0.2330849,0.3045104,0.21844535296591017,4.384400381240994e-05,0.00013562999083660543,0.0006249090074561536,0.0003041419986402616,0.00017283599299844354,0.00011213601101189852,0.0019065259984927252,0.017895099997986108,0.019801625996478833,50.500903318637675,0
78,1.5800971260032384,0.30557355284690857,-2.1808468304076136,1.4957745710956019,-1.028516487484314,-1.5446279684649866,0.19466447830200195,-0.2605544626712799,-0.2795393764972687,-1.2784059047698975,-0.714649498462677,-0.15137965977191925,-0.18698783218860626,-0.2732331454753876,-0.10754513740539551,-0.9257007241249084,-0.40684768557548523,-0.1592344492673874,-0.14650385081768036,0.33305271259544716,5.610430923972068,-2.1065084728466563,0.3308781506005553,-0.038233863990664946,-0.04405099160003559,0.27601752,-2.186388,1.4863898,-1.040225,-1.5660696,0.1876279,0.27601752,-2.186388,1.4863898,-1.040225,-1.5660696,0.1876279,0.30557355284690857,-2.180846929550171,1.4957746267318726,-1.0285165309906006,-1.5446280241012573,0.19466447830200195,-0.738901,-0.13852821,-0.23462255,-0.2927128,-0.5360398,-0.1759145,-0.253807,0.0,0.0,0.0,0.0041176448576152325,0.0020588225000000003,8.23529,False,0,0.09505339911719249,0.17385490700558162,0.2634948952127031,0.21762680144533772,-0.18393145342441403,0.1135781594286213,0.999946282705342,0.005233805795121576,-0.0020379592847657906,0.008709993685305596,0.12354892,-0.2330849,0.3045104,0.2184532806829065,6.289400334935635e-05,0.00018323800759389997,0.0011952290078625083,0.00034499600587878376,0.00032742199255153537,0.00021440000273287296,0.00289838200842496,0.016841121992911212,0.019739504001336172,50.659834205170995,0
79,1.6000990580068901,0.30157560110092163,-2.1816488705077113,1.4943321386920374,-1.0301217597774048,-1.547535244618551,0.19372175633907318,-0.28120726346969604,-0.2814514636993408,-1.2725180387496948,-0.7088996767997742,-0.17235247790813446,-0.15133556723594666,-0.27313554286956787,-0.10555537045001984,-0.9241228103637695,-0.40691331028938293,-0.15950913727283478,-0.1464657187461853,-0.06533506766354175,5.550699797730949,-1.8019487421128462,0.33255449547700544,-0.024640347571686077,-0.047223084558586655,0.27185008,-2.1868067,1.4851527,-1.0419369,-1.5691466,0.18662676,0.27185008,-2.1868067,1.4851527,-1.0419369,-1.5691466,0.18662676,0.30157560110092163,-2.1816489696502686,1.494332194328308,-1.0301218032836914,-1.5475353002548218,0.19372175633907318,-0.74313813,-0.1289435,-0.22948687,-0.29537827,-0.5402836,-0.1773747,-0.2554158,0.0,0.0,0.0,0.0041176448576152325,0.0020588225000000003,8.23529,False,0,0.09633125460453848,0.17293319588332143,0.26419099218736786,0.21765432346937819,-0.18392329069525887,0.1135768939672493,0.9999467899838004,0.005074170982926719,-0.0017678573681743038,0.008804066377603535,0.12354892,-0.2330849,0.3045104,0.2184680772601624,0.00026458699721843004,0.00012498701107688248,0.00062826499924995,0.0003580390039132908,0.000265779992332682,0.00013270000636111945,0.0022155030019348487,0.017600406004930846,0.019815909006865695,50.464503023985735,0
80,1.6200970549980411,0.29751840233802795,-2.1824833355345667,1.4930136839496058,-1.031729356651642,-1.5504744688617151,0.19275997579097748,-0.2969115376472473,-0.26496291160583496,-1.2996819019317627,-0.6973533630371094,-0.16875006258487701,-0.17966751754283905,-0.27268949151039124,-0.10498825460672379,-0.9224652647972107,-0.406867653131485,-0.15986143052577972,-0.14652353525161743,0.29801934136796676,5.726545247271927,-2.2780743337776386,0.33451713556100565,-0.04825306202681594,-0.04978882108770817,0.26765344,-2.1873837,1.4840777,-1.0435723,-1.5722309,0.18562013,0.26765344,-2.1873837,1.4840777,-1.0435723,-1.5722309,0.18562013,0.29751840233802795,-2.182483434677124,1.4930137395858765,-1.0317293405532837,-1.5504745244979858,0.19275997579097748,-0.74662447,-0.12250442,-0.2234011,-0.29607415,-0.5439115,-0.17849618,-0.2570183,0.0,0.0,0.0,0.0041176448576152325,0.0020588225000000003,8.23529,False,0,0.0975998400342647,0.17198612963709642,0.2648611709276616,0.21760317639444313,-0.18396810076398895,0.11361950995324481,0.9999482351260852,0.004301850186833509,-0.002517596188403062,0.008870517680548145,0.12354892,-0.2330849,0.3045104,0.21839872087188328,6.557200686074793e-05,0.00016911400598473847,0.0009020279976539314,0.0002899899991462007,0.0002688770036911592,0.00028820800071116537,0.002616787009174004,0.01714865399117116,0.019765441000345163,50.59335635276425,0
81,1.6400986869994085,0.29345226287841797,-2.1833087406554164,1.4916747252093714,-1.0333663386157532,-1.5534055868731897,0.19176608324050903,-0.2601546049118042,-0.2278604805469513,-1.2465258836746216,-0.7280241847038269,-0.1959744542837143,-0.15961319208145142,-0.2730468213558197,-0.1006573960185051,-0.9212506413459778,-0.40731099247932434,-0.16028103232383728,-0.14659057557582855,0.10171913414161537,5.728094760196569,-1.881187114963129,0.3316820109803681,-0.03292660633513172,-0.05050606713590986,0.26344115,-2.1878946,1.4830489,-1.045289,-1.5753317,0.18457094,0.26344115,-2.1878946,1.4830489,-1.045289,-1.5753317,0.18457094,0.29345226287841797,-2.1833088397979736,1.491674780845642,-1.033366322517395,-1.5534056425094604,0.19176608324050903,-0.75027806,-0.114642724,-0.21564658,-0.29806784,-0.54815215,-0.17987852,-0.25846228,0.0,0.0,0.0,0.0041176448576152325,0.0020588225000000003,8.23529,False,0,0.0988697483098626,0.1710344894238049,0.2655438587002829,0.21762089333543236,-0.18389156781419116,0.11356741905453165,0.9999461586974999,0.00516653963812421,-0.0021608799673990386,0.008735534649610827,0.12354892,-0.2330849,0.3045104,0.21846910155804566,5.6563992984592915e-05,0.00020102399867027998,0.0006823970034020022,0.0003081110044149682,0.00021064899920020252,0.00011177799024153501,0.002016335987718776,0.0177765830012504,0.019792918988969177,50.52311892739578,0
82,1.6601072040066356,0.289355605840683,-2.183998247186178,1.4904120604144495,-1.034970299606659,-1.556368652974264,0.19080756604671478,-0.23628172278404236,-0.24525654315948486,-1.2765631675720215,-0.7141014337539673,-0.20700690150260925,-0.178541362285614,-0.27297013998031616,-0.09937622398138046,-0.9200661778450012,-0.40749824047088623,-0.1606653928756714,-0.14660821855068207,0.19228727230221085,5.866030964453323,-2.035940472125774,0.3284042443140726,-0.040269376202389386,-0.05146242129626841,0.25923538,-2.1883073,1.4820124,-1.046881,-1.5783919,0.18357876,0.25923538,-2.1883073,1.4820124,-1.046881,-1.5783919,0.18357876,0.289355605840683,-2.1839983463287354,1.4904121160507202,-1.0349702835083008,-1.5563687086105347,0.19080756604671478,-0.7530053,-0.10772447,-0.20999381,-0.29776785,-0.55058,-0.18072008,-0.26020858,0.0,0.0,0.0,0.0041176448576152325,0.0020588225000000003,8.23529,False,0,0.10014002299827217,0.17006476777037496,0.26618551412014624,0.21766450280592203,-0.18390715791871387,0.11362081257595036,0.9999454375616483,0.004957272260854645,-0.0027048352486557506,0.008789304569259094,0.12354892,-0.2330849,0.3045104,0.21843771215864274,5.087400495540351e-05,0.00013211699842941016,0.0005817979981657118,0.0003201540093868971,0.00019107101252302527,0.00010135899356100708,0.001822980004362762,0.0179904889955651,0.019813468999927863,50.470717672086636,0
83,1.6801319579972187,0.2851559817790985,-2.184730669061178,1.4891966024981897,-1.0366057318500062,-1.5593989531146448,0.18981687724590302,-0.275656133890152,-0.2494010031223297,-1.2452281713485718,-0.7228175401687622,-0.25933709740638733,-0.1700769066810608,-0.27325624227523804,-0.0980493575334549,-0.9184668660163879,-0.4077463746070862,-0.16101691126823425,-0.14674781262874603,0.386069340782132,5.512926201338982,-2.1169268281624616,0.323626250828265,-0.05672437414694529,-0.05395687483702511,0.25491136,-2.1887255,1.4811779,-1.0484765,-1.5815572,0.18254176,0.25491136,-2.1887255,1.4811779,-1.0484765,-1.5815572,0.18254176,0.2851559817790985,-2.1847307682037354,1.4891966581344604,-1.036605715751648,-1.5593990087509155,0.18981687724590302,-0.7561154,-0.09986479,-0.20046961,-0.2967676,-0.5539545,-0.18187815,-0.26229686,0.0,0.0,0.0,0.0041176448576152325,0.0020588225000000003,8.23529,False,0,0.10142177675028259,0.16906053723018147,0.26682782033510344,0.2176837753131633,-0.18390327339856147,0.11354699519822781,0.9999426164455053,0.005329838521942066,-0.001720103535701125,0.00913224129592667,0.12354892,-0.2330849,0.3045104,0.21851139928803512,5.183600296732038e-05,0.00016995400073938072,0.0006775130023015663,0.00036926100437995046,0.00020286098879296333,0.00011247399379499257,0.0020649020007112995,0.017759727998054586,0.019824629998765886,50.44230333994892,0
84,1.700093146006111,0.2809858024120331,-2.185373922387594,1.4879191557513636,-1.0382903975299378,-1.5624049345599573,0.18884339928627014,-0.25046566128730774,-0.2683739960193634,-1.2225645780563354,-0.7223315238952637,-0.23320114612579346,-0.1841413676738739,-0.27327069640159607,-0.09586085379123688,-0.9170220494270325,-0.40763676166534424,-0.16118188202381134,-0.1467130184173584,0.34112962911571526,5.551358687792032,-1.8189180584025346,0.3201272868891972,-0.05161731799398325,-0.05409296784919911,0.250639,-2.1891532,1.480193,-1.0501822,-1.5846757,0.18153389,0.250639,-2.1891532,1.480193,-1.0501822,-1.5846757,0.18153389,0.2809858024120331,-2.1853740215301514,1.4879192113876343,-1.0382903814315796,-1.562404990196228,0.18884339928627014,-0.7586702,-0.09447705,-0.19315504,-0.29729614,-0.5567668,-0.18273792,-0.2634512,0.0,0.0,0.0,0.0041176448576152325,0.0020588225000000003,8.23529,False,0,0.10271328819100581,0.16806372300551886,0.2674853591011301,0.21764572288180709,-0.18389669560091274,0.11354628570971628,0.9999456856379257,0.005432241039093917,-0.0013251927036820469,0.008793386825800135,0.12354892,-0.2330849,0.3045104,0.21849710976681028,5.468299787025899e-05,0.00020747400412801653,0.0008982180006569251,0.0003854509996017441,0.00034621199301909655,0.0001472280127927661,0.0030914629896869883,0.016704852008842863,0.01979631499852985,50.51445180955464,0
85,1.72010315200896,0.2768756151199341,-2.1859661541380824,1.4867718855487269,-1.0399184387973328,-1.5654686133014124,0.1878025084733963,-0.274249792098999,-0.2249825894832611,-1.2033741474151611,-0.7274951338768005,-0.24751882255077362,-0.17002412676811218,-0.2744034230709076,-0.09363856166601181,-0.914619505405426,-0.4072403609752655,-0.16160948574543,-0.14672428369522095,0.5479916238589693,5.414868978403742,-2.1485583825468844,0.31165347980363417,-0.05739413185317107,-0.05300724694816176,0.24642807,-2.1895175,1.4793462,-1.0518242,-1.5878524,0.18045907,0.24642807,-2.1895175,1.4793462,-1.0518242,-1.5878524,0.18045907,0.2768756151199341,-2.1859662532806396,1.4867719411849976,-1.0399184226989746,-1.565468668937683,0.1878025084733963,-0.76118875,-0.08877965,-0.18564317,-0.29764614,-0.55959284,-0.18358614,-0.26463395,0.0,0.0,0.0,0.0041176448576152325,0.0020588225000000003,8.23529,False,0,0.1039729479934167,0.16704674366523464,0.2680954962477875,0.2176466790740867,-0.18390075818411747,0.1135644417171597,0.9999436391528355,0.005199815108641281,-0.0018336540709119322,0.00907289576394332,0.12354892,-0.2330849,0.3045104,0.21848073900948778,4.877400351688266e-05,0.00013815300189889967,0.0006423229933716357,0.00044323698966763914,0.00022308599727693945,0.0002387160056969151,0.0022052160056773573,0.017597723999642767,0.019802940005320124,50.497552370069634,0
86,1.7400898780033458,0.2727271020412445,-2.1865374050536097,1.4856293837176722,-1.0415741962245484,-1.5685656706439417,0.18684330582618713,-0.28559696674346924,-0.22367876768112183,-1.2283231019973755,-0.7528092265129089,-0.20624184608459473,-0.18504440784454346,-0.2745516002178192,-0.09351769089698792,-0.913992702960968,-0.407610684633255,-0.1619517207145691,-0.14670376479625702,0.4741190911239685,5.501327424841746,-2.0478318955223918,0.32237186428853437,-0.05677118315832592,-0.056081410197370105,0.2421655,-2.1897597,1.478473,-1.0535098,-1.5910451,0.17946033,0.2421655,-2.1897597,1.478473,-1.0535098,-1.5910451,0.17946033,0.2727271020412445,-2.186537504196167,1.4856294393539429,-1.041574239730835,-1.5685657262802124,0.18684330582618713,-0.76403993,-0.08055824,-0.17891331,-0.29839048,-0.5619839,-0.1845745,-0.26611742,0.0,0.0,0.0,0.0041176448576152325,0.0020588225000000003,8.23529,False,0,0.1052401925475899,0.16601219125807468,0.26870883308033944,0.21764292090374388,-0.18387970221343536,0.11359113664585549,0.9999458425947241,0.004959023949270876,-0.002405154503973491,0.008830506716596355,0.12354892,-0.2330849,0.3045104,0.2184605316273872,5.563399463426322e-05,0.000147722996189259,0.0007949709979584441,0.0003710369928739965,0.00019767999765463173,0.00011669700325001031,0.0021274859900586307,0.017674589005764574,0.019802074995823205,50.49975824305923,0
87,1.7600909739994677,0.2685345411300659,-2.1871191463866175,1.4845226446734827,-1.0431952637485047,-1.5716036001788538,0.18580961227416992,-0.27077600359916687,-0.25412485003471375,-1.2404237985610962,-0.7825798392295837,-0.19578829407691956,-0.19014103710651398,-0.2737123668193817,-0.09228026866912842,-0.9128258228302002,-0.40776944160461426,-0.16231007874011993,-0.14684267342090607,0.7484486991142296,5.426546463904474,-2.0586075529216865,0.3163743151561982,-0.061215961498142804,-0.056883717527937416,0.23785566,-2.1900883,1.4776156,-1.0551996,-1.594199,0.17838763,0.23785566,-2.1900883,1.4776156,-1.0551996,-1.594199,0.17838763,0.2685345411300659,-2.187119245529175,1.4845227003097534,-1.0431952476501465,-1.5716036558151245,0.18580961227416992,-0.76697224,-0.074226454,-0.17267856,-0.3001091,-0.5648829,-0.18554978,-0.26694235,0.0,0.0,0.0,0.0041176448576152325,0.0020588225000000003,8.23529,False,0,0.10649071903615608,0.16497512890325386,0.26931334184257694,0.2176815274925279,-0.18390027983652452,0.11357595282189431,0.9999477857628916,0.004930729796008109,-0.001940601436747737,0.008738449195764324,0.12354892,-0.2330849,0.3045104,0.2184857982516681,4.338599683251232e-05,0.00012913199316244572,0.000614693999523297,0.00035049500002060086,0.00024377299996558577,0.00013284198939800262,0.0019110410066787153,0.017922760991496034,0.01983380199817475,50.41897665873781,0
88,1.7800891100050649,0.26435574889183044,-2.187608858148092,1.4835274855243128,-1.0448469680598755,-1.5746997038470667,0.18480707705020905,-0.23293350636959076,-0.28868451714515686,-1.2869696617126465,-0.7798113822937012,-0.189714714884758,-0.1876750886440277,-0.27344977855682373,-0.08982881903648376,-0.9117315411567688,-0.40794482827186584,-0.1627385914325714,-0.14679111540317535,0.6378279685703097,5.42161067987365,-1.9614993033585169,0.31610709596618464,-0.06263043822519322,-0.05725708907366738,0.2335568,-2.1903088,1.477,-1.056883,-1.5974168,0.17734116,0.2335568,-2.1903088,1.477,-1.056883,-1.5974168,0.17734116,0.26435574889183044,-2.1876089572906494,1.4835275411605835,-1.044847011566162,-1.5746997594833374,0.18480707705020905,-0.7699736,-0.06749603,-0.16318817,-0.30089957,-0.56792563,-0.18664788,-0.26804242,0.0,0.0,0.0,0.0041176448576152325,0.0020588225000000003,8.23529,False,0,0.1077418255349696,0.16392032585433003,0.26988020235643845,0.21760608729953018,-0.18387448589660735,0.11340480608101815,0.9999404296144186,0.006640549763718937,-0.002198553517449152,0.008380485584447206,0.12354892,-0.2330849,0.3045104,0.21860871408291607,4.206299490761012e-05,0.00021747399296145886,0.0005468700110213831,0.0003469460061751306,0.00017601600848138332,0.00011064400314353406,0.001843158999690786,0.017995264002820477,0.019838423002511263,50.407232463659746,0
89,1.800081997003872,0.2601029872894287,-2.1880418262877406,1.4825556913958948,-1.0465339583209534,-1.577801529561178,0.1837853640317917,-0.22779276967048645,-0.24525859951972961,-1.2966551780700684,-0.7914765477180481,-0.17035126686096191,-0.1947190910577774,-0.27358344197273254,-0.08944801241159439,-0.911288857460022,-0.4082340598106384,-0.16296738386154175,-0.14685454964637756,0.6704711860972029,5.81979141798758,-2.0243998876915805,0.32704616851711893,-0.0660314695993308,-0.057340794538250174,0.2292152,-2.1904526,1.4763157,-1.058562,-1.6005917,0.17628959,0.2292152,-2.1904526,1.4763157,-1.058562,-1.6005917,0.17628959,0.2601029872894287,-2.188041925430298,1.4825557470321655,-1.0465339422225952,-1.5778015851974487,0.1837853640317917,-0.7721944,-0.060269136,-0.15600158,-0.300701,-0.56975234,-0.18739423,-0.26940066,0.0,0.0,0.0,0.0041176448576152325,0.0020588225000000003,8.23529,False,0,0.10900855142595303,0.1628513057751174,0.27044046938173605,0.2176804967000114,-0.18388137320711925,0.11352950641113396,0.9999399976076856,0.005894546372504973,-0.002390283698539137,0.008917964394947294,0.12354892,-0.2330849,0.3045104,0.21853020103137866,4.234300286043435e-05,0.00011738300963770598,0.0005538669938687235,0.0003443750028964132,0.0002198730071540922,0.00010701300925575197,0.0017811130092013627,0.01805052999407053,0.019831643003271893,50.42446557932777,0
90,1.8200913360051345,0.25580912828445435,-2.1884900532164515,1.4815366903888147,-1.0481754702380677,-1.5809219519244593,0.18275897204875946,-0.31574851274490356,-0.21664106845855713,-1.2139276266098022,-0.7951245307922363,-0.2027186006307602,-0.19744452834129333,-0.321183443069458,-0.08142340928316116,-0.911998450756073,-0.41497480869293213,-0.1739473044872284,-0.15014949440956116,0.8202023052172145,5.4442543483923345,-1.9685962101479126,0.3042460181292395,-0.07237088196440368,-0.055883487087146654,0.22481713,-2.1904573,1.4756927,-1.0602375,-1.6037812,0.1752167,0.22481713,-2.1904573,1.4756927,-1.0602375,-1.6037812,0.1752167,0.25580912828445435,-2.188490152359009,1.4815367460250854,-1.0481754541397095,-1.58092200756073,0.18275897204875946,-0.7748002,-0.049180996,-0.14610134,-0.30155045,-0.5714793,-0.18855673,-0.27108693,0.0,0.0,0.0,0.0041176448576152325,0.0020588225000000003,8.23529,False,0,0.11026631580842361,0.16176320209829598,0.27101490847116916,0.21769427725388485,-0.18383037747285516,0.1134975052767052,0.9999408949139675,0.005981187556891943,-0.0021157454321728874,0.008831358011253707,0.12354892,-0.2330849,0.3045104,0.21857558989869255,0.00011727899254765362,0.00020201000734232366,0.0005580370052484795,0.0005480939871631563,0.0002026590082095936,0.00011878699297085404,0.002130676992237568,0.017712518005282618,0.019843194997520186,50.39511026953928,0
91,1.8400916829996277,0.2512396574020386,-2.1889006100096644,1.480518643056051,-1.0500056904605408,-1.58429462114443,0.1816653460264206,-0.2544161379337311,-0.23863652348518372,-1.2328014373779297,-0.7779960036277771,-0.1737300306558609,-0.22039267420768738,-0.2710982859134674,-0.08938176929950714,-0.9075153470039368,-0.4082956612110138,-0.16484998166561127,-0.14731696248054504,1.0461922223634699,5.344643567239286,-2.021344294619565,0.3071748176692109,-0.07584315802098862,-0.06127646238108636,0.22016448,-2.1904335,1.4749545,-1.0621021,-1.6071839,0.17408942,0.22016448,-2.1904335,1.4749545,-1.0621021,-1.6071839,0.17408942,0.2512396574020386,-2.1889007091522217,1.4805186986923218,-1.0500056743621826,-1.5842946767807007,0.1816653460264206,-0.77687955,-0.038319763,-0.13910635,-0.3024087,-0.5722308,-0.18939823,-0.27274796,0.0,0.0,0.0,0.0041176448576152325,0.0020588225000000003,8.23529,False,0,0.11161775756748976,0.16058940422894555,0.2716124101148136,0.21768387173440137,-0.18388524749261564,0.11356635806723572,0.999943719150359,0.0052060548564218136,-0.0024127018361618634,0.00892542079348009,0.12354892,-0.2330849,0.3045104,0.21849857747673324,4.38190036220476e-05,0.000195440006791614,0.0009196190076181665,0.00035638900590129197,0.00028642600227613,0.00013715999375563115,0.00253857699863147,0.017296587000600994,0.019835163999232464,50.41551459008333,0
92,1.860153818008257,0.24678517878055573,-2.1892806492247523,1.4795878569232386,-1.0517141979983826,-1.587567154561178,0.18061010539531708,-0.27060315012931824,-0.21584662795066833,-1.2067632675170898,-0.7358496785163879,-0.21435759961605072,-0.23188923299312592,-0.2536044716835022,-0.08115454018115997,-0.9040149450302124,-0.40478140115737915,-0.15875838696956635,-0.14541678130626678,1.23209841665975,5.338913832623884,-1.8232983036067698,0.3021301653380706,-0.08279460750513115,-0.05851285904833793,0.21561112,-2.1908224,1.4743798,-1.0636996,-1.6105807,0.17301822,0.21561112,-2.1908224,1.4743798,-1.0636996,-1.6105807,0.17301822,0.24678517878055573,-2.1892807483673096,1.4795879125595093,-1.0517141819000244,-1.5875672101974487,0.18061010539531708,-0.77935153,-0.03853953,-0.13020322,-0.29963654,-0.5753355,-0.18979739,-0.27309975,0.0,0.0,0.0,0.0041176448576152325,0.0020588225000000003,8.23529,False,0,0.11290585637448233,0.1594349452995726,0.2721686888815399,0.21774420019741697,-0.18385063312167954,0.11357593178902883,0.9999428215257852,0.005044406092356243,-0.0022611635611175097,0.009157086767606043,0.12354892,-0.2330849,0.3045104,0.21852400614702883,4.5334003516472876e-05,0.00013801299792248756,0.0005761840002378449,0.0003057669964618981,0.00017096500960178673,0.00011899799574166536,0.0017858570063253865,0.018106314004398882,0.01989217101072427,50.27103373789014,0
93,1.880086108998512,0.2424197793006897,-2.189547678033346,1.4788158575641077,-1.0533831280520936,-1.5907967726336878,0.17949049174785614,-0.23542456328868866,-0.2696435749530792,-1.2469850778579712,-0.7655138969421387,-0.18594691157341003,-0.19862186908721924,-0.26364585757255554,-0.0799010619521141,-0.9041678309440613,-0.4067215025424957,-0.1612982600927353,-0.14619450271129608,0.7948158253319233,5.514073533011601,-2.0454501664634535,0.31977380822596496,-0.07798775111391687,-0.06513053259248143,0.21116948,-2.191086,1.4738876,-1.0654086,-1.6138986,0.17187908,0.21116948,-2.191086,1.4738876,-1.0654086,-1.6138986,0.17187908,0.2424197793006897,-2.1895477771759033,1.4788159132003784,-1.0533831119537354,-1.5907968282699585,0.17949049174785614,-0.7812577,-0.038459208,-0.12320738,-0.30063707,-0.5775449,-0.1902852,-0.27274972,0.0,0.0,0.0,0.0041176448576152325,0.0020588225000000003,8.23529,False,0,0.11416032863971345,0.15829007659086256,0.2726609264352906,0.21779642518944098,-0.18392762708990615,0.11360915192657518,0.999933958864809,0.0056947306613829365,-0.001077638955252362,0.0099222280298219,0.12354892,-0.2330849,0.3045104,0.21850016589093796,9.770700125955045e-05,0.00013085801037959754,0.0009060629963641986,0.0002923740103142336,0.00017454000771977007,0.00011446999269537628,0.0021350410097511485,0.017623997991904616,0.019759039001655765,50.6097487795941,0
94,1.9001229819987202,0.23817460238933563,-2.189803262750143,1.4780166784869593,-1.055043415432312,-1.593896214162008,0.17847099900245667,-0.29250091314315796,-0.2610916197299957,-1.2325222492218018,-0.7863881587982178,-0.23733633756637573,-0.23029373586177826,-0.2708669602870941,-0.08466311544179916,-0.904990017414093,-0.4075944125652313,-0.1634780466556549,-0.14662519097328186,1.0834199665108044,5.253219530653456,-2.169512082610144,0.30347287622709646,-0.08329872085613249,-0.06373111417145169,0.20684859,-2.191095,1.4734565,-1.0670233,-1.6170477,0.17083651,0.20684859,-2.191095,1.4734565,-1.0670233,-1.6170477,0.17083651,0.23817460238933563,-2.1898033618927,1.47801673412323,-1.0550434589385986,-1.5938962697982788,0.17847099900245667,-0.7831502,-0.032294918,-0.11400638,-0.29949406,-0.5787841,-0.19086245,-0.27375782,0.0,0.0,0.0,0.0041176448576152325,0.0020588225000000003,8.23529,False,0,0.11538085893275249,0.15718124317609286,0.2731613729933164,0.2176849514028494,-0.18395182652449113,0.11365681754346549,0.99994710438655,0.005605966312933087,-0.0008903702032304234,0.008579676259114393,0.12354892,-0.2330849,0.3045104,0.21840500799168022,4.398600140120834e-05,0.00013552900054492056,0.0005804819957120344,0.0003745190042536706,0.00020769500406458974,0.00010419399768579751,0.0018921520095318556,0.017972510991967283,0.01986466300149914,50.34064760748936,0
95,1.9201335460093105,0.23387092351913452,-2.1900111637511195,1.4772771040545862,-1.056738869552948,-1.5971396605121058,0.17740143835544586,-0.3267885446548462,-0.22272889316082,-1.2449336051940918,-0.7343622446060181,-0.22498294711112976,-0.20248617231845856,-0.27390867471694946,-0.08739880472421646,-0.9045214653015137,-0.408021479845047,-0.16468873620033264,-0.1470230370759964,1.0004517902408026,5.554160372997034,-2.076271106161058,0.31661896847674986,-0.07974696114144086,-0.06670446010777142,0.20247269,-2.1909666,1.473028,-1.0686713,-1.6203119,0.16974577,0.20247269,-2.1909666,1.473028,-1.0686713,-1.6203119,0.16974577,0.23387092351913452,-2.1900112628936768,1.477277159690857,-1.0567388534545898,-1.5971397161483765,0.17740143835544586,-0.784956,-0.023881331,-0.1062299,-0.29831344,-0.5793022,-0.1913917,-0.2748986,0.0,0.0,0.0,0.0041176448576152325,0.0020588225000000003,8.23529,False,0,0.11661781786099346,0.1560265432111875,0.27364642495747116,0.2177660974793793,-0.18389487407679353,0.11354074613034082,0.9999434225628174,0.005979306891767158,-0.001262218105483815,0.008706339082641797,0.12354892,-0.2330849,0.3045104,0.21855422701831953,5.417900683823973e-05,0.00015708200226072222,0.0005394309991970658,0.0003757989907171577,0.00018129899399355054,0.00010728000779636204,0.0019769249920500442,0.017843033012468368,0.019819958004518412,50.4541936855783,0
96,1.940078330997494,0.22956879436969757,-2.1902200184264125,1.4765542189227503,-1.058394507770874,-1.6003506819354456,0.17637507617473602,-0.2492140829563141,-0.18733474612236023,-1.232171893119812,-0.7483377456665039,-0.2427317053079605,-0.21425779163837433,-0.2740686237812042,-0.08508764952421188,-0.902927041053772,-0.40801408886909485,-0.16482408344745636,-0.14707735180854797,1.2783509397986461,5.425346498081642,-1.9758671134197316,0.31118555477274307,-0.08943874527036104,-0.06662682406809164,0.19808227,-2.1909056,1.4725875,-1.0703677,-1.6235884,0.16869038,0.19808227,-2.1909056,1.4725875,-1.0703677,-1.6235884,0.16869038,0.22956879436969757,-2.1902201175689697,1.476554274559021,-1.0583945512771606,-1.6003507375717163,0.17637507617473602,-0.7871634,-0.017135993,-0.09917151,-0.2993289,-0.58094144,-0.19211726,-0.27530643,0.0,0.0,0.0,0.0041176448576152325,0.0020588225000000003,8.23529,False,0,0.11783369994059234,0.1548692194513833,0.2741251236848544,0.21780920154514258,-0.18390722175377155,0.11359536173050226,0.9999479923409255,0.0058976629504736275,-0.0009036430552239056,0.008272561222512582,0.12354892,-0.2330849,0.3045104,0.21852231651857346,4.0332000935450196e-05,0.00020291200780775398,0.000516052998136729,0.0002923700085375458,0.00015484199684578925,0.00010131599265150726,0.0016844850033521652,0.018109348995494656,0.01979383399884682,50.52078339437723,0
97,1.9601049570046598,0.22518454492092133,-2.1904131374754847,1.4759157339679163,-1.0600359004786988,-1.6035359541522425,0.17531633377075195,-0.26343679428100586,-0.23362204432487488,-1.2426085472106934,-0.7223418951034546,-0.226273775100708,-0.21396175026893616,-0.2743465006351471,-0.05850886553525925,-0.9013841152191162,-0.40795615315437317,-0.16505198180675507,-0.14709341526031494,1.18734364635506,5.323436786019058,-1.9948480079924988,0.30201588037007326,-0.08304009341092759,-0.06566171920750871,0.193632,-2.1908805,1.4722583,-1.0720141,-1.6268133,0.16761108,0.193632,-2.1908805,1.4722583,-1.0720141,-1.6268133,0.16761108,0.22518454492092133,-2.190413236618042,1.475915789604187,-1.0600359439849854,-1.6035360097885132,0.17531633377075195,-0.78881353,-0.011683732,-0.0914372,-0.29945284,-0.5819327,-0.19263145,-0.27580008,0.0,0.0,0.0,0.0041176448576152325,0.0020588225000000003,8.23529,False,0,0.11904412427781601,0.15369854039641806,0.2745784250505964,0.2178563220171424,-0.18394446487051644,0.11358493161829403,0.9999500490560553,0.00628398247820867,-0.0002786957519876189,0.007765285504878191,0.12354892,-0.2330849,0.3045104,0.21854338054865385,5.922200216446072e-05,0.00011807300325017422,0.0005044739955337718,0.00046070400276221335,0.0001776229910319671,9.862099250312895e-05,0.0017964190046768636,0.018078259003232233,0.019874678007909097,50.31528055961719,0
98,1.9801346000022022,0.22083480656147003,-2.190551897088522,1.4753316084491175,-1.0616749090007325,-1.60673696199526,0.17422375082969666,-0.2305818796157837,-0.19383181631565094,-1.2472013235092163,-0.767055332660675,-0.19512242078781128,-0.19123181700706482,-0.2745538651943207,-0.0189689751714468,-0.9008876085281372,-0.4082726836204529,-0.16550025343894958,-0.14706334471702576,1.076629513521132,5.216400295479763,-2.1312626550666356,0.3077755014423138,-0.08176752856720179,-0.06958564810249077,0.18924743,-2.1908753,1.4721637,-1.07358,-1.6300318,0.1665063,0.18924743,-2.1908753,1.4721637,-1.07358,-1.6300318,0.1665063,0.22083480656147003,-2.190551996231079,1.4753316640853882,-1.061674952507019,-1.6067370176315308,0.17422375082969666,-0.78968424,-0.008079557,-0.07919958,-0.29762834,-0.5823705,-0.19293597,-0.2765995,0.0,0.0,0.0,0.0041176448576152325,0.0020588225000000003,8.23529,False,0,0.12024258596028321,0.1525209399104647,0.2750109933488195,0.21762332805321674,-0.1839194938973853,0.11357394992604965,0.9999399800519357,0.005537871704131198,-0.0011843442235593901,0.00937757209948291,0.12354892,-0.2330849,0.3045104,0.2184581553497452,6.277899956330657e-05,0.0001452430005883798,0.0006193250010255724,0.0003136649902444333,0.0002764789969660342,0.00013521300570573658,0.002036776000750251,0.017738599999574944,0.019775376000325195,50.567938631536286,0
99,2.0000915010023164,0.21649393439292908,-2.1906568012633265,1.4747169653521937,-1.0633458656123658,-1.60991079012026,0.1731937825679779,-0.28915780782699585,-0.2188568413257599,-1.2276283502578735,-0.7578623294830322,-0.21142283082008362,-0.20203082263469696,-0.27524328231811523,0.01802780106663704,-0.9001057744026184,-0.40837186574935913,-0.16650596261024475,-0.14705392718315125,1.6096489984081417,5.04107598165218,-2.1823607830572973,0.2927656510602485,-0.10336761810062087,-0.06737814596046059,0.18482018,-2.19077,1.4717779,-1.075211,-1.6332353,0.16545993,0.18482018,-2.19077,1.4717779,-1.075211,-1.6332353,0.16545993,0.21649393439292908,-2.190656900405884,1.4747170209884644,-1.0633459091186523,-1.6099108457565308,0.1731937825679779,-0.7918442,-0.0028271268,-0.07347854,-0.29662997,-0.5831134,-0.1933463,-0.27674454,0.0,0.0,0.0,0.0041176448576152325,0.0020588225000000003,8.23529,False,0,0.12144195373624586,0.151345849059926,0.27545483131065995,0.2176262109756122,-0.18394026820673312,0.1136004909086346,0.9999399323624726,0.00555958301720879,-0.0013593120597979677,0.00934564161003396,0.12354892,-0.2330849,0.3045104,0.21843152511485558,4.749400250148028e-05,0.00013605700223706663,0.0005622869939543307,0.0003479470033198595,0.00019717600662261248,0.000126315004308708,0.0018371240003034472,0.017944456994882785,0.019781580995186232,50.552076714361,0
100,2.020140110005741,0.21211077272891998,-2.1907249889769496,1.4741843382464808,-1.065007523899414,-1.6131404081927698,0.1721162050962448,-0.32650452852249146,-0.20861783623695374,-1.2478314638137817,-0.7337540984153748,-0.20734739303588867,-0.18938422203063965,-0.2750062942504883,0.0475122444331646,-0.8980281949043274,-0.40787747502326965,-0.16658535599708557,-0.1471608579158783,1.3228217251917793,5.081864066432557,-1.7874616551116012,0.29193501499337193,-0.0977764704466387,-0.06756248056599921,0.18037252,-2.1907108,1.471573,-1.0768975,-1.6365086,0.16436252,0.18037252,-2.1907108,1.471573,-1.0768975,-1.6365086,0.16436252,0.21211077272891998,-2.190725088119507,1.4741843938827515,-1.0650075674057007,-1.6131404638290405,0.1721162050962448,-0.7934564,0.00035673706,-0.065284505,-0.2972491,-0.5842026,-0.19384216,-0.27669626,0.0,0.0,0.0,0.0041176448576152325,0.0020588225000000003,8.23529,False,0,0.12263745080452729,0.15014412956603662,0.2758718243064673,0.21761888573721344,-0.1839738409308119,0.11360614770951061,0.9999427708302053,0.005414021514359505,-0.001666535557923963,0.009074557266487704,0.12354892,-0.2330849,0.3045104,0.21841587484032265,0.00012640299974009395,0.00013466599921230227,0.0006492539978353307,0.0004888850089628249,0.00018826800805982202,0.00014355099119711667,0.0022917360038263723,0.01758989499649033,0.019881631000316702,50.297684329020626,0
101,2.0401051210064907,0.2077854424715042,-2.1906920872130335,1.473776642476217,-1.0666514200023194,-1.616363827382223,0.17108504474163055,-0.27561718225479126,-0.22346055507659912,-1.2473251819610596,-0.7347120642662048,-0.24210073053836823,-0.2080031782388687,-0.2748594284057617,0.07234366238117218,-0.8983009457588196,-0.40798482298851013,-0.1666518598794937,-0.1470801681280136,1.5573162085622803,4.7869140158091765,-2.3116132625480983,0.2915230188896773,-0.11430897469439312,-0.06930475256003477,0.17596366,-2.1904964,1.4714633,-1.0785925,-1.6397823,0.1633057,0.17596366,-2.1904964,1.4714633,-1.0785925,-1.6397823,0.1633057,0.2077854424715042,-2.190692186355591,1.4737766981124878,-1.066651463508606,-1.6163638830184937,0.17108504474163055,-0.7955446,0.0048924917,-0.05783501,-0.29852653,-0.5854607,-0.19448365,-0.2764379,0.0,0.0,0.0,0.0041176448576152325,0.0020588225000000003,8.23529,False,0,0.12381393831172888,0.14894315847662637,0.27623777898537616,0.21761741343439825,-0.18394559141348935,0.11357850363066008,0.9999427459643353,0.005155908014335701,-0.0015146524468129655,0.009253542716723503,0.12354892,-0.2330849,0.3045104,0.21844575624275062,4.559599619824439e-05,0.00019055200391449034,0.0008159960125340149,0.0003241760132368654,0.0002083610015688464,0.00014828299754299223,0.0022316429967759177,0.01755290900473483,0.019784552001510747,50.54448541082154,0
102,2.0600947350030765,0.20343293249607086,-2.1908003292479457,1.4733331839190882,-1.068274812107422,-1.6195648352252405,0.1699916571378708,-0.28050634264945984,-0.26588279008865356,-1.2383805513381958,-0.743170976638794,-0.23833565413951874,-0.19234807789325714,-0.27498382329940796,0.09670390188694,-0.8982663750648499,-0.4083455502986908,-0.1669643223285675,-0.14708775281906128,1.3109071990792505,5.0141362364931235,-2.309195722968469,0.28293038743732946,-0.10226931141790085,-0.07000160715939152,0.17155206,-2.190372,1.4714061,-1.0801691,-1.643,0.16219482,0.17155206,-2.190372,1.4714061,-1.0801691,-1.643,0.16219482,0.20343293249607086,-2.190800428390503,1.4733332395553589,-1.0682748556137085,-1.6195648908615112,0.1699916571378708,-0.7970219,0.010712693,-0.04817906,-0.29735476,-0.58587706,-0.19492114,-0.2768338,0.0,0.0,0.0,0.0041176448576152325,0.0020588225000000003,8.23529,False,0,0.12496517945423911,0.14773260496843765,0.27663597200839285,0.21760814316395605,-0.18392942355867467,0.1136202570764479,0.9999436033358259,0.0048867472968779,-0.0019937823014061907,0.009218792936815356,0.12354892,-0.2330849,0.3045104,0.21840890836789562,5.675299325957894e-05,0.00014853700122330338,0.0006735200004186481,0.0003590480046113953,0.00020694598788395524,0.00011346800602041185,0.0020896289934171364,0.017717005001031794,0.01980663399444893,50.4881344442606,0
103,2.0801372959977016,0.19902928173542023,-2.190815588037008,1.4729369322406214,-1.0699148935130616,-1.6228225866900843,0.1689259111881256,-0.3045147657394409,-0.1792488694190979,-1.2293368577957153,-0.7381296753883362,-0.2696774899959564,-0.19304603338241577,-0.27497851848602295,0.12274135649204254,-0.8968692421913147,-0.4085613787174225,-0.167353093624115,-0.14704640209674835,1.5733641458522287,5.163745020618499,-2.1040339924497427,0.2870447202512568,-0.11027041497854818,-0.07022680481893345,0.16710451,-2.1901174,1.471306,-1.0818098,-1.646256,0.16111505,0.16710451,-2.1901174,1.471306,-1.0818098,-1.646256,0.16111505,0.19902928173542023,-2.1908156871795654,1.472936987876892,-1.0699149370193481,-1.622822642326355,0.1689259111881256,-0.7981191,0.017458305,-0.040776625,-0.29737106,-0.5858337,-0.19527136,-0.2771916,0.0,0.0,0.0,0.0041176448576152325,0.0020588225000000003,8.23529,False,0,0.1261283463493029,0.14649737486966663,0.2770122997661154,0.21763804287924046,-0.1838995800059418,0.1136081945129898,0.9999397333016246,0.005533366954375494,-0.0016207957247869893,0.009345576197379947,0.12354892,-0.2330849,0.3045104,0.2184390465787681,4.441800410859287e-05,0.00014559099508915097,0.0006658159982180223,0.0003678859939100221,0.00018638400069903582,0.00010978299542330205,0.0019540979992598295,0.017902398991282098,0.019856496990541928,50.361350266178434,0
104,2.10011801100336,0.1946316361427307,-2.1907741032042445,1.4725859800921839,-1.0715943735888978,-1.6260440985309046,0.16783611476421356,-0.2693086862564087,-0.1176251471042633,-1.2443264722824097,-0.7456189393997192,-0.2755235731601715,-0.19286927580833435,-0.2744091749191284,0.15043020248413086,-0.8958870768547058,-0.4082987904548645,-0.16749046742916107,-0.14711986482143402,1.3438566185566283,4.940927319016214,-1.9754742027802386,0.28322815743513957,-0.10585371590900841,-0.0730575772015374,0.16264863,-2.1899161,1.4712551,-1.0834308,-1.6494939,0.16001558,0.16264863,-2.1899161,1.4712551,-1.0834308,-1.6494939,0.16001558,0.1946316361427307,-2.1907742023468018,1.4725860357284546,-1.0715943574905396,-1.6260441541671753,0.16783611476421356,-0.7995752,0.021454128,-0.033274032,-0.29591116,-0.586244,-0.19551343,-0.2771836,0.0,0.0,0.0,0.0041176448576152325,0.0020588225000000003,8.23529,False,0,0.12729127017203806,0.1452662153830651,0.2773747192067354,0.2175954440630651,-0.1839326586439202,0.11361520928537384,0.9999420068142015,0.005128564663089829,-0.0013478730608410267,0.009372743829217864,0.12354892,-0.2330849,0.3045104,0.21840712355464686,4.018101026304066e-05,0.00012028100900352001,0.0006337009981507435,0.0003941220056731254,0.00017852999735623598,0.00010032700083684176,0.001850057000410743,0.017979116993956268,0.01982917399436701,50.4307441290331,0
105,2.120081986009609,0.19018322229385376,-2.1907540760436,1.472325627003805,-1.0732327562621613,-1.6293132940875452,0.16675131022930145,-0.2180955559015274,-0.053598552942276,-1.2484896183013916,-0.7628041505813599,-0.25706812739372253,-0.18104560673236847,-0.2746938467025757,0.17758597433567047,-0.8952913880348206,-0.40823230147361755,-0.1676844209432602,-0.14715330302715302,1.3714581197011642,5.263683994224406,-1.9353918157658092,0.2990354796521503,-0.10527336074278337,-0.0773719471809941,0.15814944,-2.18975,1.4713353,-1.0850745,-1.6527777,0.15891597,0.15814944,-2.18975,1.4713353,-1.0850745,-1.6527777,0.15891597,0.19018322229385376,-2.1907541751861572,1.4723256826400757,-1.0732327699661255,-1.629313349723816,0.16675131022930145,-0.8008447,0.02510482,-0.024760896,-0.2960438,-0.5866069,-0.19588368,-0.2769629,0.0,0.0,0.0,0.0041176448576152325,0.0020588225000000003,8.23529,False,0,0.12843614857469995,0.1440065303947578,0.27771198662559826,0.21762492017692886,-0.1839240631057097,0.11357547483052682,0.9999408835736663,0.0057972530199726525,-0.0011247777686004534,0.009127752065096095,0.12354892,-0.2330849,0.3045104,0.2184564798925078,3.999700129497796e-05,0.0002460819960106164,0.0006346079899230972,0.0002706520026549697,0.00016089199925772846,0.00010122499952558428,0.0018562470067990944,0.017960586003027856,0.01981683300982695,50.46215000671959,0
106,2.1401342960016336,0.1857161521911621,-2.1907454929747523,1.4720624128924769,-1.0748879474452515,-1.6325777212726038,0.16569273173809052,-0.27242934703826904,0.006355784833431244,-1.2315577268600464,-0.7754339575767517,-0.2086380124092102,-0.19576092064380646,-0.27476850152015686,0.20586256682872772,-0.895188570022583,-0.40829169750213623,-0.16789360344409943,-0.14717954397201538,1.5109455154658997,5.208876885876308,-1.8584182345958977,0.30143862424337375,-0.10641429534978498,-0.07852234965552422,0.15364727,-2.1895404,1.4714364,-1.0866838,-1.6560457,0.15784967,0.15364727,-2.1895404,1.4714364,-1.0866838,-1.6560457,0.15784967,0.1857161521911621,-2.1907455921173096,1.4720624685287476,-1.074887990951538,-1.6325777769088745,0.16569273173809052,-0.80172217,0.03012958,-0.015653545,-0.2948935,-0.5866982,-0.19607656,-0.27713406,0.0,0.0,0.0,0.0041176448576152325,0.0020588225000000003,8.23529,False,0,0.1295758758507797,0.14273859590410432,0.2780572355208604,0.21762121841764126,-0.18392385589598653,0.11359648580577875,0.9999404834722444,0.00593331338794962,-0.0013952265621770864,0.009049285277673205,0.12354892,-0.2330849,0.3045104,0.21843656855805635,9.890399815049022e-05,0.00020807400869671255,0.000599938997766003,0.0003921809984603897,0.00018031299987342209,0.00011082699347753078,0.0019791019876720384,0.017899276004754938,0.019878377992426977,50.30591532070513,0
107,2.1601402460073587,0.18133161962032318,-2.190639635125631,1.471858326588766,-1.0765398305705567,-1.6358125845538538,0.16459965705871582,-0.255698025226593,0.0861511081457138,-1.231643795967102,-0.7808257341384888,-0.22742928564548492,-0.20016616582870483,-0.275235116481781,0.2286393791437149,-0.8763052821159363,-0.40832361578941345,-0.16821825504302979,-0.14722304046154022,1.6634828308844691,5.041457723195366,-2.053508015588039,0.28043240786228335,-0.11590014622843733,-0.07335436380219053,0.14921679,-2.1893003,1.4714885,-1.0883263,-1.6592822,0.15674886,0.14921679,-2.1893003,1.4714885,-1.0883263,-1.6592822,0.15674886,0.18133161962032318,-2.1906397342681885,1.4718583822250366,-1.0765398740768433,-1.6358126401901245,0.16459965705871582,-0.80287075,0.033486508,-0.0092466725,-0.29466042,-0.58673924,-0.19626997,-0.27684456,0.0,0.0,0.0,0.0041176448576152325,0.0020588225000000003,8.23529,False,0,0.13069994723786665,0.1414823048756659,0.27837229779949146,0.21766356322988287,-0.1839494358430623,0.11353935813025562,0.9999397709459467,0.005566613335056272,-0.0011802706510136065,0.009382105354902418,0.12354892,-0.2330849,0.3045104,0.2184989817053579,4.1027000406757e-05,0.0002009919990086928,0.0005030640022596344,0.00036852399352937937,0.00017769700207281858,0.00010030499834101647,0.0018016190006164834,0.018050056998617947,0.01985167599923443,50.373580550003155,0
108,2.1802335280081024,0.17697082459926605,-2.1905538044371546,1.4717581907855433,-1.0781580966762085,-1.6390460173236292,0.16350945830345154,-0.27609115839004517,0.12024451047182083,-1.2257952690124512,-0.8160433769226074,-0.19248241186141968,-0.1800893098115921,-0.2756357491016388,0.24586951732635498,-0.8210565447807312,-0.4082665741443634,-0.16852863132953644,-0.1471414417028427,1.6448450019928262,5.12026444680522,-1.9690202821602896,0.28839028336584727,-0.10987617690411686,-0.07607057684953204,0.1447859,-2.1891139,1.4716989,-1.089988,-1.6625378,0.15563792,0.1447859,-2.1891139,1.4716989,-1.089988,-1.6625378,0.15563792,0.17697082459926605,-2.190553903579712,1.471758246421814,-1.0781581401824951,-1.6390460729599,0.16350945830345154,-0.8046231,0.036003433,-0.0014852198,-0.295746,-0.58729357,-0.19678839,-0.2760913,0.0,0.0,0.0,0.0041176448576152325,0.0020588225000000003,8.23529,False,0,0.1317940947357504,0.1402193206616751,0.27865809703806427,0.21758222039600267,-0.18395014679174942,0.11356453435366776,0.9999439424925303,0.0049136907748305375,-0.002337609231403372,0.009084073699627495,0.12354892,-0.2330849,0.3045104,0.21844178956357022,4.2687010136432946e-05,0.00011881999671459198,0.0006209430139278993,0.00035055799526162446,0.00018392699712421745,0.00012096900900360197,0.0018980790046043694,0.01804544399783481,0.01994352300243918,50.14159232938412,0
109,2.200120674999198,0.17254561185836792,-2.1903702221312464,1.4716704527484339,-1.079787240629532,-1.6422818342791956,0.16243158280849457,-0.299970418214798,0.10160886496305466,-1.2293884754180908,-0.8120280504226685,-0.20275159180164337,-0.1991358995437622,-0.27492910623550415,0.26154646277427673,-0.7681863903999329,-0.40839990973472595,-0.16865704953670502,-0.14714090526103973,1.6504738040198115,4.849880162763152,-2.0827587758492623,0.2811945527124632,-0.11818600087586636,-0.07762683735661917,0.14033386,-2.1887052,1.4718761,-1.0915982,-1.6657324,0.1545529,0.14033386,-2.1887052,1.4718761,-1.0915982,-1.6657324,0.1545529,0.17254561185836792,-2.1903703212738037,1.4716705083847046,-1.079787254333496,-1.6422818899154663,0.16243158280849457,-0.8052938,0.04162914,0.005142382,-0.29527265,-0.5862633,-0.19696686,-0.2762742,0.0,0.0,0.0,0.0041176448576152325,0.0020588225000000003,8.23529,False,0,0.13290125876272352,0.1389427332516498,0.27892954670138265,0.21757870290175577,-0.18395583042203953,0.1135909106614308,0.9999425661260918,0.005500488640410739,-0.0013587343906069787,0.009095161608273328,0.12354892,-0.2330849,0.3045104,0.2184159408622507,4.05449973186478e-05,0.00012041500303894281,0.0006107480003265664,0.00033339898800477386,0.00015979200543370098,9.906799823511392e-05,0.001807368011213839,0.01792762998957187,0.01973499800078571,50.671401130123606,0
110,2.2201344690111,0.16810883581638336,-2.190167089501852,1.4716652075396937,-1.081484631901123,-1.6455543676959437,0.16133485734462738,-0.2530684471130371,0.15800172090530396,-1.2196943759918213,-0.753294825553894,-0.19999969005584717,-0.18157891929149628,-0.27405136823654175,0.2748439311981201,-0.7190458178520203,-0.40853753685951233,-0.1688215136528015,-0.14722640812397003,1.6159818915637236,4.997512739242998,-1.9208133929122035,0.2749242839572832,-0.12211410324929303,-0.07558749954231128,0.13584667,-2.1883328,1.4721968,-1.0932788,-1.6690164,0.15344451,0.13584667,-2.1883328,1.4721968,-1.0932788,-1.6690164,0.15344451,0.16810883581638336,-2.190167188644409,1.4716652631759644,-1.0814846754074097,-1.6455544233322144,0.16133485734462738,-0.80655426,0.045862786,0.013289421,-0.29485157,-0.58654857,-0.19725862,-0.27584633,0.0,0.0,0.0,0.0041176448576152325,0.0020588225000000003,8.23529,False,0,0.13401237483225464,0.13765081126471101,0.27918629242377,0.21763285376363725,-0.1839021934864189,0.11359526955008126,0.9999411100809398,0.005015853842090806,-0.0020332508571037945,0.009405304570466694,0.12354892,-0.2330849,0.3045104,0.21844751889372588,0.00010985700646415353,0.0002564189926488325,0.0005886360013391823,0.0004067150002811104,0.00016457300807815045,0.0001061790098901838,0.002046754991170019,0.01781978301005438,0.0198665380012244,50.33589646763662,0
111,2.240133004001109,0.16359014809131622,-2.1899482212462367,1.4716461340533655,-1.0830732148936768,-1.6487706343280237,0.16024036705493927,-0.21998664736747742,0.13422450423240662,-1.19862961769104,-0.8069193959236145,-0.24190141260623932,-0.18955928087234497,-0.27417662739753723,0.29186126589775085,-0.666016161441803,-0.4084452688694,-0.16804012656211853,-0.14721167087554932,1.7763470118167324,5.018374363755132,-2.044323766785813,0.27627450428404987,-0.12430870495447585,-0.0752432130892311,0.1312824,-2.187961,1.4724642,-1.0948302,-1.6722318,0.15234281,0.1312824,-2.187961,1.4724642,-1.0948302,-1.6722318,0.15234281,0.16359014809131622,-2.189948320388794,1.4716461896896362,-1.0830732583999634,-1.6487706899642944,0.16024036705493927,-0.8076937,0.049680512,0.020450696,-0.2939232,-0.58652705,-0.19743878,-0.2754158,0.0,0.0,0.0,0.0041176448576152325,0.0020588225000000003,8.23529,False,0,0.13510312779383837,0.13635064340079686,0.27943169060731016,0.21762546473493002,-0.18394171948414065,0.11360516178803566,0.9999429498148598,0.005197212616665591,-0.0019296399207133334,0.009129484222696615,0.12354892,-0.2330849,0.3045104,0.2184267948316338,4.073999298270792e-05,0.00011905499559361488,0.0005003580008633435,0.00030586199136450887,0.00016076800238806754,0.00015905399050097913,0.0016482200007885695,0.018195947995991446,0.019844167996780016,50.392639296455435,0
112,2.260126780005521,0.15906831622123718,-2.1897598705687464,1.471649471913473,-1.0846880239299317,-1.6520112196551722,0.15915077924728394,-0.27788904309272766,0.16230882704257965,-1.120916724205017,-0.7921392321586609,-0.2603996992111206,-0.18691378831863403,-0.32604578137397766,0.32255181670188904,-0.5966323018074036,-0.4134595990180969,-0.1791093796491623,-0.15060806274414062,1.8732402040055751,4.7109788391580345,-2.117333524869711,0.2656034649252667,-0.1334329247499795,-0.07812521152998535,0.12672143,-2.1874583,1.4728551,-1.0964425,-1.6754007,0.15123412,0.12672143,-2.1874583,1.4728551,-1.0964425,-1.6754007,0.15123412,0.15906831622123718,-2.1897599697113037,1.4716495275497437,-1.0846880674362183,-1.6520112752914429,0.15915077924728394,-0.80867237,0.057540853,0.030139916,-0.29385933,-0.5847353,-0.19791655,-0.27520293,0.0,0.0,0.0,0.0041176448576152325,0.0020588225000000003,8.23529,False,0,0.13618511652877696,0.13503735993166818,0.27968196418903746,0.217585532115557,-0.18396256517939738,0.11354198512931885,0.9999401652550387,0.005756519065846983,-0.0013147898696098117,0.009210235416857686,0.12354892,-0.2330849,0.3045104,0.21846013352405613,4.125399573240429e-05,0.000122874989756383,0.000511061996803619,0.0002868739975383505,0.00015345000429078937,9.876799595076591e-05,0.0015864199958741665,0.01825528200424742,0.019841702000121586,50.39890227128057,0
113,2.280144055010169,0.15429051220417023,-2.1895352802672328,1.4716499487506312,-1.0864765507033844,-1.655529801045553,0.15800119936466217,-0.2695867121219635,0.17367058992385864,-0.9907764196395874,-0.7678819894790649,-0.24282948672771454,-0.1911741942167282,-0.2710663378238678,0.29622334241867065,-0.5311883687973022,-0.4086529314517975,-0.16986128687858582,-0.14765867590904236,1.8027865502666365,5.227663894300279,-2.1889986032378257,0.28767736028279256,-0.12465158686340455,-0.08192137969980239,0.12193921,-2.1868024,1.4731733,-1.0982275,-1.6788328,0.1500764,0.12193921,-2.1868024,1.4731733,-1.0982275,-1.6788328,0.1500764,0.15429051220417023,-2.18953537940979,1.4716500043869019,-1.0864765644073486,-1.6555298566818237,0.15800119936466217,-0.80878246,0.06832343,0.038080752,-0.2937725,-0.58257425,-0.1981198,-0.27592024,0.0,0.0,0.0,0.0041176448576152325,0.0020588225000000003,8.23529,False,0,0.13734085303502613,0.13362324486776697,0.2799594997758651,0.21763460289104344,-0.18385523900933903,0.1136187872326904,0.9999423903573978,0.005202067155305317,-0.0025435644071939256,0.009037288933767075,0.12354892,-0.2330849,0.3045104,0.2184382964006843,4.112799069844186e-05,0.00011758500477299094,0.0004985029954696074,0.0003880540025420487,0.0002407340070931241,0.0001262419973500073,0.0017831199947977439,0.018082599010085687,0.01986571900488343,50.33797164624034,0
114,2.300083916998119,0.14967384934425354,-2.189207216302389,1.4716861883746546,-1.0882167381099244,-1.658938233052389,0.15684305131435394,-0.2861105799674988,0.19875724613666534,-0.8710725903511047,-0.6892722845077515,-0.22896933555603027,-0.19566361606121063,-0.2534666359424591,0.3031013309955597,-0.48825356364250183,-0.40551233291625977,-0.1634480059146881,-0.145618736743927,1.6226011683453854,4.908863765729608,-1.599361634888941,0.2758151321289054,-0.11614515934212431,-0.07977889176978029,0.117282614,-2.186637,1.4735584,-1.0998077,-1.6822786,0.14893013,0.117282614,-2.186637,1.4735584,-1.0998077,-1.6822786,0.14893013,0.14967384934425354,-2.1892073154449463,1.4716862440109253,-1.088216781616211,-1.6589382886886597,0.15684305131435394,-0.8097809,0.06425952,0.046803888,-0.28977317,-0.5835079,-0.19782314,-0.27478692,0.0,0.0,0.0,0.0041176448576152325,0.0020588225000000003,8.23529,False,0,0.1384608553029953,0.13224946073232552,0.28020456604149185,0.21759128121358182,-0.1839191728177951,0.11357641575126431,0.9999432389122695,0.005042684529344145,-0.0018344064459098442,0.009202800791471392,0.12354892,-0.2330849,0.3045104,0.2184422739238395,4.174700006842613e-05,0.00014781799109186977,0.0006523409974761307,0.00028502100030891597,0.00018204000662080944,9.99409967334941e-05,0.0018697519990382716,0.017913742995006032,0.019783494994044304,50.54718593964533,0
115,2.3200839339988306,0.14514711499214172,-2.1889058552184046,1.4718692938434046,-1.0897837740233918,-1.662215534840719,0.15573778748512268,-0.24053440988063812,0.1688794195652008,-0.844652533531189,-0.7525111436843872,-0.2154153287410736,-0.1868673712015152,-0.26327285170555115,0.3052492141723633,-0.4414975047111511,-0.4070102274417877,-0.16592685878276825,-0.1463603526353836,1.7278086992799726,4.92391945954692,-2.031637644816894,0.27292527600724903,-0.1209236498322002,-0.08013995427140434,0.11271096,-2.186271,1.4739093,-1.1014737,-1.6855819,0.14781271,0.11271096,-2.186271,1.4739093,-1.1014737,-1.6855819,0.14781271,0.14514711499214172,-2.188905954360962,1.4718693494796753,-1.089783787727356,-1.6622155904769897,0.15573778748512268,-0.81090385,0.065873094,0.05099626,-0.2922486,-0.5841597,-0.1981269,-0.2739058,0.0,0.0,0.0,0.0041176448576152325,0.0020588225000000003,8.23529,False,0,0.13950481977284485,0.13090432498486168,0.2803863429215212,0.21763295132130198,-0.18391107334328485,0.11357777662646852,0.9999428535399557,0.005511858335626295,-0.0018478329153612666,0.008970000597747833,0.12354892,-0.2330849,0.3045104,0.21846085029171183,4.1140010580420494e-05,0.00011950799671467394,0.000588668990531005,0.0003337740054121241,0.00018592098786029965,9.735400089994073e-05,0.0018085839983541518,0.018042737996438518,0.01985132199479267,50.37447885144962,0
116,2.3400827900040895,0.14062227308750153,-2.188570638696188,1.472029987965719,-1.0914091926864167,-1.6654875914203089,0.1545928567647934,-0.2937803268432617,0.19097471237182617,-0.7544846534729004,-0.7369963526725769,-0.248646080493927,-0.18733583390712738,-0.3218695819377899,0.3191441297531128,-0.41257402300834656,-0.4131210446357727,-0.17932361364364624,-0.1503356695175171,2.1719282964213042,4.586699333860406,-2.114377911985489,0.2605897514555685,-0.13246747828983654,-0.07747199820763762,0.108147085,-2.1856763,1.4744399,-1.1030626,-1.6887835,0.14665413,0.108147085,-2.1856763,1.4744399,-1.1030626,-1.6887835,0.14665413,0.14062227308750153,-2.188570737838745,1.4720300436019897,-1.0914092063903809,-1.6654876470565796,0.1545928567647934,-0.81187975,0.07235754,0.06024579,-0.291336,-0.5823978,-0.19846804,-0.27338302,0.0,0.0,0.0,0.0041176448576152325,0.0020588225000000003,8.23529,False,0,0.14055607223609917,0.12955660383980178,0.28058005950368614,0.2175847681232405,-0.18396575033600468,0.11360431706472945,0.9999440526422761,0.005004473066864093,-0.002124755545358849,0.00907477337517846,0.12354892,-0.2330849,0.3045104,0.21840460242529333,3.970699617639184e-05,0.00011721599730663002,0.0005506930028786883,0.000315010009217076,0.00017674299306236207,9.697100904304534e-05,0.0017615270044188946,0.018089307995978743,0.019850835000397637,50.375714672958026,0
117,2.360084576997906,0.1358141303062439,-2.1882230244078578,1.4722526709186,-1.0931426149657746,-1.668938938771383,0.15345399081707,-0.3399468660354614,0.21568988263607025,-0.7111464142799377,-0.7487776875495911,-0.23931390047073364,-0.18277686834335327,-0.32119667530059814,0.3129417896270752,-0.41283538937568665,-0.41353338956832886,-0.18152372539043427,-0.1511237770318985,2.293171077165314,4.757219145592531,-1.9508763975805947,0.2578563947614573,-0.13664505501290922,-0.07616740640846349,0.10332088,-2.1848335,1.4748782,-1.1049538,-1.6921009,0.14548746,0.10332088,-2.1848335,1.4748782,-1.1049538,-1.6921009,0.14548746,0.1358141303062439,-2.188223123550415,1.4722527265548706,-1.0931426286697388,-1.6689389944076538,0.15345399081707,-0.81233126,0.08474129,0.06563789,-0.29527965,-0.5790481,-0.1991635,-0.27367476,0.0,0.0,0.0,0.0041176448576152325,0.0020588225000000003,8.23529,False,0,0.1416577329566983,0.12812268220790063,0.2807749005540835,0.21762572836337646,-0.18390519574541653,0.11357181362282293,0.9999375966545225,0.005342782684093863,-0.00222540431371716,0.009555058107757447,0.12354892,-0.2330849,0.3045104,0.21846427445793526,5.087599856778979e-05,0.00021454400848597288,0.0006839569978183135,0.00027273400337435305,0.00018109200755134225,9.66420047916472e-05,0.0018915260006906465,0.017952916998183355,0.019844442998874,50.39194096083933,0
118,2.3800753980031004,0.1307995468378067,-2.187801023522848,1.4725335280047815,-1.094971166258194,-1.6725547949420374,0.15224473178386688,-0.23404084146022797,0.18899518251419067,-0.6970644593238831,-0.7334798574447632,-0.2213352918624878,-0.179281085729599,-0.2469603419303894,0.28840580582618713,-0.42304903268814087,-0.40616264939308167,-0.1658274084329605,-0.14614130556583405,1.9913027204111868,4.532130467255986,-1.8017451177483312,0.2579489591912034,-0.13473569958807818,-0.08468101741168664,0.098268375,-2.1843076,1.4755219,-1.1067164,-1.6957089,0.14427476,0.098268375,-2.1843076,1.4755219,-1.1067164,-1.6957089,0.14427476,0.1307995468378067,-2.1878011226654053,1.4725335836410522,-1.0949711799621582,-1.672554850578308,0.15224473178386688,-0.8132794,0.08733678,0.07470898,-0.29363012,-0.57885104,-0.19924927,-0.27282637,0.0,0.0,0.0,0.0041176448576152325,0.0020588225000000003,8.23529,False,0,0.14280321590708697,0.12661655333691146,0.28096049925953204,0.21767033383454515,-0.18391505074471573,0.11354544055505113,0.9999398711087133,0.005392280008770681,-0.0019147038641844224,0.00935508540528668,0.12354892,-0.2330849,0.3045104,0.2185043171634706,3.898498835042119e-05,0.00013019400648772717,0.0005749539996031672,0.0002556260005803779,0.00019165800767950714,0.00010808499064296484,0.0016821169992908835,0.01814823699533008,0.019830353994620964,50.42774326021878,0
119,2.400084738008445,0.1259533315896988,-2.1873661480345667,1.4729087988482874,-1.0967163902572175,-1.6759799162494105,0.15106773376464844,-0.2525845170021057,0.15778188407421112,-0.6820760369300842,-0.7134001851081848,-0.19734086096286774,-0.18823298811912537,-0.23947975039482117,0.297966867685318,-0.4224538803100586,-0.40506041049957275,-0.16163235902786255,-0.14478258788585663,1.5158536861096326,4.900736213599256,-1.6912142088187803,0.265041313580296,-0.11475682902081395,-0.08463008888346445,0.093410954,-2.1840632,1.4761467,-1.1083483,-1.6991863,0.14311966,0.093410954,-2.1840632,1.4761467,-1.1083483,-1.6991863,0.14311966,0.1259533315896988,-2.187366247177124,1.472908854484558,-1.0967164039611816,-1.6759799718856812,0.15106773376464844,-0.81355935,0.08257686,0.080945894,-0.29079756,-0.58015746,-0.19870177,-0.2721238,0.0,0.0,0.0,0.0041176448576152325,0.0020588225000000003,8.23529,False,0,0.1438882042864927,0.12516854022392004,0.2811027086462592,0.21761103867225406,-0.18390528855518729,0.1135759889029538,0.9999456318945763,0.00545338616707547,-0.001966098058281004,0.008667965102951612,0.12354892,-0.2330849,0.3045104,0.21845427886874821,4.490499850362539e-05,0.00021693800226785243,0.0005610469961538911,0.00030776200583204627,0.00018364199786446989,0.00011012899631168693,0.0017945870058611035,0.0180700170021737,0.019864604008034803,50.340797108038075,0
120,2.4200765610003145,0.12134352326393127,-2.186833520928854,1.4733036200152796,-1.0983373087695618,-1.679239575062887,0.14997278153896332,-0.24884659051895142,0.10673566907644272,-0.7151144742965698,-0.771075963973999,-0.23722554743289948,-0.203719824552536,-0.2583495080471039,0.2983734905719757,-0.42053067684173584,-0.40711554884910583,-0.16604113578796387,-0.14607666432857513,1.6321682108660993,4.815101507304894,-2.0807773130190914,0.2622332265456532,-0.1304261391067514,-0.08360861217967885,0.08879945,-2.1834579,1.4767534,-1.1098988,-1.7024688,0.14203963,0.08879945,-2.1834579,1.4767534,-1.1098988,-1.7024688,0.14203963,0.12134352326393127,-2.186833620071411,1.4733036756515503,-1.0983372926712036,-1.6792396306991577,0.14997278153896332,-0.81360185,0.08439323,0.086242855,-0.28903878,-0.5807273,-0.19832905,-0.27191702,0.0,0.0,0.0,0.0041176448576152325,0.0020588225000000003,8.23529,False,0,0.1449139338181883,0.12378450538879585,0.28120484529080936,0.21766098440301815,-0.1839108010816644,0.11357968914083222,0.999942235923626,0.005059721563001947,-0.0024454371902203316,0.009160166895762139,0.12354892,-0.2330849,0.3045104,0.21847131455650826,3.966700751334429e-05,0.0001209820038639009,0.0005817350029246882,0.00026541200350038707,0.0002124559978256002,9.775000216905028e-05,0.0016697459941497073,0.01817586900142487,0.01984561499557458,50.388965029453225,0
121,2.440082358996733,0.11690575629472733,-2.186461111108297,1.4736793676959437,-1.0999746483615418,-1.6824052969561976,0.1488400548696518,-0.2676970958709717,0.20353984832763672,-0.6667729020118713,-0.7535864114761353,-0.29217684268951416,-0.22439195215702057,-0.27101194858551025,0.29536011815071106,-0.4195944666862488,-0.4079742729663849,-0.16921325027942657,-0.1468382328748703,2.186481002485775,4.470597832552878,-1.9492731343365381,0.2503111319149341,-0.14374443229606626,-0.08362161829651373,0.0843408,-2.1828918,1.4774637,-1.111443,-1.7055725,0.14090574,0.0843408,-2.1828918,1.4774637,-1.111443,-1.7055725,0.14090574,0.11690575629472733,-2.1864612102508545,1.4736794233322144,-1.0999746322631836,-1.6824053525924683,0.1488400548696518,-0.81412387,0.08923663,0.09460669,-0.28671128,-0.5791785,-0.19835782,-0.27126732,0.0,0.0,0.0,0.0041176448576152325,0.0020588225000000003,8.23529,False,0,0.1458901436286575,0.12243915638268309,0.2813404108861542,0.21762623605657083,-0.18396085825326539,0.11357614660526053,0.9999428418921262,0.0054741310133280055,-0.0013195906972735512,0.009088387713646496,0.12354892,-0.2330849,0.3045104,0.218448182087409,4.087800334673375e-05,0.00011298200115561485,0.000649035006063059,0.00032797499443404377,0.0001789880043361336,9.816800593398511e-05,0.0017865769914351404,0.018067356999381445,0.019853933990816586,50.36785155337722,0
122,2.4600733109982684,0.11243090033531189,-2.186007638970846,1.474079434071676,-1.101605163221695,-1.6856845060931605,0.1477261781692505,-0.35312920808792114,0.2183791995048523,-0.6411364674568176,-0.7719619274139404,-0.292865514755249,-0.23461014032363892,-0.3268730938434601,0.3194953203201294,-0.4086965024471283,-0.4123189449310303,-0.18087464570999146,-0.15048862993717194,2.634774911317916,4.01557542821892,-1.566269113090779,0.24131251367441606,-0.15060231858937315,-0.08089552000326619,0.07982153,-2.1822836,1.4780302,-1.1132064,-1.7088012,0.1397698,0.07982153,-2.1822836,1.4780302,-1.1132064,-1.7088012,0.1397698,0.11243090033531189,-2.1860077381134033,1.4740794897079468,-1.1016051769256592,-1.6856845617294312,0.1477261781692505,-0.8152345,0.09310118,0.09876731,-0.29002967,-0.5779138,-0.19890973,-0.2704109,0.0,0.0,0.0,0.0041176448576152325,0.0020588225000000003,8.23529,False,0,0.14687042737990672,0.1210564878299871,0.28146010187861636,0.21761201431965693,-0.18396607655376696,0.11359062450862252,0.9999413602387511,0.00525934748904708,-0.0014080512879168067,0.009363951508274045,0.12354892,-0.2330849,0.3045104,0.21842822955569627,3.942300099879503e-05,0.000113515998236835,0.0006072440010029823,0.00022331500076688826,0.0002053560019703582,9.88449901342392e-05,0.0016678980027791113,0.01816699698974844,0.019834894992527552,50.41619834018443,0
123,2.480078988999594,0.10765139758586884,-2.18544401744985,1.4746411482440394,-1.1032545429519196,-1.6891143957721155,0.14654073119163513,-0.23979498445987701,0.1386530101299286,-0.6555002927780151,-0.8046696186065674,-0.257253497838974,-0.2090044468641281,-0.27025046944618225,0.2875500023365021,-0.4207074046134949,-0.4082895815372467,-0.17170792818069458,-0.1475856602191925,2.2574834037705576,4.521861021600487,-2.082024042280361,0.2546675669552651,-0.14512214384432098,-0.08581532048945384,0.075025015,-2.1813924,1.478939,-1.1149142,-1.712148,0.13856722,0.075025015,-2.1813924,1.478939,-1.1149142,-1.712148,0.13856722,0.10765139758586884,-2.1854441165924072,1.47464120388031,-1.1032545566558838,-1.6891144514083862,0.14654073119163513,-0.8156596,0.10129057,0.10744505,-0.29149196,-0.57583857,-0.1993377,-0.27009735,0.0,0.0,0.0,0.0041176448576152325,0.0020588225000000003,8.23529,False,0,0.1478864345752061,0.1195880146011949,0.28152271976257237,0.21762702129499126,-0.1838986429816589,0.11354240642495482,0.9999380427219691,0.0057242323766855,-0.0019039836112162928,0.00935301984937741,0.12354892,-0.2330849,0.3045104,0.21849200868230098,3.931700484827161e-05,0.00011720199836418033,0.0005143829912412912,0.00026370199338998646,0.00022432200785260648,0.00010545899567659944,0.001621291012270376,0.018238252989249304,0.01985954400151968,50.3536234227472,0
124,2.500081703008618,0.10285116732120514,-2.1849142513670863,1.4751876036273401,-1.1050310891917725,-1.6924870649920862,0.14542752504348755,-0.3157211244106293,0.15862993896007538,-0.6425997018814087,-0.7687656283378601,-0.2536565065383911,-0.23117423057556152,-0.3076537549495697,0.3221924602985382,-0.4098605215549469,-0.41089892387390137,-0.17691493034362793,-0.1493472307920456,1.6029519394502034,4.199450766319699,-1.7965100780117496,0.23670340204396634,-0.1186838494498735,-0.0798818331857935,0.07020299,-2.1808257,1.4796885,-1.1166375,-1.715482,0.13745815,0.07020299,-2.1808257,1.4796885,-1.1166375,-1.715482,0.13745815,0.10285116732120514,-2.1849143505096436,1.4751876592636108,-1.105031132698059,-1.692487120628357,0.14542752504348755,-0.8162043,0.10221637,0.11252108,-0.29015723,-0.57487136,-0.19923435,-0.26945102,0.0,0.0,0.0,0.0041176448576152325,0.0020588225000000003,8.23529,False,0,0.1489152132424029,0.11812556722812388,0.28161395505527165,0.21760840287782468,-0.18389428731200405,0.11360945599260136,0.999941259216703,0.005171019818331831,-0.002599225133372412,0.009165049899353253,0.12354892,-0.2330849,0.3045104,0.21842637061936976,3.8847007090225816e-05,0.00021489600476343185,0.00057634299446363,0.0003145480004604906,0.00017458399815950543,0.00010372699762228876,0.0018079170113196597,0.018040196999209,0.01984811401052866,50.38262070993438,0
125,2.52008203099831,0.09789358079433441,-2.1843301258482875,1.475825611745016,-1.1067055028728028,-1.695984188710348,0.1441938728094101,-0.21064114570617676,0.1416078507900238,-0.6864925026893616,-0.7639386653900146,-0.2286415994167328,-0.22559921443462372,-0.2562314569950104,0.28467506170272827,-0.42309048771858215,-0.40806517004966736,-0.16946762800216675,-0.14700853824615479,2.2681845361008883,4.8928102747194595,-2.0808893350288544,0.25285698661769057,-0.15438985791776175,-0.0836089594281177,0.06525505,-2.1798677,1.4805444,-1.1183422,-1.7188996,0.13622063,0.06525505,-2.1798677,1.4805444,-1.1183422,-1.7188996,0.13622063,0.09789358079433441,-2.1843302249908447,1.4758256673812866,-1.1067055463790894,-1.6959842443466187,0.1441938728094101,-0.8159632,0.11156406,0.11796981,-0.2909139,-0.57288295,-0.19933115,-0.26982862,0.0,0.0,0.0,0.0041176448576152325,0.0020588225000000003,8.23529,False,0,0.1499321982318869,0.11660141056612597,0.28166067553749713,0.2176625686607018,-0.183912202910034,0.11357772363229289,0.9999421134354726,0.005330141315836733,-0.0015279315622601496,0.009219659943991501,0.12354892,-0.2330849,0.3045104,0.21847339923331632,0.00010475900489836931,0.00021765301062259823,0.0005563289887504652,0.00033993300166912377,0.00018512000679038465,0.00011271399853285402,0.001894607994472608,0.017950730994925834,0.019845338989398442,50.38966583207316,0
126,2.5400816510082223,0.09315603971481323,-2.183827062646383,1.4763553778277796,-1.1084579092315217,-1.6992910544024866,0.14304420351982117,-0.27764713764190674,0.18887019157409668,-0.621407687664032,-0.7570779919624329,-0.25255483388900757,-0.21441741287708282,-0.2468118816614151,0.2904505133628845,-0.42360201478004456,-0.4059959352016449,-0.16478535532951355,-0.14517660439014435,2.2890824856863827,4.04036671011155,-1.7233878208149191,0.23110357667708167,-0.13953277720780877,-0.07940076510297915,0.060519684,-2.1794603,1.4814668,-1.1198614,-1.7222246,0.13509998,0.060519684,-2.1794603,1.4814668,-1.1198614,-1.7222246,0.13509998,0.09315603971481323,-2.1838271617889404,1.4763554334640503,-1.1084579229354858,-1.6992911100387573,0.14304420351982117,-0.8159089,0.10917454,0.12778257,-0.28508535,-0.57333815,-0.19860563,-0.26895297,0.0,0.0,0.0,0.0041176448576152325,0.0020588225000000003,8.23529,False,0,0.15092176538065014,0.1151494843507952,0.2817608686958893,0.21759747261673285,-0.18395286102851122,0.11354387183611277,0.9999420807012354,0.005603435553518172,-0.001767584522507126,0.009016113097276204,0.12354892,-0.2330849,0.3045104,0.2184658065843327,8.93219985300675e-05,0.00012669101124629378,0.0005344550008885562,0.0003116129955742508,0.00018084999464917928,9.550100367050618e-05,0.0017806129908422008,0.018067377008264884,0.019847989999107085,50.38293550354407,0
127,2.560079830000177,0.08850474655628204,-2.183240076104635,1.4769719282733362,-1.1100609761527558,-1.7025912443744105,0.14188745617866516,-0.2997569441795349,0.1718684732913971,-0.6593992710113525,-0.7769496440887451,-0.24869884550571442,-0.2081914097070694,-0.31592583656311035,0.31537148356437683,-0.41005754470825195,-0.41128969192504883,-0.17923113703727722,-0.14975519478321075,2.4441046420808146,4.435372469444161,-1.6517437289073391,0.2415501352729052,-0.15339058886194248,-0.08591021970394562,0.05582358,-2.178903,1.4820788,-1.1216518,-1.7255458,0.13392787,0.05582358,-2.178903,1.4820788,-1.1216518,-1.7255458,0.13392787,0.08850474655628204,-2.1832401752471924,1.476971983909607,-1.1100609302520752,-1.7025913000106812,0.14188745617866516,-0.81702924,0.108424135,0.12766969,-0.2897697,-0.57386076,-0.19898975,-0.26806238,0.0,0.0,0.0,0.0041176448576152325,0.0020588225000000003,8.23529,False,0,0.15186400964767266,0.11370341942062809,0.28180266341537097,0.21760307269843596,-0.18396073021120787,0.1136082271116551,0.9999421198898384,0.005522093251077844,-0.0015691372298552103,0.009098055307092246,0.12354892,-0.2330849,0.3045104,0.21841019567236636,4.064899985678494e-05,0.00012126100773457438,0.0006210949941305444,0.0003064050106331706,0.0001685960014583543,0.00010221399134024978,0.0017303329950664192,0.018107363997842185,0.019837696992908604,50.40907724104621,0
128,2.5800748280016705,0.08368510007858276,-2.182571073571676,1.4777968565570276,-1.1117294889739533,-1.7059877554522913,0.140717551112175,-0.3283088207244873,0.2236877679824829,-0.7049179673194885,-0.8133679628372192,-0.25546422600746155,-0.2034493386745453,-0.319362610578537,0.30376410484313965,-0.41376087069511414,-0.41335082054138184,-0.18281792104244232,-0.15093331038951874,2.6452765193940015,4.176508150715492,-2.320649426094215,0.22997252475127672,-0.1668571452443898,-0.08647357437119328,0.051012006,-2.177749,1.4832517,-1.1233008,-1.7287517,0.13274522,0.051012006,-2.177749,1.4832517,-1.1233008,-1.7287517,0.13274522,0.08368510007858276,-2.1825711727142334,1.4777969121932983,-1.1117295026779175,-1.705987811088562,0.140717551112175,-0.81682736,0.12055373,0.13636859,-0.28928304,-0.5690958,-0.19930838,-0.26826712,0.0,0.0,0.0,0.0041176448576152325,0.0020588225000000003,8.23529,False,0,0.15282476869799325,0.11220382130977176,0.28178266126820317,0.2176268307514076,-0.18390662230713242,0.11362040154560119,0.9999448826987148,0.005123923153185054,-0.0020541540888634417,0.008932368106950197,0.12354892,-0.2330849,0.3045104,0.2184219633209929,3.81499994546175e-05,0.00011020999227184802,0.0006444540049415082,0.00029951300530228764,0.00017472601030021906,0.00010637599916663021,0.0017462579999119043,0.018091646998072974,0.01983790499798488,50.40854869007485,0
129,2.6000852130091516,0.07862621545791626,-2.1819120846190394,1.4784782568561,-1.1136336487582703,-1.7095540205584925,0.1394723653793335,-0.34105443954467773,0.1756701022386551,-0.616974949836731,-0.7661693096160889,-0.26381734013557434,-0.22185897827148438,-0.30243176221847534,0.30932843685150146,-0.4130460023880005,-0.4110729396343231,-0.17860011756420135,-0.14966323971748352,2.0764333823779957,3.9474215665908576,-1.6865279773264132,0.22452527647201997,-0.1374014657214689,-0.08277641937364733,0.04590765,-2.1769078,1.4842454,-1.1252612,-1.73222,0.13147828,0.04590765,-2.1769078,1.4842454,-1.1252612,-1.73222,0.13147828,0.07862621545791626,-2.1819121837615967,1.4784783124923706,-1.113633632659912,-1.7095540761947632,0.1394723653793335,-0.81796414,0.12510835,0.14417903,-0.2906887,-0.56664866,-0.19985196,-0.26673836,0.0,0.0,0.0,0.0041176448576152325,0.0020588225000000003,8.23529,False,0,0.15385919869175183,0.11062578482385951,0.2818481709281221,0.2176157984015663,-0.1839280484660912,0.11355651634344509,0.9999408685772205,0.005728309288717008,-0.000597087661993974,0.009221228788281502,0.12354892,-0.2330849,0.3045104,0.21846822563720783,5.4795003961771727e-05,0.0002083120052702725,0.0005836499913129956,0.00028976600151509047,0.00017837699851952493,9.944400517269969e-05,0.00178056801087223,0.018081451999023557,0.019862020009895787,50.34734631733194,0
130,2.6200825560081284,0.07349089533090591,-2.1811610660948695,1.4793761412249964,-1.115410791044571,-1.7131941954242151,0.13824960589408875,-0.30105024576187134,0.14808319509029388,-0.6630597710609436,-0.7810807228088379,-0.26656508445739746,-0.21641868352890015,-0.2911967933177948,0.30327117443084717,-0.4156050980091095,-0.41066309809684753,-0.17649978399276733,-0.14908486604690552,2.2175083315548187,4.329995225154457,-1.8832234618711101,0.22326922381765305,-0.1456014412506373,-0.07938842797873565,0.040758032,-2.176047,1.4852294,-1.1271466,-1.735831,0.13024972,0.040758032,-2.176047,1.4852294,-1.1271466,-1.735831,0.13024972,0.07349089533090591,-2.1811611652374268,1.479376196861267,-1.1154108047485352,-1.7131942510604858,0.13824960589408875,-0.8183216,0.12785396,0.1463285,-0.29339358,-0.56592065,-0.1999971,-0.26662418,0.0,0.0,0.0,0.0041176448576152325,0.0020588225000000003,8.23529,False,0,0.1548599882507083,0.1090091546593236,0.2818205414985552,0.2176440931471822,-0.18394762082602786,0.11359171760688085,0.9999451463948242,0.0049575416944077294,-0.0026915526373996273,0.008826269878680404,0.12354892,-0.2330849,0.3045104,0.21844524111223185,4.29740030085668e-05,0.00012545300705824047,0.0005989039927953854,0.00023128600150812417,0.00020703300833702087,0.00010158399527426809,0.0016574220062466338,0.018198839999968186,0.01985626200621482,50.36194625589698,0
131,2.640083953010617,0.06827615201473236,-2.180413385430807,1.4802315870868128,-1.117243306045868,-1.7167747656451624,0.13694941997528076,-0.21667441725730896,0.10046280920505524,-0.6590332984924316,-0.7987183332443237,-0.2957642376422882,-0.21193838119506836,-0.2267778068780899,0.2689579129219055,-0.4312894344329834,-0.4057222902774811,-0.16404028236865997,-0.1449434757232666,2.1212769125224047,3.962462439349981,-1.9916154495912108,0.22377640401604668,-0.15240684926778397,-0.08480371891541229,0.03554653,-2.1751733,1.4864111,-1.1288478,-1.7393765,0.12896438,0.03554653,-2.1751733,1.4864111,-1.1288478,-1.7393765,0.12896438,0.06827615201473236,-2.1804134845733643,1.4802316427230835,-1.1172432899475098,-1.716774821281433,0.13694941997528076,-0.8182405,0.13100457,0.15448554,-0.2901122,-0.5650444,-0.19962615,-0.26610887,0.0,0.0,0.0,0.0041176448576152325,0.0020588225000000003,8.23529,False,0,0.15586907795032812,0.10738811423609443,0.2818145632220362,0.21761697492148657,-0.18393995855581355,0.11358601882768186,0.9999398907617051,0.005346023012237923,-0.002164750121950811,0.009322126684272148,0.12354892,-0.2330849,0.3045104,0.21844026601338135,3.9256003219634295e-05,0.00011382899538148195,0.0007338489958783612,0.00029425500542856753,0.00017569900956004858,9.562599007040262e-05,0.001821115001803264,0.018020205010543577,0.01984132001234684,50.3998725577593,0
132,2.6600810880045174,0.0633263885974884,-2.1796914539732875,1.481046501790182,-1.1190242928317566,-1.7201479117022913,0.13575156033039093,-0.27628180384635925,0.15159915387630463,-0.6298510432243347,-0.7625360488891602,-0.30184227228164673,-0.19969706237316132,-0.2905345559120178,0.3081303834915161,-0.41527679562568665,-0.4091885983943939,-0.17450563609600067,-0.14813019335269928,2.0499232416288855,3.9736853810629618,-1.6668620041205902,0.21398836605726276,-0.1444352524431553,-0.08397332222915012,0.03059543,-2.1745188,1.4874316,-1.1305027,-1.7427484,0.12778701,0.03059543,-2.1745188,1.4874316,-1.1305027,-1.7427484,0.12778701,0.0633263885974884,-2.1796915531158447,1.4810465574264526,-1.1190242767333984,-1.720147967338562,0.13575156033039093,-0.818274,0.12931696,0.15962596,-0.28696042,-0.5650105,-0.19911377,-0.26548597,0.0,0.0,0.0,0.0041176448576152325,0.0020588225000000003,8.23529,False,0,0.15682385941828456,0.10584942102828664,0.28181320806544163,0.21759655997715271,-0.18397972468289356,0.11365801503801318,0.9999441600669268,0.005011348266274775,-0.0019147753139755882,0.009104779828931122,0.12354892,-0.2330849,0.3045104,0.21835960234254925,3.943499177694321e-05,0.00011961899872403592,0.000640476995613426,0.0003164570080116391,0.00017612600640859455,9.585599764250219e-05,0.0017573509976500645,0.018076805004966445,0.01983415600261651,50.41807676959285,0
133,2.6800830440042773,0.058261558413505554,-2.178897043267721,1.4819663206683558,-1.1207179886153718,-1.7236550490008753,0.13452975451946259,-0.2974703013896942,0.18482524156570435,-0.6497712135314941,-0.7784910798072815,-0.2745920717716217,-0.21852359175682068,-0.30641815066337585,0.2943822145462036,-0.41642820835113525,-0.4117510914802551,-0.18099455535411835,-0.15010572969913483,2.6051049671812043,4.476447643100759,-1.9675788777827992,0.23430549532256756,-0.16496621437586764,-0.09078160274537,0.025552709,-2.173354,1.4885132,-1.1322453,-1.7461252,0.12656187,0.025552709,-2.173354,1.4885132,-1.1322453,-1.7461252,0.12656187,0.058261558413505554,-2.1788971424102783,1.4819663763046265,-1.120718002319336,-1.723655104637146,0.13452975451946259,-0.81772125,0.13857913,0.16366996,-0.28818145,-0.56175184,-0.19919732,-0.26612547,0.0,0.0,0.0,0.0041176448576152325,0.0020588225000000003,8.23529,False,0,0.15776283246882228,0.10425375855625132,0.2817628652978136,0.2176383601856791,-0.18389704213265573,0.11359391860932089,0.9999403839199228,0.005345769916296059,-0.002007140062831822,0.009306008666859466,0.12354892,-0.2330849,0.3045104,0.2184522310400912,4.069399437867105e-05,0.00012621800124179572,0.0005476170044858009,0.00031532600405626,0.00017956299416255206,9.702499664854258e-05,0.001776902994606644,0.01806859100179281,0.019845493996399455,50.38927225401539,0
134,2.700077417001012,0.053242333233356476,-2.178176542321676,1.482889477406637,-1.1226291221431275,-1.727170769368307,0.13325676321983337,-0.2867909371852875,0.15077370405197144,-0.6401563882827759,-0.6861467361450195,-0.2613595426082611,-0.21897879242897034,-0.2387031465768814,0.2648869752883911,-0.43222057819366455,-0.40612924098968506,-0.16725929081439972,-0.1454889178276062,2.276515294486347,4.077578014906216,-1.5699286330165636,0.22488006985474837,-0.15038798758638283,-0.08895925055877967,0.020560153,-2.1724331,1.489806,-1.1339618,-1.7495295,0.12530883,0.020560153,-2.1724331,1.489806,-1.1339618,-1.7495295,0.12530883,0.053242333233356476,-2.1781766414642334,1.4828895330429077,-1.122629165649414,-1.7271708250045776,0.13325676321983337,-0.8170545,0.14358932,0.17291297,-0.2833152,-0.55896753,-0.19869843,-0.2659005,0.0,0.0,0.0,0.0041176448576152325,0.0020588225000000003,8.23529,False,0,0.15871888734342435,0.10265879607071529,0.28175657938232923,0.21762880504073742,-0.18392551552740033,0.11357790206000386,0.9999396393306208,0.005848617127828243,-0.0012380786387320283,0.009216759802664284,0.12354892,-0.2330849,0.3045104,0.21845570462835062,4.025000089313835e-05,0.00020419000065885484,0.0005423100083135068,0.0003218729980289936,0.0001625379954930395,0.00010064899106509984,0.0017565809976076707,0.01808001300378237,0.01983659400139004,50.41188018114024,0
135,2.7200836400006665,0.04845142364501953,-2.1773797474303187,1.4838278929339808,-1.124271647339203,-1.7305291334735315,0.13211071491241455,-0.2590576112270355,0.17949935793876648,-0.6302163004875183,-0.7448746562004089,-0.2592266798019409,-0.20749574899673462,-0.23657356202602386,0.2773163318634033,-0.4308215081691742,-0.4047045111656189,-0.1642409861087799,-0.1445418745279312,2.166716688493549,4.3813964954096605,-1.346040795085623,0.2286885717203864,-0.14534548745624024,-0.08551515029173302,0.015718114,-2.1718252,1.4908199,-1.1356912,-1.7530253,0.124162935,0.015718114,-2.1718252,1.4908199,-1.1356912,-1.7530253,0.124162935,0.04845142364501953,-2.177379846572876,1.4838279485702515,-1.1242716312408447,-1.7305291891098022,0.13211071491241455,-0.8183328,0.13886687,0.17480063,-0.28548837,-0.5624037,-0.19869454,-0.26444054,0.0,0.0,0.0,0.0041176448576152325,0.0020588225000000003,8.23529,False,0,0.1595917912840189,0.10112834689863477,0.28169217694637033,0.21760423422416997,-0.18391847036313708,0.11355615370803165,0.9999434105791568,0.005277217487196029,-0.0016867752127667558,0.009081296742440466,0.12354892,-0.2330849,0.3045104,0.2184657190008957,4.275600076653063e-05,0.00011822200031019747,0.0006662890082225204,0.0003457440034253523,0.0001622970012249425,0.00010280399874318391,0.0018464519962435588,0.018012660002568737,0.019859111998812295,50.35471878399228,0
136,2.7401372570020612,0.04382724687457085,-2.176526208917135,1.4848106543170374,-1.1258458954146882,-1.7336915175067347,0.13095787167549133,-0.262542724609375,0.07052478194236755,-0.676845908164978,-0.7476850748062134,-0.23907166719436646,-0.21673385798931122,-0.25653737783432007,0.28064191341400146,-0.4267517924308777,-0.4063299894332886,-0.16862857341766357,-0.1461465209722519,2.062907753385526,4.261381666052288,-1.9123648937146762,0.22383650978674974,-0.14545290124609736,-0.0844594685845526,0.011133939,-2.1707957,1.4919566,-1.1372099,-1.7561294,0.12302829,0.011133939,-2.1707957,1.4919566,-1.1372099,-1.7561294,0.12302829,0.04382724687457085,-2.1765263080596924,1.484810709953308,-1.1258459091186523,-1.7336915731430054,0.13095787167549133,-0.81733274,0.14326723,0.17864683,-0.28409898,-0.56094384,-0.1982394,-0.26530188,0.0,0.0,0.0,0.0041176448576152325,0.0020588225000000003,8.23529,False,0,0.16042598457816873,0.09966450418693593,0.2815901578248895,0.21764612706597244,-0.18394301880172292,0.11359624274345737,0.9999439539368745,0.005240794343249381,-0.0018153948668408913,0.009016350817840985,0.12354892,-0.2330849,0.3045104,0.21844319758196495,4.1332998080179095e-05,0.00012476400297600776,0.0005973549996269867,0.00036295999598223716,0.00016160300583578646,9.925100312102586e-05,0.0017881929961731657,0.01810785199631937,0.019896044992492534,50.26124540718191,0
137,2.7600802759989165,0.03926791250705719,-2.1757642231383265,1.4856975714312952,-1.1274882417968293,-1.7367656866656702,0.12989896535873413,-0.244185209274292,0.14992253482341766,-0.6374425292015076,-0.7174338698387146,-0.26104122400283813,-0.19420047104358673,-0.26932838559150696,0.2794750928878784,-0.4261883795261383,-0.4078918993473053,-0.17206346988677979,-0.14691759645938873,2.064285913599763,3.8351433801166595,-1.6557945404799936,0.2148769357799296,-0.14012547735863196,-0.0857138095186519,0.0065731704,-2.1698756,1.4930917,-1.1387445,-1.759166,0.121979296,0.0065731704,-2.1698756,1.4930917,-1.1387445,-1.759166,0.121979296,0.03926791250705719,-2.175764322280884,1.485697627067566,-1.1274882555007935,-1.736765742301941,0.12989896535873413,-0.81736857,0.14721854,0.18485074,-0.28140476,-0.56000555,-0.19799174,-0.26458398,0.0,0.0,0.0,0.0041176448576152325,0.0020588225000000003,8.23529,False,0,0.1612517155608238,0.09822692934206931,0.2815402012080598,0.21761632491576535,-0.18399391079336727,0.11362974561370948,0.9999453291681457,0.0052037311436945784,-0.0016138239997052443,0.008927457781130653,0.12354892,-0.2330849,0.3045104,0.2183896343007072,4.10939974244684e-05,0.00022416500723920763,0.0006454899994423613,0.0003039179864572361,0.00015976501163095236,9.885001054499298e-05,0.001870191001216881,0.017917896999279037,0.019788088000495918,50.53545344931448,0
138,2.7800774150091456,0.034704696387052536,-2.1750952206053675,1.4865968863116663,-1.1290574234775086,-1.7398679892169397,0.128745898604393,-0.21314001083374023,0.1795508861541748,-0.5878682136535645,-0.7242037057876587,-0.28720396757125854,-0.18156082928180695,-0.2745392918586731,0.28359130024909973,-0.4248645007610321,-0.4079881012439728,-0.17321936786174774,-0.1472082883119583,2.3779907089942314,4.075694682501545,-1.5588779838524356,0.20235793322902998,-0.15118763010261416,-0.08168432759549371,0.0020123757,-2.1690848,1.4941356,-1.1403877,-1.762243,0.12082402,0.0020123757,-2.1690848,1.4941356,-1.1403877,-1.762243,0.12082402,0.034704696387052536,-2.175095319747925,1.486596941947937,-1.1290574073791504,-1.7398680448532104,0.128745898604393,-0.817308,0.15026525,0.18846652,-0.28325477,-0.5593744,-0.19804701,-0.26457196,0.0,0.0,0.0,0.0041176448576152325,0.0020588225000000003,8.23529,False,0,0.1620391038790077,0.09677606744248331,0.2814943885508014,0.2175997008825021,-0.18393756147715756,0.11357099495128964,0.9999406230356946,0.005540604047418952,-0.0010590252424704549,0.009325162224993522,0.12354892,-0.2330849,0.3045104,0.2184464990172752,3.962499613407999e-05,0.00011813599849119782,0.0006289580051088706,0.000311758994939737,0.00024382300034631044,0.00012327000149525702,0.001829430999350734,0.018022164003923535,0.01985159500327427,50.373786077897655,0
139,2.800108983006794,0.030155008658766747,-2.174251695672506,1.4875882307635706,-1.1305928093246003,-1.7429454962359827,0.12766441702842712,-0.2612447440624237,0.18210697174072266,-0.6298333406448364,-0.7707576155662537,-0.28952842950820923,-0.20227649807929993,-0.27545875310897827,0.28401678800582886,-0.4249345660209656,-0.40777596831321716,-0.17313170433044434,-0.1471080183982849,2.509178794767266,3.609036632255575,-1.8479295937086124,0.1993498031308651,-0.15550880563030087,-0.08619707828483171,-0.0025317874,-2.168199,1.4952179,-1.1418871,-1.765285,0.11975429,-0.0025317874,-2.168199,1.4952179,-1.1418871,-1.765285,0.11975429,0.030155008658766747,-2.1742517948150635,1.4875882863998413,-1.1305928230285645,-1.7429455518722534,0.12766441702842712,-0.81716996,0.15131879,0.1907406,-0.28235686,-0.55848545,-0.19775316,-0.26454043,0.0,0.0,0.0,0.0041176448576152325,0.0020588225000000003,8.23529,False,0,0.1628235286891307,0.09532871043652033,0.2813877554800046,0.21756890919522867,-0.18396818133006132,0.11362778040242066,0.9999436598438263,0.005326819673390134,-0.0015833549441625861,0.009043100558703249,0.12354892,-0.2330849,0.3045104,0.21837671841962014,4.0171013097278774e-05,0.00011316800373606384,0.0004979920049663633,0.00029549599275924265,0.00017555699741933495,0.00010536098852753639,0.001604181990842335,0.018278026007465087,0.019882207998307422,50.296224648948964,0
140,2.820102527999552,0.025611311197280884,-2.1734172306456507,1.48859149614443,-1.1321606200984498,-1.7460477987872522,0.12659043073654175,-0.32973921298980713,0.14576108753681183,-0.5887157320976257,-0.7663381695747375,-0.3363935947418213,-0.19838310778141022,-0.3285726308822632,0.3097083270549774,-0.4128313362598419,-0.41185662150382996,-0.18336407840251923,-0.15051916241645813,2.467174805317218,3.6109087252119374,-1.599682924666529,0.19616051551207872,-0.1549973071903376,-0.08343509507360096,-0.0070715323,-2.1671755,1.4964125,-1.1435175,-1.768287,0.118672326,-0.0070715323,-2.1671755,1.4964125,-1.1435175,-1.768287,0.118672326,0.025611311197280884,-2.173417329788208,1.4885915517807007,-1.1321606636047363,-1.746047854423523,0.12659043073654175,-0.81707114,0.15604335,0.19552508,-0.28392202,-0.5559781,-0.19795269,-0.2645115,0.0,0.0,0.0,0.0041176448576152325,0.0020588225000000003,8.23529,False,0,0.16360116540688238,0.09387189850475908,0.28128609901209256,0.21767684621937297,-0.18390365874073641,0.11353090193615738,0.9999368373743548,0.00586143760403602,-0.0008877420838265162,0.009547625644646713,0.12354892,-0.2330849,0.3045104,0.21852239229115217,6.543299241457134e-05,0.0002787220000755042,0.0008893750054994598,0.0005565020110225305,0.00026540100225247443,0.00016355401021428406,0.0027421749982750043,0.017009734001476318,0.019751908999751322,50.6280177785646,0
141,2.8400772370077902,0.020861074328422546,-2.172540327111715,1.489737335835592,-1.1338340801051636,-1.7493880430804651,0.1253889799118042,-0.27989640831947327,0.1578456461429596,-0.66832435131073,-0.7750769853591919,-0.3226717412471771,-0.18376566469669342,-0.26965928077697754,0.266782283782959,-0.43114644289016724,-0.4089469015598297,-0.17450352013111115,-0.1476191282272339,2.497372760267539,3.4698057221268064,-1.8705196531564448,0.19142480411535107,-0.16449384849157933,-0.08594225363690348,-0.011813343,-2.1659374,1.4977033,-1.1453183,-1.7715179,0.117456,-0.011813343,-2.1659374,1.4977033,-1.1453183,-1.7715179,0.117456,0.020861074328422546,-2.1725404262542725,1.4897373914718628,-1.1338341236114502,-1.7493880987167358,0.1253889799118042,-0.81686044,0.1650753,0.19914734,-0.28710404,-0.5532444,-0.19832455,-0.26493952,0.0,0.0,0.0,0.0041176448576152325,0.0020588225000000003,8.23529,False,0,0.16440270892737058,0.0923212133754712,0.2811600309811175,0.217641783434589,-0.18395642453345987,0.11352750951500123,0.9999409690398905,0.005792226870816562,-0.001158535179589149,0.00911956149681345,0.12354892,-0.2330849,0.3045104,0.21849838620560585,0.00010400400788057595,0.00021912000374868512,0.000602221000008285,0.0003623450029408559,0.0002727880055317655,0.000139800991746597,0.0021333939948817715,0.01767143700271845,0.01980483099760022,50.492730794883904,0
142,2.86007522699947,0.01616990752518177,-2.1717382870116175,1.490800682698385,-1.1355077487281342,-1.7526453177081507,0.12426690012216568,-0.24404428899288177,0.13163039088249207,-0.6144676208496094,-0.7630718350410461,-0.33637475967407227,-0.20167021453380585,-0.2518784999847412,0.2729015648365021,-0.4328116774559021,-0.4064447581768036,-0.16841080784797668,-0.14550679922103882,2.725604662235707,4.002341864281001,-1.4077211921986397,0.19954337204287767,-0.1666136127699579,-0.08346169928517375,-0.016530713,-2.1652133,1.4990064,-1.1468369,-1.7747734,0.11635022,-0.016530713,-2.1652133,1.4990064,-1.1468369,-1.7747734,0.11635022,0.01616990752518177,-2.171738386154175,1.4908007383346558,-1.1355077028274536,-1.7526453733444214,0.12426690012216568,-0.81751555,0.16312584,0.20514199,-0.28322917,-0.5531985,-0.19791712,-0.26338488,0.0,0.0,0.0,0.0041176448576152325,0.0020588225000000003,8.23529,False,0,0.1651836002441659,0.09079456236670176,0.2810700132349866,0.21761116630133817,-0.18390619638026345,0.11354851716944109,0.9999395596358852,0.00563837385627316,-0.001904617317334889,0.009241456359681176,0.12354892,-0.2330849,0.3045104,0.2184781408472608,4.505700781010091e-05,0.00013207401207182556,0.0005758009938290343,0.0003561199991963804,0.00017268999363295734,0.00010912900324910879,0.0019033069984288886,0.017927444001543336,0.019830750999972224,50.426733712777725,0
143,2.880139927001437,0.011524439789354801,-2.1707965336241664,1.4919069449054163,-1.1370783311179657,-1.7558062712298792,0.12315362691879272,-0.2709338665008545,0.11523604393005371,-0.6161273121833801,-0.7857105135917664,-0.2604893743991852,-0.20325115323066711,-0.26090556383132935,0.27538517117500305,-0.4309113919734955,-0.40770912170410156,-0.17067332565784454,-0.14642898738384247,2.4043652786555088,4.020128467897168,-1.5069060715411715,0.2114615463929133,-0.16028359734485847,-0.09244667863409373,-0.021139808,-2.1640844,1.5001869,-1.1485022,-1.7778975,0.11524183,-0.021139808,-2.1640844,1.5001869,-1.1485022,-1.7778975,0.11524183,0.011524439789354801,-2.1707966327667236,1.491907000541687,-1.1370782852172852,-1.75580632686615,0.12315362691879272,-0.81660616,0.16780262,0.20699827,-0.28559723,-0.5522774,-0.19779488,-0.26458108,0.0,0.0,0.0,0.0041176448576152325,0.0020588225000000003,8.23529,False,0,0.16594314114044986,0.08929305046247858,0.2809270041794116,0.21766628214185432,-0.18393387797156432,0.11356796475760823,0.999942363779833,0.005088428064203911,-0.002214394527755601,0.009187801623738914,0.12354892,-0.2330849,0.3045104,0.21847865036149042,6.594198930542916e-05,0.00012848999176640064,0.0005645040073432028,0.0003305440041003749,0.0002693150017876178,0.00013637500524055213,0.0019822220056084916,0.017934575997060165,0.019916798002668656,50.20887392973558,0
144,2.900087246001931,0.0070175789296627045,-2.1698619327940882,1.4930546919452112,-1.1386242669871827,-1.7588303724872034,0.12202773988246918,-0.3033081889152527,0.08861633390188217,-0.7010815739631653,-0.8342949748039246,-0.29612794518470764,-0.20709410309791565,-0.26896822452545166,0.2726777195930481,-0.4301614761352539,-0.40800681710243225,-0.17285072803497314,-0.14691908657550812,2.4959001554064795,3.572253673573653,-1.8332194606897065,0.18578277198061682,-0.1647082855872285,-0.08446907274936309,-0.025609098,-2.1629832,1.5014752,-1.1499621,-1.7808542,0.114135206,-0.025609098,-2.1629832,1.5014752,-1.1499621,-1.7808542,0.114135206,0.0070175789296627045,-2.1698620319366455,1.493054747581482,-1.1386243104934692,-1.7588304281234741,0.12202773988246918,-0.815667,0.17196903,0.21051262,-0.28344396,-0.5505958,-0.19731331,-0.26518762,0.0,0.0,0.0,0.0041176448576152325,0.0020588225000000003,8.23529,False,0,0.1666713191553589,0.08784181775876168,0.2807648341943464,0.217618054810473,-0.18394484823932936,0.11359077023054355,0.9999395791394596,0.005483400904555256,-0.0019390936835072732,0.00932589646333602,0.12354892,-0.2330849,0.3045104,0.21843547813000533,4.3688007281161845e-05,0.00013297000259626657,0.0005756730097346008,0.0003457590064499527,0.000191683997400105,0.00011016600183211267,0.0018168990063713863,0.01796325299073942,0.019780151997110806,50.555728800570655,0
145,2.920134729007259,0.0024227488320320845,-2.1689726314940394,1.4941628615008753,-1.1402716499618073,-1.7619555632220667,0.12096567451953888,-0.27275362610816956,0.12129125744104385,-0.6305282711982727,-0.78801029920578,-0.26174303889274597,-0.2045813947916031,-0.2738155424594879,0.27487725019454956,-0.42988520860671997,-0.40827593207359314,-0.17397010326385498,-0.14778631925582886,2.507336635859041,3.8176254813892108,-1.2364259449576283,0.19682593551332322,-0.15497734743086933,-0.08850625981338216,-0.030178124,-2.1618934,1.5027902,-1.1515405,-1.7838874,0.11308514,-0.030178124,-2.1618934,1.5027902,-1.1515405,-1.7838874,0.11308514,0.0024227488320320845,-2.1689727306365967,1.494162917137146,-1.1402716636657715,-1.7619556188583374,0.12096567451953888,-0.8150218,0.17698364,0.21568263,-0.28172213,-0.54829454,-0.19701336,-0.2653353,0.0,0.0,0.0,0.0041176448576152325,0.0020588225000000003,8.23529,False,0,0.16741321561570205,0.08634803075467681,0.2806422348362829,0.2175838306319862,-0.18395433903502584,0.11358989913597708,0.9999422250665355,0.005262984050989054,-0.00171935596565957,0.009212673597205555,0.12354892,-0.2330849,0.3045104,0.21841936807853077,4.2741987272165716e-05,0.00012051299563609064,0.000591124000493437,0.0004527529963525012,0.00018368300516158342,0.0001074539904948324,0.0018801409896695986,0.018013663007877767,0.019893803997547366,50.2669072301751,0
146,2.940137997997226,-0.0020926634417932632,-2.1680671177306117,1.49528676668276,-1.1418429178050538,-1.7649934927569788,0.11985303461551666,-0.26801079511642456,0.1092727929353714,-0.6398177742958069,-0.812015950679779,-0.2571561336517334,-0.2188231647014618,-0.27423587441444397,0.275560200214386,-0.4299643337726593,-0.4078938364982605,-0.17397722601890564,-0.14788392186164856,2.544680961553532,3.717133693004736,-1.4944229138915914,0.20802743168859048,-0.16218602121030812,-0.09008315103789072,-0.034701042,-2.1609294,1.5039364,-1.1532391,-1.7869487,0.11196775,-0.034701042,-2.1609294,1.5039364,-1.1532391,-1.7869487,0.11196775,-0.0020926634315401316,-2.168067216873169,1.4952868223190308,-1.1418429613113403,-1.7649935483932495,0.11985303461551666,-0.8152095,0.1784469,0.21623896,-0.28490448,-0.5488774,-0.19713219,-0.26542953,0.0,0.0,0.0,0.0041176448576152325,0.0020588225000000003,8.23529,False,0,0.16812344535756768,0.08488342507213553,0.2804992470568273,0.21764221990835242,-0.18394445583024993,0.11356416015695968,0.9999430473605807,0.0052732107512523775,-0.0019101113898847173,0.00907967069522642,0.12354892,-0.2330849,0.3045104,0.2184692315075183,4.075300239492208e-05,0.00020191899966448545,0.0005050180043326691,0.00028835900593549013,0.0001572150067659095,0.00010704099258873612,0.0017249279917450622,0.01812310599780176,0.01984803398954682,50.382823836691365,0
147,2.9601011089980602,-0.006618324910299123,-2.167123933831686,1.4964421431170862,-1.1434188348105927,-1.768022362385885,0.11878238618373871,-0.304700642824173,0.17610225081443787,-0.6576114892959595,-0.7753469944000244,-0.2596359848976135,-0.2558786869049072,-0.3281136751174927,0.30538228154182434,-0.41578802466392517,-0.4118614196777344,-0.18427732586860657,-0.1511974334716797,2.8499793605257966,3.4152610080605785,-1.6073304256180745,0.18596838984406594,-0.1633528019181383,-0.08422396999695003,-0.03920313,-2.1597707,1.5052917,-1.1547589,-1.7898107,0.110902734,-0.03920313,-2.1597707,1.5052917,-1.1547589,-1.7898107,0.110902734,-0.006618325132876635,-2.167124032974243,1.496442198753357,-1.143418788909912,-1.7680224180221558,0.11878238618373871,-0.81462014,0.18383457,0.2212366,-0.28350338,-0.54470503,-0.19699128,-0.2656678,0.0,0.0,0.0,0.0041176448576152325,0.0020588225000000003,8.23529,False,0,0.16882730607695562,0.08341496225476377,0.2803419962335806,0.2176111240975519,-0.18393156259190846,0.11354896145094341,0.9999405031889412,0.005627587838661049,-0.0011992028427727812,0.009264523406352518,0.12354892,-0.2330849,0.3045104,0.21847202588788592,4.093500319868326e-05,0.00011937400267925113,0.0005952009960310534,0.0002906649897340685,0.00015358199016191065,9.754300117492676e-05,0.001668861004873179,0.018138596991775557,0.019807457996648736,50.486034107415094,0
148,2.9800947409967193,-0.011387650166646779,-2.1661516628661097,1.4977319876300257,-1.1450701218894501,-1.7712634245501917,0.11762440204620361,-0.3188592791557312,0.1404685229063034,-0.6628349423408508,-0.7765922546386719,-0.2436552494764328,-0.2317282110452652,-0.26889845728874207,0.2582152783870697,-0.4360113739967346,-0.4092874526977539,-0.17566899955272675,-0.1482272744178772,2.5976857473281014,3.7324744501412166,-1.6132802865401326,0.20227895982540683,-0.16083541114370542,-0.08848802599259431,-0.043963972,-2.1586425,1.506642,-1.1565503,-1.7929755,0.10973646,-0.043963972,-2.1586425,1.506642,-1.1565503,-1.7929755,0.10973646,-0.011387649923563004,-2.166151762008667,1.4977320432662964,-1.1450700759887695,-1.7712634801864624,0.11762440204620361,-0.81440806,0.18773307,0.22274712,-0.2870041,-0.542801,-0.19719858,-0.2662531,0.0,0.0,0.0,0.0041176448576152325,0.0020588225000000003,8.23529,False,0,0.16954654897047658,0.08185162126842509,0.2801603225773063,0.2175896896307579,-0.18393403513809273,0.11361968214040269,0.9999414952114255,0.004835822198452736,-0.002094369561642323,0.009443738680850348,0.12354892,-0.2330849,0.3045104,0.2184004265036489,4.21860022470355e-05,0.00016734898963477463,0.0008009690063772723,0.00037357200926635414,0.00017988200124818832,0.00011621900193858892,0.002098797995131463,0.017711416992824525,0.019810214987955987,50.479007956651145,0
149,3.0000834980019135,-0.01614267030824834,-2.1650778255858363,1.4989989439593714,-1.1467524629882355,-1.774435822163717,0.11647864431142807,-0.2861787676811218,0.0891442522406578,-0.6735150218009949,-0.7716201543807983,-0.2877807021141052,-0.25627732276916504,-0.2513205409049988,0.26318034529685974,-0.4381357729434967,-0.40625354647636414,-0.16930919885635376,-0.14611321687698364,2.4296552684892374,3.423535652647042,-1.5488704201163526,0.19393719206218188,-0.14783141804425998,-0.08445370375790609,-0.048714418,-2.1575015,1.5081352,-1.1581384,-1.7961099,0.10860458,-0.048714418,-2.1575015,1.5081352,-1.1581384,-1.7961099,0.10860458,-0.016142670065164566,-2.1650779247283936,1.498998999595642,-1.1467524766921997,-1.7744358777999878,0.11647864431142807,-0.8142937,0.18941201,0.22840527,-0.2846475,-0.54185003,-0.19685164,-0.2656672,0.0,0.0,0.0,0.0041176448576152325,0.0020588225000000003,8.23529,False,0,0.17027449917056747,0.08030187725421198,0.279971205886997,0.21760161018258062,-0.18395612271061815,0.11357141167039488,0.9999420592295265,0.005569655701231115,-0.0016192414454754883,0.009067793820786724,0.12354892,-0.2330849,0.3045104,0.21844278156268276,4.566500138025731e-05,0.0001357629953417927,0.0005716729938285425,0.00036145800550002605,0.00017607100016903132,0.0001138380030170083,0.0018360640096943825,0.017973351990804076,0.01980941600049846,50.481043962872874,0
150,3.020089277997613,-0.0207293669330042,-2.1640478573241175,1.5002263228045862,-1.1483247739127656,-1.7775400320636194,0.1153181791305542,-0.226517915725708,0.1508997231721878,-0.7112376689910889,-0.7533800005912781,-0.2844182550907135,-0.21902979910373688,-0.26003342866897583,0.26047152280807495,-0.437926709651947,-0.4075416624546051,-0.17142826318740845,-0.14690646529197693,2.363702485887243,3.802489815764643,-1.396881023353484,0.20047749067090043,-0.15231414571759033,-0.08891876929288388,-0.053283233,-2.1563075,1.5094408,-1.1597207,-1.7992017,0.10745207,-0.053283233,-2.1563075,1.5094408,-1.1597207,-1.7992017,0.10745207,-0.020729366689920425,-2.164047956466675,1.500226378440857,-1.148324728012085,-1.7775400876998901,0.1153181791305542,-0.81384665,0.19351524,0.23035978,-0.2848984,-0.54154205,-0.1966526,-0.26610383,0.0,0.0,0.0,0.0041176448576152325,0.0020588225000000003,8.23529,False,0,0.17095301330459156,0.0787926949316697,0.279784661274346,0.21768009459193569,-0.18391433022071288,0.11357956882577504,0.9999372277925178,0.005710552260901297,-0.001718599241663423,0.009487092286042215,0.12354892,-0.2330849,0.3045104,0.21847885828994074,0.00012410299677867442,0.0001357809960609302,0.000652642993372865,0.0005503329884959385,0.0002040190011030063,0.00011481200635898858,0.0021936679986538365,0.017647328990278766,0.019840996988932602,50.40069309812428,0
151,3.040097432996845,-0.025240246449605763,-2.1630441151061,1.5014680067645472,-1.1499508780292054,-1.7805426756488245,0.1142556220293045,-0.2676764130592346,0.13856180012226105,-0.6845352053642273,-0.7546403408050537,-0.33186936378479004,-0.23365576565265656,-0.26987847685813904,0.2637355923652649,-0.43544796109199524,-0.40792104601860046,-0.17344433069229126,-0.14678670465946198,2.6828233346507324,3.3553823053093113,-1.7716452519425856,0.17868680214064714,-0.15510160993141592,-0.07948284421882257,-0.057778805,-2.1552157,1.5107902,-1.1612943,-1.8021545,0.10640424,-0.057778805,-2.1552157,1.5107902,-1.1612943,-1.8021545,0.10640424,-0.025240246206521988,-2.1630442142486572,1.5014680624008179,-1.1499508619308472,-1.7805427312850952,0.1142556220293045,-0.81346405,0.19571474,0.23305303,-0.2835876,-0.54029644,-0.19628465,-0.26621744,0.0,0.0,0.0,0.0041176448576152325,0.0020588225000000003,8.23529,False,0,0.1716227017772197,0.07731585533551502,0.2796021711298024,0.21761101824207874,-0.18397556035020085,0.11359299699509226,0.9999437875671727,0.004756186096099684,-0.002465179595268772,0.009148209829843485,0.12354892,-0.2330849,0.3045104,0.21842359442146314,7.750699296593666e-05,0.00013970999862067401,0.0005953410000074655,0.0003891950036631897,0.00025061899214051664,0.00012025500473100692,0.002003115994739346,0.01785388999269344,0.019857005987432785,50.36005934796442,0
152,3.060091723004007,-0.029755894337789357,-2.162010808984274,1.502667252217428,-1.1514680546573182,-1.7835295836078089,0.11313853412866592,-0.2644274830818176,0.12324652820825577,-0.6301761865615845,-0.7414254546165466,-0.32178738713264465,-0.23257827758789062,-0.27383217215538025,0.26455822587013245,-0.43553832173347473,-0.4079999327659607,-0.17465855181217194,-0.14718592166900635,2.876758611362732,3.2957915167507443,-1.410521614071767,0.16750855940565823,-0.16132908014957553,-0.07870526170718545,-0.062266845,-2.1540627,1.5121355,-1.1628028,-1.805086,0.10529736,-0.062266845,-2.1540627,1.5121355,-1.1628028,-1.805086,0.10529736,-0.02975589409470558,-2.162010908126831,1.5026673078536987,-1.15146803855896,-1.7835296392440796,0.11313853412866592,-0.81277376,0.19870383,0.23670408,-0.2833684,-0.53891057,-0.19602941,-0.26666957,0.0,0.0,0.0,0.0041176448576152325,0.0020588225000000003,8.23529,False,0,0.17226676641295727,0.07583834488981064,0.2794131716306578,0.21766476595036188,-0.18390159942553033,0.1135755680024816,0.9999381353498658,0.005586519840413051,-0.0014398746138284623,0.009510689443008358,0.12354892,-0.2330849,0.3045104,0.21847861645635794,4.5084001612849534e-05,0.00016186099674087018,0.0006684069958282635,0.00032486800046171993,0.0001994399935938418,0.0001205549924634397,0.0019432099943514913,0.017882304004160687,0.01982551399851218,50.44005416833308,0
153,3.0801114729983965,-0.034327332173482716,-2.1609865627684535,1.503969971333639,-1.1530271035483857,-1.7865765730487269,0.11210766434669495,-0.3058457374572754,0.17939336597919464,-0.6946588158607483,-0.7484888434410095,-0.323211133480072,-0.2464078664779663,-0.27424904704093933,0.26247888803482056,-0.43674904108047485,-0.4081020951271057,-0.17499856650829315,-0.14714378118515015,2.651343408763257,3.5114397488758917,-1.6000949098603927,0.1888074599052536,-0.16026584277081413,-0.08709443375372411,-0.066832714,-2.1529548,1.5134972,-1.1644127,-1.808115,0.10426894,-0.066832714,-2.1529548,1.5134972,-1.1644127,-1.808115,0.10426894,-0.03432733193039894,-2.1609866619110107,1.5039700269699097,-1.153027057647705,-1.7865766286849976,0.11210766434669495,-0.8126345,0.20079811,0.23817903,-0.2846427,-0.538458,-0.19596826,-0.26684678,0.0,0.0,0.0,0.0041176448576152325,0.0020588225000000003,8.23529,False,0,0.1729025113159574,0.07433357299502974,0.2792040688354053,0.21763898114157404,-0.1838974924311785,0.11353156623506945,0.999938061497658,0.005948637591263902,-0.001434290387758732,0.00929525311491645,0.12354892,-0.2330849,0.3045104,0.218506892066966,4.290899960324168e-05,0.0002360110083827749,0.0006654280005022883,0.0003515410062391311,0.0002002260007429868,0.00012003799201920629,0.0020722859917441383,0.01778343800106086,0.019855723992804997,50.36331087007274,0
154,3.1000814440049,-0.03877908388246709,-2.159863611260885,1.505319897328512,-1.1546185177615662,-1.7895496527301233,0.11100208759307861,-0.3046266436576843,0.10537980496883392,-0.7337241172790527,-0.7348499894142151,-0.30602768063545227,-0.23615916073322296,-0.2740991711616516,0.2604779899120331,-0.43793389201164246,-0.40793904662132263,-0.17497804760932922,-0.147128164768219,2.385933399218602,3.3166894195774006,-1.5962405613535826,0.1749178131902092,-0.15053846876985139,-0.08044350428751398,-0.07124297,-2.1516697,1.5149232,-1.1659939,-1.8110104,0.10317733,-0.07124297,-2.1516697,1.5149232,-1.1659939,-1.8110104,0.10317733,-0.038779083639383316,-2.1598637104034424,1.5053199529647827,-1.154618501663208,-1.789549708366394,0.11100208759307861,-0.8115973,0.20484851,0.24008152,-0.28438696,-0.5365149,-0.19561888,-0.26786426,0.0,0.0,0.0,0.0041176448576152325,0.0020588225000000003,8.23529,False,0,0.1735353953767067,0.07286232973336919,0.2789657767984657,0.21759301005429046,-0.18398396284426133,0.11356235500714797,0.9999445203330766,0.005401374601875258,-0.0008233884344306829,0.00900815592436156,0.12354892,-0.2330849,0.3045104,0.21844073579436257,4.461499338503927e-05,0.00017600899445824325,0.0005919899995205924,0.00030281000363174826,0.0001766889909049496,0.0001110159937525168,0.0018159590108552948,0.017917660996317863,0.019733620007173158,50.674939501039376,0
155,3.1201423900056398,-0.04323798814882451,-2.158691545526022,1.506587330495016,-1.1561811131289979,-1.7924993673907679,0.10990526527166367,-0.3055245578289032,0.12534266710281372,-0.6662019491195679,-0.7251586318016052,-0.311725914478302,-0.2745436131954193,-0.2746085524559021,0.257830411195755,-0.43925270438194275,-0.4081120193004608,-0.17533132433891296,-0.14697033166885376,2.4572618297641196,3.0017372433116414,-1.8026912448280221,0.16530523029834984,-0.15856047715809835,-0.08229010659558901,-0.0756837,-2.150298,1.516359,-1.1675125,-1.8138602,0.102089,-0.0756837,-2.150298,1.516359,-1.1675125,-1.8138602,0.102089,-0.04323798790574074,-2.158691644668579,1.5065873861312866,-1.1561810970306396,-1.7924994230270386,0.10990526527166367,-0.81114286,0.20983936,0.24429025,-0.2832859,-0.53401864,-0.19540651,-0.26799273,0.0,0.0,0.0,0.0041176448576152325,0.0020588225000000003,8.23529,False,0,0.1741650713157833,0.07139130087363044,0.2787403864849569,0.21760201513616007,-0.1839771072248852,0.11360125377875854,0.9999428273613752,0.004989150385157653,-0.0014434449853762568,0.009344183890185192,0.12354892,-0.2330849,0.3045104,0.21841215256912075,5.130098725203425e-05,0.00021390400070231408,0.0006577250023838133,0.0004154640046181157,0.00020964800205547363,0.00030196900479495525,0.0023329089890467003,0.017564039007993415,0.019896947997040115,50.25896434713307,0
156,3.140089981010533,-0.047742668782369435,-2.157626291314596,1.5078299681292933,-1.1577692788890381,-1.7955363432513636,0.10878334939479828,-0.2803976535797119,0.12972158193588257,-0.6395927667617798,-0.7434573769569397,-0.30238133668899536,-0.22073213756084442,-0.27394941449165344,0.25807175040245056,-0.4394608438014984,-0.40814533829689026,-0.17534291744232178,-0.14694520831108093,2.6095121512035506,3.1445658914752785,-1.3846638751507565,0.16075152795596998,-0.15549538596015067,-0.07980863613584108,-0.08017318,-2.1490624,1.5176404,-1.1692332,-1.8168708,0.100963645,-0.08017318,-2.1490624,1.5176404,-1.1692332,-1.8168708,0.100963645,-0.04774266853928566,-2.1576263904571533,1.507830023765564,-1.1577693223953247,-1.7955363988876343,0.10878334939479828,-0.81076276,0.21410033,0.2452589,-0.2865957,-0.53336084,-0.1954926,-0.26877633,0.0,0.0,0.0,0.0041176448576152325,0.0020588225000000003,8.23529,False,0,0.17477874564620827,0.06988883075433272,0.27854999817154824,0.21764715987254887,-0.1839593950212762,0.11361899755533733,0.9999428587345207,0.005269346366568953,-0.0015674813484333142,0.009166709302514646,0.12354892,-0.2330849,0.3045104,0.21842007182633588,4.462400102056563e-05,0.00013217599189374596,0.0005718969914596528,0.00033497100230306387,0.0001758479920681566,0.00011047899897675961,0.0018642379873199388,0.017918314013513736,0.019782552000833675,50.549595419127826,0
157,3.1601266950019635,-0.05222016969789678,-2.1565739117064417,1.5091713110553187,-1.1593362253955384,-1.7984469572650355,0.10769711434841156,-0.2809029221534729,0.13184186816215515,-0.6420990228652954,-0.7430959939956665,-0.2919144332408905,-0.18794545531272888,-0.27335628867149353,0.2592506408691406,-0.43958601355552673,-0.40782344341278076,-0.17504969239234924,-0.14702792465686798,2.819163058061558,2.94522501159746,-1.4819175052587759,0.15820152906326687,-0.1584567068530558,-0.07734664582924546,-0.08464122,-2.14795,1.5190771,-1.1707962,-1.8197268,0.09988559,-0.08464122,-2.14795,1.5190771,-1.1707962,-1.8197268,0.09988559,-0.052220169454813004,-2.156574010848999,1.5091713666915894,-1.1593362092971802,-1.7984470129013062,0.10769711434841156,-0.8105264,0.21560472,0.24764307,-0.28649965,-0.5319961,-0.19528806,-0.26893917,0.0,0.0,0.0,0.0041176448576152325,0.0020588225000000003,8.23529,False,0,0.17536903656765937,0.06841738492449143,0.27832341211779177,0.21766356391331554,-0.1839647003887763,0.11360276377698073,0.9999425494285064,0.005054587318822397,-0.0020919439925273712,0.00921552266326266,0.12354892,-0.2330849,0.3045104,0.21844013376753016,4.10350039601326e-05,0.0001177829981315881,0.0005514539952855557,0.00033648000680841506,0.0001739100116537884,0.00011029899178538471,0.0016946699906839058,0.01819229600368999,0.019886965994373895,50.28419117742265,0
158,3.180098236000049,-0.05679017702211553,-2.15541472057485,1.5105469862567347,-1.1609040063670655,-1.8014352957354944,0.10663147270679474,-0.31340113282203674,0.1321902722120285,-0.6626646518707275,-0.7664108872413635,-0.30889278650283813,-0.19163553416728973,-0.3263401985168457,0.28965049982070923,-0.42499810457229614,-0.4117419123649597,-0.18498310446739197,-0.15049901604652405,2.859710376668507,3.0623334733190726,-1.6239535136992056,0.15778130888366604,-0.16641679725194441,-0.08006213521181642,-0.089199714,-2.1467035,1.5205134,-1.172465,-1.8226099,0.09881682,-0.089199714,-2.1467035,1.5205134,-1.172465,-1.8226099,0.09881682,-0.056790176779031754,-2.1554148197174072,1.5105470418930054,-1.160904049873352,-1.8014353513717651,0.10663147270679474,-0.8102385,0.21778227,0.24915987,-0.28902408,-0.5293626,-0.19536631,-0.26951885,0.0,0.0,0.0,0.0041176448576152325,0.0020588225000000003,8.23529,False,0,0.1759637101137994,0.06690782459151251,0.27807329997889313,0.21760082608568848,-0.18391478294311653,0.11357384735059843,0.9999414221953798,0.005320594243269942,-0.002006934747468997,0.009207253141188157,0.12354892,-0.2330849,0.3045104,0.21844961627674983,4.105200059711933e-05,0.00011791998986154795,0.0005180139996809885,0.00031148199923336506,0.00015621700731571764,9.965499339159578e-05,0.0016859399911481887,0.018135452002752572,0.01982139199390076,50.45054354949995,0
159,3.200077086003148,-0.06159717241396123,-2.154098173181051,1.5120375792132776,-1.1625948411277314,-1.804608170186178,0.10546622425317764,-0.22782953083515167,0.10504014790058136,-0.6751802563667297,-0.7634307146072388,-0.27727070450782776,-0.1854928731918335,-0.26683899760246277,0.23779608309268951,-0.44732022285461426,-0.409466028213501,-0.17672590911388397,-0.14759746193885803,2.6446487517925292,3.49110170733649,-1.820836139084008,0.17066778037086025,-0.16387098982639609,-0.08316078801147023,-0.093952835,-2.145096,1.5221285,-1.1741695,-1.8256199,0.09766398,-0.093952835,-2.145096,1.5221285,-1.1741695,-1.8256199,0.09766398,-0.06159717217087746,-2.1540982723236084,1.5120376348495483,-1.1625947952270508,-1.8046082258224487,0.10546622425317764,-0.8088917,0.22505364,0.2522697,-0.28936726,-0.5252937,-0.19505593,-0.27101964,0.0,0.0,0.0,0.0041176448576152325,0.0020588225000000003,8.23529,False,0,0.17659356117060437,0.06530842274037212,0.277788643159174,0.21751938955065012,-0.1838184000509454,0.11358316673905015,0.9999394137844791,0.0030293932084585517,-0.0051378872532455355,0.009253853186371694,0.12354892,-0.2330849,0.3045104,0.21842813882212553,4.159500531386584e-05,0.00012154200521763414,0.0005097359971841797,0.00028157800261396915,0.00016032900020945817,0.00018426700262352824,0.0017131549975601956,0.018112327001290396,0.01982548199885059,50.44013558197356,0
160,3.2201236780092586,-0.0663531462298792,-2.1528130970396937,1.5134065786944788,-1.1642818015864869,-1.8076918760882776,0.10430935025215149,-0.29713335633277893,0.0979662612080574,-0.6159279346466064,-0.7485138177871704,-0.3494500517845154,-0.1855257749557495,-0.30838027596473694,0.2833458483219147,-0.4304426312446594,-0.41032835841178894,-0.181115984916687,-0.14901532232761383,2.4171593123339328,3.062739500600393,-1.502814448280822,0.16087234062189462,-0.15625993804140711,-0.07859209802068068,-0.09872565,-2.1438432,1.5236213,-1.1758918,-1.8286729,0.09650542,-0.09872565,-2.1438432,1.5236213,-1.1758918,-1.8286729,0.09650542,-0.06635314971208572,-2.152813196182251,1.5134066343307495,-1.1642818450927734,-1.8076919317245483,0.10430935025215149,-0.80931234,0.2242514,0.25536838,-0.29024825,-0.5245239,-0.19509828,-0.2703435,0.0,0.0,0.0,0.0041176448576152325,0.0020588225000000003,8.23529,False,0,0.17721471715211357,0.06373433545203265,0.2775426092244032,0.21752665143478622,-0.18384793956658355,0.11351778520588184,0.9999348647065608,0.004234884744016386,-0.003925548780124959,0.009844811365092375,0.12354892,-0.2330849,0.3045104,0.2184817554165098,3.978399035986513e-05,0.00011691500549204648,0.0006550870020873845,0.0003224079991923645,0.00016328899073414505,0.00010420598846394569,0.0017599720013095066,0.01814253200427629,0.019902504005585797,50.24493399018244,0
161,3.2400732039968716,-0.07116443315614873,-2.1515499554076136,1.5149181524859827,-1.1659821730903168,-1.8108976523028772,0.10318268090486526,-0.30418694019317627,0.06148677319288254,-0.6710450053215027,-0.7920125722885132,-0.313358336687088,-0.19240568578243256,-0.25366613268852234,0.22753387689590454,-0.452616423368454,-0.4085826575756073,-0.1743072271347046,-0.1466374397277832,2.7119226234401417,3.0461414089363603,-1.68596388778957,0.1585446045534508,-0.16171392488989167,-0.08271947470005322,-0.10346335,-2.1422758,1.5250721,-1.1777598,-1.8318381,0.095389344,-0.10346335,-2.1422758,1.5250721,-1.1777598,-1.8318381,0.095389344,-0.07116443663835526,-2.151550054550171,1.5149182081222534,-1.1659821271896362,-1.810897707939148,0.10318268090486526,-0.80747277,0.23185655,0.2538485,-0.29444176,-0.5235108,-0.19483338,-0.27309296,0.0,0.0,0.0,0.0041176448576152325,0.0020588225000000003,8.23529,False,0,0.17781230002721055,0.06211948011479521,0.27726631565031534,0.2175630339143544,-0.18388485331466023,0.11354988224141369,0.9999430788356264,0.003672002368035755,-0.004269315595628592,0.009063792727799079,0.12354892,-0.2330849,0.3045104,0.21846103500690786,4.185600846540183e-05,0.0001207109889946878,0.0005008820007788017,0.0003850030043395236,0.00017847500566858798,0.00010378500155638903,0.0017085419967770576,0.018079378991387784,0.019787920988164842,50.53587997435911,0
162,3.2601529940002365,-0.07583457628359014,-2.1502634487547816,1.516367260609762,-1.1676609081080933,-1.8139265219317835,0.10200568288564682,-0.32446956634521484,0.15538737177848816,-0.6369999051094055,-0.8188850283622742,-0.36487773060798645,-0.19409461319446564,-0.24556206166744232,0.233683779835701,-0.4541813135147095,-0.4066012501716614,-0.17024853825569153,-0.14513558149337769,2.555456912030545,2.645930827339327,-1.574507285474574,0.13819370203089149,-0.15182874545763828,-0.07302314663041497,-0.10813493,-2.140957,1.5267167,-1.1792539,-1.834854,0.09423559,-0.10813493,-2.140957,1.5267167,-1.1792539,-1.834854,0.09423559,-0.07583457976579666,-2.150263547897339,1.5163673162460327,-1.1676609516143799,-1.8139265775680542,0.10200568288564682,-0.8075089,0.23266213,0.25873432,-0.2898246,-0.52318656,-0.1942523,-0.27219626,0.0,0.0,0.0,0.0041176448576152325,0.0020588225000000003,8.23529,False,0,0.17839733755331524,0.06056639870882333,0.2769937134004903,0.21760574860439658,-0.18387743436924228,0.11361407048803934,0.9999433508308309,0.004172102957928566,-0.0035861556306199215,0.009110910655789123,0.12354892,-0.2330849,0.3045104,0.2184249907065423,4.060901119373739e-05,0.00011733300925698131,0.0005236209981376305,0.0003033070097444579,0.00015762299881316721,0.00010048900730907917,0.001609819009900093,0.018320720992051065,0.019930540001951158,50.174255183356905,0
163,3.280096387010417,-0.0804680029498499,-2.148931165734762,1.517811123524801,-1.1693446797183533,-1.8170040289508265,0.10089995712041855,-0.2765061557292938,0.12175633758306503,-0.6169503331184387,-0.7755118608474731,-0.304982990026474,-0.19674044847488403,-0.31429073214530945,0.2733485698699951,-0.43357133865356445,-0.41090264916419983,-0.1836034208536148,-0.14957666397094727,2.5406094236585814,2.9608302788949095,-1.1913635891496106,0.1514098925624876,-0.14999449038160417,-0.07830881466269263,-0.11277491,-2.1396186,1.5281355,-1.1811125,-1.8378963,0.09312089,-0.11277491,-2.1396186,1.5281355,-1.1811125,-1.8378963,0.09312089,-0.08046800643205643,-2.1489312648773193,1.5178111791610718,-1.1693446636199951,-1.8170040845870972,0.10089995712041855,-0.80767256,0.23281558,0.25810984,-0.29419616,-0.5223052,-0.19447665,-0.27262124,0.0,0.0,0.0,0.0041176448576152325,0.0020588225000000003,8.23529,False,0,0.17897387665748937,0.05900475022680236,0.276719281170777,0.21758539524201337,-0.1839498965486164,0.11358817075917245,0.9999485082310525,0.003996315282165362,-0.0031850049461363546,0.008770421744406454,0.12354892,-0.2330849,0.3045104,0.21842255177025718,4.098600766155869e-05,0.00011729300604201853,0.0005135370010975748,0.0003347610036144033,0.0001612859923625365,0.00010188599117100239,0.0017108260071836412,0.01808122500369791,0.01979205101088155,50.525334612881004,0
164,3.3000749519997044,-0.08525449434389287,-2.1475607357420863,1.5193832556353968,-1.1710198384574433,-1.8200486342059534,0.09974582493305206,-0.25078439712524414,0.10094977170228958,-0.6814706921577454,-0.8107351660728455,-0.317440003156662,-0.18593348562717438,-0.26136699318885803,0.22397270798683167,-0.4543047547340393,-0.4088735282421112,-0.17682574689388275,-0.14711640775203705,2.731386249335608,2.8149638703594824,-1.8372371133959207,0.13610060255513515,-0.16256210001800703,-0.07483901991288225,-0.11747025,-2.1378307,1.5298126,-1.1828313,-1.8407774,0.09198359,-0.11747025,-2.1378307,1.5298126,-1.1828313,-1.8407774,0.09198359,-0.0852544978260994,-2.1475608348846436,1.5193833112716675,-1.1710197925567627,-1.8200486898422241,0.09974582493305206,-0.80539376,0.24325159,0.26073188,-0.29528826,-0.51821786,-0.19405599,-0.27513286,0.0,0.0,0.0,0.0041176448576152325,0.0020588225000000003,8.23529,False,0,0.17954105655621727,0.05742037275802707,0.27639691599108374,0.2176820036503725,-0.18390481191321884,0.11353564035688483,0.9999430958768472,0.004519008234622122,-0.003087057304048586,0.009157575810964415,0.12354892,-0.2330849,0.3045104,0.21852021322557147,4.1872001020237803e-05,0.00012056600826326758,0.000507571006892249,0.0003138870088150725,0.0001649449986871332,0.00018868199549615383,0.0017386289982823655,0.018091901001753286,0.01983053000003565,50.42729568993881,0
165,3.320134205001523,-0.09004050890077764,-2.1462823353209437,1.5208113829242151,-1.172816888695099,-1.8230999151812952,0.09861310571432114,-0.25217583775520325,0.11546319723129272,-0.6182019114494324,-0.7463352680206299,-0.3114814758300781,-0.18736833333969116,-0.3065835237503052,0.2746114432811737,-0.43627968430519104,-0.4104821979999542,-0.1817479431629181,-0.14881813526153564,2.4967055134101197,3.1500143191207206,-0.6832379907193689,0.16242409436228467,-0.14793426369565238,-0.08193143462122623,-0.12227553,-2.1365843,1.5313615,-1.1845801,-1.8437485,0.09085743,-0.12227553,-2.1365843,1.5313615,-1.1845801,-1.8437485,0.09085743,-0.09004051238298416,-2.146282434463501,1.5208114385604858,-1.1728168725967407,-1.823099970817566,0.09861310571432114,-0.80587554,0.2424552,0.26375103,-0.29408142,-0.5162109,-0.19389191,-0.2743688,0.0,0.0,0.0,0.0041176448576152325,0.0020588225000000003,8.23529,False,0,0.18012048212631648,0.055828917529878744,0.27615265857953464,0.21768148090000464,-0.18390483318088965,0.11354464597660542,0.9999429196367383,0.0043587373908158195,-0.0034680920201997554,0.009119691066912964,0.12354892,-0.2330849,0.3045104,0.2185121128657064,4.0947998058982193e-05,0.00011764800001401454,0.0006376410019584,0.0002485659933881834,0.00015383100253529847,0.00010418098827358335,0.0016701429995009676,0.018246285995701328,0.019916428995202295,50.209804189339955,0
166,3.34007447300246,-0.09493095079530889,-2.14479984859609,1.5223963896380823,-1.17447783172641,-1.8262680212603968,0.0974309891462326,-0.28065985441207886,0.11469925940036774,-0.6551406383514404,-0.8083898425102234,-0.3101259171962738,-0.1579458862543106,-0.30986160039901733,0.2534259259700775,-0.4407769441604614,-0.4127033054828644,-0.18519964814186096,-0.15003639459609985,3.135357734807238,3.3214954519613404,-1.5428232398180666,0.15583683951406146,-0.17426556418630884,-0.08611428847017351,-0.12710878,-2.1349351,1.5328058,-1.1865375,-1.8468881,0.08967285,-0.12710878,-2.1349351,1.5328058,-1.1865375,-1.8468881,0.08967285,-0.09493095427751541,-2.1447999477386475,1.522396445274353,-1.1744778156280518,-1.8262680768966675,0.0974309891462326,-0.8044456,0.24662282,0.26023257,-0.30149162,-0.51550055,-0.19395345,-0.2770543,0.0,0.0,0.0,0.0041176448576152325,0.0020588225000000003,8.23529,False,0,0.18067387431181306,0.05418996348153021,0.2758141622806225,0.21766493608088647,-0.1839274887325329,0.11359515078739198,0.9999479720924173,0.004525199689172155,-0.0026553981555311303,0.008750421069059005,0.12354892,-0.2330849,0.3045104,0.21845574886255228,4.616299702320248e-05,0.00013745699834544212,0.0005590490036411211,0.00030951600638218224,0.00017130399646703154,0.00011071498738601804,0.0017655240080785006,0.01799046299129259,0.01975598699937109,50.61756722313261,0
167,3.360076085999026,-0.09994727769960576,-2.14334835628652,1.5240476767169397,-1.176348016863205,-1.8294771353351038,0.09623017907142639,-0.23863966763019562,0.08665362000465393,-0.7008212804794312,-0.7950769662857056,-0.26963767409324646,-0.18447431921958923,-0.238704651594162,0.20679524540901184,-0.4646519124507904,-0.4077971279621124,-0.17228963971138,-0.14543050527572632,2.597189503497775,2.86052197708895,-1.5168047106482323,0.13966152117994338,-0.15865955659538183,-0.0822833432320562,-0.13208082,-2.1332552,1.5346558,-1.1882424,-1.8499726,0.0885008,-0.13208082,-2.1332552,1.5346558,-1.1882424,-1.8499726,0.0885008,-0.09994728118181229,-2.143348455429077,1.5240477323532104,-1.1763479709625244,-1.8294771909713745,0.09623017907142639,-0.8033387,0.25233305,0.26520115,-0.297361,-0.5123865,-0.19323444,-0.27755722,0.0,0.0,0.0,0.0041176448576152325,0.0020588225000000003,8.23529,False,0,0.1812525281362763,0.0525122469243029,0.27549233749774626,0.21768917987797587,-0.18389432478984985,0.11358858415952529,0.9999420879675862,0.004751866625717753,-0.0034508856914759168,0.009021546731345285,0.12354892,-0.2330849,0.3045104,0.21847939776420613,4.555200575850904e-05,0.00013474200386554003,0.0005846300045959651,0.0003724590060301125,0.00017900099919643253,0.00011182698654010892,0.001928147001308389,0.017904560998431407,0.019832707999739796,50.42175783625312,0
168,3.3801335800089873,-0.10464221635927373,-2.141860147515768,1.525583569203512,-1.1781546634486695,-1.8325546423541468,0.0950874537229538,-0.2676674723625183,0.051989637315273285,-0.6820340752601624,-0.7137261629104614,-0.2804276943206787,-0.18935982882976532,-0.23455959558486938,0.21429000794887543,-0.46612414717674255,-0.4068070352077484,-0.16964709758758545,-0.14444227516651154,2.154761439169505,3.12946409892128,-1.2310997339146104,0.14524642412053232,-0.1350203800731615,-0.07181401660482148,-0.13677026,-2.1318207,1.5363007,-1.189952,-1.8531147,0.0873802,-0.13677026,-2.1318207,1.5363007,-1.189952,-1.8531147,0.0873802,-0.10464221984148026,-2.141860246658325,1.5255836248397827,-1.178154706954956,-1.8325546979904175,0.0950874537229538,-0.803201,0.2509918,0.26792654,-0.29493186,-0.5140001,-0.19268128,-0.277109,0.0,0.0,0.0,0.0041176448576152325,0.0020588225000000003,8.23529,False,0,0.18180689275560594,0.05091902389084141,0.27518427192942896,0.21761749492054744,-0.18387383809030436,0.11356779820382289,0.9999465749168257,0.00538906539985934,-0.0022255348616765486,0.008532337421639235,0.12354892,-0.2330849,0.3045104,0.2184712998246615,4.573600017465651e-05,0.00021613200078718364,0.0005780380015494302,0.0003185390087310225,0.00017778399342205375,0.00011222298780921847,0.0019023030035896227,0.017991279004490934,0.019893582008080557,50.26746815097506,0
169,3.4000775830063503,-0.10916597047914678,-2.140437742272848,1.527128044758932,-1.1797461968711396,-1.8354280630694788,0.09397388249635696,-0.251174658536911,0.022219069302082062,-0.7020201683044434,-0.7846114039421082,-0.3199513852596283,-0.18102753162384033,-0.2549933195114136,0.22186490893363953,-0.46004438400268555,-0.4075395166873932,-0.1735415756702423,-0.1458256095647812,2.7268500357460446,2.782470035027251,-1.7899339402227579,0.13680751370502783,-0.15455819318932235,-0.07785447307384982,-0.1412175,-2.130183,1.5378728,-1.1915667,-1.8559273,0.08628931,-0.1412175,-2.130183,1.5378728,-1.1915667,-1.8559273,0.08628931,-0.1091659739613533,-2.1404378414154053,1.5271281003952026,-1.179746150970459,-1.8354281187057495,0.09397388249635696,-0.80128807,0.25637195,0.26861832,-0.29551515,-0.5124812,-0.1921143,-0.27912062,0.0,0.0,0.0,0.0041176448576152325,0.0020588225000000003,8.23529,False,0,0.18229577777080302,0.04940561001392061,0.27484504194530357,0.21762729382663637,-0.18395369979893772,0.11357588426074743,0.9999461059450224,0.005163033239905724,-0.0017873727406847518,0.008829393776978993,0.12354892,-0.2330849,0.3045104,0.21845047681255467,6.765799480490386e-05,0.00015256399638019502,0.0006420550053007901,0.0003351799969095737,0.00017891199968289584,0.00011557500693015754,0.0019469289982225746,0.01776111900107935,0.019708047999301925,50.740692332158964,0
170,3.420135462001781,-0.11361629167665654,-2.13912357906484,1.528536621724264,-1.1814249616912385,-1.8382933775531214,0.09291627258062363,-0.25611791014671326,0.11099953949451447,-0.6452820897102356,-0.7745019793510437,-0.30059459805488586,-0.18578101694583893,-0.26789844036102295,0.22611939907073975,-0.45646557211875916,-0.4078119695186615,-0.17637762427330017,-0.1465686410665512,2.654780170902511,2.939380562303615,-1.2884626869359468,0.14212407642219532,-0.15062792514591442,-0.07735890256339395,-0.14560881,-2.128639,1.5394666,-1.1931194,-1.8586556,0.08525838,-0.14560881,-2.128639,1.5394666,-1.1931194,-1.8586556,0.08525838,-0.11361629515886307,-2.1391236782073975,1.5285366773605347,-1.1814249753952026,-1.838293433189392,0.09291627258062363,-0.79981285,0.26212028,0.27324986,-0.29236108,-0.5090531,-0.19144742,-0.27996233,0.0,0.0,0.0,0.0041176448576152325,0.0020588225000000003,8.23529,False,0,0.18278586785415873,0.047902954842715104,0.2745786298841389,0.21761518105792224,-0.18394536546274445,0.11358233466716602,0.9999470132438306,0.005322301652701894,-0.0017713649445367974,0.008632485738167517,0.12354892,-0.2330849,0.3045104,0.21844149724690398,4.3881009332835674e-05,0.0001287360064452514,0.0006158549949759617,0.00037535700539592654,0.00017937501252163202,0.00011346398969180882,0.0018605340010253713,0.018042463998426683,0.019902997999452055,50.24368690724537,0
171,3.440143928004545,-0.11807471910585576,-2.1377655468382777,1.529926602040426,-1.1831158858588715,-1.8410914579974573,0.09185086935758591,-0.28156140446662903,0.11273914575576782,-0.6253846883773804,-0.6936069130897522,-0.3458367884159088,-0.18784523010253906,-0.27230319380760193,0.22950367629528046,-0.45534569025039673,-0.407795786857605,-0.17729976773262024,-0.14687925577163696,3.032171921798006,2.430416001862705,-0.8588274703465122,0.14202907224591893,-0.15140436780023211,-0.07988954008997685,-0.15005475,-2.1272202,1.5408459,-1.1948777,-1.861436,0.08419871,-0.15005475,-2.1272202,1.5408459,-1.1948777,-1.861436,0.08419871,-0.11807472258806229,-2.137765645980835,1.5299266576766968,-1.183115839958191,-1.841091513633728,0.09185086935758591,-0.7995006,0.2636344,0.272981,-0.2940464,-0.50861377,-0.19130388,-0.2805552,0.0,0.0,0.0,0.0041176448576152325,0.0020588225000000003,8.23529,False,0,0.18327744938644291,0.04641014438420035,0.2743085357582069,0.21765112069396833,-0.18390446635533245,0.11356384783613244,0.9999451724137877,0.005343040286950362,-0.0016431230837754664,0.008855774429551199,0.12354892,-0.2330849,0.3045104,0.21848233630403116,4.672601062338799e-05,0.0001358559966320172,0.0005581230070674792,0.0003470230003586039,0.00017623200255911797,0.00011389200517442077,0.001804491999791935,0.018028708000201732,0.019833199999993667,50.42050702863478,0
172,3.46008244100085,-0.12257177034486944,-2.1363126240172328,1.5315259138690394,-1.1846710008433838,-1.8439419905291956,0.09078489989042282,-0.2612762153148651,0.05338443070650101,-0.6950680613517761,-0.7453018426895142,-0.32746273279190063,-0.18570904433727264,-0.272629052400589,0.2285211831331253,-0.4559832215309143,-0.4075092077255249,-0.1771249622106552,-0.1468440145254135,2.6991645308484062,2.502334332335261,-1.659921267727961,0.1273017621722139,-0.1503130087949313,-0.07560136006465921,-0.15449134,-2.1256633,1.5423979,-1.1965092,-1.8642374,0.083152,-0.15449134,-2.1256633,1.5423979,-1.1965092,-1.8642374,0.083152,-0.12257177382707596,-2.13631272315979,1.53152596950531,-1.1846710443496704,-1.8439420461654663,0.09078489989042282,-0.79798883,0.26623333,0.27179787,-0.29595432,-0.50738573,-0.1908224,-0.28254846,0.0,0.0,0.0,0.0041176448576152325,0.0020588225000000003,8.23529,False,0,0.18372418868687573,0.044899794623908654,0.2739432972768612,0.2176867037141652,-0.18385714238081105,0.11361343092603662,0.9999442352957052,0.005405329525832161,-0.001978408091121279,0.008851430820711296,0.12354892,-0.2330849,0.3045104,0.2184649937817617,4.54399996669963e-05,0.00013160600792616606,0.0005508850008482113,0.00039975400432012975,0.00017688599473331124,0.0001135240017902106,0.0018223830120405182,0.01795056599075906,0.019772949002799578,50.57414550851336,0
173,3.480079419008689,-0.12703496614565069,-2.1348730526366175,1.533013645802633,-1.1863463681987305,-1.846783463154928,0.08972269296646118,-0.24153386056423187,0.0292927548289299,-0.6608535051345825,-0.6937525272369385,-0.30731213092803955,-0.2030830979347229,-0.2727167010307312,0.22358638048171997,-0.45916202664375305,-0.4083333909511566,-0.17715473473072052,-0.146815225481987,2.0923128268954057,2.6535547376539266,-1.039923758296942,0.13334201834832213,-0.13536918752759253,-0.06942676686929884,-0.15890947,-2.1240547,1.5440203,-1.1981256,-1.8669889,0.082109526,-0.15890947,-2.1240547,1.5440203,-1.1981256,-1.8669889,0.082109526,-0.1270349621772766,-2.134873151779175,1.5330137014389038,-1.186346411705017,-1.8467835187911987,0.08972269296646118,-0.7968629,0.270465,0.27516598,-0.2944805,-0.5051338,-0.19032916,-0.28322783,0.0,0.0,0.0,0.0041176448576152325,0.0020588225000000003,8.23529,False,0,0.18419066439915174,0.04339125157373891,0.2736309073645577,0.21759888812485054,-0.18396749560930933,0.11356100196577291,0.9999507883832525,0.005044481210394332,-0.0013040939423221668,0.008445467712541586,0.12354892,-0.2330849,0.3045104,0.2184481512675658,4.5519002014771104e-05,0.0001320390001637861,0.0006016600091243163,0.0003400370042072609,0.00017829499847721308,0.00011213999823667109,0.0019175089983036742,0.017898025005706586,0.01981553400401026,50.46545804910533,0
174,3.5000733680062694,-0.13139850298036748,-2.1334287128844203,1.5345290342914026,-1.1879100364497681,-1.8496244589435022,0.08869297057390213,-0.28446701169013977,0.07576638460159302,-0.6838491559028625,-0.7275118231773376,-0.34889185428619385,-0.22410933673381805,-0.27329134941101074,0.22167088091373444,-0.460437148809433,-0.4085633158683777,-0.17739413678646088,-0.1468082070350647,2.664973233313692,2.4635651039718964,-1.4276300017538361,0.11484451614386956,-0.15451808115352691,-0.076434195655991,-0.1632722,-2.122541,1.5455102,-1.199804,-1.8698469,0.081079885,-0.1632722,-2.122541,1.5455102,-1.199804,-1.8698469,0.081079885,-0.1313984990119934,-2.1334288120269775,1.5345290899276733,-1.1879100799560547,-1.849624514579773,0.08869297057390213,-0.7968425,0.2721991,0.27452818,-0.29734564,-0.50556004,-0.19032708,-0.2836792,0.0,0.0,0.0,0.0041176448576152325,0.0020588225000000003,8.23529,False,0,0.18461746577760346,0.04190188519924293,0.27329516044377883,0.21760967408879595,-0.18391385136503566,0.11353245515985265,0.9999473324091083,0.0051941885695321365,-0.0010624733959737939,0.00878604730018929,0.12354892,-0.2330849,0.3045104,0.2184898147839426,0.00033722199441399425,0.00013612599286716431,0.0005895600043004379,0.0003309009916847572,0.00017844799731392413,0.00011573699885047972,0.0020989979966543615,0.017667231004452333,0.019766229001106694,50.59133939731301,0
175,3.520087440003408,-0.13580352464784795,-2.1320377788939417,1.5359943548785608,-1.189549283390381,-1.8524382750140589,0.08762738108634949,-0.3014143109321594,0.10833945870399475,-0.6430069208145142,-0.7397118806838989,-0.32461294531822205,-0.23207826912403107,-0.27339547872543335,0.22070473432540894,-0.46065831184387207,-0.4082475006580353,-0.1774854212999344,-0.14677374064922333,2.92992268758005,2.4033768526270824,-1.298416231388647,0.1300416622344288,-0.1552092108491459,-0.07640194577122329,-0.16761395,-2.1210408,1.5470672,-1.2014211,-1.8725592,0.080039926,-0.16761395,-2.1210408,1.5470672,-1.2014211,-1.8725592,0.080039926,-0.13580352067947388,-2.132037878036499,1.5359944105148315,-1.1895493268966675,-1.8524383306503296,0.08762738108634949,-0.7952607,0.27492714,0.2768187,-0.29679534,-0.50302064,-0.18968642,-0.28511855,0.0,0.0,0.0,0.0041176448576152325,0.0020588225000000003,8.23529,False,0,0.18504949038131374,0.04040695595720881,0.27299334521409935,0.21760107852100877,-0.18394246379448234,0.113517266709047,0.9999460343334058,0.005373457945524815,-0.0012274251919025302,0.008806931781202197,0.12354892,-0.2330849,0.3045104,0.21849295363600707,5.979000707156956e-05,0.00023309398966375738,0.0008066879963735119,0.000306337999063544,0.00020607099577318877,0.0002460940013406798,0.0023174860107246786,0.01751268199586775,0.01983016800659243,50.428216224267764,0
176,3.5400753630092368,-0.14020997682680303,-2.130545278588766,1.5374892393695276,-1.1912279588035126,-1.8551886717425745,0.08657349646091461,-0.2875239849090576,0.10501247644424438,-0.6356679201126099,-0.7091566324234009,-0.3629182279109955,-0.23230397701263428,-0.27246516942977905,0.21700990200042725,-0.4625086188316345,-0.40842172503471375,-0.17788474261760712,-0.14670979976654053,2.7938612879962195,2.1547761788933597,-1.3781214093474705,0.11045650879324793,-0.14852773022389992,-0.07406487841794548,-0.17201567,-2.1195405,1.5486013,-1.2032607,-1.8752823,0.07898252,-0.17201567,-2.1195405,1.5486013,-1.2032607,-1.8752823,0.07898252,-0.14020997285842896,-2.1305453777313232,1.5374892950057983,-1.191227912902832,-1.8551887273788452,0.08657349646091461,-0.79514223,0.2751231,0.27779827,-0.30081865,-0.5023377,-0.18977457,-0.28554252,0.0,0.0,0.0,0.0041176448576152325,0.0020588225000000003,8.23529,False,0,0.18549124116492144,0.038921168534186694,0.272666173669204,0.21751291586276839,-0.18389945827752058,0.11337304803415771,0.9999488909241877,0.006451403287911752,-0.0021054440308181086,0.0074947174940338136,0.12354892,-0.2330849,0.3045104,0.21859079070723983,4.5329012209549546e-05,0.00013573700562119484,0.000551211996935308,0.0003869410138577223,0.0001803960039978847,0.00010768399806693196,0.001840113996877335,0.01797382000950165,0.019813934006378986,50.46953319204836,0
177,3.560141210007714,-0.14460641542543584,-2.1289693317809046,1.5390847365008753,-1.1928230089000245,-1.8580024878131312,0.0855233296751976,-0.24765577912330627,0.059359464794397354,-0.6654397249221802,-0.7538583278656006,-0.3352694809436798,-0.20711198449134827,-0.2714897692203522,0.21327541768550873,-0.4640989899635315,-0.40840211510658264,-0.17792733013629913,-0.14668703079223633,2.4611570345333815,2.3219880378607893,-1.5398401678988294,0.12095441511846879,-0.1428894895965179,-0.07100627749200694,-0.17635185,-2.117826,1.5501684,-1.2049422,-1.8780255,0.07795246,-0.17635185,-2.117826,1.5501684,-1.2049422,-1.8780255,0.07795246,-0.14460641145706177,-2.128969430923462,1.539084792137146,-1.192823052406311,-1.8580025434494019,0.0855233296751976,-0.79363567,0.27858615,0.27708992,-0.3029808,-0.50057465,-0.18927172,-0.28754306,0.0,0.0,0.0,0.0041176448576152325,0.0020588225000000003,8.23529,False,0,0.1859032132629104,0.037422977446447875,0.27228696033269684,0.21746465078494207,-0.183920100216492,0.1134866215797927,0.9999509638971166,0.00606931891147683,-0.001904654458483403,0.00758980136946369,0.12354892,-0.2330849,0.3045104,0.21846608939254847,4.659200203604996e-05,0.00022307100880425423,0.0006004999886499718,0.00035915299667976797,0.00027679000049829483,0.00013857800513505936,0.002069018009933643,0.01782556899706833,0.019894587007001974,50.264928829537716,0
178,3.5801129400060745,-0.14902812639345342,-2.127491613427633,1.5406134764300745,-1.1944860380939026,-1.8607891241656702,0.08447416126728058,-0.23753778636455536,0.05233927071094513,-0.6831910610198975,-0.7413192987442017,-0.3592515289783478,-0.25180783867836,-0.2714685797691345,0.2096496969461441,-0.4657799303531647,-0.40906721353530884,-0.1778348982334137,-0.1467488706111908,2.449329644860516,2.2181570444463445,-1.3877724484169893,0.10995682785804341,-0.1425296558653005,-0.06890653307492184,-0.18073356,-2.1161735,1.5518278,-1.2065527,-1.8807178,0.07692374,-0.18073356,-2.1161735,1.5518278,-1.2065527,-1.8807178,0.07692374,-0.14902812242507935,-2.1274917125701904,1.5406135320663452,-1.1944860219955444,-1.860789179801941,0.08447416126728058,-0.7926362,0.28295493,0.28035602,-0.30166945,-0.49821457,-0.18876037,-0.28824863,0.0,0.0,0.0,0.0041176448576152325,0.0020588225000000003,8.23529,False,0,0.18631417010585596,0.0359228530838613,0.271953641274003,0.21750405025966668,-0.18390310780049088,0.11344367763415332,0.9999505566500649,0.0059331552970296915,-0.0017697424942968072,0.007781714372453284,0.12354892,-0.2330849,0.3045104,0.21852440103828077,4.046400135848671e-05,0.00011632699170149863,0.000541088986210525,0.00035898099304176867,0.00017361399659421295,0.00011139399430248886,0.001789314002962783,0.018002188997343183,0.019791503000305966,50.52673361818658,0
179,3.6001399619999574,-0.1534636656390589,-2.125962873498434,1.5421198050128382,-1.1961167019656678,-1.8635948340045374,0.08339989185333252,-0.2327767312526703,0.07851945608854294,-0.6396487951278687,-0.7593387961387634,-0.33114388585090637,-0.23032169044017792,-0.2715797424316406,0.21008765697479248,-0.46626555919647217,-0.40911394357681274,-0.17791461944580078,-0.14673541486263275,2.6708710496809003,2.4833845791578737,-1.302487123639024,0.11674896875985587,-0.15318639199350934,-0.0742627509118705,-0.18511795,-2.1145165,1.5532857,-1.2082686,-1.8834782,0.07586546,-0.18511795,-2.1145165,1.5532857,-1.2082686,-1.8834782,0.07586546,-0.15346366167068481,-2.125962972640991,1.5421198606491089,-1.1961166858673096,-1.863594889640808,0.08339989185333252,-0.79135704,0.28616095,0.27914673,-0.30379853,-0.49708173,-0.18836081,-0.2898906,0.0,0.0,0.0,0.0041176448576152325,0.0020588225000000003,8.23529,False,0,0.1867151404980504,0.034413535776397705,0.27161582440170784,0.2175619377155478,-0.18392987656827603,0.1134368049102153,0.9999502514623634,0.00541869477273394,-0.0020934537795848935,0.008110941568691932,0.12354892,-0.2330849,0.3045104,0.2185492823985353,4.5410997699946165e-05,0.0001323710021097213,0.0006734530034009367,0.00032402599754277617,0.00018098099099006504,0.00011304699000902474,0.0019117479969281703,0.0178898250014754,0.01980157299840357,50.501038482176206,0
180,3.6200951659993734,-0.15786773363222295,-2.1244408092894496,1.5436280409442347,-1.19777466476474,-1.8663414160357874,0.08238231390714645,-0.21940244734287262,0.0961231216788292,-0.6621198058128357,-0.758068859577179,-0.345884770154953,-0.24262550473213196,-0.2717805504798889,0.20929189026355743,-0.4664302468299866,-0.4084818661212921,-0.17791418731212616,-0.14668144285678864,3.096523721116475,2.310839716505106,-1.087372010813393,0.126923668951542,-0.16201471850111612,-0.07897572399907304,-0.18945004,-2.1128488,1.5548171,-1.2099378,-1.886138,0.074874304,-0.18945004,-2.1128488,1.5548171,-1.2099378,-1.886138,0.074874304,-0.15786772966384888,-2.124440908432007,1.5436280965805054,-1.1977746486663818,-1.866341471672058,0.08238231390714645,-0.7895577,0.2898025,0.27972543,-0.30407792,-0.49491128,-0.18770017,-0.29167715,0.0,0.0,0.0,0.0041176448576152325,0.0020588225000000003,8.23529,False,0,0.18711151403599954,0.03292041691801037,0.27127887458278266,0.21757341362638838,-0.18389457959511088,0.11349285181933978,0.999947841671886,0.0054442966013734575,-0.0028693340107408564,0.008147947665409765,0.12354892,-0.2330849,0.3045104,0.2185131643690653,0.000296327008982189,0.00013380100426729769,0.0006398039986379445,0.000538606007467024,0.0002815059997374192,0.0001327010104432702,0.0024279829958686605,0.017350430993246846,0.019778413989115506,50.56017133377438,0
181,3.6401333160029026,-0.16227943101991826,-2.1228372059264125,1.5451949278460901,-1.1995277267745514,-1.8691070715533655,0.08131632953882217,-0.27708300948143005,0.08406583964824677,-0.6800227165222168,-0.7301970720291138,-0.3486773669719696,-0.21568426489830017,-0.27212122082710266,0.20684747397899628,-0.4684426784515381,-0.40855687856674194,-0.17815634608268738,-0.14674073457717896,2.6368563036139845,2.333083064809135,-0.9532757602269619,0.12776733260827722,-0.14774363938879786,-0.07743708479085183,-0.1938174,-2.1111643,1.5563496,-1.2117076,-1.8888955,0.073828205,-0.1938174,-2.1111643,1.5563496,-1.2117076,-1.8888955,0.073828205,-0.1622794270515442,-2.1228373050689697,1.5451949834823608,-1.1995277404785156,-1.8691071271896362,0.08131632953882217,-0.7884493,0.29182714,0.27886683,-0.3044952,-0.49470812,-0.18720305,-0.29277653,0.0,0.0,0.0,0.0041176448576152325,0.0020588225000000003,8.23529,False,0,0.18751991974619717,0.03141571198209045,0.2709234396088821,0.21759076534688837,-0.1839886893322458,0.11351747699194624,0.9999471927795062,0.005590409189676463,-0.002464891743728622,0.008259787465565214,0.12354892,-0.2330849,0.3045104,0.2184779382058942,6.650299474131316e-05,0.00013297799159772694,0.0005869409942533821,0.0003702690009959042,0.0001786619977792725,0.00011893500050064176,0.001865733996964991,0.018017834998317994,0.019883568995282985,50.29278195666139,0
182,3.6601229470106773,-0.1666320005999964,-2.1212436161436976,1.5467594305621546,-1.2011510592750092,-1.8718484083758753,0.08023516088724136,-0.31414318084716797,0.020315097644925117,-0.6987482905387878,-0.7970055341720581,-0.3424091041088104,-0.188888281583786,-0.2718082666397095,0.20438888669013977,-0.4701722264289856,-0.40858495235443115,-0.17817604541778564,-0.14662060141563416,2.472698021471668,2.3379738186747834,-1.4967269477592708,0.1097686932530267,-0.15239420037849974,-0.07284783951350061,-0.1981115,-2.1094773,1.5578563,-1.2134717,-1.8915614,0.07276349,-0.1981115,-2.1094773,1.5578563,-1.2134717,-1.8915614,0.07276349,-0.16663199663162231,-2.121243715286255,1.5467594861984253,-1.2011510133743286,-1.871848464012146,0.08023516088724136,-0.7869875,0.29415795,0.27741984,-0.30801594,-0.4928238,-0.18679179,-0.2947914,0.0,0.0,0.0,0.0041176448576152325,0.0020588225000000003,8.23529,False,0,0.18788962266732906,0.02992988503367857,0.27055261908715433,0.21762073146366073,-0.18395026375953138,0.11357977697625561,0.9999453894501447,0.005369603202612488,-0.0028843248501182537,0.008487206380224762,0.12354892,-0.2330849,0.3045104,0.21844502114406122,4.000699846073985e-05,0.00015083901234902442,0.0007438370084855705,0.00029546300356741995,0.00017821700021158904,0.00011495800572447479,0.0019030749972444028,0.017936763004399836,0.01983983800164424,50.40363736423273,0
183,3.680143017001683,-0.17097169557680303,-2.119699617425436,1.5482686201678675,-1.2028459471515198,-1.8746021429644983,0.0792401060461998,-0.2752850353717804,0.06343431025743484,-0.6544272899627686,-0.799173891544342,-0.3577084541320801,-0.2211669683456421,-0.27182167768478394,0.20191723108291626,-0.47160112857818604,-0.4088365137577057,-0.1784234344959259,-0.1473281979560852,2.3842254618822794,2.4375206038081214,-1.3298920077401049,0.11555859079709625,-0.14461955899580184,-0.07246629323327458,-0.20242947,-2.1077878,1.5595225,-1.215085,-1.8941996,0.071788475,-0.20242947,-2.1077878,1.5595225,-1.215085,-1.8941996,0.071788475,-0.17097169160842896,-2.119699716567993,1.5482686758041382,-1.2028459310531616,-1.874602198600769,0.0792401060461998,-0.78644437,0.29779387,0.28134555,-0.30597755,-0.48993576,-0.18629086,-0.29505387,0.0,0.0,0.0,0.0041176448576152325,0.0020588225000000003,8.23529,False,0,0.18826104760156712,0.02843957940075339,0.27021847491124973,0.21767322270110237,-0.1839049556187972,0.11348963562463744,0.9999414888851441,0.006033299536026758,-0.0019562876462853236,0.008763893814218063,0.12354892,-0.2330849,0.3045104,0.2185566058891955,4.0094004361890256e-05,0.00019972400332335383,0.0005013449990656227,0.00030702000367455184,0.00015564699424430728,0.00010149599984288216,0.0016689490003045648,0.01820004900218919,0.019868998002493754,50.329664328039605,0
184,3.7001363430026686,-0.1752989927874964,-2.118110796014303,1.549760643635885,-1.2045682829669495,-1.8773778120623987,0.07820291817188263,-0.27178508043289185,0.06871382892131805,-0.6669837832450867,-0.7613275051116943,-0.3494754433631897,-0.18632319569587708,-0.27114972472190857,0.1991012543439865,-0.47315946221351624,-0.40913698077201843,-0.1785237342119217,-0.1474752277135849,2.779900102068576,1.9240398013640925,-1.0845313862212256,0.10055776347680344,-0.14508523877863297,-0.0701904839019251,-0.20671394,-2.1061509,1.5609378,-1.2169688,-1.8969511,0.07076165,-0.20671394,-2.1061509,1.5609378,-1.2169688,-1.8969511,0.07076165,-0.17529898881912231,-2.1181108951568604,1.5497606992721558,-1.2045682668685913,-1.8773778676986694,0.07820291817188263,-0.78537405,0.29900235,0.27942595,-0.3100133,-0.4893313,-0.18603174,-0.296627,0.0,0.0,0.0,0.0041176448576152325,0.0020588225000000003,8.23529,False,0,0.18863250509665602,0.026942744828376157,0.2698871742802993,0.21772240433970533,-0.1839284045743246,0.11356011387961361,0.9999384264050788,0.005976929825659011,-0.0036413116197554266,0.00861243835076785,0.12354892,-0.2330849,0.3045104,0.21851092473767061,3.842999285552651e-05,0.00011768699914682657,0.0005419889930635691,0.00031814999238122255,0.00015895499382168055,9.82080091489479e-05,0.0017206729971803725,0.018124294001609087,0.01984496699878946,50.39061037798651,0
185,3.7200840480072657,-0.179666821156637,-2.116465230981344,1.551328484212057,-1.206211970453598,-1.8801310698138636,0.07716485112905502,-0.2946110963821411,0.03077676147222519,-0.6677088737487793,-0.806780219078064,-0.3045990765094757,-0.19395700097084045,-0.2708672285079956,0.19674646854400635,-0.47339677810668945,-0.40856853127479553,-0.1784130036830902,-0.1473202407360077,2.636124350097161,2.4544459273640147,-1.2884879064796175,0.1077831568408209,-0.15436961530535145,-0.07499770745044172,-0.21104304,-2.104454,1.5624664,-1.2187314,-1.8996843,0.06973898,-0.21104304,-2.104454,1.5624664,-1.2187314,-1.8996843,0.06973898,-0.17966681718826294,-2.1164653301239014,1.5513285398483276,-1.2062119245529175,-1.8801311254501343,0.07716485112905502,-0.7844056,0.3002847,0.27844742,-0.31298655,-0.4888289,-0.18564686,-0.2979909,0.0,0.0,0.0,0.0041176448576152325,0.0020588225000000003,8.23529,False,0,0.18897941633584892,0.02544421847421003,0.2695111327833676,0.21772988479449726,-0.18391747184147,0.11357692691333318,0.9999376584202289,0.005809041517589995,-0.0033832863600176547,0.00891862895664041,0.12354892,-0.2330849,0.3045104,0.2185019165383157,3.9287988329306245e-05,0.00019397400319576263,0.0005701470072381198,0.00041564099956303835,0.0001732589880703017,0.00010061899956781417,0.001854382993769832,0.017950908004422672,0.019805290998192504,50.49155804331596,0
186,3.7401272650022293,-0.18410951295961553,-2.114812036553854,1.5529125372516077,-1.2079100471786042,-1.8828242460833948,0.07611960172653198,-0.2329837679862976,-0.00890924222767353,-0.6692329049110413,-0.7945603728294373,-0.3452250361442566,-0.1778809130191803,-0.27019748091697693,0.19215324521064758,-0.47598251700401306,-0.4091750383377075,-0.1787666231393814,-0.14724107086658478,2.330482694355815,2.1919224672975393,-1.3753406717049257,0.10967596890508423,-0.13886096741282863,-0.07169848469776949,-0.21544227,-2.1027076,1.5641304,-1.2203716,-1.9023172,0.06872115,-0.21544227,-2.1027076,1.5641304,-1.2203716,-1.9023172,0.06872115,-0.18410950899124146,-2.114812135696411,1.5529125928878784,-1.2079100608825684,-1.8828243017196655,0.07611960172653198,-0.783319,0.30261475,0.28044495,-0.3115379,-0.48732075,-0.18496124,-0.29885736,0.0,0.0,0.0,0.0041176448576152325,0.0020588225000000003,8.23529,False,0,0.18933087304300303,0.023941084363010935,0.26913195171166304,0.2176989200497541,-0.1839180385738995,0.11361044988234256,0.9999414594928375,0.005766470007201869,-0.003069517042297581,0.008624854923650513,0.12354892,-0.2330849,0.3045104,0.21845914947715486,3.8883998058736324e-05,0.0001286329934373498,0.000592968994169496,0.0003119570028502494,0.00015797000378370285,9.740899258758873e-05,0.0017098659882321954,0.018186696004704572,0.019896561992936768,50.25993939832407,0
187,3.760123113010195,-0.18852550188173467,-2.1131140194334925,1.5544613043414515,-1.2096598905375977,-1.8855403105365198,0.07508644461631775,-0.29554271697998047,0.0065293461084365845,-0.6619495749473572,-0.7993995547294617,-0.34562376141548157,-0.1980961114168167,-0.3247249126434326,0.2331341803073883,-0.457340806722641,-0.41234079003334045,-0.18799559772014618,-0.15039709210395813,2.369952511163127,1.830744292966022,-1.097981230591874,0.08898668430803675,-0.1317709435116379,-0.062134551121225026,-0.21983178,-2.1009831,1.5656761,-1.2222519,-1.9049335,0.06769767,-0.21983178,-2.1009831,1.5656761,-1.2222519,-1.9049335,0.06769767,-0.1885254979133606,-2.11311411857605,1.5544613599777222,-1.2096599340438843,-1.8855403661727905,0.07508644461631775,-0.78265715,0.3032735,0.28036973,-0.3147997,-0.48482803,-0.18471953,-0.30006194,0.0,0.0,0.0,0.0041176448576152325,0.0020588225000000003,8.23529,False,0,0.18968809147176874,0.022432639656138946,0.26876418617814324,0.21770239650997597,-0.1839108464586092,0.11360706757449664,0.9999423194247151,0.005048310000332506,-0.0034778568421479058,0.008818227128571273,0.12354892,-0.2330849,0.3045104,0.21846522211878863,3.9071994251571596e-05,0.00011860099039040506,0.0005174429970793426,0.000359957994078286,0.00015698999050073326,9.840600250754505e-05,0.0016527469997527078,0.01819697600149084,0.019849723001243547,50.37853676534186,0
188,3.780272749005235,-0.19314796129335576,-2.111354967156881,1.5561321417437952,-1.2114352148822327,-1.8884714285479944,0.0739845559000969,-0.28513577580451965,0.053979501128196716,-0.7041301131248474,-0.7854208946228027,-0.3008173108100891,-0.19436267018318176,-0.2645910084247589,0.1725902110338211,-0.48179978132247925,-0.4096828103065491,-0.18029990792274475,-0.14764940738677979,2.6611408833027204,2.3898610501173247,-1.2299359805394283,0.10205191081621881,-0.15004247517848465,-0.07337699828061928,-0.22436039,-2.0989704,1.5673577,-1.2240881,-1.9076954,0.066624805,-0.22436039,-2.0989704,1.5673577,-1.2240881,-1.9076954,0.066624805,-0.1931479573249817,-2.1113550662994385,1.556132197380066,-1.2114351987838745,-1.8884714841842651,0.0739845559000969,-0.78031075,0.30961347,0.280636,-0.31632313,-0.48059875,-0.18399371,-0.3024045,0.0,0.0,0.0,0.0041176448576152325,0.0020588225000000003,8.23529,False,0,0.19002717746957978,0.020835972788850306,0.2683669595140916,0.21776428144022927,-0.18387765964371794,0.11354552878233215,0.9999388929837828,0.005897604425648973,-0.0022362177744045305,0.009080011315874907,0.12354892,-0.2330849,0.3045104,0.218553140311164,3.934299456886947e-05,0.00012897499254904687,0.0006402239960152656,0.0003363130090292543,0.00017260501044802368,9.836199751589447e-05,0.0018694140017032623,0.01813445199513808,0.02000386599684134,49.99033687577703,0
189,3.8000805379997473,-0.19763547578920537,-2.1096321545042933,1.5577204863177698,-1.2132926446250458,-1.8912366072284144,0.07289070636034012,-0.3052748441696167,0.053198494017124176,-0.682664155960083,-0.7393487095832825,-0.3262532353401184,-0.17773400247097015,-0.24958010017871857,0.1742636263370514,-0.48570117354393005,-0.40744075179100037,-0.1749553233385086,-0.14575687050819397,2.142251580240389,2.2681143986600216,-0.8829864646841974,0.10517060750336296,-0.13198229098632966,-0.06736241108212797,-0.22880991,-2.0972266,1.5690273,-1.2258793,-1.9104512,0.065558955,-0.22880991,-2.0972266,1.5690273,-1.2258793,-1.9104512,0.065558955,-0.1976354718208313,-2.1096322536468506,1.5577205419540405,-1.2132925987243652,-1.891236662864685,0.07289070636034012,-0.77936107,0.31014085,0.2826704,-0.31466725,-0.48036137,-0.18329374,-0.30292025,0.0,0.0,0.0,0.0041176448576152325,0.0020588225000000003,8.23529,False,0,0.19038092825896114,0.01929548992384597,0.2680006627373357,0.21768365774038292,-0.18391612044292946,0.1135574429465196,0.9999426982785217,0.005775484219050458,-0.0023530535908661324,0.00870273902011642,0.12354892,-0.2330849,0.3045104,0.2184993267839183,4.057800106238574e-05,0.00011560700659174472,0.0004989890003344044,0.00029899898800067604,0.00018323199765291065,9.721399692352861e-05,0.0016008999955374748,0.018056500994134694,0.01965740098967217,50.871424992825425,0
190,3.820092295005452,-0.2020328680621546,-2.1078621349730433,1.5593798796283167,-1.2150854331306,-1.8939736525165003,0.07185609638690948,-0.25620535016059875,-0.03297653794288635,-0.7323210835456848,-0.7148654460906982,-0.31865137815475464,-0.16582202911376953,-0.2579849064350128,0.17556071281433105,-0.48427966237068176,-0.4081861674785614,-0.17670607566833496,-0.14645777642726898,2.106170564587267,2.3436444176847657,-1.1124263070345939,0.11105606780547371,-0.13097953090592715,-0.06685450682835334,-0.23316982,-2.095481,1.5705662,-1.2278314,-1.9132217,0.064540066,-0.23316982,-2.095481,1.5705662,-1.2278314,-1.9132217,0.064540066,-0.20203286409378052,-2.1078622341156006,1.5593799352645874,-1.2150853872299194,-1.893973708152771,0.07185609638690948,-0.77842414,0.30953357,0.27965608,-0.31864938,-0.48120078,-0.18290085,-0.3043472,0.0,0.0,0.0,0.0041176448576152325,0.0020588225000000003,8.23529,False,0,0.19070911981356564,0.01777935301705323,0.26759396333081376,0.21767476011336495,-0.18391494707098588,0.11357645982783143,0.9999438274614335,0.005608555894635949,-0.002254947097675383,0.008709310028160281,0.12354892,-0.2330849,0.3045104,0.21847913818517542,4.0019003790803254e-05,0.00012107199290767312,0.0007091570005286485,0.00030889600748196244,0.00018021499272435904,9.923499601427466e-05,0.0018416750099277124,0.018023526994511485,0.019865202004439197,50.33928171364852,0
191,3.8401371549989562,-0.20633441606630498,-2.1061984501280726,1.5609801451312464,-1.2167682510665436,-1.896630589162008,0.07083828747272491,-0.2538042366504669,9.020417928695679e-05,-0.7684218883514404,-0.7381137013435364,-0.3593897819519043,-0.16218872368335724,-0.26584750413894653,0.1776256561279297,-0.48259562253952026,-0.40840181708335876,-0.17827649414539337,-0.14699678122997284,2.479344055268251,2.220448020178637,-1.4289947233776445,0.09864799709415505,-0.14119898605036907,-0.06794953696100783,-0.23740962,-2.0936172,1.5722253,-1.2295382,-1.9157816,0.06354736,-0.23740962,-2.0936172,1.5722253,-1.2295382,-1.9157816,0.06354736,-0.2063344120979309,-2.10619854927063,1.560980200767517,-1.2167682647705078,-1.8966306447982788,0.07083828747272491,-0.77688044,0.31453094,0.2811289,-0.31924725,-0.47877416,-0.18227327,-0.3058075,0.0,0.0,0.0,0.0041176448576152325,0.0020588225000000003,8.23529,False,0,0.19100080665636093,0.01630328233235171,0.2672055392998429,0.21774183035866998,-0.18390559547985555,0.11355578144881742,0.9999414951629777,0.005236668787099271,-0.00236802112781034,0.00916645251342138,0.12354892,-0.2330849,0.3045104,0.2185282154924442,4.0314000216312706e-05,0.00013565999688580632,0.0006411780050257221,0.00037790299393236637,0.0001754139957483858,0.00012541600153781474,0.0018913339881692082,0.017988405001233332,0.01987973898940254,50.3024713017147,0
192,3.8600856010016287,-0.21069270769228154,-2.1044842205443324,1.562460724507467,-1.218550519352295,-1.8993147055255335,0.06983263790607452,-0.2678620219230652,0.004283722024410963,-0.7423980236053467,-0.6822154521942139,-0.3315916359424591,-0.16968463361263275,-0.26958921551704407,0.17676393687725067,-0.4830935597419739,-0.4092371463775635,-0.17944644391536713,-0.1471932828426361,2.201771092224256,2.052647687415715,-0.9307255143443596,0.08608099900857227,-0.12942897628595437,-0.0626936828358649,-0.24167462,-2.0917466,1.5737239,-1.2312444,-1.9183753,0.06258421,-0.24167462,-2.0917466,1.5737239,-1.2312444,-1.9183753,0.06258421,-0.21069270372390747,-2.1044843196868896,1.5624607801437378,-1.2185505628585815,-1.8993147611618042,0.06983263790607452,-0.7745478,0.31844193,0.2815778,-0.3173482,-0.47651175,-0.18121088,-0.30761662,0.0,0.0,0.0,0.0041176448576152325,0.0020588225000000003,8.23529,False,0,0.1913177647240445,0.014801311416747308,0.2668596843928298,0.2177196568323522,-0.18392352684038643,0.11362130488671386,0.9999408701349181,0.005654393062104974,-0.00287761139767229,0.008830494253178596,0.12354892,-0.2330849,0.3045104,0.21845736696874268,4.480899951886386e-05,0.00012852800136897713,0.0005482839915202931,0.0003615829918999225,0.00017803400987759233,0.00011065800208598375,0.0017942729900823906,0.01799413000117056,0.01978840299125295,50.53464902862697,0
193,3.8801286189991515,-0.2150180975543421,-2.1027590237059535,1.5639899412738245,-1.220241830950119,-1.9019554297076624,0.06879906356334686,-0.25217533111572266,0.02751152217388153,-0.711604654788971,-0.7310979962348938,-0.34958192706108093,-0.1762351393699646,-0.2702799439430237,0.17662040889263153,-0.4830579459667206,-0.40897759795188904,-0.1795785129070282,-0.14716561138629913,2.459171109825894,1.8783129724506733,-0.9339410730718974,0.09669225145703791,-0.13687597834848025,-0.06835754841953832,-0.24594559,-2.090012,1.5751677,-1.2331221,-1.9210105,0.061566487,-0.24594559,-2.090012,1.5751677,-1.2331221,-1.9210105,0.061566487,-0.21501809358596802,-2.1027591228485107,1.5639899969100952,-1.2202417850494385,-1.901955485343933,0.06879906356334686,-0.7731873,0.31867352,0.27944267,-0.32200664,-0.47637555,-0.18081442,-0.3091822,0.0,0.0,0.0,0.0041176448576152325,0.0020588225000000003,8.23529,False,0,0.19160468713315945,0.01331812591109325,0.2664824950038066,0.21773047473785023,-0.18390338253988925,0.11357224445830784,0.9999421623618161,0.005361759061407631,-0.0025586160314563203,0.008965466317230343,0.12354892,-0.2330849,0.3045104,0.21850943324949543,4.255199746694416e-05,0.0002289380063302815,0.0006906409980729222,0.00036949399509467185,0.00019500100461300462,0.00011071299377363175,0.0020501069957390428,0.017833766993135214,0.019883873988874257,50.292010528709646,0
194,3.9000901100080227,-0.21936208406557256,-2.101070543328756,1.5656054655658167,-1.2220117908767243,-1.904593292866842,0.06780870258808136,-0.2462064027786255,0.012727439403533936,-0.7508652806282043,-0.7358852624893188,-0.37645843625068665,-0.1815616339445114,-0.2703264057636261,0.17521117627620697,-0.48454010486602783,-0.4085189998149872,-0.1794954091310501,-0.14701886475086212,2.2047428503526745,1.8263728564851562,-1.0963602367884822,0.08458522294451234,-0.13252873562855394,-0.06319906296736925,-0.25023502,-2.088254,1.5768276,-1.234881,-1.9235663,0.06060545,-0.25023502,-2.088254,1.5768276,-1.234881,-1.9235663,0.06060545,-0.2193620800971985,-2.1010706424713135,1.5656055212020874,-1.2220118045806885,-1.9045933485031128,0.06780870258808136,-0.7718235,0.3204153,0.28055245,-0.32173005,-0.47432518,-0.18008128,-0.31036407,0.0,0.0,0.0,0.0041176448576152325,0.0020588225000000003,8.23529,False,0,0.19188484866068692,0.011829879676060445,0.26609549453595605,0.21771895117799078,-0.1838977807273541,0.11352888468578758,0.9999396503320912,0.00560836637305379,-0.0024516591924051735,0.00912283580424967,0.12354892,-0.2330849,0.3045104,0.21854361791684643,4.471000283956528e-05,0.00011862299288623035,0.0005835070041939616,0.00026096600049640983,0.00018182300846092403,9.524100460112095e-05,0.001823622005758807,0.01796799300063867,0.01979161500639748,50.52644767376276,0
195,3.92012623300252,-0.22366649309267217,-2.099276681939596,1.5671380201922815,-1.2238135200789948,-1.9072468916522425,0.0667753666639328,-0.293855220079422,0.030236316844820976,-0.7285388708114624,-0.7235451936721802,-0.3669635057449341,-0.176249697804451,-0.2702386975288391,0.17080777883529663,-0.48726072907447815,-0.4090200364589691,-0.17974184453487396,-0.14705587923526764,2.1264085165924325,1.5701245259025043,-0.9783970388406333,0.08699622685340543,-0.12909328314673893,-0.06689206740360691,-0.25446656,-2.0863786,1.578394,-1.2367136,-1.9261649,0.059602745,-0.25446656,-2.0863786,1.578394,-1.2367136,-1.9261649,0.059602745,-0.2236664891242981,-2.0992767810821533,1.5671380758285522,-1.223813533782959,-1.9072469472885132,0.0667753666639328,-0.77000207,0.32245454,0.2813984,-0.3225029,-0.47294882,-0.1793156,-0.3118411,0.0,0.0,0.0,0.0041176448576152325,0.0020588225000000003,8.23529,False,0,0.1921786911352841,0.010338685284656528,0.265720079759726,0.2177134411501045,-0.18388323840539766,0.11355792727663551,0.9999423140541462,0.005624411875727183,-0.0019953872509302756,0.008931599108404294,0.12354892,-0.2330849,0.3045104,0.21851913795253536,4.012300632894039e-05,0.000125919992569834,0.0006261289963731542,0.0002970280038425699,0.00016987900016829371,9.827200847212225e-05,0.0017412949964636937,0.01813348100404255,0.019874776000506245,50.31503248009076,0
196,3.9400844600022538,-0.22790271440614873,-2.0975476704039515,1.568709675465719,-1.2255594593337555,-1.9099138418780726,0.06576940417289734,-0.2573070228099823,0.0351913720369339,-0.7340892553329468,-0.7464734315872192,-0.36195915937423706,-0.14917759597301483,-0.2706570625305176,0.1675177365541458,-0.4878222942352295,-0.4089488387107849,-0.17977362871170044,-0.14699995517730713,2.5166623145245492,1.8558830548273997,-1.4115260644496295,0.0968556092389911,-0.141656080420368,-0.07063289097399843,-0.2586469,-2.084536,1.5799654,-1.238535,-1.9287614,0.05862017,-0.2586469,-2.084536,1.5799654,-1.238535,-1.9287614,0.05862017,-0.22790271043777466,-2.097547769546509,1.5687097311019897,-1.2255594730377197,-1.9099138975143433,0.06576940417289734,-0.7686047,0.32529202,0.28138953,-0.32439062,-0.47118586,-0.17873083,-0.31322774,0.0,0.0,0.0,0.0041176448576152325,0.0020588225000000003,8.23529,False,0,0.19243837255135976,0.008861446256206884,0.2653390144634031,0.21769776126800075,-0.1839256017451012,0.11354019875652353,0.9999461137427068,0.005556892608306328,-0.0016820865811687771,0.008603467046820605,0.12354892,-0.2330849,0.3045104,0.21851834006669477,0.00011114700464531779,0.00012156600132584572,0.0005492710042744875,0.0004183990095043555,0.00017259600281249732,0.0001078810018952936,0.0018736720085144043,0.01790841699403245,0.019782089002546854,50.550778528559576,0
197,3.9601015820080647,-0.2321389357196253,-2.0957676372923792,1.5702217260943812,-1.2273659271052857,-1.912511173878805,0.06480295956134796,-0.30490484833717346,0.03815869241952896,-0.6822178959846497,-0.729475736618042,-0.34358832240104675,-0.17692703008651733,-0.2705078721046448,0.16566675901412964,-0.48853716254234314,-0.4089042842388153,-0.17985846102237701,-0.1470097154378891,2.5562013093442717,1.6633894764482149,-0.8733727402656851,0.0916631793739234,-0.14084082570553802,-0.0709344326810219,-0.26280272,-2.0826547,1.5814211,-1.2404181,-1.9312758,0.05768718,-0.26280272,-2.0826547,1.5814211,-1.2404181,-1.9312758,0.05768718,-0.23213893175125122,-2.0957677364349365,1.5702217817306519,-1.2273659706115723,-1.9125112295150757,0.06480295956134796,-0.766595,0.327828,0.27998438,-0.32630152,-0.4691144,-0.17789456,-0.31522214,0.0,0.0,0.0,0.0041176448576152325,0.0020588225000000003,8.23529,False,0,0.19271546647437265,0.007392504330236582,0.26496928424600213,0.21773507983291115,-0.1839062985336142,0.11356913733694737,0.9999413757793806,0.005254592037290828,-0.0032677271147033833,0.008882382254773684,0.12354892,-0.2330849,0.3045104,0.21851347692661183,4.0001003071665764e-05,0.00012021799921058118,0.0006083170010242611,0.0002994419919559732,0.00015372699999716133,9.738899825606495e-05,0.0016897820023586974,0.018177637000917457,0.019867419003276154,50.33366436954388,0
198,3.9801411860098597,-0.236398998891012,-2.093961378137106,1.5718258062945765,-1.2291322511485596,-1.9151714483844202,0.06378146260976791,-0.36347925662994385,0.09939445555210114,-0.6788032650947571,-0.7665220499038696,-0.38265150785446167,-0.16688546538352966,-0.32140061259269714,0.207257941365242,-0.47128909826278687,-0.4128214418888092,-0.18845446407794952,-0.1498938798904419,2.558075617724198,1.5051585664041176,-1.0317417752748268,0.08115151982397643,-0.13842294283725246,-0.0683704812556438,-0.26708338,-2.0809615,1.582945,-1.2424564,-1.93391,0.056663424,-0.26708338,-2.0809615,1.582945,-1.2424564,-1.93391,0.056663424,-0.23639899492263794,-2.093961477279663,1.5718258619308472,-1.2291322946548462,-1.915171504020691,0.06378146260976791,-0.7671093,0.32500258,0.2779789,-0.33310333,-0.46846414,-0.17795096,-0.31583902,0.0,0.0,0.0,0.0041176448576152325,0.0020588225000000003,8.23529,False,0,0.19296421039708356,0.005907579679000852,0.2645665287829201,0.2177435648936413,-0.18388484777323919,0.11354726456617702,0.9999409128911904,0.005316760785126387,-0.0028642943687835955,0.00903901728806558,0.12354892,-0.2330849,0.3045104,0.21854107537527617,0.00015781298861838877,0.0002007990115089342,0.0009204200032399967,0.0003831120120594278,0.00028074599686078727,0.0002172840031562373,0.0028150059952167794,0.016984015004709363,0.019799020999926142,50.507547822881264,0
199,4.000091907000751,-0.24093848863710576,-2.0920444927611292,1.5735324064837855,-1.2311002177051087,-1.9179399649249476,0.06274326145648956,-0.2872483432292938,-0.01569225639104843,-0.7553972005844116,-0.7408448457717896,-0.35750696063041687,-0.18748825788497925,-0.2614079713821411,0.14511999487876892,-0.49606582522392273,-0.4102427065372467,-0.1810520738363266,-0.1472042351961136,2.350063788349833,1.7148706875609792,-1.1723091382860413,0.08284960037570428,-0.12824646702251238,-0.06524374665606447,-0.27153403,-2.0788739,1.5847539,-1.2444415,-1.9364678,0.055665612,-0.27153403,-2.0788739,1.5847539,-1.2444415,-1.9364678,0.055665612,-0.2409384846687317,-2.0920445919036865,1.5735324621200562,-1.2311002016067505,-1.9179400205612183,0.06274326145648956,-0.7648885,0.32926524,0.28053558,-0.3335319,-0.46319306,-0.17694128,-0.31787446,0.0,0.0,0.0,0.0041176448576152325,0.0020588225000000003,8.23529,False,0,0.19323842433097327,0.004334215191330752,0.26414531456335477,0.21766993942137328,-0.18391185574105945,0.1135237720085632,0.9999426410928298,0.005860231073123762,-0.001802149459262603,0.008784780347931493,0.12354892,-0.2330849,0.3045104,0.21852380400326368,4.361999162938446e-05,0.00013530399883165956,0.0005780799983767793,0.00034090099507011473,0.00017264499911107123,0.00010971300071105361,0.001875218003988266,0.017908761990838684,0.01978397999482695,50.54594678429096,0
200,4.020088475008379,-0.24545413652528936,-2.090109964410299,1.5751007238971155,-1.2329840821078797,-1.9206884543048304,0.061701368540525436,-0.21786388754844666,-0.057727813720703125,-0.7182608842849731,-0.7734009027481079,-0.34000957012176514,-0.17666438221931458,-0.2471362203359604,0.1430482566356659,-0.500533938407898,-0.4081040620803833,-0.1764025092124939,-0.14555838704109192,2.0025439442513133,1.8838313243001545,-0.9503181741366922,0.0892786631869363,-0.12012613798811433,-0.06499381767122114,-0.2759814,-2.0769057,1.5862601,-1.2463961,-1.9392488,0.054654997,-0.2759814,-2.0769057,1.5862601,-1.2463961,-1.9392488,0.054654997,-0.24545413255691528,-2.0901100635528564,1.5751007795333862,-1.2329840660095215,-1.920688509941101,0.061701368540525436,-0.7631814,0.3301082,0.27898204,-0.3353001,-0.46400797,-0.17615929,-0.3192344,0.0,0.0,0.0,0.0041176448576152325,0.0020588225000000003,8.23529,False,0,0.1935006049572038,0.0027687621115709063,0.26375168611360345,0.21770463973215637,-0.1838981570426288,0.11352119744411157,0.9999362973821831,0.005884095189447821,-0.002126271236884382,0.009397181882539641,0.12354892,-0.2330849,0.3045104,0.21854408479797874,0.00015389701002277434,0.0001354409905616194,0.0005876590003026649,0.0004107100103283301,0.00019170300220139325,0.00011429299775045365,0.0020461540116230026,0.01777021199814044,0.019816366009763442,50.46333921705443,0
201,4.040093160001561,-0.2498257795916956,-2.0882870159544886,1.57664662996401,-1.2348485750010987,-1.9232938925372522,0.06067657843232155,-0.22057825326919556,-0.03264594078063965,-0.7098814249038696,-0.7786256074905396,-0.36093592643737793,-0.15396307408809662,-0.256245493888855,0.1445169597864151,-0.49782776832580566,-0.40886396169662476,-0.17788293957710266,-0.1454632431268692,1.9741634605543883,1.8086790893323816,-1.000891861550526,0.08550693824347286,-0.11333032501897307,-0.05859577117580664,-0.28026873,-2.0749686,1.5877857,-1.2482612,-1.9418811,0.053666156,-0.28026873,-2.0749686,1.5877857,-1.2482612,-1.9418811,0.053666156,-0.24982577562332153,-2.088287115097046,1.5766466856002808,-1.2348486185073853,-1.923293948173523,0.06067657843232155,-0.7610737,0.33296433,0.27847517,-0.3353142,-0.46467704,-0.17526056,-0.32058525,0.0,0.0,0.0,0.0041176448576152325,0.0020588225000000003,8.23529,False,0,0.19374705418348748,0.001263802732129518,0.2633722151298402,0.21768173785852377,-0.18389158146814263,0.11352173438000947,0.9999404209278872,0.005634509653056796,-0.002089252798909613,0.00911423006041184,0.12354892,-0.2330849,0.3045104,0.21853522976303263,4.3087013182230294e-05,0.0002355169999646023,0.0006841779977548867,0.00033267699473071843,0.00020319900067988783,0.00011464700219221413,0.002066336994175799,0.01775335500133224,0.019819691995508038,50.45487085402949,0
202,4.060093122010585,-0.2540543715106409,-2.0865379772581996,1.578205410634176,-1.2366557878306885,-1.9258583227740687,0.059713687747716904,-0.25542351603507996,-0.0031167790293693542,-0.7310258746147156,-0.786073625087738,-0.38064947724342346,-0.16706514358520508,-0.265712171792984,0.14898675680160522,-0.4966281056404114,-0.4093066155910492,-0.17965936660766602,-0.14588922262191772,2.1814784091940678,1.7602233392356774,-0.999491272082765,0.07303875945526189,-0.12257604539788901,-0.05907930896435045,-0.2844204,-2.0731647,1.5893615,-1.2500011,-1.944391,0.05274578,-0.2844204,-2.0731647,1.5893615,-1.2500011,-1.944391,0.05274578,-0.25405436754226685,-2.086538076400757,1.5782054662704468,-1.236655831336975,-1.9258583784103394,0.059713687747716904,-0.75915056,0.33433193,0.2789025,-0.33363187,-0.46331596,-0.1741976,-0.32194507,0.0,0.0,0.0,0.0041176448576152325,0.0020588225000000003,8.23529,False,0,0.1939649811814101,-0.0002005441873295724,0.26299250651090644,0.21768795443119549,-0.1838527950096534,0.1135513808900508,0.9999419800607894,0.005589622935314849,-0.0026392967577244368,0.008824764164723265,0.12354892,-0.2330849,0.3045104,0.21852073405125708,4.327300121076405e-05,0.00014243999612517655,0.0006433600065065548,0.00043585400271695107,0.00020004299585707486,0.00010477099567651749,0.0020818099874304608,0.017740464012604207,0.019822274000034668,50.44829871679965,0
203,4.080087880996871,-0.2582657972918909,-2.084665914575094,1.579742733632223,-1.238525168304779,-1.9284313360797327,0.05872790142893791,-0.27425119280815125,0.017237331718206406,-0.6814557909965515,-0.7817771434783936,-0.38653966784477234,-0.17717057466506958,-0.2699023485183716,0.15006431937217712,-0.4968799352645874,-0.40929916501045227,-0.18078204989433289,-0.14612945914268494,2.3726485845640175,1.5008126443180891,-0.8922251088696606,0.07910112239686558,-0.12344675182049139,-0.06108087410821213,-0.2885429,-2.0712156,1.5908319,-1.2519739,-1.9468755,0.05179597,-0.2885429,-2.0712156,1.5908319,-1.2519739,-1.9468755,0.05179597,-0.25826579332351685,-2.0846660137176514,1.5797427892684937,-1.238525152206421,-1.9284313917160034,0.05872790142893791,-0.7569277,0.33626103,0.27722758,-0.33621782,-0.46110204,-0.1732983,-0.324,0.0,0.0,0.0,0.0041176448576152325,0.0020588225000000003,8.23529,False,0,0.1941995743639715,-0.0016715305166881064,0.2626047741441203,0.2176722856305467,-0.18388816952821815,0.11362442475041043,0.9999391395370754,0.0055557076669359075,-0.003624426376208572,0.008817980340591607,0.12354892,-0.2330849,0.3045104,0.2184421847006757,4.3392996303737164e-05,0.000137953000376001,0.0006473770044976845,0.00033112100209109485,0.00019632698968052864,0.00010470100096426904,0.0019626389985205606,0.017858034989330918,0.019820673987851478,50.45237112587199,0
204,4.100092521999613,-0.2624276320086878,-2.082851549188131,1.581296745930807,-1.2404115957072754,-1.9310162703143519,0.05777006223797798,-0.3144436478614807,-0.05022445321083069,-0.716853141784668,-0.7511734366416931,-0.3898223042488098,-0.18591846525669098,-0.2697165906429291,0.14654755592346191,-0.49777117371559143,-0.40871283411979675,-0.18090306222438812,-0.1460406482219696,2.1438765719470396,1.725147506401603,-0.9549099768154379,0.08192724189418842,-0.12650881763785793,-0.06311376222930229,-0.2926587,-2.0693812,1.5923787,-1.2539124,-1.9493843,0.050864313,-0.2926587,-2.0693812,1.5923787,-1.2539124,-1.9493843,0.050864313,-0.2624276280403137,-2.0828516483306885,1.5812968015670776,-1.240411639213562,-1.9310163259506226,0.05777006223797798,-0.7557763,0.3367619,0.27704716,-0.33752012,-0.45919952,-0.17264377,-0.32509357,0.0,0.0,0.0,0.0041176448576152325,0.0020588225000000003,8.23529,False,0,0.1944186482049104,-0.0031352078427576424,0.26222594561919055,0.21772263219528265,-0.18391444571495322,0.11359883178541029,0.9999396592570111,0.005269341449349212,-0.003083124863793257,0.00913305434269716,0.12354892,-0.2330849,0.3045104,0.21848033043128198,4.0897997678257525e-05,0.0001922209921758622,0.0006586829986190423,0.0002966310130432248,0.0001956490013981238,0.00011172299855388701,0.0019664979918161407,0.017876104000606574,0.019842601992422715,50.39661635010719,0
205,4.120085091009969,-0.2666280905352991,-2.080963274041647,1.5828388373004358,-1.242272899751999,-1.9335101286517542,0.056800100952386856,-0.26103484630584717,-0.03300897032022476,-0.7328761219978333,-0.7487819790840149,-0.4016234576702118,-0.16869109869003296,-0.2689236104488373,0.14443223178386688,-0.49921637773513794,-0.4089784324169159,-0.18074959516525269,-0.14597289264202118,1.9067010955054446,1.4988076004538868,-0.992964701540753,0.07133767917302122,-0.11859633647732737,-0.056383818963300254,-0.29677057,-2.0674074,1.5938822,-1.2559208,-1.9518229,0.04992713,-0.29677057,-2.0674074,1.5938822,-1.2559208,-1.9518229,0.04992713,-0.26662808656692505,-2.080963373184204,1.5828388929367065,-1.2422728538513184,-1.933510184288025,0.056800100952386856,-0.75356203,0.3388972,0.27608156,-0.34119827,-0.45781842,-0.17182423,-0.32690704,0.0,0.0,0.0,0.0041176448576152325,0.0020588225000000003,8.23529,False,0,0.19463795010114313,-0.004589252672570154,0.2618263884788617,0.21770006316959165,-0.18389728707491024,0.11355866102575668,0.9999392551295564,0.0058053414325721945,-0.002330484330654467,0.009074602720469475,0.12354892,-0.2330849,0.3045104,0.21850956937351895,4.9515991122461855e-05,0.0001394640130456537,0.0006192489963723347,0.0003764119901461527,0.00019454701396171004,0.0001239789999090135,0.0019045170047320426,0.017915493008331396,0.019820010013063438,50.45406129163893,0
206,4.1400871310033835,-0.2708347479449671,-2.079125066796774,1.5843842665301722,-1.2440437239459534,-1.9361136595355433,0.05585775151848793,-0.2535799443721771,-0.0720425471663475,-0.6884459257125854,-0.7918967604637146,-0.3911568522453308,-0.20908482372760773,-0.2679609954357147,0.14085130393505096,-0.5005435943603516,-0.4093913733959198,-0.18076080083847046,-0.14593183994293213,2.1691360377815436,1.4918445310221875,-1.1076090366134612,0.07433956173698081,-0.12739278499094298,-0.06235365829834075,-0.3008988,-2.0655737,1.5954316,-1.2577622,-1.9543574,0.049024828,-0.3008988,-2.0655737,1.5954316,-1.2577622,-1.9543574,0.049024828,-0.270834743976593,-2.079125165939331,1.5843843221664429,-1.2440437078475952,-1.936113715171814,0.05585775151848793,-0.75160086,0.33878443,0.27618238,-0.34296203,-0.45609137,-0.17082311,-0.32848632,0.0,0.0,0.0,0.0041176448576152325,0.0020588225000000003,8.23529,False,0,0.19481555998106245,-0.0060619353905530735,0.261433532999131,0.2176801493156054,-0.18384319984771932,0.11350031872585353,0.9999408342081885,0.005566649294244935,-0.0030522033990602157,0.008832552570863933,0.12354892,-0.2330849,0.3045104,0.21856415712932298,5.791900912299752e-05,0.0002288069954374805,0.000636031007161364,0.00038950600719545037,0.00019008699746336788,0.00011068499588873237,0.002015157006098889,0.017814329999964684,0.019829487006063573,50.429948071486386,0
207,4.160088755001198,-0.2750008741961878,-2.077308794061178,1.5858715216266077,-1.2459384959987183,-1.9386861960040491,0.054903436452150345,-0.2830948531627655,0.04058162122964859,-0.7451232075691223,-0.7136425375938416,-0.3735716938972473,-0.21862272918224335,-0.2678203284740448,0.13923421502113342,-0.5015790462493896,-0.4097461402416229,-0.18066047132015228,-0.14590361714363098,2.1876872412619925,1.4642740207302443,-0.8118396716502614,0.07777187659113087,-0.11738227561719805,-0.057810711627553635,-0.30498156,-2.0635989,1.5969173,-1.2596416,-1.956836,0.04810967,-0.30498156,-2.0635989,1.5969173,-1.2596416,-1.956836,0.04810967,-0.2750008702278137,-2.0773088932037354,1.5858715772628784,-1.2459385395050049,-1.9386862516403198,0.054903436452150345,-0.7495169,0.3427523,0.2761418,-0.34257656,-0.4537448,-0.16984417,-0.3300741,0.0,0.0,0.0,0.0041176448576152325,0.0020588225000000003,8.23529,False,0,0.19501330884727555,-0.007528677283702989,0.2610753491589052,0.21767546751372277,-0.18388453348940326,0.1135731556579028,0.9999436575675815,0.005024519206854639,-0.003271057182317023,0.008758302134343133,0.12354892,-0.2330849,0.3045104,0.2184891771992272,3.8393001887016e-05,0.00011276100121904165,0.0005836830096086487,0.0003229950089007616,0.0001924989919643849,0.00010709901107475162,0.0017474710039095953,0.018088729993905872,0.019836200997815467,50.41287896357415,0
208,4.180088717010221,-0.27925235429872686,-2.0753914318480433,1.5874689261065882,-1.2478461426547547,-1.9412463347064417,0.053941868245601654,-0.28455018997192383,-0.001572243869304657,-0.7106072306632996,-0.7227169871330261,-0.39748141169548035,-0.21667443215847015,-0.31906071305274963,0.18041665852069855,-0.4840620458126068,-0.41321903467178345,-0.1891399621963501,-0.14860737323760986,2.2022874454087,1.140790203530702,-0.9037196547375255,0.06741632007676596,-0.11699127385112207,-0.058448150081440504,-0.30921742,-2.0617895,1.5984423,-1.2617761,-1.9593383,0.047164038,-0.30921742,-2.0617895,1.5984423,-1.2617761,-1.9593383,0.047164038,-0.2792523503303528,-2.0753915309906006,1.5874689817428589,-1.2478461265563965,-1.9412463903427124,0.053941868245601654,-0.749127,0.34004954,0.27433392,-0.3482504,-0.4522965,-0.16944581,-0.3311484,0.0,0.0,0.0,0.0041176448576152325,0.0020588225000000003,8.23529,False,0,0.19520303589511973,-0.009010839722689824,0.2606646646207146,0.21769242575470116,-0.18388099918452716,0.11361780588090126,0.9999383258647104,0.005411410471294879,-0.003298576305485895,0.009120865509957523,0.12354892,-0.2330849,0.3045104,0.21845826211011557,4.6824003220535815e-05,0.00019936999888159335,0.0005295989976730198,0.0003115439903922379,0.0001650909980526194,0.00010147500142920762,0.0017191090009873733,0.01813485000457149,0.019853959005558863,50.36778809304544,0
209,4.200084010997671,-0.28376657167543584,-2.0733353100218714,1.5891459623919886,-1.2498594385436554,-1.9439414183246058,0.05292405188083649,-0.2614448368549347,-0.0214725099503994,-0.7422207593917847,-0.7279640436172485,-0.40390118956565857,-0.2273712009191513,-0.31302976608276367,0.16051147878170013,-0.48978888988494873,-0.4147774875164032,-0.19049258530139923,-0.14896492660045624,2.3461140835017926,1.0849056398630508,-1.1750815038424267,0.06121188303813828,-0.1256846409984578,-0.06217994732569571,-0.31364962,-2.0596602,1.6000577,-1.2640138,-1.9618584,0.046182636,-0.31364962,-2.0596602,1.6000577,-1.2640138,-1.9618584,0.046182636,-0.28376656770706177,-2.0733354091644287,1.5891460180282593,-1.2498594522476196,-1.9439414739608765,0.05292405188083649,-0.74707675,0.34188083,0.2727935,-0.35385764,-0.44792396,-0.16853541,-0.3334556,0.0,0.0,0.0,0.0041176448576152325,0.0020588225000000003,8.23529,False,0,0.19539628633312003,-0.010581012198606354,0.26022723500434153,0.21771780312487038,-0.18393924755949975,0.11365504481665929,0.999941814671975,0.00536979670407875,-0.003258923127951038,0.008768827003834611,0.12354892,-0.2330849,0.3045104,0.21842354856366594,4.657100362237543e-05,0.0002000190143007785,0.0006333590135909617,0.0003274949995102361,0.00016358500579372048,0.00010000800830312073,0.0018461369909346104,0.0179984849964967,0.01984462198743131,50.39148645075502,0
210,4.220088323010714,-0.2883837858783167,-2.0712624988951625,1.5907886664019983,-1.2519689065269013,-1.9467733542071741,0.05185801908373833,-0.2760995030403137,-0.07859636098146439,-0.7164290547370911,-0.7168626189231873,-0.372056245803833,-0.2055598646402359,-0.23986905813217163,0.10102270543575287,-0.5162206292152405,-0.4089023768901825,-0.1784769594669342,-0.14477795362472534,2.1774377770782283,1.8942016255127982,-0.8126905833111713,0.08145589561989297,-0.12069118220510093,-0.05878918130139913,-0.31815827,-2.0574982,1.6017632,-1.266062,-1.9645886,0.045174047,-0.31815827,-2.0574982,1.6017632,-1.266062,-1.9645886,0.045174047,-0.2883837819099426,-2.0712625980377197,1.590788722038269,-1.2519688606262207,-1.9467734098434448,0.05185801908373833,-0.74436224,0.3441092,0.27436256,-0.35232866,-0.44538093,-0.16709933,-0.335191,0.0,0.0,0.0,0.0041176448576152325,0.0020588225000000003,8.23529,False,0,0.19559000053263184,-0.012207612683886752,0.2598204753098973,0.2176845533215424,-0.18391720012841706,0.11361693755991635,0.9999396645336543,0.0055759224751409835,-0.0029669096481380456,0.008987899112919438,0.12354892,-0.2330849,0.3045104,0.21844747752517274,5.0982009270228446e-05,0.0001247750042239204,0.0005368700076360255,0.0005108549958094954,0.00018764300330076367,9.29770030779764e-05,0.0018738020007731393,0.017977139010326937,0.019850941011100076,50.37544564969634,0
211,4.24008849200618,-0.29276878038515264,-2.0693069897093714,1.592379395161764,-1.2540860635093232,-1.949456516896383,0.050864290446043015,-0.24935780465602875,-0.019000517204403877,-0.7419719696044922,-0.6699450612068176,-0.3151938021183014,-0.22019833326339722,-0.2343454509973526,0.10490763187408447,-0.5175934433937073,-0.4071207046508789,-0.1750919073820114,-0.14370107650756836,1.658643030210805,1.589545391323105,-0.6459011538647839,0.08888086599973449,-0.10866066525120928,-0.056714216271686664,-0.32245773,-2.0554981,1.6033167,-1.2682496,-1.9673346,0.044214483,-0.32245773,-2.0554981,1.6033167,-1.2682496,-1.9673346,0.044214483,-0.29276877641677856,-2.0693070888519287,1.5923794507980347,-1.2540860176086426,-1.9494565725326538,0.050864290446043015,-0.74222416,0.34522182,0.2734307,-0.35409164,-0.44695202,-0.1662452,-0.33622095,0.0,0.0,0.0,0.0041176448576152325,0.0020588225000000003,8.23529,False,0,0.19578064026568026,-0.01375716187518463,0.2594403490416429,0.21763314778150883,-0.18393062471439275,0.11355169137048265,0.9999430644428156,0.0053711688582695465,-0.0027134907405809614,0.008811731138190896,0.12354892,-0.2330849,0.3045104,0.2184793339480269,4.000200715381652e-05,0.00011767899559345096,0.0005537370016099885,0.0003240590012865141,0.00018068199278786778,9.127400699071586e-05,0.0017702399927657098,0.018072409002343193,0.019842648995108902,50.39649697207738,0
212,4.26013109300402,-0.29699641862978154,-2.0673095188536585,1.594055477772848,-1.2560134691051026,-1.9519336859332483,0.049930181354284286,-0.2857885956764221,0.009381696581840515,-0.7816215753555298,-0.7439263463020325,-0.405853807926178,-0.22762998938560486,-0.3049304485321045,0.15724872052669525,-0.494253933429718,-0.41299107670783997,-0.18741746246814728,-0.14775386452674866,1.8802761969149684,1.1366841557130463,-1.2114203559028747,0.05849731905903082,-0.1137271719154653,-0.05579542648939751,-0.3266599,-2.05352,1.6048689,-1.2703935,-1.9698025,0.04330087,-0.3266599,-2.05352,1.6048689,-1.2703935,-1.9698025,0.04330087,-0.29699641466140747,-2.067309617996216,1.5940555334091187,-1.2560135126113892,-1.951933741569519,0.049930181354284286,-0.7415866,0.34474298,0.27033284,-0.35949963,-0.44671997,-0.16573276,-0.33739418,0.0,0.0,0.0,0.0041176448576152325,0.0020588225000000003,8.23529,False,0,0.19593688407860918,-0.015221434451870533,0.2589854549195004,0.21767081300881913,-0.18395416283022686,0.1135988385929697,0.9999413411642958,0.005109169465815647,-0.0038462578907486784,0.008743056085688667,0.12354892,-0.2330849,0.3045104,0.21844905726694114,9.163300273939967e-05,0.00012368601164780557,0.0005397360073402524,0.000298495011520572,0.00017232299433089793,9.996099106501788e-05,0.0016917699977057055,0.018195797005319037,0.019887567003024742,50.282671573044,0
213,4.2800895090040285,-0.30136186281313115,-2.065336366693014,1.5956180731402796,-1.2581424874118348,-1.9546521345721644,0.04893956705927849,-0.28859078884124756,-0.0076461061835289,-0.7409542202949524,-0.7084800004959106,-0.33797258138656616,-0.19801902770996094,-0.2548524737358093,0.10116942226886749,-0.515091598033905,-0.4103831946849823,-0.1820926070213318,-0.14579889178276062,2.025632677076825,1.333597275466667,-0.9192874210450882,0.05859127401645005,-0.11636709858188157,-0.05803841438821775,-0.33082095,-2.0513246,1.606606,-1.2724221,-1.97223,0.04239629,-0.33082095,-2.0513246,1.606606,-1.2724221,-1.97223,0.04239629,-0.3013618588447571,-2.0653364658355713,1.5956181287765503,-1.2581424713134766,-1.954652190208435,0.04893956705927849,-0.73647743,0.35029888,0.27469605,-0.3569895,-0.43944478,-0.16358197,-0.34049132,0.0,0.0,0.0,0.0041176448576152325,0.0020588225000000003,8.23529,False,0,0.19610983993107264,-0.01677795102931405,0.2586151258122117,0.217678159538901,-0.18388457817926337,0.11358899021837802,0.9999435667300458,0.0054811325489870655,-0.002626167715359954,0.00871513776359856,0.12354892,-0.2330849,0.3045104,0.218476489308576,3.962700429838151e-05,0.00019836499996017665,0.0005080120026832446,0.0003777800011448562,0.00017506300355307758,9.627499093767256e-05,0.0017688150110188872,0.018045909993816167,0.019814725004835054,50.467518461951244,0
214,4.300090192002244,-0.3056986967669886,-2.063317438165182,1.5971482435809534,-1.260273591881134,-1.9572613875018519,0.04792601615190506,-0.2280547022819519,-0.024743348360061646,-0.7367044687271118,-0.6533641219139099,-0.33857402205467224,-0.22593773901462555,-0.24494628608226776,0.10543517023324966,-0.517049252986908,-0.4076491892337799,-0.17760498821735382,-0.14420175552368164,1.8257715614182264,1.65407992280714,-0.39301120219261865,0.09055955935279848,-0.11223670360560298,-0.054804184571306674,-0.33516413,-2.0493941,1.6080263,-1.2746876,-1.9749167,0.041397065,-0.33516413,-2.0493941,1.6080263,-1.2746876,-1.9749167,0.041397065,-0.3056986927986145,-2.0633175373077393,1.5971482992172241,-1.2602735757827759,-1.9572614431381226,0.04792601615190506,-0.7366357,0.34808698,0.27195042,-0.36035267,-0.4413806,-0.16322382,-0.34072986,0.0,0.0,0.0,0.0041176448576152325,0.0020588225000000003,8.23529,False,0,0.19628906780913857,-0.018309724979390776,0.2582366492121708,0.21762965972209053,-0.18394097494421824,0.11357078418747066,0.9999432767675214,0.005171981864740347,-0.002541374209159838,0.008957347526773863,0.12354892,-0.2330849,0.3045104,0.21845881558633606,5.054898792877793e-05,0.00012902299931738526,0.0005609139916487038,0.0003399639972485602,0.00018249299318995327,9.676300396677107e-05,0.0018225430103484541,0.018025219993432984,0.019847763003781438,50.383511724191685,0
215,4.320084432998556,-0.30996925035585576,-2.0613419018187464,1.5987699667560022,-1.262214795952179,-1.9597604910479944,0.04704286903142929,-0.22635230422019958,-0.08935558795928955,-0.8002415895462036,-0.7699111700057983,-0.3872257173061371,-0.24313992261886597,-0.2527864873409271,0.10722336918115616,-0.5144221782684326,-0.4082277715206146,-0.17899195849895477,-0.1447320431470871,1.70916802510653,1.8116070806387774,-0.9282253175791564,0.08841396057014342,-0.10962138014887024,-0.0543669360368847,-0.33932284,-2.0474234,1.6094481,-1.2767907,-1.97752,0.04055768,-0.33932284,-2.0474234,1.6094481,-1.2767907,-1.97752,0.04055768,-0.3099692463874817,-2.0613420009613037,1.598770022392273,-1.2622147798538208,-1.9597605466842651,0.04704286903142929,-0.7338394,0.34796804,0.26695162,-0.36439845,-0.44398558,-0.16212979,-0.3424138,0.0,0.0,0.0,0.0041176448576152325,0.0020588225000000003,8.23529,False,0,0.19641659242178508,-0.01979041040674597,0.2578061276101993,0.2176622266119249,-0.18396346878077882,0.11367167096907103,0.9999423240559308,0.0051493851874957015,-0.0036119173880712644,0.008707240743820904,0.12354892,-0.2330849,0.3045104,0.21837961499627384,5.0202987040393054e-05,0.00012523599434643984,0.0005489229952218011,0.00033537400304339826,0.00018022699805442244,0.00015860199346207082,0.0017690520035102963,0.01807112198730465,0.019840173990814947,50.40278378924259,0
216,4.340088785000262,-0.31408721605409795,-2.0593601665892542,1.600283447896139,-1.2641838949969788,-1.9621899763690394,0.04609250649809837,-0.29157137870788574,-0.1210259422659874,-0.8045293092727661,-0.7434425950050354,-0.3820907175540924,-0.24041448533535004,-0.2626456022262573,0.10936041921377182,-0.5141860246658325,-0.4096093773841858,-0.18094822764396667,-0.1453876793384552,1.937956945821022,1.2312311854123998,-1.1828970723523278,0.05633682308704226,-0.11322089080331577,-0.05634384255292331,-0.34329155,-2.0453064,1.6110471,-1.2786143,-1.9798428,0.039674267,-0.34329155,-2.0453064,1.6110471,-1.2786143,-1.9798428,0.039674267,-0.3140872120857239,-2.0593602657318115,1.6002835035324097,-1.2641838788986206,-1.96219003200531,0.04609250649809837,-0.7301086,0.35134658,0.26909155,-0.3607595,-0.44131935,-0.16045597,-0.34417015,0.0,0.0,0.0,0.0041176448576152325,0.0020588225000000003,8.23529,False,0,0.1965597223275391,-0.02123284336439376,0.2574047593608874,0.21768618384207625,-0.18394175649562688,0.11360257635876468,0.9999396088243443,0.00559565009764333,-0.0027843831725528523,0.009040906570143569,0.12354892,-0.2330849,0.3045104,0.2184552045343748,9.251601295545697e-05,0.00020504900021478534,0.0005325990059645846,0.00030887000320944935,0.00015719801012892276,0.00010060699423775077,0.001784874009899795,0.0180587319919141,0.019843606001813896,50.394066477060186,0
217,4.360131030000048,-0.31816226640810186,-2.057523389855856,1.6017449537860315,-1.2662398380092164,-1.9646227995501917,0.04518205299973488,-0.3130040168762207,-0.011145159602165222,-0.7304023504257202,-0.7534050941467285,-0.4022737145423889,-0.2415710985660553,-0.318309485912323,0.15643365681171417,-0.4952181577682495,-0.4136984050273895,-0.19018197059631348,-0.14819087088108063,2.2822096580852396,1.132351510818371,-0.5464000701207635,0.0692943749688848,-0.11125050111390299,-0.05693189949869542,-0.34731176,-2.0434768,1.6125046,-1.2808092,-1.9821899,0.03879352,-0.34731176,-2.0434768,1.6125046,-1.2808092,-1.9821899,0.03879352,-0.3181622624397278,-2.057523488998413,1.6017450094223022,-1.266239881515503,-1.9646228551864624,0.04518205299973488,-0.7287378,0.35116646,0.2689901,-0.3642312,-0.43917677,-0.15971339,-0.3453051,0.0,0.0,0.0,0.0041176448576152325,0.0020588225000000003,8.23529,False,0,0.19670136921039744,-0.022670554154724937,0.25705783557640355,0.21769875450634005,-0.18393514663311303,0.11355996161312074,0.9999403890872551,0.00511295158623301,-0.0034620493230346286,0.009003039644369035,0.12354892,-0.2330849,0.3045104,0.21849934960688883,4.2498999391682446e-05,0.0002179910079576075,0.0007113800093065947,0.00030504500318784267,0.000172234998899512,0.00010643800487741828,0.0019644739950308576,0.017910358001245186,0.019874831996276043,50.314890721459705,0
218,4.380123807000928,-0.32244712511171514,-2.0555016003050746,1.6033285299884241,-1.2683280569365998,-1.9672115484820765,0.044242434203624725,-0.3024579584598541,-0.038809582591056824,-0.7279067039489746,-0.760140061378479,-0.39717382192611694,-0.21562059223651886,-0.26040327548980713,0.09407246112823486,-0.5186535716056824,-0.4102781116962433,-0.18333232402801514,-0.14574643969535828,2.1595534339418503,1.3096339813641134,-0.7889285868879462,0.06144212407932622,-0.10967948716648628,-0.0541834507140031,-0.35146862,-2.0414581,1.6139454,-1.2831734,-1.984644,0.037907287,-0.35146862,-2.0414581,1.6139454,-1.2831734,-1.984644,0.037907287,-0.32244712114334106,-2.055501699447632,1.6033285856246948,-1.268328070640564,-1.9672116041183472,0.044242434203624725,-0.72553766,0.35108808,0.2654188,-0.37113333,-0.43581033,-0.15837869,-0.3477902,0.0,0.0,0.0,0.0041176448576152325,0.0020588225000000003,8.23529,False,0,0.19682711791805874,-0.0241856607986881,0.2566551719795131,0.21769235605340634,-0.18393466937876557,0.113571692801889,0.9999434589042921,0.005531560005800885,-0.0024155376147477034,0.008756317187638876,0.12354892,-0.2330849,0.3045104,0.21848644784761934,3.8730999222025275e-05,0.00011406501289457083,0.0004921500076306984,0.0004194530047243461,0.00017672000103630126,9.456399129703641e-05,0.001702613997622393,0.018146932998206466,0.01984954699582886,50.378983470511336,0
219,4.400085852001212,-0.3266952673541468,-2.0533281765379847,1.6049230734454554,-1.2704354685596009,-1.9698074499713343,0.04326124116778374,-0.32266300916671753,-0.06381303817033768,-0.7166444063186646,-0.7598012685775757,-0.39522603154182434,-0.22046834230422974,-0.2985137701034546,0.13634303212165833,-0.5050413012504578,-0.41324949264526367,-0.18662218749523163,-0.1468503326177597,1.7291927906528275,1.154024327224609,-0.8402072034572032,0.05614752474224462,-0.10170912394246696,-0.04834233457096195,-0.35572955,-2.0393438,1.6155846,-1.2853991,-1.9871634,0.03695015,-0.35572955,-2.0393438,1.6155846,-1.2853991,-1.9871634,0.03695015,-0.3266952633857727,-2.053328275680542,1.604923129081726,-1.2704354524612427,-1.969807505607605,0.04326124116778374,-0.7258574,0.3496116,0.2665383,-0.37408966,-0.43389693,-0.15777731,-0.3484656,0.0,0.0,0.0,0.0041176448576152325,0.0020588225000000003,8.23529,False,0,0.1969598415114643,-0.02570124102156921,0.256222421135087,0.21766002771716325,-0.18395148317379492,0.11366292035641531,0.9999401281234996,0.005459892431992398,-0.003288038487476894,0.008893992166055074,0.12354892,-0.2330849,0.3045104,0.2183890106958213,3.9085993194021285e-05,0.00011481199180707335,0.0006080019957153127,0.0003010020009241998,0.0001585749996593222,9.73999995039776e-05,0.001678786997217685,0.018138821003958583,0.019817608001176268,50.4601766237704,0
220,4.420089766004821,-0.33107215562929326,-2.0511909923949183,1.6065447966205042,-1.27263958871875,-1.9724577108966272,0.042349208146333694,-0.22158390283584595,-0.11579866707324982,-0.736851692199707,-0.7653536796569824,-0.40220797061920166,-0.2124788612127304,-0.24495255947113037,0.07250411063432693,-0.5276282429695129,-0.41102349758148193,-0.1808464229106903,-0.14567160606384277,1.2924968944344837,1.2236116151914955,-1.1012363453668594,0.06921787684422306,-0.09726941219385735,-0.048563509050555356,-0.35994327,-2.0371108,1.6171659,-1.287762,-1.9897057,0.03610111,-0.35994327,-2.0371108,1.6171659,-1.287762,-1.9897057,0.03610111,-0.3310721516609192,-2.0511910915374756,1.606544852256775,-1.2726396322250366,-1.972457766532898,0.042349208146333694,-0.72177833,0.3520059,0.26552665,-0.37805998,-0.43119806,-0.15620245,-0.35073596,0.0,0.0,0.0,0.0041176448576152325,0.0020588225000000003,8.23529,False,0,0.19708570962718977,-0.02725769215107046,0.2558043848837195,0.21767336456667466,-0.18391544617207736,0.1135373128085976,0.999939447405628,0.006087428610085989,-0.0020749111241556185,0.008926975893523741,0.12354892,-0.2330849,0.3045104,0.21851263705252755,3.747201117221266e-05,0.00011643600009847432,0.0005038990057073534,0.0002985090104630217,0.00015636799798812717,9.843299631029367e-05,0.0015721230010967702,0.018289279003511183,0.019861402004607953,50.34891292004434,0
221,4.440134586009663,-0.3353036085711878,-2.0492173633971156,1.608110253010885,-1.2747949224761506,-1.9750173727618616,0.04143040254712105,-0.2437925636768341,-0.031863875687122345,-0.7622942328453064,-0.7138149738311768,-0.3681182861328125,-0.2116195559501648,-0.24050557613372803,0.0816241204738617,-0.5267407298088074,-0.4077369272708893,-0.17747053503990173,-0.1445971429347992,1.6039420781993723,1.5551141419255317,-0.9007160857834454,0.0654765949200514,-0.09348959716092559,-0.04671294292964928,-0.36404884,-2.0349753,1.6188765,-1.2897316,-1.9921885,0.035247765,-0.36404884,-2.0349753,1.6188765,-1.2897316,-1.9921885,0.035247765,-0.3353036046028137,-2.049217462539673,1.6081103086471558,-1.2747949361801147,-1.9750174283981323,0.04143040254712105,-0.71863085,0.356053,0.26915395,-0.37341657,-0.42927593,-0.1545659,-0.35216862,0.0,0.0,0.0,0.0041176448576152325,0.0020588225000000003,8.23529,False,0,0.19719261102683416,-0.028760801271691783,0.25542152776367566,0.21765615812377562,-0.1839715776251727,0.11359186873633903,0.9999432675320143,0.0054714798275837,-0.0026970145939025545,0.008732852920827002,0.12354892,-0.2330849,0.3045104,0.21844491879062392,4.353400436230004e-05,0.000222490998567082,0.0005825409898534417,0.000328909998643212,0.00017258399748243392,0.00010988800204358995,0.001921717994264327,0.017955587012693286,0.019877305006957613,50.30863085564024,0
222,4.460139939998044,-0.33943444887270147,-2.047271867791647,1.6095846335040491,-1.2769143146327515,-1.9774988333331507,0.040503792464733124,-0.24385841190814972,-0.06712919473648071,-0.7131347060203552,-0.6710938811302185,-0.3602970540523529,-0.20051930844783783,-0.25199398398399353,0.0857810378074646,-0.5239607095718384,-0.4092780351638794,-0.17993924021720886,-0.1452203094959259,2.0999254093946518,1.5775879588263004,-0.5410524588462753,0.07509309424669806,-0.11047491273730452,-0.05383567129448511,-0.36811784,-2.0330188,1.6202793,-1.2918707,-1.994741,0.034353826,-0.36811784,-2.0330188,1.6202793,-1.2918707,-1.994741,0.034353826,-0.3394344449043274,-2.047271966934204,1.6095846891403198,-1.276914358139038,-1.9774988889694214,0.040503792464733124,-0.7170852,0.35632864,0.2673656,-0.3739098,-0.43105197,-0.15374915,-0.35272065,0.0,0.0,0.0,0.0041176448576152325,0.0020588225000000003,8.23529,False,0,0.1972987243763107,-0.030228623911929577,0.2550607583038841,0.21766986300567778,-0.18393325303273192,0.11358992482961781,0.9999434133403099,0.005434939864649883,-0.0027058529502949195,0.008733779521734372,0.12354892,-0.2330849,0.3045104,0.21846114165919703,4.440400516614318e-05,0.00021051900694146752,0.0005857069918420166,0.00027571299870032817,0.0001669630000833422,0.00010451900016050786,0.001802528990083374,0.018035922999843024,0.019838451989926398,50.40715880996066,0
223,4.480149341005017,-0.34342700639833623,-2.045310159722799,1.6110079924212855,-1.2789498430541535,-1.9797800222979944,0.03964120149612427,-0.2519936263561249,-0.03461773693561554,-0.7489122152328491,-0.700316846370697,-0.3928447365760803,-0.19974711537361145,-0.2613323926925659,0.09272356331348419,-0.5199907422065735,-0.40889957547187805,-0.18152564764022827,-0.1454952508211136,1.869154337801319,0.849787069805107,-0.76573183142875,0.05205236584825084,-0.10244767437766665,-0.052079195381419724,-0.3719457,-2.0310664,1.6215533,-1.2940607,-1.9969478,0.03355854,-0.3719457,-2.0310664,1.6215533,-1.2940607,-1.9969478,0.03355854,-0.34342700242996216,-2.0453102588653564,1.6110080480575562,-1.2789498567581177,-1.9797800779342651,0.03964120149612427,-0.71296763,0.3560956,0.26363117,-0.37777025,-0.42919287,-0.1520665,-0.35509017,0.0,0.0,0.0,0.0041176448576152325,0.0020588225000000003,8.23529,False,0,0.19740732975147338,-0.031626073752787275,0.2546840598730641,0.2176559386977044,-0.1839505842430138,0.11359206840697889,0.999944679886065,0.00491514521896013,-0.003063712136077395,0.008776959076539175,0.12354892,-0.2330849,0.3045104,0.21844937069035972,4.765600897371769e-05,0.0002290539996465668,0.0006397149991244078,0.0003060869930777699,0.00018980300228577107,0.0001184110005851835,0.00197245400340762,0.01785492099588737,0.01982737499929499,50.43531985628746,0
224,4.50011126800382,-0.34744102159609014,-2.043312212029928,1.612520996724264,-1.2810572248748322,-1.982267204915182,0.038774751126766205,-0.2611730098724365,-0.11547422409057617,-0.7514631748199463,-0.6528716683387756,-0.35758569836616516,-0.18485257029533386,-0.26570770144462585,0.09120944142341614,-0.5208975672721863,-0.40910664200782776,-0.18281668424606323,-0.14582771062850952,1.6839553291536868,1.4885590835322928,-0.7508777074503844,0.06020628768843938,-0.10125227156810171,-0.050065683117990735,-0.37588555,-2.0290587,1.6230879,-1.2961837,-1.9993854,0.03273516,-0.37588555,-2.0290587,1.6230879,-1.2961837,-1.9993854,0.03273516,-0.34744101762771606,-2.0433123111724854,1.6125210523605347,-1.2810572385787964,-1.9822672605514526,0.038774751126766205,-0.7111129,0.35634103,0.26417094,-0.3781612,-0.42795205,-0.15098974,-0.3559777,0.0,0.0,0.0,0.0041176448576152325,0.0020588225000000003,8.23529,False,0,0.19749559222434204,-0.033071993713985476,0.2542999142149704,0.21765117304778403,-0.18392038647737763,0.11354642886281481,0.9999437374264564,0.005498407591401737,-0.0023996072118660783,0.008750434073043429,0.12354892,-0.2330849,0.3045104,0.21849399981734655,4.924301174469292e-05,0.0001466979883844033,0.0006687069981126115,0.0003322909906273708,0.000192340012290515,0.00012125099601689726,0.0019793179963016883,0.017797645006794482,0.01977696300309617,50.56388080634249,0
225,4.5201051120093325,-0.351419750844137,-2.041326185266012,1.6140034834491175,-1.283082054262497,-1.9845808188067835,0.03791215270757675,-0.2591971158981323,-0.09961391240358353,-0.7493734955787659,-0.7342473268508911,-0.40866562724113464,-0.16658855974674225,-0.2652861773967743,0.08739864826202393,-0.5238475799560547,-0.4099787175655365,-0.18270669877529144,-0.14580968022346497,1.4380419328916207,1.1056260771580617,-0.7844881830529171,0.04746706905089013,-0.08592348354223904,-0.0419223162409366,-0.37977147,-2.027019,1.6245426,-1.2983233,-2.001699,0.03191466,-0.37977147,-2.027019,1.6245426,-1.2983233,-2.001699,0.03191466,-0.35141974687576294,-2.0413262844085693,1.6140035390853882,-1.2830820083618164,-1.9845808744430542,0.03791215270757675,-0.7087933,0.3576839,0.26347494,-0.38103017,-0.42795,-0.14993738,-0.35714558,0.0,0.0,0.0,0.0041176448576152325,0.0020588225000000003,8.23529,False,0,0.19757680758616752,-0.03447144570534361,0.2539015541162508,0.21767209065901794,-0.1839145241906663,0.11357039715546027,0.9999443013787178,0.005257958862540619,-0.0019898885180128596,0.008930217696308126,0.12354892,-0.2330849,0.3045104,0.21848338166312664,4.8246991354972124e-05,0.0003668849967652932,0.001142041990533471,0.0004915489989798516,0.00027412400231696665,0.00020768899412360042,0.0030183409980963916,0.016787259010015987,0.01980560000811238,50.49077026651047,0
226,4.540129522996722,-0.35531312624086553,-2.0393783054747523,1.6154511610614222,-1.2851426166347046,-1.9869688192950647,0.03706849366426468,-0.3357352018356323,-0.06787629425525665,-0.7784777879714966,-0.716314971446991,-0.3958357274532318,-0.17991064488887787,-0.2655048668384552,0.08556846529245377,-0.5242744088172913,-0.4100326895713806,-0.18281611800193787,-0.1457352638244629,1.8577324877307015,1.1791237192718507,-0.7435070165420782,0.055891018725035005,-0.09550470438663901,-0.046446111512476865,-0.38352495,-2.0250797,1.6259053,-1.3004918,-2.0039923,0.031134471,-0.38352495,-2.0250797,1.6259053,-1.3004918,-2.0039923,0.031134471,-0.35531312227249146,-2.0393784046173096,1.6154512166976929,-1.2851426601409912,-1.9869688749313354,0.03706849366426468,-0.70529544,0.3574645,0.261351,-0.3837283,-0.4255843,-0.14835054,-0.3590429,0.0,0.0,0.0,0.0041176448576152325,0.0020588225000000003,8.23529,False,0,0.1976521219426018,-0.03587150116804637,0.25353234951787995,0.2176768409317312,-0.18391248672382224,0.11356652175182032,0.9999406570692254,0.005567001591189609,-0.0026584883262255644,0.008981054629980122,0.12354892,-0.2330849,0.3045104,0.21848927349295671,4.64329932583496e-05,0.00013421000039670616,0.0008457099902443588,0.0003113349957857281,0.00021313299657776952,0.00012371600314509124,0.002229610996437259,0.017624661995796487,0.019854272992233746,50.36699154842702,0
227,4.5600979320006445,-0.35924035707582647,-2.037466665307516,1.616913143788473,-1.287296549682953,-1.9893458525287073,0.036250174045562744,-0.2677723467350006,-0.08266305178403854,-0.7111110687255859,-0.7040514945983887,-0.3927757441997528,-0.18670812249183655,-0.2654906213283539,0.08344674110412598,-0.5247886776924133,-0.409931480884552,-0.1829322725534439,-0.14573706686496735,1.9677013435994144,0.7662528958863719,-0.7650846711894048,0.04121753989630416,-0.09767556786510276,-0.049636293284329,-0.38737103,-2.023194,1.6274194,-1.3027972,-2.0062401,0.03036422,-0.38737103,-2.023194,1.6274194,-1.3027972,-2.0062401,0.03036422,-0.3592403531074524,-2.0374667644500732,1.6169131994247437,-1.2872965335845947,-1.989345908164978,0.036250174045562744,-0.7032668,0.35681558,0.26265275,-0.3875158,-0.4223576,-0.14714888,-0.3605223,0.0,0.0,0.0,0.0041176448576152325,0.0020588225000000003,8.23529,False,0,0.19773069447382358,-0.03728089552747453,0.2531753428839721,0.2176722545868395,-0.18394346796537572,0.1135843489718658,0.9999430868026391,0.005033118040530129,-0.00317779302296778,0.00885194878416686,0.12354892,-0.2330849,0.3045104,0.21846474699907603,7.233000360429287e-05,0.000267613009782508,0.0009270769951399416,0.00034449399390723556,0.00026379899645689875,0.00011542499123606831,0.002433907997328788,0.017346742999507114,0.019780650996835902,50.5544534484714,0
228,4.580109606002225,-0.36320335069765264,-2.0355035267271937,1.6183751265155237,-1.2893622082522889,-1.9917023817645472,0.035427022725343704,-0.27620968222618103,-0.07478164881467819,-0.7475689649581909,-0.7379096150398254,-0.4073304831981659,-0.19543683528900146,-0.26366254687309265,0.0792231410741806,-0.5266426205635071,-0.41013234853744507,-0.18279506266117096,-0.14561878144741058,1.5836238315810933,0.9078789516632173,-0.7614555602082773,0.0474340284312181,-0.09384231421392132,-0.04778053231406704,-0.39127,-2.0212812,1.6287744,-1.3050581,-2.0086415,0.029576628,-0.39127,-2.0212812,1.6287744,-1.3050581,-2.0086415,0.029576628,-0.36320334672927856,-2.035503625869751,1.6183751821517944,-1.2893621921539307,-1.9917024374008179,0.035427022725343704,-0.7016667,0.355557,0.2599817,-0.3923996,-0.42347714,-0.14625989,-0.3612802,0.0,0.0,0.0,0.0041176448576152325,0.0020588225000000003,8.23529,False,0,0.19778849755176695,-0.03868887619879266,0.25279593055641564,0.21765940115580654,-0.18393002727088892,0.11355439005493938,0.9999424776640595,0.005842173972146574,-0.0019283710894466722,0.008787948742232515,0.12354892,-0.2330849,0.3045104,0.2184884165703335,5.131399666424841e-05,0.00014086101145949215,0.0009238899947376922,0.0003407600015634671,0.0002555899991421029,0.00012856799003202468,0.0024410879996139556,0.01737763600249309,0.019818724002107047,50.457335189373644,0
229,4.600085256010061,-0.36714440981020147,-2.0334531269469203,1.61989671388735,-1.2914814811996003,-1.9940903822528284,0.034557126462459564,-0.24316583573818207,-0.10018010437488556,-0.7671144008636475,-0.7236483693122864,-0.39453086256980896,-0.17611801624298096,-0.2632141709327698,0.07494480907917023,-0.527473509311676,-0.4106238782405853,-0.18260732293128967,-0.1454601287841797,1.6978133467622498,1.364721633507647,-0.8552997866008826,0.06131036698754715,-0.09636495671677314,-0.05108318667666062,-0.39506185,-2.0191293,1.6303006,-1.3072125,-2.0108895,0.028777052,-0.39506185,-2.0191293,1.6303006,-1.3072125,-2.0108895,0.028777052,-0.3671444058418274,-2.0334532260894775,1.6198967695236206,-1.2914814949035645,-1.9940904378890991,0.034557126462459564,-0.6979359,0.35809815,0.2600967,-0.39327338,-0.41997674,-0.14450185,-0.36338517,0.0,0.0,0.0,0.0041176448576152325,0.0020588225000000003,8.23529,False,0,0.1978467497583793,-0.04010319856282969,0.2523897038301952,0.2176674848793213,-0.18394341458167626,0.11359148122910107,0.999941963712648,0.005230698370045573,-0.003078458523028017,0.008900258967563381,0.12354892,-0.2330849,0.3045104,0.2184564708414291,6.216700421646237e-05,0.0002574760001152754,0.001121712994063273,0.00037230599264148623,0.0002816330088535324,0.0003516589931678027,0.00292313500540331,0.01685940200695768,0.01978253701236099,50.54963371862549,0
230,4.620111171010649,-0.3710134665118616,-2.0314861736693324,1.6212957541095179,-1.293652431373932,-1.9963882605182093,0.03378162160515785,-0.2959372401237488,-0.0933728963136673,-0.7901472449302673,-0.7530356645584106,-0.4290725886821747,-0.19976331293582916,-0.2640889883041382,0.07121855765581131,-0.5290401577949524,-0.4110858738422394,-0.18300054967403412,-0.14541399478912354,1.2662005166550927,0.6679019559500216,-0.9101626602840697,0.03584187786918398,-0.08494942224115179,-0.04463715834347981,-0.39879185,-2.0171218,1.6316407,-1.3094375,-2.013148,0.028061023,-0.39879185,-2.0171218,1.6316407,-1.3094375,-2.013148,0.028061023,-0.37101346254348755,-2.0314862728118896,1.6212958097457886,-1.2936524152755737,-1.99638831615448,0.03378162160515785,-0.6944597,0.3591141,0.25862277,-0.3946283,-0.41899538,-0.14301495,-0.36472714,0.0,0.0,0.0,0.0041176448576152325,0.0020588225000000003,8.23529,False,0,0.1979221497440348,-0.041491490454533875,0.25203468783896654,0.21766572552789898,-0.18390679197052615,0.11355850633088173,0.9999410687094513,0.005473072236049129,-0.0026713136633154063,0.00898621596811901,0.12354892,-0.2330849,0.3045104,0.2184927718549304,4.38069982919842e-05,0.00026134798827115446,0.0008238269947469234,0.0002901999978348613,0.00019420900207478553,0.00011351100692991167,0.0021486620098585263,0.017712646003928967,0.019861308013787493,50.34915118912669,0
231,4.640138005997869,-0.3749144713031214,-2.0295311413206996,1.6227620283709925,-1.295784817343094,-1.9987462202655237,0.032970547676086426,-0.2429247498512268,-0.08442199230194092,-0.7754784226417542,-0.7326842546463013,-0.43178391456604004,-0.19147543609142303,-0.2644009292125702,0.07228931784629822,-0.5285651087760925,-0.4104970395565033,-0.18302646279335022,-0.14546845853328705,1.7620477728471822,0.8491129782556757,-0.5741548750111143,0.05270265950677182,-0.1008786929134205,-0.05062597881114566,-0.40261507,-2.0152228,1.633047,-1.3117808,-2.015463,0.027290307,-0.40261507,-2.0152228,1.633047,-1.3117808,-2.015463,0.027290307,-0.3749144673347473,-2.029531240463257,1.6227620840072632,-1.295784831047058,-1.9987462759017944,0.032970547676086426,-0.6925152,0.35771102,0.2571211,-0.3998984,-0.41792303,-0.14200604,-0.36573422,0.0,0.0,0.0,0.0041176448576152325,0.0020588225000000003,8.23529,False,0,0.19796582117546224,-0.042891774355167306,0.2516625580219628,0.21769866385238726,-0.18391709978482212,0.11355637598434576,0.999941404543918,0.005249982598952763,-0.002688723420387053,0.00907925657730408,0.12354892,-0.2330849,0.3045104,0.21850650424716958,6.427599873859435e-05,0.0003036919952137396,0.0008139940036926419,0.0003165719972457737,0.00023481898824684322,0.00010693800868466496,0.0024022939905989915,0.01739177700073924,0.01979407099133823,50.52017851393956,0
232,4.660087719006697,-0.3788259665118616,-2.027492185632223,1.6242054144488733,-1.2979402107051392,-2.001096550618307,0.03214843198657036,-0.2618221640586853,-0.1278972625732422,-0.7816506028175354,-0.777543842792511,-0.40543511509895325,-0.18830642104148865,-0.26309508085250854,0.06967529654502869,-0.5301616191864014,-0.41036635637283325,-0.1829037368297577,-0.14527544379234314,2.0868565926470652,1.104079659057581,-0.6839116494867704,0.05395098993230622,-0.11128655075632808,-0.05368857440558195,-0.406416,-2.0131953,1.6344687,-1.3139447,-2.0177867,0.02652941,-0.406416,-2.0131953,1.6344687,-1.3139447,-2.0177867,0.02652941,-0.37882596254348755,-2.0274922847747803,1.624205470085144,-1.2979402542114258,-2.001096487045288,0.03214843198657036,-0.689751,0.35742593,0.25658098,-0.40011165,-0.41725752,-0.14047554,-0.36707,0.0,0.0,0.0,0.0041176448576152325,0.0020588225000000003,8.23529,False,0,0.1980151222197302,-0.04429831602426512,0.25128228817257703,0.21769016269688435,-0.18394036138137304,0.1136434810611503,0.9999418521061421,0.005493074413676967,-0.0033026004388172917,0.008672775585973718,0.12354892,-0.2330849,0.3045104,0.2184214876337742,4.183700366411358e-05,0.00016875698929652572,0.0007302559970412403,0.00029793499561492354,0.00016810200759209692,0.00010841399489436299,0.0019171879976056516,0.017869984003482386,0.019787172001088038,50.53779286625764,0
233,4.6800902579998365,-0.3826497236834925,-2.0255242786803187,1.6256707350360315,-1.3001513344100495,-2.003429714833395,0.03133375570178032,-0.26538318395614624,-0.11240173876285553,-0.7893406748771667,-0.7667743563652039,-0.40792468190193176,-0.18566149473190308,-0.2631947100162506,0.065391905605793,-0.5317319631576538,-0.41084012389183044,-0.1831279844045639,-0.1452033370733261,1.4589586129924739,0.7934454351430658,-0.8109968312044317,0.05005636997618836,-0.08852124282898802,-0.0439214557278945,-0.41007006,-2.011132,1.6360159,-1.3162212,-2.019961,0.025784478,-0.41007006,-2.011132,1.6360159,-1.3162212,-2.019961,0.025784478,-0.3826497197151184,-2.025524377822876,1.6256707906723022,-1.3001513481140137,-2.003429651260376,0.03133375570178032,-0.6855083,0.35980687,0.2586262,-0.4017482,-0.4132888,-0.13873196,-0.36884844,0.0,0.0,0.0,0.0041176448576152325,0.0020588225000000003,8.23529,False,0,0.198062202469717,-0.04568464303013687,0.2509137815001974,0.21766446029681685,-0.18394386113238242,0.11352796660517171,0.9999394559132846,0.005888557140809148,-0.00225857587984148,0.009019200430571922,0.12354892,-0.2330849,0.3045104,0.2185105781361137,3.945500066038221e-05,0.00011688000813592225,0.000500487003591843,0.00041768500523176044,0.0001794820127543062,0.00010296200343873352,0.001752654992742464,0.018095467996317893,0.019848122989060357,50.382597918763786,0
234,4.70009351700719,-0.3864958922015589,-2.02358402828359,1.6270864645587366,-1.3023508054069062,-2.005744759236471,0.030558427795767784,-0.33226293325424194,-0.09391927719116211,-0.7384778261184692,-0.7863960862159729,-0.4329911172389984,-0.19245871901512146,-0.3109971880912781,0.10786990076303482,-0.513958752155304,-0.4154428541660309,-0.19067275524139404,-0.14752280712127686,1.6035249423888616,0.7848436186881551,-0.671720372743943,0.04044319495681785,-0.09115111056117482,-0.0466736194441843,-0.4138636,-2.0092645,1.6373454,-1.318647,-2.0221887,0.02505003,-0.4138636,-2.0092645,1.6373454,-1.318647,-2.0221887,0.02505003,-0.3864958882331848,-2.0235841274261475,1.6270865201950073,-1.3023507595062256,-2.005744695663452,0.030558427795767784,-0.6841925,0.35799396,0.25647342,-0.40740615,-0.41110146,-0.13770995,-0.36997843,0.0,0.0,0.0,0.0041176448576152325,0.0020588225000000003,8.23529,False,0,0.19810171787927294,-0.04707210495565592,0.2505627339925208,0.21769694661780115,-0.18391420727575608,0.11355546573151722,0.9999413180307086,0.005356920826300972,-0.0029068487552271656,0.00895312868629409,0.12354892,-0.2330849,0.3045104,0.2185072106947428,3.8924001273699105e-05,0.00011564599117264152,0.0005581550067290664,0.0004020409978693351,0.00018131399701815099,9.368099563289434e-05,0.0017503230046713725,0.018107128998963162,0.019857452003634535,50.358928215813826,0
235,4.720093994008494,-0.3905428091632288,-2.0214301548399867,1.6286199728595179,-1.3047330242446442,-2.0082176367389124,0.029743731021881104,-0.33715835213661194,-0.07097971439361572,-0.7572615146636963,-0.7909656763076782,-0.4177936315536499,-0.20421884953975677,-0.30356255173683167,0.08780919015407562,-0.5200220942497253,-0.41710546612739563,-0.19160377979278564,-0.14773401618003845,1.8806411642159415,0.4545024537388501,-0.7915127105256976,0.028782356001595556,-0.09133228197086612,-0.047371597590504175,-0.4177906,-2.0070243,1.6388587,-1.3212904,-2.0243957,0.024298437,-0.4177906,-2.0070243,1.6388587,-1.3212904,-2.0243957,0.024298437,-0.39054280519485474,-2.021430253982544,1.6286200284957886,-1.3047330379486084,-2.0082175731658936,0.029743731021881104,-0.68119466,0.3601494,0.25596493,-0.41393286,-0.40445256,-0.13613234,-0.37213752,0.0,0.0,0.0,0.0041176448576152325,0.0020588225000000003,8.23529,False,0,0.1981481062342055,-0.04854642570327365,0.250168164657952,0.21767644403505712,-0.1839116912093378,0.11353915575107712,0.9999411818425746,0.0052041311574663575,-0.003394918506423658,0.008890519452042538,0.12354892,-0.2330849,0.3045104,0.21851319786048057,3.900799492839724e-05,0.00011566700413823128,0.0008227179932873696,0.00033075099054258317,0.00017202198796439916,9.554199641570449e-05,0.0019546190014807507,0.0178963150101481,0.01985093401162885,50.37546341215941,0
236,4.740088984006434,-0.39475948015321904,-2.0192390880980433,1.630209747944967,-1.3072197300246735,-2.0108097235309046,0.02887728065252304,-0.2700956463813782,-0.1229826882481575,-0.7804526686668396,-0.7605815529823303,-0.38935860991477966,-0.19813156127929688,-0.23586338758468628,0.029189329594373703,-0.543969988822937,-0.40949374437332153,-0.18066871166229248,-0.14429160952568054,1.6483832209146263,0.6729211758532347,-0.6437801717751074,0.039166929618572155,-0.08161421945983408,-0.04283323356191018,-0.42189085,-2.0048418,1.6404881,-1.3238907,-2.0268755,0.023497958,-0.42189085,-2.0048418,1.6404881,-1.3238907,-2.0268755,0.023497958,-0.39475947618484497,-2.0192391872406006,1.6302098035812378,-1.3072197437286377,-2.0108096599578857,0.02887728065252304,-0.6782841,0.35993433,0.2569571,-0.4167722,-0.4016448,-0.13448308,-0.37350798,0.0,0.0,0.0,0.0041176448576152325,0.0020588225000000003,8.23529,False,0,0.19818109222880323,-0.05008414455922163,0.24977191928468837,0.21768480261333095,-0.18388886269486737,0.11352990692395906,0.9999396572061143,0.005756733125875391,-0.002041287502919,0.00912790350035201,0.12354892,-0.2330849,0.3045104,0.21853001963892577,5.661000614054501e-05,0.00016490599955432117,0.0007003829960012808,0.0002683180064195767,0.0001804859930416569,9.90289991023019e-05,0.001981556008104235,0.01779149800131563,0.019773054009419866,50.573876929866316,0
237,4.760062888002722,-0.39884788194765264,-2.0170403919615687,1.6317122618304651,-1.3096423906138916,-2.013216797505514,0.028078138828277588,-0.23578667640686035,-0.18782180547714233,-0.747441291809082,-0.6952177286148071,-0.3759227693080902,-0.21877413988113403,-0.23040150105953217,0.032257117331027985,-0.5459409356117249,-0.4074878394603729,-0.17738603055477142,-0.14330877363681793,0.9080455017489446,1.2202306638996334,-0.5560837126887953,0.048822246909016764,-0.07362977994597761,-0.03738598031842492,-0.42584756,-2.0025861,1.6419743,-1.3262709,-2.029348,0.022762343,-0.42584756,-2.0025861,1.6419743,-1.3262709,-2.029348,0.022762343,-0.39884787797927856,-2.017040491104126,1.6317123174667358,-1.3096424341201782,-2.013216733932495,0.028078138828277588,-0.67499197,0.36135617,0.25654972,-0.41571394,-0.40327683,-0.1328949,-0.37456754,0.0,0.0,0.0,0.0041176448576152325,0.0020588225000000003,8.23529,False,0,0.19822583654266626,-0.051559952660359114,0.24937491108606527,0.21767391881733275,-0.183930121980429,0.11355850392805229,0.9999437448420961,0.005180972461311099,-0.0026762287581101087,0.008861365929164242,0.12354892,-0.2330849,0.3045104,0.21849105355327925,3.9762991946190596e-05,0.00011843300308100879,0.000531783007318154,0.0004180739924777299,0.00018009499763138592,9.629200212657452e-05,0.0017588329938007519,0.018065758005832322,0.019824590999633074,50.442402570550314,0
238,4.780208520009182,-0.40270883241762334,-2.0149857006468714,1.633198086415426,-1.3119634252837677,-2.0154760519610804,0.027287375181913376,-0.2532960772514343,-0.13240626454353333,-0.7810505628585815,-0.7018517255783081,-0.3903871774673462,-0.21212367713451385,-0.24572159349918365,0.03814041242003441,-0.5414380431175232,-0.4097379744052887,-0.18028227984905243,-0.1441567987203598,1.3544577090303478,0.7893566886312858,-0.8511176209928173,0.03796118818599139,-0.07910587429180448,-0.041993259722556006,-0.42958558,-2.0004995,1.6433791,-1.3286247,-2.0316515,0.022022877,-0.42958558,-2.0004995,1.6433791,-1.3286247,-2.0316515,0.022022877,-0.40270882844924927,-2.0149857997894287,1.6331981420516968,-1.311963438987732,-2.0154759883880615,0.027287375181913376,-0.67191863,0.36215553,0.25452274,-0.41653252,-0.40439054,-0.13161245,-0.37536174,0.0,0.0,0.0,0.0041176448576152325,0.0020588225000000003,8.23529,False,0,0.1982566157879615,-0.05294946578631438,0.24898557897305304,0.21770632407067284,-0.18393708063285374,0.1135833462561893,0.9999392372832812,0.005622084604390502,-0.003141886032725261,0.008946427741009797,0.12354892,-0.2330849,0.3045104,0.21848174066820236,3.9703998481854796e-05,0.00011761600035242736,0.0007260639977175742,0.00029661599546670914,0.000180848001036793,9.372799831908196e-05,0.0018267559935338795,0.018172175012296066,0.019998931005829945,50.002672628276336,0
239,4.800093655998353,-0.40650922456850225,-2.013109346429342,1.6346090475665491,-1.3142200869372864,-2.0177415052997034,0.026556067168712616,-0.25671491026878357,-0.1531175971031189,-0.7481412291526794,-0.7072803378105164,-0.3697531521320343,-0.22641605138778687,-0.2583111524581909,0.047403112053871155,-0.5378648638725281,-0.41031524538993835,-0.18277759850025177,-0.1446211338043213,1.622368507823047,0.6915123027999174,-0.7063104802718092,0.036412449712190154,-0.08619157440105436,-0.04306546365353171,-0.43321246,-1.9985857,1.6448368,-1.3309301,-2.0338116,0.021368075,-0.43321246,-1.9985857,1.6448368,-1.3309301,-2.0338116,0.021368075,-0.4065092206001282,-2.0131094455718994,1.6346091032028198,-1.3142200708389282,-2.0177414417266846,0.026556067168712616,-0.66758114,0.3630935,0.25569263,-0.4177524,-0.40175053,-0.1296998,-0.37699768,0.0,0.0,0.0,0.0041176448576152325,0.0020588225000000003,8.23529,False,0,0.19826164302664276,-0.05431969070129121,0.24864867768244775,0.21768861075284113,-0.18393573820279577,0.11355915708837805,0.9999437584455811,0.005160378580865452,-0.0021837300027501352,0.00900671241441795,0.12354892,-0.2330849,0.3045104,0.2184955489587059,3.996099985670298e-05,0.0002142899902537465,0.0006854139937786385,0.0002728460094658658,0.00018225100939162076,9.595599840395153e-05,0.0018555149872554466,0.017877790000056848,0.019733304987312295,50.67574846904555,0
240,4.820075412004371,-0.41025001207460576,-2.0111457310118617,1.6359885374652308,-1.3165664237788697,-2.0199559370623987,0.025809787213802338,-0.28138408064842224,-0.09497413784265518,-0.7356955409049988,-0.6862446665763855,-0.40162450075149536,-0.25053831934928894,-0.26245489716529846,0.048560503870248795,-0.5376572608947754,-0.4104445278644562,-0.18390284478664398,-0.14484703540802002,1.5060436729163091,0.5615162565152843,-0.41325622570373993,0.04317705408741935,-0.08252773618439509,-0.0428630697661625,-0.43685436,-1.996686,1.6461643,-1.3333759,-2.036059,0.020670213,-0.43685436,-1.996686,1.6461643,-1.3333759,-2.036059,0.020670213,-0.4102500081062317,-2.011145830154419,1.6359885931015015,-1.3165664672851562,-2.01995587348938,0.025809787213802338,-0.66510856,0.36149767,0.25439355,-0.42023686,-0.40257385,-0.12848936,-0.377572,0.0,0.0,0.0,0.0041176448576152325,0.0020588225000000003,8.23529,False,0,0.19829405047387683,-0.05568018346383507,0.24830807080849865,0.2176482413961612,-0.18392219648704866,0.11353192707527389,0.9999415255399281,0.005386285485235739,-0.002451242344848298,0.009049180904278566,0.12354892,-0.2330849,0.3045104,0.21850500472551007,4.176900256425142e-05,0.00012373900972306728,0.0005542889994103462,0.00028719900001306087,0.00015472600352950394,0.00012380900443531573,0.001676222003879957,0.018128538999008015,0.01980476100288797,50.49290924814381,0
241,4.840077198008657,-0.41398793855776006,-2.0090400181212367,1.6374605337726038,-1.3188205522349854,-2.0221460501300257,0.025073861703276634,-0.3281259536743164,-0.16002698242664337,-0.7237868905067444,-0.7112951278686523,-0.40694689750671387,-0.22998306155204773,-0.3090634047985077,0.08547340333461761,-0.5224629044532776,-0.4162214696407318,-0.19143369793891907,-0.1468890756368637,1.2989677007586056,0.28685054622768996,-0.810282586422305,0.020106257502720982,-0.0811272096857024,-0.04314330964308638,-0.44045347,-1.9946923,1.6475033,-1.3359748,-2.0380778,0.020003306,-0.44045347,-1.9946923,1.6475033,-1.3359748,-2.0380778,0.020003306,-0.413987934589386,-2.009040117263794,1.6374605894088745,-1.318820595741272,-2.022145986557007,0.025073861703276634,-0.66163874,0.35869494,0.2510671,-0.42885554,-0.39829445,-0.12676391,-0.37942246,0.0,0.0,0.0,0.0041176448576152325,0.0020588225000000003,8.23529,False,0,0.19830518368357355,-0.057028718277833144,0.24789685628626787,0.21767112309311112,-0.183872861109855,0.11355739199756353,0.9999409192512899,0.005488548200695635,-0.003094296650014885,0.008858343406349506,0.12354892,-0.2330849,0.3045104,0.21850371030512256,4.1355000576004386e-05,0.00012286400306038558,0.0005735129961976781,0.000305986002786085,0.00016045798838604242,0.0001031360006891191,0.001709536009002477,0.018139405001420528,0.019848941010423005,50.38052153386337,0
242,4.86007569800131,-0.41792422929872686,-2.00692143062734,1.6389477888690394,-1.3213281643441697,-2.0246036688434046,0.02431933954358101,-0.2531270980834961,-0.15351922810077667,-0.7544248104095459,-0.689507246017456,-0.36516737937927246,-0.22123700380325317,-0.25464075803756714,0.025089895352721214,-0.5435212850570679,-0.4120226502418518,-0.1849873661994934,-0.14495527744293213,1.3512904596227866,1.0468991271682473,-0.628674880577169,0.05378783849496735,-0.08210018985925197,-0.04049805841212307,-0.44414145,-1.9923412,1.6490949,-1.3385036,-2.0402486,0.019347204,-0.44414145,-1.9923412,1.6490949,-1.3385036,-2.0402486,0.019347204,-0.4179242253303528,-2.0069215297698975,1.63894784450531,-1.3213281631469727,-2.0246036052703857,0.02431933954358101,-0.6554305,0.36450902,0.2536761,-0.4293849,-0.3911268,-0.12430338,-0.38184506,0.0,0.0,0.0,0.0041176448576152325,0.0020588225000000003,8.23529,False,0,0.1983159160083146,-0.05848750496107357,0.2475331688874774,0.21771980938736482,-0.1838684051053297,0.11355950816550138,0.9999390109768549,0.0052520766184926794,-0.0027956191543102673,0.009306379167460473,0.12354892,-0.2330849,0.3045104,0.2185238411144624,6.123800994828343e-05,0.00019278300169389695,0.0006041489978088066,0.0003473309916444123,0.00017103699792642146,0.00011009300942532718,0.0019691040070028976,0.01785606099292636,0.019825164999929257,50.44094210583208,0
243,4.880247506007436,-0.42172080675234014,-2.0048581562437953,1.640362564717428,-1.3238060039332886,-2.026870075856344,0.023579800501465797,-0.2943757176399231,-0.12630832195281982,-0.753466010093689,-0.6989015936851501,-0.444599986076355,-0.232944056391716,-0.24188829958438873,0.02393025904893875,-0.5480527281761169,-0.4089345633983612,-0.18008629977703094,-0.14360514283180237,1.0958865448456103,0.5946810731144656,-0.5121800175793688,0.033034625613228105,-0.07332603760378793,-0.03802435456073287,-0.4479129,-1.9903234,1.6504608,-1.341084,-2.0426013,0.018640304,-0.4479129,-1.9903234,1.6504608,-1.341084,-2.0426013,0.018640304,-0.42172080278396606,-2.0048582553863525,1.6403626203536987,-1.3238060474395752,-2.026870012283325,0.023579800501465797,-0.6548027,0.3633721,0.2524548,-0.43194804,-0.3932863,-0.123487405,-0.38198203,0.0,0.0,0.0,0.0041176448576152325,0.0020588225000000003,8.23529,False,0,0.19834204906233502,-0.05988116263710313,0.2471796903829185,0.21762754156976927,-0.18392872640937438,0.11356441455940483,0.9999417536412659,0.00542882554324934,-0.0027286097420656167,0.008920602022371901,0.12354892,-0.2330849,0.3045104,0.21846622635742208,4.55739937024191e-05,0.00022489301045425236,0.0005758670013165101,0.0003502360050333664,0.00017503800336271524,0.00010992700117640197,0.0019210449972888455,0.01810369300073944,0.020024737998028286,49.9382314064965,0
244,4.9000892030016985,-0.4254663626300257,-2.0028730831541957,1.6417864004718226,-1.3261263978532334,-2.02916127840151,0.022853665053844452,-0.24527320265769958,-0.10169906914234161,-0.7490177154541016,-0.7652121186256409,-0.3944781720638275,-0.2596501410007477,-0.24782702326774597,0.027565427124500275,-0.5451289415359497,-0.41002869606018066,-0.1810373216867447,-0.14387091994285583,1.7253925613064784,0.6627211237786289,-0.5043657640505018,0.04119437779245535,-0.09418132958238168,-0.04567746474167724,-0.4515208,-1.9883773,1.651791,-1.3436129,-2.0449028,0.017970981,-0.4515208,-1.9883773,1.651791,-1.3436129,-2.0449028,0.017970981,-0.4254663586616516,-2.002873182296753,1.6417864561080933,-1.3261264562606812,-2.029161214828491,0.022853665053844452,-0.65136135,0.36239532,0.25011238,-0.4371618,-0.39354023,-0.1220671,-0.38281587,0.0,0.0,0.0,0.0041176448576152325,0.0020588225000000003,8.23529,False,0,0.198323094373995,-0.06125258595892845,0.2468244167473556,0.21766071125392847,-0.1839436925596589,0.11356513266048825,0.9999430325483116,0.0051090506922501526,-0.003006513180867241,0.008873821347816738,0.12354892,-0.2330849,0.3045104,0.21847651797296186,3.7671998143196106e-05,0.00023469100415240973,0.0006093119882280007,0.00028072099667042494,0.0001584510027896613,0.000100175995612517,0.0018132090044673532,0.01788116899842862,0.019694378002895974,50.77591177812035,0
245,4.920088733997545,-0.4291189352618616,-2.000779768029684,1.6432130972491663,-1.3285641980222245,-2.0313757101642054,0.022143147885799408,-0.24496525526046753,-0.15071959793567657,-0.7438932061195374,-0.7414875626564026,-0.3952045142650604,-0.22397547960281372,-0.25574928522109985,0.029824718832969666,-0.5441548824310303,-0.4110432267189026,-0.18275830149650574,-0.14422136545181274,1.5162801746315557,0.5632577707141113,-0.5562786758703274,0.03436776050360513,-0.08609254454701727,-0.042154382550828935,-0.45503673,-1.986295,1.6532366,-1.3461467,-2.0470183,0.01732848,-0.45503673,-1.986295,1.6532366,-1.3461467,-2.0470183,0.01732848,-0.42911893129348755,-2.000779867172241,1.643213152885437,-1.328564167022705,-2.0313756465911865,0.022143147885799408,-0.64794487,0.36212352,0.25058782,-0.4395636,-0.39106485,-0.120366685,-0.3840985,0.0,0.0,0.0,0.0041176448576152325,0.0020588225000000003,8.23529,False,0,0.1983392814740528,-0.06260456356444596,0.24645033443062866,0.21770338419889923,-0.18393914271166703,0.11357534465154018,0.9999418793625964,0.005076713638276588,-0.0026487073857195207,0.009133549765361472,0.12354892,-0.2330849,0.3045104,0.21848700239006635,3.9808001019991934e-05,0.000133000998175703,0.0005639480077661574,0.0003930360107915476,0.00018829898908734322,9.60059987846762e-05,0.0017966160085052252,0.018041006987914443,0.019837622996419668,50.409265272380765,0
246,4.940090313000837,-0.43280345598329717,-1.9987484417357386,1.6446159521686,-1.330944226389267,-2.033532444630758,0.021432461217045784,-0.2733539044857025,-0.11298080533742905,-0.7210584282875061,-0.7818353772163391,-0.4155727028846741,-0.23150795698165894,-0.3052583336830139,0.07187463343143463,-0.5278095602989197,-0.41758814454078674,-0.1911488175392151,-0.14640620350837708,1.397107582282206,0.11693290092129005,-0.658855845797967,0.024332842518410735,-0.0702497626103074,-0.035613275416513296,-0.45858428,-1.9842365,1.6546652,-1.348667,-2.0490527,0.01668401,-0.45858428,-1.9842365,1.6546652,-1.348667,-2.0490527,0.01668401,-0.4328034520149231,-1.9987484216690063,1.6446160078048706,-1.3309441804885864,-2.0335323810577393,0.021432461217045784,-0.6445208,0.36279827,0.25123057,-0.44307214,-0.38800758,-0.11871125,-0.38539085,0.0,0.0,0.0,0.0041176448576152325,0.0020588225000000003,8.23529,False,0,0.19833749647769155,-0.06394573103668569,0.24608351866745376,0.21768781857345113,-0.18384985969777085,0.11354699980650089,0.9999396561681889,0.005379161052457254,-0.0028055125290760686,0.009158373546147531,0.12354892,-0.2330849,0.3045104,0.21852516536370603,4.9385998863726854e-05,0.00013008200039621443,0.0005787109985249117,0.0003244539984734729,0.00018229200213681906,9.776599472388625e-05,0.0017491809994680807,0.01809953099291306,0.01984871199238114,50.381102833465796,0
247,4.960142103009275,-0.43671971956361944,-1.9966050587096156,1.646095101033346,-1.3335614663413544,-2.035894219075338,0.020705224946141243,-0.26203861832618713,-0.10638342797756195,-0.7438995242118835,-0.7798934578895569,-0.3760809302330017,-0.21684609353542328,-0.2990555167198181,0.05627592280507088,-0.5314531922340393,-0.41882893443107605,-0.19199030101299286,-0.1466570347547531,1.5648640385015113,0.6085777947169768,-0.4584739350990328,0.03965426473153698,-0.07900394466223605,-0.041868296788043706,-0.46226707,-1.9820514,1.6559486,-1.3516273,-2.0510833,0.01605228,-0.46226707,-1.9820514,1.6559486,-1.3516273,-2.0510833,0.01605228,-0.43671971559524536,-1.9966050386428833,1.6460951566696167,-1.3335614204406738,-2.0358941555023193,0.020705224946141243,-0.63868403,0.36384302,0.24633613,-0.45164725,-0.37973207,-0.11632364,-0.38786376,0.0,0.0,0.0,0.0041176448576152325,0.0020588225000000003,8.23529,False,0,0.19833528241853937,-0.06539132950160094,0.2457168173511095,0.2177100423162613,-0.18389506320120508,0.1136402808916754,0.999937962609685,0.005131765377996374,-0.004198595662474802,0.008948185643258912,0.12354892,-0.2330849,0.3045104,0.2184430489426397,4.859500040765852e-05,0.00012746699212584645,0.0005514950025826693,0.00032463399111293256,0.0001685579918557778,9.624898666515946e-05,0.0016830749955261126,0.018216709009720944,0.019899784005247056,50.251801714849066,0
248,4.980080841996823,-0.4407442251788538,-1.9943715534605921,1.6476424376117151,-1.336278424864151,-2.038311783467428,0.020013680681586266,-0.2851791977882385,-0.13302494585514069,-0.7349909543991089,-0.7222721576690674,-0.3877306282520294,-0.2377612590789795,-0.28243279457092285,0.04340158402919769,-0.5386331081390381,-0.4173203408718109,-0.18831387162208557,-0.1456303596496582,1.6831788543511628,0.2667169656090032,-0.5543979154461858,0.03196544192568206,-0.08292866597609237,-0.04367712704788684,-0.4662019,-1.9797232,1.6577224,-1.3542892,-2.0533218,0.015423441,-0.4662019,-1.9797232,1.6577224,-1.3542892,-2.0533218,0.015423441,-0.44074422121047974,-1.9943715333938599,1.6476424932479858,-1.3362784385681152,-2.038311719894409,0.020013680681586266,-0.6364423,0.36620772,0.25199565,-0.45026833,-0.37525374,-0.11475599,-0.38897336,0.0,0.0,0.0,0.0041176448576152325,0.0020588225000000003,8.23529,False,0,0.19832820145999996,-0.06687677592687974,0.2453265396211159,0.2176819430568772,-0.1839607050083579,0.11358009789754427,0.9999418833939197,0.005662117715045969,-0.002492943684408412,0.008825937959179799,0.12354892,-0.2330849,0.3045104,0.21846875998286283,4.349899245426059e-05,0.00014178900164552033,0.0006165239901747555,0.00041600799886509776,0.0002255059953313321,0.00012237699411343783,0.002011618998949416,0.01775694299431052,0.019768561993259937,50.58536884680578,0
249,5.000045887005399,-0.44476539293398076,-1.992045064965719,1.6492489019977015,-1.3390533042005082,-2.040694538746969,0.019243311136960983,-0.22043558955192566,-0.18537528812885284,-0.7833582162857056,-0.7030635476112366,-0.40856534242630005,-0.22745083272457123,-0.22152522206306458,-0.01612330973148346,-0.5610904693603516,-0.40958938002586365,-0.17908832430839539,-0.1430145502090454,1.28059914898168,0.597237843064601,-0.5943282909214607,0.04446020776137285,-0.07156558826429468,-0.033341096139890385,-0.47007513,-1.977403,1.6592349,-1.3572471,-2.0557053,0.014718236,-0.47007513,-1.977403,1.6592349,-1.3572471,-2.0557053,0.014718236,-0.4447653889656067,-1.9920450448989868,1.6492489576339722,-1.3390532732009888,-2.04069447517395,0.019243311136960983,-0.6327432,0.36604854,0.24964789,-0.45484498,-0.3752727,-0.11312686,-0.38991767,0.0,0.0,0.0,0.0041176448576152325,0.0020588225000000003,8.23529,False,0,0.19832590681758455,-0.06836004797504064,0.24490057566334084,0.21771377112367918,-0.18392502061756744,0.11360247257007253,0.9999405201209156,0.005406674271859958,-0.0031840647058917005,0.008919781058091106,0.12354892,-0.2330849,0.3045104,0.21847094989358176,4.512000305112451e-05,0.0001394139981130138,0.0007889270054874942,0.0003964630013797432,0.0001933780004037544,0.00010691500210668892,0.0022223340056370944,0.017573648001416586,0.01979598200705368,50.51530152147447,0
250,5.02013838700077,-0.4485672155963343,-1.989910741845602,1.6507485548602503,-1.3417543035796662,-2.042964283620016,0.018555641174316406,-0.24865195155143738,-0.2832483649253845,-0.8392995595932007,-0.6992791295051575,-0.3806130588054657,-0.253338098526001,-0.22520236670970917,-0.006556428037583828,-0.5577734708786011,-0.4062155783176422,-0.17739960551261902,-0.14235754311084747,1.113152814171438,0.7381680277634766,-0.8892443815768338,0.02338914473792312,-0.07178182761621724,-0.03675949401700005,-0.47375807,-1.9752923,1.6607502,-1.3598878,-2.0581021,0.01408764,-0.47375807,-1.9752923,1.6607502,-1.3598878,-2.0581021,0.01408764,-0.4485672116279602,-1.9899107217788696,1.650748610496521,-1.3417543172836304,-2.042964220046997,0.018555641174316406,-0.6297716,0.36546007,0.25003982,-0.45333874,-0.3784463,-0.11170003,-0.39019245,0.0,0.0,0.0,0.0041176448576152325,0.0020588225000000003,8.23529,False,0,0.19832317655871928,-0.06977032556757194,0.2445268457815637,0.2176951153492428,-0.18393078473417546,0.11354879890749518,0.9999434296888611,0.005288682021455299,-0.002828638362894777,0.00878341459127126,0.12354892,-0.2330849,0.3045104,0.21850851814823646,4.372600233182311e-05,0.0001182850101031363,0.0005776170000899583,0.0005095350061310455,0.00019832700490951538,0.00011416799679864198,0.00203997700009495,0.017884581990074366,0.019924558990169317,50.18931663648843,0
251,5.0401400410046335,-0.45211679140199834,-1.9878174267210902,1.6521356741534632,-1.3442814660123368,-2.045123879109518,0.01789991930127144,-0.2315582036972046,-0.21343743801116943,-0.7851688265800476,-0.6786593794822693,-0.386172354221344,-0.2217210829257965,-0.2430902123451233,0.002386178122833371,-0.5525940656661987,-0.4092842638492584,-0.18099433183670044,-0.14329810440540314,1.0452251863435191,0.6127369186538731,-0.612703234959725,0.034057400978153844,-0.06537437590006495,-0.034747060563226746,-0.4771579,-1.9731225,1.6622425,-1.362513,-2.0602472,0.013491561,-0.4771579,-1.9731225,1.6622425,-1.362513,-2.0602472,0.013491561,-0.45211678743362427,-1.987817406654358,1.6521357297897339,-1.3442814350128174,-2.045123815536499,0.01789991930127144,-0.62602794,0.36737442,0.25267023,-0.45578742,-0.3780866,-0.110208966,-0.3909836,0.0,0.0,0.0,0.0041176448576152325,0.0020588225000000003,8.23529,False,0,0.19831885051142367,-0.07109940949981136,0.2441652169410899,0.21765877620158147,-0.1839404930403996,0.11353727730864907,0.9999429861718974,0.005437180754330704,-0.0029782823165932205,0.008695350217178483,0.12354892,-0.2330849,0.3045104,0.21850074971384212,3.9632999687455595e-05,0.00012442099978215992,0.0007198560051620007,0.00035397399915382266,0.00016498299373779446,0.0001024289958877489,0.0018896680121542886,0.017965260994969867,0.019854929007124156,50.3653274026409,0
252,5.060132586004329,-0.4555905500995081,-1.9858571491637171,1.653498951588766,-1.3467598271420975,-2.04716664949526,0.017245937138795853,-0.3208906352519989,-0.09888564050197601,-0.7666686773300171,-0.7132888436317444,-0.4066257178783417,-0.2120705246925354,-0.25507697463035583,0.009662472642958164,-0.5493693351745605,-0.41080278158187866,-0.18377414345741272,-0.14383399486541748,1.7808107942915488,0.1704984565798,-0.7032313793269497,0.01728962498279493,-0.08292104054812106,-0.045951295311779855,-0.4804893,-1.9711378,1.6636305,-1.3650808,-2.0621798,0.012904588,-0.4804893,-1.9711378,1.6636305,-1.3650808,-2.0621798,0.012904588,-0.45559054613113403,-1.9858571290969849,1.6534990072250366,-1.3467597961425781,-2.047166585922241,0.017245937138795853,-0.6224694,0.3679853,0.2532859,-0.45802453,-0.3753304,-0.10853374,-0.3921093,0.0,0.0,0.0,0.0041176448576152325,0.0020588225000000003,8.23529,False,0,0.19830684956908548,-0.07238326926722471,0.24382039085251972,0.21768953343437958,-0.18391192756635294,0.11349982722431708,0.9999429005254763,0.005547525059681883,-0.002387778749822131,0.008814167488286725,0.12354892,-0.2330849,0.3045104,0.21855315484925172,9.879999561235309e-05,0.00013171200407668948,0.0005620729934889823,0.0004830050020245835,0.00019507200340740383,0.0001173149939859286,0.0020010230073239654,0.017826491995947435,0.0198275150032714,50.434963727678785,0
253,5.080139971003518,-0.45912248293031865,-1.9838458500304164,1.6548660437213343,-1.3493217539838334,-2.04928428331484,0.01662628725171089,-0.2633788287639618,-0.13778340816497803,-0.7590840458869934,-0.7081485390663147,-0.41828539967536926,-0.21124613285064697,-0.25836554169654846,0.012100259773433208,-0.5480745434761047,-0.4112022817134857,-0.18478380143642426,-0.1439676284790039,1.3222980889424159,0.4053397183617813,-0.3411906662991489,0.037067400317246556,-0.07445402907190214,-0.03963095557261061,-0.4839128,-1.9691719,1.6649106,-1.3678689,-2.0642753,0.012341265,-0.4839128,-1.9691719,1.6649106,-1.3678689,-2.0642753,0.012341265,-0.4591224789619446,-1.983845829963684,1.654866099357605,-1.349321722984314,-2.0492842197418213,0.01662628725171089,-0.61975825,0.3668498,0.25111002,-0.46367806,-0.37477487,-0.10712557,-0.39285424,0.0,0.0,0.0,0.0041176448576152325,0.0020588225000000003,8.23529,False,0,0.1982937218882199,-0.07370129584594615,0.2434801685717744,0.21765239545828768,-0.183908974710844,0.1135702627283326,0.9999393850559612,0.0057532704473934855,-0.002364219439025497,0.009082680579937661,0.12354892,-0.2330849,0.3045104,0.21847626417341018,4.3732012272812426e-05,0.0001305879995925352,0.0006087859947001562,0.0003884519974235445,0.00019342999439686537,0.00010872799612116069,0.0019943419902119786,0.017850760006695054,0.019845101996907033,50.390267591260326,0
254,5.1001334940083325,-0.4625924269305628,-1.9817053280272425,1.6563409010516565,-1.3517462772182007,-2.0513199011432093,0.016067028045654297,-0.2587132751941681,-0.22432732582092285,-0.8286464810371399,-0.7424300909042358,-0.4122501015663147,-0.23098495602607727,-0.25772178173065186,0.008631926029920578,-0.5492069125175476,-0.4114548861980438,-0.18437571823596954,-0.14398159086704254,1.383093372392591,0.3063965114148623,-0.958355744429139,0.027683902767861698,-0.08224616733601006,-0.040350970336620974,-0.48722032,-1.9670126,1.6662849,-1.3704433,-2.0662646,0.011847684,-0.48722032,-1.9670126,1.6662849,-1.3704433,-2.0662646,0.011847684,-0.4625924229621887,-1.9817053079605103,1.6563409566879272,-1.3517463207244873,-2.0513198375701904,0.016067028045654297,-0.61569726,0.3673176,0.2485981,-0.46742466,-0.37361738,-0.10548361,-0.39379978,0.0,0.0,0.0,0.0041176448576152325,0.0020588225000000003,8.23529,False,0,0.19825880374249624,-0.07497823960920127,0.2430552667759823,0.2176537290687348,-0.1839517060098416,0.11359245596634031,0.9999445037315459,0.004708546978080253,-0.0030423884249449144,0.008918372397725008,0.12354892,-0.2330849,0.3045104,0.21844782777410252,6.524700438603759e-05,0.00011570499918889254,0.000592241995036602,0.00047766100033186376,0.00019724300364032388,0.00010944699170067906,0.002035230994806625,0.017768885008990765,0.01980411600379739,50.49455374873852,0
255,5.120132891010144,-0.4661067167865198,-1.979741712609762,1.6577561537372034,-1.3543078911355515,-2.0534098784076136,0.015436534769833088,-0.19985924661159515,-0.21237556636333466,-0.818675696849823,-0.7605679631233215,-0.4255710542201996,-0.2090679556131363,-0.25817665457725525,0.004280323628336191,-0.5515975952148438,-0.4124825894832611,-0.18437592685222626,-0.14391222596168518,1.038587292656272,0.6411232770724479,-0.7293371230758042,0.03331341867555857,-0.06592369091548222,-0.034227766821600336,-0.4905643,-1.9649818,1.6677809,-1.3731202,-2.068224,0.011286212,-0.4905643,-1.9649818,1.6677809,-1.3731202,-2.068224,0.011286212,-0.46610671281814575,-1.9797416925430298,1.6577562093734741,-1.3543078899383545,-2.0534098148345947,0.015436534769833088,-0.6114395,0.3689962,0.2506153,-0.47030616,-0.37035298,-0.10375806,-0.39486203,0.0,0.0,0.0,0.0041176448576152325,0.0020588225000000003,8.23529,False,0,0.19822409165023638,-0.07628194901860473,0.24270599855041788,0.21766690492978455,-0.18394472476789894,0.1136529575162806,0.9999417395450371,0.005107583547994783,-0.003608827187407627,0.008800934804171517,0.12354892,-0.2330849,0.3045104,0.21840220127665372,4.27979975938797e-05,0.000212496001040563,0.0005756910104537383,0.00034945100196637213,0.00017655199917498976,9.665699326433241e-05,0.0018740289960987866,0.01797783600341063,0.019851864999509417,50.37310096682162,0
256,5.140134373999899,-0.4695323149310511,-1.9777294598021449,1.6590593496905726,-1.3569129270366211,-2.055476967488424,0.014809863641858101,-0.27352792024612427,-0.162870392203331,-0.7797653079032898,-0.7477636337280273,-0.44765645265579224,-0.21069541573524475,-0.2580084800720215,0.003610779531300068,-0.5522449016571045,-0.41245633363723755,-0.1843061000108719,-0.14362840354442596,1.063703874684435,0.220166062596238,-0.4699322689183166,0.021140040507969783,-0.05685368403264849,-0.029977317774911305,-0.49383986,-1.9629399,1.6691012,-1.3757538,-2.070232,0.010727579,-0.49383986,-1.9629399,1.6691012,-1.3757538,-2.070232,0.010727579,-0.469532310962677,-1.9777294397354126,1.6590594053268433,-1.3569129705429077,-2.0554769039154053,0.014809863641858101,-0.60768896,0.36974078,0.25104558,-0.47102022,-0.36887443,-0.102057114,-0.39575076,0.0,0.0,0.0,0.0041176448576152325,0.0020588225000000003,8.23529,False,0,0.19821564973420625,-0.07757607704876295,0.2423825561783985,0.2176588878491363,-0.1839010610763559,0.11362180841391827,0.9999414514217585,0.005450496856002814,-0.0031808237376796124,0.008790590807533614,0.12354892,-0.2330849,0.3045104,0.21843579541958233,3.871400258503854e-05,0.00012442099978215992,0.000804272000095807,0.0003699129883898422,0.0001826069928938523,0.00011922899284400046,0.0020372239960124716,0.017810681994888,0.019847905990900472,50.38314875425463,0
257,5.160131470009219,-0.47293311754335576,-1.9757195911803187,1.6604955832110804,-1.3594680291465302,-2.057528320943014,0.01424191053956747,-0.28377553820610046,-0.13521139323711395,-0.7890387773513794,-0.8188331127166748,-0.4636843204498291,-0.19461998343467712,-0.2577548027038574,0.0011991695500910282,-0.5521135330200195,-0.4122198522090912,-0.18403877317905426,-0.14356756210327148,1.3306835558930405,0.414778605778573,-0.5555127653458456,0.03118226590049043,-0.06767914678132858,-0.03347680479014705,-0.49711338,-1.9609755,1.6704401,-1.3785692,-2.072195,0.01020983,-0.49711338,-1.9609755,1.6704401,-1.3785692,-2.072195,0.01020983,-0.4729331135749817,-1.9757195711135864,1.660495638847351,-1.3594679832458496,-2.057528257369995,0.01424191053956747,-0.6045067,0.36860088,0.24861059,-0.47753274,-0.36667207,-0.10080203,-0.39618146,0.0,0.0,0.0,0.0041176448576152325,0.0020588225000000003,8.23529,False,0,0.19817806257171738,-0.07884932012520171,0.24201092953567527,0.21770276769953836,-0.18391803974963758,0.11357793083988588,0.9999412873751236,0.005433686058965314,-0.0029044153465020745,0.00891451203644698,0.12354892,-0.2330849,0.3045104,0.2184892245112999,3.99129930883646e-05,0.00011894300405401736,0.0005008180014556274,0.0003615589957917109,0.0001614619977772236,9.973399573937058e-05,0.0016660550027154386,0.018181645005824976,0.019847700008540414,50.383671638008565,0
258,5.180134007008746,-0.476325813923971,-1.9736463032164515,1.6619113127337855,-1.3620586705258866,-2.059627358113424,0.013642795383930206,-0.25256553292274475,-0.22952552139759064,-0.8021544218063354,-0.8115342855453491,-0.4156968891620636,-0.1813095360994339,-0.2571709156036377,-0.002236191416159272,-0.553313672542572,-0.41222503781318665,-0.18405549228191376,-0.1436515897512436,1.5793422771146792,0.4443281744108986,-0.679133919203869,0.027815889669137114,-0.0800386506174507,-0.04116980225639651,-0.5003415,-1.958947,1.6718386,-1.3813558,-2.0741746,0.009686388,-0.5003415,-1.958947,1.6718386,-1.3813558,-2.0741746,0.009686388,-0.4763258099555969,-1.9736462831497192,1.6619113683700562,-1.3620586395263672,-2.0596272945404053,0.013642795383930206,-0.6003911,0.3674825,0.24818155,-0.4824267,-0.36368096,-0.09891017,-0.39726657,0.0,0.0,0.0,0.0041176448576152325,0.0020588225000000003,8.23529,False,0,0.1981421296471787,-0.08013610607355395,0.2416405780369,0.21766708245464192,-0.1839150545825817,0.11362182764344479,0.9999398507432077,0.005463683077086958,-0.0031546872215736403,0.008971025101132924,0.12354892,-0.2330849,0.3045104,0.2184361589150259,3.77609976567328e-05,0.00019672700727824122,0.0005104230076540262,0.0003260289959143847,0.0001589029998285696,9.753199992701411e-05,0.0017010120063787326,0.018156803998863325,0.019857816005242057,50.358005116777214,0
259,5.200130886005354,-0.4796975294696253,-1.971600194970602,1.6632946173297327,-1.3646850299886246,-2.0616071859942835,0.01306390855461359,-0.31292372941970825,-0.20760898292064667,-0.8066192269325256,-0.8070865273475647,-0.4714989960193634,-0.17667323350906372,-0.2565205693244934,-0.006477522198110819,-0.5549741387367249,-0.4128257632255554,-0.18409237265586853,-0.14358702301979065,0.7630086857637675,0.28906949554899275,-0.7034379720979216,0.021560194312214297,-0.05062479027644799,-0.026962418476236927,-0.5035748,-1.9567286,1.6734232,-1.3838991,-2.0760756,0.009170575,-0.5035748,-1.9567286,1.6734232,-1.3838991,-2.0760756,0.009170575,-0.4796975255012512,-1.9716001749038696,1.6632946729660034,-1.36468505859375,-2.0616071224212646,0.01306390855461359,-0.59693164,0.3717892,0.25321266,-0.4803514,-0.36171317,-0.097333334,-0.39830387,0.0,0.0,0.0,0.0041176448576152325,0.0020588225000000003,8.23529,False,0,0.19812084009881842,-0.08140082104964355,0.24127592246537793,0.21764073385968544,-0.18389657724488992,0.11356301628850227,0.9999440940413953,0.005184055796862747,-0.002850908208199461,0.00876147862748222,0.12354892,-0.2330849,0.3045104,0.21848036557506081,4.066800465807319e-05,0.00011840798833873123,0.0005017559888074175,0.0004056129982927814,0.00020532500639092177,9.994699212256819e-05,0.0018460230057826266,0.01800281299802009,0.019848836003802717,50.380788062756736,0
260,5.220140675010043,-0.48301726976503545,-1.9695359669127406,1.6646602789508265,-1.3673328024199982,-2.063690964375631,0.012516513466835022,-0.28831803798675537,-0.15819686651229858,-0.8113402128219604,-0.7894593477249146,-0.45476117730140686,-0.1908901184797287,-0.25597962737083435,-0.009276732802391052,-0.5555915236473083,-0.41321152448654175,-0.18414004147052765,-0.14351271092891693,0.9854986856222127,0.2886333076928744,-0.5815471041789502,0.027458974006228116,-0.06352969503018518,-0.0329791846527798,-0.5067073,-1.9545952,1.6747215,-1.3867806,-2.0779686,0.00869125,-0.5067073,-1.9545952,1.6747215,-1.3867806,-2.0779686,0.00869125,-0.4830172657966614,-1.9695359468460083,1.6646603345870972,-1.3673328161239624,-2.0636909008026123,0.012516513466835022,-0.59225094,0.37351766,0.25152966,-0.4861952,-0.35694152,-0.09563158,-0.39939278,0.0,0.0,0.0,0.0041176448576152325,0.0020588225000000003,8.23529,False,0,0.1980923892890427,-0.08267731349935584,0.2409259907435847,0.2176497463946734,-0.18390604608874223,0.11357931461923254,0.9999405162009273,0.005327073255474111,-0.0031094098055558833,0.008994664389193939,0.12354892,-0.2330849,0.3045104,0.21846787138861287,3.933599509764463e-05,0.00011788299889303744,0.0005148350028321147,0.0003123399947071448,0.00015657000767532736,9.673699969425797e-05,0.0016894500004127622,0.01817642700916622,0.01986587700957898,50.33757127952707,0
261,5.240128022996942,-0.4863494078265589,-1.967513223687643,1.6660154501544397,-1.3700122994235535,-2.065775219594137,0.011961699463427067,-0.34734123945236206,-0.1101795956492424,-0.7767651677131653,-0.7153087854385376,-0.4317352771759033,-0.1671047806739807,-0.29795873165130615,0.034890316426754,-0.5384750366210938,-0.4191283583641052,-0.190233513712883,-0.14493654668331146,1.4127249472162058,0.01830052600897822,-0.37037611972887985,0.02384982997930495,-0.0665464774693881,-0.03381923523519517,-0.50994676,-1.9525642,1.6761359,-1.3896645,-2.0798526,0.008189222,-0.50994676,-1.9525642,1.6761359,-1.3896645,-2.0798526,0.008189222,-0.4863494038581848,-1.9675132036209106,1.6660155057907104,-1.3700122833251953,-2.065775156021118,0.011961699463427067,-0.5899336,0.37372413,0.2530102,-0.49130628,-0.35193276,-0.09431195,-0.4001963,0.0,0.0,0.0,0.0041176448576152325,0.0020588225000000003,8.23529,False,0,0.19805881060355857,-0.0839576912956796,0.24059094825310368,0.2176863200226737,-0.18389070854915868,0.11357855542479672,0.9999403798160161,0.005348636615106919,-0.003103666171682418,0.008998564255814715,0.12354892,-0.2330849,0.3045104,0.21848774357593229,9.81860066531226e-05,0.00011831399751827121,0.0006590599950868636,0.00030631299887318164,0.00015872799849603325,9.567200322635472e-05,0.0018174769938923419,0.0180202789924806,0.01983775598637294,50.40892733467059,0
262,5.2600833239994245,-0.4898927847491663,-1.9652849636473597,1.667544190083639,-1.3728491228869935,-2.067862335835592,0.01138994749635458,-0.2248629778623581,-0.20036906003952026,-0.7803316712379456,-0.7097015976905823,-0.44852158427238464,-0.15872938930988312,-0.24804581701755524,-0.02406461164355278,-0.5581782460212708,-0.41364094614982605,-0.1845821589231491,-0.14350871741771698,1.283737569983932,0.0663530620519272,-0.5826980163910306,0.013092345506968667,-0.07010689533467683,-0.03596818803555953,-0.51333016,-1.9502987,1.6776811,-1.3927389,-2.0817542,0.007689133,-0.51333016,-1.9502987,1.6776811,-1.3927389,-2.0817542,0.007689133,-0.48989278078079224,-1.9652849435806274,1.6675442457199097,-1.3728491067886353,-2.0678622722625732,0.01138994749635458,-0.58593524,0.37465772,0.25342128,-0.49724627,-0.34729582,-0.09252037,-0.40128285,0.0,0.0,0.0,0.0041176448576152325,0.0020588225000000003,8.23529,False,0,0.19802189124232367,-0.08529190626753394,0.24017447354038018,0.2176375183812596,-0.18392508606625999,0.11354963040623312,0.999941556142651,0.005322385417602701,-0.0025825644532087664,0.009051127019481006,0.12354892,-0.2330849,0.3045104,0.2184842635983754,3.6487006582319736e-05,0.00010701999417506158,0.00046999000187497586,0.0002767020050669089,0.0001720420113997534,9.018799755722284e-05,0.0015023960004327819,0.018321037001442164,0.019823433001874946,50.4453491938262,0
263,5.280087631006609,-0.49337703386415654,-1.9630824528136195,1.6689842383014124,-1.3756544601968308,-2.0699432531939905,0.010827000252902508,-0.2632441520690918,-0.1859557330608368,-0.745832085609436,-0.7209084033966064,-0.4334588646888733,-0.15568074584007263,-0.28366777300834656,0.018869774416089058,-0.5449045896530151,-0.41689854860305786,-0.1871316134929657,-0.1440829038619995,1.017565963822236,0.11091895907591426,-0.6606302719154853,0.016869709183523485,-0.060611180738069245,-0.03250004031676186,-0.51669633,-1.9480104,1.6792476,-1.3956463,-2.0836825,0.007182792,-0.51669633,-1.9480104,1.6792476,-1.3956463,-2.0836825,0.007182792,-0.49337702989578247,-1.9630824327468872,1.668984293937683,-1.3756544589996338,-2.0699431896209717,0.010827000252902508,-0.58298224,0.3767992,0.25658312,-0.49979666,-0.34348097,-0.091105215,-0.4020738,0.0,0.0,0.0,0.0041176448576152325,0.0020588225000000003,8.23529,False,0,0.1979853851508037,-0.08661439192489423,0.23978603427965664,0.21768352444431815,-0.183849179947196,0.11353886146688946,0.9999414057802126,0.005503783460926822,-0.0030409970399270687,0.008811973928321658,0.12354892,-0.2330849,0.3045104,0.21853058064837622,3.519700840115547e-05,0.00012413700460456312,0.000453783999546431,0.00030323100509122014,0.00018645101226866245,9.883999882731587e-05,0.00152954799705185,0.018343129006098025,0.019872677003149875,50.32034686829043,0
264,5.3001313760032644,-0.49694902101625615,-1.9608179531493128,1.670495335255758,-1.3786778909019013,-2.0721262137042444,0.010247954167425632,-0.25868451595306396,-0.18408536911010742,-0.7640058398246765,-0.7048907279968262,-0.4085999131202698,-0.16450725495815277,-0.28245028853416443,0.004429865628480911,-0.5461502075195312,-0.41975077986717224,-0.18905389308929443,-0.14454735815525055,1.2799868472465028,0.07573659763684343,-0.4098773731177431,0.02174022541118834,-0.06788778532305384,-0.03372843760860014,-0.5200603,-1.9456993,1.6805665,-1.3989716,-2.0856326,0.006678555,-0.5200603,-1.9456993,1.6805665,-1.3989716,-2.0856326,0.006678555,-0.4969490170478821,-1.9608179330825806,1.6704953908920288,-1.3786778450012207,-2.0721261501312256,0.010247954167425632,-0.57778275,0.3779654,0.25177935,-0.50734144,-0.3376601,-0.089234985,-0.40312397,0.0,0.0,0.0,0.0041176448576152325,0.0020588225000000003,8.23529,False,0,0.19795589820734258,-0.08799028869257673,0.23939591283416514,0.21769686702747504,-0.1839348578766715,0.11356217968840707,0.9999393558143196,0.005437008426781724,-0.0027248833992075273,0.009184517530326126,0.12354892,-0.2330849,0.3045104,0.2184966628468266,3.942800685763359e-05,0.00019813000108115375,0.0005009689921280369,0.00031504199432674795,0.0002158110000891611,9.97159950202331e-05,0.0017501730035291985,0.018151737996959127,0.019901911000488326,50.246431107819916,0
265,5.320078702003229,-0.5006135145770472,-1.9585572681822718,1.6720660368548792,-1.3817234945348282,-2.0742819944964808,0.009692144580185413,-0.267810195684433,-0.13715921342372894,-0.7651649713516235,-0.7227378487586975,-0.40081530809402466,-0.1586112678050995,-0.22726552188396454,-0.050513070076704025,-0.5680197477340698,-0.41007059812545776,-0.18068662285804749,-0.14246290922164917,1.4282919134293786,0.6519172759596987,-0.6175117199232956,0.018925395118088304,-0.06945735425556346,-0.03553474923624344,-0.5235568,-1.9432455,1.6824319,-1.4019231,-2.0876672,0.0061895056,-0.5235568,-1.9432455,1.6824319,-1.4019231,-2.0876672,0.0061895056,-0.5006135106086731,-1.9585572481155396,1.67206609249115,-1.3817235231399536,-2.074281930923462,0.009692144580185413,-0.573583,0.3827921,0.25914615,-0.50498754,-0.33463416,-0.08756597,-0.4040554,0.0,0.0,0.0,0.0041176448576152325,0.0020588225000000003,8.23529,False,0,0.19790843794219462,-0.08937701295610806,0.2389865588120635,0.21769678401878903,-0.1838828603093024,0.11353976010063258,0.9999393858205553,0.005471675915758829,-0.003155924976216839,0.00901552251124307,0.12354892,-0.2330849,0.3045104,0.2185279217361041,3.821399877779186e-05,0.00011604999599512666,0.0005923449934925884,0.0005266899970592931,0.00017730500258039683,9.613300790078938e-05,0.0019497149914968759,0.01785369600111153,0.019803410992608406,50.496351379731934,0
266,5.34014037399902,-0.5040743986712855,-1.9563266239561976,1.6735289732562464,-1.3847359877875824,-2.0763266722308558,0.009165095165371895,-0.19794835150241852,-0.25478535890579224,-0.699120819568634,-0.675810694694519,-0.3848589062690735,-0.1729179173707962,-0.22554771602153778,-0.04791953042149544,-0.5709751844406128,-0.4086282551288605,-0.17872950434684753,-0.1419319361448288,0.9878582493583836,0.46258092722860444,-0.2803039306625477,0.029565791022625316,-0.06021015300800062,-0.030398023164938826,-0.5269833,-1.9411553,1.6837825,-1.4050956,-2.0898983,0.0056992965,-0.5269833,-1.9411553,1.6837825,-1.4050956,-2.0898983,0.0056992965,-0.5040743947029114,-1.9563266038894653,1.673529028892517,-1.3847359418869019,-2.076326608657837,0.009165095165371895,-0.57272315,0.37928328,0.25633478,-0.50899094,-0.33929145,-0.08664498,-0.40372503,0.0,0.0,0.0,0.0041176448576152325,0.0020588225000000003,8.23529,False,0,0.19788754149316326,-0.09070594486119687,0.23859993415265146,0.21768141328759463,-0.18390086385040982,0.11357703284340777,0.9999411063479773,0.0055963947820329785,-0.0025394875426414075,0.008946589933462278,0.12354892,-0.2330849,0.3045104,0.21848467374787361,5.850500019732863e-05,0.000125735008623451,0.0006546389922732487,0.00034753499494399875,0.00022442500630859286,0.00010099899373017251,0.0020302439952502027,0.01782832099706866,0.01985856499231886,50.35610581060576,0
267,5.360127324005589,-0.5073760191546839,-1.9540745220580042,1.6750677267657679,-1.3874980074218293,-2.078179184590475,0.008622074499726295,-0.253372460603714,-0.2736685574054718,-0.7787918448448181,-0.7639193534851074,-0.4124181866645813,-0.1714829057455063,-0.24036236107349396,-0.03796854242682457,-0.563943088054657,-0.41061532497406006,-0.1812702864408493,-0.1424410343170166,0.9911840978087125,0.09155767140952581,-0.8283090858903865,0.01626528141275581,-0.05672312380191055,-0.032539829989596133,-0.53017515,-1.9389392,1.6851451,-1.4081103,-2.091845,0.0051937634,-0.53017515,-1.9389392,1.6851451,-1.4081103,-2.091845,0.0051937634,-0.5073760151863098,-1.954074501991272,1.6750677824020386,-1.3874980211257935,-2.078179121017456,0.008622074499726295,-0.5699777,0.37838125,0.25193352,-0.51530737,-0.34164637,-0.08570778,-0.40335447,0.0,0.0,0.0,0.0041176448576152325,0.0020588225000000003,8.23529,False,0,0.19784298134414063,-0.09194065859295411,0.23813607356650476,0.2176797465618942,-0.1839086940010185,0.11354702537960742,0.9999411825547815,0.005284239800243153,-0.002432056051552931,0.00915122502716063,0.12354892,-0.2330849,0.3045104,0.21850841736047472,3.9286998799070716e-05,0.0001190269977087155,0.0005329200066626072,0.0003192670119460672,0.0001577099901624024,0.00010239800030831248,0.0016586040001129732,0.01818073600588832,0.019839340006001294,50.40490256719757,0
268,5.380127231997903,-0.5105584303485315,-1.9520274601378382,1.6764872709857386,-1.3903397780707856,-2.0800684134112757,0.008130621165037155,-0.2642119824886322,-0.16721084713935852,-0.8186081647872925,-0.799755871295929,-0.42686954140663147,-0.1631336659193039,-0.294772744178772,0.010180577635765076,-0.5462142825126648,-0.42002224922180176,-0.1904161274433136,-0.14432768523693085,1.2311826111354043,-0.003758322004273784,-0.6094377102411012,-0.0035680838536024545,-0.06697152569382522,-0.03900668967784925,-0.53318757,-1.9367447,1.686812,-1.4109958,-2.0934625,0.0047709662,-0.53318757,-1.9367447,1.686812,-1.4109958,-2.0934625,0.0047709662,-0.5105584263801575,-1.952027440071106,1.6764873266220093,-1.390339732170105,-2.080068349838257,0.008130621165037155,-0.56572884,0.3820673,0.25811902,-0.5164041,-0.33485028,-0.08399138,-0.40475532,0.0,0.0,0.0,0.0041176448576152325,0.0020588225000000003,8.23529,False,0,0.1978108114859109,-0.0931648207243641,0.237765269015566,0.21769333051675352,-0.1838847554571798,0.11356365228165939,0.9999385169636693,0.005570020722631225,-0.0029705162639991857,0.009117344589202265,0.12354892,-0.2330849,0.3045104,0.2185051280491405,3.991900302935392e-05,0.00011837999045383185,0.0005064790020696819,0.0003006549959536642,0.0001538420037832111,9.674399916548282e-05,0.0017011520103551447,0.01815481999074109,0.019855972001096234,50.36268181405527,0
269,5.400138987009996,-0.5139015356646937,-1.949801584283346,1.6779301802264612,-1.393387959604599,-2.082072083150045,0.007615470793098211,-0.3726779520511627,-0.09845907241106033,-0.7254889607429504,-0.7371477484703064,-0.44428229331970215,-0.16451658308506012,-0.28984835743904114,-0.0016124076209962368,-0.5468520522117615,-0.42168521881103516,-0.19128192961215973,-0.14454928040504456,1.5368282026440008,-0.34489403087009707,-0.10730559111043791,0.0032760257554656034,-0.062489388515965465,-0.03880981948860382,-0.5362812,-1.9343624,1.688329,-1.4143096,-2.0950568,0.004343666,-0.5362812,-1.9343624,1.688329,-1.4143096,-2.0950568,0.004343666,-0.5139015316963196,-1.9498015642166138,1.677930235862732,-1.3933879137039185,-2.0820720195770264,0.007615470793098211,-0.5594925,0.38597938,0.25996843,-0.52304226,-0.32461712,-0.08179511,-0.4063316,0.0,0.0,0.0,0.0041176448576152325,0.0020588225000000003,8.23529,False,0,0.1977894796926889,-0.09446614001595058,0.2373820604259068,0.21767456781818123,-0.183898201298397,0.11354683909938652,0.9999436477339508,0.0052082168269599865,-0.002991898791715432,0.008755958836101566,0.12354892,-0.2330849,0.3045104,0.2185087109556801,3.843600279651582e-05,0.00011797298793680966,0.0005152099911356345,0.000277978993835859,0.0001851980050560087,0.000121513003250584,0.0016440789913758636,0.018221233010990545,0.01986531200236641,50.33900297568331,0
270,5.420136757005821,-0.5174153486834925,-1.9474050007262171,1.6795652548419397,-1.3965725910714646,-2.084186855946676,0.0071038794703781605,-0.24075168371200562,-0.24752110242843628,-0.8008622527122498,-0.7041175961494446,-0.41704803705215454,-0.16284281015396118,-0.2314116656780243,-0.060284730046987534,-0.5696265697479248,-0.411028653383255,-0.18197280168533325,-0.14242735505104065,1.0579589309224133,0.539424768854434,-0.6170698740583904,0.02876459187453909,-0.06238982911045005,-0.03229622804577015,-0.539604,-1.9318699,1.6898898,-1.4177375,-2.0968633,0.0039030302,-0.539604,-1.9318699,1.6898898,-1.4177375,-2.0968633,0.0039030302,-0.5174153447151184,-1.9474049806594849,1.6795653104782104,-1.3965725898742676,-2.0841867923736572,0.0071038794703781605,-0.554717,0.38837937,0.25811258,-0.529123,-0.31691164,-0.08002123,-0.40731388,0.0,0.0,0.0,0.0041176448576152325,0.0020588225000000003,8.23529,False,0,0.19774361686122902,-0.09582702204792518,0.2369281566421561,0.21768952368858496,-0.1838899746551462,0.1135688049854275,0.9999405098321813,0.0051331338474619095,-0.003267833474464734,0.009050949497072757,0.12354892,-0.2330849,0.3045104,0.2184978098609501,3.800301055889577e-05,0.000200503011001274,0.000507775999722071,0.00038743299955967814,0.0001762669999152422,9.784600115381181e-05,0.0017848159914137796,0.018071227008476853,0.019856042999890633,50.36250173337699,0
271,5.4401315790019,-0.5207951704608362,-1.9451147518553675,1.68109637895693,-1.399636761551239,-2.0861480871783655,0.006600570864975452,-0.21102574467658997,-0.3075953722000122,-0.8221505284309387,-0.6864674687385559,-0.41391849517822266,-0.15957103669643402,-0.2258671373128891,-0.05887392908334732,-0.5717146396636963,-0.4085901975631714,-0.17867133021354675,-0.14175982773303986,0.5173610911821502,0.5017983425367114,-0.755824288561493,0.020651974974286086,-0.048667895708114334,-0.02481959829895113,-0.5429883,-1.9295206,1.6915878,-1.4207282,-2.0990784,0.0034215923,-0.5429883,-1.9295206,1.6915878,-1.4207282,-2.0990784,0.0034215923,-0.5207951664924622,-1.9451147317886353,1.6810964345932007,-1.3996367454528809,-2.0861480236053467,0.006600570864975452,-0.5548288,0.3898542,0.26228315,-0.52728736,-0.3232579,-0.079474464,-0.40694538,0.0,0.0,0.0,0.0041176448576152325,0.0020588225000000003,8.23529,False,0,0.1977033150330419,-0.09712493392002944,0.2364982737477525,0.2177052762889215,-0.18392380028541472,0.11364890620876758,0.9999398958103203,0.005353646540125682,-0.003172978542214845,0.009029491075391471,0.12354892,-0.2330849,0.3045104,0.21842698832642982,4.118800279684365e-05,0.00011997499677818269,0.000572516000829637,0.0003153220022795722,0.0002305289963260293,0.0001230549969477579,0.0017965949955396354,0.01805277800303884,0.019849372998578474,50.379425086707556,0
272,5.460074419010198,-0.5239480177508753,-1.9429589710631312,1.682540241871969,-1.4025380325368424,-2.087963883076803,0.00612103845924139,-0.25393396615982056,-0.24625533819198608,-0.7936165928840637,-0.7107778787612915,-0.44250717759132385,-0.17415553331375122,-0.2383401244878769,-0.050910819321870804,-0.5678989887237549,-0.41225260496139526,-0.18027086555957794,-0.14213670790195465,0.9143988236315124,-0.20849095733360534,-0.7486463114930765,0.0019133402454221584,-0.05133142866850737,-0.030262945466226,-0.5460276,-1.9273006,1.6931188,-1.4237031,-2.1009169,0.0029865839,-0.5460276,-1.9273006,1.6931188,-1.4237031,-2.1009169,0.0029865839,-0.5239480137825012,-1.942958950996399,1.6825402975082397,-1.4025380611419678,-2.087963819503784,0.00612103845924139,-0.55198985,0.3914587,0.26446325,-0.5291253,-0.32382417,-0.07836137,-0.40720075,0.0,0.0,0.0,0.0041176448576152325,0.0020588225000000003,8.23529,False,0,0.19766659023183808,-0.09833658087884045,0.23609007512404395,0.21767227397279024,-0.18393900979042932,0.11358316963119676,0.9999421678815683,0.005442188312893832,-0.0026063863828337873,0.008905364534559486,0.12354892,-0.2330849,0.3045104,0.21846678889008997,3.855901013594121e-05,0.00011773199366871268,0.0005372300074668601,0.00040023399924393743,0.000176084999111481,0.00010047700197901577,0.0017452589963795617,0.018060573012917303,0.019805832009296864,50.490178828670246,0
273,5.48006776200782,-0.5270426909076136,-1.9409166775145472,1.683974568043844,-1.4054164004376908,-2.089788262044088,0.005678129382431507,-0.26958683133125305,-0.18446344137191772,-0.7688698768615723,-0.6909618377685547,-0.4249574840068817,-0.1520387977361679,-0.25119203329086304,-0.04246925935149193,-0.5632888674736023,-0.41304805874824524,-0.18316109478473663,-0.1425638496875763,1.3329379753914992,0.035392269743854954,-0.34961777707742686,0.011904301800846477,-0.06602859298127776,-0.037920421418416145,-0.5489632,-1.9251736,1.6945896,-1.4266658,-2.1025956,0.002596387,-0.5489632,-1.9251736,1.6945896,-1.4266658,-2.1025956,0.002596387,-0.5270426869392395,-1.940916657447815,1.6839746236801147,-1.4054163694381714,-2.0897881984710693,0.005678129382431507,-0.54801226,0.39357492,0.2653747,-0.5312367,-0.3201833,-0.07704356,-0.40776148,0.0,0.0,0.0,0.0041176448576152325,0.0020588225000000003,8.23529,False,0,0.19761648831493525,-0.09953120607421796,0.2357075673322669,0.21767397809225736,-0.18395780659040611,0.11354400951560367,0.9999413089856921,0.005361332108220316,-0.003194290945847984,0.008855538709166444,0.12354892,-0.2330849,0.3045104,0.2184975204150429,3.924100019503385e-05,0.0001183989952551201,0.0004970419977325946,0.0004341320018284023,0.00017510300676804036,9.631199645809829e-05,0.0017480740061728284,0.01809497999784071,0.01984305400401354,50.39546834865923,0
274,5.5000872620003065,-0.5301449934588831,-1.938810487786764,1.6854327360736292,-1.4083095353892823,-2.0915444532977503,0.005258440040051937,-0.2507254481315613,-0.16943605244159698,-0.7940778136253357,-0.6917451024055481,-0.4186561703681946,-0.15429535508155823,-0.25498008728027344,-0.04248310625553131,-0.5622155666351318,-0.4130321145057678,-0.1845621019601822,-0.14277654886245728,1.441639537773748,-0.10345871041754934,-0.2405100255861526,0.0164581377940411,-0.070609172246216,-0.040830098629476994,-0.5519983,-1.9230818,1.6959927,-1.4297686,-2.1043158,0.0022158294,-0.5519983,-1.9230818,1.6959927,-1.4297686,-2.1043158,0.0022158294,-0.530144989490509,-1.9388104677200317,1.6854327917099,-1.4083095788955688,-2.0915443897247314,0.005258440040051937,-0.5463339,0.39321768,0.26399744,-0.53647596,-0.3192858,-0.076065265,-0.4077996,0.0,0.0,0.0,0.0041176448576152325,0.0020588225000000003,8.23529,False,0,0.19757047837372022,-0.10071732641880785,0.23529623747375203,0.21762948311355487,-0.18393741898569468,0.11356091284039876,0.9999415037860118,0.005697300444535573,-0.002185651065709074,0.008930239759588426,0.12354892,-0.2330849,0.3045104,0.21846816737647848,3.939699672628194e-05,0.00012139500176999718,0.000781065013143234,0.000285975998849608,0.0001842439960455522,9.783900168258697e-05,0.0018991100077982992,0.01797301099577453,0.01987212100357283,50.32175477495377,0
275,5.52010531599808,-0.5332124868976038,-1.936439653436178,1.6869085470782679,-1.4112210434726258,-2.0932844320880335,0.004799436777830124,-0.24387726187705994,-0.30066004395484924,-0.8512384295463562,-0.6846576929092407,-0.44234058260917664,-0.1587420403957367,-0.25426384806632996,-0.046498678624629974,-0.5632864832878113,-0.41317108273506165,-0.18434889614582062,-0.1427053064107895,0.3289170169687671,-0.004745127272825611,-0.5565331457000605,0.007299792129271685,-0.0267048088317242,-0.017001123939627057,-0.5548856,-1.9206383,1.6974795,-1.4329219,-2.105816,0.0018125328,-0.5548856,-1.9206383,1.6974795,-1.4329219,-2.105816,0.0018125328,-0.5332124829292297,-1.9364396333694458,1.6869086027145386,-1.4112210273742676,-2.0932843685150146,0.004799436777830124,-0.54182917,0.39503294,0.26427138,-0.54252005,-0.3132885,-0.0746726,-0.40825444,0.0,0.0,0.0,0.0041176448576152325,0.0020588225000000003,8.23529,False,0,0.19754261156785144,-0.10190478462815596,0.23481977599653298,0.21768393670360192,-0.18389581804356897,0.1135169917760726,0.9999406684294975,0.005812711054151391,-0.0023442397148141264,0.00891077865475705,0.12354892,-0.2330849,0.3045104,0.21853936808900362,4.076698678545654e-05,0.0001160120009444654,0.0005501600098796189,0.0004652219940908253,0.000277869010460563,0.00010006099182646722,0.002040744002442807,0.01782889799505938,0.019869641997502185,50.32803309318356,0
276,5.540089253001497,-0.5362837950335901,-1.9342800579466761,1.6884196440326136,-1.414158211355545,-2.09509784380068,0.00436820974573493,-0.21659645438194275,-0.28032582998275757,-0.855968713760376,-0.6738129258155823,-0.4629077613353729,-0.16143542528152466,-0.25434815883636475,-0.05129318684339523,-0.5652563571929932,-0.4138854444026947,-0.18416118621826172,-0.14256645739078522,0.6606081825927393,0.057667611727196644,-0.9320025050867169,0.014395029018973627,-0.04090905852564882,-0.022244837490287255,-0.5578806,-1.9183269,1.6991744,-1.4358836,-2.107588,0.0014178534,-0.5578806,-1.9183269,1.6991744,-1.4358836,-2.107588,0.0014178534,-0.5362837910652161,-1.9342800378799438,1.6884196996688843,-1.4141582250595093,-2.095097780227661,0.00436820974573493,-0.5399193,0.39882958,0.26886612,-0.54313564,-0.31225514,-0.07375891,-0.4086411,0.0,0.0,0.0,0.0041176448576152325,0.0020588225000000003,8.23529,False,0,0.1974837088714726,-0.10309590157116467,0.23438949466747397,0.21772235344798674,-0.1838746703568421,0.11357677998284903,0.999940821847406,0.005581216520148134,-0.0023097086397019916,0.009045271181825673,0.12354892,-0.2330849,0.3045104,0.21850843413139429,5.1058988901786506e-05,0.00022599799558520317,0.0006811250059399754,0.00028331700013950467,0.00021182899945415556,0.00010421100887469947,0.0019422829936956987,0.017890180999529548,0.019832463993225247,50.42237819474167,0
277,5.560087612000643,-0.5392635504352015,-1.932195325891012,1.6898420492755335,-1.4171817016652604,-2.096875015889303,0.0039212931878864765,-0.29916107654571533,-0.2701553702354431,-0.7863065600395203,-0.7422431707382202,-0.43674540519714355,-0.15700289607048035,-0.2538774907588959,-0.04995882511138916,-0.5652684569358826,-0.4143334925174713,-0.1833793967962265,-0.1425493210554123,1.0018904353738454,0.04169263185246452,-0.5735781359456107,0.015045185695849094,-0.05497228484381188,-0.03070905560898312,-0.5607072,-1.9162304,1.700507,-1.4391314,-2.1093004,0.0010222015,-0.5607072,-1.9162304,1.700507,-1.4391314,-2.1093004,0.0010222015,-0.5392635464668274,-1.9321953058242798,1.6898421049118042,-1.4171817302703857,-2.096874952316284,0.0039212931878864765,-0.5360923,0.39912045,0.26662272,-0.5487406,-0.31063724,-0.072477296,-0.40864986,0.0,0.0,0.0,0.0041176448576152325,0.0020588225000000003,8.23529,False,0,0.19745181430239048,-0.10427413557498708,0.2340069603716689,0.21768133253788094,-0.1839452272698266,0.11358059686943292,0.9999420827736946,0.005323512997875547,-0.0024166566082885576,0.009035200989118548,0.12354892,-0.2330849,0.3045104,0.21847154165672963,8.787600381765515e-05,0.00026543199783191085,0.0006638829945586622,0.00028161099180579185,0.00017486599972471595,0.00010106900299433619,0.00198881899996195,0.017860947002191097,0.019849766002153046,50.37842762940041,0
278,5.580128542002058,-0.5422194639789026,-1.9300466976561488,1.6912534872638147,-1.420171932583191,-2.098593060170309,0.0035330771934241056,-0.3093903958797455,-0.2127525806427002,-0.8053907752037048,-0.6906686425209045,-0.4456482529640198,-0.15777625143527985,-0.2541056275367737,-0.050423335283994675,-0.5639285445213318,-0.41372373700141907,-0.18341927230358124,-0.14256219565868378,1.053161885514353,-0.16493840937165535,-0.31868816185489557,0.01451224236914937,-0.051167628877707746,-0.031803440945812514,-0.5635466,-1.9139614,1.702005,-1.442252,-2.1108265,0.0006778417,-0.5635466,-1.9139614,1.702005,-1.442252,-2.1108265,0.0006778417,-0.5422194600105286,-1.9300466775894165,1.6912535429000854,-1.4201719760894775,-2.09859299659729,0.0035330771934241056,-0.533178,0.40213114,0.2687865,-0.55200124,-0.30583566,-0.07138089,-0.4091434,0.0,0.0,0.0,0.0041176448576152325,0.0020588225000000003,8.23529,False,0,0.197422638050309,-0.10543709984176597,0.2336021814252776,0.21765548640845458,-0.18394197034552712,0.11356629022891224,0.9999442712742178,0.005501342680160393,-0.001811465278912974,0.00882628965455691,0.12354892,-0.2330849,0.3045104,0.2184736430257629,3.9407997974194586e-05,0.00021639799524564296,0.000617477999185212,0.00029754200659226626,0.00018043800082523376,9.256199700757861e-05,0.0018213209987152368,0.018074476000037976,0.019895796998753212,50.26187189498696,0
279,5.600089059007587,-0.5452216307269495,-1.9277974567809046,1.692831818257467,-1.423141525392868,-2.100372616444723,0.0031219159718602896,-0.27166199684143066,-0.22713030874729156,-0.8095169067382812,-0.7464496493339539,-0.4134027659893036,-0.17912375926971436,-0.2523498833179474,-0.05723283812403679,-0.5665014386177063,-0.4145553708076477,-0.18386001884937286,-0.1425677090883255,0.6676312595538939,-0.027944369067941177,-0.6693437180567282,0.013315412827289173,-0.04728864660061359,-0.026288818990390688,-0.5664417,-1.9116415,1.7036486,-1.4454645,-2.1124065,0.00030691177,-0.5664417,-1.9116415,1.7036486,-1.4454645,-2.1124065,0.00030691177,-0.5452216267585754,-1.9277974367141724,1.6928318738937378,-1.4231414794921875,-2.100372552871704,0.0031219159718602896,-0.53050256,0.40389964,0.27041787,-0.55807436,-0.30085132,-0.07037511,-0.4093598,0.0,0.0,0.0,0.0041176448576152325,0.0020588225000000003,8.23529,False,0,0.19735718184862516,-0.10660834995656346,0.23312746287682498,0.21767577671411217,-0.18389652282442406,0.11355485895195062,0.9999393815274883,0.005842710249127124,-0.002312716219163524,0.009038771228214056,0.12354892,-0.2330849,0.3045104,0.21850260073073338,3.977501182816923e-05,0.00011741698835976422,0.0008019109955057502,0.00030286000401247293,0.0001810369867598638,9.372101339977235e-05,0.0019069980044150725,0.017909314003190957,0.01981631200760603,50.46347673654782,0
280,5.620096363010816,-0.5482190291034144,-1.9255272350706996,1.6943028608905237,-1.4261696946671982,-2.102077309285299,0.0027263869997113943,-0.28397414088249207,-0.2885180711746216,-0.8055329322814941,-0.7580544948577881,-0.45815321803092957,-0.18504977226257324,-0.25140270590782166,-0.059943344444036484,-0.5675085783004761,-0.4148683249950409,-0.1834741234779358,-0.14242346584796906,0.6303764022032765,0.08142499511994561,-0.7043970816639992,0.002028534949331616,-0.045795086281843526,-0.02767945178363118,-0.56926334,-1.9091356,1.7053216,-1.4485685,-2.1138456,-3.391481e-05,-0.56926334,-1.9091356,1.7053216,-1.4485685,-2.1138456,-3.391481e-05,-0.5482190251350403,-1.9255272150039673,1.6943029165267944,-1.426169753074646,-2.1020772457122803,0.0027263869997113943,-0.52610755,0.40979192,0.27546728,-0.55996877,-0.29420972,-0.069007546,-0.4103433,0.0,0.0,0.0,0.0041176448576152325,0.0020588225000000003,8.23529,False,0,0.19731862860355154,-0.10778015626524781,0.232677200049772,0.21769593685061586,-0.18387699365196084,0.1135919836529691,0.9999400227274199,0.005628485139553476,-0.002493888581482035,0.00905971346768654,0.12354892,-0.2330849,0.3045104,0.21848324144813386,0.0001076789922080934,0.00021730500156991184,0.0006850649951957166,0.0003413719969103113,0.0001733450044412166,9.487899660598487e-05,0.002038457998423837,0.017827672010753304,0.01986613000917714,50.3369302193256,0
281,5.640094055997906,-0.5511677900897425,-1.923351903954977,1.6957266966449183,-1.4292455625585099,-2.103813950215475,0.0023467063438147306,-0.24210265278816223,-0.236665740609169,-0.8119307160377502,-0.7703109979629517,-0.41822752356529236,-0.18024009466171265,-0.2517394721508026,-0.06120201200246811,-0.5667790770530701,-0.41479742527008057,-0.1831275224685669,-0.1423444151878357,1.0469289800701236,0.15077229036116918,-0.321883535113775,0.0121264031406364,-0.05413172621298939,-0.03049573538855778,-0.5721464,-1.9068941,1.7066529,-1.4518446,-2.1154883,-0.0003862742,-0.5721464,-1.9068941,1.7066529,-1.4518446,-2.1154883,-0.0003862742,-0.5511677861213684,-1.9233518838882446,1.695726752281189,-1.4292455911636353,-2.103813886642456,0.0023467063438147306,-0.52446544,0.41144365,0.2731529,-0.56497353,-0.29186273,-0.068324514,-0.41008785,0.0,0.0,0.0,0.0041176448576152325,0.0020588225000000003,8.23529,False,0,0.19728213569801414,-0.10895157795670066,0.23227047742024137,0.21765160367659783,-0.1839381321990275,0.11352568770204201,0.9999441917246379,0.0057432881743625,-0.0023166111521325324,0.008562361988508297,0.12354892,-0.2330849,0.3045104,0.21850832125481828,4.1538994992151856e-05,0.00012174699804745615,0.0008321600034832954,0.00029361998895183206,0.00018057199486065656,0.00010913099686149508,0.0019688720058184117,0.017823752990807407,0.01979262499662582,50.523869379148884,0
282,5.660089662997052,-0.554058853779928,-1.9211589298644007,1.6972416082965296,-1.4322715413621445,-2.105439011250631,0.0019550323486328125,-0.29154208302497864,-0.19849270582199097,-0.7883652448654175,-0.7562786340713501,-0.45014244318008423,-0.1854272186756134,-0.251982718706131,-0.059929270297288895,-0.5652883052825928,-0.4142121970653534,-0.18256720900535583,-0.14226014912128448,1.0795799935849437,-0.35662575628197957,-0.5110857153388262,0.004237825641963828,-0.05679383405981034,-0.033471510428604745,-0.57499033,-1.9046202,1.7082832,-1.4549804,-2.11701,-0.00074831815,-0.57499033,-1.9046202,1.7082832,-1.4549804,-2.11701,-0.00074831815,-0.554058849811554,-1.9211589097976685,1.6972416639328003,-1.4322715997695923,-2.1054389476776123,0.0019550323486328125,-0.52328736,0.41346842,0.2760369,-0.56771874,-0.2892763,-0.06758376,-0.41040543,0.0,0.0,0.0,0.0041176448576152325,0.0020588225000000003,8.23529,False,0,0.19723943839189478,-0.11008058019000018,0.23181205223091605,0.21769179446531034,-0.18394244918867123,0.11357481883468713,0.9999419766010063,0.005334342288544279,-0.0028153962740024036,0.00892209208379305,0.12354892,-0.2330849,0.3045104,0.21848172395801252,9.158799366559833e-05,0.00019757100380957127,0.0006450310029322281,0.0002997959963977337,0.00018367099983152002,9.595700248610228e-05,0.0019298459956189618,0.017915429998538457,0.01984527599415742,50.38982578495792,0
283,5.680120909004472,-0.5570324102984827,-1.918882509271139,1.6987603346454065,-1.4353607904962082,-2.1071036497699183,0.0015594959259033203,-0.25052836537361145,-0.3009795844554901,-0.7843445539474487,-0.7024815678596497,-0.4282558262348175,-0.16733425855636597,-0.25210222601890564,-0.06491576880216599,-0.5681152939796448,-0.41486236453056335,-0.18282528221607208,-0.14220625162124634,0.7813764051139858,-0.267619968791576,-0.6294397397178464,0.003329043196787193,-0.04026384842502346,-0.0244370131911453,-0.5778125,-1.9022373,1.7099022,-1.4581863,-2.1184802,-0.0010912039,-0.5778125,-1.9022373,1.7099022,-1.4581863,-2.1184802,-0.0010912039,-0.5570324063301086,-1.9188824892044067,1.6987603902816772,-1.4353607892990112,-2.1071035861968994,0.0015594959259033203,-0.519502,0.41613054,0.27854538,-0.5706384,-0.28441507,-0.0662675,-0.41099727,0.0,0.0,0.0,0.0041176448576152325,0.0020588225000000003,8.23529,False,0,0.19719197117520315,-0.11124142080210173,0.23134370758409878,0.21768592868791672,-0.18393875034353535,0.11356159502757214,0.9999422616947524,0.005581404481858154,-0.0021215395995530647,0.008935891594325385,0.12354892,-0.2330849,0.3045104,0.2184915852291106,3.91509965993464e-05,0.00011663700570352376,0.0006127079977886751,0.0004044430097565055,0.00017979700351133943,9.403799776919186e-05,0.0018127880030078813,0.01807391000329517,0.01988669800630305,50.284868794359525,0
284,5.700043889999506,-0.5599916617022913,-1.9164911709227503,1.7002738157855433,-1.4384734791568299,-2.1087167898761194,0.001188039779663086,-0.23314541578292847,-0.3433205485343933,-0.8236424922943115,-0.7115961313247681,-0.43736112117767334,-0.19348400831222534,-0.2523246109485626,-0.06877242028713226,-0.5686541795730591,-0.41478049755096436,-0.18298615515232086,-0.14223696291446686,0.7083623448358477,-0.002969036652923751,-0.69719959981463,0.005724676093905398,-0.045769756595602555,-0.030374154805855206,-0.58075726,-1.8998398,1.7113099,-1.4615157,-2.120097,-0.0014387304,-0.58075726,-1.8998398,1.7113099,-1.4615157,-2.120097,-0.0014387304,-0.5599916577339172,-1.916491150856018,1.700273871421814,-1.4384734630584717,-2.1087167263031006,0.001188039779663086,-0.5191405,0.41628566,0.27590153,-0.5760537,-0.28450367,-0.06566925,-0.41070473,0.0,0.0,0.0,0.0041176448576152325,0.0020588225000000003,8.23529,False,0,0.19715737060664312,-0.11239764714489138,0.2308459143746594,0.21766337894708898,-0.18395202711595976,0.11359190306403137,0.9999423120357891,0.0052825216046658175,-0.0027292385332217664,0.008942421657091016,0.12354892,-0.2330849,0.3045104,0.21845239599679908,4.6738990931771696e-05,0.00011756499588955194,0.0007126150012481958,0.0002556340041337535,0.0002031190088018775,9.287100692745298e-05,0.0019197440124116838,0.017840784988948144,0.019760529001359828,50.60593266157929,0
285,5.720130907997373,-0.5628789106952112,-1.9143082104124964,1.7017868200885218,-1.4416062396815796,-2.110325638447897,0.0008129716152325273,-0.28884613513946533,-0.24192050099372864,-0.7823737263679504,-0.6929182410240173,-0.4437010586261749,-0.18695831298828125,-0.2522910237312317,-0.07106202840805054,-0.5684255361557007,-0.41452687978744507,-0.18276064097881317,-0.1422249972820282,1.045378849627869,-0.3195011599782827,-0.7638011640244757,-0.00328576728773396,-0.050136190465215974,-0.03602854546996219,-0.5835031,-1.8973949,1.713078,-1.4646813,-2.1215014,-0.0017802553,-0.5835031,-1.8973949,1.713078,-1.4646813,-2.1215014,-0.0017802553,-0.5628789067268372,-1.9143081903457642,1.7017868757247925,-1.4416062831878662,-2.110325574874878,0.0008129716152325273,-0.5156055,0.42283288,0.28227934,-0.576875,-0.27939624,-0.064830676,-0.41125515,0.0,0.0,0.0,0.0041176448576152325,0.0020588225000000003,8.23529,False,0,0.19711396208666643,-0.11353155200302881,0.23039582669506214,0.21769455813382246,-0.18393820427649193,0.1136252413361772,0.9999416904741053,0.00531982700239437,-0.0035679444027602327,0.008696406644931907,0.12354892,-0.2330849,0.3045104,0.2184398062195416,3.9309001294896007e-05,0.00010796901187859476,0.00046440199366770685,0.0002477060043020174,0.00018292199820280075,0.0001431800046702847,0.001560264005092904,0.018376529988017865,0.01993679399311077,50.158515975314465,0
286,5.740133733008406,-0.5657699743853968,-1.9120985470213832,1.7032917181598108,-1.444794477229454,-2.111918274556295,0.0004140038799960166,-0.2744714617729187,-0.16573874652385712,-0.7216428518295288,-0.7152186036109924,-0.4534979462623596,-0.17864671349525452,-0.29214155673980713,-0.02573266252875328,-0.5508782267570496,-0.42212361097335815,-0.18766950070858002,-0.14325475692749023,0.6964297660753254,-0.2707513864509707,-0.27834501558567126,0.002350445950096213,-0.03726688725176198,-0.025512615495723034,-0.58622503,-1.8950886,1.714558,-1.4681447,-2.1227033,-0.002128858,-0.58622503,-1.8950886,1.714558,-1.4681447,-2.1227033,-0.002128858,-0.5657699704170227,-1.9120985269546509,1.7032917737960815,-1.4447945356369019,-2.1119182109832764,0.0004140038799960166,-0.511377,0.42524844,0.28165564,-0.58375216,-0.26962593,-0.06357154,-0.4116377,0.0,0.0,0.0,0.0041176448576152325,0.0020588225000000003,8.23529,False,0,0.19707729382838632,-0.11467028654928142,0.22994472723968404,0.2176847805269155,-0.18389779625264122,0.11357816528343212,0.999941754384183,0.005109021763080665,-0.00355147110959783,0.008820555521994344,0.12354892,-0.2330849,0.3045104,0.21848582546818368,4.094099858775735e-05,0.00012446001346688718,0.0006416630058083683,0.00031749100890010595,0.00022266400628723204,0.00010320400178898126,0.001848261003033258,0.018004561003181152,0.01985282200621441,50.37067272788604,0
287,5.760132087001693,-0.5688346068011683,-1.9096046886839808,1.7049644629107874,-1.448153169160225,-2.113603417073385,6.537437730003148e-05,-0.26007479429244995,-0.2260422706604004,-0.7831615805625916,-0.7355981469154358,-0.411076158285141,-0.1811041533946991,-0.2457052767276764,-0.08892766386270523,-0.5722354054450989,-0.41617757081985474,-0.18352699279785156,-0.1423279494047165,1.1346616570563095,-0.29657882524414536,-0.39419452883690387,0.0069460676456928215,-0.059803706149392594,-0.03660462557935481,-0.5891584,-1.8924539,1.7162088,-1.4717491,-2.1240532,-0.0024366155,-0.5891584,-1.8924539,1.7162088,-1.4717491,-2.1240532,-0.0024366155,-0.5688346028327942,-1.9096046686172485,1.704964518547058,-1.4481531381607056,-2.113603353500366,6.537437730003148e-05,-0.5080951,0.42876753,0.28110805,-0.5898983,-0.26124725,-0.06254975,-0.41184735,0.0,0.0,0.0,0.0041176448576152325,0.0020588225000000003,8.23529,False,0,0.19702789582226216,-0.11587375132934927,0.2294041965885563,0.21766255327224082,-0.18393284215379396,0.11355576457263253,0.9999428048407231,0.005128806233411778,-0.002743016941336954,0.008976181904612445,0.12354892,-0.2330849,0.3045104,0.21848793974556585,4.060901119373739e-05,0.00012200900528114289,0.0005141089932294562,0.00032284999906551093,0.00015648899716325104,0.00010005600051954389,0.0016492959985043854,0.01819520999561064,0.019844505994115025,50.39178099452586,0
288,5.780130680010188,-0.5718591848956507,-1.9070755443968714,1.7066181341754358,-1.4515527796796341,-2.1152237097369593,-0.0003526846515100601,-0.27244195342063904,-0.2989969253540039,-0.7415599226951599,-0.7665976881980896,-0.46038517355918884,-0.19171522557735443,-0.27716460824012756,-0.04434217885136604,-0.5593131184577942,-0.4202788174152374,-0.1841801553964615,-0.14264103770256042,0.621804329279021,0.05580321275393382,-0.5000001804152278,0.007771289732155838,-0.03442567721625171,-0.022084071532814966,-0.5920914,-1.8897983,1.718067,-1.4752799,-2.1254616,-0.0028137532,-0.5920914,-1.8897983,1.718067,-1.4752799,-2.1254616,-0.0028137532,-0.5718591809272766,-1.9070755243301392,1.7066181898117065,-1.4515527486801147,-2.1152236461639404,-0.00035268464125692844,-0.505805,0.4319316,0.28622186,-0.5931801,-0.2559464,-0.061526716,-0.41222638,0.0,0.0,0.0,0.0041176448576152325,0.0020588225000000003,8.23529,False,0,0.19699454144085418,-0.11706490227785044,0.22885624663174217,0.21768132634472012,-0.18394957928190497,0.11356138840068884,0.999943637707625,0.005457303777243344,-0.002857635260991868,0.008648363366287607,0.12354892,-0.2330849,0.3045104,0.2184873473722772,3.987600211985409e-05,0.00017204799223691225,0.0005046349979238585,0.0003267580032115802,0.0001580399984959513,0.00010262700379826128,0.0016939899942371994,0.018154557008529082,0.01984854700276628,50.38152162274803,0
289,5.800133085009293,-0.5749385992633265,-1.904431482354635,1.7083428541766565,-1.4551274117878457,-2.1168368498431605,-0.0007208029376428726,-0.33502376079559326,-0.2801603376865387,-0.7443779110908508,-0.7853661775588989,-0.4651319086551666,-0.19325187802314758,-0.2744416892528534,-0.05741546303033829,-0.5593509078025818,-0.42381715774536133,-0.18516287207603455,-0.1430482566356659,0.43499803892561684,-0.4246214354317491,-0.3598820136220312,-0.006853086853741381,-0.030917740658267294,-0.025453773220390975,-0.59511983,-1.8870053,1.7197387,-1.4790287,-2.1269202,-0.0031521858,-0.59511983,-1.8870053,1.7197387,-1.4790287,-2.1269202,-0.0031521858,-0.5749385952949524,-1.9044314622879028,1.7083429098129272,-1.4551273584365845,-2.1168367862701416,-0.0007208029273897409,-0.50453174,0.43565348,0.2848966,-0.597535,-0.25208786,-0.06078457,-0.4124881,0.0,0.0,0.0,0.0041176448576152325,0.0020588225000000003,8.23529,False,0,0.1969746936297499,-0.11828205122654606,0.22827519005810742,0.21767429022869844,-0.1839508136445814,0.11356938729834577,0.9999421980154823,0.0054825734163811085,-0.002485682298049429,0.00890998435502896,0.12354892,-0.2330849,0.3045104,0.21847704767007625,3.8821002817712724e-05,0.00011543300934135914,0.0005084379954496399,0.000239921995671466,0.00016610500460956246,9.903800673782825e-05,0.001609214989002794,0.018246607010951266,0.01985582199995406,50.36306227978442,0
290,5.820076090996736,-0.5780924002276819,-1.9017931423582972,1.7100890318499964,-1.4588033270886918,-2.118513886128561,-0.0011232534991663101,-0.2980800271034241,-0.25123628973960876,-0.7768401503562927,-0.7593715786933899,-0.46426281332969666,-0.19096721708774567,-0.2672361135482788,-0.0647808089852333,-0.5633144378662109,-0.42133182287216187,-0.18406502902507782,-0.142713263630867,1.0364745259807921,-0.2609500920308754,-0.42654291234135416,-0.0031332684176084355,-0.04519742663106501,-0.029560074247617613,-0.59808785,-1.8840638,1.7217776,-1.48285,-2.1280062,-0.0035007668,-0.59808785,-1.8840638,1.7217776,-1.48285,-2.1280062,-0.0035007668,-0.5780923962593079,-1.901793122291565,1.710089087486267,-1.4588032960891724,-2.118513822555542,-0.0011232534889131784,-0.49988654,0.44323218,0.2922119,-0.601167,-0.23730743,-0.059437834,-0.413868,0.0,0.0,0.0,0.0041176448576152325,0.0020588225000000003,8.23529,False,0,0.19694361055253892,-0.11953204003947784,0.227705169411962,0.2176716486452966,-0.1839535475062308,0.1135692587698223,0.9999419759593348,0.0055507668376156135,-0.0022503096133895334,0.00895526552359243,0.12354892,-0.2330849,0.3045104,0.2184754071381778,5.995600076857954e-05,0.00017550600750837475,0.000657126001897268,0.0003881590091623366,0.0001966660056496039,0.00011145899770781398,0.0021155889990041032,0.017675546987447888,0.01979113598645199,50.52767060387789,0
291,5.840087142001721,-0.5812600294696253,-1.8990961513915003,1.7118781248675745,-1.4625261810472985,-2.1201465765582483,-0.0014875570880334976,-0.24292227625846863,-0.295566588640213,-0.7971916794776917,-0.6743399500846863,-0.41305604577064514,-0.19640423357486725,-0.21750570833683014,-0.12861810624599457,-0.5869603753089905,-0.41132622957229614,-0.17874076962471008,-0.141402930021286,0.8681571086797629,0.11610495132138593,-0.41971839471684935,0.01574441152243757,-0.04596381304945081,-0.02838479870589174,-0.6011464,-1.8811451,1.72376,-1.4865854,-2.1295495,-0.0038239511,-0.6011464,-1.8811451,1.72376,-1.4865854,-2.1295495,-0.0038239511,-0.5812600255012512,-1.899096131324768,1.7118781805038452,-1.4625262022018433,-2.1201465129852295,-0.001487557077780366,-0.49716002,0.44877526,0.29704705,-0.60148084,-0.2350748,-0.05840985,-0.41428053,0.0,0.0,0.0,0.0041176448576152325,0.0020588225000000003,8.23529,False,0,0.1969134176550552,-0.12078015582718422,0.22710588756358985,0.21762021656335948,-0.18398803781482667,0.1135102535600521,0.9999451368962172,0.005299820796206047,-0.0024927162669044524,0.008686501877458837,0.12354892,-0.2330849,0.3045104,0.21849707759909107,4.014300066046417e-05,0.00012314999185036868,0.0005164890026208013,0.0004163690027780831,0.00018195599841419607,0.00012551899999380112,0.001797686010831967,0.018057847992167808,0.019855534002999775,50.36379277681073,0
292,5.8600810909993015,-0.5843113104449671,-1.8963877163329066,1.7136076132403772,-1.4660813745907326,-2.121617142354147,-0.0018747488604944351,-0.19683673977851868,-0.41072800755500793,-0.8099340796470642,-0.6922519207000732,-0.44358891248703003,-0.16547319293022156,-0.22113874554634094,-0.11812333762645721,-0.5834524035453796,-0.40842753648757935,-0.17654292285442352,-0.14114229381084442,0.418263155500205,0.37020795103892923,-0.609244585374014,0.02054957295123988,-0.029040640674053184,-0.016006535534748224,-0.6042314,-1.8784127,1.7253526,-1.4903959,-2.131174,-0.00420535,-0.6042314,-1.8784127,1.7253526,-1.4903959,-2.131174,-0.00420535,-0.584311306476593,-1.8963876962661743,1.713607668876648,-1.4660813808441162,-2.121617078781128,-0.0018747488502413034,-0.498003,0.4493743,0.29362306,-0.6078643,-0.23892447,-0.058265027,-0.41319337,0.0,0.0,0.0,0.0041176448576152325,0.0020588225000000003,8.23529,False,0,0.19688945049121542,-0.12196534808304899,0.22648370082543084,0.2177158720989737,-0.18393046626690138,0.11361592443181372,0.9999398690904231,0.005626559996238382,-0.0033312407163183008,0.008802468530896446,0.12354892,-0.2330849,0.3045104,0.21845887550990584,4.434199945535511e-05,0.0001326810015598312,0.0007038720068521798,0.0003884269972331822,0.00019707200408447534,0.00011788799019996077,0.0020269809901947156,0.017799706998630427,0.019826687988825142,50.43706748013723,0
293,5.880076750006992,-0.5871570746051233,-1.8939486942686976,1.7152650992022913,-1.4694416534951706,-2.1229575316058558,-0.002209965382711232,-0.26015061140060425,-0.3607628047466278,-0.8240615129470825,-0.6816112995147705,-0.4809221029281616,-0.17279623448848724,-0.23602795600891113,-0.10572083294391632,-0.5758376121520996,-0.4119932949542999,-0.17871244251728058,-0.14151322841644287,0.4572641908252541,0.21120969669346304,-0.6216442325372258,0.005695269539345631,-0.029514420109390056,-0.01845631559211077,-0.6070718,-1.8757782,1.7272683,-1.493716,-2.1326377,-0.00452846,-0.6070718,-1.8757782,1.7272683,-1.493716,-2.1326377,-0.00452846,-0.5871570706367493,-1.8939486742019653,1.715265154838562,-1.4694416522979736,-2.122957468032837,-0.0022099653724581003,-0.49786818,0.45426232,0.3000795,-0.6068597,-0.24200882,-0.057962373,-0.41317692,0.0,0.0,0.0,0.0041176448576152325,0.0020588225000000003,8.23529,False,0,0.19685962804726206,-0.12306201935769329,0.22590879311781775,0.21767728078880824,-0.1839291943466816,0.11356800416464964,0.9999399125405691,0.005668595310058872,-0.0020483511393388975,0.009156389205787631,0.12354892,-0.2330849,0.3045104,0.21848440789901868,4.340900341048837e-05,0.00022170000011101365,0.0005657540023094043,0.00036510798963718116,0.00017010699957609177,0.00011066399747505784,0.0018974730046465993,0.01793724599701818,0.01983471900166478,50.4166456765063,0
294,5.900090476003243,-0.5898683706866663,-1.8915592632689417,1.7168706099139612,-1.4727229860476037,-2.1242950598346155,-0.0025180021869104507,-0.26259559392929077,-0.23583033680915833,-0.814629316329956,-0.7198089957237244,-0.4697487950325012,-0.1952870637178421,-0.24920426309108734,-0.09705106914043427,-0.5735718607902527,-0.4150488078594208,-0.18143706023693085,-0.14191100001335144,0.9605093886491511,-0.3463791634783787,-0.2637202139483701,-0.0006410822587764537,-0.04332967396349268,-0.02940488266185306,-0.6096865,-1.8732413,1.7288799,-1.497193,-2.133768,-0.0048089535,-0.6096865,-1.8732413,1.7288799,-1.497193,-2.133768,-0.0048089535,-0.5898683667182922,-1.8915592432022095,1.716870665550232,-1.4727230072021484,-2.1242949962615967,-0.002518002176657319,-0.49545357,0.45794782,0.30023053,-0.6117484,-0.23682499,-0.057273787,-0.41326153,0.0,0.0,0.0,0.0041176448576152325,0.0020588225000000003,8.23529,False,0,0.19683095943156048,-0.12412478352970643,0.225351728923382,0.21768404475199957,-0.18389210066515638,0.1135638054308249,0.999942677230585,0.004829037963534493,-0.0036627143199502686,0.008828765192232867,0.12354892,-0.2330849,0.3045104,0.21849933972653707,4.004000220447779e-05,0.00011642000754363835,0.0007434540020767599,0.00031468700035475194,0.00015636500029359013,9.779600077308714e-05,0.0018414219957776368,0.018019754003034905,0.01986117599881254,50.34948585420057,0
295,5.920104518008884,-0.5926783720599573,-1.8890911541380824,1.718475643788473,-1.4761221718839188,-2.1256306807147425,-0.0028536955462854507,-0.22353601455688477,-0.26282376050949097,-0.8274621963500977,-0.7529266476631165,-0.47535303235054016,-0.18766185641288757,-0.2540515959262848,-0.09531810134649277,-0.5713211297988892,-0.4152476191520691,-0.1827799677848816,-0.14208859205245972,0.8645328436649814,-0.08132573605146717,-0.32562598500923423,0.01033692004953359,-0.04061508666219579,-0.02735605025448922,-0.6124431,-1.8707597,1.7303761,-1.500878,-2.134941,-0.0051169614,-0.6124431,-1.8707597,1.7303761,-1.500878,-2.134941,-0.0051169614,-0.5926783680915833,-1.88909113407135,1.7184756994247437,-1.4761221408843994,-2.1256306171417236,-0.002853695536032319,-0.49411815,0.45828426,0.29751155,-0.6188959,-0.23276244,-0.05658165,-0.41258454,0.0,0.0,0.0,0.0041176448576152325,0.0020588225000000003,8.23529,False,0,0.19680752459599715,-0.12522173977031484,0.22478659315642624,0.21766840309795246,-0.18391012772936857,0.11355327349515684,0.9999390318641106,0.005696164477846345,-0.0029119689202445763,0.008998844657062993,0.12354892,-0.2330849,0.3045104,0.21849774771041974,4.024099325761199e-05,0.000296045996947214,0.0006995839939918369,0.0003404790040804073,0.00014968799951020628,9.332899935543537e-05,0.002040439998381771,0.017826073002652265,0.019866513001034036,50.335959810760485,0
296,5.940083306006272,-0.5954521338092249,-1.886484762231344,1.7201531569110315,-1.4794896629503747,-2.126930538808004,-0.0031650702105920914,-0.24095210433006287,-0.3759922981262207,-0.8573436141014099,-0.7336905002593994,-0.47400209307670593,-0.1755000650882721,-0.2525886595249176,-0.09994745999574661,-0.5724704265594482,-0.41545650362968445,-0.18232890963554382,-0.14197523891925812,0.2673406059797898,-0.5089458387582497,-0.5859941348271362,-0.005044240421773403,-0.02390143929371389,-0.02055720084697345,-0.61512285,-1.867969,1.7320988,-1.5044458,-2.13594,-0.005405918,-0.61512285,-1.867969,1.7320988,-1.5044458,-2.13594,-0.005405918,-0.5954521298408508,-1.8864847421646118,1.7201532125473022,-1.4794896841049194,-2.1269304752349854,-0.0031650702003389597,-0.4917683,0.46289304,0.2986388,-0.6239041,-0.22523862,-0.056021202,-0.41246668,0.0,0.0,0.0,0.0041176448576152325,0.0020588225000000003,8.23529,False,0,0.1967797065773089,-0.12630049388383813,0.22415753001218647,0.217709887936239,-0.18388226020622572,0.11356730503860991,0.999939211271113,0.005627419615470672,-0.0026965997450179606,0.009088313026037739,0.12354892,-0.2330849,0.3045104,0.21850963233634776,5.708300159312785e-05,0.00012423899897839874,0.000695278009516187,0.0002672320115379989,0.00015756000357214361,9.72560083027929e-05,0.001907458994537592,0.017857439001090825,0.019764897995628417,50.59474631344817,0
297,5.960070105007617,-0.5981877485858362,-1.8839746914305628,1.7218416372882288,-1.4828281936100502,-2.128293816243307,-0.003472630177633107,-0.2600933313369751,-0.34609678387641907,-0.8538364768028259,-0.783596396446228,-0.4599173963069916,-0.18297702074050903,-0.25214463472366333,-0.10544666647911072,-0.5754034519195557,-0.41686588525772095,-0.18172161281108856,-0.14192284643650055,0.25194864096938036,-0.20812094483098736,-0.7593776917388926,-0.0013734393749336316,-0.025651335100398513,-0.019432830155289335,-0.61780137,-1.865264,1.7339348,-1.50784,-2.1372144,-0.0056853285,-0.61780137,-1.865264,1.7339348,-1.50784,-2.1372144,-0.0056853285,-0.5981877446174622,-1.8839746713638306,1.7218416929244995,-1.482828140258789,-2.128293752670288,-0.0034726301673799753,-0.49034065,0.46776566,0.30232647,-0.6252972,-0.22301744,-0.055317454,-0.41269758,0.0,0.0,0.0,0.0041176448576152325,0.0020588225000000003,8.23529,False,0,0.19673031908209085,-0.12737277385567108,0.22355100253730886,0.2176340817475352,-0.18393600792317147,0.11354625583588243,0.9999430059614356,0.005683752199220446,-0.0022807281238549884,0.008743201936216645,0.12354892,-0.2330849,0.3045104,0.2184832759612004,0.00011631299275904894,0.00013392200344242156,0.0007264720043167472,0.00035099900560453534,0.0001568549923831597,9.517099533695728e-05,0.0019379409932298586,0.017898482008604333,0.01983642300183419,50.412314755918146,0
298,5.9800836100039305,-0.6009367148028772,-1.8815599880614222,1.723426644002096,-1.4863418948701401,-2.129583183919088,-0.0037882963763635757,-0.21524856984615326,-0.22686482965946198,-0.805116593837738,-0.6915287375450134,-0.4297139048576355,-0.20159795880317688,-0.2520919442176819,-0.10512016713619232,-0.5751193761825562,-0.41711366176605225,-0.18080654740333557,-0.1418844610452652,0.6903875266251391,-0.25717767673149783,-0.1357566349392224,0.00266338309561423,-0.03998591407995341,-0.02663567793663485,-0.6204084,-1.8624957,1.735799,-1.5113631,-2.1380904,-0.0059703644,-0.6204084,-1.8624957,1.735799,-1.5113631,-2.1380904,-0.0059703644,-0.6009367108345032,-1.88155996799469,1.7234266996383667,-1.486341953277588,-2.1295831203460693,-0.003788296366110444,-0.4867934,0.4766074,0.30930573,-0.62552977,-0.21267937,-0.054551702,-0.41372943,0.0,0.0,0.0,0.0041176448576152325,0.0020588225000000003,8.23529,False,0,0.19671767500415635,-0.12845942738899802,0.22300554267002287,0.21764373086181804,-0.183937575101471,0.11351006923272836,0.9999406251193462,0.006151814616974502,-0.0016317789285932255,0.008844893626853482,0.12354892,-0.2330849,0.3045104,0.21851870765468406,4.3908003135584295e-05,0.00013288299669511616,0.0005916469963267446,0.00036303099477663636,0.0002229389938293025,0.00014281700714491308,0.0019419540039962158,0.017903782994835638,0.019845736998831853,50.388655259256,0
299,6.000138301009429,-0.6036008040057581,-1.8790165386595667,1.725086514149801,-1.489661605363228,-2.1308515707599085,-0.004118744526998341,-0.2751985788345337,-0.22601467370986938,-0.8087053894996643,-0.7417645454406738,-0.4278997778892517,-0.19066473841667175,-0.25158679485321045,-0.10641806572675705,-0.5737863183021545,-0.4161601960659027,-0.18083098530769348,-0.1418081670999527,0.8621574924132808,-0.5700710731898382,-0.07379211448418685,-0.003879829473079856,-0.042147938514347574,-0.03146974778961174,-0.6231274,-1.8599807,1.737192,-1.5149349,-2.1394463,-0.0062859356,-0.6231274,-1.8599807,1.737192,-1.5149349,-2.1394463,-0.0062859356,-0.603600800037384,-1.8790165185928345,1.7250865697860718,-1.4896615743637085,-2.1308515071868896,-0.004118744749575853,-0.4881657,0.47589666,0.30263582,-0.6318336,-0.21487035,-0.054179776,-0.41284424,0.0,0.0,0.0,0.0041176448576152325,0.0020588225000000003,8.23529,False,0,0.19667834988210442,-0.12950202054107862,0.22238318488065814,0.21770824646069792,-0.18395302939201755,0.11359059070478494,0.9999392418387287,0.005118537142590618,-0.00363953337919376,0.009059589905890154,0.12354892,-0.2330849,0.3045104,0.21847265118147902,4.2522005969658494e-05,0.0001342049945378676,0.0006143380014691502,0.00032985000871121883,0.00017092900816351175,0.00010829600796569139,0.0019272560020908713,0.017965138002182357,0.01989239400427323,50.27047020007661,0
300,6.020133042999078,-0.6063197294818323,-1.876355310479635,1.726799790059225,-1.4931481418064614,-2.132064167653219,-0.00442678133119756,-0.2726987898349762,-0.3282478153705597,-0.8381639719009399,-0.7521543502807617,-0.450351357460022,-0.20523318648338318,-0.2506539821624756,-0.10801273584365845,-0.5725351572036743,-0.4155513048171997,-0.18009306490421295,-0.1417713165283203,0.25792990561270007,-0.13832333382504647,-0.5393943952412362,0.0032347360751830106,-0.021312862619304793,-0.012617229778910534,-0.62576056,-1.8571429,1.7390509,-1.5185865,-2.1403196,-0.0065603214,-0.62576056,-1.8571429,1.7390509,-1.5185865,-2.1403196,-0.0065603214,-0.6063197255134583,-1.8763552904129028,1.7267998456954956,-1.4931480884552002,-2.1320641040802,-0.004426781553775072,-0.48602012,0.4803094,0.30627403,-0.63596076,-0.2063858,-0.053338498,-0.4131889,0.0,0.0,0.0,0.0041176448576152325,0.0020588225000000003,8.23529,False,0,0.19665832344312395,-0.13056345063880986,0.2217244578497377,0.21768132509407476,-0.18389791526605326,0.11359309743035416,0.9999424720291329,0.005377723903039742,-0.002659579854944084,0.008889004145641932,0.12354892,-0.2330849,0.3045104,0.218471260902854,4.323699977248907e-05,0.00013098599447403103,0.0005989389901515096,0.00038629899790976197,0.00019335599790792912,0.00011232600081712008,0.0019785510085057467,0.01785757899051532,0.019836129999021068,50.41305940469996,0
301,6.0400897020008415,-0.6090386549579065,-1.8736630878844203,1.7284868399249476,-1.4966322195580979,-2.1332839171039026,-0.004719082509176076,-0.25606051087379456,-0.3602469861507416,-0.8258439302444458,-0.6908589601516724,-0.4481430649757385,-0.18924634158611298,-0.25064900517463684,-0.11544162034988403,-0.5764535665512085,-0.41642454266548157,-0.18072307109832764,-0.14185747504234314,-0.03422666775826251,-0.021501325850422,-0.42847650709326957,0.004855753056683853,-0.01727887690284639,-0.01283254500541944,-0.6283912,-1.8541559,1.7408918,-1.5221399,-2.141244,-0.006823656,-0.6283912,-1.8541559,1.7408918,-1.5221399,-2.141244,-0.006823656,-0.6090386509895325,-1.873663067817688,1.7284868955612183,-1.4966322183609009,-2.133283853530884,-0.004719082731753588,-0.4838141,0.48767996,0.31012315,-0.63769287,-0.19900432,-0.052614342,-0.41398063,0.0,0.0,0.0,0.0041176448576152325,0.0020588225000000003,8.23529,False,0,0.1966353656231789,-0.1316282172749021,0.22106539287393312,0.21767269897483105,-0.18395857004664717,0.11362164012745596,0.9999400008220294,0.004987638471247732,-0.004077593389925376,0.008859215977608954,0.12354892,-0.2330849,0.3045104,0.2184289517708837,3.930700768250972e-05,0.00011873801122419536,0.0005322100041667,0.0003280240052845329,0.00022510800044983625,0.0001240250130649656,0.001746998997987248,0.01806403299269732,0.01981103199068457,50.476926213142974,0
302,6.060088265003287,-0.61176044145693,-1.8710500202574671,1.7301958242999476,-1.5000260111740609,-2.1345046202289026,-0.005022350941793263,-0.2541358470916748,-0.31186696887016296,-0.8254094123840332,-0.7219117879867554,-0.4307222366333008,-0.18939031660556793,-0.2509039044380188,-0.11607435345649719,-0.5759219527244568,-0.4165942370891571,-0.1803552508354187,-0.14184050261974335,0.8374165259970435,-0.413233696955381,-0.7290660593340341,-0.006011322485913168,-0.032247565490026706,-0.022996594467418256,-0.63105386,-1.8512641,1.7427531,-1.5256113,-2.1422515,-0.007107375,-0.63105386,-1.8512641,1.7427531,-1.5256113,-2.1422515,-0.007107375,-0.6117604374885559,-1.8710500001907349,1.7301958799362183,-1.500025987625122,-2.134504556655884,-0.005022351164370775,-0.48233628,0.49464822,0.31393194,-0.63963294,-0.19367455,-0.05212561,-0.41421783,0.0,0.0,0.0,0.0041176448576152325,0.0020588225000000003,8.23529,False,0,0.19658322410038453,-0.13267722302315188,0.22040771665237868,0.21765908060811445,-0.18394694945650472,0.11360166138090788,0.9999426194920545,0.005501006671660762,-0.00262861561460179,0.00881092658557717,0.12354892,-0.2330849,0.3045104,0.21844315795615699,4.314699617680162e-05,0.0001336109999101609,0.0005723049980588257,0.00035746100184042007,0.0001720220025163144,0.00010724000458139926,0.0018299549992661923,0.01800683200417552,0.019836787003441714,50.41138969866937,0
303,6.080138548000832,-0.6144312063800257,-1.8684755764403285,1.7317937056170862,-1.5035909724286576,-2.135664765034811,-0.0052941481219690445,-0.24457281827926636,-0.2651800811290741,-0.8410279750823975,-0.6678855419158936,-0.41980570554733276,-0.2042759358882904,-0.25092563033103943,-0.115009605884552,-0.5743260383605957,-0.4161403775215149,-0.17948433756828308,-0.14173442125320435,0.5391869380443243,-0.17212664978959746,-0.13633764429080877,0.005831921845760802,-0.034588105404127385,-0.021257405723665766,-0.6336876,-1.8485107,1.7443974,-1.5292611,-2.1432242,-0.0073475717,-0.6336876,-1.8485107,1.7443974,-1.5292611,-2.1432242,-0.0073475717,-0.6144312024116516,-1.8684755563735962,1.731793761253357,-1.5035909414291382,-2.135664701461792,-0.0052941483445465565,-0.48140967,0.4991199,0.31508988,-0.64175546,-0.18899046,-0.05133559,-0.41470334,0.0,0.0,0.0,0.0041176448576152325,0.0020588225000000003,8.23529,False,0,0.1965785339243988,-0.13373348003343802,0.2198011458949627,0.21765781535458667,-0.18393459566262066,0.11364130249229365,0.9999382142071865,0.005329445566187244,-0.003717405317405403,0.009020352254719415,0.12354892,-0.2330849,0.3045104,0.21841074892742596,0.00012332999904174358,0.00012771198817063123,0.0005534289957722649,0.00035044799733441323,0.00017462798859924078,0.00011065100261475891,0.0018681479996303096,0.018036843990557827,0.019904991990188137,50.23865372530342,0
304,6.1001334940083325,-0.6171296278582972,-1.8657986126341761,1.733553711568014,-1.5070599255016823,-2.136751953755514,-0.005593601857320607,-0.27458614110946655,-0.35521116852760315,-0.8034790754318237,-0.728603720664978,-0.4193551242351532,-0.19646739959716797,-0.25120964646339417,-0.1163833737373352,-0.5735310912132263,-0.4154180586338043,-0.17937104403972626,-0.14172053337097168,0.6592208733002567,-0.5460859604524343,-0.48681260805983156,-0.004486488950595236,-0.033143883107966045,-0.024797746114949844,-0.63630295,-1.8458238,1.7459444,-1.5330721,-2.1440475,-0.0076135127,-0.63630295,-1.8458238,1.7459444,-1.5330721,-2.1440475,-0.0076135127,-0.6171296238899231,-1.8657985925674438,1.7335537672042847,-1.507059931755066,-2.136751890182495,-0.005593602079898119,-0.4793331,0.4993721,0.3097643,-0.6503036,-0.18238765,-0.050497763,-0.4136952,0.0,0.0,0.0,0.0041176448576152325,0.0020588225000000003,8.23529,False,0,0.19654088590890106,-0.13476024417413546,0.21909960409540624,0.217661456233481,-0.18394223990606134,0.11361876027521461,0.9999426592190463,0.005626170321706728,-0.0028478539676256554,0.008656019733790056,0.12354892,-0.2330849,0.3045104,0.2184302975715198,4.378800804261118e-05,0.00021337300131563097,0.0005940010014455765,0.0002915819932240993,0.00017109500186052173,0.00010828599624801427,0.0019008950039278716,0.017935283001861535,0.019836178005789407,50.41293739691885,0
305,6.120134046999738,-0.6198056379901331,-1.8630124531187953,1.735307518635885,-1.5106303517571469,-2.1378329435931605,-0.005928341542379201,-0.2540532052516937,-0.34627169370651245,-0.8176331520080566,-0.7066929936408997,-0.4431310296058655,-0.20025043189525604,-0.25093138217926025,-0.12234894186258316,-0.575613260269165,-0.41591283679008484,-0.17949698865413666,-0.14161564409732819,0.3289469664356085,-0.2977845736775527,-0.7479196963047198,-0.011937627989274044,-0.022046353201515448,-0.019810301733891436,-0.6389388,-1.842721,1.7479689,-1.5366714,-2.1449018,-0.007931137,-0.6389388,-1.842721,1.7479689,-1.5366714,-2.1449018,-0.007931137,-0.619805634021759,-1.863012433052063,1.7353075742721558,-1.5106303691864014,-2.1378328800201416,-0.005928341764956713,-0.47832906,0.5072866,0.31653398,-0.65102565,-0.17672424,-0.050069883,-0.41421348,0.0,0.0,0.0,0.0041176448576152325,0.0020588225000000003,8.23529,False,0,0.19652294196078085,-0.13579648751761417,0.21838130764559446,0.21767824509282044,-0.18392796550734364,0.11364869521633701,0.9999414202285081,0.005426512100735441,-0.00327789585879434,0.008770565516702526,0.12354892,-0.2330849,0.3045104,0.2184145843717921,3.916000423487276e-05,0.00020379299530759454,0.0005240720056463033,0.0003018529969267547,0.00015882900333963335,9.74750000750646e-05,0.0017003929970087484,0.018158164995838888,0.019858557992847636,50.35612355943293,0
306,6.140135920009925,-0.6224573294269007,-1.860321661035055,1.7369497458087366,-1.514200621550419,-2.1389296690570276,-0.006184879933492482,-0.24425163865089417,-0.3185027241706848,-0.7976875901222229,-0.7329087257385254,-0.4147719144821167,-0.21183501183986664,-0.2503049075603485,-0.12939317524433136,-0.5788642168045044,-0.41737180948257446,-0.17917953431606293,-0.14156697690486908,0.12639389592035546,0.2202085847035849,-0.4672883872040518,0.01372641930022784,-0.017235957005255643,-0.009668418994786085,-0.6415106,-1.8398417,1.7496346,-1.540413,-2.1456888,-0.008152259,-0.6415106,-1.8398417,1.7496346,-1.540413,-2.1456888,-0.008152259,-0.6224573254585266,-1.8603216409683228,1.7369498014450073,-1.5142005681991577,-2.138929605484009,-0.006184880156069994,-0.47633192,0.5119971,0.31712002,-0.6553114,-0.16898203,-0.049184468,-0.41430402,0.0,0.0,0.0,0.0041176448576152325,0.0020588225000000003,8.23529,False,0,0.1965094995617174,-0.13683632009893273,0.21772039179068936,0.217648890620142,-0.18392051080837732,0.11357363105905033,0.9999430318095545,0.005395899098510419,-0.0024444590275821037,0.008881185594857099,0.12354892,-0.2330849,0.3045104,0.21846921438320266,3.950600512325764e-05,0.00012020200665574521,0.0005275269941193983,0.0002925689914263785,0.0001874919980764389,0.00015832000644877553,0.001714763988275081,0.018143739012884907,0.01985850300115999,50.35626300439602,0
307,6.160133484008838,-0.6251352469073694,-1.8575407467284144,1.738666836415426,-1.5178448979607602,-2.1399224440204065,-0.006468598042623341,-0.2967448830604553,-0.2804684340953827,-0.8126715421676636,-0.7207025289535522,-0.43043941259384155,-0.2080017477273941,-0.25103676319122314,-0.1281406581401825,-0.5763833522796631,-0.4168066084384918,-0.17874038219451904,-0.14175213873386383,0.5559736924262784,-0.44374537648271006,-0.4068697348824435,-0.0014225652033275247,-0.029666222928494544,-0.022484839629191553,-0.64417714,-1.8369538,1.7512197,-1.544222,-2.1465366,-0.008411181,-0.64417714,-1.8369538,1.7512197,-1.544222,-2.1465366,-0.008411181,-0.6251352429389954,-1.8575407266616821,1.7386668920516968,-1.5178449153900146,-2.1399223804473877,-0.006468598265200853,-0.47604695,0.51467365,0.31382123,-0.65942794,-0.1653564,-0.04856458,-0.41394842,0.0,0.0,0.0,0.0041176448576152325,0.0020588225000000003,8.23529,False,0,0.19650468745289712,-0.13786821058320192,0.2170068955111097,0.21770695475819835,-0.18395035809043417,0.1135908714617595,0.9999376017370706,0.005913754509008662,-0.0032275927552922906,0.0089102318777994,0.12354892,-0.2330849,0.3045104,0.21847244988652678,3.978199674747884e-05,0.0001192399940919131,0.0005031139880884439,0.0003650430007837713,0.00015931100642774254,9.878900891635567e-05,0.0016754840034991503,0.018179054008214734,0.019854538011713885,50.36631924701621,0
308,6.180249048004043,-0.6278207937823694,-1.854711195031637,1.7404564062701624,-1.5214355413666745,-2.1409738699542444,-0.0067513624774377945,-0.25419875979423523,-0.30786609649658203,-0.7860561013221741,-0.7628328800201416,-0.4203725755214691,-0.1996280699968338,-0.2888655364513397,-0.07877049595117569,-0.5589910745620728,-0.42579782009124756,-0.18119004368782043,-0.1424444019794464,0.60526614971678,-0.36497027719702735,-0.32983569020024994,-0.001750951831547719,-0.03064082244255674,-0.02453042464154492,-0.646702,-1.8339537,1.753075,-1.5480055,-2.1470454,-0.008645441,-0.646702,-1.8339537,1.753075,-1.5480055,-2.1470454,-0.008645441,-0.6278207898139954,-1.8547111749649048,1.740456461906433,-1.5214354991912842,-2.1409738063812256,-0.0067513627000153065,-0.47203058,0.518935,0.315463,-0.66424835,-0.15178753,-0.047351956,-0.4141057,0.0,0.0,0.0,0.0041176448576152325,0.0020588225000000003,8.23529,False,0,0.19646873338817608,-0.13889802137240254,0.21625959368810826,0.21770806955264382,-0.18390456717401504,0.11355217377019193,0.9999403949461664,0.005419141958813717,-0.002949190785231993,0.0090109623541816,0.12354892,-0.2330849,0.3045104,0.2185170497043387,3.989000106230378e-05,0.00011628201173152775,0.0005994639941491187,0.00030669799889437854,0.0001538680080557242,9.838500409387052e-05,0.0016951730067376047,0.018278953997651115,0.01997412700438872,50.064766273904226,0
309,6.200136248007766,-0.6306589285479944,-1.851699014703268,1.74233323732485,-1.525391062056162,-2.1419699827777308,-0.007050816212789357,-0.29491496086120605,-0.32263264060020447,-0.7817492485046387,-0.7040069699287415,-0.4314662516117096,-0.20042213797569275,-0.2801857888698578,-0.09639543294906616,-0.5620375871658325,-0.4277461767196655,-0.1804269701242447,-0.14237001538276672,0.19749873932895487,-0.316886037590645,-0.27143169175322207,0.0021072417899818474,-0.020461979236570955,-0.01613897546069147,-0.6493762,-1.8305542,1.7552382,-1.5519308,-2.1474106,-0.008875387,-0.6493762,-1.8305542,1.7552382,-1.5519308,-2.1474106,-0.008875387,-0.6306589245796204,-1.8516989946365356,1.7423332929611206,-1.5253911018371582,-2.141969919204712,-0.007050816435366869,-0.46793273,0.52861947,0.32262287,-0.6634914,-0.13601908,-0.045614272,-0.4162823,0.0,0.0,0.0,0.0041176448576152325,0.0020588225000000003,8.23529,False,0,0.19646558557056562,-0.13998731108367007,0.2154678781905467,0.21770340421607373,-0.1839060119886131,0.11358060156680687,0.9999387530150305,0.005623097420619708,-0.0026547457866903427,0.009154117588616504,0.12354892,-0.2330849,0.3045104,0.21848987188932417,3.9099002606235445e-05,0.0002019809908233583,0.0005183030007174239,0.00030771500314585865,0.00015962199540808797,9.896000847220421e-05,0.00170550899929367,0.018032451000181027,0.019737959999474697,50.66379707054902,0
310,6.220137582000461,-0.6335857550250452,-1.8485218487181605,1.7442939917193812,-1.5293791455081482,-2.142970387135641,-0.007350746785299123,-0.2517121732234955,-0.35398346185684204,-0.8262506723403931,-0.6781097650527954,-0.40297064185142517,-0.19847773015499115,-0.2275121957063675,-0.16762681305408478,-0.5893794894218445,-0.4149862229824066,-0.17648595571517944,-0.1411929577589035,0.19133354604919633,-0.024188347773243746,-0.5054200973381202,-0.00046483601035512837,-0.0201142019338796,-0.01757524425412628,-0.6522254,-1.8270372,1.7573341,-1.5559504,-2.1481159,-0.009131798,-0.6522254,-1.8270372,1.7573341,-1.5559504,-2.1481159,-0.009131798,-0.6335857510566711,-1.8485218286514282,1.7442940473556519,-1.52937912940979,-2.142970323562622,-0.007350747007876635,-0.46599045,0.5371141,0.32600155,-0.66428196,-0.12863632,-0.04452626,-0.41732678,0.0,0.0,0.0,0.0041176448576152325,0.0020588225000000003,8.23529,False,0,0.19644317685016774,-0.14109444990823158,0.21461178125386418,0.2176546238769287,-0.1838763959687093,0.11356900976544707,0.9999433115094768,0.005132851852694695,-0.0032887855903567767,0.008729807070054121,0.12354892,-0.2330849,0.3045104,0.21848565431289982,4.056000034324825e-05,0.0001989479933399707,0.0004982990067219362,0.0002572279918240383,0.0001537360076326877,0.00012131799303460866,0.0016903130017453805,0.018170979994465597,0.019861292996210977,50.34918925926797,0
311,6.240130716003478,-0.63635760942568,-1.845466753045553,1.7461522261248987,-1.5332212273827572,-2.1438401381122034,-0.007610623036519826,-0.24131447076797485,-0.3585294485092163,-0.8338261246681213,-0.6815974116325378,-0.3913367688655853,-0.21905890107154846,-0.22540803253650665,-0.17119628190994263,-0.5881748199462891,-0.4100766181945801,-0.17428234219551086,-0.1408044546842575,0.2891867780402797,-0.10814198699783314,-0.4626751491336028,0.004465042179022322,-0.03253909875739431,-0.02254798254706652,-0.65509075,-1.823862,1.7591109,-1.5599527,-2.149198,-0.009378228,-0.65509075,-1.823862,1.7591109,-1.5599527,-2.149198,-0.009378228,-0.6363576054573059,-1.8454667329788208,1.7461522817611694,-1.5332212448120117,-2.1438400745391846,-0.007610623259097338,-0.46832928,0.5401207,0.32396695,-0.6682883,-0.13394803,-0.04419014,-0.41668296,0.0,0.0,0.0,0.0041176448576152325,0.0020588225000000003,8.23529,False,0,0.19643603095290016,-0.14213822566786405,0.2137835075937633,0.21767655786880494,-0.1839439018510674,0.11358610640558714,0.9999401293778117,0.00561020639786363,-0.002690460698311842,0.00900231885335057,0.12354892,-0.2330849,0.3045104,0.21846496757682055,4.0535000152885914e-05,0.00012374699872452766,0.0006165550003061071,0.00027331399905961007,0.0002505510055925697,0.00011012499453499913,0.001792983995983377,0.01805510200210847,0.019848085998091847,50.3826918170416,0
312,6.2601310960017145,-0.6389835516559046,-1.8424903355040492,1.7480095068561,-1.5369899582913895,-2.1446669737445276,-0.00785857835878545,-0.3198930025100708,-0.38421159982681274,-0.8120651841163635,-0.6708014011383057,-0.41978442668914795,-0.20272640883922577,-0.2367422729730606,-0.15627463161945343,-0.5813283324241638,-0.4128475487232208,-0.17477387189865112,-0.14105191826820374,0.21815893518063484,-0.3435556283876935,-0.5985184336117209,0.000400125349767817,-0.0176497819761832,-0.016072089069258184,-0.6576844,-1.8207206,1.7611548,-1.5637763,-2.149979,-0.00959505,-0.6576844,-1.8207206,1.7611548,-1.5637763,-2.149979,-0.00959505,-0.6389835476875305,-1.842490315437317,1.7480095624923706,-1.5369899272918701,-2.144666910171509,-0.007858578115701675,-0.4675205,0.5442436,0.32863083,-0.6696592,-0.13280606,-0.043411788,-0.41687927,0.0,0.0,0.0,0.0041176448576152325,0.0020588225000000003,8.23529,False,0,0.1964322940268673,-0.14313380300430162,0.21295972521796258,0.2176481848867076,-0.18394331874264455,0.11357107356607325,0.9999418692041021,0.005487684594614924,-0.0025278282079343687,0.008930979476164416,0.12354892,-0.2330849,0.3045104,0.21846601407086902,4.443999205250293e-05,0.00011933001223951578,0.0004902429936919361,0.00023572100326418877,0.0001543079997645691,0.0001006439997581765,0.0015879779966780916,0.0182652310031699,0.019853208999847993,50.36969086497082,0
313,6.280087216000538,-0.6415675322162073,-1.8395348987975062,1.7498167196856897,-1.5407193724862118,-2.1454270521747034,-0.008141342793599904,-0.281386137008667,-0.36349695920944214,-0.7961495518684387,-0.7169913649559021,-0.4249148964881897,-0.2176804095506668,-0.24773214757442474,-0.14935889840126038,-0.5791858434677124,-0.41543838381767273,-0.17715740203857422,-0.1412411332130432,0.500081174816422,-0.4148935920788587,-0.4347088400018035,-0.010576126151381192,-0.029431689085757405,-0.02684060813517437,-0.6601994,-1.8175471,1.7628393,-1.5677221,-2.1504164,-0.009852077,-0.6601994,-1.8175471,1.7628393,-1.5677221,-2.1504164,-0.009852077,-0.6415675282478333,-1.839534878730774,1.7498167753219604,-1.5407193899154663,-2.1454269886016846,-0.008141342550516129,-0.46579733,0.54969615,0.32556283,-0.6750685,-0.124736704,-0.042768367,-0.4166675,0.0,0.0,0.0,0.0041176448576152325,0.0020588225000000003,8.23529,False,0,0.19643564836465527,-0.1441090738492213,0.21214193306582374,0.21765101598102085,-0.18395760391257945,0.11356416560327819,0.999943824000563,0.005219896115945482,-0.0024837030989732617,0.00888233023526008,0.12354892,-0.2330849,0.3045104,0.2184700583228827,3.850499342661351e-05,0.00017493299674242735,0.0005124589952174574,0.0003673169994726777,0.00017158199625555426,9.97019960777834e-05,0.0017578999977558851,0.018049920996418223,0.019807820994174108,50.48510890188884,0
314,6.300090029006242,-0.6441815535174769,-1.8365756473936976,1.751556698475973,-1.5444676850787182,-2.1461637655841272,-0.008373562489644826,-0.3275294601917267,-0.26785311102867126,-0.7705800533294678,-0.7275857925415039,-0.4161362946033478,-0.20032423734664917,-0.2886006534099579,-0.0942743793129921,-0.5575976371765137,-0.4252161681652069,-0.17971068620681763,-0.14205357432365417,0.7021977367996705,-0.551786605082211,-0.11465472291193377,-0.007455720607593057,-0.03204149980568793,-0.02169830231930708,-0.6626754,-1.8144021,1.7645094,-1.5716534,-2.1505866,-0.010023792,-0.6626754,-1.8144021,1.7645094,-1.5716534,-2.1505866,-0.010023792,-0.6441815495491028,-1.8365756273269653,1.7515567541122437,-1.5444676876068115,-2.1461637020111084,-0.00837356224656105,-0.4623453,0.55433804,0.3238185,-0.6796413,-0.11057513,-0.04125575,-0.4170024,0.0,0.0,0.0,0.0041176448576152325,0.0020588225000000003,8.23529,False,0,0.19644315178361352,-0.14509450051658285,0.21134060936202395,0.21770568267393922,-0.18389940491878376,0.1136208100767776,0.9999373694639645,0.005235335273472601,-0.003958050062707354,0.009067623175285491,0.12354892,-0.2330849,0.3045104,0.21845720562157026,4.068399721290916e-05,0.00011550899944268167,0.0008361140062334016,0.0003940189926652238,0.00021582600311376154,0.00012760100071318448,0.002115897004841827,0.01774059199669864,0.019856489001540467,50.361370528416174,0
315,6.320153246007976,-0.6469586531268519,-1.8333217106261195,1.7535141150103968,-1.5483957447907706,-2.1468961874591272,-0.008641544972554982,-0.26351794600486755,-0.3172594904899597,-0.8400332927703857,-0.7652377486228943,-0.4346661865711212,-0.1839013397693634,-0.24264377355575562,-0.16363674402236938,-0.5820204615592957,-0.41926875710487366,-0.17778636515140533,-0.1414683312177658,0.18288789252911472,-0.2943333659525792,-0.6385999720866238,-0.0017792759966038761,-0.017677781268061014,-0.014070666391214494,-0.6653193,-1.8108277,1.7664992,-1.575667,-2.150757,-0.010229271,-0.6653193,-1.8108277,1.7664992,-1.575667,-2.150757,-0.010229271,-0.6469586491584778,-1.8333216905593872,1.7535141706466675,-1.5483957529067993,-2.1468961238861084,-0.008641544729471207,-0.45901707,0.5623482,0.32462364,-0.68178177,-0.09652573,-0.03969316,-0.41799417,0.0,0.0,0.0,0.0041176448576152325,0.0020588225000000003,8.23529,False,0,0.19643117352736308,-0.1461179857953283,0.2104147403530789,0.21767950841007427,-0.18389882822043868,0.11356111139052558,0.9999416562153088,0.005693360176855068,-0.002379726996865549,0.008866931777284204,0.12354892,-0.2330849,0.3045104,0.21849822520312817,4.592799814417958e-05,0.00020030800078529865,0.0007011319976300001,0.0004935679899062961,0.00017402801313437521,9.59290046012029e-05,0.002090119000058621,0.01782889899914153,0.01991901799920015,50.203278095343606,0
316,6.340092534999712,-0.6496589819537562,-1.8301693401732386,1.7554076353656214,-1.552325277855136,-2.147640053425924,-0.008892838154928029,-0.18523910641670227,-0.43168753385543823,-0.8349248170852661,-0.7391235828399658,-0.4077039361000061,-0.18190614879131317,-0.23531781136989594,-0.1776234358549118,-0.5879978537559509,-0.41368499398231506,-0.17507381737232208,-0.14085973799228668,0.3941459229024701,0.007839503168415585,-0.7489500516415525,0.004755907927503112,-0.026093955810968926,-0.014989908132678979,-0.6679835,-1.8075007,1.7684246,-1.5796986,-2.1513927,-0.010439358,-0.6679835,-1.8075007,1.7684246,-1.5796986,-2.1513927,-0.010439358,-0.6496589779853821,-1.8301693201065063,1.755407691001892,-1.5523252487182617,-2.1476399898529053,-0.008892837911844254,-0.458113,0.566715,0.3254234,-0.68433267,-0.09381477,-0.038662996,-0.41798863,0.0,0.0,0.0,0.0041176448576152325,0.0020588225000000003,8.23529,False,0,0.19642558167337448,-0.14712965064305575,0.20953259244046663,0.2176983740070863,-0.18389526850703902,0.11358380920906998,0.9999415285575484,0.005442943131452204,-0.002845315566030641,0.008901486231319892,0.12354892,-0.2330849,0.3045104,0.2184873197045142,5.796499317511916e-05,0.00013723500887863338,0.0006679579964838922,0.00034821100416593254,0.000284966008621268,0.00018112300313077867,0.0022377300047082826,0.017468195990659297,0.01970592599536758,50.74615626969661,0
317,6.360092255010386,-0.6522367636310022,-1.8270861111082972,1.7572200934039515,-1.5561780047467728,-2.1482766310321253,-0.009116474782125294,-0.23719707131385803,-0.3770614266395569,-0.8098505735397339,-0.7520694136619568,-0.4240959584712982,-0.1895582526922226,-0.23943161964416504,-0.1707054227590561,-0.5846203565597534,-0.4153982698917389,-0.173637256026268,-0.14088773727416992,-0.19449841583823296,-0.022491041055814842,-0.4921403187541459,0.003614574029110375,-0.009583453626440728,-0.00951812189463527,-0.6705857,-1.8042387,1.7701627,-1.5836997,-2.151991,-0.010638347,-0.6705857,-1.8042387,1.7701627,-1.5836997,-2.151991,-0.010638347,-0.6522367596626282,-1.827086091041565,1.7572201490402222,-1.5561779737472534,-2.1482765674591064,-0.00911647453904152,-0.45872352,0.5711851,0.32356343,-0.68804383,-0.092860736,-0.03804682,-0.41770044,0.0,0.0,0.0,0.0041176448576152325,0.0020588225000000003,8.23529,False,0,0.1964405951982809,-0.14809631716310095,0.208668806685881,0.2176562764956736,-0.18395191227411112,0.11351762672221016,0.9999400241252016,0.00589248535708738,-0.001884549689031561,0.009035595831463197,0.12354892,-0.2330849,0.3045104,0.21851428040213114,5.1305993110872805e-05,0.00022248599270824343,0.000709177998942323,0.00038311599928420037,0.00019106898980680853,0.00010865699732676148,0.002072235001833178,0.01775913500750903,0.01983137000934221,50.425159710545344,0
318,6.380044991004979,-0.654799763356344,-1.8239265880980433,1.7590644995318812,-1.5598751728287716,-2.1488993803607386,-0.009351555501119435,-0.2674591541290283,-0.43267393112182617,-0.8124536871910095,-0.7051197290420532,-0.4298228621482849,-0.19897326827049255,-0.24605068564414978,-0.1652495414018631,-0.5812004804611206,-0.4166392982006073,-0.1743800789117813,-0.14099612832069397,0.2752582897749334,-0.4351334598861921,-0.5089750322838573,-0.01859556612358365,-0.029744903636309796,-0.02741244384609597,-0.6731416,-1.8008502,1.7721665,-1.5873833,-2.15253,-0.010825022,-0.6731416,-1.8008502,1.7721665,-1.5873833,-2.15253,-0.010825022,-0.65479975938797,-1.823926568031311,1.7590645551681519,-1.5598751306533813,-2.1488993167877197,-0.00935155525803566,-0.45854586,0.57691026,0.3275495,-0.68770295,-0.09076602,-0.036836673,-0.418785,0.0,0.0,0.0,0.0041176448576152325,0.0020588225000000003,8.23529,False,0,0.19642729817141977,-0.1490370004905415,0.20775742899642347,0.21768489961470286,-0.18391008624176458,0.11353680424588368,0.9999422132336695,0.004998920528126105,-0.003198622316511638,0.008961109837128011,0.12354892,-0.2330849,0.3045104,0.21851925660463736,6.445200415328145e-05,0.0002594130055513233,0.0007734219980193302,0.0003270479937782511,0.00017130000924225897,0.00011076299415435642,0.002108200002112426,0.01768334599910304,0.019791546001215465,50.52662383921835,0
319,6.400087583999266,-0.6573727766620081,-1.8209063015379847,1.7608512083636683,-1.5636044515161593,-2.149404827748434,-0.009536091481344044,-0.19665443897247314,-0.3398290276527405,-0.8086856603622437,-0.6736098527908325,-0.42558780312538147,-0.2215617597103119,-0.24960513412952423,-0.16603487730026245,-0.5809512138366699,-0.41773754358291626,-0.1756822019815445,-0.14105233550071716,0.3133725482765304,-0.10046788622581176,-0.42010426449676685,0.0003221533619669635,-0.02275310799268469,-0.014448598946893668,-0.675633,-1.7975543,1.7741345,-1.5910894,-2.152786,-0.010947936,-0.675633,-1.7975543,1.7741345,-1.5910894,-2.152786,-0.010947936,-0.657372772693634,-1.8209062814712524,1.760851263999939,-1.563604474067688,-2.149404764175415,-0.00953609123826027,-0.4565059,0.583801,0.33208084,-0.6871215,-0.08453285,-0.03529612,-0.42047203,0.0,0.0,0.0,0.0041176448576152325,0.0020588225000000003,8.23529,False,0,0.19642734551793634,-0.14996525626446816,0.2068837989581713,0.21766863240110015,-0.1839220389848416,0.11360549516139114,0.9999396629561128,0.005242907091498163,-0.0035901026033299368,0.008958723562937487,0.12354892,-0.2330849,0.3045104,0.21844952762725273,4.061200888827443e-05,0.00011581899889279157,0.0008262519986601546,0.0003192679869243875,0.00024240701168309897,0.0001186459994642064,0.0020456589991226792,0.017849641997599974,0.019895300996722654,50.263124954215556,0
320,6.420101873998647,-0.6599043051349085,-1.817740102807516,1.762601677571432,-1.56744727914732,-2.149877373372213,-0.00979167619814092,-0.2910892367362976,-0.36309224367141724,-0.8296406269073486,-0.6981309056282043,-0.4326269328594208,-0.18184934556484222,-0.25098684430122375,-0.1663500964641571,-0.5790079832077026,-0.4168727993965149,-0.1762339025735855,-0.14104527235031128,0.42250028252579513,-0.5895229487256699,-0.5024378685843949,-0.013898970694130132,-0.023009384509137653,-0.02442886556842559,-0.67810094,-1.7942364,1.7756226,-1.5951167,-2.1529713,-0.011152111,-0.67810094,-1.7942364,1.7756226,-1.5951167,-2.1529713,-0.011152111,-0.6599043011665344,-1.8177400827407837,1.7626017332077026,-1.567447304725647,-2.1498773097991943,-0.009791675955057144,-0.45491558,0.58759195,0.32552055,-0.6917351,-0.077351056,-0.034010872,-0.42041466,0.0,0.0,0.0,0.0041176448576152325,0.0020588225000000003,8.23529,False,0,0.19645979625636148,-0.1509010253365622,0.2059895491591282,0.21766456968620213,-0.18392672540734317,0.11355693586739024,0.9999430689044898,0.00566856511411503,-0.0018572501855514862,0.008844463319671484,0.12354892,-0.2330849,0.3045104,0.21848916077057234,4.755798727273941e-05,0.00021940800070296973,0.0007092969899531454,0.0004264369927113876,0.0001545209961477667,0.00010162100079469383,0.002036834994214587,0.017834526996011846,0.019871361990226433,50.32367688192897,0
321,6.44008857299923,-0.6624787489520472,-1.8145214519896449,1.764367405568258,-1.571270605126852,-2.1504209677325647,-0.00997955003847295,-0.24508491158485413,-0.3807685673236847,-0.8198067545890808,-0.6695811748504639,-0.4341190755367279,-0.18217794597148895,-0.2503829896450043,-0.16970005631446838,-0.5778831839561462,-0.4158841669559479,-0.17561358213424683,-0.1408337503671646,-0.12585015544244646,0.12878338024711683,-0.5220077805205815,0.003917789249683341,-0.011276444102101484,-0.007983519988078967,-0.6805827,-1.7907954,1.777326,-1.5990549,-2.1531112,-0.011283604,-0.6805827,-1.7907954,1.777326,-1.5990549,-2.1531112,-0.011283604,-0.6624787449836731,-1.8145214319229126,1.7643674612045288,-1.5712705850601196,-2.150420904159546,-0.009979549795389175,-0.45259893,0.5931502,0.32396424,-0.6946083,-0.06725827,-0.03260136,-0.42083937,0.0,0.0,0.0,0.0041176448576152325,0.0020588225000000003,8.23529,False,0,0.19646667398079215,-0.1518520422412763,0.2050825838199976,0.21767166000705296,-0.18394204058089136,0.11356878075693856,0.9999424844794285,0.005142913683621087,-0.002860503888749084,0.008963498719093401,0.12354892,-0.2330849,0.3045104,0.21847841779442304,0.0001581840042490512,0.0002402600075583905,0.0007493760058423504,0.00034493699786253273,0.0002990220091305673,0.00020163199224043638,0.0024805340071907267,0.0172799519932596,0.019760486000450328,50.6060427854462,0
322,6.460094590001972,-0.664987866078512,-1.8113256893553675,1.7662127653705042,-1.5750843487181605,-2.1509016195880335,-0.010183159505025685,-0.2656259536743164,-0.4027668237686157,-0.8100752234458923,-0.7150143384933472,-0.4301103949546814,-0.18365827202796936,-0.2494901418685913,-0.17479407787322998,-0.5812756419181824,-0.41710415482521057,-0.1746678352355957,-0.13701218366622925,0.4624905563820734,-0.40500796549242063,-0.38693858193753955,-0.006090311608202957,-0.02349489015688578,-0.018782159713161908,-0.6830567,-1.7874492,1.7790868,-1.6029979,-2.153435,-0.011427901,-0.6830567,-1.7874492,1.7790868,-1.6029979,-2.153435,-0.011427901,-0.6649878621101379,-1.8113256692886353,1.766212821006775,-1.5750843286514282,-2.1509015560150146,-0.01018315926194191,-0.45172104,0.59691024,0.32185125,-0.69784015,-0.06333465,-0.031118538,-0.4210578,0.0,0.0,0.0,0.0041176448576152325,0.0020588225000000003,8.23529,False,0,0.19647035480270977,-0.15276782975037062,0.20414541114883467,0.21768075894826433,-0.18394134066742077,0.11359486734839577,0.9999437503274529,0.0050905742678404725,-0.0029525032179858945,0.008825446173732323,0.12354892,-0.2330849,0.3045104,0.21845969742508664,3.942800685763359e-05,0.00012225599493831396,0.0006279959925450385,0.0004114949988434091,0.00017614499665796757,9.921401215251535e-05,0.001959778994205408,0.01789758200175129,0.019857360995956697,50.359159014313,0
323,6.480088823009282,-0.6674798170672815,-1.8080784283080042,1.7679956595050257,-1.5789219341673792,-2.151317898427145,-0.010362927113668263,-0.29817527532577515,-0.37625575065612793,-0.8103808760643005,-0.699176013469696,-0.44796741008758545,-0.1995319128036499,-0.24921561777591705,-0.17724557220935822,-0.5827319025993347,-0.4178450405597687,-0.17382894456386566,-0.13286946713924408,0.1846152309290236,-0.36551810853068256,-0.4393422857462883,-0.0033718723425085607,-0.016878446416298373,-0.014084724285646185,-0.68540174,-1.7839127,1.7809252,-1.6068652,-2.1533546,-0.011536747,-0.68540174,-1.7839127,1.7809252,-1.6068652,-2.1533546,-0.011536747,-0.6674798130989075,-1.808078408241272,1.7679957151412964,-1.578921914100647,-2.151317834854126,-0.010362926870584488,-0.44804782,0.6041449,0.32323623,-0.6985817,-0.050918404,-0.0293455,-0.42230803,0.0,0.0,0.0,0.0041176448576152325,0.0020588225000000003,8.23529,False,0,0.19649261093780523,-0.15368013535249314,0.20320614012382118,0.21767014402365753,-0.1839348201775206,0.1135671679083418,0.9999426547591995,0.0055940145824322635,-0.001881005017972024,0.008936160037639194,0.12354892,-0.2330849,0.3045104,0.21848079847990726,4.7223002184182405e-05,0.00018889798957388848,0.00048540098941884935,0.00041242998850066215,0.00015507600619457662,9.818100079428405e-05,0.0017641020094742998,0.018088732002070174,0.019852834011544473,50.37064226792494,0
324,6.500084593004431,-0.6700113455401819,-1.8047720394530238,1.7698009649859827,-1.5827623806395472,-2.151722256337301,-0.010546509419576466,-0.24510876834392548,-0.4485327899456024,-0.811749279499054,-0.7486549019813538,-0.4103925824165344,-0.1862223893404007,-0.24884983897209167,-0.18149150907993317,-0.5830013751983643,-0.4180113971233368,-0.17387324571609497,-0.1273178905248642,0.1771957066614065,-0.10665254861674892,-0.5124958724449685,-8.659082666748121e-05,-0.018255384624430767,-0.013522107460690448,-0.6878596,-1.7804627,1.7825017,-1.6108915,-2.1534693,-0.01165973,-0.6878596,-1.7804627,1.7825017,-1.6108915,-2.1534693,-0.01165973,-0.6700113415718079,-1.8047720193862915,1.7698010206222534,-1.582762360572815,-2.1517221927642822,-0.010546509176492691,-0.44620574,0.607731,0.31751633,-0.70322806,-0.043680266,-0.027830528,-0.422296,0.0,0.0,0.0,0.0041176448576152325,0.0020588225000000003,8.23529,False,0,0.19650269255011285,-0.15459607112029974,0.2022415468225326,0.217671735897172,-0.18394862403593992,0.11358333414662268,0.9999394669646912,0.005382593495797409,-0.0032694630121402717,0.00902269119813771,0.12354892,-0.2330849,0.3045104,0.21846425068515582,3.759498940780759e-05,0.00011504199937917292,0.000827979005407542,0.00026051800523418933,0.0001550779998069629,9.505599155090749e-05,0.0018556569993961602,0.018000081996433437,0.019855738995829597,50.36327281548348,0
325,6.520094715000596,-0.6724484602557581,-1.8014794788756312,1.7716038862811487,-1.5866028271117152,-2.1520622412311,-0.010706726704732716,-0.22320449352264404,-0.401752233505249,-0.8050181269645691,-0.7305400967597961,-0.45222559571266174,-0.178019717335701,-0.24746403098106384,-0.1830858290195465,-0.5817008018493652,-0.41746771335601807,-0.1729181855916977,-0.1212369054555893,0.09480888351079375,-0.5475159210827242,-0.7363730039947999,-0.018600234694470474,-0.013257075472978356,-0.01700839786894192,-0.69013804,-1.7768396,1.7845076,-1.6146911,-2.153332,-0.011744011,-0.69013804,-1.7768396,1.7845076,-1.6146911,-2.153332,-0.011744011,-0.672448456287384,-1.801479458808899,1.7716039419174194,-1.586602807044983,-2.152062177658081,-0.010706726461648941,-0.4422395,0.61599666,0.32259247,-0.70220727,-0.03174261,-0.025932107,-0.42394918,0.0,0.0,0.0,0.0041176448576152325,0.0020588225000000003,8.23529,False,0,0.1965282799542116,-0.15548149799701444,0.20127035166075807,0.21765738986642072,-0.18395499263111717,0.11357618669463226,0.9999441969880957,0.005448666124647163,-0.0024229456635736697,0.008722359919715582,0.12354892,-0.2330849,0.3045104,0.21846288465856117,9.147399396169931e-05,0.00022013700800016522,0.0007377169968094677,0.0003471469972282648,0.00015417700342368335,9.519000013824552e-05,0.002030613992246799,0.017836234997957945,0.019866848990204744,50.335108526422346,0
326,6.540085482003633,-0.6749804655658167,-1.798178335229391,1.7733576933490198,-1.5904470882811488,-2.1524065176593226,-0.010866467152730763,-0.2513648271560669,-0.3740782141685486,-0.7886531352996826,-0.695774257183075,-0.4162634313106537,-0.1979326605796814,-0.24740922451019287,-0.18678468465805054,-0.5830716490745544,-0.4178946316242218,-0.17243018746376038,-0.1142384335398674,0.27078614160380154,-0.029895280311730568,-0.1705512054015037,0.006022341094759409,-0.021839553552455065,-0.013091005062849034,-0.6925409,-1.7733163,1.786364,-1.6185199,-2.1533651,-0.011827664,-0.6925409,-1.7733163,1.786364,-1.6185199,-2.1533651,-0.011827664,-0.6749804615974426,-1.7981783151626587,1.7733577489852905,-1.5904470682144165,-2.1524064540863037,-0.010866466909646988,-0.4390101,0.6215523,0.32515416,-0.7018218,-0.0239656,-0.024029948,-0.4251432,0.0,0.0,0.0,0.0041176448576152325,0.0020588225000000003,8.23529,False,0,0.19653963785723844,-0.1563906951753592,0.20031056080144735,0.21767963739311363,-0.18392553609573734,0.11351054219736387,0.9999385361217168,0.006258054573627705,-0.0020491058770671436,0.008917552174892577,0.12354892,-0.2330849,0.3045104,0.2185364659806786,5.65029913559556e-05,0.0001317770074820146,0.0007325049955397844,0.00031430298986379057,0.00024344499979633838,0.00012803199933841825,0.0021648529946105555,0.017625106003833935,0.01978995899844449,50.53067568652371,0
327,6.560087099001976,-0.6774633566485804,-1.7948137722411097,1.7751596609698694,-1.5943080387511195,-2.15267783800234,-0.011006180440084279,-0.25763651728630066,-0.37001147866249084,-0.8231115341186523,-0.7057203650474548,-0.45203402638435364,-0.19065682590007782,-0.24605417251586914,-0.18789830803871155,-0.5806607007980347,-0.4169453978538513,-0.17159603536128998,-0.10712870210409164,0.2789100886106445,-0.15719057946121362,-0.5012505764816697,0.0030099862281928705,-0.02046487200220023,-0.014454770145355237,-0.69498694,-1.7698112,1.7879498,-1.6224923,-2.1534781,-0.011876321,-0.69498694,-1.7698112,1.7879498,-1.6224923,-2.1534781,-0.011876321,-0.6774633526802063,-1.7948137521743774,1.7751597166061401,-1.5943080186843872,-2.1526777744293213,-0.011006180197000504,-0.4380901,0.6250645,0.3197525,-0.70460874,-0.020009758,-0.021753527,-0.42618203,0.0,0.0,0.0,0.0041176448576152325,0.0020588225000000003,8.23529,False,0,0.19655869172438142,-0.15727538896540216,0.19930973034682872,0.21766032601679322,-0.18391437970763957,0.11352375824579379,0.9999409167269333,0.005770286409113057,-0.001772712571065982,0.009042965823269146,0.12354892,-0.2330849,0.3045104,0.21851910763747084,4.0714992792345583e-05,0.00011816600454039872,0.0005244749918347225,0.0004344119952293113,0.00016196399519685656,0.00010268599726259708,0.0017512219928903505,0.018103857000824064,0.019855078993714415,50.36494693960035,0
328,6.580093887998373,-0.6799281279193323,-1.791351934472555,1.7769501844989222,-1.5982238254942835,-2.152846638356344,-0.011177841817037404,-0.2971374988555908,-0.38576987385749817,-0.8036118149757385,-0.694525957107544,-0.4357069730758667,-0.19135352969169617,-0.28359588980674744,-0.1328929364681244,-0.5603322386741638,-0.4248519539833069,-0.1595919132232666,-0.10000104457139969,0.0508484148330621,-0.2583204634734766,-0.48283940928930513,0.0013541703638690675,-0.013071708365755672,-0.0085195136426936,-0.69726795,-1.7661484,1.7897705,-1.626402,-2.153183,-0.011935866,-0.69726795,-1.7661484,1.7897705,-1.626402,-2.153183,-0.011935866,-0.6799281239509583,-1.7913519144058228,1.7769502401351929,-1.5982238054275513,-2.152846574783325,-0.011177841573953629,-0.43349567,0.6300873,0.32050696,-0.704456,-0.008410485,-0.018950628,-0.42807013,0.0,0.0,0.0,0.0041176448576152325,0.0020588225000000003,8.23529,False,0,0.1966001476705942,-0.15814981878508005,0.19827717030847125,0.2177232989517725,-0.18390648427159928,0.11357191863263866,0.999937200641464,0.00551543490561039,-0.0032956696026162427,0.009179512566838691,0.12354892,-0.2330849,0.3045104,0.21850592705044833,4.0122002246789634e-05,0.00011769399861805141,0.0005095919914310798,0.00042782600212376565,0.00015468199853785336,9.730900637805462e-05,0.0018191679992014542,0.018044655997073278,0.019863823996274732,50.34277388822718,0
329,6.600088863997371,-0.6825164000140589,-1.7877537212767542,1.7788823286639612,-1.602379938165182,-2.1530378500567835,-0.011313740407125294,-0.2423517107963562,-0.4121341407299042,-0.8364445567131042,-0.6939879059791565,-0.406937837600708,-0.18829801678657532,-0.23880861699581146,-0.2086002677679062,-0.5853773355484009,-0.41873741149902344,-0.13503272831439972,-0.0927010029554367,-0.05071835112564907,0.11881378198370374,-0.45375693329533084,0.009366034816630515,-0.012271328774563332,-0.005698510953427387,-0.6996891,-1.7622648,1.7917126,-1.6305256,-2.1529188,-0.011967115,-0.6996891,-1.7622648,1.7917126,-1.6305256,-2.1529188,-0.011967115,-0.6825163960456848,-1.787753701210022,1.778882384300232,-1.6023799180984497,-2.1530377864837646,-0.01131374016404152,-0.42931756,0.63722104,0.32075548,-0.70364064,0.0029754473,-0.016334383,-0.430233,0.0,0.0,0.0,0.0041176448576152325,0.0020588225000000003,8.23529,False,0,0.19663165390702386,-0.1590658185900546,0.19718955264182497,0.2176710889230437,-0.18392543096051356,0.11355859740002207,0.9999415747871355,0.005322638484975296,-0.0024416749961713013,0.009087495557855409,0.12354892,-0.2330849,0.3045104,0.2184908081820383,3.9772989111952484e-05,0.00011476498912088573,0.000821438996354118,0.00034822199086192995,0.0002393000031588599,0.0001179750106530264,0.002067151988740079,0.0177830989996437,0.019850250988383777,50.37719677122434,0
330,6.620093921010266,-0.6850922743426722,-1.7841559849181117,1.780773941670553,-1.6064235172667445,-2.15311843553652,-0.011445347462789357,-0.2106333076953888,-0.4963817298412323,-0.8399869799613953,-0.7296344041824341,-0.4252748191356659,-0.19114184379577637,-0.23274515569210052,-0.2227863222360611,-0.5888850092887878,-0.41230088472366333,-0.10679466277360916,-0.0816858559846878,0.3057972846510746,-0.27294325939456254,-0.5630836322628012,-0.010114413338470957,-0.01972993143669421,-0.01778180623687229,-0.7021846,-1.7585522,1.7934041,-1.6347157,-2.1527972,-0.012013681,-0.7021846,-1.7585522,1.7934041,-1.6347157,-2.1527972,-0.012013681,-0.6850922703742981,-1.7841559648513794,1.7807739973068237,-1.6064234972000122,-2.153118371963501,-0.011445347219705582,-0.427308,0.64009535,0.31575292,-0.7073059,0.008030785,-0.014208342,-0.43071252,0.0,0.0,0.0,0.0041176448576152325,0.0020588225000000003,8.23529,False,0,0.19666055711472125,-0.1599513522351243,0.196086827873959,0.2176544766368929,-0.18394243376761912,0.1135378694483812,0.9999441311087641,0.005397533854063065,-0.0026737214763440974,0.00868835700931495,0.12354892,-0.2330849,0.3045104,0.21849794385282859,4.0907005313783884e-05,0.00011801300570368767,0.0007364360062638298,0.00048745000094641,0.00017468800069764256,0.00018845099839381874,0.0022322440054267645,0.01762988900009077,0.019862133005517535,50.34705989141289,0
331,6.640086143001099,-0.6875532309161585,-1.7805987797179164,1.782511059437887,-1.610525747338766,-2.1532214323626917,-0.011553112660543263,-0.21490907669067383,-0.433882474899292,-0.8244520425796509,-0.7300134897232056,-0.4047636091709137,-0.20884409546852112,-0.23577231168746948,-0.2174748033285141,-0.5856227278709412,-0.4142002761363983,-0.0677405372262001,-0.07147439569234848,0.04854810831827987,0.20434789567094247,-0.2218154543062911,0.004071044421633684,-0.006396586032404778,-0.005071412664693506,-0.7047027,-1.7548374,1.795037,-1.6389318,-2.1529627,-0.012075681,-0.7047027,-1.7548374,1.795037,-1.6389318,-2.1529627,-0.012075681,-0.6875532269477844,-1.780598759651184,1.7825111150741577,-1.6105257272720337,-2.153221368789673,-0.011553112417459488,-0.42873582,0.6440344,0.31314898,-0.7101502,0.006464696,-0.013064214,-0.43078712,0.0,0.0,0.0,0.0041176448576152325,0.0020588225000000003,8.23529,False,0,0.19672805826020676,-0.16084042374565075,0.1950471641959237,0.21769265107962255,-0.18391297807228266,0.1135613299914434,0.9999399654298088,0.0057366863448869675,-0.0024726258468970174,0.009004203964959143,0.12354892,-0.2330849,0.3045104,0.21850051169210283,7.994400220923126e-05,0.0002260979963466525,0.0006585849914699793,0.0002967629989143461,0.00020177099213469774,0.00012120700557716191,0.0020926379947923124,0.017691193002974615,0.019783830997766927,50.54632745866428,0
332,6.660086527001113,-0.6899612585650843,-1.777055402795309,1.7843411604510706,-1.6143948040404261,-2.1531947294818323,-0.011648480092183888,-0.24907948076725006,-0.4589559733867645,-0.8176902532577515,-0.7791534066200256,-0.40108606219291687,-0.17618854343891144,-0.24273502826690674,-0.2127951979637146,-0.5838660597801208,-0.4162565767765045,-0.030497707426548004,-0.061810269951820374,0.06780418484573063,-0.12871019366507427,-0.5601997217408987,-0.0011177671635013199,-0.011847534817045029,-0.011123220470694986,-0.7070103,-1.7510983,1.7967384,-1.6428711,-2.1526425,-0.012088819,-0.7070103,-1.7510983,1.7967384,-1.6428711,-2.1526425,-0.012088819,-0.6899612545967102,-1.7770553827285767,1.7843412160873413,-1.6143947839736938,-2.1531946659088135,-0.011648479849100113,-0.42622703,0.64892805,0.30992842,-0.71190745,0.013806768,-0.011008488,-0.43193886,0.0,0.0,0.0,0.0041176448576152325,0.0020588225000000003,8.23529,False,0,0.19676398262444603,-0.16165657853077378,0.19394158151221183,0.2176600446582714,-0.18391682684286514,0.11352044798014026,0.999939404390761,0.005886475987944646,-0.002367421063996613,0.008997790191302014,0.12354892,-0.2330849,0.3045104,0.21852132902971041,4.008800897281617e-05,0.00012067300849594176,0.0005348749982658774,0.00040029900264926255,0.00014327300596050918,8.897700172383338e-05,0.0016847119986778125,0.018173994991229847,0.01985870698990766,50.355745744584844,0
333,6.680085541011067,-0.692324463521139,-1.7735101185240687,1.7860592047320765,-1.6182409725584925,-2.153187100087301,-0.011740986500875294,-0.2868599593639374,-0.42162948846817017,-0.8084596991539001,-0.7386111617088318,-0.3742051124572754,-0.16125944256782532,-0.24792908132076263,-0.21226884424686432,-0.5839405655860901,-0.4179988205432892,-0.009141099639236927,-0.05427881330251694,0.391659683755078,-0.6523096739979721,-0.5306857930892417,-0.013034949489383076,-0.021867429900427327,-0.019395122939620594,-0.70926136,-1.7472849,1.7986192,-1.6466256,-2.1523747,-0.012092562,-0.70926136,-1.7472849,1.7986192,-1.6466256,-2.1523747,-0.012092562,-0.6923244595527649,-1.7735100984573364,1.7860592603683472,-1.6182409524917603,-2.1531870365142822,-0.01174098625779152,-0.42342237,0.6556291,0.31399837,-0.709618,0.0203048,-0.008789394,-0.4341765,0.0,0.0,0.0,0.0041176448576152325,0.0020588225000000003,8.23529,False,0,0.1968112273672801,-0.16247558738759943,0.19286749924999258,0.21765379632051435,-0.18393734014042074,0.11353078784050763,0.9999413120441407,0.005756922683356375,-0.002212188484908179,0.008906625174583287,0.12354892,-0.2330849,0.3045104,0.21850498601530924,3.7810998037457466e-05,0.00010626998846419156,0.0004737679992103949,0.0004867990064667538,0.0001725129986880347,9.436199616175145e-05,0.0018192690040450543,0.018035514003713615,0.01985478300775867,50.36569775702052,0
334,6.700073590996908,-0.694711987172262,-1.7699643574156703,1.7878201643573206,-1.6222030125060023,-2.153187100087301,-0.011805359517232716,-0.24879543483257294,-0.4107758104801178,-0.8316099643707275,-0.6913920044898987,-0.3331385850906372,-0.1706831157207489,-0.24832963943481445,-0.21384231746196747,-0.5834148526191711,-0.4179750680923462,-0.00020046293502673507,-0.04820610582828522,0.18902986652269987,-0.0065361322668939514,-0.2320323556591461,0.008726068179784337,-0.01604122564719285,-0.009153199113094186,-0.71145827,-1.7435687,1.8002038,-1.6506159,-2.1519332,-0.012036174,-0.71145827,-1.7435687,1.8002038,-1.6506159,-2.1519332,-0.012036174,-0.6947119832038879,-1.769964337348938,1.7878202199935913,-1.62220299243927,-2.1531870365142822,-0.011805359274148941,-0.4186575,0.6598906,0.3095897,-0.7103223,0.031346947,-0.005770351,-0.43619323,0.0,0.0,0.0,0.0041176448576152325,0.0020588225000000003,8.23529,False,0,0.19685734984390857,-0.16330716042702326,0.19178932906286045,0.21764379415664054,-0.18397185760752646,0.11355978401235872,0.9999428080297409,0.00555372339554363,-0.002138101294934659,0.008889053166411445,0.12354892,-0.2330849,0.3045104,0.21846757261919172,3.956900036428124e-05,0.00011548100155778229,0.0008015320054255426,0.0003653049934655428,0.00024176100851036608,0.00012009400234092027,0.0021145620121387765,0.017725934987538494,0.01984049699967727,50.401963217769506,0
335,6.720095872005913,-0.6970341841327112,-1.766393323937887,1.7895858923541468,-1.6260420284666957,-2.1531508604632776,-0.011872593556539357,-0.26297134160995483,-0.4706934094429016,-0.857149064540863,-0.6963858008384705,-0.25645712018013,-0.17537537217140198,-0.2470378279685974,-0.215115025639534,-0.581135094165802,-0.41642558574676514,0.020012401044368744,-0.041221875697374344,-0.042006862835687275,-0.245459602366906,-0.6814386884823127,0.004429399396393606,-0.0036692167515114636,-0.003228089170871562,-0.7135849,-1.7397579,1.801992,-1.654407,-2.1514418,-0.011984542,-0.7135849,-1.7397579,1.801992,-1.654407,-2.1514418,-0.011984542,-0.6970341801643372,-1.7663933038711548,1.7895859479904175,-1.6260420083999634,-2.153150796890259,-0.011872593313455582,-0.41376865,0.6658845,0.31015348,-0.7091264,0.042727437,-0.0027987212,-0.43845826,0.0,0.0,0.0,0.0041176448576152325,0.0020588225000000003,8.23529,False,0,0.1968934190438663,-0.16410264688427972,0.19068474038553962,0.21764725523518383,-0.18390302990593857,0.11360034588930007,0.9999433814668067,0.005037206347375245,-0.0032710391441085635,0.008781433150942012,0.12354892,-0.2330849,0.3045104,0.21844909719229144,3.989000106230378e-05,0.0002242239861516282,0.0007575650088256225,0.00028696599474642426,0.0002521580026950687,9.564800711814314e-05,0.002056208992144093,0.017824198002927005,0.019880406995071098,50.30078107796926,0
336,6.7400867710093735,-0.6993702093707483,-1.7628385029234828,1.791274372731344,-1.6300112209715785,-2.153074566517965,-0.011936489735738576,-0.3000965118408203,-0.42387062311172485,-0.8295742273330688,-0.6738406419754028,-0.1957213133573532,-0.16961148381233215,-0.24504563212394714,-0.21987785398960114,-0.5818965435028076,-0.4163719117641449,0.046192239969968796,-0.032655470073223114,0.1968340156149015,-0.2849439887152789,-0.44629733996863585,0.0046181398314482725,-0.017994081559228336,-0.009104249158768991,-0.71591,-1.7360227,1.8037088,-1.6583581,-2.151384,-0.011954214,-0.71591,-1.7360227,1.8037088,-1.6583581,-2.151384,-0.011954214,-0.6993702054023743,-1.7628384828567505,1.7912744283676147,-1.6300112009048462,-2.1530745029449463,-0.0119364894926548,-0.41349554,0.6703937,0.31085926,-0.70867234,0.042261507,-0.00044313064,-0.44039166,0.0,0.0,0.0,0.0041176448576152325,0.0020588225000000003,8.23529,False,0,0.19695639961777733,-0.16491830857257078,0.18961192469536314,0.2176832132850388,-0.1839442898168014,0.11362772304498601,0.9999428510222952,0.005083152888584572,-0.0035869075701562285,0.00869581102980084,0.12354892,-0.2330849,0.3045104,0.2184313790776434,0.00012240700016263872,0.00014872901374474168,0.0007389249949483201,0.0003508649970171973,0.0002225889911642298,0.0001411199918948114,0.00226121699961368,0.017530542012536898,0.019791759012150578,50.526080040994785,0
337,6.760111365001649,-0.7017133871661585,-1.7591902218260707,1.7929876486407679,-1.6339508495726527,-2.1528947989093226,-0.011937443410054982,-0.24832186102867126,-0.408497154712677,-0.7728980183601379,-0.6716209053993225,-0.18020343780517578,-0.15800774097442627,-0.24309387803077698,-0.22307869791984558,-0.5811901092529297,-0.4158271849155426,0.08149927854537964,-0.021575698629021645,-0.04002598268082686,-0.004268786781552361,-0.19581523961849578,0.0107965267129206,-0.012604409505606002,-0.004897552510885894,-0.7179669,-1.732235,1.8051971,-1.6623608,-2.1505973,-0.011824864,-0.7179669,-1.732235,1.8051971,-1.6623608,-2.1505973,-0.011824864,-0.7017133831977844,-1.7591902017593384,1.7929877042770386,-1.6339508295059204,-2.1528947353363037,-0.011937443166971207,-0.4063381,0.6738823,0.30523476,-0.71024996,0.05743669,0.0028144715,-0.44188932,0.0,0.0,0.0,0.0041176448576152325,0.0020588225000000003,8.23529,False,0,0.19701919297787046,-0.16571288734616357,0.18848883155070126,0.2176766523677561,-0.18393015973668764,0.11355019605838217,0.9999414886048467,0.005582405309401798,-0.002384285278382765,0.008952258323817993,0.12354892,-0.2330849,0.3045104,0.21849948339884917,3.903498873114586e-05,0.00011798700143117458,0.0005413210019469261,0.00040258299850393087,0.0001539679942652583,9.863499144557863e-05,0.0017172740044770762,0.018163478991482407,0.019880752995959483,50.29990565262984,0
338,6.78008664000663,-0.7040227095233362,-1.7555085621275843,1.7947304884540003,-1.6378900013365687,-2.152670685444967,-0.01199657121767217,-0.23468251526355743,-0.4540524482727051,-0.8411653637886047,-0.7124098539352417,-0.16750980913639069,-0.16192957758903503,-0.24425703287124634,-0.2277260422706604,-0.5812181830406189,-0.41585224866867065,0.1021278128027916,-0.010757538489997387,-0.02990376086285522,-0.1105265842278976,-0.44773878178347004,0.004318512952197619,-0.008336672418240206,-0.008012251788926374,-0.7201315,-1.7284366,1.8065295,-1.6664422,-2.1499817,-0.011773109,-0.7201315,-1.7284366,1.8065295,-1.6664422,-2.1499817,-0.011773109,-0.7040227055549622,-1.755508542060852,1.794730544090271,-1.6378899812698364,-2.1526706218719482,-0.011996570974588394,-0.40272018,0.67679954,0.2949744,-0.7138056,0.06722116,0.005586543,-0.44268754,0.0,0.0,0.0,0.0041176448576152325,0.0020588225000000003,8.23529,False,0,0.19708263087115682,-0.16648846623013192,0.18733978407154328,0.21769760981204872,-0.18389320980784823,0.11356155948082748,0.999940748856828,0.005497179025650812,-0.0026395476137297566,0.00901753479651434,0.12354892,-0.2330849,0.3045104,0.2185068972319335,4.0009006625041366e-05,0.00011693200212903321,0.0004965609987266362,0.0004790819948539138,0.00017513000057078898,9.908899664878845e-05,0.0018054200045298785,0.018024688004516065,0.019830108009045944,50.42836879878959,0
339,6.800085912007489,-0.706282917653219,-1.7517758808531703,1.796448055897848,-1.641897817651266,-2.152414623891012,-0.011999909077779591,-0.2807679772377014,-0.4292946755886078,-0.7820817828178406,-0.7611542344093323,-0.16077357530593872,-0.16304048895835876,-0.27731627225875854,-0.17138685286045074,-0.5649871230125427,-0.42548292875289917,0.10526929050683975,0.0012613177532330155,-0.1394033224621356,-0.26631080018339065,-0.38419885521055075,-0.0058261441930098435,-0.004212694029450034,-0.010169331684785553,-0.722135,-1.7246218,1.8081635,-1.6704065,-2.1492867,-0.011623768,-0.722135,-1.7246218,1.8081635,-1.6704065,-2.1492867,-0.011623768,-0.706282913684845,-1.751775860786438,1.7964481115341187,-1.6418977975845337,-2.152414560317993,-0.011999908834695816,-0.3963023,0.6788527,0.292885,-0.712717,0.07819392,0.009403524,-0.44493303,0.0,0.0,0.0,0.0041176448576152325,0.0020588225000000003,8.23529,False,0,0.1971669522797611,-0.16726017650823555,0.18618467015718002,0.21763078673595898,-0.18390701786773223,0.11360147679466139,0.9999400531166848,0.005813394673695563,-0.0028924782466750146,0.008817534732359066,0.12354892,-0.2330849,0.3045104,0.21844011756639606,4.031699791084975e-05,0.0001147760049207136,0.0005126509931869805,0.0005397310014814138,0.00023904700356069952,0.00012261299707461149,0.0020954330102540553,0.01776191999670118,0.019857353006955236,50.35917927478753,0
340,6.820106194005348,-0.7087157408343714,-1.747786661187643,1.7981866041766565,-1.646104475060934,-2.1521666685687464,-0.011976544057027638,-0.22146373987197876,-0.459539532661438,-0.7937915325164795,-0.7188109159469604,-0.12307318300008774,-0.12281148880720139,-0.2339823842048645,-0.24907861649990082,-0.5892787575721741,-0.41959044337272644,0.10472176969051361,0.015269541181623936,-0.09216879509344866,-0.04203281773716137,-0.17285594452295017,0.009909284164216386,-0.011076089392748062,-0.003989284732381075,-0.72429484,-1.720387,1.8099808,-1.6744394,-2.1485653,-0.011434895,-0.72429484,-1.720387,1.8099808,-1.6744394,-2.1485653,-0.011434895,-0.7087157368659973,-1.7477866411209106,1.7981866598129272,-1.6461044549942017,-2.1521666049957275,-0.011976543813943863,-0.38947737,0.6849922,0.2948522,-0.708374,0.09003172,0.013541228,-0.4484965,0.0,0.0,0.0,0.0041176448576152325,0.0020588225000000003,8.23529,False,0,0.19724689965493586,-0.16809251545714488,0.18497304517371072,0.2177042956842222,-0.18391030090898636,0.11355447030432761,0.9999386280394927,0.005849133810637745,-0.002866177387020087,0.008960624096401812,0.12354892,-0.2330849,0.3045104,0.2185121262473289,3.743199340533465e-05,0.00027964700711891055,0.0007679609989281744,0.0003514909913064912,0.00015493899991270155,9.579600009601563e-05,0.0021358130034059286,0.017747360005159862,0.01988317300856579,50.29378357112288,0
341,6.840094154002145,-0.711069409047262,-1.7437874279417933,1.7999165693866175,-1.6502639255919398,-2.1517632643329065,-0.011992756520406544,-0.22733533382415771,-0.5279625058174133,-0.7727987170219421,-0.7053125500679016,-0.15707312524318695,-0.08390883356332779,-0.22835242748260498,-0.266017347574234,-0.5917444825172424,-0.41283321380615234,0.10428253561258316,0.024767518043518066,0.10869015490188796,0.33041622152337213,-0.6478365178579473,0.0054093465485770854,-0.010157052162681344,-0.005673058486484118,-0.72667265,-1.7162112,1.8117278,-1.678632,-2.1482456,-0.01136986,-0.72667265,-1.7162112,1.8117278,-1.678632,-2.1482456,-0.01136986,-0.7110694050788879,-1.743787407875061,1.7999166250228882,-1.6502639055252075,-2.1517632007598877,-0.01199275627732277,-0.3900806,0.68940634,0.29527888,-0.70920277,0.08793866,0.015572411,-0.45042324,0.0,0.0,0.0,0.0041176448576152325,0.0020588225000000003,8.23529,False,0,0.19734739775452145,-0.1688786007353693,0.18373395813759474,0.2176547772567598,-0.18392147056963412,0.11356530688838191,0.9999410732478473,0.005781708736861379,-0.0029169404438470765,0.008710898551814245,0.12354892,-0.2330849,0.3045104,0.21847880906706862,5.609799700323492e-05,0.00025547500990796834,0.000752365987864323,0.0003050099912798032,0.0001568200095789507,0.00011650701344478875,0.0021061729930806905,0.017674597998848185,0.019780770991928875,50.554146772541316,0
342,6.860076835000655,-0.7133148352252405,-1.7399708233275355,1.801617447529928,-1.6541944942870082,-2.151334587727682,-0.011980358754293263,-0.22698095440864563,-0.5313317775726318,-0.7977458238601685,-0.6567671298980713,-0.1356951743364334,-0.02387250028550625,-0.23132890462875366,-0.2580219507217407,-0.5868005156517029,-0.4137471914291382,0.10532806813716888,0.03796277195215225,-0.27956843914941715,-0.003927913848703363,-0.34317047359550784,0.004616038318038997,-0.003500284622438933,-0.0019512630115355682,-0.728873,-1.7121973,1.8133514,-1.6825366,-2.14774,-0.011255905,-0.728873,-1.7121973,1.8133514,-1.6825366,-2.14774,-0.011255905,-0.7133148312568665,-1.7399708032608032,1.8016175031661987,-1.6541944742202759,-2.151334524154663,-0.011980358511209488,-0.3889546,0.6943367,0.29334792,-0.7085529,0.0898647,0.018111348,-0.4530289,0.0,0.0,0.0,0.0041176448576152325,0.0020588225000000003,8.23529,False,0,0.1974283600793984,-0.16960752444480465,0.18252452565444102,0.21763684189501442,-0.18396244393469113,0.1135841828834623,0.9999431915473997,0.005448187965812101,-0.0024259142623677976,0.008832469741282992,0.12354892,-0.2330849,0.3045104,0.21844536933201003,5.5181997595354915e-05,0.00013170699821785092,0.000581183994654566,0.0002897950034821406,0.0001543709950055927,0.00010110301082022488,0.0017529499891679734,0.018029154001851566,0.01978210399101954,50.55074022732713,0
343,6.880132097998285,-0.7155006567584437,-1.7363048992552699,1.8032754103290003,-1.6580945454039515,-2.1508591810809534,-0.011963669453756154,-0.2820965647697449,-0.47074422240257263,-0.8001094460487366,-0.6833571791648865,-0.14775517582893372,0.0254756361246109,-0.24039454758167267,-0.2484000027179718,-0.5820865631103516,-0.4148942530155182,0.10462826490402222,0.05109142139554024,0.21718934944645263,-0.29925298934639355,-0.7413651095327045,-0.0069113667157432255,-0.009433751741124647,-0.005299351623209602,-0.7309952,-1.7083969,1.8148991,-1.6864388,-2.1471696,-0.011134769,-0.7309952,-1.7083969,1.8148991,-1.6864388,-2.1471696,-0.011134769,-0.7155006527900696,-1.7363048791885376,1.803275465965271,-1.6580945253372192,-2.1508591175079346,-0.011963669210672379,-0.38736302,0.6976993,0.29058963,-0.7086063,0.09223812,0.020722505,-0.45520553,0.0,0.0,0.0,0.0041176448576152325,0.0020588225000000003,8.23529,False,0,0.19751763931159885,-0.17031396347077113,0.18135595705233876,0.2176762318208053,-0.18398257388213768,0.11361351654462619,0.9999439059998617,0.005386301507518145,-0.0029000806478320456,0.008645127926104315,0.12354892,-0.2330849,0.3045104,0.21843217628541434,0.0001467099937144667,0.00011868099682033062,0.0004969569999957457,0.0002829930017469451,0.00015265999536495656,9.868400229606777e-05,0.0016689259937265888,0.018226248997962102,0.01989517499168869,50.26344329304744,0
344,6.900133743998595,-0.7176831404315394,-1.7324916325011195,1.804885212575094,-1.6620661220946253,-2.1504343191729944,-0.011888806019918263,-0.22971703112125397,-0.44780728220939636,-0.7954972386360168,-0.6653028130531311,-0.12358357757329941,0.08497004210948944,-0.24455082416534424,-0.2473287433385849,-0.5804653763771057,-0.41531887650489807,0.10401181131601334,0.058836132287979126,0.045517195997893625,0.013224630452322264,-0.34797664930026606,0.004450239288700086,-0.017657955935297648,0.000676341325560356,-0.7329333,-1.7044761,1.8164845,-1.6903152,-2.146402,-0.010907842,-0.7329333,-1.7044761,1.8164845,-1.6903152,-2.146402,-0.010907842,-0.7176831364631653,-1.7324916124343872,1.8048852682113647,-1.662066102027893,-2.1504342555999756,-0.011888805776834488,-0.38125393,0.7003883,0.28998065,-0.7062301,0.10081068,0.024524111,-0.45786494,0.0,0.0,0.0,0.0041176448576152325,0.0020588225000000003,8.23529,False,0,0.19761572921360893,-0.17104328372055563,0.18017389407467646,0.21764721921336652,-0.18392412691908117,0.11351776849868538,0.9999438875979682,0.005517047487552603,-0.002678707367024587,0.008634286940855634,0.12354892,-0.2330849,0.3045104,0.21851650527699992,0.00018979900050908327,0.00011836799967568368,0.0004904009983874857,0.00026537300436757505,0.0002358719939365983,0.00012242200318723917,0.0017846409900812432,0.018073216997436248,0.01985785798751749,50.357898652946,0
345,6.920096421003109,-0.7198336760150355,-1.728621622125143,1.8064520994769495,-1.6660086117186488,-2.149903122578756,-0.011768643056051076,-0.20046517252922058,-0.5217727422714233,-0.7838929891586304,-0.6576442718505859,-0.1350739598274231,0.11204707622528076,-0.24495819211006165,-0.25317803025245667,-0.581087589263916,-0.4155244827270508,0.10408537834882736,0.06508808583021164,-0.031758821949056854,-0.03140743294654348,-0.23905806999646856,-0.0020404714530512227,-0.015737496975264748,0.014495242499869644,-0.7347134,-1.700524,1.8176215,-1.6943274,-2.1451304,-0.010642823,-0.7347134,-1.700524,1.8176215,-1.6943274,-2.1451304,-0.010642823,-0.7198336720466614,-1.7286216020584106,1.8064521551132202,-1.6660085916519165,-2.1499030590057373,-0.0117686428129673,-0.37199277,0.7024412,0.27923387,-0.7079697,0.11931757,0.028145498,-0.4594379,0.0,0.0,0.0,0.0041176448576152325,0.0020588225000000003,8.23529,False,0,0.19773040195832925,-0.1717511221168606,0.17897089550820486,0.21772849939387573,-0.18386755232696111,0.11353534536377118,0.9999417510138856,0.005888500723902679,-0.0026080387300070804,0.008659467186972001,0.12354892,-0.2330849,0.3045104,0.21854889211831735,3.8829995901323855e-05,0.00011774599261116236,0.000519711000379175,0.0002322329964954406,0.00015467499906662852,9.86969971563667e-05,0.0015808269963599741,0.01823770100600086,0.019818528002360836,50.45783419842671,0
346,6.940130371003761,-0.7219803969012659,-1.7247487507262171,1.8081300894366663,-1.6698976955809535,-2.1493781248675745,-0.011602226887838185,-0.2508161664009094,-0.5145270228385925,-0.855362057685852,-0.711240291595459,-0.13315871357917786,0.10091349482536316,-0.24254488945007324,-0.2581923305988312,-0.5810297727584839,-0.4154462516307831,0.10493545979261398,0.07257009297609329,-0.2778516608673716,0.07947902155075565,-0.936816171801711,-0.004879779203791937,-0.01584511679167443,0.04028870949039191,-0.73696214,-1.696488,1.8191026,-1.6982431,-2.1447492,-0.010393968,-0.73696214,-1.696488,1.8191026,-1.6982431,-2.1447492,-0.010393968,-0.7219803929328918,-1.7247487306594849,1.808130145072937,-1.6698976755142212,-2.1493780612945557,-0.01160222664475441,-0.3745442,0.70651734,0.27431136,-0.7086355,0.115723915,0.030206477,-0.4615472,0.0,0.0,0.0,0.0041176448576152325,0.0020588225000000003,8.23529,False,0,0.1978124235242394,-0.17243362676732948,0.17772731583284404,0.21769754497731444,-0.18398791737503478,0.11351223904221384,0.9999448238623888,0.005509607515325597,-0.002500101810031003,0.008590655016013485,0.12354892,-0.2330849,0.3045104,0.2185286732749394,4.058600461576134e-05,0.00012523199256975204,0.0005290749977575615,0.0002465050056343898,0.0001553309994051233,0.00010181601101066917,0.0015897060075076297,0.01829869599896483,0.01988840200647246,50.28056048316808,0
347,6.9601410390023375,-0.7240937391864222,-1.720914979974264,1.8097828070269983,-1.6738835773863734,-2.1488588492022913,-0.01148540178407842,-0.24165093898773193,-0.4433514177799225,-0.8326019644737244,-0.7450704574584961,-0.11378861218690872,0.1284535527229309,-0.23842158913612366,-0.26326513290405273,-0.5841262340545654,-0.41629233956336975,0.10737984627485275,0.08531835675239563,-0.0038201362466209754,-0.08522181664773437,-0.45471392514223596,-0.014637883307990639,-0.02563460657488631,0.052429251845057624,-0.73878247,-1.6924957,1.8208575,-1.7020763,-2.143766,-0.010141447,-0.73878247,-1.6924957,1.8208575,-1.7020763,-2.143766,-0.010141447,-0.7240937352180481,-1.7209149599075317,1.809782862663269,-1.6738835573196411,-2.1488587856292725,-0.011485401540994644,-0.36721858,0.7104815,0.2768662,-0.7048186,0.12732144,0.03359886,-0.46470112,0.0,0.0,0.0,0.0041176448576152325,0.0020588225000000003,8.23529,False,0,0.19791034613742414,-0.17312287715234256,0.17650836389231872,0.21768193380914042,-0.18397107279386057,0.11355069941972043,0.9999476891201058,0.0054280880520390495,-0.0026735447488341565,0.008246049854275591,0.12354892,-0.2330849,0.3045104,0.21849211844426125,4.027099930681288e-05,0.00012389100447762758,0.0004995509953005239,0.0002880060055758804,0.00015560899919364601,0.00010011999984271824,0.0015971429966157302,0.018265919003169984,0.019863061999785714,50.344705162315265,0
348,6.980090990997269,-0.7261837164508265,-1.7170459232726039,1.8112691084491175,-1.6777698002257289,-2.148266617451803,-0.01136953035463506,-0.26582586765289307,-0.4656289517879486,-0.7829104065895081,-0.7298883199691772,-0.11529296636581421,0.15075653791427612,-0.2418716847896576,-0.2648210823535919,-0.5840508341789246,-0.41632357239723206,0.10686653852462769,0.10108966380357742,0.2099331538215674,0.03619039611643323,-0.14906903213944456,-0.01827438169358245,-0.051973574040566045,0.05665893408442395,-0.74074274,-1.6885778,1.8221334,-1.7059801,-2.1430492,-0.009889785,-0.74074274,-1.6885778,1.8221334,-1.7059801,-2.1430492,-0.009889785,-0.7261837124824524,-1.7170459032058716,1.8112691640853882,-1.6777697801589966,-2.148266553878784,-0.011369530111551285,-0.36397612,0.71170205,0.2716066,-0.7052567,0.13043013,0.036993615,-0.46700084,0.0,0.0,0.0,0.0041176448576152325,0.0020588225000000003,8.23529,False,0,0.19802840424502147,-0.17380533004043086,0.17530924364082998,0.2177454186364922,-0.18399170272513055,0.1135528368120446,0.9999483323790727,0.004982670665008555,-0.0033059524796843023,0.008218049585768366,0.12354892,-0.2330849,0.3045104,0.21851297347713644,4.0297003579325974e-05,0.00012245000107213855,0.0005540889978874475,0.000312112009851262,0.00017093999485950917,0.00011644400365184993,0.001719149004202336,0.018081997986882925,0.01980114699108526,50.502124975397294,0
349,7.000101509009255,-0.7282627264605921,-1.7130876980223597,1.8128464857684534,-1.6817103825011195,-2.14762527147402,-0.011197868977681935,-0.2234150916337967,-0.5389439463615417,-0.8338714241981506,-0.6991845965385437,-0.12138362228870392,0.14977219700813293,-0.24025839567184448,-0.2680761218070984,-0.580698549747467,-0.41529878973960876,0.10703061521053314,0.11647292226552963,-0.1786216138759655,0.3105450961675139,-0.499689742368946,-0.016393767997333913,-0.039359537537333025,0.08685998193939863,-0.7426138,-1.6845081,1.8234969,-1.7098676,-2.1420798,-0.009576233,-0.7426138,-1.6845081,1.8234969,-1.7098676,-2.1420798,-0.009576233,-0.728262722492218,-1.7130876779556274,1.8128465414047241,-1.6817103624343872,-2.147625207901001,-0.01119786873459816,-0.3587766,0.7144896,0.2662601,-0.7039304,0.1386366,0.040540893,-0.46971163,0.0,0.0,0.0,0.0041176448576152325,0.0020588225000000003,8.23529,False,0,0.19814310507576965,-0.17447079089501843,0.17405524200069777,0.21774604427679253,-0.18399362860074572,0.11352876938691159,0.9999479925818004,0.0058147674812099965,-0.0019910228034204632,0.008135515039259205,0.12354892,-0.2330849,0.3045104,0.2185338432532552,4.46699996246025e-05,0.00013001701154280454,0.0005521569983102381,0.00038880899955984205,0.0002638849982758984,0.0001352580002276227,0.0019502690120134503,0.01789498599828221,0.01984525501029566,50.389879065862495,0
350,7.020095668005524,-0.7302845160113733,-1.7091390095152796,1.8144171873675745,-1.6855446300902308,-2.1468828360186976,-0.011021916066304982,-0.28756099939346313,-0.5379397869110107,-0.8492071628570557,-0.6871020197868347,-0.1327308863401413,0.15253464877605438,-0.2399011254310608,-0.27358683943748474,-0.5815720558166504,-0.4153807759284973,0.10715274512767792,0.13036957383155823,-0.20453002954609464,-0.3395542028334099,-0.6043461666728673,-0.05161231345359995,-0.034159079444958815,0.09359778050130102,-0.74446136,-1.6804023,1.8251077,-1.713564,-2.1410897,-0.009275645,-0.74446136,-1.6804023,1.8251077,-1.713564,-2.1410897,-0.009275645,-0.7302845120429993,-1.7091389894485474,1.8144172430038452,-1.6855446100234985,-2.1468827724456787,-0.011021915823221207,-0.35442072,0.7184192,0.2672601,-0.70048517,0.14482611,0.04365678,-0.47293437,0.0,0.0,0.0,0.0041176448576152325,0.0020588225000000003,8.23529,False,0,0.19825992933982395,-0.17509371903952947,0.1727809158827674,0.21776944790432948,-0.18402637047706727,0.11347908516943536,0.9999502993780781,0.005751084382209484,-0.0015387849667726824,0.00799484826844955,0.12354892,-0.2330849,0.3045104,0.21858000071057718,4.437798634171486e-05,0.0001287339982809499,0.0005580069991992787,0.00033071399957407266,0.00017474099877290428,0.00011035399802494794,0.0018465019966242835,0.017990110005484894,0.019836612002109177,50.41183443491623,0
351,7.040093874005834,-0.732337776814596,-1.7052885494627894,1.8159149328814905,-1.6894360981383265,-2.1462419668780726,-0.010814491902486623,-0.2653330862522125,-0.5001079440116882,-0.8425703048706055,-0.6151924133300781,-0.11404057592153549,0.16349700093269348,-0.23929885029792786,-0.27655234932899475,-0.5819758176803589,-0.4153848886489868,0.10757743567228317,0.14202213287353516,0.08315203687553228,0.19598584611372424,-0.3780722408255985,-0.03236966308078025,-0.04465294574196187,0.09596360800424297,-0.74614114,-1.6764312,1.8267463,-1.717192,-2.1399467,-0.008902148,-0.74614114,-1.6764312,1.8267463,-1.717192,-2.1399467,-0.008902148,-0.7323377728462219,-1.7052885293960571,1.8159149885177612,-1.6894360780715942,-2.1462419033050537,-0.010814491659402847,-0.34508386,0.7214323,0.27078363,-0.69389886,0.15738234,0.047808588,-0.4770233,0.0,0.0,0.0,0.0041176448576152325,0.0020588225000000003,8.23529,False,0,0.19837021944214103,-0.1757517900421392,0.17156999739118553,0.21774781937856014,-0.18408188795570762,0.11348795025026596,0.9999556935413945,0.0048941774407099915,-0.0022689801390543577,0.007711396178792158,0.12354892,-0.2330849,0.3045104,0.21855047565389693,6.200099596753716e-05,0.00026586100284475833,0.0008309699915116653,0.00024912800290621817,0.00017929098976310343,0.00014498099335469306,0.002226080992841162,0.017614060008781962,0.019840141001623124,50.40286759646466,0
352,7.060090779006714,-0.7343090216266077,-1.7014042339720667,1.8173602263080042,-1.693352838555807,-2.1455095450030726,-0.010610882435933888,-0.25620362162590027,-0.49460044503211975,-0.79975426197052,-0.663381814956665,-0.11342793703079224,0.17047706246376038,-0.23864921927452087,-0.27835842967033386,-0.5797222852706909,-0.4142451882362366,0.10839127749204636,0.14215600490570068,0.4988144611382586,0.07929879661870858,-0.33241735167417324,-0.030259924605731646,-0.05544327666244518,0.0802183667903839,-0.7480685,-1.6725761,1.8279003,-1.7212129,-2.1392443,-0.008587375,-0.7480685,-1.6725761,1.8279003,-1.7212129,-2.1392443,-0.008587375,-0.7343090176582336,-1.7014042139053345,1.817360281944275,-1.6933528184890747,-2.1455094814300537,-0.010610882192850113,-0.3439877,0.72070366,0.26350132,-0.69650096,0.15663013,0.050587673,-0.4785838,0.0,0.0,0.0,0.0041176448576152325,0.0020588225000000003,8.23529,False,0,0.19851386339479205,-0.17638888610801132,0.17035366323586046,0.21780007050163644,-0.18406360730162574,0.11347761296886652,0.9999569100319792,0.00526634076603702,-0.0016098389192121876,0.007471511261863585,0.12354892,-0.2330849,0.3045104,0.21858613518894382,4.414800787344575e-05,0.00023687200155109167,0.0007041650096653029,0.0003318330127513036,0.0001692869991529733,0.00010433900752104819,0.001999339001486078,0.017836951999925077,0.019836291001411155,50.41265022422085,0
353,7.080083728011232,-0.7362597624408167,-1.697348257104391,1.8188417593585413,-1.6972547970213832,-2.1446741263019007,-0.010382954274312794,-0.27126777172088623,-0.5089075565338135,-0.7948167324066162,-0.6486321687698364,-0.1085667759180069,0.14819900691509247,-0.23600804805755615,-0.28315237164497375,-0.5774471163749695,-0.4129599332809448,0.10944315791130066,0.14240828156471252,-0.13047206295137617,0.0350541423965707,-0.4422595712669994,-0.0250306431591691,-0.03220761426571679,0.09238810402409556,-0.7498284,-1.6683912,1.8291961,-1.7250259,-2.1381154,-0.008226389,-0.7498284,-1.6683912,1.8291961,-1.7250259,-2.1381154,-0.008226389,-0.7362597584724426,-1.6973482370376587,1.818841814994812,-1.6972547769546509,-2.144674062728882,-0.01038295403122902,-0.33921584,0.72392505,0.25885606,-0.6942776,0.16396834,0.053914126,-0.48180684,0.0,0.0,0.0,0.0041176448576152325,0.0020588225000000003,8.23529,False,0,0.19866281083652465,-0.176998478011689,0.1690639271527814,0.21784594689062897,-0.18413345247915938,0.11353066071881909,0.9999584663127581,0.005115405465908213,-0.002081770164856988,0.0072491806807185675,0.12354892,-0.2330849,0.3045104,0.21854390995024456,4.789899685420096e-05,0.00025667900627013296,0.0008258629968622699,0.0004132109897909686,0.00019732600776478648,0.00014442300016526133,0.00233439399744384,0.01748008100548759,0.01981447500293143,50.46815521743857,0
354,7.10008606100746,-0.738230053578512,-1.6933123073973597,1.820367161427633,-1.7011105022826136,-2.1438420454608362,-0.010131184254781544,-0.23207497596740723,-0.5239755511283875,-0.8094363808631897,-0.7323495745658875,-0.12587885558605194,0.16878841817378998,-0.23734867572784424,-0.2908138930797577,-0.5801835656166077,-0.4143117368221283,0.10871360450983047,0.14246991276741028,-0.004927705983197944,0.06989582023181792,-0.5607764558284362,-0.024166104861833397,-0.03295084644590716,0.08995697021924282,-0.75148416,-1.6643398,1.8302279,-1.7289401,-2.1367495,-0.007848772,-0.75148416,-1.6643398,1.8302279,-1.7289401,-2.1367495,-0.007848772,-0.7382300496101379,-1.6933122873306274,1.8203672170639038,-1.7011104822158813,-2.1438419818878174,-0.01013118401169777,-0.33135292,0.72431403,0.2465162,-0.69574213,0.17731245,0.057060294,-0.48318642,0.0,0.0,0.0,0.0041176448576152325,0.0020588225000000003,8.23529,False,0,0.1987870464159026,-0.1775961394709119,0.16776048687081724,0.21793109194356153,-0.1841506070376287,0.11343780384805159,0.9999596501917205,0.0052996165398838295,-0.001107389821285306,0.007168526050293731,0.12354892,-0.2330849,0.3045104,0.21865795818460274,4.242699651513249e-05,0.0001452209980925545,0.0007980219961609691,0.00033265500678680837,0.00020207901252433658,0.0001041830109898001,0.0022495449957204983,0.01759420101006981,0.019843746005790308,50.3937109307993,0
355,7.1200820230005775,-0.7401326338397425,-1.6893865070738734,1.8218849341021937,-1.7050095997252406,-2.142988983784811,-0.009855572377340138,-0.23608694970607758,-0.542813241481781,-0.8287818431854248,-0.7485904097557068,-0.09123486280441284,0.1685783863067627,-0.2377442568540573,-0.2924065887928009,-0.5807953476905823,-0.4147510826587677,0.10890038311481476,0.14251773059368134,0.02239908667807536,0.22133382222769504,-0.6683989221596361,-0.028612375720247732,-0.038090615667506884,0.08702406868156977,-0.75325924,-1.6603297,1.8317914,-1.7326615,-2.135748,-0.007456542,-0.75325924,-1.6603297,1.8317914,-1.7326615,-2.135748,-0.007456542,-0.7401326298713684,-1.6893864870071411,1.8218849897384644,-1.7050095796585083,-2.142988920211792,-0.009855572134256363,-0.32816496,0.7264194,0.24766119,-0.6912973,0.1810281,0.059975747,-0.48626333,0.0,0.0,0.0,0.0041176448576152325,0.0020588225000000003,8.23529,False,0,0.19892622823737682,-0.17817980190647945,0.16648734581606806,0.2179271348279395,-0.1841676367739142,0.11339742002519908,0.9999616762835591,0.005299565873671287,-0.0006949522603827709,0.006934963831580989,0.12354892,-0.2330849,0.3045104,0.21868773047493004,3.982899943366647e-05,0.00021547199867200106,0.0007193159981397912,0.0004577130021061748,0.00017832600860856473,0.00016854300338309258,0.002138925003237091,0.017710576998069882,0.019849502001306973,50.37909766875541,0
356,7.140079949007486,-0.7420151869403284,-1.685394903222555,1.8232625166522425,-1.7088695965208949,-2.1421330610858362,-0.009580437337056935,-0.23278895020484924,-0.49422264099121094,-0.7934663891792297,-0.6940850019454956,-0.07997988164424896,0.17432761192321777,-0.23612156510353088,-0.2963326871395111,-0.5828997492790222,-0.4152863323688507,0.11046484857797623,0.14264288544654846,0.3530550847395141,0.16011996327218547,-0.08241746395339652,-0.021312016481262158,-0.04570227658170435,0.084270229566358,-0.75491816,-1.6563029,1.8331996,-1.7363777,-2.1346867,-0.0070469687,-0.75491816,-1.6563029,1.8331996,-1.7363777,-2.1346867,-0.0070469687,-0.7420151829719543,-1.6853948831558228,1.8232625722885132,-1.7088695764541626,-2.1421329975128174,-0.00958043709397316,-0.32257372,0.727298,0.24842767,-0.6877024,0.18615669,0.06333671,-0.489398,0.0,0.0,0.0,0.0041176448576152325,0.0020588225000000003,8.23529,False,0,0.19908183926964926,-0.17877290625517445,0.16523205919880135,0.2179540778065204,-0.18422910184626792,0.11337340070647296,0.999964966603485,0.005429437520472529,-0.00046839825580893157,0.006351302106104172,0.12354892,-0.2330849,0.3045104,0.21870661078944384,9.171900455839932e-05,0.00022130299475975335,0.0006992599955992773,0.00032622199796605855,0.00015880700084380805,9.759199747350067e-05,0.001983078007469885,0.017869816001621075,0.01985289400909096,50.3704900425139,0
357,7.160081309004454,-0.7438820044146937,-1.6813527546324671,1.824653450642721,-1.7127205334105433,-2.141129795704977,-0.009256664906637013,-0.26975536346435547,-0.5588371753692627,-0.8037292957305908,-0.6913809180259705,-0.10597476363182068,0.16371873021125793,-0.23649635910987854,-0.2997594177722931,-0.5802472233772278,-0.4144708216190338,0.11074525117874146,0.14276064932346344,0.017211297655071345,0.02023126985918028,-0.6522104945048494,-0.030205700794329868,-0.03235701244628143,0.08619781272881533,-0.75679517,-1.6522331,1.8343561,-1.7402174,-2.1338215,-0.0066097416,-0.75679517,-1.6522331,1.8343561,-1.7402174,-2.1338215,-0.0066097416,-0.7438820004463196,-1.6813527345657349,1.8246535062789917,-1.712720513343811,-2.141129732131958,-0.009256664663553238,-0.3228292,0.7279888,0.24256496,-0.68742454,0.18270576,0.066173084,-0.49220875,0.0,0.0,0.0,0.0041176448576152325,0.0020588225000000003,8.23529,False,0,0.19925102841509218,-0.17933530191394378,0.1639372440818193,0.2179971768941846,-0.18428133120187276,0.11332769239610345,0.9999732216980103,0.003881645985326981,-0.001208055367167099,0.006087522567242292,0.12354892,-0.2330849,0.3045104,0.2187535040090236,4.0045997593551874e-05,0.00011970299237873405,0.0005547650071093813,0.0004126389976590872,0.00015626299136783928,9.413299267180264e-05,0.0017471250030212104,0.018102301997714676,0.019849427000735886,50.379288024935256,0
358,7.180073000010452,-0.7456992308246058,-1.6773010692992152,1.8260567823993128,-1.7164856396117152,-2.1401332060443323,-0.00895721117128545,-0.23490819334983826,-0.5677091479301453,-0.8006578087806702,-0.6552403569221497,-0.09250340610742569,0.18385332822799683,-0.23599106073379517,-0.30405381321907043,-0.5780844688415527,-0.41359859704971313,0.1104590892791748,0.14288045465946198,-0.2697936747710646,0.21726399399481178,-0.6943359061118812,-0.027886615292306148,-0.025222219821632703,0.09135893524629568,-0.7582816,-1.648095,1.8359646,-1.7436724,-2.13241,-0.006161481,-0.7582816,-1.648095,1.8359646,-1.7436724,-2.13241,-0.006161481,-0.7456992268562317,-1.677301049232483,1.8260568380355835,-1.716485619544983,-2.1401331424713135,-0.008957210928201675,-0.31455973,0.7301503,0.24769334,-0.67967,0.19307706,0.06989325,-0.49648023,0.0,0.0,0.0,0.0041176448576152325,0.0020588225000000003,8.23529,False,0,0.19940757671253684,-0.17987208733701376,0.1626274761082958,0.2180444642303584,-0.18433493559712943,0.11347498091326759,0.9999752952768727,0.003723630373666315,-0.0023712582842413954,0.005474177230322318,0.12354892,-0.2330849,0.3045104,0.21863326490199864,3.875599941238761e-05,0.00021818299137521535,0.000685094011714682,0.0003021809970960021,0.0001514650066383183,9.573399438522756e-05,0.0018673570011742413,0.017971603010664694,0.019838960011838935,50.40586801945506,0
359,7.200088842000696,-0.7474945227252405,-1.6734096012511195,1.8272088209735315,-1.7203132114806117,-2.1394551436053675,-0.008637730275289357,-0.2580667734146118,-0.4014030992984772,-0.6801016330718994,-0.6377455592155457,0.10370045900344849,0.2025606334209442,-0.23860180377960205,-0.30739450454711914,-0.5787059664726257,-0.4138593077659607,0.10959235578775406,0.14304119348526,2.0015123105544417,-2.7316256366104144,10.384472192405912,0.005216342256684672,-0.5143314034801904,-0.029194431720744013,-0.7596189,-1.6440458,1.8373486,-1.7470766,-2.130868,-0.0057681794,-0.7596189,-1.6440458,1.8373486,-1.7470766,-2.130868,-0.0057681794,-0.7474945187568665,-1.6734095811843872,1.8272088766098022,-1.7203131914138794,-2.1394550800323486,-0.008637730032205582,-0.30310902,0.7340938,0.25349218,-0.66908497,0.2146755,0.071738765,-0.49943584,0.0,0.0,0.0,0.0041176448576152325,0.0020588225000000003,8.23529,False,0,0.19957003911123283,-0.18049529483724844,0.16147835290591006,0.21818797606334575,-0.18447073750563253,0.11317848151477812,0.9999767908108448,0.004431092823210379,-0.0011173508492660356,0.005051380253877056,0.12354892,-0.2330849,0.3045104,0.21892418101939207,4.242399882059544e-05,0.00011217399151064456,0.0006289880111580715,0.00027063100424129516,0.00015091699606273323,9.434799721930176e-05,0.0018954139959532768,0.01797170400095638,0.019867117996909656,50.33442697403573,0
360,7.2201123620034195,-0.7491968313800257,-1.670098444024557,1.8272984663592737,-1.7245942554869593,-2.139076058064596,-0.008322064076558888,-0.36587661504745483,0.38527950644493103,0.14453881978988647,-0.22312338650226593,0.7280968427658081,0.23195110261440277,-0.2359805852174759,-0.3088473677635193,-0.5757290720939636,-0.4123665690422058,0.11060652881860733,0.1431850790977478,4.380202361104031,-6.509692133116136,34.78505373832857,0.15930868573976775,-1.6384324748402195,-0.2571553400024819,-0.7615437,-1.6405864,1.8387226,-1.7508935,-2.1312847,-0.0054190448,-0.7615437,-1.6405864,1.8387226,-1.7508935,-2.1312847,-0.0054190448,-0.7491968274116516,-1.6700984239578247,1.8272985219955444,-1.724594235420227,-2.139075994491577,-0.008322063833475113,-0.30867177,0.73780066,0.2856023,-0.65748155,0.19478367,0.07257547,-0.5029425,0.0,0.0,0.0,0.0041176448576152325,0.0020588225000000003,8.23529,False,0,0.19994836930060805,-0.1813692306749658,0.16087184036942664,0.21824909925296612,-0.18495108005475422,0.11297281426072626,0.9999805283811481,0.0029756300941554997,-0.00221988833149785,0.005011888642393819,0.12354892,-0.2330849,0.3045104,0.2190242945527128,3.873898822348565e-05,0.00011627799540292472,0.0008277919987449422,0.00029040999652352184,0.00014982199354562908,9.240000508725643e-05,0.0018826680025085807,0.01799284700246062,0.019875515004969202,50.31316168411152,0
361,7.24009082900011,-0.7508686224566858,-1.6667858562865199,1.8273657003985804,-1.7286201916136683,-2.138496224080221,-0.007947746907369435,-0.434964656829834,1.2283111810684204,1.0952657461166382,0.06479503214359283,1.4703909158706665,0.2793557345867157,-0.2312265932559967,-0.312870055437088,-0.5745269656181335,-0.41090378165245056,0.11262395977973938,0.1430896818637848,7.499818996404137,-12.245907905867435,66.09850366272454,0.4444038565624102,-3.034525995895322,-0.5697711900878195,-0.76345813,-1.6374972,1.8379724,-1.7554518,-2.1314392,-0.0049784486,-0.76345813,-1.6374972,1.8379724,-1.7554518,-2.1314392,-0.0049784486,-0.7508686184883118,-1.6667858362197876,1.827365756034851,-1.728620171546936,-2.138496160507202,-0.00794774666428566,-0.31473747,0.73221725,0.26516747,-0.67079055,0.17642598,0.07423245,-0.5022974,0.0,0.0,0.0,0.0041176448576152325,0.0020588225000000003,8.23529,False,0,0.20032216545439152,-0.18217675491447263,0.16022229327494686,0.2184640468038376,-0.1856241195529423,0.11271335248356738,0.9999757170634981,0.004308162989958805,-0.0019318470385560774,0.005121860657739199,0.12354892,-0.2330849,0.3045104,0.21919744683507927,9.111799590755254e-05,0.00012041500303894281,0.0005392710008891299,0.0004731740045826882,0.00019603100372478366,0.00011263199849054217,0.0019324189925100654,0.017898671998409554,0.01983109099091962,50.42586917975849,0
362,7.260132358002011,-0.752578083668844,-1.6633349857726039,1.8277934233294886,-1.7325922451415003,-2.137763802205221,-0.007602993641988576,-0.5075198411941528,2.1136512756347656,2.173299551010132,0.4181094169616699,2.4669876098632812,0.3364325165748596,-0.2349408119916916,-0.32495367527008057,-0.5763453841209412,-0.4123314917087555,0.1075437068939209,0.14278458058834076,8.79131785738911,-18.90243734725926,106.08539342080041,0.9507837739584262,-4.739877796266916,-0.9061402396769966,-0.7649647,-1.6342514,1.8368853,-1.7598768,-2.130075,-0.0046173446,-0.7649647,-1.6342514,1.8368853,-1.7598768,-2.130075,-0.0046173446,-0.75257807970047,-1.6633349657058716,1.8277934789657593,-1.732592225074768,-2.137763738632202,-0.007602993864566088,-0.30966598,0.7270912,0.22729595,-0.6821166,0.19222198,0.07464123,-0.49921063,0.0,0.0,0.0,0.0041176448576152325,0.0020588225000000003,8.23529,False,0,0.20063718821600618,-0.18290514477570946,0.1594030743775165,0.21871240391725533,-0.186442695054688,0.11240548183261119,0.999957369850493,0.006812085888158473,0.0028933206153646325,0.005522010173915667,0.12354892,-0.2330849,0.3045104,0.2193989285078462,8.9133987785317e-05,0.0001298560091527179,0.0005662589974235743,0.000425833000917919,0.00017568499606568366,9.906500054057688e-05,0.001895997003884986,0.017986321996431798,0.019882319000316784,50.29594384759982,0
363,7.28013515600469,-0.7542718092547815,-1.659961839715475,1.8286669890033167,-1.7363420925536097,-2.137035671864645,-0.007195774708883107,-0.5645662546157837,2.4100863933563232,3.213057279586792,0.9236940741539001,3.1079790592193604,0.372688889503479,-0.239577978849411,-0.3460485637187958,-0.5952968597412109,-0.41990208625793457,0.10122085362672806,0.1428055465221405,6.324394797945622,-20.944868618073333,138.04343757019672,1.7797664256360028,-6.109060557033667,-1.0399625066630187,-0.7668172,-1.6300161,1.8376175,-1.7633766,-2.1289806,-0.0042675165,-0.7668172,-1.6300161,1.8376175,-1.7633766,-2.1289806,-0.0042675165,-0.7542718052864075,-1.6599618196487427,1.8286670446395874,-1.7363420724868774,-2.137035608291626,-0.007195774931460619,-0.31363556,0.7486431,0.2237625,-0.6758636,0.2013741,0.073206455,-0.50273037,0.0,0.0,0.0,0.0041176448576152325,0.0020588225000000003,8.23529,False,0,0.20084089881798625,-0.18352755237450885,0.1584535348909326,0.2189375798359662,-0.18707273207232997,0.11212337121618224,0.9999635152626384,0.006900014477147487,0.0009235125971593995,0.004950543102037132,0.12354892,-0.2330849,0.3045104,0.21961077197277493,9.056499402504414e-05,0.00011935399379581213,0.0005010320019209757,0.0003261860110796988,0.00015577900921925902,0.00010230600310023874,0.0017554079968249425,0.018101642999681644,0.019857050996506587,50.35994519910978,0
