step,time,q0,q1,q2,q3,q4,q5,current0,current1,current2,current3,current4,current5,ctrl_output0,ctrl_output1,ctrl_output2,ctrl_output3,ctrl_output4,ctrl_output5,tcp_force0,tcp_force1,tcp_force2,tcp_force3,tcp_force4,tcp_force5,ctrl_pre_alpha0,ctrl_pre_alpha1,ctrl_pre_alpha2,ctrl_pre_alpha3,ctrl_pre_alpha4,ctrl_pre_alpha5,ctrl0,ctrl1,ctrl2,ctrl3,ctrl4,ctrl5,obs_q0,obs_q1,obs_q2,obs_q3,obs_q4,obs_q5,action0,action1,action2,action3,action4,action5,action6,gripper_norm,gripper_ctrl,finger_pos_est,gripper_obs,gripper_fb_pos,gripper_fb_pct,grasped,obj_flag,tcp_x,tcp_y,tcp_z,box_x,box_y,box_z,box_qw,box_qx,box_qy,box_qz,target_x,target_y,target_z,box_to_target_dist,recv_time_s,mocap_time_s,obs_time_s,policy_time_s,ctrl_time_s,send_time_s,compute_time_s,sleep_time_s,loop_dt_true_s,loop_hz_true,overrun_count
0,0.020098270004382357,-0.46400577226747686,-1.0362780851176758,0.6555727163897913,-1.821205278436178,-2.0628836790667933,-0.7131832281695765,-0.11100230365991592,-1.6883842945098877,-1.0981299877166748,-0.7292329668998718,-0.21749849617481232,0.056519292294979095,-4.150747646038015e-17,-1.1941574811935425,-0.7850035429000854,-0.2433129996061325,-0.02634868025779724,0.0,1.434103751198476,-4.57129829106343,-2.0397772554576,-0.28091133876845886,-0.09335050405365339,0.06195076062790491,-0.4316332,-1.0503291,0.6594657,-1.7937213,-2.0549169,-0.69646615,-0.4316332,-1.0503291,0.6594657,-1.7937213,-2.0549169,-0.69646615,-0.4640057682991028,-1.0362781286239624,0.6555727124214172,-1.8212052583694458,-2.0628836154937744,-0.7131832242012024,0.809314,-0.3512737,0.097323805,0.6870995,0.19916776,0.41792622,0.16331951,0.021775935093561807,0.003266390264034271,0.0005443983773390452,0.0,,,False,0,0.4678894493941133,-0.21295861496186488,0.32186486152594207,0.5063764746123185,0.19538048659099289,0.11982135119215642,0.9997641162144932,0.005980985046700794,0.002027001156251295,0.020781419720765984,0.28960493,-0.09530228,0.28934506,0.40028072241391766,8.820299990475178e-05,0.0001847629901021719,0.000635923002846539,0.00044533799518831074,0.00019840399909298867,0.00013423999189399183,0.002110151996021159,0.017986778999329545,0.020096930995350704,49.75884129926821,0
1,0.04013452101207804,-0.4635880629168909,-1.036452905540802,0.6556361357318323,-1.8209558926024378,-2.0628636519061487,-0.7130397001849573,0.6996487379074097,-2.105713129043579,-1.0000547170639038,-0.3946039080619812,-0.014178656041622162,0.270403116941452,0.8449001908302307,-1.7714983224868774,-0.6872543096542358,-0.0386946015059948,0.15065346658229828,0.1984560191631317,1.756837803718826,-2.3568104205142455,-2.000279786875244,-0.2008719496710907,-0.11222997122254053,0.036583867240960216,-0.43064326,-1.0521992,0.65894926,-1.7926396,-2.051925,-0.6937154,-0.43064326,-1.0521992,0.65894926,-1.7926396,-2.051925,-0.6937154,-0.46358805894851685,-1.0364528894424438,0.6556361317634583,-1.8209558725357056,-2.06286358833313,-0.7130396962165833,0.8236204,-0.3936579,0.08282776,0.7079051,0.27346897,0.4831073,0.23331283,0.07103092504872215,0.007932646870613097,0.0017757731262180538,0.0010887967655435205,,,False,0,0.4679261239270165,-0.21273235887489106,0.32188028926285156,0.5063741542346789,0.19537147502206964,0.1198217625096492,0.9997661161956853,0.006071761440489992,0.0020908792265438127,0.020651659233254474,0.28960493,-0.09530228,0.28934506,0.4002727474705883,4.3827996705658734e-05,0.00013397200382314622,0.0005448399897431955,0.00033808700391091406,0.00017352699069306254,0.0001259179989574477,0.0017680540040601045,0.018096917003276758,0.019864971007336862,50.339867077110924,0
2,0.06007431300531607,-0.4614160696612757,-1.0375191134265442,0.655926529561178,-1.8189565143980921,-2.0623095671283167,-0.7116645018206995,1.0757863521575928,-2.2253828048706055,-0.8836381435394287,-0.3010791540145874,0.09179699420928955,0.2515842318534851,0.6626016497612,-1.680806279182434,-0.5791053771972656,-0.04099824279546738,0.14652900397777557,0.19469858705997467,1.6147778452010007,-0.5862244242100979,-1.6905348179715198,-0.1633968295213964,-0.11995748905553431,0.010095597356187105,-0.42946202,-1.0533525,0.6591258,-1.7915912,-2.0529256,-0.6927338,-0.42946202,-1.0533525,0.6591258,-1.7915912,-2.0529256,-0.6927338,-0.4614160656929016,-1.037519097328186,0.655926525592804,-1.8189564943313599,-2.062309503555298,-0.7116644978523254,0.798851,-0.39583308,0.079981975,0.6841344,0.23459648,0.47326624,0.19443187,0.13800099950145792,0.011821284294128417,0.003450024987536448,0.003551546251401305,,,False,0,0.4680861315642804,-0.21143653684744904,0.3218809260194423,0.5063618393620257,0.19539969346405392,0.1198533409823772,0.9997655205092697,0.005975862818220289,0.001978493438265723,0.020720120719760766,0.28960493,-0.09530228,0.28934506,0.40027319856498694,4.344800254330039e-05,0.0001270489883609116,0.0006399729900294915,0.00033462600549682975,0.0002781369985314086,0.00014431599993258715,0.0019571649900171906,0.01781762100290507,0.01977478599292226,50.56944739416737,0
3,0.08008985500782728,-0.45741492906679326,-1.03929956377063,0.6564849058734339,-1.8153659305968226,-2.0611818472491663,-0.7096007505999964,0.6564378142356873,-2.0637760162353516,-0.9088753461837769,-0.3992019593715668,0.06257057189941406,0.258526086807251,0.4460162818431854,-1.5820963382720947,-0.5703762173652649,-0.0723344013094902,0.1407437026500702,0.18033331632614136,2.222056867121112,-1.8621932272678432,-2.989680109242536,-0.20867453812158884,-0.1408054920835665,0.008567228759784246,-0.42663607,-1.0550076,0.6596237,-1.7893778,-2.053864,-0.6919439,-0.42663607,-1.0550076,0.6596237,-1.7893778,-2.053864,-0.6919439,-0.4574149250984192,-1.0392996072769165,0.6564849019050598,-1.8153659105300903,-2.0611817836761475,-0.7096007466316223,0.7694713,-0.39269784,0.078469165,0.6497016,0.18294214,0.4414215,0.1330882,0.21155448838332552,0.014483048319816588,0.005288862209583138,0.0069000497460365295,,,False,0,0.4684235546451554,-0.209050609491506,0.32178652831924254,0.5063689185307895,0.19530632999443315,0.11981646581307533,0.9997647920847712,0.006172077522471385,0.0023967323040917396,0.020651403183191433,0.28960493,-0.09530228,0.28934506,0.4002248501977885,4.2952000512741506e-05,0.00013999499788042158,0.0005490780022228137,0.0003137559979222715,0.0001710539945634082,0.00012754199269693345,0.0017626159969950095,0.018077754008118063,0.019840370005113073,50.402285831478416,0
4,0.100084711011732,-0.45237523714174444,-1.0415237706950684,0.656905476246969,-1.8115164242186488,-2.0597036520587366,-0.7070134321795862,0.1184266209602356,-1.8427672386169434,-0.8499128818511963,-0.38833487033843994,-0.05910597741603851,0.2510536313056946,0.28629443049430847,-1.494364857673645,-0.5530240535736084,-0.08952312171459198,0.12608039379119873,0.16736069321632385,1.0323143455125936,-5.586602790486781,-2.3634388179645596,-0.3071662494316658,-0.09537091019757289,0.09150663407459558,-0.42270115,-1.0569421,0.6605807,-1.7870258,-2.0545993,-0.6911981,-0.42270115,-1.0569421,0.6605807,-1.7870258,-2.0545993,-0.6911981,-0.45237523317337036,-1.041523814201355,0.656905472278595,-1.8115164041519165,-2.0597035884857178,-0.7070134282112122,0.74185187,-0.38545603,0.091880135,0.61226356,0.12760726,0.39538223,0.062402453,0.28116938955468646,0.015731097385287284,0.007029234738867162,0.010577724315226078,,,False,0,0.4689236365931135,-0.20607720604442342,0.32189135096394395,0.5063791453603979,0.1953240807521588,0.11983568861608863,0.999765899297745,0.005965152866894728,0.0021247893930022286,0.020689668346314218,0.28960493,-0.09530228,0.28934506,0.4002351365613605,4.264099698048085e-05,0.0001293480017920956,0.0005185290065128356,0.00031991499417927116,0.00017055599892046303,0.00012555699504446238,0.0017006249981932342,0.018124541005818173,0.019825166004011407,50.44093955115739,0
5,0.12009280800702982,-0.44758636156191045,-1.0439294141582032,0.6572755018817347,-1.8075224361815394,-2.0583747068988245,-0.7043479124652308,-0.02241472154855728,-1.7160720825195312,-0.7300669550895691,-0.40243250131607056,-0.09468212723731995,0.22529754042625427,0.22765357792377472,-1.449439525604248,-0.541321337223053,-0.096360944211483,0.11273365467786789,0.15602819621562958,0.77150241699614,-6.888198285761405,-1.1249493936854855,-0.31399711347782217,-0.0755962913318596,0.11245826308400184,-0.41888306,-1.0590053,0.66163313,-1.7844075,-2.0556197,-0.69076467,-0.41888306,-1.0590053,0.66163313,-1.7844075,-2.0556197,-0.69076467,-0.4475863575935364,-1.0439294576644897,0.6572754979133606,-1.8075224161148071,-2.0583746433258057,-0.7043479084968567,0.7175822,-0.37689358,0.108941324,0.57787204,0.0688735,0.33958107,-0.008549988,0.3380418087615132,0.015560097619891166,0.00845104521903783,0.014058469794690609,,,False,0,0.4692883189258414,-0.20322436390723458,0.3220935214735349,0.5063495714777604,0.19533272422585157,0.11982046219561214,0.9997650408015908,0.005819777961835453,0.0016224932917311627,0.020816159939064237,0.28960493,-0.09530228,0.28934506,0.40023184542651835,0.0007709380006417632,0.000129769992781803,0.0005314459995133802,0.0003698899963637814,0.00019466599042061716,0.00011572000221349299,0.0025226229918189347,0.017318961006822065,0.019841583998641,50.39920200264719,0
6,0.14008762201410718,-0.4433348814593714,-1.0460736912539979,0.6578310171710413,-1.8036109409727992,-2.0573371092425745,-0.701784912739889,0.13906259834766388,-1.7730004787445068,-0.7867195010185242,-0.4890884757041931,-0.05144539102911949,0.2150970846414566,0.22527457773685455,-1.4315955638885498,-0.5329577326774597,-0.09894254803657532,0.10592148452997208,0.148613840341568,1.8505130189027112,-5.232401132572528,-2.1751980040788554,-0.3038493349977045,-0.11111619230303066,0.08043412670053854,-0.41530648,-1.0607003,0.66267586,-1.7814661,-2.0566003,-0.69049966,-0.41530648,-1.0607003,0.66267586,-1.7814661,-2.0566003,-0.69049966,-0.4433348774909973,-1.0460736751556396,0.6578310132026672,-1.803610920906067,-2.0573370456695557,-0.7017849087715149,0.7007098,-0.36566675,0.12112127,0.55362064,0.018415172,0.28213128,-0.064324886,0.3768588400196333,0.014273599907755851,0.009421471000490834,0.01690209098160267,,,False,0,0.46952527833287366,-0.20069089577981297,0.3221312758596522,0.5063770324617027,0.19533490761857045,0.11982379008057797,0.9997632803243252,0.0061029586905116074,0.002269063330077873,0.020760947708050943,0.28960493,-0.09530228,0.28934506,0.4002468934665002,4.468699626158923e-05,0.00012609100667759776,0.0005108520126668736,0.00046601600479334593,0.00019105299725197256,0.0001499049976700917,0.0018710159929469228,0.01791652101383079,0.01978753700677771,50.53686063391698,0
7,0.16008955900906585,-0.43946820894350225,-1.0481260579875489,0.6584284941302698,-1.8000403843321742,-2.056546990071432,-0.6994579474078577,0.5111890435218811,-1.9128150939941406,-0.8163468837738037,-0.49970582127571106,-0.0022021005861461163,0.17661690711975098,0.23149262368679047,-1.4256787300109863,-0.5276669859886169,-0.09931261092424393,0.1012268140912056,0.1431662142276764,2.33946578134561,-3.0920336696632837,-1.893918358646816,-0.24321344058416203,-0.12221139762514274,0.039800036662898594,-0.41183615,-1.0621151,0.6631902,-1.7784219,-2.0574367,-0.690387,-0.41183615,-1.0621151,0.6631902,-1.7784219,-2.0574367,-0.690387,-0.4394682049751282,-1.0481261014938354,0.6584284901618958,-1.800040364265442,-2.056546926498413,-0.6994579434394836,0.6908014,-0.3497253,0.11904297,0.5404609,-0.022245,0.22677293,-0.09864831,0.3960532581070479,0.012300633713603019,0.009901331452676198,0.018842941150069237,,,False,0,0.4696841704375556,-0.1984023639480845,0.3221926920329238,0.5063902437101947,0.19529792125038267,0.11984332195710029,0.9997656361753793,0.0055762589376030765,0.001509168921981792,0.02086417680030976,0.28960493,-0.09530228,0.28934506,0.40021892002893494,3.6990997614338994e-05,0.00011322200589347631,0.0004675679956562817,0.000251078003202565,0.00019413699919823557,0.000105614002677612,0.0014918619999662042,0.01836526500119362,0.019857127001159824,50.35975244261627,0
8,0.18008811101026367,-0.43527061143984014,-1.0501579207232972,0.6589849630938929,-1.79679598430776,-2.055880371724264,-0.6973856131183069,0.3591863512992859,-1.8715291023254395,-0.8482721447944641,-0.4935057461261749,-0.03683057054877281,0.17334318161010742,0.23292392492294312,-1.414070963859558,-0.5221129059791565,-0.09683167189359665,0.09847892075777054,0.13929127156734467,1.5125051088722459,-3.788618972423576,-2.0347655805652836,-0.25420749797359965,-0.11063850477120005,0.06034015524300394,-0.40778503,-1.0632751,0.6631846,-1.775273,-2.0578077,-0.69019747,-0.40778503,-1.0632751,0.6631846,-1.775273,-2.0578077,-0.69019747,-0.43527060747146606,-1.050157904624939,0.6589849591255188,-1.7967959642410278,-2.055880308151245,-0.6973856091499329,0.6871397,-0.32792935,0.1049899,0.5380762,-0.048185233,0.17970401,-0.10929485,0.39747596029270155,0.010114736780524252,0.00993689900731754,0.01980266347527504,,,False,0,0.46991801392506694,-0.19599826678848756,0.3223322773088838,0.5063944519057642,0.19528506417124386,0.11974834389494035,0.9997577096527521,0.005599457193850904,0.0026848901626856866,0.02111815199712527,0.28960493,-0.09530228,0.28934506,0.4002520993772585,0.00010329100769013166,0.00011750099656637758,0.0004595339996740222,0.0003073129919357598,0.00015400401025544852,0.00010759700671769679,0.001588515006005764,0.018260472003021277,0.01984898700902704,50.38040478061747,0
9,0.20008853200124577,-0.43098146120180303,-1.052358703022339,0.6596024672137659,-1.7936283550658167,-2.0555198828326624,-0.6956799666034144,0.07989978045225143,-1.8318289518356323,-0.8134424686431885,-0.47609978914260864,-0.20300237834453583,0.17878401279449463,0.2326277196407318,-1.4022610187530518,-0.521503746509552,-0.0943584069609642,0.04085925966501236,0.13670437037944794,0.6065305903356193,-6.418972932745441,-2.456497551641539,-0.3364302623868137,-0.08474214915016862,0.10923304600935277,-0.40344107,-1.0643444,0.6631038,-1.7718906,-2.057772,-0.6897433,-0.40344107,-1.0643444,0.6631038,-1.7718906,-2.057772,-0.6897433,-0.43098145723342896,-1.0523587465286255,0.6596024632453918,-1.7936283349990845,-2.0555198192596436,-0.6956799626350403,0.6885096,-0.2996413,0.08753327,0.54344195,-0.056303456,0.14841759,-0.10029326,0.38528911126842486,0.00810887165367603,0.009632227781710622,0.01987379789352417,,,False,0,0.470091558628335,-0.19359291408671825,0.32257554784260195,0.5063859198989966,0.19530936341058727,0.119837574999211,0.9997646598718967,0.0060120246163784955,0.001818601995411887,0.020764314398811774,0.28960493,-0.09530228,0.28934506,0.400227320258053,3.8941012462601066e-05,0.00011368900595698506,0.00048265198711305857,0.0002882490080082789,0.00017328999820165336,0.00011014800111297518,0.00153945799684152,0.01831640099408105,0.01985585899092257,50.362968454659466,0
10,0.22009282601356972,-0.4270694891559046,-1.0544437331012269,0.6601861158954065,-1.7906085453429164,-2.0556519667254847,-0.6942370573626917,0.16488486528396606,-1.7196872234344482,-0.7883801460266113,-0.413347452878952,-0.31374433636665344,0.1335115283727646,0.24414673447608948,-1.3938567638397217,-0.5256545543670654,-0.09271588176488876,-0.1139596700668335,0.1357642263174057,1.374426946944022,-5.401588733340589,-1.4998965614570758,-0.2990765825316615,-0.09528943175730385,0.08940966707027884,-0.39934018,-1.0652981,0.66303897,-1.7685143,-2.0577343,-0.6889205,-0.39934018,-1.0652981,0.66303897,-1.7685143,-2.0577343,-0.6889205,-0.4270694851875305,-1.0544437170028687,0.6601861119270325,-1.790608525276184,-2.055651903152466,-0.6942370533943176,0.69323254,-0.2713589,0.071321115,0.55235636,-0.05205846,0.13291319,-0.08163099,0.36424927176030464,0.006476251855492589,0.009106231794007616,0.019264455884695053,,,False,0,0.4701438686863118,-0.19146369970989713,0.3228448478250391,0.5063664936627664,0.19538759902408398,0.11992204011033662,0.9997750726677394,0.0060618961282996,0.0008847682556571033,0.0203058184051139,0.28960493,-0.09530228,0.28934506,0.4002378498587628,3.77100077457726e-05,0.00011359999189153314,0.0004614990029949695,0.00038856599712744355,0.00017058099911082536,0.00010848599777091295,0.0016048059915192425,0.018256855008075945,0.019861660999595188,50.348256372937875,0
11,0.24008836600114591,-0.4234417120562952,-1.0563102525523682,0.6608007589923304,-1.7876159153380335,-2.0559666792498987,-0.6931055227862757,0.30281975865364075,-1.6954246759414673,-0.7978487014770508,-0.3306930959224701,-0.2327629178762436,0.17125390470027924,0.25952741503715515,-1.3889786005020142,-0.5299689173698425,-0.09092119336128235,-0.1671362817287445,0.13674820959568024,2.358703698232506,-4.011396680635362,-1.9417922181312395,-0.2803709624880957,-0.0960007444459676,0.022573705613491896,-0.39546514,-1.0663229,0.66317934,-1.7650708,-2.0574176,-0.687823,-0.39546514,-1.0663229,0.66317934,-1.7650708,-2.0574176,-0.687823,-0.42344170808792114,-1.0563102960586548,0.6608007550239563,-1.7876158952713013,-2.05596661567688,-0.6931055188179016,0.69941425,-0.25031537,0.059465006,0.56362766,-0.03627809,0.13206244,-0.056913793,0.3391275664252703,0.005337975993752476,0.008478189160631758,0.018212463706731796,,,False,0,0.47014127242387804,-0.18951645859596739,0.3230123981575015,0.5064311126952732,0.1951020269430856,0.11956576062452952,0.9997898593446978,0.00619304876549303,0.005630906377049383,0.018713734863948207,0.28960493,-0.09530228,0.28934506,0.4002165176889258,3.728800220414996e-05,0.00011398700007703155,0.0004616189980879426,0.0002858280058717355,0.00018986400391440839,0.00016358400171156973,0.001582905009854585,0.01826545198855456,0.019848356998409145,50.38200391499158,0
12,0.26012866500241216,-0.41970760027040654,-1.0580361050418396,0.6613724867450159,-1.7845589123167933,-2.056229893361227,-0.6922033468829554,0.3948438763618469,-1.7430334091186523,-0.8081243634223938,-0.3646929860115051,-0.24600811302661896,0.16899162530899048,0.26557457447052,-1.384737253189087,-0.5323134064674377,-0.08952876180410385,-0.16401439905166626,0.13942721486091614,2.8732283585296883,-3.2628388459200512,-1.3059981654159563,-0.2520212914854221,-0.1559609732169716,0.03524059187030157,-0.39146158,-1.0675598,0.6633163,-1.761585,-2.0570104,-0.6866799,-0.39146158,-1.0675598,0.6633163,-1.761585,-2.0570104,-0.6866799,-0.41970759630203247,-1.0580360889434814,0.6613724827766418,-1.784558892250061,-2.056229829788208,-0.6922033429145813,0.7061505,-0.23809434,0.048596054,0.5743463,-0.019516189,0.13808542,-0.033806678,0.31368525492504773,0.00466184243559837,0.007842131373126194,0.016956377774477005,,,False,0,0.47017333957141816,-0.18752003462527894,0.32310807038093725,0.5064176724444457,0.19512752914967488,0.11955654394946219,0.9997839167254278,0.005812620413958967,0.005259274138868709,0.01925229245727602,0.28960493,-0.09530228,0.28934506,0.4002316517377894,3.8193000364117324e-05,0.00011574399832170457,0.0004626180016202852,0.00031286501325666904,0.0001885130041046068,0.00010756601113826036,0.001554966002004221,0.018339554997510277,0.019894520999514498,50.265095602171264,0
13,0.28008855201187544,-0.4156597296344202,-1.059542791252472,0.6618669668780726,-1.7814766369261683,-2.0564091841327112,-0.691406551991598,0.25295183062553406,-1.7813136577606201,-0.8439832329750061,-0.39350929856300354,-0.3000968396663666,0.16441470384597778,0.26402270793914795,-1.3833692073822021,-0.5326279401779175,-0.08853255212306976,-0.1611262410879135,0.1428089141845703,1.433131624136607,-4.204716136639792,-1.897049755960573,-0.2688803169842513,-0.10695503871721876,0.0583149509726993,-0.38716868,-1.0688444,0.66346693,-1.7580811,-2.0564573,-0.68546796,-0.38716868,-1.0688444,0.66346693,-1.7580811,-2.0564573,-0.68546796,-0.41565972566604614,-1.0595427751541138,0.6618669629096985,-1.781476616859436,-2.0564091205596924,-0.6914065480232239,0.7122761,-0.23254074,0.039999783,0.5848879,-0.00120468,0.14846441,-0.011284736,0.2909786972101822,0.004436147715896364,0.007274467430254556,0.015684261918067932,,,False,0,0.4703005046736006,-0.1853792064784551,0.32311020509471705,0.5064440747137323,0.19515471168260481,0.11973165349343777,0.9997837579657799,0.0058197859478685224,0.0032819399090067386,0.019691867363840085,0.28960493,-0.09530228,0.28934506,0.40019143157559484,3.967899829149246e-05,0.00015831000928301364,0.0005145720060681924,0.00032116899092216045,0.00017392000881955028,0.0001781070022843778,0.0018192319985246286,0.017987024009926245,0.019806256008450873,50.48909796850667,0
14,0.301063814011286,-0.41152650514711553,-1.0609978598407288,0.6622241179095667,-1.7783247433104457,-2.0565770308123987,-0.6906431357013147,0.0914178118109703,-1.8236099481582642,-0.8329519033432007,-0.38080599904060364,-0.37711548805236816,0.15179115533828735,0.2646520435810089,-1.3897162675857544,-0.534317135810852,-0.08859727531671524,-0.15874432027339935,0.14554734528064728,0.7926533978635143,-5.545973520521974,-2.173918736014971,-0.3107018998967462,-0.09847915319798042,0.09547208434413063,-0.382836,-1.0702746,0.663745,-1.7545419,-2.0558991,-0.6841503,-0.382836,-1.0702746,0.663745,-1.7545419,-2.0558991,-0.6841503,-0.41152650117874146,-1.0609978437423706,0.6622241139411926,-1.7783247232437134,-2.05657696723938,-0.6906431317329407,0.7172621,-0.23191947,0.03802127,0.5945727,0.016944068,0.16232084,0.009202257,0.2732835333542935,0.004620192851871248,0.006832088333857338,0.014548934996128082,,,False,0,0.4704396533742211,-0.1832002523865618,0.32312501625652856,0.5064383209554948,0.19518167673587872,0.11969899121455656,0.9997835162269498,0.00609075633598697,0.004044085987039132,0.01947978105156484,0.28960493,-0.09530228,0.28934506,0.4002217294830074,3.856400144286454e-05,0.00011707401426974684,0.0005990120116621256,0.0002876450016628951,0.00015167699893936515,0.00010664199362508953,0.0017110059998231009,0.019116833005682565,0.020827839005505666,48.012662270706926,0
15,0.3200829270062968,-0.40760976472963506,-1.062440888290741,0.6624601523028772,-1.7750770054259242,-2.056812588368551,-0.6899054686175745,0.18983441591262817,-1.7581593990325928,-0.7954923510551453,-0.4060367941856384,-0.3321528732776642,0.16101467609405518,0.2705996036529541,-1.3972649574279785,-0.5360548496246338,-0.08913218975067139,-0.1032739132642746,0.14756803214550018,1.5250324185373607,-5.045949979618581,-1.5253836437453279,-0.2780093041573867,-0.10808556917242296,0.07853779391477744,-0.37431633,-1.0586542,0.6548035,-1.7509463,-2.039068,-0.6807599,-0.37431633,-1.0586542,0.6548035,-1.7509463,-2.039068,-0.6807599,-0.407609760761261,-1.0624408721923828,0.6624601483345032,-1.775076985359192,-2.0568125247955322,-0.6899054646492004,0.83233565,0.094667554,-0.19141571,0.60326725,0.44361496,0.2286393,0.22051464,0.2879395155026608,0.00903048565611243,0.00719848788756652,0.006078450009226799,0.003039225,12.1569,False,0,0.4705145951764743,-0.18113415327489557,0.3231684637723931,0.5064271462982084,0.1952589601061618,0.11983120555390761,0.9997861076109816,0.005938171675616424,0.0021762720594594932,0.019692573626505245,0.28960493,-0.09530228,0.28934506,0.40021575446760543,3.810400085058063e-05,0.00014298800670076162,0.0006745830032741651,0.00025196799833793193,0.00015701800293754786,9.760400280356407e-05,0.001674639992415905,0.01720111300528515,0.018875752997701056,52.9780189495907,0
16,0.3400802590040257,-0.4038446585284632,-1.0638114970973511,0.6626856962787073,-1.7718025646605433,-2.056892697011129,-0.6891043821917933,0.37284624576568604,-1.7158160209655762,-0.7645601630210876,-0.4668995141983032,-0.22144421935081482,0.1697728931903839,0.27578049898147583,-1.4053677320480347,-0.5371537208557129,-0.08980176597833633,-0.025463184341788292,0.14922086894512177,1.9179155904965406,-3.6366472005195853,-1.1291837578003736,-0.23442079762653412,-0.11841188172795365,0.051568759289722786,-0.37343943,-1.0740156,0.6647353,-1.7456023,-2.0513453,-0.6780518,-0.37343943,-1.0740156,0.6647353,-1.7456023,-2.0513453,-0.6780518,-0.4038446545600891,-1.0638115406036377,0.6626856923103333,-1.771802544593811,-2.0568926334381104,-0.6891043782234192,0.7601309,-0.2551026,0.051240392,0.6550077,0.13868462,0.27631316,0.13677539,0.31838955253479323,0.011765993442386387,0.00795973881336983,0.006078450009226799,0.003039225,12.1569,False,0,0.47058280872622926,-0.17911874258259922,0.3231602985625463,0.5064382781751858,0.19516738188240945,0.11982205661067881,0.9997854381892252,0.005632233703796384,0.0015519314444884108,0.01987249846084191,0.28960493,-0.09530228,0.28934506,0.4001591802970876,3.8924001273699105e-05,0.0001136539940489456,0.00045646399667020887,0.00027205899823457,0.00017786500393413007,0.00010695301170926541,0.001490901006036438,0.018362082992098294,0.019852983998134732,50.37026172458276,0
17,0.360087935012416,-0.39983827272524053,-1.0649042290500184,0.6628263632403772,-1.7684551678099574,-2.056678597127096,-0.6882203261004847,0.4695446491241455,-1.57051420211792,-1.1021305322647095,-0.4634571969509125,0.047420959919691086,0.19562356173992157,0.33221346139907837,-1.1694796085357666,-0.874786376953125,-0.07333169877529144,0.17975422739982605,0.1575576215982437,2.973115178920711,-3.3271015319143986,-1.3988388140824546,-0.22608873173757754,-0.14351042863906688,0.023228292251902503,-0.36919266,-1.0758611,0.6640866,-1.741892,-2.0504339,-0.6765163,-0.36919266,-1.0758611,0.6640866,-1.741892,-2.0504339,-0.6765163,-0.39983826875686646,-1.0649042129516602,0.6628263592720032,-1.768455147743225,-2.056678533554077,-0.6882203221321106,0.76614,-0.27392307,0.03150539,0.66407776,0.15611573,0.29260015,0.15402272,0.364300946519751,0.0148464479111135,0.009107523662993776,0.006078450009226799,0.003039225,12.1569,False,0,0.47076369906710436,-0.1769580086164065,0.32300454301550685,0.5063872059045688,0.1952376493506456,0.11975283329087309,0.999769286738209,0.005712806222480946,0.0028677951320722128,0.02050641517956396,0.28960493,-0.09530228,0.28934506,0.40021184964425477,3.9174992707557976e-05,0.00011779498890973628,0.0004913470038445666,0.00033284799428656697,0.0001684769958956167,0.00012011000944767147,0.001605192999704741,0.018252102003316395,0.019857295003021136,50.35932637591664,0
18,0.38008230000559706,-0.39587337175478154,-1.0653120440295716,0.6624568144427698,-1.7654873333373011,-2.055554215108053,-0.6872318426715296,0.3339105546474457,-1.7642490863800049,-1.2428913116455078,-0.37094569206237793,0.009927291423082352,0.19691020250320435,0.2882051467895508,-1.4689197540283203,-1.0394636392593384,-0.08948221802711487,0.1354820281267166,0.16227464377880096,1.4363681185384927,-4.206660135247978,-0.8562088532498737,-0.2496434152628636,-0.10439855444568218,0.0650851438185078,-0.3653223,-1.0761666,0.6632847,-1.7390444,-2.0495427,-0.67581314,-0.3653223,-1.0761666,0.6632847,-1.7390444,-2.0495427,-0.67581314,-0.39587336778640747,-1.0653120279312134,0.6624568104743958,-1.7654873132705688,-2.055554151535034,-0.6872318387031555,0.76377654,-0.2713662,0.020697514,0.66107297,0.15028965,0.28546795,0.15352611,0.42303058983218234,0.017916970159858464,0.010575764745804558,0.006078450009226799,0.003039225,12.1569,False,0,0.4712241357561167,-0.17473521207237075,0.32268938951673487,0.5064173033321648,0.1952789765049466,0.11980699492172375,0.9997667312969003,0.0059707594853624256,0.0022881636794721424,0.020628653423099955,0.28960493,-0.09530228,0.28934506,0.4002352094887481,3.890700463671237e-05,0.00012002199946437031,0.0004987220017937943,0.0003997210005763918,0.00019024200446438044,0.00012632399739231914,0.0017334459989797324,0.01807346699933987,0.019806912998319604,50.487423258982304,0
19,0.40007956699992064,-0.39140493074526006,-1.066016213302948,0.662368122731344,-1.7618586025633753,-2.054145161305563,-0.6858041922198694,0.21280014514923096,-1.9027118682861328,-1.2175171375274658,-0.48731204867362976,-0.08382748067378998,0.21845509111881256,0.26649460196495056,-1.5366756916046143,-0.8742449879646301,-0.09472720324993134,0.10509558767080307,0.1605822592973709,1.4013126794215425,-4.742437078494999,-2.230507823616512,-0.2864965968680574,-0.11982097784190497,0.077280037903041,-0.36090338,-1.0764948,0.66310215,-1.7353948,-2.0479627,-0.674658,-0.36090338,-1.0764948,0.66310215,-1.7353948,-2.0479627,-0.674658,-0.391404926776886,-1.0660161972045898,0.66236811876297,-1.761858582496643,-2.054145097732544,-0.6858041882514954,0.7625389,-0.26196557,0.018350407,0.66159296,0.15455863,0.27865428,0.15685584,0.4928860707939628,0.02105408689007163,0.01232215176984907,0.006078450009226799,0.003039225,12.1569,False,0,0.4716637571630165,-0.17216901320595435,0.32226529799481385,0.5063380641376398,0.1953932295205976,0.11979375575418326,0.9997718619058166,0.006266180261753187,0.002561855440104419,0.020258268928912346,0.28960493,-0.09530228,0.28934506,0.40028086514532896,3.989899414591491e-05,0.00011381099466234446,0.0004826969961868599,0.0002883809938794002,0.00015164099750109017,0.00015141999756451696,0.0016288820042973384,0.018221581995021552,0.01985046399931889,50.376656184677195,0
20,0.42008171501220204,-0.38662463823427373,-1.0672195118716736,0.6625011602984827,-1.7579151592650355,-2.052981201802389,-0.684089485798971,0.17973646521568298,-1.993341088294983,-1.0357506275177002,-0.45644596219062805,-0.11509808897972107,0.1944371908903122,0.2558663487434387,-1.4792022705078125,-0.6536239385604858,-0.09673073142766953,0.10946894437074661,0.15397348999977112,0.225915339365932,-4.971561989279871,-2.219731487094915,-0.2694488323558331,-0.10938530409151807,0.13981105332832966,-0.356179,-1.0773098,0.6630753,-1.7314625,-2.0466425,-0.67322564,-0.356179,-1.0773098,0.6630753,-1.7314625,-2.0466425,-0.67322564,-0.38662463426589966,-1.0672194957733154,0.6625011563301086,-1.7579151391983032,-2.05298113822937,-0.6840894818305969,0.7611407,-0.2522586,0.014354633,0.6613174,0.15846772,0.2715967,0.16060323,0.5725127349596026,0.024266151394695044,0.014312818373990066,0.006078450009226799,0.003039225,12.1569,False,0,0.47198246457640264,-0.16944527613502228,0.3219703128586915,0.5063871082773489,0.1953887284692685,0.11978111972037149,0.9997616880305423,0.006167783626165954,0.0028335561375258593,0.020749487753434687,0.28960493,-0.09530228,0.28934506,0.400309506017409,3.9703998481854796e-05,0.00011804199311882257,0.0006149620021460578,0.00035056800697930157,0.0001507660053903237,0.00010873499559238553,0.0017129179905168712,0.018144333007512614,0.019857250998029485,50.35943797554022,0
21,0.4401045100094052,-0.3824389616595667,-1.0686433476260682,0.6625950972186487,-1.7542549572386683,-2.0522378126727503,-0.6824896971331995,0.261366069316864,-1.9438691139221191,-0.9917590022087097,-0.4432811737060547,-0.04205861687660217,0.2038644701242447,0.25917819142341614,-1.4178309440612793,-0.6137478947639465,-0.09323256462812424,0.11553884297609329,0.15054289996623993,1.6641567605779204,-3.8742622067779067,-2.3411543991826482,-0.26147210182401814,-0.11937656422467505,0.06552433384119756,-0.35202682,-1.0784574,0.6629959,-1.7278216,-2.0457535,-0.6718425,-0.35202682,-1.0784574,0.6629959,-1.7278216,-2.0457535,-0.6718425,-0.3824389576911926,-1.06864333152771,0.6625950932502747,-1.754254937171936,-2.0522377490997314,-0.6824896931648254,0.76030314,-0.24535084,0.010019791,0.6608337,0.16210873,0.26617908,0.16439943,0.6437606124663355,0.027554139997810125,0.01609401531165839,0.006078450009226799,0.003039225,12.1569,False,0,0.4721278165650372,-0.1670746843925644,0.3218926073770985,0.5063458210254925,0.19538374893734844,0.11980958765709439,0.9997671260446421,0.00599999256214468,0.0025086307509682416,0.020577064188884286,0.28960493,-0.09530228,0.28934506,0.4002714743596691,3.701899549923837e-05,0.00011456799984443933,0.0005362189986044541,0.0003373689978616312,0.00015028699999675155,0.00010911800200119615,0.001626812998438254,0.018248973006848246,0.0198757860052865,50.31247567940323,0
22,0.4600806460075546,-0.3782294432269495,-1.0704508584788819,0.6625388304339808,-1.7507649860777796,-2.051427666340963,-0.6809275786029261,0.3403244614601135,-1.7094372510910034,-0.8541127443313599,-0.2957861125469208,0.009647763334214687,0.22904163599014282,0.26976364850997925,-1.3903021812438965,-0.6226305961608887,-0.08997730910778046,0.11958999186754227,0.149942547082901,1.7926615475114787,-3.7902075264661947,-0.6072780719772375,-0.22930779508395013,-0.10438029546897018,0.05812641360199301,-0.3478895,-1.0800081,0.66272914,-1.7243907,-2.0448873,-0.670561,-0.3478895,-1.0800081,0.66272914,-1.7243907,-2.0448873,-0.670561,-0.37822943925857544,-1.0704509019851685,0.6625388264656067,-1.7507649660110474,-2.0514276027679443,-0.680927574634552,0.7584982,-0.23893145,0.004757895,0.659357,0.16350578,0.2591647,0.16672245,0.7031338437219462,0.030888588931411505,0.017578346093048657,0.006078450009226799,0.003039225,12.1569,False,0,0.4722384574172763,-0.16466866399340663,0.32208987361688624,0.5063282513233427,0.19539270521848784,0.1198626914062146,0.9997658929139439,0.0059452139042298294,0.0019855525794793237,0.02070954227278224,0.28960493,-0.09530228,0.28934506,0.40024597592336886,3.8229001802392304e-05,0.000113236004835926,0.0006657240010099486,0.00028738100081682205,0.00015955099661368877,0.00011754900333471596,0.0017159859999082983,0.018117190993507393,0.01983317699341569,50.420565516658506,0
23,0.48007853800663725,-0.37390453020204717,-1.071963296537735,0.6625779310809534,-1.746960302392477,-2.0504544417010706,-0.6793893019305628,0.27780967950820923,-1.676655888557434,-0.8208669424057007,-0.3713916838169098,-0.018070660531520844,0.24584074318408966,0.2679978907108307,-1.3849565982818604,-0.6497308015823364,-0.09020630270242691,0.1198652982711792,0.14979207515716553,1.955085979209991,-4.398706038934981,-1.2217164226907749,-0.24591540408730111,-0.11211875176180186,0.06282965440090169,-0.34643838,-1.0862912,0.66849065,-1.7267992,-2.0449314,-0.6672115,-0.34643838,-1.0862912,0.66849065,-1.7267992,-2.0449314,-0.6672115,-0.3739045262336731,-1.0719633102416992,0.6625779271125793,-1.7469602823257446,-2.0504543781280518,-0.6793892979621887,0.68665385,-0.35819846,0.14781773,0.5040246,0.13807335,0.30444533,0.057411958,0.7526115364349553,0.03203682808205485,0.018815288410873883,0.013725499622523785,0.006862750000000001,27.451,False,0,0.4723811793168121,-0.16218314487888352,0.32202897959023635,0.5064067047377299,0.19531283062706195,0.11983987140559517,0.9997686593562626,0.005683055669012083,0.0013592135330659702,0.020698714722018216,0.28960493,-0.09530228,0.28934506,0.40024012362180705,4.2041996493935585e-05,0.00011694300337694585,0.0004659749974962324,0.0002518350083846599,0.00017510900215711445,0.00011787800758611411,0.00151375999848824,0.018333380998228677,0.019847140996716917,50.38509073752328,0
24,0.5001030660059769,-0.36999684969057256,-1.0730912250331421,0.662689510975973,-1.743450780908102,-2.04963189760317,-0.6780350844012659,0.23487520217895508,-1.7447036504745483,-0.8383008241653442,-0.43804463744163513,-0.043230097740888596,0.22066354751586914,0.2659849226474762,-1.3949490785598755,-0.6920495629310608,-0.09296765923500061,0.11915906518697739,0.14939209818840027,1.7400181750843504,-4.769587625116478,-1.9663024872021035,-0.2852756574331316,-0.12106571076033196,0.07561959609297655,-0.34216854,-1.0820284,0.66297495,-1.7197554,-2.048206,-0.67242086,-0.34216854,-1.0820284,0.66297495,-1.7197554,-2.048206,-0.67242086,-0.3699968457221985,-1.0730912685394287,0.6626895070075989,-1.7434507608413696,-2.0496318340301514,-0.6780350804328918,0.6957079,-0.2234273,0.007135559,0.5923826,0.035643354,0.14035498,0.04579217,0.7938429470291294,0.03295267147943377,0.019846073675728236,0.013725499622523785,0.006862750000000001,27.451,False,0,0.47251597602079193,-0.1599582142991412,0.3218176017091222,0.5064466450516795,0.19513326466662437,0.1198592428859474,0.9997718420563129,0.0025289233833199766,-0.0035113745174901578,0.020918507323836107,0.28960493,-0.09530228,0.28934506,0.40012319695146037,7.517699850723147e-05,0.00011607700434979051,0.0004735389957204461,0.00027325100381858647,0.00016953100566752255,0.0001081360096577555,0.0015501360030611977,0.01832523799384944,0.01987537399691064,50.31351863645115,0
25,0.5201279670000076,-0.3654559294330042,-1.0745259088328858,0.6628535429583948,-1.7394191227354945,-2.0486467520343226,-0.6763704458819788,0.23958371579647064,-1.9190900325775146,-0.7717532515525818,-0.48176759481430054,-0.0573304183781147,0.23258155584335327,0.22387614846229553,-1.4768699407577515,-0.5268363356590271,-0.12006381154060364,0.11343192309141159,0.15634480118751526,1.0143029468748321,-4.57191552683816,-1.860297556201204,-0.27096956825652296,-0.10034831827997762,0.08529716134822685,-0.33773848,-1.0827993,0.6630521,-1.7158023,-2.047057,-0.67129034,-0.33773848,-1.0827993,0.6630521,-1.7158023,-2.047057,-0.67129034,-0.3654559254646301,-1.0745259523391724,0.6628535389900208,-1.7394191026687622,-2.0486466884613037,-0.6763704419136047,0.69293636,-0.20683332,0.0049631386,0.5904194,0.039745543,0.12700231,0.047176685,0.8282024558576079,0.03389620518311858,0.020705061396440197,0.013725499622523785,0.006862750000000001,27.451,False,0,0.4726459705883533,-0.15736251514040553,0.3216269674427316,0.5064698804555497,0.19513904720136235,0.11986781358776472,0.9997716432660735,0.0030567148217839567,-0.002569903353120609,0.02099178022148534,0.28960493,-0.09530228,0.28934506,0.40013635660543234,0.00016975299513433129,0.000112599998828955,0.00045592499373015016,0.00027955799305345863,0.00014736699813511223,0.00011046900181099772,0.0016069739940576255,0.018270547996507958,0.019877521990565583,50.30808168516314,0
26,0.5401276220072759,-0.3615000883685511,-1.0761827391437073,0.6633923689471644,-1.7361847362914027,-2.047896210347311,-0.674847427998678,0.29682663083076477,-1.807204008102417,-0.8457772135734558,-0.47575557231903076,-0.07072482258081436,0.19124042987823486,0.22396905720233917,-1.3596465587615967,-0.5289887189865112,-0.09863360226154327,0.09963178634643555,0.13276444375514984,1.4801359380643067,-4.3214605632793734,-2.21671847882762,-0.3036473161672529,-0.09847415115566367,0.029170903807873932,-0.33385578,-1.0841278,0.66348004,-1.7125945,-2.0461211,-0.6699981,-0.33385578,-1.0841278,0.66348004,-1.7125945,-2.0461211,-0.6699981,-0.361500084400177,-1.0761827230453491,0.6633923649787903,-1.7361847162246704,-2.047896146774292,-0.674847424030304,0.69110733,-0.19862601,0.0021915007,0.5897539,0.044375148,0.12123222,0.051824972,0.85683537988134,0.03493270462378859,0.0214208844970335,0.013725499622523785,0.006862750000000001,27.451,False,0,0.47268450123930106,-0.15510315903340577,0.32157405594771504,0.5064566865271466,0.1951767183870283,0.11984255185971501,0.9997730273552149,0.003433804640342476,-0.001742913436862749,0.020953165802100524,0.28960493,-0.09530228,0.28934506,0.40016725081104826,4.707800690084696e-05,0.00011374300811439753,0.00046452198876067996,0.00034243300615344197,0.00014926400035619736,0.00010482699144631624,0.0015549450035905465,0.018263644000398926,0.019818589003989473,50.457678889183306,0
27,0.5601319810084533,-0.35759193101991826,-1.0777453941157837,0.6636527220355433,-1.7331158123412074,-2.0474537054644983,-0.6736915747271937,0.2569925785064697,-1.688440203666687,-0.829858660697937,-0.40950191020965576,-0.07172370702028275,0.2110830545425415,0.24758026003837585,-1.333116888999939,-0.5427276492118835,-0.08755185455083847,0.10311519354581833,0.13068103790283203,2.05800774838236,-3.9772368347900096,-2.060388041386256,-0.2695336491071013,-0.1329109578346311,0.05369757023152283,-0.3300088,-1.08566,0.6636926,-1.70951,-2.0455515,-0.66890347,-0.3300088,-1.08566,0.6636926,-1.70951,-2.0455515,-0.66890347,-0.3575919270515442,-1.0777454376220703,0.6636527180671692,-1.733115792274475,-2.0474536418914795,-0.6736915707588196,0.68957824,-0.1978625,0.000997146,0.5901457,0.047550045,0.119703226,0.056877386,0.8806961499011166,0.03607025234028697,0.022017403747527916,0.013725499622523785,0.006862750000000001,27.451,False,0,0.47271083498921584,-0.15293981682292734,0.32163914294286106,0.5063568042223384,0.195243082033422,0.11982867157823975,0.9997741896036989,0.004668114153361107,-0.0004822941418973259,0.02072526219074641,0.28960493,-0.09530228,0.28934506,0.40016719488781033,4.0575003367848694e-05,0.00011117900430690497,0.00046354500227607787,0.0003307439910713583,0.00014948900206945837,0.00010477800969965756,0.001570758002344519,0.018289610001374967,0.019860368003719486,50.351534262241174,0
28,0.5800913140119519,-0.3536260763751429,-1.079137162571289,0.6636255423175257,-1.729849477807516,-2.0471494833575647,-0.6728809515582483,0.19687390327453613,-1.6725891828536987,-0.8828247785568237,-0.4304201006889343,-0.03904620558023453,0.1899210661649704,0.2557477355003357,-1.3514212369918823,-0.6979741454124451,-0.08967339247465134,0.10992901772260666,0.1382165104150772,2.5584788654082615,-4.7106553739233235,-1.500219950050695,-0.26366950862347205,-0.12417806495355718,0.05246534254278,-0.32611355,-1.0869278,0.6635836,-1.7062563,-2.0451615,-0.6682574,-0.32611355,-1.0869278,0.6635836,-1.7062563,-2.0451615,-0.6682574,-0.3536260724067688,-1.0791372060775757,0.6636255383491516,-1.7298494577407837,-2.047149419784546,-0.6728809475898743,0.6878127,-0.19476378,-0.0010489017,0.58982986,0.049695995,0.115588784,0.059685577,0.9005801249175972,0.037263963874429464,0.02251450312293993,0.013725499622523785,0.006862750000000001,27.451,False,0,0.4727324067498445,-0.15078101547709796,0.3217045375164199,0.5063691850168869,0.19527353152884688,0.11991182460731509,0.999774132439808,0.004646520060740533,-0.00016625497645683055,0.020737354367794118,0.28960493,-0.09530228,0.28934506,0.4001607943033894,3.8896992919035256e-05,0.00011599900608416647,0.00046031500096432865,0.00025517398898955435,0.00017202799790538847,0.00010761400335468352,0.001482526000472717,0.018329914004425518,0.019812440004898235,50.4733389604092,0
29,0.6001339340000413,-0.3500712553607386,-1.0801549714854737,0.6636374632464808,-1.726936479608053,-2.046910111104147,-0.6722405592547815,0.20074032247066498,-1.6945469379425049,-0.9125320911407471,-0.3695544898509979,-0.05762901157140732,0.22298449277877808,0.25937408208847046,-1.3735841512680054,-0.7517158389091492,-0.09355776011943817,0.11246228963136673,0.1424330472946167,1.709178201362572,-4.665266952651862,-1.266059821526506,-0.260312399721317,-0.10998520377338868,0.08155893072339454,-0.3226334,-1.0878081,0.6635263,-1.7033767,-2.0448751,-0.6677974,-0.3226334,-1.0878081,0.6635263,-1.7033767,-2.0448751,-0.6677974,-0.3500712513923645,-1.0801550149917603,0.6636374592781067,-1.7269364595413208,-2.046910047531128,-0.6722405552864075,0.68594646,-0.1913287,-0.0027785916,0.5889938,0.050875373,0.11107956,0.06122423,0.9171501040979976,0.038488448467105627,0.02292875260244994,0.013725499622523785,0.006862750000000001,27.451,False,0,0.4727750678816403,-0.14886684776295397,0.321641248796962,0.5063834606715196,0.19528583662256876,0.11986907670530243,0.9997649882729277,0.005289698149247162,0.0007462213478483557,0.021009677464377638,0.28960493,-0.09530228,0.28934506,0.4001955638669231,3.831199137493968e-05,0.00011564099986571819,0.0004842079943045974,0.0003830740024568513,0.0001697410043561831,0.00010793199180625379,0.0016313450032612309,0.018259114993270487,0.019890459996531717,50.27535814528016,0
30,0.6201475060079247,-0.34585410753359014,-1.081219272022583,0.6636670271502894,-1.7232562504210414,-2.0466864744769495,-0.6715272108661097,0.2735292315483093,-1.8049763441085815,-0.9085129499435425,-0.4274590015411377,-0.04337044060230255,0.22584165632724762,0.2618437111377716,-1.3870272636413574,-0.7780318856239319,-0.09622717648744583,0.11328212916851044,0.1439240276813507,1.371539764865184,-3.950845652253326,-1.7530481360459316,-0.252134832867336,-0.1108838332215676,0.06707145195378492,-0.31848356,-1.0886754,0.6634438,-1.6997234,-2.044544,-0.6672819,-0.31848356,-1.0886754,0.6634438,-1.6997234,-2.044544,-0.6672819,-0.34585410356521606,-1.0812193155288696,0.6636670231819153,-1.723256230354309,-2.0466864109039307,-0.6715272068977356,0.6842636,-0.18640071,-0.0055803466,0.58832246,0.053563476,0.1061323,0.0639745,0.9309584200816646,0.0397679384611547,0.023273960502041616,0.013725499622523785,0.006862750000000001,27.451,False,0,0.47280120442063256,-0.14660637698507478,0.32145359587542877,0.5063662334077178,0.195400931805015,0.11985758380937689,0.999771136523368,0.0053129371284826215,0.000385417766302252,0.020720339202313916,0.28960493,-0.09530228,0.28934506,0.4002746808581115,0.00016044398944359273,0.00011457900109235197,0.000694582995492965,0.000288405004539527,0.00015381499542854726,0.00010945799294859171,0.001880617011920549,0.0179861929937033,0.019866810005623847,50.335207298852836,0
31,0.6400939450104488,-0.34204227129091436,-1.0823421043208619,0.6636770407306116,-1.7200056515135707,-2.0464075247394007,-0.6708696524249476,0.2769148647785187,-1.7638369798660278,-0.9216558933258057,-0.39016830921173096,-0.02775469794869423,0.20644350349903107,0.25510743260383606,-1.382278561592102,-0.7965869307518005,-0.09777777642011642,0.11302831768989563,0.14348241686820984,1.3068297500263022,-3.8873106491868277,-1.5227978050118145,-0.24289082537930964,-0.09518752363530622,0.0741304276650209,-0.31682318,-1.094299,0.66889524,-1.7001226,-2.0457096,-0.6648691,-0.31682318,-1.094299,0.66889524,-1.7001226,-2.0457096,-0.6648691,-0.3420422673225403,-1.0823421478271484,0.6636770367622375,-1.7200056314468384,-2.046407461166382,-0.6708696484565735,0.6304767,-0.2989215,0.13045457,0.4970755,0.017443582,0.15001364,-0.017790176,0.9424653500680538,0.03941213494166732,0.023561633751701345,0.018431350588798523,0.009215675,36.8627,False,0,0.47280842328079997,-0.1445454792802189,0.3213772160997895,0.5063869682751785,0.19535280290550333,0.1197487704893097,0.9997647889294317,0.0052280736128426505,0.002117793082334592,0.02094180356438493,0.28960493,-0.09530228,0.28934506,0.40029704757158874,4.4069995055906475e-05,0.00011587599874474108,0.00046280100650619715,0.0002431210014037788,0.00014759800978936255,0.00010696100071072578,0.0015252390003297478,0.018241787009174004,0.019767026009503752,50.5892995496243,0
32,0.6600886980013456,-0.33821040788759404,-1.083476261501648,0.6636737028705042,-1.716738840142721,-2.0461438337909144,-0.6702292601214808,0.24471347033977509,-1.7523791790008545,-0.9459754228591919,-0.384677916765213,-0.02872493490576744,0.22054970264434814,0.2616572678089142,-1.3774539232254028,-0.811210036277771,-0.09608899056911469,0.11318899691104889,0.14320988953113556,1.8653795497895977,-4.146923857974759,-1.7245140292080685,-0.2500386094062215,-0.11666422021769306,0.070397657151274,-0.3123607,-1.0911216,0.66315836,-1.6950942,-2.0465677,-0.6689346,-0.3123607,-1.0911216,0.66315836,-1.6950942,-2.0465677,-0.6689346,-0.33821040391921997,-1.0834763050079346,0.6636736989021301,-1.7167388200759888,-2.0461437702178955,-0.6702292561531067,0.64624214,-0.19112995,-0.01288409,0.54111344,-0.010598269,0.032366306,-0.002522761,0.9520544583900449,0.03936167972162366,0.023801361459751123,0.018431350588798523,0.009215675,36.8627,False,0,0.47280323610105524,-0.14247833308330837,0.32131005519336836,0.5063765943539834,0.19531140299231997,0.119847287200752,0.9997655872692237,0.005233361572060776,0.000564071638547663,0.021000159298055744,0.28960493,-0.09530228,0.28934506,0.4002196368688388,9.229399438481778e-05,0.00012703599350061268,0.0005239539896138012,0.0003333580098114908,0.00017449399456381798,0.00011157899280078709,0.0017068019951693714,0.018142347995308228,0.0198491499904776,50.3799911069108,0
33,0.6800928920129081,-0.3347986380206507,-1.0844509166530152,0.6636703650103968,-1.7136947117247523,-2.0458930174456995,-0.66968280473818,0.24439764022827148,-1.7538936138153076,-0.7258017659187317,-0.4689556658267975,-0.022859249264001846,0.2272666096687317,0.2331172227859497,-1.444019079208374,-0.6400695443153381,-0.11064133048057556,0.10700856894254684,0.14905376732349396,1.7647542031225358,-4.272416849437494,-1.489649170336128,-0.2542241564817578,-0.11458968519267504,0.07330035614749156,-0.30911157,-1.0915174,0.663061,-1.6921751,-2.0462441,-0.668832,-0.30911157,-1.0915174,0.663061,-1.6921751,-2.0462441,-0.668832,-0.3347986340522766,-1.0844509601593018,0.6636703610420227,-1.71369469165802,-2.0458929538726807,-0.6696828007698059,0.6421769,-0.17666213,-0.015233121,0.5379882,-0.008780283,0.021269612,-0.0014334607,0.960045381991704,0.03933301050681621,0.0240011345497926,0.018431350588798523,0.009215675,36.8627,False,0,0.4727806966386072,-0.14063241499665052,0.32120673508628605,0.5063965770115559,0.19531143775370183,0.11988551124830471,0.9997682791527761,0.0052649074046991805,0.0004961910950776109,0.02086596484248903,0.28960493,-0.09530228,0.28934506,0.40021429930268515,5.4032992920838296e-05,0.00011217899736948311,0.0005041660042479634,0.00026066899590659887,0.00016736600082367659,0.00010922699584625661,0.0015660890057915822,0.01828983100131154,0.019855920007103123,50.362813691950144,0
34,0.700124365001102,-0.3307607809649866,-1.0859832030585785,0.6641271750079554,-1.7103473148741664,-2.0456884543048304,-0.6689179579364222,0.2357344776391983,-1.6939054727554321,-0.7965219616889954,-0.4279840886592865,-0.09244945645332336,0.17958123981952667,0.24258708953857422,-1.3709672689437866,-0.5369893908500671,-0.10273641347885132,0.04221367835998535,0.13324318826198578,1.3057240407645008,-4.677937059731587,-1.6290480218057524,-0.2756715159402908,-0.11572266033174197,0.07694837113069947,-0.30517167,-1.0926414,0.66337913,-1.6888572,-2.0457542,-0.6683176,-0.30517167,-1.0926414,0.66337913,-1.6888572,-2.0457542,-0.6683176,-0.33076077699661255,-1.085983157157898,0.6641271710395813,-1.710347294807434,-2.0456883907318115,-0.6689179539680481,0.6397278,-0.16645558,-0.018700484,0.53725237,-0.0016477391,0.015008304,0.0046929144,0.9667044849930867,0.03942686879541725,0.024167612124827167,0.018431350588798523,0.009215675,36.8627,False,0,0.47268330312379825,-0.13844953339248695,0.32115233869624954,0.5064006572176165,0.19527612106904027,0.11990235872966074,0.9997666132416922,0.00547682740659618,0.0004969737763505634,0.02089326581733227,0.28960493,-0.09530228,0.28934506,0.4001837316338943,4.4379004975780845e-05,0.0001249650085810572,0.0005020719981985167,0.00024205399677157402,0.00015872600488364697,0.00011419800284784287,0.0015775510109961033,0.018307216989342123,0.019884768000338227,50.28974941940437,0
35,0.7201307420036756,-0.3271568457232874,-1.087143824701645,0.6643288771258753,-1.7072950802245082,-2.0456813017474573,-0.668495003377096,0.2517005503177643,-1.7444881200790405,-0.8930938839912415,-0.5135998725891113,-0.15560486912727356,0.187049999833107,0.2433672994375229,-1.337963342666626,-0.6686142086982727,-0.0970824584364891,-0.03938242793083191,0.13011515140533447,1.9478727165468246,-4.289148040869274,-2.364669082384253,-0.2805907932339521,-0.13255103066881135,0.07128819907675998,-0.30164927,-1.0937475,0.66356254,-1.6858431,-2.0457177,-0.6680229,-0.30164927,-1.0937475,0.66356254,-1.6858431,-2.0457177,-0.6680229,-0.32715684175491333,-1.0871437788009644,0.6643288731575012,-1.7072950601577759,-2.0456812381744385,-0.6684949994087219,0.6376891,-0.16509426,-0.019157754,0.5362988,-0.00091423065,0.0118027,0.007049614,0.9722537374942388,0.03956786107737571,0.024306343437355972,0.018431350588798523,0.009215675,36.8627,False,0,0.4725994642644946,-0.13654679241636475,0.32108420710378666,0.506368080766856,0.1953097642218085,0.11982794152685523,0.9997728084700799,0.005639021469663885,0.0011838660232787834,0.02052219962996073,0.28960493,-0.09530228,0.28934506,0.4002220293472611,3.5536999348551035e-05,0.000103295998997055,0.0004346839996287599,0.0002659190067788586,0.00017317599849775434,0.00010562899115029722,0.001421040011337027,0.018423303990857676,0.019844344002194703,50.39219234908466,0
36,0.7401000130048487,-0.32356244722475225,-1.0882557791522522,0.6642997900592249,-1.704390665093893,-2.0457289854632776,-0.6682637373553675,0.21862874925136566,-1.7076185941696167,-1.0793005228042603,-0.4539314806461334,-0.1570928990840912,0.16481803357601166,0.25487977266311646,-1.3486406803131104,-0.834125280380249,-0.09609995782375336,-0.05690990388393402,0.09901762753725052,1.8457750852850192,-3.8879126970075877,-1.2445031752170985,-0.2380770339155013,-0.11890361852804746,0.06242347151096121,-0.29813263,-1.0947014,0.6634327,-1.6829796,-2.0456586,-0.6679611,-0.29813263,-1.0947014,0.6634327,-1.6829796,-2.0456586,-0.6679611,-0.3235624432563782,-1.088255763053894,0.6642997860908508,-1.7043906450271606,-2.045728921890259,-0.6682637333869934,0.63574535,-0.16114065,-0.021676727,0.53527606,0.0017593856,0.007565795,0.0106283,0.9768781145785324,0.039780427073128524,0.02442195286446331,0.018431350588798523,0.009215675,36.8627,False,0,0.4725359185129103,-0.134672934715595,0.32111174800674297,0.5063836187868397,0.19536619232089533,0.11986090358023213,0.9997719749926889,0.005458939865588701,0.001099927160212803,0.020615817793178805,0.28960493,-0.09530228,0.28934506,0.40025746155801867,3.967499651480466e-05,0.00011269000242464244,0.00047881199861876667,0.00021484999160747975,0.00016527800471521914,0.00010961299994960427,0.0014607580087613314,0.018358339992119,0.01981909800088033,50.456383027904785,0
37,0.7600915250077378,-0.31993037859071904,-1.089268998508789,0.6642244497882288,-1.7013989887633265,-2.045713249837057,-0.6682503859149378,0.23350925743579865,-1.7215489149093628,-1.1738370656967163,-0.43559589982032776,-0.15368691086769104,0.15488702058792114,0.25705909729003906,-1.360967755317688,-0.8887012004852295,-0.09688754379749298,-0.04516948014497757,0.05483034625649452,1.93374742216308,-4.131368470387545,-1.3148360634118854,-0.24281516141049803,-0.11554010942951867,0.06958158558301794,-0.2945964,-1.0955188,0.6634021,-1.6800231,-2.0455213,-0.6681513,-0.2945964,-1.0955188,0.6634021,-1.6800231,-2.0455213,-0.6681513,-0.31993037462234497,-1.0892690420150757,0.6642244458198547,-1.7013989686965942,-2.045713186264038,-0.6682503819465637,0.6333494,-0.15624481,-0.02055958,0.5343961,0.004796579,0.0024767416,0.013534745,0.9807317621487769,0.04005112197715789,0.024518294053719424,0.018431350588798523,0.009215675,36.8627,False,0,0.4724835614170272,-0.1327738991894783,0.3210865264069278,0.5061874517344783,0.1950679383316942,0.11915651474522294,0.9997362445653813,0.005528248056808009,0.010273312484750413,0.019782567833431353,0.28960493,-0.09530228,0.28934506,0.40023366786161696,0.00042583499453030527,0.00017182900046464056,0.0005680260073859245,0.000301595006021671,0.00019953498849645257,0.0001172179909190163,0.002568319992860779,0.01727316800679546,0.019841487999656238,50.3994458488862,0
38,0.7801294620003318,-0.31631356874574834,-1.0901705485633393,0.6641715208636683,-1.6983539066710414,-2.045713249837057,-0.6681602636920374,0.27524644136428833,-1.7013639211654663,-1.2353360652923584,-0.4539978504180908,-0.16583481431007385,0.1862303614616394,0.2570399045944214,-1.3676186800003052,-0.9022223353385925,-0.09869720786809921,-0.034444551914930344,0.0387268029153347,1.6685515278512741,-4.274790153041995,-1.606356041771834,-0.25959181162301087,-0.11853819317469284,0.0694371587981643,-0.2886319,-1.1054767,0.67544246,-1.6841341,-2.0405443,-0.66742784,-0.2886319,-1.1054767,0.67544246,-1.6841341,-2.0405443,-0.66742784,-0.31631356477737427,-1.0901705026626587,0.6641715168952942,-1.698353886604309,-2.045713186264038,-0.6681602597236633,0.69204205,-0.3826571,0.281774,0.35549524,0.12922302,0.018310282,-0.16837578,0.9839431351239808,0.03668360647279769,0.02459857837809952,0.03274510055780411,0.01637255,65.4902,False,0,0.47242889602123184,-0.13089009413495792,0.3209899988833635,0.5062458334586466,0.19501974362994076,0.11928577248902608,0.9997592484520244,0.004808180427482736,0.007227715169642977,0.020150248790069096,0.28960493,-0.09530228,0.28934506,0.40017535564432444,7.671200728509575e-05,0.00013277799007482827,0.0006779560062568635,0.0002829089935403317,0.0001599649986019358,0.0001127210125559941,0.0018644939991645515,0.01798172299459111,0.01984621699375566,50.387436573662185,0
39,0.8002053080126643,-0.3127368132220667,-1.0910783571055909,0.6640890280352991,-1.6954528294005335,-2.045720879231588,-0.6681192556964319,0.2931646704673767,-1.756787657737732,-1.2920031547546387,-0.40228545665740967,-0.1511450558900833,0.16745692491531372,0.2567636966705322,-1.3670846223831177,-0.9060356020927429,-0.099274642765522,-0.022149819880723953,0.023694926872849464,1.301139351009493,-4.25095310031978,-1.549493101747136,-0.26743833736789957,-0.11511930182285993,0.07281584649118028,-0.2901739,-1.1001376,0.6631028,-1.6797526,-2.0502145,-0.6737911,-0.2901739,-1.1001376,0.6631028,-1.6797526,-2.0502145,-0.6737911,-0.3127368092536926,-1.0910784006118774,0.664089024066925,-1.6954528093338013,-2.0457208156585693,-0.6681192517280579,0.5640728,-0.22648007,-0.024656191,0.39250508,-0.11234461,-0.14179608,-0.16217716,0.986619279269984,0.033440063265152274,0.0246654819817496,0.03274510055780411,0.01637255,65.4902,False,0,0.47237854065937,-0.12903450497782754,0.3209350430243535,0.5062893087043993,0.19505106653611567,0.11938028454398715,0.9997667803518416,0.004953005651499994,0.0061587728026440075,0.020098230667993107,0.28960493,-0.09530228,0.28934506,0.40018146665704607,3.853000816889107e-05,0.00013189500896260142,0.0005643210024572909,0.00030679701012559235,0.00020470299932640046,0.00017314600700046867,0.0017850459989858791,0.01814839600410778,0.01993344200309366,50.16695058709883,0
40,0.8201330100127961,-0.30921870866884404,-1.0920359653285523,0.6641081015216272,-1.6925159893431605,-2.0456464926349085,-0.6680949370013636,0.30112338066101074,-1.8509315252304077,-0.9316465854644775,-0.4303704798221588,0.014268167316913605,0.17784883081912994,0.31454914808273315,-1.517001986503601,-0.4982669949531555,-0.13058681786060333,0.12129788845777512,0.025782741606235504,1.6960454553491984,-3.6851589331439456,-1.691008109396575,-0.24860663825689258,-0.11810840608389622,0.06710771935574736,-0.28667215,-1.1005325,0.6622142,-1.6768708,-2.0496128,-0.674215,-0.28667215,-1.1005325,0.6622142,-1.6768708,-2.0496128,-0.674215,-0.30921870470046997,-1.0920360088348389,0.6641080975532532,-1.6925159692764282,-2.0456464290618896,-0.6680949330329895,0.5636638,-0.21241404,-0.047347058,0.39113006,-0.09915608,-0.15300171,-0.15525034,0.9888493993916533,0.030335056451149284,0.024721234984791333,0.03274510055780411,0.01637255,65.4902,False,0,0.47230504951393276,-0.1271877952666296,0.3208523251575059,0.5063359677375077,0.1951076170728037,0.11947230118627873,0.9997662045315766,0.005779081508439011,0.006215013085047066,0.019888026113591396,0.28960493,-0.09530228,0.28934506,0.4002086965128268,3.762899723369628e-05,0.00012068699288647622,0.0005534400115720928,0.0002840789966285229,0.00015110398817341775,0.00017887500871438533,0.0016589699953328818,0.018119522006600164,0.019778492001933046,50.559971907982934,0
41,0.8400973300012993,-0.30563098589052373,-1.0935530823520203,0.6646698156939905,-1.6900907955565394,-2.0453112761126917,-0.6680319944964808,0.33776047825813293,-1.809765100479126,-0.7939146161079407,-0.4120229184627533,-0.0790276825428009,-0.027002960443496704,0.1988629847764969,-1.4001812934875488,-0.5513947010040283,-0.12431725859642029,0.09010171890258789,-0.11977735161781311,1.239285367548056,-3.9018090719924814,-2.049410846421414,-0.2567128552200636,-0.11564606428158541,0.08030018457097321,-0.2832778,-1.1015254,0.6627429,-1.6744937,-2.0490777,-0.6743592,-0.2832778,-1.1015254,0.6627429,-1.6744937,-2.0490777,-0.6743592,-0.30563098192214966,-1.093553066253662,0.6646698117256165,-1.6900907754898071,-2.045311212539673,-0.6680319905281067,0.558829,-0.1993092,-0.048172034,0.38992822,-0.09416244,-0.15818071,-0.14862178,0.9907078328263778,0.027362620797939597,0.024767695820659446,0.03274510055780411,0.01637255,65.4902,False,0,0.4722141495700431,-0.12524664143689276,0.32090814970548154,0.5062843421977375,0.1950836471271684,0.11945425885092738,0.9997572241619996,0.005629947323486755,0.006226326323896956,0.02037167643896793,0.28960493,-0.09530228,0.28934506,0.4001710061961928,4.4464002712629735e-05,0.00013084200327284634,0.0005055779911344871,0.0002723589859670028,0.00018277500930707902,0.0001418730098521337,0.001685684997937642,0.018093263992341235,0.019778948990278877,50.5588037307487,0
42,0.8601325590134365,-0.3021295706378382,-1.0950992566398163,0.6650474707232874,-1.6878777943053187,-2.0454729239093226,-0.6683262030230921,0.21689118444919586,-1.7043991088867188,-0.8226677775382996,-0.40001732110977173,-0.26446646451950073,-0.18080805242061615,0.2035914659500122,-1.3444364070892334,-0.5658242702484131,-0.11128503829240799,-0.18405044078826904,-0.16107435524463654,1.9119277480475847,-4.580754511331663,-1.9090779273151612,-0.29222574509624827,-0.11139933433153898,0.03888086384776091,-0.27990878,-1.1028186,0.66322285,-1.6722744,-2.0490701,-0.6747995,-0.27990878,-1.1028186,0.66322285,-1.6722744,-2.0490701,-0.6747995,-0.3021295666694641,-1.0950992107391357,0.6650474667549133,-1.6878777742385864,-2.0454728603363037,-0.668326199054718,0.5555201,-0.19298553,-0.045616128,0.39008537,-0.0899327,-0.16183302,-0.14353113,0.9888698488396919,0.024491998222656547,0.024721746220992297,0.03274510055780411,0.01637255,65.4902,False,0,0.4720772294251875,-0.1234497228789152,0.3211316256218118,0.5062938185054625,0.19516272834024317,0.11955177038665132,0.9997559767170625,0.005670473986671506,0.00510607354501629,0.020731909981764125,0.28960493,-0.09530228,0.28934506,0.4001921441144033,3.9892009226605296e-05,0.00011526999878697097,0.0005313510046107695,0.00034271099139004946,0.00016425098874606192,0.00012323498958721757,0.0016538250056328252,0.018199098005425185,0.01985292301105801,50.37041645922887,0
43,0.8801068080065306,-0.2987750212298792,-1.0964270395091553,0.6650388876544397,-1.6856924496092738,-2.045840565358297,-0.6690705458270472,0.12243987619876862,-1.6302014589309692,-1.1468226909637451,-0.3968964219093323,-0.3477431535720825,-0.20025695860385895,0.22309249639511108,-1.3376928567886353,-0.9406123757362366,-0.10538140684366226,-0.1722646802663803,-0.1527799814939499,1.8136055929327979,-5.308992031111858,-1.639571771381624,-0.3289196811173052,-0.055152128559549166,-0.013606627410483275,-0.276644,-1.1040143,0.6632956,-1.6701375,-2.0494263,-0.6756798,-0.276644,-1.1040143,0.6632956,-1.6701375,-2.0494263,-0.6756798,-0.2987750172615051,-1.096427083015442,0.6650388836860657,-1.6856924295425415,-2.0458405017852783,-0.6690705418586731,0.55327594,-0.1896792,-0.04358114,0.38887256,-0.08964565,-0.1652309,-0.14166069,0.9684501034764378,0.021658784416504203,0.024211252586910946,0.03274510055780411,0.01637255,65.4902,False,0,0.4719476542425983,-0.12177992258904144,0.3214174417655686,0.5063238385584367,0.19527128135555966,0.11966704555357534,0.9997577259939953,0.005686212474758083,0.003940548238098203,0.02089558556082164,0.28960493,-0.09530228,0.28934506,0.40023830902783936,4.0292012272402644e-05,0.00011912999616470188,0.0004940229991916567,0.0002787730045383796,0.00019477300520520657,0.0001320570008829236,0.0016432830016128719,0.01817942199704703,0.0198227049986599,50.44720183585461,0
44,0.9000916479999432,-0.2957232634173792,-1.0976439875415345,0.6648200193988245,-1.683484216729635,-2.0464423338519495,-0.6700452009784144,0.23322540521621704,-1.641655445098877,-1.2109980583190918,-0.39101579785346985,-0.30001217126846313,-0.1729319989681244,0.24118785560131073,-1.3463889360427856,-1.0091689825057983,-0.10380307585000992,-0.16654455661773682,-0.14797456562519073,1.9026717387164915,-4.248813068090104,-0.8550873606921183,-0.26526573407666404,-0.06322816621591971,-0.014240821971806695,-0.27365515,-1.1050676,0.6630526,-1.6679522,-2.0499105,-0.6767935,-0.27365515,-1.1050676,0.6630526,-1.6679522,-2.0499105,-0.6767935,-0.2957232594490051,-1.0976439714431763,0.6648200154304504,-1.6834841966629028,-2.0464422702789307,-0.6700451970100403,0.5517026,-0.18559034,-0.044184543,0.38830122,-0.08670756,-0.16870855,-0.13909295,0.9328879220719907,0.01887692537624389,0.023322198051799768,0.03274510055780411,0.01637255,65.4902,False,0,0.4717727682322017,-0.1203058998203545,0.32174542691845054,0.5062979078822457,0.1952525535378885,0.11966721614306372,0.9997552238592515,0.005894915721198304,0.003962655980619612,0.020954590647093506,0.28960493,-0.09530228,0.28934506,0.4002105998012311,6.517599103972316e-05,0.00018144299974665046,0.0008366160036530346,0.0003440550062805414,0.00026957999216392636,0.00013908099208492786,0.002322401007404551,0.01741528298589401,0.01973768399329856,50.664505538721016,0
45,0.920476168001187,-0.2926681677447718,-1.0986874860576172,0.6646807829486292,-1.6812416515746058,-2.0469568411456507,-0.6709893385516565,0.2578023076057434,-1.7415354251861572,-1.3168606758117676,-0.435119092464447,-0.3334901034832001,-0.20577919483184814,0.2503657341003418,-1.3543671369552612,-1.0052192211151123,-0.1041640043258667,-0.16500070691108704,-0.14678405225276947,2.0964164359503146,-3.949314737229523,-1.6875702981251317,-0.2711523696752483,-0.11099293831345412,0.022024337875879395,-0.27064395,-1.1059887,0.6627072,-1.665775,-2.0502894,-0.6779282,-0.27064395,-1.1059887,0.6627072,-1.665775,-2.0502894,-0.6779282,-0.2926681637763977,-1.0986875295639038,0.6646807789802551,-1.6812416315078735,-2.046956777572632,-0.6709893345832825,0.55060565,-0.18253167,-0.049339406,0.38666812,-0.08331605,-0.17347124,-0.13722016,0.88495674967855,0.016132522192783653,0.02212391874196375,0.03274510055780411,0.01637255,65.4902,False,0,0.47162325590291404,-0.11882216641819165,0.32194462603832114,0.5063782873664848,0.19526176930657196,0.1197509854963189,0.9997614401404797,0.0055286662490497745,0.00253286929799065,0.020977257164143684,0.28960493,-0.09530228,0.28934506,0.400225312620337,4.197099769953638e-05,0.00013598299119621515,0.0005739550106227398,0.0003126139927189797,0.0002495319931767881,0.00011695700231939554,0.0030035770032554865,0.01722073399287183,0.020224310996127315,49.44544218052653,0
46,0.9401379840128357,-0.2894652525531214,-1.0996834200671692,0.664499584828512,-1.6790601215758265,-2.047432247792379,-0.6718705336200159,0.2514464557170868,-1.8179185390472412,-1.3635998964309692,-0.44148486852645874,-0.3215048015117645,-0.20014113187789917,0.2503345310688019,-1.3572540283203125,-1.005203366279602,-0.10463219881057739,-0.16515059769153595,-0.1473674774169922,1.7425737667652181,-4.307541966254311,-1.9066148814991961,-0.2776529016175858,-0.07819069104673676,-0.0109641315903415,-0.26173905,-1.1109118,0.6795063,-1.6630254,-2.0424232,-0.68006635,-0.26173905,-1.1109118,0.6795063,-1.6630254,-2.0424232,-0.68006635,-0.2894652485847473,-1.099683403968811,0.6644995808601379,-1.6790601015090942,-2.0474321842193604,-0.6718705296516418,0.69315505,-0.28071082,0.37516803,0.40086785,0.12522285,-0.20489493,-0.46291983,0.783291461847224,0.006874125567264855,0.0195822865461806,0.04686275124549866,0.023431375,93.7255,False,0,0.47150803024854154,-0.11726858385228622,0.3221438092326882,0.5063366414513382,0.19529281626332334,0.1197359818977712,0.9997710820254949,0.005672443957249021,0.0024751191245605824,0.02048213305732477,0.28960493,-0.09530228,0.28934506,0.40023165746519707,0.00011079700198024511,0.0001297069975407794,0.0007273959927260876,0.00035213799856137484,0.0002817839995259419,0.00011125400487799197,0.002181118994485587,0.017297269005212,0.01947838799969759,51.33895063675318,0
47,0.96010505000595,-0.2862747351275843,-1.1007167559913178,0.6642091909991663,-1.676859041253561,-2.0478995482074183,-0.6728265921222132,0.22516435384750366,-1.782071828842163,-1.3877158164978027,-0.4897601902484894,-0.3495885133743286,-0.1916494071483612,0.2493882030248642,-1.3558813333511353,-1.0057282447814941,-0.10484518110752106,-0.16507528722286224,-0.1480538696050644,1.6479889930964773,-4.819940422104606,-1.7226864216219149,-0.3052412215959706,-0.0656241099850472,0.0070449726215922465,-0.26366097,-1.1095743,0.6637443,-1.6650281,-2.0508778,-0.6810272,-0.26366097,-1.1095743,0.6637443,-1.6650281,-2.0508778,-0.6810272,-0.2862747311592102,-1.1007167100906372,0.6642091870307922,-1.6768590211868286,-2.0478994846343994,-0.6728265881538391,0.56534374,-0.22144061,-0.011622167,0.29577416,-0.07445725,-0.20501445,-0.26177222,0.6636674266056038,0.001638681259937584,0.016591685665140098,0.04686275124549866,0.023431375,93.7255,False,0,0.47138297842460714,-0.11572003081168583,0.32239759278006536,0.5063339001709337,0.19524785992880073,0.11966231955413484,0.9997645945459559,0.005332717108638436,0.003181760993766906,0.020787857242429375,0.28960493,-0.09530228,0.28934506,0.40022875742589936,4.679600533563644e-05,0.00016669199976604432,0.0006732070032740012,0.00030034800875000656,0.0002844130067387596,0.00015227899712044746,0.002024597008130513,0.01777018299617339,0.019794780004303902,50.51836897316231,0
48,0.980143732012948,-0.2831018606769007,-1.1019033354571839,0.6641319433795374,-1.674722810784811,-2.0483692328082483,-0.6738222281085413,0.3195050358772278,-1.7268991470336914,-0.8454364538192749,-0.4142865836620331,-0.2778197228908539,-0.17738093435764313,0.353518009185791,-1.359356164932251,-0.4191812574863434,-0.08804476261138916,-0.12475571781396866,-0.15206734836101532,1.611244597462104,-4.150892311398783,-0.6930885881072057,-0.25455725973561266,-0.05534359921117423,-0.004537957149002465,-0.26045313,-1.1097592,0.6632577,-1.6626172,-2.0503244,-0.6823974,-0.26045313,-1.1097592,0.6632577,-1.6626172,-2.0503244,-0.6823974,-0.2831018567085266,-1.1019033193588257,0.6641319394111633,-1.6747227907180786,-2.0483691692352295,-0.6738222241401672,0.5662183,-0.19639604,-0.021855993,0.30263922,-0.048879065,-0.21438038,-0.25982505,0.5530561888380032,0.0,0.013826404720950081,0.04686275124549866,0.023431375,93.7255,False,0,0.4712238300647922,-0.11417442606480613,0.3226576564548335,0.5063250980265015,0.19534307563727352,0.11980070522598678,0.9997655287191001,0.005583292185992133,0.0019938343020333127,0.02082513405507453,0.28960493,-0.09530228,0.28934506,0.40023447847560784,4.5164997573010623e-05,0.00013423299242276698,0.0006070740055292845,0.00031678400409873575,0.00016780200530774891,0.00020034299814142287,0.0018668959964998066,0.017994929003180005,0.01986182499967981,50.34784064486123,0
49,1.0001019770134008,-0.2798202673541468,-1.1032349032214661,0.6648300329791468,-1.6725017033019007,-2.0482118765460413,-0.6748860518084925,0.3508642911911011,-1.648215651512146,-0.7678632736206055,-0.5098389387130737,-0.15137127041816711,-0.21915467083454132,0.24155102670192719,-1.3934352397918701,-0.5486235618591309,-0.12537333369255066,0.06686633825302124,-0.15129975974559784,1.9862589728330122,-3.4487849728365454,-2.0008724890029543,-0.257619234925355,-0.11205017911703058,0.0050087073666064495,-0.25711977,-1.11093,0.6637868,-1.6604104,-2.0499191,-0.68365,-0.25711977,-1.11093,0.6637868,-1.6604104,-2.0499191,-0.68365,-0.2798202633857727,-1.103234887123108,0.6648300290107727,-1.6725016832351685,-2.0482118129730225,-0.6748860478401184,0.56751245,-0.1923767,-0.026080184,0.30228272,-0.04268347,-0.21909991,-0.25997204,0.4608801573650027,0.0,0.011522003934125068,0.04686275124549866,0.023431375,93.7255,False,0,0.47107161901432076,-0.11244228847776529,0.32262375482517675,0.5063178853251283,0.1953467524437686,0.11978314120496558,0.9997650029592955,0.005497513960462015,0.001871361749307951,0.02088604415826622,0.28960493,-0.09530228,0.28934506,0.4002406837310679,4.348999937064946e-05,0.00013091199798509479,0.0006621260108659044,0.00040492700645700097,0.0001885599922388792,0.00015935901319608092,0.0020426860137376934,0.017645908999838866,0.01968859501357656,50.79082582126532,0
50,1.0200982640089933,-0.27640992799867803,-1.1044950646213074,0.6654718557940882,-1.6705509624876917,-2.048258129750387,-0.6759617964373987,0.22323627769947052,-1.7434755563735962,-0.8365256190299988,-0.5150260329246521,-0.3333542048931122,-0.19817639887332916,0.22442759573459625,-1.3580256700515747,-0.5724533200263977,-0.12447141855955124,-0.13022473454475403,-0.15076759457588196,1.68879318320984,-4.868468420825827,-2.6893375347408,-0.30274212608539364,-0.04843422549979098,-0.02294301802363214,-0.2537947,-1.1120074,0.6647726,-1.6584694,-2.0497477,-0.68496627,-0.2537947,-1.1120074,0.6647726,-1.6584694,-2.0497477,-0.68496627,-0.27640992403030396,-1.1044950485229492,0.6654718518257141,-1.6705509424209595,-2.048258066177368,-0.6759617924690247,0.5653805,-0.18780792,-0.017480686,0.3020373,-0.037238177,-0.22511195,-0.26147988,0.38406679780416897,0.0,0.009601669945104224,0.04686275124549866,0.023431375,93.7255,False,0,0.47095394106952654,-0.11070386736600667,0.32264424831086713,0.5063254482374374,0.19527563851585925,0.11973667076759373,0.9997610193849976,0.005716518029490276,0.003020041403935221,0.020883335466841648,0.28960493,-0.09530228,0.28934506,0.4002128321206575,4.435000300873071e-05,0.0001333459949819371,0.0006103539926698431,0.0003983810020145029,0.00028784699679818004,0.00010543499956838787,0.0020197050034767017,0.017812435995438136,0.019832140998914838,50.4231993940905,0
51,1.0401703450042987,-0.2729738394366663,-1.1056470733932038,0.6655986944781702,-1.6688744030394496,-2.048469368611471,-0.6771529356585901,0.17890143394470215,-1.7613123655319214,-1.0057332515716553,-0.4547409415245056,-0.38103726506233215,-0.20027890801429749,0.23385009169578552,-1.3513604402542114,-0.7765294909477234,-0.1148534044623375,-0.16724026203155518,-0.1504262238740921,1.1590706471610381,-5.165970990875106,-1.4855697607383174,-0.2946478702973448,-0.07138565661302786,0.014863776701792418,-0.25041118,-1.1130234,0.665002,-1.6567768,-2.0498316,-0.6863523,-0.25041118,-1.1130234,0.665002,-1.6567768,-2.0498316,-0.6863523,-0.27297383546829224,-1.105647087097168,0.6655986905097961,-1.6688743829727173,-2.048469305038452,-0.6771529316902161,0.5640664,-0.18440871,-0.014916841,0.30244115,-0.034055453,-0.22998449,-0.26109114,0.3200556648368075,0.0,0.008001391620920187,0.04686275124549866,0.023431375,93.7255,False,0,0.47089143231415825,-0.10900796269953969,0.3228697171192108,0.5063324580475095,0.1953280247891157,0.11983078576890732,0.9997573992462355,0.005732646734187935,0.001904464031549794,0.021181955897270975,0.28960493,-0.09530228,0.28934506,0.4002147925624158,4.407500091474503e-05,0.00015030799841042608,0.0008343689987668768,0.000377649994334206,0.0002987240004586056,0.00024632998974993825,0.0023834419989725575,0.017471036000642926,0.019854477999615483,50.366471484134046,0
52,1.0601304060110124,-0.2698476950274866,-1.1068056982806702,0.6655624548541468,-1.667159219781393,-2.0487216154681605,-0.6783841292010706,0.2475455105304718,-1.738853096961975,-1.1790883541107178,-0.46158701181411743,-0.3367534875869751,-0.20592643320560455,0.24461528658866882,-1.3440191745758057,-0.9306170344352722,-0.10895475000143051,-0.16337551176548004,-0.15022490918636322,1.6773490223165473,-4.656243364521691,-1.8426311945848297,-0.28081031457220557,-0.09612164706660747,0.03912262984712323,-0.24731907,-1.114001,0.6650156,-1.655033,-2.049878,-0.6877546,-0.24731907,-1.114001,0.6650156,-1.655033,-2.049878,-0.6877546,-0.26984769105911255,-1.106805682182312,0.6655624508857727,-1.6671591997146606,-2.0487215518951416,-0.6783841252326965,0.5632157,-0.17988262,-0.013672521,0.30315602,-0.02890553,-0.23426048,-0.26020804,0.2667130540306729,0.0,0.006667826350766823,0.04686275124549866,0.023431375,93.7255,False,0,0.4707858487611004,-0.10746764989088849,0.32315579387527105,0.5063219482851468,0.19534201050558492,0.11983925027314372,0.9997566811182347,0.005830995735928106,0.0016589288805649834,0.0212084499998324,0.28960493,-0.09530228,0.28934506,0.4002156727207882,4.3877007556147873e-05,0.00012510899978224188,0.0006454480026150122,0.00032459499198012054,0.00016918100300244987,0.00010643700079526752,0.002087963992380537,0.01769749000959564,0.019785454001976177,50.54218113469217,0
53,1.08009094800218,-0.26680118242372686,-1.1079304379275818,0.665473763142721,-1.6655775509276332,-2.0490124861346644,-0.6796630064593714,0.3578881323337555,-1.6590931415557861,-1.18965744972229,-0.40991532802581787,-0.33120197057724,-0.21791739761829376,0.25281888246536255,-1.3430933952331543,-0.9284319877624512,-0.10767035186290741,-0.1622646003961563,-0.15036216378211975,1.8174068662380067,-3.6671154955568706,-0.9651909871154598,-0.2495071418476841,-0.06608787091579957,-0.007909180840892246,-0.24426383,-1.1150049,0.66496104,-1.6534452,-2.049969,-0.689188,-0.24426383,-1.1150049,0.66496104,-1.6534452,-2.049969,-0.689188,-0.2668011784553528,-1.1079304218292236,0.6654737591743469,-1.6655775308609009,-2.0490124225616455,-0.6796630024909973,0.56343395,-0.17686197,-0.012817434,0.30330655,-0.023916004,-0.23812449,-0.26038724,0.22226087835889408,0.0,0.005556521958972352,0.04686275124549866,0.023431375,93.7255,False,0,0.47068781671204585,-0.10598070990939534,0.323472502606127,0.5063045844204644,0.19537814062485667,0.11980092477079327,0.9997672810824334,0.005890669614926754,0.0021881516130974224,0.020635847951300725,0.28960493,-0.09530228,0.28934506,0.40024874327472054,4.5209002564661205e-05,0.000130366999655962,0.000535814993781969,0.00039119301072787493,0.00017162499716505408,0.0001720080035738647,0.0019271610071882606,0.017854879988590255,0.019782040995778516,50.55090120445104,0
54,1.1001433310011635,-0.26361591020693,-1.1089792412570496,0.66541034380068,-1.6638037166991175,-2.0492003599749964,-0.6809528509723108,0.35505762696266174,-1.651789665222168,-1.2090513706207275,-0.44638535380363464,-0.30435582995414734,-0.21493402123451233,0.25273147225379944,-1.342806339263916,-0.8981219530105591,-0.10762061923742294,-0.15516087412834167,-0.15053394436836243,1.905579723744856,-3.534240167337441,-1.0640893388283377,-0.25336499350148256,-0.07744537665010043,-0.020914730026790253,-0.24212669,-1.1135577,0.65788805,-1.6506654,-2.048392,-0.690827,-0.24212669,-1.1135577,0.65788805,-1.6506654,-2.048392,-0.690827,-0.2636159062385559,-1.1089792251586914,0.6654103398323059,-1.6638036966323853,-2.0492002964019775,-0.6809528470039368,0.5372304,-0.11446107,-0.18805705,0.32845616,0.020205205,-0.2468534,-0.163481,0.18521739863241174,0.0,0.004630434965810294,0.04450979828834534,0.0222549,89.0196,False,0,0.47059632768891096,-0.10440671627359606,0.3236984710255157,0.5063156527041137,0.1953686344897985,0.11981351076607406,0.9997617566317099,0.0055783440235656935,0.0018267694829863733,0.021021958208102466,0.28960493,-0.09530228,0.28934506,0.40024250098264286,4.7747991629876196e-05,0.00013512599980458617,0.000532942998688668,0.0004014409933006391,0.00022906500089447945,0.00015403299767058343,0.0019453259883448482,0.017938283999683335,0.019883609988028184,50.292678271304595,0
55,1.1200871390028624,-0.26033193269838506,-1.109920249586441,0.6653812567340296,-1.6621157131590785,-2.0492480436908167,-0.6822364966021937,0.20990678668022156,-1.729993224143982,-1.2624704837799072,-0.4301850199699402,-0.36762353777885437,-0.21725165843963623,0.2510553002357483,-1.3442120552062988,-0.8722538352012634,-0.10851000249385834,-0.13721323013305664,-0.15071865916252136,1.5450457365624484,-4.690502831804043,-1.591558085326882,-0.29843993696063,-0.07395685100922048,0.00132058370040479,-0.23820435,-1.116208,0.6641538,-1.6495697,-2.0497785,-0.6922342,-0.23820435,-1.116208,0.6641538,-1.6495697,-2.0497785,-0.6922342,-0.260331928730011,-1.1099202632904053,0.6653812527656555,-1.6621156930923462,-2.049247980117798,-0.6822364926338196,0.5531896,-0.15719147,-0.030685568,0.3136474,-0.013261753,-0.24994348,-0.23491013,0.15434783219367645,0.0,0.0038586958048419115,0.04450979828834534,0.0222549,89.0196,False,0,0.4705522567503132,-0.10276872099687434,0.3238618466019927,0.5063353155870949,0.19533327564604575,0.11981884501255928,0.9997589090951327,0.005824258751297893,0.002194486856654207,0.021056684522759824,0.28960493,-0.09530228,0.28934506,0.4002252107907738,4.944100510329008e-05,0.0001320709998253733,0.0005487319867825136,0.00037977800820954144,0.000194002001080662,0.00012528098886832595,0.001975423001567833,0.017789163990528323,0.019764586992096156,50.5955424416356,0
56,1.1400916280108504,-0.25712901750673467,-1.1108099085143586,0.6652033964740198,-1.660368104974264,-2.04936391512026,-0.6836031118976038,0.12390395998954773,-1.713818907737732,-1.358001470565796,-0.441874235868454,-0.3729379177093506,-0.17971643805503845,0.23222342133522034,-1.3255950212478638,-1.0415139198303223,-0.10898187011480331,-0.0803631991147995,-0.1515311449766159,1.7441763558586396,-4.968853564211921,-1.9304043869475864,-0.30698467267020907,-0.0809509364734739,0.0038255398298633336,-0.23494548,-1.1175331,0.663857,-1.6479582,-2.0501065,-0.69367903,-0.23494548,-1.1175331,0.663857,-1.6479582,-2.0501065,-0.69367903,-0.2571290135383606,-1.1108099222183228,0.6652033925056458,-1.6603680849075317,-2.049363851547241,-0.6836031079292297,0.55458826,-0.1680787,-0.03366069,0.31024826,-0.018567974,-0.25189775,-0.23728095,0.1286231934947304,0.0,0.00321557983736826,0.04450979828834534,0.0222549,89.0196,False,0,0.4704939420809006,-0.10118502777508676,0.32405138918224285,0.5063122027758685,0.19538319972321067,0.11982471280633648,0.9997585052661649,0.005614951012222696,0.001547884566573966,0.021189273905378028,0.28960493,-0.09530228,0.28934506,0.40024646638095307,4.4266998884268105e-05,0.00013570699957199395,0.0005796990008093417,0.0003632750012911856,0.00017306899826508015,0.00012478200369514525,0.0018088849901687354,0.018012986009125598,0.019821870999294333,50.44932438696632,0
57,1.1600962360098492,-0.2541278044330042,-1.1116748017123719,0.6646707693683069,-1.6586681805052699,-2.0494120756732386,-0.6849649588214319,0.29541781544685364,-1.7064179182052612,-1.3363230228424072,-0.3870300054550171,-0.33649855852127075,-0.17005281150341034,0.25215110182762146,-1.331291675567627,-0.9973366260528564,-0.105598583817482,-0.022613346576690674,-0.15142713487148285,1.8989291096490097,-4.271989483720817,-1.6093494421267982,-0.2940176909034677,-0.12044060749749208,0.041840452345195824,-0.23195419,-1.1182791,0.6634306,-1.6462542,-2.0499997,-0.69518167,-0.23195419,-1.1182791,0.6634306,-1.6462542,-2.0499997,-0.69518167,-0.2541278004646301,-1.1116747856140137,0.6646707653999329,-1.6586681604385376,-2.0494120121002197,-0.6849649548530579,0.5543403,-0.16510805,-0.031004686,0.3103492,-0.014692603,-0.25541812,-0.23708025,0.107185994578942,0.0,0.00267964986447355,0.04450979828834534,0.0222549,89.0196,False,0,0.47044351618360974,-0.09969157041249409,0.32436313429178487,0.5063435540599465,0.19531746027605276,0.11984761490135591,0.9997529363810485,0.005692684368969423,0.0015380913717720757,0.021430288663221032,0.28960493,-0.09530228,0.28934506,0.4002060019976524,4.3876003473997116e-05,0.0001340059970971197,0.0005152289959369227,0.0003676250053104013,0.00024415900406893343,0.00012527199578471482,0.0018331400060560554,0.01800216399715282,0.019835304003208876,50.41515874111251,0
58,1.1800962020060979,-0.25109988847841436,-1.1124975842288514,0.6641939322101038,-1.6568852863707484,-2.0494993368731897,-0.6863239447223108,0.3318561613559723,-1.6474730968475342,-1.3675332069396973,-0.4153790771961212,-0.32902979850769043,-0.17625536024570465,0.25931882858276367,-1.352102279663086,-0.9905301332473755,-0.10817405581474304,-0.05140894651412964,-0.1511463075876236,2.453855480558482,-3.7164064047977936,-1.7483410708465827,-0.26426493020115505,-0.10074096867944325,-0.023284942442525384,-0.22891136,-1.1189312,0.6629,-1.6444685,-2.049759,-0.6967254,-0.22891136,-1.1189312,0.6629,-1.6444685,-2.049759,-0.6967254,-0.2510998845100403,-1.1124975681304932,0.6641939282417297,-1.6568852663040161,-2.049499273300171,-0.6863239407539368,0.55471337,-0.16084024,-0.03234912,0.31041694,-0.0064894464,-0.26003674,-0.23723488,0.08932166214911834,0.0,0.0022330415537279587,0.04450979828834534,0.0222549,89.0196,False,0,0.47037985099647855,-0.0981924067335446,0.3246222890633077,0.506343052866928,0.19532740565739265,0.11982939366947684,0.9997591348802477,0.005868587674652599,0.0021252779827900213,0.021040754326998135,0.28960493,-0.09530228,0.28934506,0.40022067008452966,5.336700996849686e-05,0.00017792200378607959,0.0007502420048695058,0.0003897299902746454,0.0002686000079847872,0.00024019200645852834,0.0023782290081726387,0.017367075997754,0.01974530500592664,50.6449507718339,0
59,1.200100456000655,-0.24796849886049444,-1.1134573978236695,0.6639459768878382,-1.6551090679564417,-2.049575153981344,-0.6877535025226038,0.2921089231967926,-1.6488679647445679,-1.3911646604537964,-0.41958218812942505,-0.32253018021583557,-0.1815655678510666,0.2559320628643036,-1.3472740650177002,-0.9955301880836487,-0.10904562473297119,-0.07381448149681091,-0.15117399394512177,2.116834975473644,-4.405522802515688,-1.6757356859988666,-0.28373842480338307,-0.08529944280462176,-0.016451625681394164,-0.22577053,-1.119727,0.66270524,-1.6426882,-2.0495517,-0.6983152,-0.22577053,-1.119727,0.66270524,-1.6426882,-2.0495517,-0.6983152,-0.24796849489212036,-1.113457441329956,0.6639459729194641,-1.6551090478897095,-2.049575090408325,-0.6877534985542297,0.55494905,-0.15674008,-0.031018116,0.3105218,0.0005837826,-0.2640423,-0.2373848,0.07443471845759862,0.0,0.0018608679614399656,0.04450979828834534,0.0222549,89.0196,False,0,0.470289927832375,-0.09663541746973167,0.3248619145185877,0.5062963394186976,0.19543894964109973,0.11969162858542186,0.999757394531939,0.005529307665815657,0.003142045824805252,0.02108665399998676,0.28960493,-0.09530228,0.28934506,0.400334749753596,5.63689973205328e-05,0.00016949299606494606,0.0008215990092139691,0.0003952390106860548,0.00019769000937230885,0.0001748020004015416,0.0023038330109557137,0.017483377989265136,0.01978721100022085,50.53769325999701,0
60,1.2203327520110179,-0.24481612840761358,-1.1143375796130677,0.6637724081622522,-1.6534019909300746,-2.049587074910299,-0.6891759077655237,0.19615675508975983,-1.6811776161193848,-1.3793390989303589,-0.38554084300994873,-0.36641839146614075,-0.17855146527290344,0.2528090476989746,-1.3403306007385254,-0.9561044573783875,-0.10893421620130539,-0.07144097238779068,-0.15137022733688354,1.4481189456124237,-4.900751584504199,-1.260494163344073,-0.2933365600169049,-0.06744278005614981,-0.004496172019573676,-0.22263199,-1.1204188,0.6626244,-1.6409787,-2.0492857,-0.69993347,-0.22263199,-1.1204188,0.6626244,-1.6409787,-2.0492857,-0.69993347,-0.2448161244392395,-1.1143375635147095,0.6637724041938782,-1.6534019708633423,-2.0495870113372803,-0.6891759037971497,0.55460334,-0.15203007,-0.028699597,0.31058088,0.007535389,-0.26893848,-0.23806125,0.06202893204799885,0.0,0.0015507233011999714,0.04450979828834534,0.0222549,89.0196,False,0,0.470222466084724,-0.09506262304480634,0.3250418899377161,0.5063132919896015,0.19533854703236928,0.11974541244791737,0.9997610896326826,0.005398765499591154,0.002242145088263598,0.021061340890512432,0.28960493,-0.09530228,0.28934506,0.40024822358836193,5.415600026026368e-05,0.00014660500164609402,0.0006062419997761026,0.0003164189984090626,0.00018857201212085783,0.00014923499838914722,0.0019232010090490803,0.01810603099875152,0.0200292320078006,49.927026638392284,0
61,1.2400868290133076,-0.2416928450213831,-1.1152053338340302,0.6636222044574183,-1.651536603967184,-2.0496390501605433,-0.6906064192401331,0.20310640335083008,-1.6989459991455078,-1.4006969928741455,-0.4487384855747223,-0.35628846287727356,-0.1928827166557312,0.25280529260635376,-1.3366384506225586,-0.9506060481071472,-0.10863325744867325,-0.051977306604385376,-0.15166865289211273,1.4899520112001348,-4.50771534342833,-1.352590254559444,-0.278562873637114,-0.09620540090023802,0.012818929260628466,-0.2195016,-1.1211426,0.66249835,-1.6391103,-2.0490909,-0.7015373,-0.2195016,-1.1211426,0.66249835,-1.6391103,-2.0490909,-0.7015373,-0.24169284105300903,-1.1152052879333496,0.6636222004890442,-1.6515365839004517,-2.0496389865875244,-0.690606415271759,0.5547812,-0.14843337,-0.028096797,0.3106565,0.013700856,-0.27327234,-0.23857132,0.051690776706665706,0.0,0.0012922694176666428,0.04450979828834534,0.0222549,89.0196,False,0,0.4701223166246931,-0.09350747732289169,0.3251822848865622,0.5063104572172216,0.1953240922869109,0.11987708630966594,0.9997633031174568,0.005494852355992265,0.0008708852090105807,0.02103300067030138,0.28960493,-0.09530228,0.28934506,0.4001804136194627,0.00016058199980761856,0.00015025300672277808,0.0007047690014587715,0.00048154100659303367,0.00019265399896539748,0.00012187700485810637,0.002531402002205141,0.017014265002217144,0.019545667004422285,51.16223456450711,0
62,1.2601478140131803,-0.23869496980776006,-1.1160833996585389,0.6634424368487757,-1.6498171291747035,-2.0497258345233362,-0.6920765081988733,0.3081668019294739,-1.7220425605773926,-1.3845171928405762,-0.4172874391078949,-0.31193408370018005,-0.21981607377529144,0.25300076603889465,-1.3319027423858643,-0.945676863193512,-0.1083589568734169,-0.024761613458395004,-0.15196895599365234,2.0177315763305357,-3.9442641339486078,-1.42715603735634,-0.26467012905076887,-0.07891230434164762,-0.020757784874678976,-0.21760038,-1.1142766,0.6490576,-1.6367774,-2.0421135,-0.7022946,-0.21760038,-1.1142766,0.6490576,-1.6367774,-2.0421135,-0.7022946,-0.238694965839386,-1.1160833835601807,0.6634424328804016,-1.6498171091079712,-2.0497257709503174,-0.6920765042304993,0.52736497,0.045169573,-0.3596201,0.32599148,0.1903067,-0.25545242,-0.018233988,0.04307564725555475,0.0,0.001076891181388869,0.03960784897208214,0.019803925,79.2157,False,0,0.47002070753162173,-0.09202406686612391,0.325367970524664,0.5063234165940855,0.19535696746771897,0.1198538651376551,0.9997598161429755,0.005466218784539361,0.0011422305626376118,0.021192762036889662,0.28960493,-0.09530228,0.28934506,0.4002211404315108,4.457100294530392e-05,0.00012732099276036024,0.0006104250060161576,0.0003362809948157519,0.00019823700131382793,0.000135934998979792,0.0018272509914822876,0.018071752012474462,0.01989900300395675,50.253774010746085,0
63,1.2800923400063766,-0.23559314409364873,-1.1169774395278473,0.6632574240313929,-1.6480771503844203,-2.0497100988971155,-0.6935704390155237,0.2923794090747833,-1.732720971107483,-1.3720028400421143,-0.437120646238327,-0.2352648824453354,-0.2152632474899292,0.25313279032707214,-1.3294273614883423,-0.9373287558555603,-0.10782089084386826,0.004803854040801525,-0.1520925909280777,1.821063113672542,-4.029905523496796,-1.3836709688333744,-0.2596929833679272,-0.07234138518717584,-0.025280470327819705,-0.21429017,-1.1208953,0.6610473,-1.6347969,-2.0484414,-0.704909,-0.21429017,-1.1208953,0.6610473,-1.6347969,-2.0484414,-0.704909,-0.23559314012527466,-1.1169774532318115,0.6632574200630188,-1.648077130317688,-2.0497100353240967,-0.6935704350471497,0.5325741,-0.09794534,-0.05525291,0.33200625,0.03171609,-0.28346503,-0.17410997,0.035896372712962296,0.0,0.0008974093178240575,0.03960784897208214,0.019803925,79.2157,False,0,0.4699288181656648,-0.09047226224134852,0.32554968506368687,0.5063355687412369,0.19534419567307706,0.11984847415217324,0.9997589770520626,0.00553938045599606,0.0013863587835701823,0.021197709357335153,0.28960493,-0.09530228,0.28934506,0.4002207287819257,8.648500079289079e-05,0.00012976799916941673,0.0006182509969221428,0.00024925799516495317,0.00016290300118271261,0.00012294399493839592,0.0017566850001458079,0.018023790995357558,0.019780475995503366,50.55490071256763,0
64,1.300142443011282,-0.2324131170855921,-1.1177084308913727,0.6629136244403284,-1.6462856731810511,-2.049540344868795,-0.6951158682452601,0.2297171652317047,-1.6043076515197754,-1.4900403022766113,-0.4757274389266968,-0.09620609879493713,-0.2050096094608307,0.2228483259677887,-1.2269139289855957,-1.0573264360427856,-0.10725224763154984,0.1356925368309021,-0.14909891784191132,2.086526689660702,-4.221728173144347,-1.7032599818936613,-0.2701587687210663,-0.09448778290819462,-0.009129546154759346,-0.21089405,-1.1228881,0.66034037,-1.6332535,-2.0491297,-0.70637333,-0.21089405,-1.1228881,0.66034037,-1.6332535,-2.0491297,-0.70637333,-0.23241311311721802,-1.117708444595337,0.6629136204719543,-1.6462856531143188,-2.0495402812957764,-0.695115864276886,0.5379766,-0.12949076,-0.06433117,0.32580587,0.010263238,-0.2814367,-0.18213311,0.02991364392746858,0.0,0.0007478410981867146,0.03960784897208214,0.019803925,79.2157,False,0,0.46988182684368285,-0.08886204748109265,0.3256884070392484,0.5063036964001913,0.1953782390562591,0.11983812763460729,0.9997629219999861,0.00567998859343033,0.0013738930093258517,0.02097581574727033,0.28960493,-0.09530228,0.28934506,0.40023257636054826,4.306399205233902e-05,0.00012392899952828884,0.0005063980061095208,0.00038786001096013933,0.00020450800366234034,0.000127621999126859,0.0017833059973781928,0.018105846000253223,0.019889151997631416,50.278664475945945,0
65,1.3201437390089268,-0.22933847108949834,-1.1180179876140137,0.6618474165545862,-1.644541402856344,-2.0489824453936976,-0.6965740362750452,0.15546458959579468,-1.6651537418365479,-1.3656361103057861,-0.42921873927116394,-0.09171752631664276,-0.2438773661851883,0.24146810173988342,-1.3131167888641357,-0.9951156973838806,-0.10263900458812714,0.11185617744922638,-0.15286651253700256,1.8385073541917152,-4.6512636026645495,-1.1580474218557164,-0.2821194750696032,-0.07834214175557394,0.002642246561804569,-0.20787951,-1.1231799,0.65947586,-1.6315316,-2.0485406,-0.707992,-0.20787951,-1.1231799,0.65947586,-1.6315316,-2.0485406,-0.707992,-0.22933846712112427,-1.1180180311203003,0.6618474125862122,-1.6445413827896118,-2.0489823818206787,-0.6965740323066711,0.53647393,-0.1290484,-0.05928818,0.32524505,0.01104447,-0.28545016,-0.18330568,0.02492803660622382,0.0,0.0006232009151555955,0.03960784897208214,0.019803925,79.2157,False,0,0.4699689911426336,-0.08725338819796835,0.3258655029480599,0.506333394921547,0.19534264500164808,0.11982436622389524,0.9997600660555108,0.005664665570385514,0.0018829393210718004,0.021075645113337795,0.28960493,-0.09530228,0.28934506,0.4002286360281028,3.952599945478141e-05,0.00011174799874424934,0.00046330101031344384,0.0004307729977881536,0.0001504929969087243,0.00011269999959040433,0.001644603005843237,0.018181758001446724,0.01982636100728996,50.43789930145576,0
66,1.3401357920083683,-0.22636348405946904,-1.118427501325943,0.6609714666949671,-1.6427160702147425,-2.04857045808901,-0.6980918089496058,0.26019906997680664,-1.6831762790679932,-1.3847999572753906,-0.43118399381637573,-0.08865859359502792,-0.2673826813697815,0.25691503286361694,-1.3798154592514038,-0.9889938235282898,-0.1088748425245285,0.09944941103458405,-0.1533021628856659,1.5309634441220092,-4.358103112825887,-1.0026430478620019,-0.2747271728644453,-0.06391776259812279,0.002589828904685419,-0.20489289,-1.1232796,0.65854704,-1.6296687,-2.0477078,-0.70962924,-0.20489289,-1.1232796,0.65854704,-1.6296687,-2.0477078,-0.70962924,-0.22636348009109497,-1.1184275150299072,0.660971462726593,-1.6427160501480103,-2.048570394515991,-0.6980918049812317,0.5367648,-0.121301554,-0.060610723,0.32618284,0.021567306,-0.28843647,-0.18027392,0.020773363838519847,0.0,0.0005193340959629962,0.03960784897208214,0.019803925,79.2157,False,0,0.4699906541462157,-0.08571151333464436,0.3260188114064836,0.5063193550861953,0.19534552215317538,0.1197889241346248,0.9997576758858544,0.005721241786263368,0.0024258476969817987,0.021116860761497686,0.28960493,-0.09530228,0.28934506,0.40023813622438503,4.524399992078543e-05,0.00013327300257515162,0.0005759429914178327,0.0003091380058322102,0.00017085000581573695,0.00012214999878779054,0.0017528509924886748,0.018067519005853683,0.019820369998342358,50.4531449253285,0
67,1.3603040510060964,-0.22338420549501592,-1.1188653868487854,0.6605318228351038,-1.6408282719054164,-2.0483506361590784,-0.6996730009662073,0.2832377851009369,-1.74949312210083,-1.467294454574585,-0.5132126212120056,-0.09440557658672333,-0.26299968361854553,0.2576572895050049,-1.364759087562561,-0.9968515634536743,-0.11046256870031357,0.059811219573020935,-0.15192434191703796,1.5560378100913679,-4.196969065013559,-1.7161430763809793,-0.2712324249578761,-0.07837228933938883,-0.004504537878183411,-0.20188375,-1.1234721,0.65810114,-1.6277591,-2.047066,-0.71136856,-0.20188375,-1.1234721,0.65810114,-1.6277591,-2.047066,-0.71136856,-0.22338420152664185,-1.1188653707504272,0.6605318188667297,-1.640828251838684,-2.0483505725860596,-0.6996729969978333,0.53751147,-0.115167275,-0.060767643,0.3267299,0.03211667,-0.29238936,-0.17904821,0.017311136532099872,0.0,0.00043277841330249686,0.03960784897208214,0.019803925,79.2157,False,0,0.46995536886211503,-0.08419787327360301,0.3260307651837217,0.5063159541408248,0.1953138589720796,0.11982838713032534,0.999760626660732,0.005459702270731578,0.0015153223051252778,0.02113388528380843,0.28960493,-0.09530228,0.28934506,0.40019658436629163,0.00011473000631667674,0.00013282500731293112,0.0006437049887608737,0.0008325280068675056,0.0003051899984711781,0.0001487740082666278,0.0026003980019595474,0.01739889099553693,0.019999288997496478,50.00177756945162,0
68,1.3801288610120537,-0.22037011781801397,-1.1195322436145325,0.6601775328265589,-1.6390282116331996,-2.0483024756061,-0.7012832800494593,0.29020997881889343,-1.765706181526184,-1.4602787494659424,-0.4621419906616211,-0.07248228788375854,-0.20790435373783112,0.2544654905796051,-1.3397455215454102,-1.0001031160354614,-0.1093994528055191,0.02370290644466877,-0.15172231197357178,1.724832382363036,-4.237854251702193,-1.6613071523784928,-0.2782194533606967,-0.09012731606604266,-0.0049766950477092495,-0.1989016,-1.123902,0.65785885,-1.6259593,-2.0467265,-0.7131635,-0.1989016,-1.123902,0.65785885,-1.6259593,-2.0467265,-0.7131635,-0.2203701138496399,-1.1195322275161743,0.6601775288581848,-1.6390281915664673,-2.048302412033081,-0.7012832760810852,0.5367132,-0.10924456,-0.05796675,0.32672417,0.03939616,-0.2970059,-0.1786422,0.014425947110083229,0.0,0.00036064867775208073,0.03960784897208214,0.019803925,79.2157,False,0,0.4698698717517452,-0.08269508879573957,0.3261521737026665,0.5063562604628532,0.19533319245667133,0.11984359053663754,0.9997603893898387,0.005715060273414841,0.0016166299000307735,0.021070035770021422,0.28960493,-0.09530228,0.28934506,0.4002260121481666,0.0005955609958618879,0.00019111500296276063,0.0005672669940395281,0.00024515800760127604,0.00019685400184243917,0.00010929199925158173,0.002308650000486523,0.017348325010971166,0.01965697501145769,50.872527406537294,0
69,1.4000935880030738,-0.2173102537738245,-1.1202979248813172,0.6597855726825159,-1.6372062168517054,-2.0481589476214808,-0.7029159704791468,0.20926371216773987,-1.7005853652954102,-1.4019826650619507,-0.4534623920917511,-0.06467258185148239,-0.22510336339473724,0.25203874707221985,-1.3212299346923828,-0.998249888420105,-0.10777851939201355,0.04726749658584595,-0.15194538235664368,1.6869844955843045,-4.654626985031477,-1.3526025118314586,-0.2808409454087725,-0.08023215947221886,-0.0029766675331338796,-0.19584641,-1.1245073,0.65746605,-1.6241586,-2.0463138,-0.7149743,-0.19584641,-1.1245073,0.65746605,-1.6241586,-2.0463138,-0.7149743,-0.21731024980545044,-1.120297908782959,0.6597855687141418,-1.6372061967849731,-2.048158884048462,-0.7029159665107727,0.53659606,-0.105234936,-0.057987154,0.3261902,0.046125483,-0.3014585,-0.17930844,0.012021622591736024,0.0,0.0003005405647934006,0.03960784897208214,0.019803925,79.2157,False,0,0.4697742481801838,-0.08114950926523781,0.3263215503944223,0.5063425812561501,0.19533635412949177,0.11981559374685254,0.9997580809299227,0.005628047721875464,0.0019472534724457233,0.021174017980300018,0.28960493,-0.09530228,0.28934506,0.40023275801815744,4.5029999455437064e-05,0.0001852650020737201,0.0007923410012153909,0.0003134239959763363,0.00018022699805442244,0.00011615999392233789,0.002772541993181221,0.017025881999870762,0.019798423993051983,50.509070840736506,0
70,1.420102490010322,-0.21432382265199834,-1.1209896963885804,0.6594260374652308,-1.6353751621642054,-2.047979180012838,-0.7045186201678675,0.2630278468132019,-1.639966607093811,-1.394286036491394,-0.43271404504776,-0.06333702057600021,-0.19936124980449677,0.25069063901901245,-1.3152769804000854,-0.9965415596961975,-0.10748546570539474,0.08563831448554993,-0.15236583352088928,1.6432521227555275,-4.287248012542861,-1.216592613610103,-0.2667860012656277,-0.07924396465027166,-0.0013618019202659773,-0.18605578,-1.1010096,0.6341506,-1.6270279,-2.0150657,-0.70409036,-0.18605578,-1.1010096,0.6341506,-1.6270279,-2.0150657,-0.70409036,-0.21432381868362427,-1.1209896802902222,0.6594260334968567,-1.6353751420974731,-2.0479791164398193,-0.7045186161994934,0.7067009,0.49950063,-0.6318858,0.20868227,0.82283694,0.010705787,0.34716076,0.05630611970484431,0.006943215131759644,0.0014076529926211078,0.025294100865721703,0.012647050000000002,50.5882,False,0,0.46968080625057224,-0.07963481237889784,0.32643852798435263,0.5063111186782502,0.1953805743706623,0.11981813246109986,0.9997630707516453,0.005540438595143744,0.0017696115476319716,0.02097493411068332,0.28960493,-0.09530228,0.28934506,0.40024675981098057,0.0001885050005512312,0.0001349869999103248,0.0005394430045271292,0.00026405999960843474,0.0001674130035098642,0.0001266330073121935,0.0018180689949076623,0.018013274006079882,0.019831343000987545,50.42522838469401,0
71,1.4400908590032486,-0.21132213274110967,-1.1216485363296052,0.6591184774981897,-1.6335412464537562,-2.0477879683123987,-0.7062037626849573,0.22890549898147583,-1.6675121784210205,-1.407467007637024,-0.4074355363845825,-0.04859580099582672,-0.19828592240810394,0.251749187707901,-1.3193769454956055,-0.9981410503387451,-0.1083059161901474,0.11342547088861465,-0.1527036726474762,1.8332863900324634,-4.182151916999667,-1.1421212262127705,-0.26159268498269705,-0.08731256209470055,-0.0002554393570983124,-0.19041719,-1.1208034,0.6564651,-1.6176851,-2.0433562,-0.7165474,-0.19041719,-1.1208034,0.6564651,-1.6176851,-2.0433562,-0.7165474,-0.2113221287727356,-1.1216485500335693,0.6591184735298157,-1.633541226387024,-2.04778790473938,-0.7062037587165833,0.5226237,0.02112846,-0.06633421,0.3964046,0.110794455,-0.25859135,0.012416126,0.09486535079330352,0.007191537655889989,0.002371633769832588,0.025294100865721703,0.012647050000000002,50.5882,False,0,0.4695873572101388,-0.07811254773230071,0.32651891209025863,0.5063546880449794,0.19536955378093768,0.11979720460028916,0.9997600037580096,0.005650107198177371,0.0020615831934962733,0.021066606765007087,0.28960493,-0.09530228,0.28934506,0.4002712122778474,4.554000042844564e-05,0.0001522599923191592,0.0006101839971961454,0.00037974400038365275,0.000176475994521752,0.0001229839981533587,0.001918581998324953,0.017848597999545746,0.0197671799978707,50.58890545377333,0
72,1.4601308390119812,-0.20828706422914678,-1.1219333571246644,0.6585615316974085,-1.6317492924132289,-2.0473268667804163,-0.7077301184283655,0.3809383511543274,-0.9551265835762024,-1.4607274532318115,-0.4477972090244293,0.19446443021297455,-0.12153518199920654,0.3319973051548004,-0.48620182275772095,-1.0367449522018433,-0.10654349625110626,0.23145802319049835,-0.10815439373254776,3.1804501458825607,-3.027535684049943,-0.8395678420985546,-0.2258579646402819,-0.11973425485332193,-0.05250858338823811,-0.18681026,-1.1235129,0.6543909,-1.6156664,-2.0446167,-0.71765846,-0.18681026,-1.1235129,0.6543909,-1.6156664,-2.0446167,-0.71765846,-0.2082870602607727,-1.1219333410263062,0.6585615277290344,-1.6317492723464966,-2.0473268032073975,-0.7077301144599915,0.53692025,-0.03948869,-0.10426591,0.40207192,0.06775212,-0.24820934,-0.00014899671,0.12697817713891588,0.007188557721674443,0.003174454428472897,0.025294100865721703,0.012647050000000002,50.5882,False,0,0.4695979888049571,-0.07654025538580825,0.3264956756084445,0.5063155317973516,0.19540816408156797,0.11982561671569639,0.9997524444948204,0.005745999007964135,0.0019405881220865375,0.021406678332841322,0.28960493,-0.09530228,0.28934506,0.4002660170719144,9.90410044323653e-05,0.00015723299293313175,0.0007936119945952669,0.00034042699553538114,0.00033894000807777047,0.00016568599676247686,0.0025151549925794825,0.017245131006347947,0.01976028599892743,50.60655498884374,0
73,1.4801375510141952,-0.2048552672015589,-1.1207652252963562,0.6566656271563929,-1.6302334270873011,-2.0448392073260706,-0.7085564772235315,0.32050836086273193,-1.2266393899917603,-1.3694082498550415,-0.37094420194625854,-0.0328993946313858,-0.1685018092393875,0.21741987764835358,-0.8558533191680908,-0.9899846315383911,-0.09158051013946533,0.1181359738111496,-0.1488916426897049,2.3555461180676254,-3.8659882183330536,-1.3464048868392808,-0.2585684310425266,-0.09825287305659149,-0.023353800497774614,-0.18340126,-1.122759,0.65229344,-1.6143396,-2.0426197,-0.7188332,-0.18340126,-1.122759,0.65229344,-1.6143396,-2.0426197,-0.7188332,-0.20485526323318481,-1.120765209197998,0.6566656231880188,-1.6302334070205688,-2.0448391437530518,-0.7085564732551575,0.5363501,-0.049844522,-0.10930475,0.3973455,0.055488333,-0.25691774,-0.00791887,0.15268301641672125,0.0070301803201437,0.0038170754104180312,0.025294100865721703,0.012647050000000002,50.5882,False,0,0.47017270651480525,-0.0744578895838667,0.32613543869825423,0.5063377539017831,0.19532369793893517,0.11984771664229837,0.9997641746299436,0.0059201491539562015,0.001610918984724067,0.02083187056605075,0.28960493,-0.09530228,0.28934506,0.4002073474552399,4.837098822463304e-05,0.00013443200441543013,0.0005424520059023052,0.00036333699245005846,0.00017158199625555426,0.00014074399950914085,0.001871888991445303,0.017956721014343202,0.019828610005788505,50.432178539397015,0
74,1.5001397600135533,-0.2014849821673792,-1.119976745252945,0.6551035086261194,-1.6284662685790003,-2.0428670088397425,-0.7095587889300745,0.17682062089443207,-1.3288627862930298,-1.3652000427246094,-0.3344765901565552,-0.0833355262875557,-0.18712563812732697,0.21951118111610413,-1.016711711883545,-0.9950132966041565,-0.1003599539399147,0.06964460015296936,-0.16221512854099274,0.8724911871347648,-5.065956675749584,-0.5455307416101793,-0.2767221623055267,-0.06714548578921782,0.0195989671990561,-0.17998704,-1.1212682,0.65080523,-1.6123812,-2.039529,-0.71982646,-0.17998704,-1.1212682,0.65080523,-1.6123812,-2.039529,-0.71982646,-0.20148497819900513,-1.1199767589569092,0.6551035046577454,-1.628466248512268,-2.0428669452667236,-0.7095587849617004,0.53744847,-0.032284882,-0.10745624,0.402126,0.0834457,-0.2566915,0.0040234034,0.17464016960088802,0.007110648388043046,0.004366004240022201,0.025294100865721703,0.012647050000000002,50.5882,False,0,0.4705697799142728,-0.07247830757064894,0.3258363076201354,0.5063540424113456,0.19536271795176652,0.11981850248327827,0.9997551458070257,0.00596278562622256,0.0024198444481128233,0.02117057745641782,0.28960493,-0.09530228,0.28934506,0.40025687753081046,4.531499871518463e-05,0.00012861500727012753,0.0006413460068870336,0.0003332939959364012,0.0002534160012146458,0.0001662259892327711,0.002000131004024297,0.01783725900168065,0.019837390005704947,50.409857330647554,0
75,1.5201364620006643,-0.19825441042055303,-1.1195452076247712,0.6544597784625452,-1.6262661419310511,-2.041884724293844,-0.7108209768878382,0.12886260449886322,-1.6370817422866821,-1.5672054290771484,-0.4066676199436188,-0.16719266772270203,-0.1895356923341751,0.23890385031700134,-1.1867846250534058,-1.0131778717041016,-0.10904225707054138,0.08715253323316574,-0.1566697359085083,-0.33039050735484593,-5.967665325227041,-2.153283746753701,-0.3376679832420628,-0.03771877064680194,0.04890967471627166,-0.17671971,-1.1203341,0.6500243,-1.6101604,-2.037753,-0.72121996,-0.17671971,-1.1203341,0.6500243,-1.6101604,-2.037753,-0.72121996,-0.19825440645217896,-1.1195452213287354,0.6544597744941711,-1.6262661218643188,-2.041884660720825,-0.7108209729194641,0.5383674,-0.01972385,-0.11088767,0.40264553,0.103288606,-0.2599744,0.009657761,0.1942254987319674,0.00730380360968411,0.004855637468299185,0.025294100865721703,0.012647050000000002,50.5882,False,0,0.47069274193665733,-0.07072421072227,0.3253832496981926,0.5063473309846183,0.1953400076879791,0.11985420332808655,0.9997611524118145,0.005521011561502654,0.0012845404231815387,0.02110758088782827,0.28960493,-0.09530228,0.28934506,0.4002216308681844,4.603200068231672e-05,0.00013374901027418673,0.000712673005182296,0.00027886500174645334,0.00016805299674160779,0.00012719199003186077,0.0018605810037115589,0.017965756997000426,0.019826338000711985,50.437957829836705,0
76,1.5400981760030845,-0.19540197054018194,-1.1197394889644166,0.6540167967425745,-1.62394442180776,-2.0416234175311487,-0.7121956984149378,0.2961537539958954,-1.7577688694000244,-1.6444883346557617,-0.4828052520751953,-0.058357056230306625,-0.19154927134513855,0.25120338797569275,-1.3531582355499268,-1.007550835609436,-0.1078503206372261,0.1084064394235611,-0.15229998528957367,1.7979834502478704,-3.9663052906469423,-3.060926370423877,-0.29426305458561874,-0.10383418016960078,-0.017494701023445636,-0.17391334,-1.1201456,0.6498202,-1.6077923,-2.0370665,-0.72265357,-0.17391334,-1.1201456,0.6498202,-1.6077923,-2.0370665,-0.72265357,-0.19540196657180786,-1.1197395324707031,0.6540167927742004,-1.6239444017410278,-2.04162335395813,-0.7121956944465637,0.53721553,-0.01015093,-0.10491501,0.40380332,0.113923594,-0.2614465,0.01515072,0.21256670237501182,0.007606818014755845,0.005314167559375296,0.025294100865721703,0.012647050000000002,50.5882,False,0,0.4705824528221319,-0.06926362878561287,0.3251996068485352,0.5063216024507099,0.19535361336306853,0.11978029686803779,0.9997626671092691,0.005447839608840073,0.0021219040744895517,0.02098552826191147,0.28960493,-0.09530228,0.28934506,0.40024888369926703,0.00028971499705221504,0.00012882299779448658,0.0007567069987999275,0.00035126099828630686,0.0002077209937851876,0.000744600998586975,0.002881032007280737,0.01690605698968284,0.019787088996963575,50.53800486536725,0
77,1.5601411509996979,-0.19243222871889287,-1.1202559632113953,0.6529520193683069,-1.6219593487181605,-2.0413172880755823,-0.7136295477496546,0.3697516620159149,-1.4622358083724976,-1.2839432954788208,-0.3130875825881958,0.036457426846027374,-0.18685652315616608,0.25545182824134827,-1.3061208724975586,-0.9986088871955872,-0.10491032153367996,0.1190565899014473,-0.1506362110376358,1.7606107444218684,-3.1670858961977615,0.5437823682655856,-0.21658723990852427,-0.07834789377448793,-0.02334833530466831,-0.16143696,-1.0993534,0.62884617,-1.6112978,-2.0069203,-0.7101302,-0.16143696,-1.0993534,0.62884617,-1.6112978,-2.0069203,-0.7101302,-0.1924322247505188,-1.120255947113037,0.6529520153999329,-1.6219593286514282,-2.0413172245025635,-0.7136295437812805,0.7748817,0.5225639,-0.60264677,0.26653618,0.8599247,0.08748292,0.38938132,0.2797685479821407,0.015394444400444627,0.0069942136995535175,0.011176450178027153,0.0055882250000000005,22.3529,False,0,0.47049942339651424,-0.06774404417888416,0.3254542627107379,0.5062875340889756,0.19542584162463034,0.11979180383984205,0.9997630130492342,0.005635200600975835,0.0022456249821566983,0.020908778594253153,0.28960493,-0.09530228,0.28934506,0.4002780206732586,4.423900099936873e-05,0.00013310600479599088,0.0005197619902901351,0.0003602799988584593,0.00021255500905681401,0.00013875200238544494,0.0018037900008494034,0.01807239098707214,0.019876180987921543,50.3114758618713,0
78,1.5800921080081025,-0.18934184709657842,-1.1205580097487946,0.6523383299456995,-1.619547506371969,-2.0407355467425745,-0.7151320616351526,0.28528353571891785,-1.4056601524353027,-1.2782173156738281,-0.3753807246685028,0.014030812308192253,-0.15063531696796417,0.25033819675445557,-1.2223436832427979,-0.9930906295776367,-0.10356191545724869,0.11984609067440033,-0.15017352998256683,2.724931578394119,-3.670264042690599,-0.4693010698531974,-0.23112993510591212,-0.08656280604321118,-0.02897582464904033,-0.1649632,-1.1185718,0.64901906,-1.5993768,-2.0302868,-0.7201289,-0.1649632,-1.1185718,0.64901906,-1.5993768,-2.0302868,-0.7201289,-0.18934184312820435,-1.1205580234527588,0.6523383259773254,-1.6195474863052368,-2.0407354831695557,-0.7151320576667786,0.60946596,0.049656272,-0.08298157,0.5042683,0.26121598,-0.1249205,0.18385479,0.36028405779365397,0.019071540171280505,0.00900710144484135,0.011176450178027153,0.0055882250000000005,22.3529,False,0,0.4704010065473375,-0.06610592594607526,0.3253388888013537,0.5063114291466488,0.1953398964416599,0.11983017896963978,0.9997552661311387,0.005474660062137225,0.001524918182373855,0.02138126328364831,0.28960493,-0.09530228,0.28934506,0.4002122835847974,4.643198917619884e-05,0.00013930500426795334,0.0006069100054446608,0.00033707400143612176,0.0001942509989021346,0.00013292599760461599,0.0018740960076684132,0.017893443000502884,0.019767539008171298,50.58798667788795,0
79,1.6001266550010769,-0.186073128377096,-1.1201409560493012,0.6517441908465784,-1.6171781025328578,-2.039750878010885,-0.7164433638202112,0.2606666088104248,-1.0007736682891846,-1.4911001920700073,-0.5156328678131104,0.15051943063735962,-0.10336712002754211,0.3822041153907776,-0.5308966040611267,-1.0350037813186646,-0.11074347048997879,0.23207636177539825,-0.10075133293867111,3.3842926181920454,-3.8440491888049038,-0.9995602970022388,-0.24216429593776626,-0.12184290090919431,-0.03994308065981329,-0.16100773,-1.1195594,0.6472581,-1.5961864,-2.0295246,-0.7207946,-0.16100773,-1.1195594,0.6472581,-1.5961864,-2.0295246,-0.7207946,-0.18607312440872192,-1.1201409101486206,0.6517441868782043,-1.6171780824661255,-2.039750814437866,-0.7164433598518372,0.6266347,0.0145375915,-0.11215251,0.5247922,0.25565574,-0.108780906,0.19373953,0.453212253759832,0.022946330839768055,0.0113303063439958,0.011176450178027153,0.0055882250000000005,22.3529,False,0,0.4704717048502661,-0.0643291613330565,0.3248454924707941,0.5063156615405083,0.19533946119120624,0.11989631571034079,0.9997604293175175,0.005454125016705221,0.0014501286977890225,0.02114678809612089,0.28960493,-0.09530228,0.28934506,0.40018625085282367,3.976198786403984e-05,0.00011868101137224585,0.0004666879976866767,0.0003324069984955713,0.00016247399616986513,0.0001083490060409531,0.0015750839957036078,0.01828620799642522,0.019861291992128827,50.34919180465738,0
80,1.6201335840014508,-0.18255979219545537,-1.118547723894455,0.6498826185809534,-1.6153117618956507,-2.0370076338397425,-0.7168830076800745,0.3410000205039978,-1.2538514137268066,-1.4344714879989624,-0.41356778144836426,-0.04611936956644058,-0.14098632335662842,0.2696606516838074,-0.8988995552062988,-1.0008041858673096,-0.08925431966781616,0.13490451872348785,-0.13424958288669586,0.8016335469590443,-3.5454155474521003,-1.7458429287358679,-0.2653978981767787,-0.0828823136319558,-0.008294268780777027,-0.15756992,-1.1182749,0.645285,-1.5944911,-2.0273032,-0.7216686,-0.15756992,-1.1182749,0.645285,-1.5944911,-2.0273032,-0.7216686,-0.1825597882270813,-1.1185476779937744,0.6498826146125793,-1.6153117418289185,-2.0370075702667236,-0.7168830037117004,0.6247469,0.0068198293,-0.11493998,0.52051634,0.24260904,-0.11963942,0.1881777,0.5443435447998599,0.02670988493598998,0.0136085886199965,0.011176450178027153,0.0055882250000000005,22.3529,False,0,0.4710367802812051,-0.062148432494227274,0.3241868914906162,0.5063405650983639,0.1952804400925605,0.1197518755945686,0.9997613658097685,0.005518304060655567,0.0025947137317243736,0.020975658941895348,0.28960493,-0.09530228,0.28934506,0.4002180611574142,4.162600089330226e-05,0.00012000100105069578,0.0004719769931398332,0.0003761799889616668,0.00015271099982783198,0.00011195401020813733,0.001611824001884088,0.01823954599967692,0.01985137000156101,50.374357030339226,0
81,1.640086039013113,-0.1789796988116663,-1.117471532230713,0.6483662764178675,-1.613000055352682,-2.0345614592181605,-0.7172845045672815,0.3744424283504486,-1.477313756942749,-1.4465606212615967,-0.42482829093933105,-0.04464331269264221,-0.16254852712154388,0.2514854967594147,-1.0076662302017212,-0.9919536709785461,-0.08904439210891724,0.0939801037311554,-0.14960868656635284,0.3471802534871927,-3.2906075378557436,-1.4407108245160942,-0.24274112000577563,-0.06082452453967993,0.0007105733213257012,-0.15393412,-1.1166081,0.64351004,-1.5921865,-2.0237856,-0.7221532,-0.15393412,-1.1166081,0.64351004,-1.5921865,-2.0237856,-0.7221532,-0.17897969484329224,-1.1174715757369995,0.6483662724494934,-1.6130000352859497,-2.0345613956451416,-0.7172845005989075,0.6261395,0.021584406,-0.12140511,0.5203395,0.26939404,-0.121717624,0.19544512,0.6202862873332167,0.030618787342682485,0.015507157183330417,0.011176450178027153,0.0055882250000000005,22.3529,False,0,0.4714014436946292,-0.05996101306633826,0.3235957042757834,0.5063578346184174,0.1953838704850279,0.11984269028760847,0.9997660775206434,0.005557062689237757,0.0013849843265413546,0.02085602508154833,0.28960493,-0.09530228,0.28934506,0.4002640486282889,3.780599217861891e-05,0.00010712900257203728,0.0005402810056693852,0.00024234000011347234,0.000176030007423833,0.00010932299483101815,0.001519033990916796,0.018296343012480065,0.01981537700339686,50.46585789554115,0
82,1.6601071190088987,-0.17531282106508428,-1.1169477564147492,0.6475556532489222,-1.6101719341673792,-2.032661263142721,-0.7177746931659144,0.24820774793624878,-1.4869376420974731,-1.4964797496795654,-0.48300251364707947,-0.09774710237979889,-0.18265420198440552,0.2501569390296936,-0.9526216387748718,-1.0050437450408936,-0.09935150295495987,0.10522960126399994,-0.14856846630573273,0.6839498423212117,-5.558279685350812,-2.5398832080653113,-0.34334968646552183,-0.06942869206376678,0.026777570371139307,-0.15031329,-1.115682,0.6425201,-1.5894973,-2.021299,-0.7228893,-0.15031329,-1.115682,0.6425201,-1.5894973,-2.021299,-0.7228893,-0.1753128170967102,-1.1169477701187134,0.6475556492805481,-1.610171914100647,-2.032661199569702,-0.7177746891975403,0.62498814,0.03164456,-0.12588856,0.51686543,0.28405905,-0.12786579,0.19688952,0.6835719061110138,0.03455657773651183,0.017089297652775347,0.011176450178027153,0.0055882250000000005,22.3529,False,0,0.47151171929798175,-0.05780368979575391,0.3229667583926062,0.5063155787029889,0.19538041425120292,0.11981696485841732,0.99976513482731,0.005549944158394597,0.001793431694137571,0.020872199951729994,0.28960493,-0.09530228,0.28934506,0.4002495528824427,3.739701060112566e-05,0.00015935199917294085,0.0005778100021416321,0.00033067999174818397,0.0002912519994424656,0.00014737600577063859,0.0019316109974170104,0.0179458769998746,0.01987748799729161,50.308167718992166,0
83,1.6800908450095449,-0.17170840898622686,-1.1169345539859314,0.6468589941607874,-1.6072608433165492,-2.0312965551959437,-0.7184079329120081,0.19922122359275818,-1.3913495540618896,-1.5154032707214355,-0.5105648636817932,-0.028029268607497215,-0.16889500617980957,0.2529531419277191,-0.9964931011199951,-1.004341959953308,-0.10284829139709473,0.1203700453042984,-0.14657306671142578,2.474119321247674,-4.249339381108059,-2.518585461666367,-0.28380656257669723,-0.10135075253920353,-0.016930847031985493,-0.14667886,-1.115419,0.6419424,-1.5865833,-2.0194082,-0.7236042,-0.14667886,-1.115419,0.6419424,-1.5865833,-2.0194082,-0.7236042,-0.17170840501785278,-1.1169345378875732,0.6468589901924133,-1.607260823249817,-2.031296491622925,-0.718407928943634,0.6257386,0.03788737,-0.122915685,0.51693773,0.29720667,-0.12990618,0.20125556,0.7363099217591782,0.038581688934937124,0.018407748043979457,0.011176450178027153,0.0055882250000000005,22.3529,False,0,0.4714572342890157,-0.055764592678175934,0.322573692479952,0.506299357621744,0.19534000054080355,0.11975326116893602,0.9997529938296,0.00579007419146561,0.0026724582650647036,0.02128925180209963,0.28960493,-0.09530228,0.28934506,0.4002384089173802,6.392700015567243e-05,0.00012924100155942142,0.0006269029981922358,0.0002534259983804077,0.00014798100164625794,9.364901052322239e-05,0.001779109996277839,0.01791609200881794,0.01969520200509578,50.773787430119675,0
84,1.7001433620025637,-0.168222729359762,-1.1170661610415955,0.6459196249591272,-1.604593893090719,-2.0298569838153284,-0.7191050688373011,0.23894758522510529,-1.2301545143127441,-1.261847734451294,-0.30496877431869507,-0.022589292377233505,-0.14793257415294647,0.25578728318214417,-0.9427281618118286,-1.0012620687484741,-0.10315803438425064,0.1282879114151001,-0.14562997221946716,1.5463205124316004,-4.121322303022383,0.598995521732431,-0.23011839866118922,-0.049230720198206214,-0.003378282697997295,-0.14322673,-1.1154479,0.6410275,-1.5840023,-2.017788,-0.72453266,-0.14322673,-1.1154479,0.6410275,-1.5840023,-2.017788,-0.72453266,-0.16822272539138794,-1.1170661449432373,0.6459196209907532,-1.6045938730239868,-2.0298569202423096,-0.719105064868927,0.62490004,0.040455557,-0.12230206,0.5147914,0.30172518,-0.1356904,0.20126122,0.7802582681326486,0.042606913382187486,0.019506456703316216,0.011176450178027153,0.0055882250000000005,22.3529,False,0,0.4714148689220891,-0.05377086829354806,0.32237533226813897,0.5063576177586057,0.19535680379228595,0.119845001685101,0.9997630320431369,0.005684452124260499,0.0017070719736353831,0.020945355020763803,0.28960493,-0.09530228,0.28934506,0.400243295949342,8.815599721856415e-05,0.00014980700507294387,0.0010829700040630996,0.0007480630010832101,0.00019160199735779315,0.00012821299606002867,0.0028317130054347217,0.017056098993634805,0.019887811999069527,50.28205214564509,0
85,1.7200916920119198,-0.1647732893573206,-1.1169000428966065,0.6453526655780237,-1.6014658413329066,-2.0283640066729944,-0.7197945753680628,0.33211562037467957,-1.2271065711975098,-1.4086720943450928,-0.42128992080688477,0.024164780974388123,-0.17466214299201965,0.25924018025398254,-0.8778711557388306,-1.0002940893173218,-0.10336784273386002,0.12972623109817505,-0.14520157873630524,2.4173996652782557,-3.2490508907101754,-1.3193778550981046,-0.23482667591401155,-0.11072695347207732,-0.029024586512871185,-0.13587792,-1.1059717,0.6293614,-1.5834264,-2.00424,-0.7216621,-0.13587792,-1.1059717,0.6293614,-1.5834264,-2.00424,-0.7216621,-0.16477328538894653,-1.116900086402893,0.6453526616096497,-1.6014658212661743,-2.0283639430999756,-0.7197945713996887,0.7223841,0.27321002,-0.39978206,0.45098722,0.60309595,-0.04668859,0.27980924,0.8168818901105405,0.04820309811271727,0.020422047252763514,0.004705884959548712,0.0023529425000000004,9.41177,False,0,0.47133137407790016,-0.051778295339155594,0.3218134130623692,0.5063394066219405,0.19538847322743896,0.1198525101870516,0.9997542517437682,0.005682018181626658,0.0016185443853014656,0.021366349585850413,0.28960493,-0.09530228,0.28934506,0.4002532540187643,0.0002590200019767508,0.0001979000080609694,0.000848028008476831,0.00034689200401771814,0.00027221300115343183,0.00014481099788099527,0.002648093010066077,0.01706252399890218,0.019710617008968256,50.73407897606675,0
86,1.7400939200015273,-0.16120464006532842,-1.1165197652629395,0.6448963324176233,-1.5985413990416468,-2.026652161275045,-0.7205355803119105,0.2501123547554016,-1.362540602684021,-1.4840455055236816,-0.41901296377182007,-0.052626535296440125,-0.1479678601026535,0.2591228187084198,-0.8685415983200073,-1.0050208568572998,-0.10603471845388412,0.12852656841278076,-0.14562007784843445,1.5906552993665364,-3.939404030560633,-1.890979932601962,-0.23852796852444386,-0.1169555638519671,0.03492475673384739,-0.13457133,-1.1147001,0.640723,-1.576035,-2.011204,-0.72259736,-0.13457133,-1.1147001,0.640723,-1.576035,-2.011204,-0.72259736,-0.16120463609695435,-1.116519808769226,0.6448963284492493,-1.5985413789749146,-2.0266520977020264,-0.7205355763435364,0.6658328,0.0454921,-0.104333125,0.5626595,0.38619953,-0.05154474,0.2719249,0.8474015750921171,0.05000000074505806,0.021185039377302928,0.004705884959548712,0.0023529425000000004,9.41177,False,0,0.471321381998494,-0.04969562632580197,0.3211266215693788,0.5063370470204516,0.19539070702438105,0.11985375805951291,0.9997647626663704,0.005727581985105617,0.0015909354884309646,0.020857992301189544,0.28960493,-0.09530228,0.28934506,0.4002530702303246,5.0681992433965206e-05,0.0003997210005763918,0.0006049499934306368,0.0003972709964727983,0.00017245998606085777,0.00011882300896104425,0.002191182997194119,0.01762956500169821,0.01982074799889233,50.45218273578194,0
87,1.7600962860014988,-0.15756637254823858,-1.1161483091166993,0.6440709272967737,-1.5957542858519496,-2.024857823048727,-0.7212408224688929,0.237031027674675,-1.224234938621521,-1.5091650485992432,-0.4202299118041992,0.03452719748020172,-0.16375967860221863,0.312076210975647,-0.7368434071540833,-1.0384633541107178,-0.11071760952472687,0.17311984300613403,-0.13270996510982513,1.7969638601887008,-4.176347643628365,-1.6882679775843155,-0.2647981101774551,-0.0909194232959221,-0.00838159974815391,-0.13059892,-1.1149682,0.63974935,-1.5727801,-2.0091546,-0.7230594,-0.13059892,-1.1149682,0.63974935,-1.5727801,-2.0091546,-0.7230594,-0.1575663685798645,-1.1161483526229858,0.6440709233283997,-1.5957542657852173,-2.024857759475708,-0.7212408185005188,0.67418635,0.029504688,-0.10803962,0.5743532,0.39258087,-0.045465335,0.28124923,0.8728346459100975,0.05000000074505806,0.02182086614775244,0.004705884959548712,0.0023529425000000004,9.41177,False,0,0.47134700666390406,-0.04756931101602217,0.3205968890304479,0.5063126427145019,0.19540012727228204,0.11974823158323225,0.9997624714867119,0.005814973631330178,0.0028625859679753457,0.02080751220912225,0.28960493,-0.09530228,0.28934506,0.4002913964776443,4.414399154484272e-05,0.0001313150132773444,0.0006898060091771185,0.00040681500104255974,0.00019502599025145173,0.00013071601279079914,0.001980902990908362,0.017856746999314055,0.019837649990222417,50.409196678683216,0
88,1.7800948080111993,-0.1538942495929163,-1.115374432211258,0.6425698439227503,-1.5930491886534632,-2.022336784993307,-0.7217033545123499,0.3526112139225006,-1.2608323097229004,-1.3732718229293823,-0.3642006814479828,-0.023691534996032715,-0.18253372609615326,0.2746647298336029,-0.8898274898529053,-0.9979768395423889,-0.09542128443717957,0.13821281492710114,-0.1339285671710968,1.4673454428021961,-3.415698314053471,-1.4204706043845645,-0.21364785458619712,-0.11541233986144457,0.04654598606169277,-0.12702934,-1.1142989,0.63829887,-1.5701914,-2.0068803,-0.7238687,-0.12702934,-1.1142989,0.63829887,-1.5701914,-2.0068803,-0.7238687,-0.15389424562454224,-1.1153744459152222,0.6425698399543762,-1.593049168586731,-2.022336721420288,-0.7217033505439758,0.6716225,0.026888592,-0.10677479,0.57144356,0.38641012,-0.05413372,0.27760333,0.8940288715917479,0.05000000074505806,0.0223507217897937,0.004705884959548712,0.0023529425000000004,9.41177,False,0,0.47153487898273105,-0.04529664526178067,0.3200730309939551,0.5063338464916678,0.1953872319702198,0.11975647771152573,0.9997589748817002,0.0058906170048243734,0.0028796039252680637,0.020952474431676152,0.28960493,-0.09530228,0.28934506,0.4002900178582685,4.718599666375667e-05,0.00013530399883165956,0.0005519210099009797,0.0003424399910727516,0.00020751099509652704,0.0001423719950253144,0.0018521400052122772,0.01797163199807983,0.019823772003292106,50.444486540398636,0
89,1.8000902280036826,-0.15011340776552373,-1.1149054330638428,0.6412523428546351,-1.590187212029928,-2.0198233763324183,-0.7220342795001429,0.31788039207458496,-1.1916080713272095,-1.3094819784164429,-0.32287412881851196,0.02965533174574375,-0.17973454296588898,0.2661946713924408,-0.9352051019668579,-0.9875279664993286,-0.09469136595726013,0.12280815839767456,-0.13789686560630798,1.1559524774614216,-3.426349909904,0.10483827412692626,-0.20698010110333623,-0.053946644134083434,-0.024970294582930094,-0.123266906,-1.1133127,0.63680446,-1.5674602,-2.0036755,-0.72443676,-0.123266906,-1.1133127,0.63680446,-1.5674602,-2.0036755,-0.72443676,-0.15011340379714966,-1.1149054765701294,0.641252338886261,-1.5901871919631958,-2.0198233127593994,-0.7220342755317688,0.67116237,0.039820317,-0.11119763,0.56817436,0.4036982,-0.060062826,0.27921298,0.9116907263264565,0.05000000074505806,0.022792268158161415,0.004705884959548712,0.0023529425000000004,9.41177,False,0,0.47163138610573496,-0.042959984599878154,0.3196004269632139,0.5063182965575891,0.19537661242742138,0.11981704184475334,0.9997655000190927,0.005614485219141306,0.0016940445205189517,0.020846839273213586,0.28960493,-0.09530228,0.28934506,0.40024823076320104,4.473999433685094e-05,0.000133096007630229,0.0006080799939809367,0.0004270639910828322,0.0002544489980209619,0.00011558400001376867,0.0019809759978670627,0.017817514002672397,0.01979849000053946,50.508902445224486,0
90,1.8200920970120933,-0.14625674882997686,-1.1144564312747498,0.6406229178058069,-1.5868760548033656,-2.0174573103534144,-0.7223179976092737,0.22142113745212555,-1.2519803047180176,-1.4507886171340942,-0.41676977276802063,-0.022302599623799324,-0.15238673985004425,0.26007920503616333,-0.9113777875900269,-0.9982364177703857,-0.10086838155984879,0.1254604458808899,-0.1411881297826767,1.4264088574478642,-4.463503161811465,-1.4375730425189912,-0.2667584873298985,-0.10208132078430106,0.006288643874297305,-0.11950358,-1.1124842,0.6361059,-1.5643271,-2.0009365,-0.7250367,-0.11950358,-1.1124842,0.6361059,-1.5643271,-2.0009365,-0.7250367,-0.14625674486160278,-1.1144564151763916,0.6406229138374329,-1.5868760347366333,-2.0174572467803955,-0.7223179936408997,0.6688292,0.049303714,-0.11292583,0.56372213,0.4130168,-0.067967206,0.27783197,0.9264089386053804,0.05000000074505806,0.02316022346513451,0.004705884959548712,0.0023529425000000004,9.41177,False,0,0.47160131784759723,-0.04060119400269687,0.31882166910374976,0.5063479109944002,0.19532571482276676,0.11979056532258842,0.9997596817755986,0.005585726290741687,0.003207396259021513,0.020955788766046653,0.28960493,-0.09530228,0.28934506,0.4002385206252083,4.037200415041298e-05,0.0001438629988115281,0.0004781789903063327,0.0003143719950458035,0.0001588769955560565,0.00015333200281020254,0.0016523230005986989,0.018197386001702398,0.019849709002301097,50.37857229464039,0
91,1.8400937770056771,-0.1424778143512171,-1.1141279500773926,0.6401680151568812,-1.5835730038084925,-2.0152586142169397,-0.7225959936725062,0.2505396604537964,-1.3475334644317627,-1.5412373542785645,-0.5061022043228149,-0.007538333535194397,-0.1691054403781891,0.25847718119621277,-0.9060195088386536,-1.0029304027557373,-0.10409322381019592,0.13136333227157593,-0.1428186595439911,1.97005474015025,-4.066003414077818,-1.9787615843328688,-0.28412641859604565,-0.10556752885888535,-0.02669954586184399,-0.115747415,-1.111949,0.6357022,-1.5610875,-1.9984249,-0.72549,-0.115747415,-1.111949,0.6357022,-1.5610875,-1.9984249,-0.72549,-0.14247781038284302,-1.1141279935836792,0.6401680111885071,-1.5835729837417603,-2.015258550643921,-0.7225959897041321,0.66826,0.054476008,-0.111645885,0.562137,0.42084274,-0.07234978,0.2779455,0.9386741155044837,0.05000000074505806,0.02346685288761209,0.004705884959548712,0.0023529425000000004,9.41177,False,0,0.47151282073512,-0.038309206502659794,0.3180544471840372,0.5063661277160407,0.19533678893450057,0.11983733196115116,0.9997630718577899,0.0057491814688000655,0.0015950419480968729,0.020932092007361555,0.28960493,-0.09530228,0.28934506,0.40023661830651397,4.602700937539339e-05,0.0001348249934380874,0.0009411219944013283,0.00033742899540811777,0.00017977599054574966,0.00013345200568437576,0.0021544080082094297,0.017677497991826385,0.019831906000035815,50.42379688559406,0
92,1.8600777610117802,-0.13876086870302373,-1.1140107971480866,0.6394298712359827,-1.5804606876769007,-2.013092343007223,-0.7228916327105921,0.28275975584983826,-1.2620010375976562,-1.4412654638290405,-0.43960773944854736,0.028900623321533203,-0.18181145191192627,0.25801917910575867,-0.8669266104698181,-0.9998761415481567,-0.10344536602497101,0.13490021228790283,-0.1436062753200531,1.465764045413982,-3.4499209455803856,-0.9113935800963822,-0.23552637437051982,-0.08843664368403249,-0.009605656550065733,-0.11201853,-1.1117177,0.6351761,-1.5579605,-1.9959885,-0.72591585,-0.11201853,-1.1117177,0.6351761,-1.5579605,-1.9959885,-0.72591585,-0.13876086473464966,-1.1140108108520508,0.6394298672676086,-1.5804606676101685,-2.013092279434204,-0.722891628742218,0.66855824,0.057328835,-0.10634384,0.56250435,0.4275941,-0.075604886,0.27908686,0.9488950962537364,0.05000000074505806,0.02372237740634341,0.004705884959548712,0.0023529425000000004,9.41177,False,0,0.4714143784217222,-0.03605461786084799,0.31752812236755235,0.5063495640986244,0.19537140123851632,0.1198252441020458,0.9997641482086298,0.005729228119884462,0.001783128928604558,0.020871887875448178,0.28960493,-0.09530228,0.28934506,0.40025790298159214,4.37989947386086e-05,0.0001671579957474023,0.0006517479923786595,0.0003691200108733028,0.00019119599892292172,0.00013120300718583167,0.001985635986784473,0.017832228011684492,0.019817863998468965,50.45952480435103,0
93,1.8801306690002093,-0.13536197343935186,-1.1137953263572236,0.6388033072101038,-1.5776263676085414,-2.011021439229147,-0.7232025305377405,0.3160494565963745,-1.2376697063446045,-1.3764888048171997,-0.43777307868003845,0.016395606100559235,-0.18771246075630188,0.25854554772377014,-0.8559316992759705,-0.9967315793037415,-0.10249113291501999,0.13569927215576172,-0.14356902241706848,1.805390423225866,-3.3587458931239342,-1.0740435153766894,-0.22967386757969446,-0.09711934344891149,-0.017898539911121045,-0.107145675,-1.1230296,0.6566745,-1.5603582,-2.0049982,-0.72676,-0.107145675,-1.1230296,0.6566745,-1.5603582,-2.0049982,-0.72676,-0.13536196947097778,-1.113795280456543,0.6388033032417297,-1.577626347541809,-2.011021375656128,-0.7232025265693665,0.7054074,-0.23085919,0.4467805,0.43170413,0.15057892,-0.08893743,-0.05344844,0.9574125802114469,0.04893103197216988,0.023935314505286173,0.01568624936044216,0.007843125,31.3725,False,0,0.47133684867305825,-0.033977073743745194,0.316973212257928,0.5063058941790305,0.19539781148179333,0.11982157188564127,0.9997652074843263,0.005711750428984285,0.0014712835477977402,0.02085120565517276,0.28960493,-0.09530228,0.28934506,0.4002549932579319,4.595200880430639e-05,0.0001397139858454466,0.00056911600404419,0.00031728000612929463,0.000161363001097925,0.00014221799210645258,0.0017930929898284376,0.018088598997564986,0.019881691987393424,50.29753004090797,0
94,1.9000918350066058,-0.13116532961000615,-1.1135834020427247,0.6381390730487269,-1.57411589244985,-2.008392635975973,-0.7236207167254847,0.2757541835308075,-1.1632986068725586,-1.3840152025222778,-0.4428498446941376,0.017037242650985718,-0.1848544478416443,0.25936272740364075,-0.8617076277732849,-0.9974724650382996,-0.10323283076286316,0.13549955189228058,-0.14314794540405273,2.1572184143064415,-3.5837828474848084,-1.2038798425404802,-0.24498317940047082,-0.10275539285650538,-0.020197979359307793,-0.1069013,-1.112867,0.6326555,-1.5555187,-1.9974926,-0.73351055,-0.1069013,-1.112867,0.6326555,-1.5555187,-1.9974926,-0.73351055,-0.13116532564163208,-1.1135834455490112,0.6381390690803528,-1.5741158723831177,-2.008392572402954,-0.7236207127571106,0.6066005,0.017910197,-0.13708864,0.46492702,0.2725002,-0.24724583,0.13762334,0.9645104835095392,0.05000000074505806,0.02411276208773848,0.01568624936044216,0.007843125,31.3725,False,0,0.4712149025960765,-0.031395177632192975,0.31626714536550715,0.5062984647380042,0.19539918160713415,0.11975735919037399,0.9997580987261873,0.005708558451888435,0.0027837057598959387,0.021057822094862243,0.28960493,-0.09530228,0.28934506,0.4002791670633848,9.63159982347861e-05,0.00011894199997186661,0.0005013129994040355,0.0002638440055307001,0.0001514489995315671,0.00011210099910385907,0.0018361420079600066,0.01794746999803465,0.019783612005994655,50.54688697377349,0
95,1.920095373003278,-0.1273410956012171,-1.113391713505127,0.6377747694598597,-1.5711170635619105,-2.0060814062701624,-0.7240822950946253,0.20523911714553833,-1.5491447448730469,-0.8553379774093628,-0.38944652676582336,-0.06685993075370789,-0.20177297294139862,0.29271039366722107,-1.3375717401504517,-0.48833322525024414,-0.12027792632579803,0.0941334143280983,-0.14431822299957275,0.8416427986558279,-4.79067429734923,-0.647506312373654,-0.26406049647046487,-0.06921450901880263,0.019851205171137185,-0.10330962,-1.1102084,0.6327921,-1.5531435,-1.991982,-0.73487514,-0.10330962,-1.1102084,0.6327921,-1.5531435,-1.991982,-0.73487514,-0.12734109163284302,-1.1133917570114136,0.6377747654914856,-1.5711170434951782,-2.0060813426971436,-0.7240822911262512,0.6007869,0.079584554,-0.12456646,0.4493381,0.35248342,-0.26982108,0.1286036,0.9704254029246159,0.05000000074505806,0.0242606350731154,0.01568624936044216,0.007843125,31.3725,False,0,0.471099564526288,-0.02906243408916625,0.31558091526888393,0.5063483606634435,0.19533984909922467,0.11987094690196076,0.9997534413822334,0.005538304368279972,0.0017972632162418039,0.021427510825392397,0.28960493,-0.09530228,0.28934506,0.40021498284787427,4.5361011871136725e-05,0.00014748099783901125,0.0006177009927341715,0.0003173580043949187,0.00023534000501967967,0.00011994098895229399,0.0020519529934972525,0.01776465900184121,0.019816611995338462,50.46271281060727,0
96,1.940090540010715,-0.12361795106996709,-1.1138506692698975,0.6386631170855921,-1.56827342234131,-2.004608456288473,-0.7246149222003382,0.2838040888309479,-1.6769509315490723,-0.920005202293396,-0.4399159848690033,-0.015522871166467667,-0.21996363997459412,0.2127971053123474,-1.3395601511001587,-0.5553756952285767,-0.12444188445806503,0.11078044772148132,-0.1662197709083557,1.9575812642907762,-4.268986249405501,-2.0391843664051224,-0.26995545326181036,-0.1065202405279409,-0.005812820737328091,-0.09944887,-1.1101615,0.63398886,-1.5502675,-1.9896762,-0.7354269,-0.09944887,-1.1101615,0.63398886,-1.5502675,-1.9896762,-0.7354269,-0.12361795455217361,-1.113850712776184,0.638663113117218,-1.5682734251022339,-2.004608392715454,-0.7246149182319641,0.60422724,0.09223029,-0.116857074,0.45014995,0.37330356,-0.27029964,0.13128732,0.9753545024371799,0.05000000074505806,0.0243838625609295,0.01568624936044216,0.007843125,31.3725,False,0,0.4707562921472653,-0.026933292427888375,0.3148492427436202,0.5063486851030156,0.19533372845499392,0.11986445110977309,0.9997604389921714,0.005394060764219209,0.0020834667510891717,0.021109187475392942,0.28960493,-0.09530228,0.28934506,0.4002134644399996,4.44979959866032e-05,0.00014081900008022785,0.0005828489956911653,0.00036549699143506587,0.00019403299666009843,0.00013968200073577464,0.0018529630033299327,0.017933221999555826,0.01978618500288576,50.54031385303195,0
97,1.9600929630105384,-0.12007743517030889,-1.114085779791214,0.6389487425433558,-1.5657538313283403,-2.003157440816061,-0.7256329695331019,0.2888800799846649,-1.516061544418335,-1.1814298629760742,-0.42154619097709656,0.010526083409786224,-0.2436790019273758,0.213357076048851,-1.1569327116012573,-0.8426324725151062,-0.11249061673879623,0.13842205703258514,-0.16719667613506317,2.2040323846379413,-3.5280556865875017,-2.0612643382453233,-0.258170521076548,-0.09660632330921912,-0.01370515232116936,-0.09590094,-1.1107088,0.634762,-1.5477039,-1.9885637,-0.7366729,-0.09590094,-1.1107088,0.634762,-1.5477039,-1.9885637,-0.7366729,-0.12007743865251541,-1.1140857934951782,0.6389487385749817,-1.5657538175582886,-2.003157377243042,-0.7256329655647278,0.6044125,0.0844247,-0.10466875,0.45124903,0.364842,-0.27599764,0.12643574,0.9794620853643167,0.05000000074505806,0.024486552134107917,0.01568624936044216,0.007843125,31.3725,False,0,0.47051410767641805,-0.02491143212259915,0.31429046272553113,0.5063551527937085,0.1953285531591356,0.11987226089375061,0.999757586366345,0.005137529131388175,0.0015253095514639985,0.021355115110800186,0.28960493,-0.09530228,0.28934506,0.40020990173075044,3.945600474253297e-05,0.00010895800369326025,0.0006790499901399016,0.00032183300936594605,0.00019542199152056128,0.00012620699999388307,0.0018238690099678934,0.017995950998738408,0.0198198200087063,50.45454497370448,0
98,1.980141371008358,-0.11659604707826787,-1.1139708322337647,0.6385105291949671,-1.5633831539056082,-2.00149375597109,-0.7269561926471155,0.26768001914024353,-1.1603922843933105,-1.252180814743042,-0.29386433959007263,0.028558282181620598,-0.24809806048870087,0.23550011217594147,-0.8029688000679016,-1.0091229677200317,-0.10673913359642029,0.14237533509731293,-0.15772074460983276,2.2732793228432517,-3.5154218756970694,-0.08493164597468739,-0.2238894295589622,-0.09039529457521486,-0.023435445775006964,-0.09241505,-1.1108301,0.6346026,-1.5453426,-1.9871628,-0.73820066,-0.09241505,-1.1108301,0.6346026,-1.5453426,-1.9871628,-0.73820066,-0.1165960505604744,-1.1139708757400513,0.638510525226593,-1.5633831024169922,-2.0014936923980713,-0.7269561886787415,0.60452515,0.07852036,-0.097697936,0.45101374,0.35827163,-0.28111142,0.122028835,0.9828850711369305,0.05000000074505806,0.024572126778423263,0.01568624936044216,0.007843125,31.3725,False,0,0.47039510078744423,-0.02288865544545122,0.31383744401310654,0.5063532942139872,0.19537442445590048,0.11988550705787762,0.9997593104758453,0.005198241812290313,0.001445018649470409,0.021264221720013198,0.28960493,-0.09530228,0.28934506,0.400236599436434,3.934900450985879e-05,0.00013730900536756963,0.000545943999895826,0.00030919899290893227,0.00019452700507827103,0.0001227910106536001,0.001723585999570787,0.018132366007193923,0.01985595200676471,50.36273252772321,0
99,2.0002103710139636,-0.11322147050966436,-1.1135690671256562,0.6380470434771937,-1.5607448269477864,-1.999514404927389,-0.7284496466266077,0.2671571373939514,-1.152085781097412,-1.3906140327453613,-0.3820057809352875,-0.004641364328563213,-0.2315373420715332,0.25049611926078796,-0.844036877155304,-0.9980937242507935,-0.10698513686656952,0.13567057251930237,-0.1528959721326828,1.9286496943982694,-3.8038204837422684,-0.8785774095107677,-0.24248375204798844,-0.09699646345657702,-0.019837705221445477,-0.08898611,-1.1104769,0.6342698,-1.5427617,-1.985133,-0.73991853,-0.08898611,-1.1104769,0.6342698,-1.5427617,-1.985133,-0.73991853,-0.11322147399187088,-1.1135690212249756,0.6380470395088196,-1.5607448816299438,-1.9995144605636597,-0.7284496426582336,0.60588413,0.077303626,-0.09443095,0.4495792,0.3595341,-0.28672236,0.11797097,0.9857375592807754,0.05000000074505806,0.024643438982019386,0.01568624936044216,0.007843125,31.3725,False,0,0.4702918056346721,-0.020851441959425496,0.31318567081653953,0.506324670090136,0.1953614794721962,0.11983586508635331,0.999758684329835,0.005297406263945967,0.0018772447264985617,0.021236200159838296,0.28960493,-0.09530228,0.28934506,0.40023271919925874,4.624399298336357e-05,0.00011953100329264998,0.0005386330012697726,0.0003137909952783957,0.0001704039896139875,0.0001397379965055734,0.0017207960045197979,0.018174074008129537,0.019894870012649335,50.26421380809179,0
100,2.0201298220054014,-0.10984594026674444,-1.1129504603198548,0.6375406424151819,-1.558159726937749,-1.9973967711078089,-0.7300155798541468,0.3021126389503479,-1.2678776979446411,-1.4598760604858398,-0.38954591751098633,-0.013766065239906311,-0.24989227950572968,0.25746074318885803,-0.8710395693778992,-0.9985855221748352,-0.10952351987361908,0.1304512917995453,-0.15157495439052582,1.7331934216473714,-3.970958899772212,-1.6321225412382447,-0.2662036191327148,-0.0910596686887819,-0.006683902518057984,-0.0855316,-1.1097349,0.63401604,-1.5401386,-1.982675,-0.74161416,-0.0855316,-1.1097349,0.63401604,-1.5401386,-1.982675,-0.74161416,-0.10984594374895096,-1.1129504442214966,0.6375406384468079,-1.5581597089767456,-1.9973968267440796,-0.7300155758857727,0.60785866,0.08038797,-0.088115185,0.45052716,0.36804563,-0.2899646,0.11614927,0.9881146327339796,0.05000000074505806,0.02470286581834949,0.01568624936044216,0.007843125,31.3725,False,0,0.4702323418982296,-0.018790077221037482,0.31244595319404544,0.5063581075019845,0.19529547677890352,0.11981511831358599,0.999763094802484,0.005524340775405578,0.002449652014890175,0.020911259382054924,0.28960493,-0.09530228,0.28934506,0.4002116850775655,0.0006932060059625655,0.00013106499682180583,0.0005522179999388754,0.00031820200092624873,0.00018530098896007985,0.0001208320027217269,0.002391692003584467,0.0173576730012428,0.01974936500482727,50.63453937661153,0
101,2.0401497250131797,-0.10646564165224248,-1.1124528807452698,0.6369169394122522,-1.5555583297139783,-1.9954174200641077,-0.7315896193133753,0.2942436933517456,-1.318202018737793,-1.457450270652771,-0.4379716217517853,-0.0005509965121746063,-0.23886242508888245,0.2590283751487732,-0.8761957287788391,-0.9984607100486755,-0.10978547483682632,0.12977133691310883,-0.15171247720718384,1.4387987357506058,-3.5737905988319634,-1.5988477724833776,-0.23902523841611265,-0.09651512705444698,0.004241098177970623,-0.07714634,-1.1204134,0.6534956,-1.5403967,-1.9861653,-0.74040216,-0.07714634,-1.1204134,0.6534956,-1.5403967,-1.9861653,-0.74040216,-0.106465645134449,-1.1124528646469116,0.6369169354438782,-1.5555583238601685,-1.9954174757003784,-0.7315896153450012,0.73298275,-0.19901377,0.41446725,0.37903997,0.23130468,-0.22031362,-0.52961355,0.9900955272783163,0.03940772965550422,0.024752388181957907,0.02980390004813671,0.01490195,59.6078,False,0,0.4701377249448786,-0.016753874119505435,0.31181611792086156,0.5063187584048658,0.19534476633947453,0.11986982759835263,0.9997602020542135,0.005480128030232329,0.0016755054826505238,0.021135515751648553,0.28960493,-0.09530228,0.28934506,0.4002029971250735,4.639899998437613e-05,0.00013498800399247557,0.0005605920014204457,0.0002800070069497451,0.0001618859969312325,0.00014340800407808274,0.0017183119925903156,0.018133390010916628,0.019851702003506944,50.37351456431005,0
102,2.0601360319997184,-0.10302573839296514,-1.1120510560325165,0.6363065878497522,-1.5530676872334261,-1.9934080282794397,-0.7332099119769495,0.2647019028663635,-1.2133406400680542,-1.427323818206787,-0.4416878819465637,0.00504731759428978,-0.2190433293581009,0.25893086194992065,-0.8677171468734741,-0.9948418736457825,-0.10838832706212997,0.13187627494335175,-0.15191102027893066,1.9758477891212163,-3.7383713070727596,-1.4296205557972785,-0.23707509591625495,-0.10950307505221853,-0.016840286827473752,-0.07890002,-1.1132147,0.63241005,-1.5386282,-1.983846,-0.749069,-0.07890002,-1.1132147,0.63241005,-1.5386282,-1.983846,-0.749069,-0.10302574187517166,-1.112051010131836,0.6363065838813782,-1.553067684173584,-1.9934080839157104,-0.7332099080085754,0.6031431,-0.029091816,-0.097413406,0.36098543,0.23905483,-0.39647675,-0.082317516,0.9917462727319302,0.03776137933135032,0.024793656818298256,0.02980390004813671,0.01490195,59.6078,False,0,0.47003655708166087,-0.014683697062928255,0.31124402245204363,0.5063691718917238,0.19534476413903562,0.1198607098775118,0.999756796953417,0.0053401767977656125,0.0020633376767756743,0.021298253760689657,0.28960493,-0.09530228,0.28934506,0.4002341580979245,4.5226013753563166e-05,0.00011930099572055042,0.0005408739962149411,0.00030454600346274674,0.00016463598876725882,0.0001215049996972084,0.0016795230039861053,0.018139627994969487,0.019819150998955593,50.456248103296495,0
103,2.08013963700796,-0.09952861467470342,-1.1118944746306916,0.6359251181231897,-1.5505860590240736,-1.9913981596576136,-0.7347844282733362,0.28747567534446716,-1.4550182819366455,-0.8605964779853821,-0.4030734896659851,-0.021367613226175308,-0.20624828338623047,0.3584913909435272,-1.1272318363189697,-0.44972413778305054,-0.11622751504182816,0.11421284824609756,-0.14176148176193237,1.5989957813072442,-3.5920356607887554,-0.3072856088450393,-0.22480808304933997,-0.07791186561767419,-0.031939274429588806,-0.07585465,-1.10986,0.6337443,-1.5361724,-1.9771726,-0.7522662,-0.07585465,-1.10986,0.6337443,-1.5361724,-1.9771726,-0.7522662,-0.09952861815690994,-1.1118944883346558,0.6359251141548157,-1.5505861043930054,-1.9913982152938843,-0.7347844243049622,0.5918492,0.050862834,-0.054520648,0.3603422,0.3556412,-0.4370457,-0.13097465,0.9931218939432752,0.035141886323690405,0.02482804734858188,0.02980390004813671,0.01490195,59.6078,False,0,0.4698744117549263,-0.012581737159273597,0.31070701138291207,0.5063245672947186,0.19536162376064653,0.11985237637077951,0.9997689722766205,0.005341288369112533,0.001688719480569715,0.020752733416492097,0.28960493,-0.09530228,0.28934506,0.40022577563747497,4.652900679502636e-05,0.00013795000268146396,0.000641455000732094,0.0002876710059354082,0.0001730470103211701,0.00012683200475294143,0.0018017890106420964,0.018012853994150646,0.019814643004792742,50.46772731449773,0
104,2.1001309210114414,-0.09578067461122686,-1.1122965675643464,0.6367281118976038,-1.5481754218092938,-1.9897506872760218,-0.7362754980670374,0.2553004026412964,-1.6443268060684204,-0.8799222707748413,-0.5341732501983643,-0.03387412428855896,-0.22761957347393036,0.23586757481098175,-1.397241234779358,-0.5635727047920227,-0.13349735736846924,0.11105773597955704,-0.16697745025157928,1.950683755643422,-3.8853863469368464,-2.106629902323426,-0.2580838527490639,-0.11439188702670737,-0.012743245816928504,-0.07179582,-1.1097353,0.63447094,-1.5337198,-1.9747778,-0.75377256,-0.07179582,-1.1097353,0.63447094,-1.5337198,-1.9747778,-0.75377256,-0.09578067809343338,-1.1122965812683105,0.6367281079292297,-1.5481754541397095,-1.9897507429122925,-0.7362754940986633,0.59962153,0.06403398,-0.05642973,0.3613925,0.37432346,-0.4374261,-0.13058987,0.9942682449527293,0.03253008887171745,0.024856706123818233,0.02980390004813671,0.01490195,59.6078,False,0,0.4695328645171348,-0.010425144166809466,0.31004959867994036,0.5063186835325652,0.19537994891292274,0.11978874869130005,0.9997621330851579,0.005456190444523314,0.0024430220195654708,0.020973958048505836,0.28960493,-0.09530228,0.28934506,0.4002628479164395,4.1364008211530745e-05,0.00013705799938179553,0.0005497630045283586,0.0002704170037759468,0.00016720998974051327,0.00011913999333046377,0.0016358720022253692,0.01818250100768637,0.01981837300991174,50.45822881120823,0
105,2.120127494999906,-0.09216767946352178,-1.1125274759582062,0.6371982733355921,-1.546133903121092,-1.9882796446429651,-0.7381194273578089,0.2043083906173706,-1.6338207721710205,-0.9243975281715393,-0.48937174677848816,-0.03361661732196808,-0.2575618028640747,0.2094430923461914,-1.253519892692566,-0.6059339642524719,-0.11804423481225967,0.13627640902996063,-0.17474330961704254,1.6112965439128395,-3.9718200839458175,-1.688029369788036,-0.2518362074243679,-0.11077218136600929,-0.0053176233286475055,-0.0680723,-1.1099291,0.63566345,-1.5315057,-1.9732885,-0.7556714,-0.0680723,-1.1099291,0.63566345,-1.5315057,-1.9732885,-0.7556714,-0.0921676829457283,-1.1125274896621704,0.637198269367218,-1.5461338758468628,-1.9882797002792358,-0.7381194233894348,0.6023846,0.064959034,-0.038370308,0.36570424,0.37478015,-0.4387985,-0.13397577,0.9952235374606078,0.02985057339072227,0.024880588436515194,0.02980390004813671,0.01490195,59.6078,False,0,0.46927265321533446,-0.008381260597566817,0.3095116000872644,0.506318284144912,0.1954080245901757,0.11981969415129792,0.9997627070752746,0.00534287239527297,0.0020472981576830284,0.02101815815731146,0.28960493,-0.09530228,0.28934506,0.40026991426717085,4.063599044457078e-05,0.00011808500858023763,0.0005790110008092597,0.0002820670051733032,0.00015255399921443313,0.00010785998892970383,0.0016181520040845498,0.01822461398842279,0.01984276599250734,50.39619982302879,0
106,2.1402233980043093,-0.0887230078326624,-1.1125441652587433,0.6370127836810511,-1.5441555057517071,-1.986647907887594,-0.7403972784625452,0.2153153121471405,-1.2572193145751953,-1.1948878765106201,-0.4400467872619629,0.025110702961683273,-0.19085635244846344,0.23303475975990295,-0.8874825835227966,-1.0010199546813965,-0.11069928854703903,0.14301227033138275,-0.1662978082895279,1.8202509989774789,-3.748064580668581,-0.5061444901387386,-0.22380135755837915,-0.09573584339061639,-0.010297512946048172,-0.06445719,-1.1101062,0.63591427,-1.5294538,-1.971792,-0.7580682,-0.06445719,-1.1101062,0.63591427,-1.5294538,-1.971792,-0.7580682,-0.08872301131486893,-1.1125441789627075,0.637012779712677,-1.544155478477478,-1.9866479635238647,-0.7403972744941711,0.6066455,0.060948834,-0.02746357,0.3675445,0.37139934,-0.44177368,-0.13940002,0.9960196145505065,0.02706257298588752,0.024900490363762663,0.02980390004813671,0.01490195,59.6078,False,0,0.469094645102003,-0.0063913124388905035,0.30910718035046747,0.506357626384307,0.19528702923721042,0.11979941392941953,0.9997554398095401,0.005512868973449132,0.0026785494415958984,0.021248986220970385,0.28960493,-0.09530228,0.28934506,0.4002119434456425,4.0503000491298735e-05,0.00011645800259429961,0.0004952559975208715,0.00030352099565789104,0.0002317100006621331,0.0001108410069718957,0.0016294450033456087,0.01831573699018918,0.01994518199353479,50.13742167527722,0
107,2.1601015370106325,-0.08539802232851201,-1.112269566660263,0.6368005911456507,-1.5421389371952792,-1.9847143332110804,-0.74280292192568,0.29622983932495117,-1.161876916885376,-1.2849494218826294,-0.39175179600715637,0.048164140433073044,-0.19720427691936493,0.2515278458595276,-0.8377915620803833,-0.9883152842521667,-0.10930649191141129,0.13805246353149414,-0.15993379056453705,1.9766028866136587,-3.307419424877881,-0.3559789788021108,-0.20397225270218203,-0.09574404175971774,-0.018992924195916413,-0.060952786,-1.1097299,0.63586754,-1.5273798,-1.969638,-0.76057535,-0.060952786,-1.1097299,0.63586754,-1.5273798,-1.969638,-0.76057535,-0.08539802581071854,-1.1122695207595825,0.6368005871772766,-1.542138934135437,-1.984714388847351,-0.7428029179573059,0.611131,0.06349076,-0.023326492,0.3689795,0.37690923,-0.4443103,-0.14411215,0.9912185447191492,0.02418032988905906,0.02478046361797873,0.02980390004813671,0.01490195,59.6078,False,0,0.46896575155074754,-0.004397735609427564,0.30854445351795257,0.5063612413913802,0.19528732663257833,0.1198696611759556,0.9997600896018072,0.005045967629356214,0.0014958064622646317,0.02126318913273888,0.28960493,-0.09530228,0.28934506,0.4001843629631644,4.19189891545102e-05,0.00010709901107475162,0.0004829969984712079,0.0002850320015568286,0.00015156400331761688,0.0001201150007545948,0.0015307260036934167,0.018200175996753387,0.019730902000446804,50.681920166516214,0
108,2.180122931007645,-0.08210307756532842,-1.1118836563876648,0.6366141478167933,-1.540070154970028,-1.9825571219073694,-0.7452963034259241,0.32775479555130005,-1.2415275573730469,-1.3681803941726685,-0.43220967054367065,0.048680614680051804,-0.207817941904068,0.2610780596733093,-0.8643401861190796,-0.989523708820343,-0.11131482571363449,0.13315902650356293,-0.15803653001785278,1.719976637770033,-3.443193897758392,-1.0198515259917835,-0.2364057352913555,-0.09316935619895293,-0.029701530175775086,-0.053199165,-1.1173275,0.6529744,-1.5218787,-1.9714319,-0.7592252,-0.053199165,-1.1173275,0.6529744,-1.5218787,-1.9714319,-0.7592252,-0.08210308104753494,-1.1118836402893066,0.6366141438484192,-1.5400701761245728,-1.9825571775436401,-0.74529629945755,0.72259796,-0.13609657,0.40900657,0.454785,0.2781346,-0.34822276,-0.7314761,0.8896875027795049,0.009550807327032082,0.022242187569487624,0.04392154887318611,0.021960775000000002,87.8431,False,0,0.4688474311131791,-0.0023715930651275197,0.30789345684660946,0.5063355149348597,0.19530402586956466,0.11980084882052251,0.9997610635896029,0.005048445105334795,0.0023814278833712245,0.02113368734992113,0.28960493,-0.09530228,0.28934506,0.40021170215778523,3.9911989006213844e-05,0.00013323599705472589,0.000632076000329107,0.0002798440109472722,0.00019353500101715326,0.0001110540033550933,0.0019785879994742572,0.017888891001348384,0.01986747900082264,50.3335123675527,0
109,2.2001277830131585,-0.07868463197817022,-1.1114674371531983,0.6365321318255823,-1.5379517090371628,-1.9804037253009241,-0.7477720419513147,0.29300954937934875,-1.3457425832748413,-1.429917812347412,-0.4510939121246338,-0.021176587790250778,-0.18986016511917114,0.26263707876205444,-0.870669424533844,-0.9861615896224976,-0.11234550923109055,0.13230501115322113,-0.15780097246170044,0.9535500082313499,-3.715323137401497,-1.281557978965905,-0.229104418440362,-0.08771728052434537,0.0012705692296274274,-0.0539464,-1.1120635,0.6405987,-1.5247693,-1.9683534,-0.7656086,-0.0539464,-1.1120635,0.6405987,-1.5247693,-1.9683534,-0.7656086,-0.07868463546037674,-1.1114674806594849,0.6365321278572083,-1.5379517078399658,-1.9804037809371948,-0.7477720379829407,0.61845595,-0.01490241,0.10166439,0.32955933,0.30126086,-0.4459147,-0.35610023,0.7575982703085916,0.002428802698850624,0.01893995675771479,0.04392154887318611,0.021960775000000002,87.8431,False,0,0.46870868651270126,-0.0002878228671660682,0.3071839818776527,0.5063614500549,0.1953573676186947,0.11986129738549693,0.9997549065844566,0.005618155838699393,0.0019409942497798688,0.021324963161032953,0.28960493,-0.09530228,0.28934506,0.40023888001080954,0.00011861399980261922,0.000110656998003833,0.0004767240025103092,0.00042265700176358223,0.00017033600306604058,0.00011126798926852643,0.0017658810102147982,0.018085160001646727,0.019851041011861525,50.375191880489965,0
110,2.220132676011417,-0.07514697710146123,-1.1111933451941987,0.6365531126605433,-1.5359907646528264,-1.9784134070025843,-0.7502101103412073,0.293893963098526,-1.484129786491394,-0.9455463886260986,-0.3365482985973358,0.02775793895125389,-0.17783619463443756,0.3443896472454071,-1.0639097690582275,-0.4305986166000366,-0.09307163208723068,0.12075140327215195,-0.14423197507858276,1.0689105308164557,-3.3471717903752003,-0.6950932404322303,-0.20990162277956675,-0.07905164100295345,-0.0019512168595624824,-0.05112792,-1.1093649,0.64275366,-1.522457,-1.9632894,-0.76927245,-0.05112792,-1.1093649,0.64275366,-1.522457,-1.9632894,-0.76927245,-0.07514698058366776,-1.111193299293518,0.6365531086921692,-1.5359907150268555,-1.978413462638855,-0.7502101063728333,0.6004765,0.045711607,0.1550136,0.33834246,0.37810135,-0.47655895,-0.40270272,0.6313318919238264,0.0,0.01578329729809566,0.04392154887318611,0.021960775000000002,87.8431,False,0,0.4685462019198169,0.0018167653300129039,0.3065459166814939,0.506358709792367,0.19534803835859132,0.11983971941802554,0.9997571811390724,0.005514811812326769,0.00259231488714863,0.02117737716379399,0.28960493,-0.09530228,0.28934506,0.4002397589497365,4.0807994082570076e-05,0.00011443700350355357,0.0005569889908656478,0.00030374999914783984,0.00015543299377895892,0.00011556199751794338,0.0017504330025985837,0.01810472500801552,0.019855158010614105,50.36474650392726,0
111,2.2400910460128216,-0.07147533098329717,-1.1115554434112092,0.6373780409442347,-1.5336276081255455,-1.97656757036318,-0.7524603048907679,0.29476606845855713,-1.581559181213379,-0.7699133157730103,-0.46905237436294556,0.031423263251781464,-0.21615062654018402,0.24324971437454224,-1.353079080581665,-0.5090996026992798,-0.1225726380944252,0.12128489464521408,-0.15875683724880219,1.7147121186807102,-3.190442956417463,-1.505987247042882,-0.2088435960984396,-0.12838959957501525,0.01675770109451124,-0.047120783,-1.1093376,0.64304036,-1.5201201,-1.9608264,-0.77158326,-0.047120783,-1.1093376,0.64304036,-1.5201201,-1.9608264,-0.77158326,-0.07147533446550369,-1.1115554571151733,0.6373780369758606,-1.5336276292800903,-1.9765676259994507,-0.7524603009223938,0.6088638,0.055446044,0.14155753,0.33768588,0.39352992,-0.4780736,-0.404426,0.5261099099365221,0.0,0.013152747748413051,0.04392154887318611,0.021960775000000002,87.8431,False,0,0.4681498541428229,0.003967823104288143,0.30586193246641774,0.5063257140197351,0.19534344814637927,0.11983938310143964,0.9997615861471082,0.005782424040274943,0.0022760128172847434,0.020931101673277473,0.28960493,-0.09530228,0.28934506,0.400218699661795,4.000400076620281e-05,0.00011662500037346035,0.0004840699984924868,0.00035725999623537064,0.0002569560019765049,0.00011750499834306538,0.0017067389999283478,0.018094244005624205,0.019800983005552553,50.50254321816154,0
112,2.260149570007343,-0.06780463853944951,-1.1119123858264466,0.638411823903219,-1.531595804994442,-1.9748294989215296,-0.7547481695758265,0.23209618031978607,-1.4547817707061768,-0.7448346018791199,-0.3730841279029846,0.045097850263118744,-0.24329109489917755,0.2142753005027771,-1.1769684553146362,-0.5038496851921082,-0.11861491203308105,0.13764259219169617,-0.1674560308456421,1.7589195278463627,-3.257077472016377,-0.3736867700088795,-0.20278901772739596,-0.09307016547562946,-0.01101992484376918,-0.04333821,-1.1093894,0.6444254,-1.5179235,-1.9589576,-0.7738113,-0.04333821,-1.1093894,0.6444254,-1.5179235,-1.9589576,-0.7738113,-0.06780464202165604,-1.1119123697280884,0.638411819934845,-1.5315958261489868,-1.9748295545578003,-0.7547481656074524,0.6116608,0.06307281,0.15033965,0.3418085,0.39680085,-0.47657803,-0.40747377,0.4384249249471017,0.0,0.010960623123677543,0.04392154887318611,0.021960775000000002,87.8431,False,0,0.4677763492292508,0.006090115014899665,0.30516729718292734,0.5063289424016136,0.19534386614795352,0.11983291430557633,0.9997616682232644,0.005318360002335516,0.0022660810321842705,0.021050610797662805,0.28960493,-0.09530228,0.28934506,0.40022349119240935,8.45989998197183e-05,0.00010756000119727105,0.0004799979942617938,0.0003059559967368841,0.00015462300507351756,0.00011230300879105926,0.001596308997250162,0.018311360996449366,0.01990766999369953,50.23189556168475,0
113,2.280088808009168,-0.06421357790102178,-1.1117866796306153,0.6393669287310999,-1.529576865290739,-1.9728520552264612,-0.7573130766498011,0.14234697818756104,-1.1868566274642944,-0.7237545251846313,-0.39959368109703064,0.014170322567224503,-0.2399035543203354,0.23541955649852753,-0.8733604550361633,-0.509152352809906,-0.1150752529501915,0.14153538644313812,-0.1644914746284485,2.236643709234896,-4.071750610568132,-0.6199891169223404,-0.24429399751699998,-0.10274663073976624,-0.01153617938145695,-0.039594024,-1.1091992,0.6454401,-1.5158397,-1.9569467,-0.7764093,-0.039594024,-1.1091992,0.6454401,-1.5158397,-1.9569467,-0.7764093,-0.0642135813832283,-1.1117867231369019,0.6393669247627258,-1.5295768976211548,-1.972852110862732,-0.757313072681427,0.61548895,0.06468868,0.15182906,0.34343004,0.39763552,-0.4774067,-0.4114573,0.3653541041225848,0.0,0.00913385260306462,0.04392154887318611,0.021960775000000002,87.8431,False,0,0.46748515292496634,0.00821927476030511,0.3042592586000208,0.5063569828890249,0.1953699074731995,0.11986632952957434,0.999755368061641,0.0054978084052208194,0.0022282156134356764,0.021307545194394113,0.28960493,-0.09530228,0.28934506,0.40024343670583873,4.449200059752911e-05,0.000119420001283288,0.0005227000074228272,0.00034549200790934265,0.0001947999990079552,0.00011539799743331969,0.0016969930002233014,0.018065369004034437,0.01976236200425774,50.60123884910888,0
114,2.300088660005713,-0.0608442465411585,-1.11142452180896,0.6403082052813929,-1.5277110126665612,-1.9707897345172327,-0.7599270979510706,0.2011837363243103,-1.2485771179199219,-0.7758216857910156,-0.36458009481430054,0.003353506326675415,-0.2475614994764328,0.2532540559768677,-0.8511459827423096,-0.5102205276489258,-0.11400365084409714,0.1383301168680191,-0.16046282649040222,1.6203134990832466,-3.8054870041588162,-0.8038719660752307,-0.23189593390712,-0.09516653651946924,-0.011158445682855837,-0.036113344,-1.1086721,0.6464851,-1.513886,-1.9547775,-0.77904814,-0.036113344,-1.1086721,0.6464851,-1.513886,-1.9547775,-0.77904814,-0.06084424629807472,-1.1114245653152466,0.6403082013130188,-1.527711033821106,-1.9707897901535034,-0.7599270939826965,0.61827254,0.068810895,0.15442204,0.3456256,0.40030733,-0.4780267,-0.41559494,0.30446175343548737,0.0,0.007611543835887184,0.04392154887318611,0.021960775000000002,87.8431,False,0,0.46724976982395067,0.010257939420360414,0.3032663768617116,0.5063410349548573,0.19534103108924536,0.11988536079921336,0.9997579337750758,0.005346967215490494,0.0017446112821996789,0.021271951515153303,0.28960493,-0.09530228,0.28934506,0.4002057704078666,4.109898873139173e-05,0.00011336899478919804,0.0004886620008619502,0.0004041420033900067,0.0002551990037318319,0.00013722099538426846,0.0017819519998738542,0.018066233998979442,0.019848185998853296,50.382437974824185,0
115,2.32008945501002,-0.057549301777974904,-1.110955612068512,0.6412151495562952,-1.525742409085371,-1.9686134497271937,-0.7626231352435511,0.3423721194267273,-1.328681468963623,-0.7934662699699402,-0.43639183044433594,0.017039695754647255,-0.26690688729286194,0.26326075196266174,-0.8671796321868896,-0.5117501616477966,-0.11395424604415894,0.1357821375131607,-0.1590651273727417,1.188484921142635,-2.9263409621094647,-1.155237678705259,-0.20020906088165705,-0.09198797873894474,-0.019074220488441877,-0.032776985,-1.1079965,0.6474369,-1.5118839,-1.9523587,-0.7818274,-0.032776985,-1.1079965,0.6474369,-1.5118839,-1.9523587,-0.7818274,-0.05754930153489113,-1.1109555959701538,0.6412151455879211,-1.5257424116134644,-1.9686135053634644,-0.762623131275177,0.61930794,0.073977254,0.15554382,0.34646484,0.4063711,-0.4801059,-0.42030522,0.25371812786290615,0.0,0.006342953196572654,0.04392154887318611,0.021960775000000002,87.8431,False,0,0.46701065067010483,0.012285499410456119,0.3022111018570359,0.5063102662234481,0.19535407828366327,0.11985167871961594,0.999759138859189,0.00518774510812027,0.001932874551325123,0.02123778511484067,0.28960493,-0.09530228,0.28934506,0.40021284736831747,0.00020414798927959055,0.00012525799684226513,0.0005308999971020967,0.0002953789953608066,0.00015401201380882412,0.00010370400559622794,0.001912196006742306,0.017937905999133363,0.01985010200587567,50.37757487110132,0
116,2.3401221500098472,-0.05414277711977178,-1.110619918709137,0.6419919172870081,-1.5238026914051552,-1.9663131872760218,-0.7653382460223597,0.3090946674346924,-1.29325270652771,-0.7848631143569946,-0.44202178716659546,-0.04650910943746567,-0.23476451635360718,0.26281213760375977,-0.8680477738380432,-0.5105705261230469,-0.11388494074344635,0.1347619742155075,-0.1587647646665573,1.2100213403356541,-3.1720455025012213,-1.4559636546560994,-0.21926858034986157,-0.09689494378503695,-0.014212479443705427,-0.027503895,-1.1096017,0.65659046,-1.5074415,-1.9538317,-0.78228515,-0.027503895,-1.1096017,0.65659046,-1.5074415,-1.9538317,-0.78228515,-0.054142776876688004,-1.1106199026107788,0.641991913318634,-1.523802638053894,-1.9663132429122925,-0.7653382420539856,0.66597205,0.02545278,0.364963,0.40902695,0.3120387,-0.42367306,-0.6869487,0.2114317732190885,0.0,0.005285794330477212,0.04882355034351349,0.024411775,97.6471,False,3,0.4667577987813815,0.014391485807063766,0.30126076254168954,0.5063294446653648,0.1953108876132505,0.1197892627174534,0.9997611857089778,0.005295085076216989,0.002542722483532709,0.021049875025138748,0.28960493,-0.09530228,0.28934506,0.4002183059048423,4.0022991015575826e-05,0.00011607000487856567,0.0004950310103595257,0.0005937640089541674,0.0001839090109569952,0.00015813800564501435,0.0019243400020059198,0.017962224999791943,0.019886565001797862,50.28520510754844,0
117,2.3601429330010433,-0.05059224763979131,-1.1103929442218323,0.6427696386920374,-1.5219065447202702,-1.9640949408160608,-0.7680180708514612,0.2624984681606293,-1.168819785118103,-0.7201577425003052,-0.4079813063144684,-0.02835749089717865,-0.23743796348571777,0.2582295536994934,-0.8643994331359863,-0.5094377398490906,-0.11362893879413605,0.13514424860477448,-0.15912576019763947,1.5381514717557225,-3.531611526967426,-0.669003813841418,-0.21902089333662916,-0.09486011489153018,-0.012779651711331129,-0.026469199,-1.1079491,0.65148574,-1.508154,-1.9497643,-0.78623873,-0.026469199,-1.1079491,0.65148574,-1.508154,-1.9497643,-0.78623873,-0.050592247396707535,-1.1103929281234741,0.6427696347236633,-1.5219064950942993,-1.9640949964523315,-0.7680180668830872,0.6030762,0.06109355,0.21790336,0.3438103,0.3582693,-0.45551634,-0.47635207,0.1761931443492404,0.0,0.00440482860873101,0.04882355034351349,0.024411775,97.6471,False,3,0.4664773168284777,0.016546385828871024,0.3003766407188862,0.5063121775203443,0.19539186994261717,0.11980739513502349,0.9997576927481956,0.005211062467206588,0.002546551954992135,0.021235181705543907,0.28960493,-0.09530228,0.28934506,0.4002600845553756,4.0938990423455834e-05,0.00011654799163807184,0.00048075900122057647,0.0004742110031656921,0.00017421599477529526,0.0001776389981387183,0.0018100019951816648,0.018060097994748503,0.019870099989930168,50.32687306590219,0
118,2.380089805010357,-0.04701072374452764,-1.1101051729968567,0.643684212361471,-1.5199153658798714,-1.9618504683123987,-0.7706850210772913,0.2169817090034485,-1.1281239986419678,-0.6340141892433167,-0.4010881185531616,-0.024031909182667732,-0.1883886456489563,0.2887495756149292,-0.8728089332580566,-0.4564584493637085,-0.09781311452388763,0.12307853251695633,-0.15136130154132843,1.4588958128152456,-3.928968567221228,-0.028616631079536825,-0.22810835208502206,-0.08787091194297048,-0.005822010627833857,-0.023222208,-1.1065161,0.6535443,-1.5059463,-1.9459455,-0.7896937,-0.023222208,-1.1065161,0.6535443,-1.5059463,-1.9459455,-0.7896937,-0.04701072350144386,-1.1101051568984985,0.6436842083930969,-1.5199153423309326,-1.9618505239486694,-0.7706850171089172,0.5947129,0.08972661,0.24650197,0.3492254,0.39762545,-0.4752178,-0.5042639,0.1468276202910337,0.0,0.0036706905072758423,0.04882355034351349,0.024411775,97.6471,False,3,0.46616843459979623,0.018720988381824365,0.29939932177240014,0.5063136045225617,0.19536553357823538,0.11982065360214922,0.9997567444024257,0.005474236589087721,0.0027689447194917437,0.02118431613243001,0.28960493,-0.09530228,0.28934506,0.4002361145251924,0.00012426699686329812,0.00012370999320410192,0.0005248500092420727,0.00022896500013303012,0.0001804870116757229,0.00011433599865995347,0.0016513989976374432,0.018111650002538227,0.01976304900017567,50.59947986725688,0
119,2.4000889700109838,-0.04351550737489873,-1.1098099213889618,0.6452272574054163,-1.5177509051612397,-1.9598601500140589,-0.7732728163348597,0.25764572620391846,-1.1753958463668823,-0.7274201512336731,-0.46077266335487366,0.001508120447397232,-0.2122878134250641,0.23926228284835815,-0.8816794753074646,-0.5083302855491638,-0.11763428896665573,0.1276143342256546,-0.15625891089439392,1.27492230996473,-3.329682228644001,-0.6532665872110772,-0.13785121110075543,-0.16153668951631733,0.1002253053832437,-0.019441435,-1.1059868,0.6546899,-1.503814,-1.9435128,-0.7923675,-0.019441435,-1.1059868,0.6546899,-1.503814,-1.9435128,-0.7923675,-0.04351550713181496,-1.1098098754882812,0.6452272534370422,-1.517750859260559,-1.9598602056503296,-0.7732728123664856,0.6018518,0.095576026,0.23656602,0.34842223,0.40868425,-0.47736815,-0.50881076,0.12235635024252807,0.0,0.003058908756063202,0.04882355034351349,0.024411775,97.6471,False,3,0.4657634345760198,0.02080185575525805,0.29818909233033825,0.5063488937043684,0.19534604016854004,0.1198875089804386,0.9997581045586907,0.005500201214560399,0.001948727648913718,0.02120599476151415,0.28960493,-0.09530228,0.28934506,0.4002127546183163,4.110699228476733e-05,0.00011094800720456988,0.000493910993100144,0.00022054500004742295,0.00018146699585486203,0.00014621000445913523,0.001554644011775963,0.01829192999866791,0.019846574010443874,50.386530162524245,0
120,2.4200897800037637,-0.04003316560854131,-1.1093332928470154,0.6467888990985315,-1.5157058511725445,-1.9579132238971155,-0.7757633368121546,0.2525365650653839,-1.2782485485076904,-0.8697858452796936,-0.48160234093666077,-0.02991252765059471,-0.2194867879152298,0.2316078543663025,-0.850334644317627,-0.5095023512840271,-0.11815677583217621,0.1383025050163269,-0.16183842718601227,1.146298106861994,-3.0199849077622565,-1.0198288685694081,-0.18190026783100627,-0.06980949727125149,-0.0004145034091247238,-0.015929038,-1.1052672,0.65630877,-1.5016587,-1.9414644,-0.7948521,-0.015929038,-1.1052672,0.65630877,-1.5016587,-1.9414644,-0.7948521,-0.040033165365457535,-1.1093332767486572,0.6467888951301575,-1.5157058238983154,-1.9579132795333862,-0.7757633328437805,0.6026032,0.101652235,0.23799686,0.35117877,0.4112207,-0.4772182,-0.5131841,0.10196362520210674,0.0,0.0025490906300526684,0.04882355034351349,0.024411775,97.6471,False,3,0.4653879516344547,0.02286341907664899,0.2969139180061931,0.506368786040262,0.1953400095877595,0.11983912434211917,0.9997594486702417,0.005503576036159923,0.002582025529917486,0.02107265771343938,0.28960493,-0.09530228,0.28934506,0.4002396376517801,3.974899300374091e-05,0.0001202040002681315,0.0006880489963805303,0.0002665919892024249,0.0001543460093671456,0.00011424299736972898,0.0017185829929076135,0.01812836099998094,0.019846943992888555,50.38559086770812,0
121,2.4400888010131894,-0.03656655946840459,-1.1088704627803345,0.6481931845294397,-1.5137739193490525,-1.955785099660055,-0.7783525625811976,0.23291346430778503,-1.271059274673462,-0.8107728362083435,-0.44690802693367004,0.02969646081328392,-0.17295461893081665,0.24654561281204224,-0.8584282994270325,-0.5110433101654053,-0.11636526137590408,0.14018747210502625,-0.16184686124324799,0.8485338203245448,-3.290950567842494,-0.8212111538395054,-0.20885718106555767,-0.08371553905494082,-0.0172669269059731,-0.012394892,-1.1045694,0.65764153,-1.4996628,-1.9391618,-0.7974838,-0.012394892,-1.1045694,0.65764153,-1.4996628,-1.9391618,-0.7974838,-0.036566559225320816,-1.108870506286621,0.6481931805610657,-1.5137739181518555,-1.9557851552963257,-0.7783525586128235,0.6042917,0.10752569,0.2362091,0.35277846,0.4155841,-0.47828045,-0.516875,0.08496968766842229,0.0,0.0021242421917105573,0.04882355034351349,0.024411775,97.6471,False,3,0.4650356064438431,0.02495433700474145,0.29570733150872186,0.5063307616998034,0.19533202932330593,0.11985346924924226,0.999760427650592,0.005262629384919021,0.0016676580605345939,0.021179058015218976,0.28960493,-0.09530228,0.28934506,0.40020717479760565,4.014300066046417e-05,0.00011759999324567616,0.00047472699952777475,0.000567672002944164,0.0002167899947380647,0.0001711209915811196,0.0019362150051165372,0.01791358200716786,0.019849797012284398,50.37834892624505,0
122,2.4600771660043392,-0.03317577043642217,-1.1084745687297364,0.6495421568499964,-1.5117660251310845,-1.953594986592428,-0.7809913794146937,0.2493916004896164,-1.2172808647155762,-0.7872487306594849,-0.4542945921421051,0.03078608773648739,-0.2227499932050705,0.2544429302215576,-0.8611475229263306,-0.5089429020881653,-0.1149231567978859,0.13808083534240723,-0.1601158231496811,1.4443259872107896,-3.484644880382794,-1.0151766427856228,-0.21584440686746875,-0.10263762200970133,-0.017632360077471244,-0.009007029,-1.1039455,0.6589634,-1.4975735,-1.9368436,-0.80015975,-0.009007029,-1.1039455,0.6589634,-1.4975735,-1.9368436,-0.80015975,-0.033175770193338394,-1.108474612236023,0.6495421528816223,-1.5117660760879517,-1.9535950422286987,-0.7809913754463196,0.60421854,0.11322742,0.23553042,0.3548149,0.4187864,-0.47920972,-0.52144605,0.07080807305701857,0.0,0.0017702018264254644,0.04882355034351349,0.024411775,97.6471,False,3,0.4646560253237949,0.02702257480603095,0.29453628833025425,0.5063542779546,0.1953587780071017,0.11985782465728309,0.9997589388020096,0.005008088818115395,0.0015974477787233418,0.021318644266311748,0.28960493,-0.09530228,0.28934506,0.4002374907062851,9.208300616592169e-05,0.0001169749884866178,0.0004700879944721237,0.000315290002617985,0.00020090999896638095,0.0006120619946159422,0.002160167001420632,0.01767827400180977,0.0198384410032304,50.407186725870474,0
123,2.480134387005819,-0.029773537312642873,-1.1080330175212403,0.6507862249957483,-1.5098744307509442,-1.9512704054461878,-0.7836702505694788,0.23909443616867065,-1.1421703100204468,-0.7639347910881042,-0.3823998272418976,0.01553364284336567,-0.2122792899608612,0.25919726490974426,-0.8662853240966797,-0.5101543664932251,-0.11510369926691055,0.1369805634021759,-0.15926657617092133,1.2564894976051808,-3.7244048181064366,-0.38023796767867024,-0.2167360929365259,-0.089641576898612,-0.011758102725866616,-0.005497018,-1.1032441,0.6601367,-1.4956017,-1.9343215,-0.80286944,-0.005497018,-1.1032441,0.6601367,-1.4956017,-1.9343215,-0.80286944,-0.029773537069559097,-1.1080330610275269,0.6507862210273743,-1.5098744630813599,-1.9512704610824585,-0.7836702466011047,0.606913,0.119725905,0.23376253,0.35682076,0.42372334,-0.47997907,-0.5263174,0.059006727547515486,0.0,0.0014751681886878872,0.04882355034351349,0.024411775,97.6471,False,3,0.46430256360206745,0.02912283271031786,0.29339181189324604,0.5063304328961691,0.19531748854304046,0.11989052245915255,0.999754785379317,0.0051857772319388986,0.0014374225095312733,0.02147922270948289,0.28960493,-0.09530228,0.28934506,0.40018074580077073,4.2997999116778374e-05,0.00011860899394378066,0.0005382770032156259,0.000297463993774727,0.0001512080052634701,0.00100811300217174,0.0025745449966052547,0.017327569003100507,0.01990211399970576,50.245918600143895,0
124,2.500134855014039,-0.026442829762594044,-1.1074166756919404,0.6521471182452601,-1.5079155203751107,-1.9489501158343714,-0.7863739172564905,0.24623334407806396,-1.2010605335235596,-0.7893027067184448,-0.3700038194656372,0.036473363637924194,-0.1980431228876114,0.2592429220676422,-0.8720627427101135,-0.5124545693397522,-0.11548993736505508,0.13649603724479675,-0.15905049443244934,1.213881395695071,-3.167365340551422,-0.5275347697407016,-0.20293460110498665,-0.08524895430133754,-0.022170700045194117,-0.005018698,-1.0986372,0.6470054,-1.4968102,-1.9260715,-0.80410916,-0.005018698,-1.0986372,0.6470054,-1.4968102,-1.9260715,-0.80410916,-0.02644282951951027,-1.1074166297912598,0.652147114276886,-1.5079154968261719,-1.948950171470642,-0.7863739132881165,0.5356033,0.21948646,-0.12854293,0.2776317,0.57196635,-0.44338048,-0.29125303,0.049172272956262905,0.0,0.0012293068239065726,0.0443136990070343,0.02215685,88.6274,False,0,0.4639416637314105,0.031187358617111235,0.2921168585334507,0.5063660564133086,0.19533410176982932,0.11984534836026632,0.9997579923836433,0.005441581401890748,0.002054705943397186,0.021216181925525678,0.28960493,-0.09530228,0.28934506,0.4002312333144432,4.12989902542904e-05,0.0001134870108217001,0.0005004159902455285,0.00027320199296809733,0.0001505330001236871,0.00011263501073699445,0.0015652360016247258,0.018284228004631586,0.019849464006256312,50.37919410241063,0
125,2.5201318050094415,-0.023083988820211232,-1.1066779655269166,0.6535962263690394,-1.5058294397643586,-1.9465964476214808,-0.7890427748309534,0.28155654668807983,-1.2177680730819702,-0.8508015871047974,-0.4316785931587219,0.04924442246556282,-0.23814533650875092,0.2606595456600189,-0.8765454888343811,-0.5153824090957642,-0.11631699651479721,0.1369643658399582,-0.15908411145210266,1.578271191767926,-3.2325901471383878,-1.1990895221447737,-0.21021961560764807,-0.11227626464333952,-0.020341025781597313,0.0025809892,-1.1001843,0.66080415,-1.4911855,-1.9266697,-0.8093294,0.0025809892,-1.1001843,0.66080415,-1.4911855,-1.9266697,-0.8093294,-0.023083988577127457,-1.1066780090332031,0.6535962224006653,-1.5058294534683228,-1.9465965032577515,-0.7890427708625793,0.64162445,0.16234349,0.18019794,0.3660982,0.49817088,-0.5071658,-0.49867135,0.040976894130219085,0.0,0.0010244223532554773,0.0443136990070343,0.02215685,88.6274,False,0,0.463555377588526,0.033271042336340664,0.29073348356375683,0.5063461438321679,0.19533260727909307,0.11987533273627786,0.9997575771911176,0.005803207827635272,0.0024527557966184245,0.021098223109994874,0.28960493,-0.09530228,0.28934506,0.4002066659597018,4.057299520354718e-05,0.00012058600259479135,0.0004613189958035946,0.00040033400000538677,0.0001550009910715744,0.00010909199772868305,0.0016298519913107157,0.018213635004940443,0.01984348699625116,50.39436870086999,0
126,2.540138451004168,-0.019733730946676076,-1.1058859688094635,0.6547449270831507,-1.5039183285883446,-1.9441164175616663,-0.7917082945453089,0.24516607820987701,-1.3107627630233765,-0.9353200197219849,-0.44876980781555176,0.050408873707056046,-0.221022829413414,0.20786312222480774,-0.8631591796875,-0.6098001003265381,-0.14082826673984528,0.15588416159152985,-0.15391001105308533,1.2121497205349034,-3.227179021881256,-1.6871573037295033,-0.2098159364015954,-0.11419782940340599,-0.005429483278722922,0.0060051847,-1.1001675,0.66082716,-1.4895228,-1.9253255,-0.81147504,0.0060051847,-1.1001675,0.66082716,-1.4895228,-1.9253255,-0.81147504,-0.0197337307035923,-1.1058859825134277,0.6547449231147766,-1.5039182901382446,-1.944116473197937,-0.7917082905769348,0.6434729,0.14296068,0.15205576,0.35988835,0.46977344,-0.49416935,-0.48373264,0.03414741177518257,0.0,0.0008536852943795644,0.0443136990070343,0.02215685,88.6274,False,0,0.463221071525107,0.03537569855384666,0.2894526944808956,0.5063453020839401,0.19535102182607547,0.11987437227939009,0.9997579335120262,0.005163225848531437,0.0016936633151105366,0.02132070071847214,0.28960493,-0.09530228,0.28934506,0.4002199898710807,4.101700324099511e-05,0.00011700799223035574,0.00046209400170482695,0.0003920720046153292,0.00023714300186838955,0.0001499049976700917,0.0017340140038868412,0.01812517199141439,0.019859185995301232,50.354531159363944,0
127,2.5601339290005853,-0.016493145619527638,-1.1049333673766633,0.6550233999835413,-1.5021573838642617,-1.9413307348834437,-0.7942894140826624,0.3182055950164795,-1.3136041164398193,-0.8180753588676453,-0.39478009939193726,0.042861007153987885,-0.2427060455083847,0.292227566242218,-0.853190541267395,-0.5080564618110657,-0.10999691486358643,0.14823375642299652,-0.16322998702526093,0.7690144130832279,-3.4001358186506345,-0.7199181965007437,-0.19648866034408327,-0.07760119513968769,-0.0038040648000827668,0.00892118,-1.0989392,0.6616012,-1.4876105,-1.9225787,-0.81404555,0.00892118,-1.0989392,0.6616012,-1.4876105,-1.9225787,-0.81404555,-0.016493145376443863,-1.1049333810806274,0.6550233960151672,-1.5021573305130005,-1.9413307905197144,-0.7942894101142883,0.63535815,0.14985417,0.16444476,0.36367282,0.46880257,-0.49390298,-0.48927417,0.028456176479318817,0.0,0.0007114044119829704,0.0443136990070343,0.02215685,88.6274,False,0,0.4630066856670031,0.03749376317292557,0.2884071024405012,0.5063658615169828,0.1953464838547879,0.11984080942335898,0.9997584509647094,0.005502314137947804,0.002559777622940959,0.021125109512053243,0.28960493,-0.09530228,0.28934506,0.400242041604914,3.9965001633390784e-05,0.0001294089888688177,0.0004747869970742613,0.0003055440029129386,0.00015539801097474992,0.0001538969954708591,0.0015817129897186533,0.018265225997311063,0.019846938987029716,50.38560357612403,0
128,2.580134261006606,-0.013076130543844044,-1.1040882033160706,0.6553710142718714,-1.5003234830549737,-1.9384625593768519,-0.7970579306231897,0.3308546245098114,-1.1877281665802002,-0.7652415037155151,-0.3009060025215149,0.06297719478607178,-0.23658722639083862,0.29580914974212646,-0.8941748142242432,-0.5007335543632507,-0.10915117710828781,0.13637948036193848,-0.16277088224887848,0.8263641054469456,-2.8926515840375093,-0.1042131155757442,-0.1942479885061949,-0.0715978142098514,-0.015612395613597663,0.01257558,-1.0976837,0.6617223,-1.4857202,-1.9192743,-0.81691724,0.01257558,-1.0976837,0.6617223,-1.4857202,-1.9192743,-0.81691724,-0.01307613030076027,-1.1040881872177124,0.6553710103034973,-1.5003235340118408,-1.9384626150131226,-0.7970579266548157,0.64129275,0.1601129,0.15878198,0.36508328,0.47970775,-0.49648294,-0.49754295,0.02371348039943235,0.0,0.0005928370099858088,0.0443136990070343,0.02215685,88.6274,False,0,0.46274252668260396,0.03971181845586505,0.28737081777053464,0.506339264421516,0.19532672983954755,0.11989893705826521,0.9997561699743769,0.005250384811617477,0.0014256485447344946,0.021400685194516253,0.28960493,-0.09530228,0.28934506,0.40018867700158056,4.066999827045947e-05,0.00011966400779783726,0.0005102790019009262,0.00030429499747697264,0.00014750700211152434,0.00013355500414036214,0.0015948919899528846,0.018251888002851047,0.01984677999280393,50.38600721943717,0
129,2.6001362620008877,-0.009548966084615529,-1.1032151144794007,0.6561492125140589,-1.4982880738428612,-1.9357159773456019,-0.7998455206500452,0.31304672360420227,-1.1979016065597534,-0.798916757106781,-0.3868822753429413,0.03772658482193947,-0.20656509697437286,0.27162647247314453,-0.8852854371070862,-0.5078369975090027,-0.11304770410060883,0.13559594750404358,-0.16015572845935822,1.515253645675012,-2.8115170879225255,-0.841807190082196,-0.1860404759701133,-0.09454208666198831,-0.021533789194818426,0.016323183,-1.0964679,0.6623497,-1.483628,-1.9161845,-0.8197527,0.016323183,-1.0964679,0.6623497,-1.483628,-1.9161845,-0.8197527,-0.009548965841531754,-1.1032150983810425,0.6561492085456848,-1.4982880353927612,-1.9357160329818726,-0.7998455166816711,0.64680374,0.16868113,0.15501286,0.36649898,0.4882881,-0.4976797,-0.5055399,0.019761233666193624,0.0,0.0004940308416548407,0.0443136990070343,0.02215685,88.6274,False,0,0.46238860628234446,0.0419539213999039,0.2861497992282336,0.5063336968723817,0.1953480747550731,0.11987896928647367,0.999754254689142,0.005636559211946673,0.0022659376294174452,0.02132080525122507,0.28960493,-0.09530228,0.28934506,0.4002096182671442,3.929900412913412e-05,0.0001078710047295317,0.0004822120099561289,0.00039303100493270904,0.00017268600640818477,0.0001113600010285154,0.0016573280008742586,0.01819617000001017,0.01985349800088443,50.3689576494506,0
130,2.6201349750044756,-0.005947415028707326,-1.102326051597931,0.6570747534381312,-1.4962696221521874,-1.9330466429339808,-0.8025935331927698,0.2443622201681137,-1.2230315208435059,-0.7798488140106201,-0.3589787185192108,0.03794863820075989,-0.19677266478538513,0.26483452320098877,-0.8808258771896362,-0.5181421637535095,-0.11588327586650848,0.13932552933692932,-0.16005755960941315,1.1156125726189667,-3.291819683516604,-0.531906530077219,-0.1918678939199195,-0.08701076133745163,-0.012595141147036134,0.020015527,-1.0951136,0.6632333,-1.4815197,-1.9131988,-0.8224852,0.020015527,-1.0951136,0.6632333,-1.4815197,-1.9131988,-0.8224852,-0.005947415251284838,-1.1023260354995728,0.6570747494697571,-1.4962695837020874,-1.9330466985702515,-0.8025935292243958,0.64907354,0.18031053,0.1539632,0.36874738,0.49619538,-0.49729133,-0.51117736,0.016467694721828022,0.0,0.0004116923680457006,0.0443136990070343,0.02215685,88.6274,False,0,0.4620065101391713,0.04421197817420946,0.28488125225392946,0.5063412530823664,0.1953439299141534,0.11988055991573246,0.9997563822703919,0.005474054233359435,0.001816443537047963,0.02130399774975673,0.28960493,-0.09530228,0.28934506,0.40021002662612604,4.0574988815933466e-05,0.0001127540017478168,0.0004613639903254807,0.00029833799635525793,0.0001541210076538846,0.00010378200386185199,0.0015076969866640866,0.01834359900385607,0.019851295990520157,50.37454483966905,0
131,2.6401300910074497,-0.0023034254657190445,-1.1013850432685395,0.6580007711993616,-1.4941362303546448,-1.9303625265704554,-0.8054044882403772,0.23936037719249725,-1.297899603843689,-0.7976421117782593,-0.4154523015022278,0.031377945095300674,-0.17793434858322144,0.2646183967590332,-0.8768379092216492,-0.5219085812568665,-0.1164885014295578,0.1419496387243271,-0.16021426022052765,1.1481114669986745,-3.242517450037189,-1.015747087940396,-0.201167528469698,-0.0982871537224564,-0.015283548521387996,0.023807412,-1.0938681,0.6639729,-1.4793776,-1.9102224,-0.825347,0.023807412,-1.0938681,0.6639729,-1.4793776,-1.9102224,-0.825347,-0.002303425455465913,-1.1013849973678589,0.6580007672309875,-1.4941362142562866,-1.930362582206726,-0.8054044842720032,0.65277094,0.18792067,0.14930376,0.3689637,0.5035049,-0.49856335,-0.5177471,0.013723078934856685,0.0,0.00034307697337141715,0.0443136990070343,0.02215685,88.6274,False,0,0.46159387059660884,0.046491331698902245,0.28357210554189727,0.5063780905400062,0.19531404056086415,0.11987514476863928,0.9997560882647021,0.005662733465776171,0.002177082621210229,0.021235140154084464,0.28960493,-0.09530228,0.28934506,0.40021056535020805,3.916499554179609e-05,0.00011933701171074063,0.0004804579948540777,0.0003271389869041741,0.00018755299970507622,0.000126315004308708,0.0016346030024578795,0.018214823998278007,0.019849427000735886,50.379288024935256,0
132,2.6601298010064056,0.0012597477762028575,-1.1004362267306824,0.6588800589190882,-1.4920769047788163,-1.9276536146747034,-0.8081954161273401,0.2759069800376892,-1.2668057680130005,-0.8025227189064026,-0.4435071051120758,0.031016362830996513,-0.19018982350826263,0.26383498311042786,-0.8715468049049377,-0.5207301378250122,-0.11589211970567703,0.14306753873825073,-0.15988777577877045,0.9381223568107832,-3.1638740759920623,-1.0085470916957198,-0.20549476671158506,-0.08070263696168678,-0.015517807092039232,0.021489754,-1.0766485,0.6421273,-1.4874636,-1.8916287,-0.806468,0.021489754,-1.0766485,0.6421273,-1.4874636,-1.8916287,-0.806468,0.0012597477762028575,-1.1004362106323242,0.6588800549507141,-1.4920768737792969,-1.9276536703109741,-0.8081954121589661,0.5057502,0.5946935,-0.41881976,0.11533055,0.9006245,0.043184735,0.09324439,0.02386848427231811,0.001864887773990631,0.0005967121068079528,0.029999999329447746,0.015,60.0,False,0,0.4611881069798748,0.048737114652231885,0.28228871958262297,0.506302143697289,0.19535910932708145,0.11986033639263427,0.9997613192091358,0.005134938716477012,0.0016311842657834358,0.021173035564989853,0.28960493,-0.09530228,0.28934506,0.4002084366282294,4.5648994273506105e-05,0.00011645500489976257,0.0005337970069376752,0.000343422987498343,0.00017207198834512383,0.00012309299199841917,0.001727562994346954,0.018092126003466547,0.0198196889978135,50.45487848524362,0
133,2.6800821070064558,0.004870597273111343,-1.0994677406600495,0.6597188154803675,-1.4901051831296463,-1.924894158040182,-0.8109629789935511,0.31392979621887207,-1.28220534324646,-0.780092716217041,-0.4049910008907318,0.05242406949400902,-0.2027067393064499,0.2650277614593506,-0.8723163604736328,-0.5227783918380737,-0.11585404723882675,0.14359541237354279,-0.16001054644584656,0.8317270687217194,-3.0592445798483587,-0.33284983848192784,-0.18750807060949523,-0.08159702281996398,-0.017818917728763473,0.03437775,-1.0879861,0.6614717,-1.4741431,-1.8992221,-0.8315952,0.03437775,-1.0879861,0.6614717,-1.4741431,-1.8992221,-0.8315952,0.004870597273111343,-1.0994677543640137,0.6597188115119934,-1.490105152130127,-1.9248942136764526,-0.810962975025177,0.7376788,0.28704146,0.04382286,0.399051,0.64180136,-0.5158052,-0.3813251,0.019890403560265096,0.0,0.0004972600890066274,0.029999999329447746,0.015,60.0,False,0,0.4607875765400133,0.051014494171931005,0.28102347793256904,0.5063297488500657,0.19537315532866223,0.11988648893224958,0.9997626845500486,0.005384886252514958,0.0016749217379925963,0.021042902059490654,0.28960493,-0.09530228,0.28934506,0.4002225114356442,4.227699537295848e-05,0.000123231002362445,0.0005442999972729012,0.0003299970121588558,0.00018475700926501304,0.00012944699847139418,0.0018121580069418997,0.01798779699311126,0.01979995500005316,50.50516528938147,0
134,2.7000806140131317,0.008402219973504543,-1.0983245831779023,0.6603401342975062,-1.4880074274590989,-1.9219582716571253,-0.8135207335101526,0.22345271706581116,-1.0359952449798584,-1.092902660369873,-0.5307706594467163,0.156877800822258,-0.08601313084363937,0.13733398914337158,-0.6398382782936096,-0.7453786730766296,-0.15397264063358307,0.19809620082378387,-0.08351900428533554,2.407841269143905,-2.918232116329479,-1.1942178016717815,-0.19264312176293594,-0.1373646263663585,-0.031355980862692326,0.036382444,-1.0884713,0.6610714,-1.4732924,-1.8979944,-0.83276594,0.036382444,-1.0884713,0.6610714,-1.4732924,-1.8979944,-0.83276594,0.008402219973504543,-1.0983245372772217,0.6603401303291321,-1.4880074262619019,-1.921958327293396,-0.8135207295417786,0.6995056,0.24633032,0.018281944,0.36787707,0.5990976,-0.48113087,-0.33791387,0.016575336300220914,0.0,0.00041438340750552286,0.029999999329447746,0.015,60.0,False,0,0.46039951685862734,0.053293204523752045,0.27972353363915825,0.5063223055278256,0.19533414188086146,0.11988201027028393,0.9997588517241319,0.005324155120381646,0.001642452809626594,0.021242168638971354,0.28960493,-0.09530228,0.28934506,0.40019204308155026,4.0722996345721185e-05,0.00011605500185396522,0.0004694070084951818,0.0004277160041965544,0.00019126100232824683,0.00010548900172580034,0.0016885689983610064,0.01816124201286584,0.019849811011226848,50.378313397261586,0
135,2.7200864410115173,0.01183205097913742,-1.0961291652968903,0.6596468130694788,-1.48670797914777,-1.917945686970846,-0.8148482481585901,0.2511636018753052,-1.1710615158081055,-1.3131223917007446,-0.40736207365989685,0.04126112163066864,-0.2399446964263916,0.3513401746749878,-0.8791006207466125,-1.013637900352478,-0.107396200299263,0.16337460279464722,-0.16765764355659485,1.5181750752194858,-3.2083705466408814,-0.5144692434685075,-0.20035007097653534,-0.09205232643838202,-0.02643167073942865,0.039195776,-1.0860633,0.6615567,-1.4717722,-1.8940723,-0.83417803,0.039195776,-1.0860633,0.6615567,-1.4717722,-1.8940723,-0.83417803,0.01183205097913742,-1.0961291790008545,0.6596468091011047,-1.4867079257965088,-1.9179457426071167,-0.8148482441902161,0.6840931,0.25164863,0.04774821,0.37339255,0.5968358,-0.48324513,-0.3514425,0.013812780250184094,0.0,0.0003453195062546024,0.029999999329447746,0.015,60.0,False,0,0.46042429224798137,0.055768698197632034,0.27844468685749607,0.5063684635071012,0.1953549118318212,0.11988999733888069,0.9997626099725389,0.005224555935612223,0.0015028933149818678,0.021098578954437175,0.28960493,-0.09530228,0.28934506,0.4002287426284639,4.07129991799593e-05,0.00011547699978109449,0.0005341850046534091,0.0002969409979414195,0.00017465600103605539,0.0001678380067460239,0.0017442109965486452,0.01807806800934486,0.019822279005893506,50.44828597673773,0
136,2.7400895050086547,0.015418939292430878,-1.0941675466350098,0.6590254942523401,-1.4851482224515458,-1.9139884153949183,-0.8166735808001917,0.356499046087265,-1.2317547798156738,-1.2676461935043335,-0.3435450792312622,0.046856217086315155,-0.27527785301208496,0.3237943947315216,-0.9853567481040955,-1.0001428127288818,-0.10626877844333649,0.13493086397647858,-0.18783053755760193,0.22698285906637816,-2.9866556816584056,0.6839128913344505,-0.1716522732553019,-0.05647941004549341,-0.012536864559224713,0.04336863,-1.0834613,0.6605515,-1.4702967,-1.8894757,-0.8360355,0.04336863,-1.0834613,0.6605515,-1.4702967,-1.8894757,-0.8360355,0.015418939292430878,-1.0941675901412964,0.6590254902839661,-1.4851481914520264,-1.913988471031189,-0.8166735768318176,0.69874233,0.26765695,0.038149387,0.3712856,0.612818,-0.48404774,-0.3659991,0.011510650208486746,0.0,0.0002877662552121687,0.029999999329447746,0.015,60.0,False,0,0.4603389665902683,0.05830485936196216,0.27721488532041216,0.5063608829714676,0.1953093190697628,0.11990317349193784,0.9997620835808726,0.005219371011133238,0.0013199687328041543,0.02113647693542179,0.28960493,-0.09530228,0.28934506,0.4001859481650692,4.8326997784897685e-05,0.0001305839978158474,0.000530492005054839,0.000573972996789962,0.0002007529983529821,0.00012999300088267773,0.0019559990032576025,0.017888171001686715,0.019844170004944317,50.39263419688719,0
137,2.7600872190087102,0.01915084570646286,-1.0922866028598328,0.6590808073626917,-1.4829751563123246,-1.9103387037860315,-0.8191240469561976,0.3479381799697876,-1.3721657991409302,-1.1149556636810303,-0.4583330750465393,0.03563618287444115,-0.256447434425354,0.279416024684906,-0.9407532811164856,-0.7247965335845947,-0.1129312664270401,0.1375218778848648,-0.1714041829109192,0.6827162498063059,-2.225765631692025,-1.3498513914676202,-0.16102870094850874,-0.0843022680944376,-0.018435950353053218,0.047440544,-1.0809427,0.6603442,-1.4682571,-1.8852328,-0.8384902,0.047440544,-1.0809427,0.6603442,-1.4682571,-1.8852328,-0.8384902,0.01915084570646286,-1.0922865867614746,0.6590808033943176,-1.4829751253128052,-1.9103387594223022,-0.8191240429878235,0.7072424,0.28359577,0.03158438,0.36795053,0.62764865,-0.48415384,-0.3811997,0.009592208507072288,0.0,0.00023980521267680723,0.029999999329447746,0.015,60.0,False,0,0.4600365414974725,0.06083656313014158,0.27571672057106367,0.5063605446707967,0.1953437457962451,0.11986347393315346,0.9997527664973541,0.005252163350013055,0.0018224427380183908,0.02152998248821883,0.28960493,-0.09530228,0.28934506,0.4002275757122774,4.0888990042731166e-05,0.00012874999083578587,0.0005233819974819198,0.000373672999558039,0.00022212999465409666,0.00016658499953337014,0.0018113359983544797,0.018038964000879787,0.019850299999234267,50.37707238875863,0
138,2.780136470013531,0.02314085140824318,-1.0907953840545197,0.6592381636248987,-1.4809042078307648,-1.9068568388568323,-0.8217914740191858,0.2552263140678406,-1.3099124431610107,-0.9884089827537537,-0.4608559310436249,0.028095051646232605,-0.28806984424591064,0.27000293135643005,-0.8994638919830322,-0.5297501087188721,-0.11689917743206024,0.14626289904117584,-0.16237574815750122,1.1178845250682619,-3.1756888497039903,-1.4272382760948232,-0.2075206199430373,-0.09768320470866818,-0.015597377765918245,0.051408775,-1.0784488,0.6607693,-1.4661075,-1.8811578,-0.8409129,0.051408775,-1.0784488,0.6607693,-1.4661075,-1.8811578,-0.8409129,0.02314085140824318,-1.0907953977584839,0.6592381596565247,-1.480904221534729,-1.906856894493103,-0.8217914700508118,0.70669806,0.3086651,0.038278718,0.36991858,0.6424777,-0.47803524,-0.38865083,0.007993507089226908,0.0,0.0001998376772306727,0.029999999329447746,0.015,60.0,False,0,0.45965610613536967,0.06344778734543555,0.27439485490265303,0.5063612723931527,0.19534310233868354,0.11985089697948106,0.9997533593819048,0.00534883674994008,0.0017776866410813556,0.021481565927809598,0.28960493,-0.09530228,0.28934506,0.40023282859194137,4.21860022470355e-05,0.00012099299055989832,0.0004967669956386089,0.00034478900488466024,0.00018893300148192793,0.0004982919926987961,0.002040917010162957,0.017855072001111694,0.01989598901127465,50.261386826928806,0
139,2.8001350830018055,0.027222078293561935,-1.0894200068763276,0.6592863241778772,-1.4789264139584084,-1.903497044240133,-0.8244994322406214,0.2124410718679428,-1.2165464162826538,-0.8150603771209717,-0.3726412355899811,0.04103399068117142,-0.26873740553855896,0.26826024055480957,-0.8714703917503357,-0.5299682021141052,-0.11674581468105316,0.15189652144908905,-0.15920467674732208,0.9359733128414804,-3.5549244628438856,-0.06694299747728527,-0.1964888154702133,-0.07404371175801297,-0.0017968183966963203,0.050118614,-1.0634688,0.63990146,-1.481235,-1.8652786,-0.8187697,0.050118614,-1.0634688,0.63990146,-1.481235,-1.8652786,-0.8187697,0.027222078293561935,-1.089419960975647,0.6592863202095032,-1.478926420211792,-1.9034970998764038,-0.8244994282722473,0.5724134,0.64877784,-0.48462224,-0.057714593,0.9554634,0.14324369,0.08080101,0.017434723925267213,0.0016160202026367187,0.00043586809813168036,0.015882350504398346,0.007941175,31.7647,False,0,0.4592614013116645,0.06607254573378785,0.2731913631518119,0.5063240673820647,0.1953410007463657,0.11988061267666873,0.9997572566497602,0.005582175334397129,0.0020498355531048647,0.021215550140284933,0.28960493,-0.09530228,0.28934506,0.4001985702121886,4.123299731872976e-05,0.00014083199494052678,0.0004628690076060593,0.0004021479981020093,0.00017173100786749274,0.00013132300227880478,0.001921053000842221,0.01792615099111572,0.01984720399195794,50.38493081469806,0
140,2.8201238800102146,0.031149474903941154,-1.0879889887622376,0.6594775358783167,-1.476807416682579,-1.9000776449786585,-0.8272665182696741,0.2290773093700409,-1.1457140445709229,-0.7964853048324585,-0.39986568689346313,0.04084750637412071,-0.21275974810123444,0.2657778859138489,-0.8553598523139954,-0.5238879919052124,-0.11480309814214706,0.15450741350650787,-0.15781760215759277,1.590576505748384,-2.9507021180687456,-0.39622306374893745,-0.17274370424729302,-0.08589590455865877,-0.01422364198203058,0.060824595,-1.0724657,0.65969706,-1.4630584,-1.870988,-0.8430675,0.060824595,-1.0724657,0.65969706,-1.4630584,-1.870988,-0.8430675,0.031149474903941154,-1.0879889726638794,0.6594775319099426,-1.4768074750900269,-1.9000777006149292,-0.8272665143013,0.741878,0.38808182,0.005487466,0.34372678,0.72724146,-0.39502522,-0.25371444,0.014528936604389347,0.0,0.00036322341510973367,0.015882350504398346,0.007941175,31.7647,False,0,0.45882659444485474,0.06863764759549422,0.2718897957979358,0.5063288618440727,0.19538561354084116,0.1198774245393129,0.9997632694539882,0.0052830825098589065,0.0013881409532549994,0.021062336270268923,0.28960493,-0.09530228,0.28934506,0.4002349173873607,3.8332000258378685e-05,0.00011617899872362614,0.0006151060078991577,0.0003114540013484657,0.00015293899923563004,0.0001093079918064177,0.001679482011240907,0.018158492996008135,0.019837975007249042,50.40837079563754,0
141,2.840084179013502,0.03492111340165138,-1.086086170082428,0.6594741980182093,-1.4748316419175644,-1.896376911793844,-0.8297436873065394,0.24263203144073486,-1.031995415687561,-1.290600061416626,-0.5645102858543396,0.09781243652105331,-0.0917581096291542,0.15585938096046448,-0.6891481280326843,-1.0987306833267212,-0.1848144680261612,0.19576743245124817,-0.0702798143029213,2.328345642841547,-2.4005603852990034,-1.285882927394236,-0.17277544973171696,-0.13027620364155695,-0.027000591820185587,0.06245897,-1.0709375,0.660965,-1.4619236,-1.8674315,-0.84375834,0.06245897,-1.0709375,0.660965,-1.4619236,-1.8674315,-0.84375834,0.03492111340165138,-1.0860861539840698,0.6594741940498352,-1.4748317003250122,-1.8963769674301147,-0.8297436833381653,0.68844646,0.37871656,0.037270695,0.32270196,0.72363585,-0.35036653,-0.22322275,0.012107447170324456,0.0,0.00030268617925811143,0.015882350504398346,0.007941175,31.7647,False,0,0.4584901799323511,0.07119659694352636,0.2704439138236916,0.5063739077004645,0.19533523384482745,0.11986428750828014,0.9997557493738038,0.0049945111413981945,0.0014242579126731894,0.02148065871017935,0.28960493,-0.09530228,0.28934506,0.40022828727357274,4.5042994315735996e-05,0.00014666399511042982,0.0007290070061571896,0.00026915600756183267,0.00018184699001722038,0.0001640050031710416,0.0019489989936118945,0.01779725700907875,0.019746256002690643,50.642511667211195,0
142,2.8600810920033837,0.038552798330783844,-1.083325521355011,0.6584456602679651,-1.4740661916187783,-1.891897980366842,-0.830698315297262,0.3422974646091461,-1.2202945947647095,-1.3880630731582642,-0.3635765016078949,0.07840089499950409,-0.234143927693367,0.31926169991493225,-0.87078857421875,-1.0027257204055786,-0.11041858792304993,0.16446273028850555,-0.15316994488239288,0.5816788240073357,-2.821854908780201,-0.4788952891343584,-0.17290639289911772,-0.07412654876436359,-0.01693850049024766,0.06568095,-1.0676031,0.6610133,-1.4608655,-1.8625616,-0.8445813,0.06568095,-1.0676031,0.6610133,-1.4608655,-1.8625616,-0.8445813,0.038552798330783844,-1.0833255052566528,0.6584456562995911,-1.474066138267517,-1.8918980360031128,-0.8306983113288879,0.6782038,0.39306098,0.06419169,0.33001664,0.7334121,-0.34707507,-0.2371225,0.010089539308603715,0.0,0.0002522384827150929,0.015882350504398346,0.007941175,31.7647,False,0,0.45858271379551924,0.07388275839107504,0.2690917631831461,0.5063220172433454,0.19528685170928825,0.11987708237319168,0.9997572142328427,0.0052498241823219416,0.001697815350703037,0.021331901389169274,0.28960493,-0.09530228,0.28934506,0.4001596310908153,4.677200922742486e-05,0.00014317799650598317,0.0005682540067937225,0.0003342379932291806,0.00019785000768024474,0.00011843799438793212,0.001773073003278114,0.018031788989901543,0.019804861993179657,50.49265177128612,0
143,2.8800882770010503,0.04237079992890358,-1.080796257858612,0.6575215498553675,-1.472936325972416,-1.8874419371234339,-0.8319137732135218,0.3485962748527527,-1.2128949165344238,-1.303478717803955,-0.2987162470817566,0.09411685168743134,-0.22930419445037842,0.28316187858581543,-0.9310340881347656,-0.9657472372055054,-0.09270346164703369,0.1465698927640915,-0.17715786397457123,0.05479701024217665,-3.0862422160254965,0.28643863264251435,-0.16451421990991294,-0.04960342367473604,-0.008417259122165559,0.069714524,-1.0644026,0.6594876,-1.4605381,-1.8574563,-0.8458918,0.069714524,-1.0644026,0.6594876,-1.4605381,-1.8574563,-0.8458918,0.04237079992890358,-1.080796241760254,0.6575215458869934,-1.4729362726211548,-1.8874419927597046,-0.8319137692451477,0.6835931,0.40984154,0.049151614,0.30995196,0.74964225,-0.3494497,-0.26239383,0.008407949423836429,0.0,0.00021019873559591074,0.015882350504398346,0.007941175,31.7647,False,0,0.4585366907089841,0.07664761449670339,0.2677591635867116,0.5063277616561509,0.19534611756971657,0.11982521080924873,0.9997588425678597,0.005234528094730834,0.002244924690213112,0.021207542456155415,0.28960493,-0.09530228,0.28934506,0.40022774964098123,4.01639990741387e-05,0.00012612900172825903,0.0005578080017585307,0.00025776299298740923,0.00016971600416582078,0.00010216599912382662,0.0015924720064504072,0.01822530198842287,0.019817773994873278,50.459753969274914,0
144,2.9000954830116825,0.04579224810004234,-1.0786320132068177,0.6573808828936976,-1.4713101548007508,-1.8836196104632776,-0.8334716002093714,0.33834484219551086,-1.3463422060012817,-1.079352617263794,-0.3899839520454407,0.12640123069286346,-0.173476904630661,0.25858980417251587,-0.8985565900802612,-0.6818468570709229,-0.1042860895395279,0.1514720320701599,-0.16340585052967072,0.5152178384983515,-2.54793996841013,-0.43288044667889664,-0.1578613369898694,-0.05560223738022418,-0.016681350874336358,0.07325028,-1.0615308,0.65865254,-1.4597119,-1.8530874,-0.84737396,0.07325028,-1.0615308,0.65865254,-1.4597119,-1.8530874,-0.84737396,0.04579224810004234,-1.0786319971084595,0.6573808789253235,-1.4713101387023926,-1.8836196660995483,-0.8334715962409973,0.68645084,0.42752817,0.03179228,0.28995502,0.76330507,-0.34755912,-0.28203034,0.007006624519863691,0.0,0.00017516561299659228,0.015882350504398346,0.007941175,31.7647,False,0,0.4582807945560705,0.07907927820342453,0.26629560947006525,0.5062691828827542,0.1953958028576872,0.1197582910805437,0.9997535761194708,0.0053763096598776865,0.003319028792527485,0.0212811889635417,0.28960493,-0.09530228,0.28934506,0.40026046718150793,0.0001669509947532788,0.00011974999506492168,0.0005287219973979518,0.00026195398822892457,0.00017490399477537721,0.00012208100815769285,0.0019730680069187656,0.01787189400056377,0.019844962007482536,50.39062305198419,0
145,2.9203636270103743,0.04972884804010391,-1.0764582318118592,0.6576426664935511,-1.469541275208332,-1.8793800512896937,-0.8354166189776819,0.21908579766750336,-1.2102257013320923,-0.9625898599624634,-0.42378273606300354,0.060011669993400574,-0.19647589325904846,0.2588735520839691,-0.8857791423797607,-0.5207844972610474,-0.11653906852006912,0.157260000705719,-0.1566976010799408,1.532363819444731,-3.03346024540929,-1.134637005366234,-0.18936475510492287,-0.10129135417275881,-0.018057593036191606,0.077009514,-1.0585806,0.658719,-1.4585361,-1.8483057,-0.8491021,0.077009514,-1.0585806,0.658719,-1.4585361,-1.8483057,-0.8491021,0.04972884804010391,-1.076458215713501,0.657642662525177,-1.469541311264038,-1.8793801069259644,-0.8354166150093079,0.6820167,0.44693947,0.026908591,0.2751276,0.77686024,-0.34213665,-0.29884636,0.005838853766553076,0.0,0.00014597134416382692,0.015882350504398346,0.007941175,31.7647,False,0,0.45790314719441966,0.08183805894092464,0.2646419921830092,0.5060980037454231,0.19536608143265394,0.11963035823556575,0.9997299223352301,0.005209276152030749,0.004470300536158231,0.022202579982701788,0.28960493,-0.09530228,0.28934506,0.4002004783280187,5.9807003708556294e-05,0.00014145299792289734,0.0005593609967036173,0.0003181270003551617,0.00019504400552250445,0.0001417299936292693,0.0018152929987991229,0.018266690007294528,0.02008198300609365,49.79587920657842,0
146,2.9400835010019364,0.05401034653186798,-1.074025736456253,0.6577799955951136,-1.4677496936968346,-1.8748682180987757,-0.8375657240497034,0.21801969408988953,-1.120624303817749,-0.8177441954612732,-0.2894579768180847,0.09249113500118256,-0.2086770385503769,0.25453197956085205,-0.8808216452598572,-0.5381564497947693,-0.1252923458814621,0.15955331921577454,-0.1527133733034134,0.46066694018126725,-3.6244507147769744,0.2723042828774893,-0.20039230183423484,-0.04402700246547175,-0.03966697782472853,0.081091054,-1.0555258,0.65854347,-1.4573295,-1.8434193,-0.85110646,0.081091054,-1.0555258,0.65854347,-1.4573295,-1.8434193,-0.85110646,0.05401034653186798,-1.0740257501602173,0.6577799916267395,-1.4677497148513794,-1.8748682737350464,-0.8375657200813293,0.6770177,0.46249995,0.019086327,0.26050642,0.7862251,-0.33851838,-0.31437182,0.004865711472127564,0.0,0.0001216427868031891,0.015882350504398346,0.007941175,31.7647,False,0,0.45751341181844973,0.08481757391496766,0.26289499630660806,0.5060136855329159,0.19542951380000195,0.11970728568291239,0.9997145795465684,0.005822543942638341,0.003937924948634958,0.022831831024895142,0.28960493,-0.09530228,0.28934506,0.4001683338478333,4.334800178185105e-05,0.00014448699948843569,0.000636476994259283,0.0004057080077473074,0.00017671000387053937,0.0001331999956164509,0.002006715993047692,0.017511708996607922,0.019518424989655614,51.23364208587427,0
147,2.960085817001527,0.05776192247867584,-1.0716692966273804,0.6580713430987757,-1.4659138929894944,-1.870737377797262,-0.8395617643939417,0.28076469898223877,-1.2499665021896362,-0.8638795614242554,-0.41193145513534546,0.07586467266082764,-0.19497892260551453,0.2553673982620239,-0.8775043487548828,-0.5394845008850098,-0.12625697255134583,0.16149598360061646,-0.15164794027805328,1.1996670682845942,-3.1354690404243555,-0.25031137678949356,-0.18796925551538685,-0.0927555927356442,-0.017037038362426326,0.08261785,-1.0433295,0.63389915,-1.4795341,-1.8314145,-0.8291346,0.08261785,-1.0433295,0.63389915,-1.4795341,-1.8314145,-0.8291346,0.05776192247867584,-1.071669340133667,0.6580713391304016,-1.4659138917922974,-1.8707374334335327,-0.8395617604255676,0.6213982,0.70849574,-0.60430443,-0.3405051,0.9830733,0.26068008,0.018014953,0.006456753232159322,0.0003602990508079529,0.00016141883080398307,0.0017647050553932786,0.0008823525,3.52941,False,0,0.4571080906528282,0.08746537168348811,0.26115409266403944,0.506407882350614,0.1953003655132331,0.11986264376090756,0.9997629359282325,0.005299648831010313,0.001548805592533561,0.02106212820947847,0.28960493,-0.09530228,0.28934506,0.40022206671286464,4.479799827095121e-05,0.00013278400001581758,0.0007066840043989941,0.00030778400832787156,0.00021073200332466513,0.00011753498984035105,0.0019016720034414902,0.017905450993566774,0.019807122997008264,50.4868879822195,0
148,2.980117370010703,0.06116700544953346,-1.0693732065013428,0.6582863966571253,-1.4645235326937218,-1.8668831030475062,-0.841285530720846,0.30037984251976013,-1.2865138053894043,-0.8704856038093567,-0.39315399527549744,0.07008714973926544,-0.1897640973329544,0.262707382440567,-0.8770647048950195,-0.5836649537086487,-0.1259181648492813,0.1638491153717041,-0.15232162177562714,0.9669919987781341,-2.644110035835246,-0.6359003069351439,-0.16767273973916924,-0.08533269865392401,-0.021074285392627925,0.08869525,-1.0487124,0.655086,-1.4594414,-1.8332638,-0.84873456,0.08869525,-1.0487124,0.655086,-1.4594414,-1.8332638,-0.84873456,0.06116700544953346,-1.0693732500076294,0.6582863926887512,-1.4645235538482666,-1.8668831586837769,-0.8412855267524719,0.6882062,0.5165232,-0.080010004,0.12705234,0.8404863,-0.18622525,-0.19705036,0.005380627693466102,0.0,0.00013451569233665256,0.0017647050553932786,0.0008823525,3.52941,False,0,0.45679643515789886,0.08989605619284925,0.2595568823445783,0.506401918000579,0.19538046140345883,0.1198713933201851,0.9997625002346823,0.005407292997236834,0.0019503184992478563,0.021021923500570514,0.28960493,-0.09530228,0.28934506,0.40027329338316453,0.00011447200085967779,0.0001359770103590563,0.0005745639937231317,0.0002974420058308169,0.00019127799896523356,0.00016394899284932762,0.001830038003390655,0.018042658004560508,0.019872696007951163,50.32029874557006,0
149,3.000139757001307,0.0653349757194519,-1.0664882820895691,0.6581204573260706,-1.4630378198674698,-1.8620055357562464,-0.843093220387594,0.2709447741508484,-1.1876300573349,-1.4558634757995605,-0.6260847449302673,0.13156583905220032,-0.06250844895839691,0.21502520143985748,-0.8159956336021423,-1.1721867322921753,-0.23217687010765076,0.18846777081489563,-0.06850361078977585,2.20080483349799,-1.9470141306447932,-1.9708818152462095,-0.15651412107023135,-0.13511873899280646,-0.03715504439593998,0.09046358,-1.0448704,0.6595402,-1.4575508,-1.8272917,-0.84840155,0.09046358,-1.0448704,0.6595402,-1.4575508,-1.8272917,-0.84840155,0.0653349757194519,-1.066488265991211,0.6581204533576965,-1.4630378484725952,-1.862005591392517,-0.84309321641922,0.6282151,0.540448,0.035493433,0.1371782,0.8678453,-0.1327089,-0.20377307,0.0044838564112217524,0.0,0.00011209641028054381,0.0017647050553932786,0.0008823525,3.52941,False,0,0.45648618763992027,0.09291322668344165,0.25774186942594335,0.5063995388076385,0.1952906121605658,0.11988522765572189,0.999769514567364,0.005449891428642982,0.001433951444349114,0.02071670469516628,0.28960493,-0.09530228,0.28934506,0.40020090167713107,4.527700366452336e-05,0.00013565400149673223,0.000561936991289258,0.0003676689957501367,0.0002174359979107976,0.00014046700380276889,0.0018680060020415112,0.01797893099137582,0.01984693699341733,50.38560863732634,0
150,3.0201363890082575,0.06898874044418335,-1.0632475775531312,0.656691853200094,-1.4633823496154328,-1.857002083455221,-0.8432520071612757,0.26171448826789856,-1.3215264081954956,-1.4959055185317993,-0.6920006275177002,0.06647385656833649,-0.039241306483745575,0.2770782709121704,-0.8878222703933716,-1.0242249965667725,-0.3963846266269684,0.16744080185890198,0.015234975144267082,0.35635159277969336,-2.6549110974157832,-0.9575225186697882,-0.1718538516148804,-0.06897087045352863,-0.009881701760374999,0.09355232,-1.0409417,0.65996575,-1.4568409,-1.822015,-0.84775054,0.09355232,-1.0409417,0.65996575,-1.4568409,-1.822015,-0.84775054,0.06898874044418335,-1.063247561454773,0.65669184923172,-1.463382363319397,-1.8570021390914917,-0.8432520031929016,0.6140896,0.55764747,0.08184699,0.16353808,0.87467825,-0.112463795,-0.20602722,0.0037365470093514604,0.0,9.341367523378651e-05,0.0017647050553932786,0.0008823525,3.52941,False,0,0.456725017321571,0.09576083772018135,0.25646427453495324,0.5063643309202283,0.19536048677234347,0.11989044994822605,0.9997694081681793,0.005403131005485316,0.0016480800357263163,0.020717415863948166,0.28960493,-0.09530228,0.28934506,0.4002303615235376,0.00010844699863810092,0.0001264870079467073,0.000510689991642721,0.0003920879971701652,0.00018963799811899662,0.00013849099923390895,0.001845083010266535,0.01798692399461288,0.019832007004879415,50.423540076098334,0
151,3.040089156012982,0.07263528555631638,-1.0602256816676636,0.6551182905780237,-1.4635586154511948,-1.8520997206317347,-0.843576733266012,0.2714659571647644,-1.165588140487671,-1.233862280845642,-0.34513983130455017,0.07238832116127014,-0.17733868956565857,0.2412244975566864,-0.8757632374763489,-0.9337916374206543,-0.10832832008600235,0.16283485293388367,-0.15967290103435516,-0.34410018441625323,-3.0247068370987353,1.6969047611388937,-0.15159546664507442,-0.012635838963572238,-0.006455554001457843,0.09688805,-1.0372487,0.6577155,-1.4585128,-1.8166871,-0.84832513,0.09688805,-1.0372487,0.6577155,-1.4585128,-1.8166871,-0.84832513,0.07263528555631638,-1.0602257251739502,0.6551182866096497,-1.4635586738586426,-1.8520997762680054,-0.8435767292976379,0.6063191,0.57442385,0.0649299,0.12614787,0.885317,-0.11870939,-0.23692106,0.00311378917445955,0.0,7.784472936148876e-05,0.0017647050553932786,0.0008823525,3.52941,False,0,0.4569055739193203,0.09858348716882427,0.2553222647336286,0.5063770693027082,0.19532161611424262,0.11986082722643711,0.9997659038159104,0.005254723101527824,0.0019191522419208778,0.020899609995614694,0.28960493,-0.09530228,0.28934506,0.4002215762196449,4.460600030142814e-05,0.0001323710021097213,0.0005459970125230029,0.0003110210091108456,0.00017359000048600137,0.00012332299957051873,0.0017203470051754266,0.018062786999507807,0.019783134004683234,50.548108290793124,0
152,3.0601367480121553,0.07619380205869675,-1.057085470562317,0.6547935644732874,-1.4629588213614007,-1.847217861806051,-0.8441389242755335,0.2713005542755127,-1.1481119394302368,-1.11683988571167,-0.3800840377807617,0.09366092830896378,-0.1777578741312027,0.23309563100337982,-0.8592013120651245,-0.7877047061920166,-0.09544821828603745,0.16676604747772217,-0.14822514355182648,0.8953559487264762,-1.8509374368342546,0.2992036311430738,-0.12349291910894931,-0.06025739040726283,-0.02977706668992474,0.10007472,-1.0335282,0.655027,-1.4605497,-1.8115264,-0.8494098,0.10007472,-1.0335282,0.655027,-1.4605497,-1.8115264,-0.8494098,0.07619380205869675,-1.0570855140686035,0.6547935605049133,-1.462958812713623,-1.8472179174423218,-0.8441389203071594,0.597023,0.58893275,0.0058356063,0.0602277,0.8922879,-0.13177177,-0.26506454,0.002594824312049625,0.0,6.487060780124063e-05,0.0017647050553932786,0.0008823525,3.52941,False,0,0.4568007978568909,0.10134401523008074,0.25358632482769505,0.5063669246270937,0.19524853342496545,0.11988849893165364,0.9997598147752497,0.005343179144840887,0.001610665841876358,0.021192382301661282,0.28960493,-0.09530228,0.28934506,0.40015129529834925,0.0001057659974321723,0.00014092600031290203,0.0005093119980301708,0.00036961901059839875,0.0001909600105136633,0.0001241189893335104,0.001822484002332203,0.018058964007650502,0.019881448009982705,50.29814727266789,0
153,3.0801361100020586,0.07975497841835022,-1.053926245575287,0.6550934950457972,-1.4621464622071763,-1.8422778288470667,-0.8448088804828089,0.21890129148960114,-1.179742455482483,-0.9277204871177673,-0.4235333502292633,0.07911187410354614,-0.16567890346050262,0.23773512244224548,-0.878728985786438,-0.514624834060669,-0.12009646743535995,0.16850078105926514,-0.14476051926612854,1.6064948429003383,-2.2898685193008155,-0.3006759726190287,-0.14981975700395528,-0.09694853184562427,-0.03145249287519003,0.1030296,-1.0296394,0.65371764,-1.4617792,-1.8063425,-0.8502385,0.1030296,-1.0296394,0.65371764,-1.4617792,-1.8063425,-0.8502385,0.07975497841835022,-1.0539262294769287,0.6550934910774231,-1.462146520614624,-1.8422778844833374,-0.8448088765144348,0.58186555,0.6071722,-0.034396227,0.009180772,0.8983863,-0.135741,-0.28583494,0.0021623535933746876,0.0,5.4058839834367194e-05,0.0017647050553932786,0.0008823525,3.52941,False,0,0.4565643658086668,0.10411173435407038,0.2515966991072317,0.5066185006871154,0.19509652130981353,0.11970662521053653,0.9998133245964385,0.005586849897325128,0.004006499396309045,0.018055763008575185,0.28960493,-0.09530228,0.28934506,0.40025435383532926,3.9700011257082224e-05,0.00011837198690045625,0.0004842610069317743,0.00027275799948256463,0.00019292900105938315,0.00011152699880767614,0.0015694690082455054,0.018250801993417554,0.01982027100166306,50.453396924597705,0
154,3.100140086011379,0.08322560042142868,-1.0506538313678284,0.6553996245013636,-1.4614695322564621,-1.8373873869525355,-0.8454821745501917,0.2033374011516571,-1.2046631574630737,-0.9166301488876343,-0.40170997381210327,0.047698479145765305,-0.17592211067676544,0.24188730120658875,-0.9003145098686218,-0.556403636932373,-0.14147472381591797,0.16903157532215118,-0.14580756425857544,0.39760795345815336,-3.003672931029514,-0.2938223564349558,-0.15975831945067093,-0.05643627466719445,-0.017536257607467635,0.10601256,-1.0258495,0.6530488,-1.4623681,-1.8013278,-0.8510959,0.10601256,-1.0258495,0.6530488,-1.4623681,-1.8013278,-0.8510959,0.08322560042142868,-1.0506538152694702,0.6553996205329895,-1.4614695310592651,-1.8373874425888062,-0.8454821705818176,0.569674,0.6201074,-0.058770537,-0.022463644,0.90149045,-0.14034376,-0.29983294,0.0018019613278122397,0.0,4.5049033195305996e-05,0.0017647050553932786,0.0008823525,3.52941,False,0,0.45634996397238226,0.10683008320499768,0.24958025317989566,0.5065089042328269,0.19520605373538832,0.11979007432859848,0.9997940878771694,0.005341332997314931,0.0025846614052838553,0.019404848547702202,0.28960493,-0.09530228,0.28934506,0.40023907195056485,5.339999916031957e-05,0.00011530501069501042,0.0006675059994449839,0.0003487009962555021,0.00017380199278704822,0.00010274600936099887,0.001855826994869858,0.017968019004911184,0.019823845999781042,50.44429824621545,0
155,3.1201320940017467,0.0865134745836258,-1.0472772282413025,0.6556909720050257,-1.4608391237309952,-1.8323867956744593,-0.8461759726153772,0.2554297149181366,-1.3605737686157227,-1.060987114906311,-0.519285261631012,0.07241737097501755,-0.187570720911026,0.2400951236486435,-0.9045948386192322,-0.6987819075584412,-0.1487303078174591,0.16942328214645386,-0.1461096853017807,1.0419090183543425,-2.552353731805791,-1.584833085615682,-0.157870998379565,-0.10049976942447447,-0.028787482869296742,0.10807243,-1.0221846,0.64985657,-1.4660878,-1.7956544,-0.8507954,0.10807243,-1.0221846,0.64985657,-1.4660878,-1.7956544,-0.8507954,0.0865134745836258,-1.0472772121429443,0.6556909680366516,-1.4608391523361206,-1.83238685131073,-0.8461759686470032,0.5389738,0.6273141,-0.14585945,-0.13121566,0.9183111,-0.11548563,-0.2900856,0.0015016344398435333,0.0,3.754086099608833e-05,0.0005882349796593189,0.0002941175,1.17647,False,3,0.45615203492738343,0.10949250717503164,0.24752554565461615,0.5064737402913095,0.1952471580195592,0.11984555005077893,0.9997821850158709,0.005426479379856268,0.0021823895281478482,0.020035314842642156,0.28960493,-0.09530228,0.28934506,0.40022635623618763,3.9130012737587094e-05,0.00011693600390572101,0.0005066520097898319,0.00027239300834480673,0.00016900800983421504,0.00012240000069141388,0.0015647880063625053,0.01825659799214918,0.019821385998511687,50.45055880931264,0
156,3.1401341910095653,0.0898621454834938,-1.044099823837616,0.6555398146258753,-1.4607124117067833,-1.8274453322040003,-0.8469188849078577,0.2744951844215393,-1.2292835712432861,-1.2996630668640137,-0.5378409624099731,0.11466263234615326,-0.17868685722351074,0.23960483074188232,-0.9050740003585815,-0.9783275127410889,-0.21249763667583466,0.16930630803108215,-0.14603108167648315,0.8449088934344811,-2.2427178911530783,-0.6116788944236566,-0.14225760251091926,-0.07142953227895685,-0.02845259898819667,0.11162587,-1.0179982,0.6527202,-1.463518,-1.7909676,-0.85198575,0.11162587,-1.0179982,0.6527202,-1.463518,-1.7909676,-0.85198575,0.0898621454834938,-1.0440998077392578,0.6555398106575012,-1.4607124328613281,-1.827445387840271,-0.8469188809394836,0.54409325,0.6525395,-0.07049023,-0.07013961,0.91194457,-0.12667112,-0.3153048,0.0012513620332029443,0.0,3.128405083007361e-05,0.0005882349796593189,0.0002941175,1.17647,False,3,0.4560560886120042,0.11218135011428895,0.24579564004036075,0.5063896154594268,0.1953329195718814,0.11994298679392035,0.999775551665543,0.005568912746630108,0.0008556829421463904,0.02042319803762071,0.28960493,-0.09530228,0.28934506,0.40020179538502665,4.2772997403517365e-05,0.00012720598897431046,0.0005314120062394068,0.00027327900170348585,0.0001669080083956942,0.0001275910035474226,0.0016467229870613664,0.018173094009398483,0.01981981699645985,50.45455264186429,0
157,3.160079047011095,0.09313284605741501,-1.0407185715487977,0.6551855246173304,-1.460839108829834,-1.8223093191729944,-0.8477070967303675,0.19973616302013397,-1.1694096326828003,-1.3991193771362305,-0.6774124503135681,0.12574803829193115,-0.1682589054107666,0.2249479442834854,-0.9221550822257996,-1.0631312131881714,-0.425518661737442,0.17077691853046417,-0.14186406135559082,1.0041278690388702,-2.4718973782273426,-0.2569450901467468,-0.14405358666062862,-0.07584570102275622,-0.024482498876257402,0.113663666,-1.0139158,0.65304357,-1.464241,-1.7856276,-0.85243404,0.113663666,-1.0139158,0.65304357,-1.464241,-1.7856276,-0.85243404,0.09313284605741501,-1.0407185554504395,0.6551855206489563,-1.4608391523361206,-1.8223093748092651,-0.8477070927619934,0.5132705,0.6700694,-0.05354913,-0.08504663,0.9170445,-0.118174404,-0.327692,0.001042801694335787,0.0,2.6070042358394678e-05,0.0005882349796593189,0.0002941175,1.17647,False,3,0.4560398092242993,0.11488937927045562,0.24406981832631852,0.5063766482539115,0.19534259571669066,0.11988016348274799,0.9997617406321727,0.00528538008111976,0.001369083626198204,0.021133158203641565,0.28960493,-0.09530228,0.28934506,0.40022839518096964,3.9377991924993694e-05,0.00010821899923030287,0.0005140540015418082,0.0002687849919311702,0.00015495599654968828,0.00011307999375276268,0.0015635849995305762,0.01820978699834086,0.019773371997871436,50.573063618468716,0
158,3.18007928901352,0.09626424312591553,-1.0371602934649964,0.6547473112689417,-1.4611578223160286,-1.8171055952655237,-0.8484328428851526,0.2044994831085205,-1.2827658653259277,-1.4534149169921875,-0.7319754362106323,0.09680377691984177,-0.1724931001663208,0.23878620564937592,-0.8937415480613708,-1.0232794284820557,-0.4029848277568817,0.17051143944263458,-0.1432569921016693,1.2380207187916135,-2.6166811705764434,-0.3017630515928348,-0.15125720181325372,-0.08978560883247437,-0.023483475571435597,0.11596024,-1.0098252,0.652026,-1.4658346,-1.7803683,-0.85339797,0.11596024,-1.0098252,0.652026,-1.4658346,-1.7803683,-0.85339797,0.09626424312591553,-1.0371602773666382,0.6547473073005676,-1.4611577987670898,-1.8171056509017944,-0.8484328389167786,0.4924,0.683377,-0.06803273,-0.11692055,0.9184339,-0.12412762,-0.34168777,0.0008690014119464893,0.0,2.1725035298662234e-05,0.0005882349796593189,0.0002941175,1.17647,False,3,0.45608261446898746,0.11755753706397006,0.24231799134370863,0.5063735061314791,0.1953415143883495,0.11988312151647723,0.999754010636141,0.005575716657681718,0.002053059388563867,0.021369216543236848,0.28960493,-0.09530228,0.28934506,0.40022465560179166,4.238499968778342e-05,0.00012240299838595092,0.0005039770039729774,0.00029071200697217137,0.00017641500744502991,0.00013034600124228746,0.0016033089923439547,0.018245409009978175,0.01984871800232213,50.38108757870451,0
159,3.200083221003297,0.09898333996534348,-1.0339145821383973,0.654334847127096,-1.4616034787944336,-1.8125618139850062,-0.8490427176104944,0.22106851637363434,-1.258392095565796,-1.4383057355880737,-0.7157588005065918,0.11038292199373245,-0.1889030635356903,0.22655117511749268,-0.890375554561615,-1.011133074760437,-0.39602091908454895,0.17061108350753784,-0.1434304416179657,0.47596110287290194,-2.5949025977918088,-0.08753196477662706,-0.15071125864241292,-0.06257849231229631,-0.0176688356994992,0.11786548,-1.0059725,0.65096873,-1.4674768,-1.7757306,-0.8541252,0.11786548,-1.0059725,0.65096873,-1.4674768,-1.7757306,-0.8541252,0.09898333996534348,-1.033914566040039,0.6543348431587219,-1.4616035223007202,-1.8125618696212769,-0.8490427136421204,0.47205356,0.6985523,-0.08415284,-0.14683305,0.9207801,-0.12706171,-0.35276255,0.0007241678432887411,0.0,1.8104196082218528e-05,0.0005882349796593189,0.0002941175,1.17647,False,3,0.4561542377463749,0.11988703026631368,0.24076090931316793,0.5063695680801467,0.1953201514406083,0.11985583739526023,0.9997606657444107,0.005199665753024551,0.001829098414254761,0.02117207850457336,0.28960493,-0.09530228,0.28934506,0.40021856291284913,3.947400546167046e-05,0.00011619899305514991,0.00048664899077266455,0.0003228939895052463,0.0002567249903222546,0.00011456799984443933,0.0016843619960127398,0.0181720900000073,0.01985645199602004,50.3614643844951,0
160,3.2205283360090107,0.10212915390729904,-1.0297323030284424,0.6539228598224085,-1.46212191999469,-1.8069990316974085,-0.8497689406024378,0.27541762590408325,-1.2551313638687134,-1.481790542602539,-0.7656001448631287,0.10763488709926605,-0.21025684475898743,0.22198787331581116,-0.898456871509552,-1.0192209482192993,-0.4023455083370209,0.17130272090435028,-0.14432628452777863,0.532237605769008,-2.0114822061834876,-0.592324272947301,-0.13040676440260712,-0.07066115047211513,-0.026146996514213167,0.11989868,-1.0011512,0.64952856,-1.4695481,-1.7701492,-0.8551957,0.11989868,-1.0011512,0.64952856,-1.4695481,-1.7701492,-0.8551957,0.10212915390729904,-1.029732346534729,0.6539228558540344,-1.4621219635009766,-1.8069990873336792,-0.8497689366340637,0.44423807,0.71452874,-0.10985742,-0.18565445,0.92124695,-0.13566884,-0.3653983,0.0006034732027406176,0.0,1.5086830068515441e-05,0.0005882349796593189,0.0002941175,1.17647,False,3,0.45624449817995233,0.1226579767165093,0.23872522682459685,0.506335467301336,0.19535113978587676,0.11985972829714756,0.9997620548625221,0.0051620032292036076,0.0017922024379973826,0.021118215241895732,0.28960493,-0.09530228,0.28934506,0.4002209507720968,4.0865998016670346e-05,0.00013146799756214023,0.0006302269903244451,0.00026100299146492034,0.00017912998737301677,0.00017158100672531873,0.0018632099963724613,0.018390078999800608,0.02025328899617307,49.37469663267796,0
161,3.2400907830015058,0.10493097454309464,-1.0260012310794373,0.6534565130816858,-1.4627659034780045,-1.8017900625811976,-0.8504818121539515,0.246210977435112,-1.2614874839782715,-1.4697906970977783,-0.7403727769851685,0.11151508241891861,-0.1920575052499771,0.21459011733531952,-0.9147494435310364,-1.0320733785629272,-0.4087337255477905,0.1692105382680893,-0.1447249948978424,0.7126943660506107,-2.13384737201952,-0.28676230658108454,-0.1301431466361865,-0.06736303249167289,-0.027109486555394535,0.12162493,-0.9967145,0.64853466,-1.4714382,-1.7648722,-0.8560133,0.12162493,-0.9967145,0.64853466,-1.4714382,-1.7648722,-0.8560133,0.10493097454309464,-1.026001214981079,0.6534565091133118,-1.4627659320831299,-1.8017901182174683,-0.8504818081855774,0.417349,0.73216873,-0.12304682,-0.21680729,0.9229487,-0.13828708,-0.37623003,0.0005028943356171813,0.0,1.2572358390429534e-05,0.0005882349796593189,0.0002941175,1.17647,False,3,0.456351743002268,0.12519188721146557,0.23695885172006817,0.5063164048371779,0.19530438221840163,0.11989119209730269,0.9997574026209853,0.005075755686203406,0.0011498871097428774,0.02140212952622063,0.28960493,-0.09530228,0.28934506,0.40016334707471757,3.9095000829547644e-05,0.00012684499961324036,0.0005596539995167404,0.00038247900374699384,0.00023922399850562215,0.00024568299704696983,0.0019252329948358238,0.017471525992732495,0.01939675898756832,51.55500466036184,0
162,3.260083420012961,0.1076732650399208,-1.0221358698657532,0.6530087629901331,-1.4635328587940712,-1.7966812292682093,-0.8511875311480921,0.1979549527168274,-1.2505916357040405,-1.4594646692276,-0.7581644058227539,0.13421915471553802,-0.2089812010526657,0.2123730629682541,-0.9104390740394592,-1.0382589101791382,-0.4127087891101837,0.17085707187652588,-0.14588198065757751,0.763505574679318,-2.3015578117396442,-0.2425860912783614,-0.13827931481802475,-0.06847994146272944,-0.025676693873349598,0.12330616,-0.9922608,0.64738834,-1.4735165,-1.7597407,-0.85693854,0.12330616,-0.9922608,0.64738834,-1.4735165,-1.7597407,-0.85693854,0.1076732650399208,-1.022135853767395,0.653008759021759,-1.46353280544281,-1.79668128490448,-0.851187527179718,0.39082247,0.74687606,-0.14051093,-0.24959294,0.923515,-0.14377482,-0.38623968,0.00041907861301431783,0.0,1.0476965325357946e-05,0.0005882349796593189,0.0002941175,1.17647,False,3,0.4564824541080932,0.1276812445276393,0.23514926450003315,0.5063122717146687,0.19540545947436366,0.1198300233227807,0.9997576406106633,0.005386820823961919,0.0024136224960836553,0.02120832994286722,0.28960493,-0.09530228,0.28934506,0.40026042140686746,0.0010093629971379414,0.00013410599785856903,0.000560875007067807,0.0004132610047236085,0.00019701999553944916,0.00018541899044066668,0.0029108570015523583,0.016893407999305055,0.019804265000857413,50.49417385379895,0
163,3.280104100005701,0.11026817560195923,-1.0181670945933838,0.6524265448199671,-1.4644681078246613,-1.791485611592428,-0.8519013563739222,0.17959623038768768,-1.1971771717071533,-1.4554975032806396,-0.761493444442749,0.0845700278878212,-0.19969072937965393,0.20878644287586212,-0.9121185541152954,-1.0409302711486816,-0.41432666778564453,0.1720791906118393,-0.14606356620788574,0.7041991941025868,-2.2486545847644868,-0.27860526027536625,-0.14487822838386896,-0.07718956407189793,-0.025693162437019926,0.12486175,-0.9877485,0.64634156,-1.4754772,-1.7545382,-0.8578257,0.12486175,-0.9877485,0.64634156,-1.4754772,-1.7545382,-0.8578257,0.11026817560195923,-1.0181671380996704,0.652426540851593,-1.4644681215286255,-1.7914856672286987,-0.8519013524055481,0.36483926,0.76046515,-0.15212423,-0.27522796,0.9236868,-0.14810841,-0.39453784,0.0003492321775119315,0.0,8.730804437798288e-06,0.0005882349796593189,0.0002941175,1.17647,False,3,0.4566718019876057,0.1301320550219876,0.2333593193227971,0.5063356423287593,0.1953344924934233,0.11982139283383442,0.9997599266202986,0.005425949403708345,0.002329117409768188,0.021099624219687484,0.28960493,-0.09530228,0.28934506,0.40022519219001684,6.658901111222804e-05,0.0001995069906115532,0.0013041509955655783,0.00031351800134871155,0.00031000300077721477,0.0002033280034083873,0.003410630000871606,0.01636687500285916,0.019777505003730766,50.56249510802112,0
164,3.300099593005143,0.11262021213769913,-1.0141344231418152,0.6517913977252405,-1.465535932486393,-1.786309544240133,-0.8526671568499964,0.19640439748764038,-1.2689588069915771,-1.4791299104690552,-0.7990915179252625,0.10657726228237152,-0.19651788473129272,0.2074345201253891,-0.9180746078491211,-1.0434916019439697,-0.4155723452568054,0.17206917703151703,-0.1461939811706543,0.4876145368791574,-2.2671940676843145,-0.14668311876250878,-0.13542124448405,-0.0722714423541358,-0.0222921145900088,0.12626788,-0.9832466,0.645363,-1.4774352,-1.7493659,-0.85876805,0.12626788,-0.9832466,0.645363,-1.4774352,-1.7493659,-0.85876805,0.11262021213769913,-1.014134407043457,0.6517913937568665,-1.4655358791351318,-1.7863095998764038,-0.8526671528816223,0.34119186,0.77219504,-0.16070981,-0.29748407,0.92359316,-0.15252267,-0.4023066,0.00029102681459327624,0.0,7.275670364831907e-06,0.0005882349796593189,0.0002941175,1.17647,False,3,0.4569142469408792,0.1324740465319696,0.23157984718646055,0.5063281045082249,0.19538071290000433,0.11986156613847151,0.9997587817322309,0.005765679818876187,0.002224179008441035,0.021076085479205784,0.28960493,-0.09530228,0.28934506,0.40023766310020015,0.00016808600048534572,0.00018026100588031113,0.0008299259934574366,0.0003556279989425093,0.00033437499951105565,0.0001438830076949671,0.0024867050087777898,0.017270291995373555,0.019756997004151344,50.61497958368267,0
165,3.3201352560136,0.11484488099813461,-1.0099421304515381,0.6510489622699183,-1.4668809187463303,-1.7810996214496058,-0.8534534613238733,0.24330291152000427,-1.2834277153015137,-1.4520918130874634,-0.7555097341537476,0.09503116458654404,-0.21206092834472656,0.2065904289484024,-0.9230907559394836,-1.044490933418274,-0.41544654965400696,0.17226672172546387,-0.1462128907442093,0.637382262078237,-1.8636593311741596,-0.29472277572018174,-0.12859520213588532,-0.067749564373389,-0.027278051414956782,0.12741835,-0.9785826,0.6444339,-1.479648,-1.7441652,-0.8597067,0.12741835,-0.9785826,0.6444339,-1.479648,-1.7441652,-0.8597067,0.11484488099813461,-1.0099421739578247,0.6510489583015442,-1.4668809175491333,-1.7810996770858765,-0.8534534573554993,0.314337,0.7839895,-0.16537602,-0.31917736,0.92336094,-0.15633075,-0.4101793,0.00024252234549439688,0.0,6.063058637359922e-06,0.0005882349796593189,0.0002941175,1.17647,False,3,0.45723882509086844,0.13477740977808347,0.2298018143422588,0.5063664504642202,0.19532283430423086,0.11988802435638901,0.9997595220878724,0.005363152350994155,0.0017374652154510846,0.021193255870643708,0.28960493,-0.09530228,0.28934506,0.40020519273253974,4.5456006773747504e-05,0.00013690699415747076,0.0005968839977867901,0.0004075350007042289,0.0001990819873753935,0.00011405999248381704,0.0018992039986187592,0.01795235300960485,0.019851557008223608,50.373882491219454,0
166,3.3401273020135704,0.1169767901301384,-1.0057282012752076,0.6502345244037073,-1.4683930438807984,-1.7759736219989222,-0.8542969862567347,0.2371937483549118,-1.3226666450500488,-1.482488989830017,-0.7674074172973633,0.09039680659770966,-0.2107320874929428,0.20545175671577454,-0.9284594655036926,-1.044603705406189,-0.4146963953971863,0.1724766492843628,-0.14632384479045868,0.6210308019062081,-2.0998070230248618,-0.3363808408064515,-0.13366768274537227,-0.06780276772505808,-0.02232528473843733,0.12844533,-0.9739655,0.6433392,-1.4820414,-1.7390908,-0.8607653,0.12844533,-0.9739655,0.6433392,-1.4820414,-1.7390908,-0.8607653,0.1169767901301384,-1.0057282447814941,0.6502345204353333,-1.468393087387085,-1.7759736776351929,-0.8542969822883606,0.2867134,0.7940676,-0.17238212,-0.34120685,0.9220706,-0.16170724,-0.4170746,0.00020210195457866407,0.0,5.052548864466602e-06,0.0005882349796593189,0.0002941175,1.17647,False,3,0.45760609208842923,0.13702661835927657,0.22806766423707248,0.506316554849562,0.19533681058209135,0.11985448990259269,0.9997594055735519,0.0053077793813952326,0.0016156922261360083,0.021221735437930465,0.28960493,-0.09530228,0.28934506,0.40020252149849206,4.590299795381725e-05,0.00013340599252842367,0.0005473800119943917,0.00044815600267611444,0.00019232899649068713,0.0001259660057257861,0.001887063990579918,0.0179290650121402,0.019816129002720118,50.46394277422862,0
167,3.3600878080033,0.11898526549339294,-1.0013894003680726,0.6493724028216761,-1.4699228566936036,-1.7707961241351526,-0.8551343123065394,0.1856248676776886,-1.286255955696106,-1.4687461853027344,-0.807715892791748,0.09496017545461655,-0.2134166806936264,0.20160779356956482,-0.9306626319885254,-1.0434914827346802,-0.41452619433403015,0.17274260520935059,-0.1463984102010727,0.5877491083238316,-1.84887617380166,-0.29797042311309074,-0.1150720912886346,-0.0701337500687174,-0.02947512101781699,0.12938276,-0.96922,0.6422613,-1.4844384,-1.733946,-0.8618034,0.12938276,-0.96922,0.6422613,-1.4844384,-1.733946,-0.8618034,0.11898526549339294,-1.0013893842697144,0.649372398853302,-1.4699229001998901,-1.7707961797714233,-0.8551343083381653,0.25993732,0.80423486,-0.1777768,-0.3628876,0.92125565,-0.16672786,-0.42434335,0.00016841829548222008,0.0,4.210457387055502e-06,0.0005882349796593189,0.0002941175,1.17647,False,3,0.45799356435644556,0.13923606246877032,0.22629288139573317,0.5062922364553915,0.19533978353352568,0.11983039763663589,0.9997648079528361,0.005400629242473088,0.0017017695520263605,0.020933808035276717,0.28960493,-0.09530228,0.28934506,0.40020171685344597,4.418900061864406e-05,0.0001382369955535978,0.000612197007285431,0.00029802000790368766,0.00018653500592336059,0.0001305839978158474,0.0017983949946938083,0.01799948299594689,0.0197978779906407,50.51046382206935,0
168,3.3800881250062957,0.12082251906394958,-0.9969606560519715,0.6484344641314905,-1.471686140899994,-1.7656634489642542,-0.8559992949115198,0.1901988685131073,-1.3278292417526245,-1.4633278846740723,-0.8230181932449341,0.144565612077713,-0.21996793150901794,0.19878007471561432,-0.9360138773918152,-1.044842004776001,-0.41548076272010803,0.17257645726203918,-0.1468198001384735,0.49258431089095067,-2.0446088262610993,-0.18496477238595166,-0.11993954012713054,-0.06468901862438899,-0.02841343223087488,0.13025989,-0.9644225,0.64115006,-1.4869059,-1.7288558,-0.86282885,0.13025989,-0.9644225,0.64115006,-1.4869059,-1.7288558,-0.86282885,0.12082251906394958,-0.9969606399536133,0.6484344601631165,-1.4716861248016357,-1.765663504600525,-0.8559992909431458,0.23593403,0.8134523,-0.18211053,-0.38049504,0.9201923,-0.17073871,-0.43038502,0.00014034857956851673,0.0,3.5087144892129186e-06,0.0005882349796593189,0.0002941175,1.17647,False,3,0.4584548228799,0.14136676474654733,0.22453783950267633,0.5063106326331965,0.19536887450052537,0.11987017897275722,0.9997647818061606,0.005419180735757221,0.001578414285200127,0.020942190492018734,0.28960493,-0.09530228,0.28934506,0.4002159572705935,6.291500176303089e-05,0.0001927599951159209,0.0009004879975691438,0.00036369900044519454,0.0002858770021703094,0.00016688699543010443,0.002447618986479938,0.01734373600629624,0.019791354992776178,50.52711147695541,0
169,3.4000913800118724,0.12249170988798141,-0.9926322859576722,0.6474884192096155,-1.4735767629793664,-1.7604673544513147,-0.8568890730487269,0.2061234414577484,-1.3113609552383423,-1.4422533512115479,-0.7498289346694946,0.12922406196594238,-0.225047305226326,0.19735781848430634,-0.9396113157272339,-1.0456202030181885,-0.415863573551178,0.17274175584316254,-0.14710332453250885,0.6774036715291747,-2.0035232182497382,-0.26871860161420125,-0.12883838509942305,-0.05799258958135476,-0.024013894394435267,0.1309195,-0.95978326,0.6401051,-1.4894055,-1.7237391,-0.86391336,0.1309195,-0.95978326,0.6401051,-1.4894055,-1.7237391,-0.86391336,0.12249170988798141,-0.992632269859314,0.6474884152412415,-1.4735767841339111,-1.7604674100875854,-0.8568890690803528,0.21069486,0.821225,-0.18458147,-0.39571837,0.9182058,-0.17560664,-0.435657,0.0001169571496404306,0.0,2.9239287410107654e-06,0.0005882349796593189,0.0002941175,1.17647,False,3,0.45894486843502924,0.14343994991622652,0.22284949908185422,0.5063481972400065,0.19534271171199705,0.11988516509883233,0.9997591085739623,0.005258370372663458,0.0016154678668397135,0.021246529397062296,0.28960493,-0.09530228,0.28934506,0.4002109526532488,5.807798879686743e-05,0.00016393700207117945,0.0008498959941789508,0.0003527869994286448,0.00024177800514735281,0.00011748599354177713,0.0022130290017230436,0.017555115002323873,0.019768144004046917,50.5864384534674,0
170,3.420089834005921,0.12399347871541977,-0.9881633681109925,0.6465161482440394,-1.475556382243969,-1.7552359739886683,-0.8578103224383753,0.22399097681045532,-1.284956455230713,-1.4648911952972412,-0.7818815112113953,0.12182491272687912,-0.2212056815624237,0.19767820835113525,-0.9432278275489807,-1.0465044975280762,-0.41604724526405334,0.17291593551635742,-0.14715687930583954,0.5680582807401381,-1.5730927804174437,-0.11090236930389086,-0.10301436521161739,-0.05653779613725254,-0.028435262153380665,0.13138324,-0.9550025,0.6387763,-1.4922822,-1.7185847,-0.86512387,0.13138324,-0.9550025,0.6387763,-1.4922822,-1.7185847,-0.86512387,0.12399347871541977,-0.9881633520126343,0.6465161442756653,-1.4755563735961914,-1.755236029624939,-0.8578103184700012,0.18474422,0.82902235,-0.19349663,-0.41814494,0.91628355,-0.18283838,-0.4425334,9.746429136702552e-05,0.0,2.436607284175638e-06,0.0005882349796593189,0.0002941175,1.17647,False,3,0.4594768533710899,0.1454506420490398,0.22111610360309103,0.5063450132764905,0.19531687128101327,0.11986620734751832,0.9997565006706786,0.005638909224543581,0.002074261577912153,0.0212341675347232,0.28960493,-0.09530228,0.28934506,0.40019849053814505,4.2651998228393495e-05,0.0001318660069955513,0.0006606800016015768,0.0003165889938827604,0.0001829029934015125,0.00012093699479009956,0.001812827991670929,0.018029611004749313,0.019842438996420242,50.39703033384198,0
171,3.4400921250053216,0.12539835274219513,-0.9835654658130188,0.645487133656637,-1.4776419934681435,-1.7499921957599085,-0.858779255543844,0.20326563715934753,-1.2860486507415771,-1.4327781200408936,-0.7961610555648804,0.1166803166270256,-0.19282954931259155,0.19638508558273315,-0.9509426355361938,-1.0480763912200928,-0.41640299558639526,0.17314201593399048,-0.14733290672302246,0.15952442965988672,-2.150641705496291,-0.2960856523887087,-0.12103517941155117,-0.053130451637731675,-0.02424811658583483,0.13179378,-0.95008886,0.63793623,-1.4948643,-1.7133883,-0.8661413,0.13179378,-0.95008886,0.63793623,-1.4948643,-1.7133883,-0.8661413,0.12539835274219513,-0.9835654497146606,0.6454871296882629,-1.4776419401168823,-1.7499922513961792,-0.85877925157547,0.15988576,0.8369154,-0.18877228,-0.4305604,0.9150977,-0.18405204,-0.44780162,8.12202428058546e-05,0.0,2.0305060701463653e-06,0.0005882349796593189,0.0002941175,1.17647,False,3,0.4600480212837362,0.14742656500292867,0.2193565206770372,0.5063380217379215,0.1953204359582732,0.11984661594195395,0.9997621752945739,0.005581216192054018,0.002126356439352605,0.02097322338498816,0.28960493,-0.09530228,0.28934506,0.4002055898732432,4.163599805906415e-05,0.00012690501171164215,0.0005967330071143806,0.0003186959947925061,0.00017985700105782598,0.0001293459936277941,0.001765855005942285,0.018066538992570713,0.019832393998512998,50.42255615106166,0
172,3.4601342450041557,0.126632422208786,-0.9789503973773499,0.6444419066058558,-1.4798347514918824,-1.7449424902545374,-0.8597276846515101,0.1824871301651001,-1.3267332315444946,-1.4300320148468018,-0.8242911100387573,0.1354130357503891,-0.21082507073879242,0.1934507191181183,-0.9573461413383484,-1.0511561632156372,-0.4181070029735565,0.1735268533229828,-0.14790752530097961,0.5599885133743292,-2.0188884309397577,-0.25634118646381376,-0.11814952587654959,-0.05593156631913674,-0.025819343860277465,0.132197,-0.9452818,0.6371772,-1.4973348,-1.7084459,-0.8672344,0.132197,-0.9452818,0.6371772,-1.4973348,-1.7084459,-0.8672344,0.126632422208786,-0.9789503812789917,0.6444419026374817,-1.479834794998169,-1.744942545890808,-0.859727680683136,0.13911444,0.84171504,-0.18161672,-0.4375021,0.912415,-0.18766832,-0.45193067,6.768353567154551e-05,0.0,1.6920883917886379e-06,0.0005882349796593189,0.0002941175,1.17647,False,3,0.46066111074137506,0.14928385747584946,0.21761821695286293,0.5063263776445729,0.1953809581660345,0.11984697335068108,0.999760012786006,0.005477175843936299,0.0020767328670503846,0.021110703553720682,0.28960493,-0.09530228,0.28934506,0.4002430858112184,3.969499084632844e-05,0.00011774999438785017,0.0005591360095422715,0.0003255060000810772,0.00017716200090944767,0.0001387999946018681,0.0017236199928447604,0.01816811600292567,0.019891735995770432,50.27213312164556,0
173,3.48008191100962,0.12772949039936066,-0.9742700618556519,0.6433704535113733,-1.4821403709105034,-1.739807430897848,-0.8607719580279749,0.2070671021938324,-1.3541887998580933,-1.4356155395507812,-0.8067359924316406,0.11853361129760742,-0.1888982504606247,0.19206839799880981,-0.9579006433486938,-1.048856496810913,-0.417294979095459,0.17420171201229095,-0.14767587184906006,0.533914037148819,-1.6703758810605618,0.025204840552931262,-0.10447171184229462,-0.0512204872873978,-0.026182082907258864,0.13248867,-0.94038934,0.63614845,-1.5000983,-1.7033949,-0.86845917,0.13248867,-0.94038934,0.63614845,-1.5000983,-1.7033949,-0.86845917,0.12772949039936066,-0.9742700457572937,0.6433704495429993,-1.4821404218673706,-1.7398074865341187,-0.8607719540596008,0.118979335,0.8470176,-0.18055047,-0.44894704,0.91031504,-0.1921797,-0.45721325,5.64029463929546e-05,0.0,1.410073659823865e-06,0.0005882349796593189,0.0002941175,1.17647,False,3,0.4613123494876577,0.15110360260602365,0.2158708763370652,0.5063455355143976,0.19541753044485458,0.11986455495438675,0.9997553290448609,0.005296198297043653,0.0018463788390055513,0.021396558330057967,0.28960493,-0.09530228,0.28934506,0.400272576372913,5.357900226954371e-05,0.00012008100748062134,0.00048345500545110554,0.00039029600156936795,0.0001655609958106652,0.00011156500841025263,0.001697239000350237,0.018076619002385996,0.019773858002736233,50.57182062608236,0
174,3.5000835330138216,0.1286642849445343,-0.969649927025177,0.6423252264605921,-1.4844739374569436,-1.7346623579608362,-0.861788574849264,0.20022237300872803,-1.3073005676269531,-1.4246807098388672,-0.826910674571991,0.1377633661031723,-0.1928548514842987,0.19354070723056793,-0.9619151949882507,-1.0467257499694824,-0.4157498776912689,0.17396314442157745,-0.14752139151096344,0.6485085019718893,-1.6910318268164508,-0.09703824909085157,-0.10130845198503566,-0.06059955898349478,-0.029417865398799176,0.1324704,-0.9355509,0.6351424,-1.503005,-1.6983676,-0.86967283,0.1324704,-0.9355509,0.6351424,-1.503005,-1.6983676,-0.86967283,0.1286642849445343,-0.9696499109268188,0.642325222492218,-1.4844739437103271,-1.734662413597107,-0.8617885708808899,0.09515293,0.85247487,-0.17957109,-0.4632779,0.90737087,-0.19710724,-0.46262443,4.700245532746217e-05,0.0,1.1750613831865543e-06,0.0005882349796593189,0.0002941175,1.17647,False,3,0.46197523297650905,0.15285215354343856,0.21414777053318462,0.5063444978697789,0.1953522479101646,0.1198771081370045,0.999762676863364,0.005605086090558961,0.0018833943926359817,0.020966243757616014,0.28960493,-0.09530228,0.28934506,0.40021928629957576,4.5460008550435305e-05,0.00013545600813813508,0.0005324630037648603,0.00036853500932920724,0.00019713300571311265,0.00014159501006361097,0.0018116909923264757,0.018008929007919505,0.01982062000024598,50.45250854855144,0
175,3.5200879050098592,0.12950655817985535,-0.9649013441852112,0.6412952581988733,-1.4869893205216904,-1.7295249144183558,-0.8628452459918421,0.20735086500644684,-1.3042432069778442,-1.4515717029571533,-0.8073722720146179,0.16010130941867828,-0.2075067013502121,0.19460760056972504,-0.9671028852462769,-1.04780912399292,-0.4160115420818329,0.17401419579982758,-0.14794450998306274,0.29842852036389383,-1.7870546467554604,0.028426352519441478,-0.10657020466997197,-0.04798367048697266,-0.023818328489253696,0.13255113,-0.93059325,0.63406914,-1.505972,-1.693334,-0.8708632,0.13255113,-0.93059325,0.63406914,-1.505972,-1.693334,-0.8708632,0.12950655817985535,-0.964901328086853,0.6412952542304993,-1.4869893789291382,-1.7295249700546265,-0.862845242023468,0.07611428,0.85770184,-0.18065317,-0.47456518,0.904775,-0.2004482,-0.46697938,3.916871277288514e-05,0.0,9.792178193221286e-07,0.0005882349796593189,0.0002941175,1.17647,False,3,0.462684901413395,0.1545631052900838,0.2123844398430942,0.5063212721544879,0.19537567184752982,0.11986835133582101,0.999765148278049,0.005227237428460303,0.0013102000554021307,0.02098990484450388,0.28960493,-0.09530228,0.28934506,0.4002274290563219,4.086099215783179e-05,0.00011849100701510906,0.00046924799971748143,0.0002756610047072172,0.00016566799604333937,0.00023158600379247218,0.001652337989071384,0.01820406800834462,0.019856405997416005,50.361581049971186,0
176,3.5400946940062568,0.13021759688854218,-0.9602094453624268,0.6403163115130823,-1.48946367323909,-1.7244012991534632,-0.8638938109027308,0.1740284264087677,-1.3570940494537354,-1.4762510061264038,-0.828016996383667,0.12572726607322693,-0.19835518300533295,0.19120347499847412,-0.9736395478248596,-1.0499430894851685,-0.4172075688838959,0.1741146743297577,-0.14828209578990936,0.5226635242686009,-1.3719798533832466,-0.029047926084209197,-0.09404037314930305,-0.051470784553669206,-0.028751656480882824,0.13239747,-0.925708,0.6329819,-1.5090749,-1.688358,-0.8721549,0.13239747,-0.925708,0.6329819,-1.5090749,-1.688358,-0.8721549,0.13021759688854218,-0.9602094292640686,0.6403163075447083,-1.4894636869430542,-1.7244013547897339,-0.8638938069343567,0.05449704,0.86253566,-0.18335976,-0.49028024,0.9010857,-0.20652722,-0.47221336,3.264059397740428e-05,0.0,8.160148494351071e-07,0.0005882349796593189,0.0002941175,1.17647,False,3,0.4633858332437919,0.15620878017561735,0.21062653334813008,0.5063653142151293,0.19532083950097467,0.1198818551196309,0.9997604886104904,0.005092659472730295,0.0012276691645467389,0.021247793466713183,0.28960493,-0.09530228,0.28934506,0.40020574096897144,3.930600360035896e-05,0.00011461898975539953,0.0004723449965240434,0.00034013099502772093,0.00015304300177376717,0.00011433500912971795,0.0016116729966597632,0.018250816996442154,0.019862489993101917,50.3461550061091,0
177,3.560091404011473,0.1308353990316391,-0.9554431003383179,0.6392763296710413,-1.4920217779329796,-1.7192571798907679,-0.8650215307818812,0.21115565299987793,-1.3273383378982544,-1.4829072952270508,-0.8044732213020325,0.11682111024856567,-0.1922629326581955,0.19193243980407715,-0.9784796833992004,-1.0517332553863525,-0.4181353747844696,0.17441797256469727,-0.14834889769554138,0.8512074037696653,-1.5240058714102915,-0.437019298462454,-0.09282807382263181,-0.061920485807315795,-0.03150265833317378,0.13235779,-0.9207921,0.63243884,-1.5116663,-1.6832935,-0.87328124,0.13235779,-0.9207921,0.63243884,-1.5116663,-1.6832935,-0.87328124,0.1308353990316391,-0.9554430842399597,0.6392763257026672,-1.4920217990875244,-1.7192572355270386,-0.8650215268135071,0.038059756,0.8662738,-0.17093712,-0.4911114,0.8990941,-0.20649219,-0.47585574,2.720049498117024e-05,0.0,6.80012374529256e-07,0.0005882349796593189,0.0002941175,1.17647,False,3,0.4641209657860446,0.157820911354635,0.20886529470315537,0.5063513122763809,0.1953483273980472,0.11988257716833857,0.9997576452953205,0.0053746407710773105,0.0016692214708632146,0.021282052308365548,0.28960493,-0.09530228,0.28934506,0.40021781374735743,4.1620005504228175e-05,0.00011127100151497871,0.0006101059989305213,0.0002783880045171827,0.00014606400509364903,0.00013140900409780443,0.0016877539892448112,0.01814220900996588,0.019829962999210693,50.428737564452526,0
178,3.580086468005902,0.13131102919578552,-0.9505977791598816,0.638252083455221,-1.4946734991720696,-1.7142303625689905,-0.8661182562457483,0.16969268023967743,-1.3598421812057495,-1.451831579208374,-0.7956816554069519,0.11189024895429611,-0.19601306319236755,0.19039058685302734,-0.9847881197929382,-1.0540169477462769,-0.4193243682384491,0.1744966059923172,-0.1486731469631195,0.3724660999268454,-1.6861292456372818,-0.10334590919310624,-0.10124406633186664,-0.054188804732019695,-0.026822212993750268,0.1322107,-0.91586435,0.63189095,-1.5144671,-1.6784152,-0.87451935,0.1322107,-0.91586435,0.63189095,-1.5144671,-1.6784152,-0.87451935,0.13131102919578552,-0.9505977630615234,0.6382520794868469,-1.494673490524292,-1.7142304182052612,-0.8661182522773743,0.02249186,0.8683352,-0.15902859,-0.49484187,0.8953805,-0.21002808,-0.4804922,2.2667079150975198e-05,0.0,5.6667697877438e-07,0.0005882349796593189,0.0002941175,1.17647,False,3,0.46489292033208623,0.15934319345122738,0.20707818371084358,0.5063033840779154,0.19536921605254445,0.11982165294724174,0.9997650409883899,0.005150602201517007,0.0019063260492175721,0.020969586867678667,0.28960493,-0.09530228,0.28934506,0.40023283185913594,0.000802176000433974,0.00019501199130900204,0.000610906005022116,0.0003339989925734699,0.00015998499293345958,0.00011215799895580858,0.0026468010037206113,0.01719389199570287,0.01984069299942348,50.40146531318525,0
179,3.600083514000289,0.13161161541938782,-0.9462195199779053,0.6373174826251429,-1.497094453578331,-1.7096741835223597,-0.8671711126910608,0.17747852206230164,-1.3442859649658203,-1.4406259059906006,-0.7610973119735718,0.12524820864200592,-0.16084493696689606,0.19265538454055786,-0.9871947169303894,-1.0511553287506104,-0.41749927401542664,0.17501495778560638,-0.14841751754283905,0.33503779253364985,-1.4963273254587908,0.23049188788887662,-0.0916956229596678,-0.05480418550553818,-0.02915477594624056,0.13189916,-0.9113603,0.6311958,-1.5171793,-1.6739882,-0.8756734,0.13189916,-0.9113603,0.6311958,-1.5171793,-1.6739882,-0.8756734,0.13161161541938782,-0.9462195038795471,0.6373174786567688,-1.4970945119857788,-1.7096742391586304,-0.8671711087226868,0.0071887285,0.8714793,-0.15304218,-0.5021175,0.8921504,-0.2125575,-0.48465368,1.8889232625812668e-05,0.0,4.722308156453167e-07,0.0005882349796593189,0.0002941175,1.17647,False,3,0.4656090545984903,0.1606631519707631,0.2054696981950109,0.5063179443899016,0.19534404101180064,0.11981446426258227,0.9997590661941352,0.005360175721353946,0.0021391729143513715,0.021178809884584836,0.28960493,-0.09530228,0.28934506,0.40022547764582256,3.8874000892974436e-05,0.00012146300286985934,0.00048640300519764423,0.0003593459987314418,0.00018592400010675192,0.00013471199781633914,0.001649130994337611,0.018201582992332987,0.0198507139866706,50.37602177289352,0
180,3.6200853860063944,0.13189415633678436,-0.941357747917511,0.6363433043109339,-1.4997937393239518,-1.704644028340475,-0.8682850042926233,0.18476559221744537,-1.373681902885437,-1.4813376665115356,-0.7525805830955505,0.17872732877731323,-0.1729162037372589,0.1940588355064392,-0.9912956357002258,-1.0487154722213745,-0.41604921221733093,0.17506785690784454,-0.14832234382629395,0.6169312649499877,-1.2169751971379674,-0.22876943024748014,-0.0823452271238884,-0.055680247643698624,-0.03405077649146629,0.1315924,-0.90635645,0.6304172,-1.5200324,-1.6690564,-0.8768375,0.1315924,-0.90635645,0.6304172,-1.5200324,-1.6690564,-0.8768375,0.13189415633678436,-0.9413577318191528,0.6363433003425598,-1.4997937679290771,-1.7046440839767456,-0.8682850003242493,-0.007544229,0.87503195,-0.14815186,-0.50596714,0.88969135,-0.2138121,-0.4884398,1.5741027188177224e-05,0.0,3.935256797044306e-07,0.0005882349796593189,0.0002941175,1.17647,False,3,0.46639757609526716,0.16209751341240172,0.20366473763909887,0.5063654562605701,0.19537329000466006,0.11990127510814488,0.9997566803835013,0.005498079630982576,0.0017776048165525063,0.021289630556289758,0.28960493,-0.09530228,0.28934506,0.4002356862189763,4.0297003579325974e-05,0.0001235230010934174,0.0004735889961011708,0.0003852789959637448,0.00014948801253922284,0.00011153701052535325,0.0016122550005093217,0.018239880999317393,0.019852135999826714,50.37241332664298,0
181,3.6400932000105968,0.13205814361572266,-0.9360392850688477,0.6353796164142054,-1.5028205451420327,-1.6990874449359339,-0.8695910612689417,0.18140384554862976,-1.4385679960250854,-1.4646105766296387,-0.7635425329208374,0.1573353260755539,-0.1941402405500412,0.11353661864995956,-1.0058947801589966,-1.0516600608825684,-0.41628357768058777,0.17318882048130035,-0.14812590181827545,0.33184907036108,-1.5058237336935334,-0.23339523664146913,-0.09105892792368926,-0.05475068903676112,-0.02625136435908578,0.13119936,-0.9009673,0.6297566,-1.5232999,-1.663705,-0.8783613,0.13119936,-0.9009673,0.6297566,-1.5232999,-1.663705,-0.8783613,0.13205814361572266,-0.9360392689704895,0.6353796124458313,-1.5028204917907715,-1.6990875005722046,-0.8695910573005676,-0.021469543,0.8767998,-0.14057408,-0.5119873,0.8845638,-0.21925573,-0.4935916,1.3117522656814355e-05,0.0,3.279380664203589e-07,0.0005882349796593189,0.0002941175,1.17647,False,3,0.46727256841764786,0.16361166701067953,0.20166450684985587,0.5063205188452429,0.19532762239351287,0.11983625307747339,0.9997569679502681,0.005400183761744568,0.00222571672601722,0.021256808927647655,0.28960493,-0.09530228,0.28934506,0.40020571932505516,4.437800089363009e-05,0.0001262440055143088,0.0005987480108160526,0.00032377499155700207,0.00015505899500567466,0.00011272900155745447,0.0017856479971669614,0.018053172010695562,0.019838820007862523,50.40622373728276,0
182,3.6600778810097836,0.13208559155464172,-0.931178168659546,0.6344855467425745,-1.505621963446476,-1.694120232258932,-0.8707869688617151,0.10408180952072144,-1.3856351375579834,-1.5006464719772339,-0.7487322688102722,0.16564476490020752,-0.15528711676597595,0.01865769922733307,-1.0083197355270386,-1.0523713827133179,-0.41624554991722107,0.1734985113143921,-0.14791446924209595,0.3109767980395704,-1.2289712638449939,-0.11500215975141968,-0.08579129534432894,-0.054721288859933215,-0.03297270633926225,0.13060392,-0.8959844,0.6291616,-1.5263132,-1.6588879,-0.8796119,0.13060392,-0.8959844,0.6291616,-1.5263132,-1.6588879,-0.8796119,0.13208559155464172,-0.9311781525611877,0.6344855427742004,-1.5056219100952148,-1.6941202878952026,-0.8707869648933411,-0.03704169,0.879844,-0.13309804,-0.5172805,0.88081205,-0.22062384,-0.4974735,1.0931268880678628e-05,0.0,2.732817220169657e-07,0.0005882349796593189,0.0002941175,1.17647,False,3,0.4680949673691518,0.1649132851041697,0.19984923898231338,0.5063356053215539,0.1953289907543858,0.11986508509615558,0.9997613183127032,0.005444607076219897,0.0020403453004443984,0.02106024998326086,0.28960493,-0.09530228,0.28934506,0.40020267190712944,3.971900150645524e-05,0.00011238800652790815,0.000459983988548629,0.00035172500065527856,0.00014584399468731135,0.00017552600183989853,0.0016998749924823642,0.018117953004548326,0.01981782799703069,50.4596164700708,0
183,3.6800851980078733,0.1320149153470993,-0.9263128203204651,0.6336868445025843,-1.5084021848491211,-1.689122502003805,-0.8719676176654261,0.05961310490965843,-1.3676782846450806,-1.5048737525939941,-0.7732851505279541,0.16493454575538635,-0.16217586398124695,-0.0710785761475563,-1.0011616945266724,-1.0498147010803223,-0.4161339998245239,0.1760905534029007,-0.14905670285224915,0.40103969175811977,-0.8658754473685402,-0.07092815148278811,-0.07200408766416078,-0.049406880069752995,-0.03452258554037618,0.13003317,-0.891026,0.6287899,-1.5292008,-1.6540227,-0.88082194,0.13003317,-0.891026,0.6287899,-1.5292008,-1.6540227,-0.88082194,0.1320149153470993,-0.9263128042221069,0.6336868405342102,-1.5084022283554077,-1.6891225576400757,-0.871967613697052,-0.049543794,0.8821692,-0.12242389,-0.51996464,0.87749815,-0.22135828,-0.5015398,9.109390733898857e-06,0.0,2.2773476834747144e-07,0.0005882349796593189,0.0002941175,1.17647,False,3,0.46890603332003905,0.16617325049556808,0.19799601262585945,0.5063471315585345,0.19535826141480045,0.1198298125711665,0.9997632072983508,0.0052697226602218,0.002341981533787473,0.020982568033129343,0.28960493,-0.09530228,0.28934506,0.40024510855828993,0.0001030770072247833,0.00012257701018825173,0.0007364479970419779,0.0002671919937711209,0.00026380100462120026,0.00011451500176917762,0.0019649119931273162,0.017892710005980916,0.019857621999108233,50.35849710730258,0
184,3.7001317880058195,0.13198614120483398,-0.9215018910220643,0.6328843275653284,-1.5112731021693726,-1.68420917192568,-0.8731873671161097,-0.07866241037845612,-1.3803306818008423,-1.51323401927948,-0.8027628064155579,0.16560938954353333,-0.1725766807794571,-0.16417935490608215,-1.0056109428405762,-1.050336480140686,-0.4166671335697174,0.17637880146503448,-0.14919279515743256,0.19676807052994028,-0.7851557326247542,0.12911624364647079,-0.05994615982807264,-0.03860944970881444,-0.03758912392137022,0.1295143,-0.8861647,0.62823915,-1.5323539,-1.6493587,-0.8822262,0.1295143,-0.8861647,0.62823915,-1.5323539,-1.6493587,-0.8822262,0.13198614120483398,-0.921501874923706,0.6328843235969543,-1.5112731456756592,-1.6842092275619507,-0.8731873631477356,-0.061795726,0.8834284,-0.11612907,-0.5270169,0.87126267,-0.22597137,-0.50607663,7.591158944915714e-06,0.0,1.8977897362289287e-07,0.0005882349796593189,0.0002941175,1.17647,False,3,0.4697206812615507,0.16743481096814763,0.19618555528866155,0.5063286661689367,0.19538420777250193,0.11983994620337973,0.9997596427369608,0.005336885334124803,0.0023142559556156117,0.02113731798182906,0.28960493,-0.09530228,0.28934506,0.40024966100885606,4.037500184495002e-05,0.00013061900972388685,0.00047576498764101416,0.00025381200248375535,0.0001692669902695343,0.00015565099602099508,0.001551674009533599,0.018348183992202394,0.019899858001735993,50.25161485638559,0
185,3.7201310450036544,0.131863072514534,-0.9170641464046021,0.6321495215045374,-1.51387798533354,-1.679744068776266,-0.8742988745318812,-0.14052781462669373,-1.4154303073883057,-1.458850622177124,-0.8028343319892883,0.13747695088386536,-0.16592076420783997,-0.24458551406860352,-1.0115302801132202,-1.0499261617660522,-0.4161922335624695,0.1762278527021408,-0.14880652725696564,0.09593536869079493,-1.6091165712798363,-0.06428712443047509,-0.08783630079326092,-0.03956839936979192,-0.03133981100181191,0.12904434,-0.8816889,0.62798226,-1.5349101,-1.6450766,-0.8833846,0.12904434,-0.8816889,0.62798226,-1.5349101,-1.6450766,-0.8833846,0.131863072514534,-0.9170641303062439,0.6321495175361633,-1.5138779878616333,-1.6797441244125366,-0.8742988705635071,-0.07046842,0.88438094,-0.10418185,-0.52580327,0.866687,-0.22714248,-0.5094977,6.325965787429762e-06,0.0,1.5814914468574407e-07,0.0005882349796593189,0.0002941175,1.17647,False,3,0.47047280470105773,0.16853560182762384,0.19450971394021793,0.5063337093403791,0.19538559026586824,0.11987249689442908,0.9997626566469957,0.005223150205339192,0.0013642732282345689,0.021105610375383593,0.28960493,-0.09530228,0.28934506,0.400239611860012,3.898999420925975e-05,0.00011813700257334858,0.0005947679892415181,0.0003396170068299398,0.00015192400314845145,0.00011255599383730441,0.0016966139955911785,0.018153106997488067,0.019849720993079245,50.37854186205728,0
186,3.740087530008168,0.131638765335083,-0.9115405839732666,0.6313579718219202,-1.517157943253853,-1.6743634382831019,-0.875643555318014,-0.17958897352218628,-1.408943772315979,-1.4540423154830933,-0.7771833539009094,0.14470449090003967,-0.19442614912986755,-0.24182121455669403,-1.022660732269287,-1.0524516105651855,-0.4171711504459381,0.17564617097377777,-0.14910849928855896,0.26923721827318825,-1.439328636624287,-0.008219513973856424,-0.08091486301885337,-0.04210380745700648,-0.031913216787766784,0.12828167,-0.87609625,0.6274232,-1.5384384,-1.6399549,-0.8848746,0.12828167,-0.87609625,0.6274232,-1.5384384,-1.6399549,-0.8848746,0.131638765335083,-0.9115405678749084,0.6313579678535461,-1.5171579122543335,-1.6743634939193726,-0.8756435513496399,-0.083927296,0.8861074,-0.098367825,-0.53201383,0.86021465,-0.23077558,-0.5143695,5.271638156191469e-06,0.0,1.3179095390478673e-07,0.0005882349796593189,0.0002941175,1.17647,False,3,0.4714051688195306,0.169828404214475,0.1923915324037218,0.5063350656009494,0.19535762706121312,0.11987838131610362,0.9997613743473123,0.005563348571873823,0.0017779218405230726,0.021050505915419637,0.28960493,-0.09530228,0.28934506,0.4002175458135789,8.462500409223139e-05,0.00011100700066890568,0.00046038599975872785,0.00032002400257624686,0.000149049999890849,0.00011484399146866053,0.0015739579976070672,0.018237669006339274,0.01981162700394634,50.475410212437716,0
187,3.760084398003528,0.1313001662492752,-0.9066184324077149,0.6307042280780237,-1.5200349886766453,-1.6694720427142542,-0.8768680731402796,-0.1819481998682022,-1.406274437904358,-1.475992202758789,-0.7858139872550964,0.17064528167247772,-0.18128561973571777,-0.2370721399784088,-1.0380927324295044,-1.054843544960022,-0.41628527641296387,0.17382673919200897,-0.14865820109844208,0.3176950890702204,-0.6914262016477699,0.008234978334466403,-0.05663803017233338,-0.0442411006604427,-0.03495835525841546,0.127599,-0.8711305,0.6271566,-1.5413615,-1.6352803,-0.8861611,0.127599,-0.8711305,0.6271566,-1.5413615,-1.6352803,-0.8861611,0.1313001662492752,-0.9066184163093567,0.6307042241096497,-1.5200350284576416,-1.669472098350525,-0.8768680691719055,-0.09252927,0.8871967,-0.088689715,-0.53315973,0.85479665,-0.23232518,-0.5180195,4.393031796826224e-06,0.0,1.0982579492065561e-07,0.0005882349796593189,0.0002941175,1.17647,False,3,0.47223076715799994,0.17093430265938245,0.1904778631475464,0.5062923643675633,0.19540369674235836,0.11983163613899529,0.9997689743520599,0.005704437204258769,0.0014775978880531995,0.02067179223723341,0.28960493,-0.09530228,0.28934506,0.4002476802400066,3.960500180255622e-05,0.00013316400873009115,0.0004848630051128566,0.0003997910098405555,0.00014388200361281633,0.00010610600293148309,0.0016344210016541183,0.01821774899144657,0.019852169993100688,50.37232707293633,0
188,3.780088514002273,0.1309804916381836,-0.9021486204913636,0.6301768461810511,-1.5226679642549534,-1.6650975386248987,-0.8780043760882776,-0.15799036622047424,-1.4155807495117188,-1.5054885149002075,-0.7539956569671631,0.17418259382247925,-0.17963209748268127,-0.24056501686573029,-1.0284701585769653,-1.0520145893096924,-0.4169491231441498,0.17533142864704132,-0.1492381989955902,0.26240335075903004,-0.7590753863275717,-0.07425774865421403,-0.06095595626357677,-0.053727829485219696,-0.038350145767005725,0.12697534,-0.8666258,0.6270449,-1.5440441,-1.6310496,-0.88726354,0.12697534,-0.8666258,0.6270449,-1.5440441,-1.6310496,-0.88726354,0.1309804916381836,-0.9021486043930054,0.630176842212677,-1.5226680040359497,-1.6650975942611694,-0.8780043721199036,-0.10012888,0.8880701,-0.07829858,-0.5344031,0.8511983,-0.23147927,-0.52211314,3.66085983068852e-06,0.0,9.152149576721301e-08,0.0005882349796593189,0.0002941175,1.17647,False,3,0.4729711541296239,0.17191518177912668,0.1887218510507902,0.5062470897441818,0.1954346690323787,0.1197079942927648,0.9997691323117792,0.0060211421414829575,0.00212808832197111,0.020515290188790725,0.28960493,-0.09530228,0.28934506,0.4002980496003768,8.927400631364435e-05,0.00011574300879146904,0.0008319170010508969,0.0002656720025697723,0.0002616620040498674,0.0001405609946232289,0.0020435839978745207,0.017815188999520615,0.019858772997395135,50.35557836988063,0
189,3.800130830000853,0.13050980865955353,-0.8967328828624268,0.6295660177813929,-1.5259312701276322,-1.6597383658038538,-0.8794158140765589,-0.23539254069328308,-1.451173186302185,-1.4940592050552368,-0.7632187604904175,0.1407046765089035,-0.181465744972229,-0.24017980694770813,-1.0318470001220703,-1.0519851446151733,-0.41675296425819397,0.1759316325187683,-0.14925052225589752,0.16920595000459768,-1.0543899891488937,-0.18730030354642718,-0.06432394719842581,-0.03834083649140327,-0.03767291126200502,0.12615299,-0.8611983,0.62695754,-1.5473878,-1.6259925,-0.88877654,0.12615299,-0.8611983,0.62695754,-1.5473878,-1.6259925,-0.88877654,0.13050980865955353,-0.8967328667640686,0.6295660138130188,-1.5259312391281128,-1.6597384214401245,-0.8794158101081848,-0.108920336,0.88836455,-0.065212585,-0.5364165,0.8436469,-0.23401842,-0.52690387,3.050716525573767e-06,0.0,7.626791313934418e-08,0.0005882349796593189,0.0002941175,1.17647,False,3,0.4738827179133577,0.1730780283348789,0.1865933162935912,0.5061803117886731,0.19546560028300092,0.11966661261433474,0.999766626868672,0.006977258878865022,0.0017256260731203874,0.02037292771883945,0.28960493,-0.09530228,0.28934506,0.40030192011644994,3.7417004932649434e-05,0.00011443400580901653,0.00045352199231274426,0.00024663101066835225,0.0001933699968503788,0.00010249500337522477,0.001469447000999935,0.018428560986649245,0.01989800798764918,50.25628699218064,0
190,3.820090639012051,0.1300751268863678,-0.8917500537684937,0.6290810743915003,-1.5288437765887757,-1.6549456755267542,-0.8807628790484827,-0.2659471333026886,-1.3830946683883667,-1.5127326250076294,-0.7717814445495605,0.1360224336385727,-0.19077591598033905,-0.23694609105587006,-1.0478593111038208,-1.0542179346084595,-0.41595369577407837,0.1743372231721878,-0.14834021031856537,0.4466991887953043,-0.7956081625759468,-0.11322108223650271,-0.0637160870148786,-0.0540742241584595,-0.03534164214315063,0.12532806,-0.85618913,0.6270647,-1.5502563,-1.6213777,-0.8900871,0.12532806,-0.85618913,0.6270647,-1.5502563,-1.6213777,-0.8900871,0.1300751268863678,-0.8917500376701355,0.6290810704231262,-1.5288437604904175,-1.654945731163025,-0.8807628750801086,-0.118676536,0.889022,-0.050409034,-0.5353109,0.8391994,-0.233107,-0.53138256,2.542263771311473e-06,0.0,6.355659428278682e-08,0.0005882349796593189,0.0002941175,1.17647,False,3,0.47468545681829327,0.17410917604322923,0.1845994401487279,0.5061220356672836,0.1954040141589537,0.1195647893043549,0.9997737746724069,0.007554863759657087,0.0021606739691286295,0.01976515977049024,0.28960493,-0.09530228,0.28934506,0.4002688376179536,4.074900061823428e-05,0.00011493699275888503,0.00046152499271556735,0.0003061769966734573,0.00014936900697648525,0.00011667099897749722,0.0015266560076270252,0.01828565599862486,0.019812312006251886,50.47366504648445,0
191,3.8400907370087225,0.1295085847377777,-0.8868924540332337,0.6285942236529749,-1.5318441700986405,-1.650271240864889,-0.8820460478412073,-0.20764069259166718,-1.4019087553024292,-1.4767301082611084,-0.7078043818473816,0.13934557139873505,-0.16979454457759857,-0.23915235698223114,-1.0420531034469604,-1.0503332614898682,-0.415989488363266,0.17588333785533905,-0.1490056812763214,0.05706823614037688,-0.6139344043355772,0.0927960729365091,-0.046485122834486324,-0.036316049623465727,-0.03746995078130562,0.124621525,-0.8513444,0.6270235,-1.5532163,-1.6169883,-0.89142686,0.124621525,-0.8513444,0.6270235,-1.5532163,-1.6169883,-0.89142686,0.1295085847377777,-0.8868924379348755,0.6285942196846008,-1.531844139099121,-1.6502712965011597,-0.8820460438728333,-0.12217643,0.8887013,-0.039267935,-0.5343056,0.8320751,-0.23452029,-0.5350786,2.1185531427595607e-06,0.0,5.296382856898902e-08,0.0005882349796593189,0.0002941175,1.17647,False,3,0.4755206361652947,0.17505031773667779,0.18268201682517804,0.5061646199095865,0.19546961352162157,0.11947159649533233,0.999779531011424,0.00802795780459636,0.0024502950846332747,0.019246803501650235,0.28960493,-0.09530228,0.28934506,0.400379048525131,4.3521999032236636e-05,0.0001287829945795238,0.0005137989937793463,0.0004647289897548035,0.0001731129887048155,0.00015622000501025468,0.001849262000177987,0.017986992999794893,0.01983625499997288,50.41274171971308,0
192,3.8600864470063243,0.12887021899223328,-0.8818736237338562,0.6281622091876429,-1.5348203492215653,-1.645491902028219,-0.8832905928241175,-0.21809758245944977,-1.4024789333343506,-1.5006572008132935,-0.746569037437439,0.1766035258769989,-0.19375962018966675,-0.23979373276233673,-1.0445597171783447,-1.0486822128295898,-0.41528502106666565,0.17646056413650513,-0.1491849273443222,0.17937783972608912,-0.4370434996848866,0.36500865606302413,-0.040578046602278796,-0.041107202192155384,-0.039196782705732805,0.123707876,-0.8462974,0.6266747,-1.5563983,-1.6124387,-0.89270663,0.123707876,-0.8462974,0.6266747,-1.5563983,-1.6124387,-0.89270663,0.12887021899223328,-0.881873607635498,0.6281622052192688,-1.534820318222046,-1.6454919576644897,-0.8832905888557434,-0.1290585,0.8894051,-0.03718709,-0.5394495,0.82633317,-0.23540042,-0.53929526,1.765460952299634e-06,0.0,4.413652380749085e-08,0.0005882349796593189,0.0002941175,1.17647,False,3,0.4763485349383225,0.17597904603665132,0.18066097748769955,0.5061438910809775,0.1955018365320451,0.1193600193093306,0.9997683517971595,0.009524122420831964,0.0027324093921355644,0.01910555166508729,0.28960493,-0.09530228,0.28934506,0.4004385913651031,4.575299681164324e-05,0.00014139000268187374,0.0005285380029818043,0.00031207599386107177,0.00019035799778066576,0.0001269710046472028,0.0017411529988748953,0.01802705999580212,0.019768212994677015,50.586261907905886,0
193,3.88009131301078,0.12822726368904114,-0.8768414419940491,0.6279261747943323,-1.5378000785461445,-1.6408727804767054,-0.8845842520343226,-0.1808021068572998,-1.459475040435791,-1.530001163482666,-0.7786328792572021,0.22406801581382751,-0.24218147993087769,-0.23680175840854645,-1.0547521114349365,-1.0508664846420288,-0.4154670238494873,0.17566606402397156,-0.14913959801197052,0.3618689236715564,-0.5099092035703792,-0.12977452810533743,-0.048770330123278686,-0.04377072094142141,-0.038966816533229955,0.12253688,-0.84120023,0.6263771,-1.5596377,-1.6082447,-0.8940653,0.12253688,-0.84120023,0.6263771,-1.5596377,-1.6082447,-0.8940653,0.12822726368904114,-0.8768414258956909,0.6279261708259583,-1.5378000736236572,-1.640872836112976,-0.8845842480659485,-0.14225954,0.89102924,-0.03872678,-0.5459392,0.81570494,-0.23702623,-0.5436311,1.4712174602496952e-06,0.0,3.678043650624238e-08,0.0005882349796593189,0.0002941175,1.17647,False,3,0.47714273411264524,0.17686216192363444,0.17856970456160418,0.5061692164869177,0.19512464242732314,0.11977679018516368,0.9997820644290344,0.004475738798915359,0.004454295027676533,0.019899748443924645,0.28960493,-0.09530228,0.28934506,0.40000160140204466,0.0001396570005454123,0.00015139899915084243,0.0008430259913438931,0.00038541099638678133,0.0002514809893909842,0.00013940800272393972,0.002321645006304607,0.01752252600272186,0.019844171009026468,50.39263164710345,0
194,3.900092404001043,0.12754467129707336,-0.8717714113048096,0.6277192274676722,-1.5407847941717883,-1.6361201445208948,-0.8859260717975062,-0.22635875642299652,-1.4770969152450562,-1.5800334215164185,-0.8095337748527527,0.2131563425064087,-0.22967922687530518,-0.23814509809017181,-1.0613291263580322,-1.0548665523529053,-0.41681504249572754,0.17551328241825104,-0.14891768991947174,0.15533055724353753,-0.5119793796814234,-0.2897107800593376,-0.05140834807814486,-0.04363061916256804,-0.03623894098010946,0.121657535,-0.83613825,0.62647426,-1.5626581,-1.6038855,-0.89541495,0.121657535,-0.83613825,0.62647426,-1.5626581,-1.6038855,-0.89541495,0.12754467129707336,-0.8717713952064514,0.6277192234992981,-1.5407848358154297,-1.6361202001571655,-0.8859260678291321,-0.14717838,0.8908283,-0.031124646,-0.54683197,0.80586547,-0.23722166,-0.5471468,1.2260145502080792e-06,0.0,3.065036375520198e-08,0.0005882349796593189,0.0002941175,1.17647,False,3,0.47792857058682436,0.17775544905170287,0.17644802725147687,0.5061653459814077,0.1951218938345133,0.11977947358564722,0.9997853560903657,0.0045596841081769835,0.004156582070927389,0.019777801427244442,0.28960493,-0.09530228,0.28934506,0.3999963726805669,3.923098847735673e-05,0.00010818800365086645,0.0004904600064037368,0.0003178369952365756,0.0001571040047565475,0.00011234900739509612,0.0015726230049040169,0.01824600998952519,0.01981863299442921,50.45756689076833,0
195,3.9201396770076826,0.12689685821533203,-0.8668478292277833,0.6274679342852991,-1.5438640539399167,-1.631462875996725,-0.8872287909137171,-0.2518792748451233,-1.4943759441375732,-1.566233515739441,-0.7972995042800903,0.23193500936031342,-0.2765258550643921,-0.24429570138454437,-1.0649434328079224,-1.0576045513153076,-0.4179839789867401,0.17433284223079681,-0.14897817373275757,0.28289155498428065,-0.32405899391394716,-0.16966179472334972,-0.03929496327456844,-0.030148357220500868,-0.03782137846251206,0.12084502,-0.83127123,0.6269,-1.5655757,-1.5994672,-0.8966454,0.12084502,-0.83127123,0.6269,-1.5655757,-1.5994672,-0.8966454,0.12689685821533203,-0.866847813129425,0.627467930316925,-1.5438640117645264,-1.6314629316329956,-0.887228786945343,-0.15129593,0.88941437,-0.014197268,-0.5427939,0.7998953,-0.23541658,-0.5517291,1.021678791840066e-06,0.0,2.5541969796001652e-08,0.0005882349796593189,0.0002941175,1.17647,False,3,0.47872542513892413,0.17864400371270514,0.17442808480070443,0.5061034372320884,0.19514307331752132,0.11959014234808976,0.9997796417137101,0.004757143216444219,0.006256428784986949,0.01946553563012674,0.28960493,-0.09530228,0.28934506,0.4000585388503209,6.0431004385463893e-05,0.00013179599773138762,0.0005287819949444383,0.0003311720065539703,0.00016638700617477298,0.00012521300232037902,0.0019297969993203878,0.017945208004675806,0.019875005003996193,50.314452740964526,0
196,3.9400861590111163,0.12613186240196228,-0.8619221609881897,0.6272285620318812,-1.546927386229374,-1.626810375844137,-0.8885481993304651,-0.25398603081703186,-1.474267601966858,-1.5508625507354736,-0.8410031795501709,0.18559376895427704,-0.23327982425689697,-0.24212081730365753,-1.0678555965423584,-1.049330234527588,-0.4173290431499481,0.17409443855285645,-0.14907416701316833,0.4810890889841716,-0.3819688196866227,-0.2894209341395001,-0.04203241920306405,-0.04873762290748331,-0.03543658879022322,0.11993874,-0.826363,0.6270532,-1.5686944,-1.5951521,-0.897919,0.11993874,-0.826363,0.6270532,-1.5686944,-1.5951521,-0.897919,0.12613186240196228,-0.8619221448898315,0.6272285580635071,-1.5469273328781128,-1.6268104314804077,-0.8885481953620911,-0.1548281,0.8889784,-0.0043845875,-0.54417497,0.7914587,-0.23427044,-0.5559997,8.513989932000551e-07,0.0,2.1284974830001378e-08,0.0005882349796593189,0.0002941175,1.17647,False,3,0.4795295841969726,0.17947267075891224,0.17240092235522,0.5061329578745992,0.1950827638588698,0.11961812920527147,0.9997848626777027,0.004470297416797688,0.006086161561861046,0.019319844005151344,0.28960493,-0.09530228,0.28934506,0.4000188584708482,4.5316002797335386e-05,0.00012791399785783142,0.0006124500068835914,0.0002951240021502599,0.00016766598855610937,0.00013126998965162784,0.0017574230005266145,0.018026827005087398,0.019784250005614012,50.54525694510726,0
197,3.960083474012208,0.12533321976661682,-0.8569349211505433,0.6270917097674769,-1.5500193175724526,-1.622286621724264,-0.8899014631854456,-0.22174912691116333,-1.406535267829895,-1.5407270193099976,-0.7961404919624329,0.18049921095371246,-0.24018412828445435,-0.23719799518585205,-1.0742298364639282,-0.993990957736969,-0.41610753536224365,0.17465025186538696,-0.14869576692581177,0.18232176308460799,-0.5056716031533994,0.16363169985488493,-0.042017635029826014,-0.035803659337010185,-0.03746984897311531,0.11901111,-0.8214154,0.62706685,-1.5718044,-1.590969,-0.89924634,0.11901111,-0.8214154,0.62706685,-1.5718044,-1.590969,-0.89924634,0.12533321976661682,-0.8569349050521851,0.6270917057991028,-1.5500192642211914,-1.6222866773605347,-0.8899014592170715,-0.15805279,0.88798726,-0.0006220732,-0.54462785,0.78294265,-0.23362172,-0.5597435,7.094991610000459e-07,0.0,1.773747902500115e-08,0.0005882349796593189,0.0002941175,1.17647,False,3,0.4803251748979671,0.18025156741226545,0.17031352456471022,0.506145489250746,0.19505275517975385,0.11957798383359337,0.9997920995731195,0.004654615238142288,0.006623849719846203,0.018714149200864595,0.28960493,-0.09530228,0.28934506,0.40002089438918953,5.185599729884416e-05,0.00014161798753775656,0.0006378329999279231,0.0003899990115314722,0.00019159000657964498,0.0001498620113125071,0.0020565499871736392,0.0177383320115041,0.019794881998677738,50.51810867409051,0
198,3.9800772100134054,0.124443419277668,-0.8519422572902222,0.6270349661456507,-1.553072302868106,-1.6178267637835901,-0.8912037054644983,-0.23987510800361633,-1.460927128791809,-1.5345933437347412,-0.7903996109962463,0.17621062695980072,-0.2584950923919678,-0.2350826859474182,-1.0814114809036255,-0.9165214896202087,-0.4164018929004669,0.17483654618263245,-0.14847350120544434,-0.1489924693551976,-0.19348523911656615,0.19621967933569137,-0.032243315255022255,-0.030559954033409872,-0.03853578408633008,0.11781756,-0.81646883,0.62697583,-1.5751193,-1.587004,-0.90051323,0.11781756,-0.81646883,0.62697583,-1.5751193,-1.587004,-0.90051323,0.124443419277668,-0.851942241191864,0.6270349621772766,-1.5530723333358765,-1.6178268194198608,-0.8912037014961243,-0.16564646,0.8868356,-0.001478412,-0.5511727,0.77057225,-0.23273797,-0.56310743,5.912493008333716e-07,0.0,1.4781232520834292e-08,0.0005882349796593189,0.0002941175,1.17647,False,3,0.4811086461593158,0.1809666718331389,0.16819145088710794,0.5061509287465504,0.19491210408660736,0.11943628563723947,0.9997828890736054,0.003949539173917341,0.008349891978439552,0.018678193740403748,0.28960493,-0.09530228,0.28934506,0.3999819314071194,8.606100163888186e-05,0.00011971000640187413,0.0006679709913441911,0.00034097199386451393,0.0002493880019756034,0.00023301399778574705,0.002030030998867005,0.017780193011276424,0.01981022401014343,50.47898496695292,0
199,4.00007794200792,0.12364936619997025,-0.8473440569690247,0.6270311514483851,-1.555779725579061,-1.6138103644000452,-0.8924229780780237,-0.20156368613243103,-1.5275356769561768,-1.5141007900238037,-0.8017014861106873,0.19176368415355682,-0.24111631512641907,-0.23439721763134003,-1.086981177330017,-0.8618679642677307,-0.41699865460395813,0.17453083395957947,-0.14857040345668793,0.061020688018895236,-0.124401735322599,-0.3247366936377016,-0.018275056998037158,-0.02840137895629688,-0.04257490852030435,0.11707032,-0.81195146,0.6273424,-1.5776116,-1.5832527,-0.9016087,0.11707032,-0.81195146,0.6273424,-1.5776116,-1.5832527,-0.9016087,0.12364936619997025,-0.8473440408706665,0.627031147480011,-1.5557796955108643,-1.613810420036316,-0.8924229741096497,-0.1644762,0.8848147,0.007781845,-0.5457975,0.76394325,-0.22964399,-0.5662505,4.927077506944764e-07,0.0,1.2317693767361911e-08,0.0005882349796593189,0.0002941175,1.17647,False,3,0.4817898023364908,0.1816102490303244,0.16620745515986632,0.5061316679266696,0.19494346182252625,0.1193226786814605,0.9997649234804723,0.004295081364237022,0.010014920240458497,0.018745335865563203,0.28960493,-0.09530228,0.28934506,0.40004252845691635,4.3495994759723544e-05,0.0001375459978589788,0.0005310160049702972,0.00040407800406683236,0.00018359400564804673,0.0001737610000418499,0.0018541099998401478,0.017973887996049598,0.019827997995889746,50.433735176254075,0
200,4.020082181014004,0.12266764044761658,-0.8417633336833497,0.6270082632647913,-1.5591203153929492,-1.6089399496661585,-0.8938568274127405,-0.22072859108448029,-1.4892903566360474,-1.5441950559616089,-0.7588202953338623,0.18029731512069702,-0.23350311815738678,-0.2391696572303772,-1.0931289196014404,-0.8264114260673523,-0.41842660307884216,0.17331922054290771,-0.14851777255535126,-0.4882183322276498,-0.46742997815763615,-0.4202844172649669,-0.03786582919446076,-0.02081722812107169,-0.037094706353919996,0.116599485,-0.80647963,0.62781745,-1.5803299,-1.5786427,-0.90286326,0.116599485,-0.80647963,0.62781745,-1.5803299,-1.5786427,-0.90286326,0.12266764044761658,-0.8417633175849915,0.6270082592964172,-1.5591202974319458,-1.6089400053024292,-0.8938568234443665,-0.15170383,0.8820927,0.0202294,-0.53024006,0.7574324,-0.22516029,-0.5699499,4.1058979224539705e-07,0.0,1.0264744806134927e-08,0.0005882349796593189,0.0002941175,1.17647,False,3,0.4826241435600899,0.18238089142367728,0.16381243017112646,0.5062272806855573,0.19526809074854823,0.11986041320347333,0.9997704950267544,0.005371876377506827,0.002809133174519702,0.020547054649924464,0.28960493,-0.09530228,0.28934506,0.40010176732506314,4.311799420975149e-05,0.00012681700172834098,0.0005089259939268231,0.00040897699363995343,0.00016732500807847828,0.00012103001063223928,0.001812652000808157,0.01802327200130094,0.019835924002109095,50.41358294645981,0
201,4.040095782009303,0.12178505212068558,-0.8368469041636963,0.6270244757281702,-1.5622146178833027,-1.6045668760882776,-0.895116154347555,-0.24034802615642548,-1.5037972927093506,-1.5448133945465088,-0.7605719566345215,0.17193910479545593,-0.2429182231426239,-0.2327975332736969,-1.1049063205718994,-0.8000698089599609,-0.4165244996547699,0.17194972932338715,-0.147809237241745,-0.45156073766577104,-0.3558001143833149,-0.26307227229139096,-0.03632027865009173,-0.023940234221226042,-0.03689781301281775,0.115791835,-0.80170685,0.62855256,-1.5830115,-1.5745169,-0.90393496,0.115791835,-0.80170685,0.62855256,-1.5830115,-1.5745169,-0.90393496,0.12178505212068558,-0.8368468880653381,0.6270244717597961,-1.5622146129608154,-1.6045669317245483,-0.8951161503791809,-0.1498305,0.87850106,0.038201462,-0.5199227,0.7512502,-0.22046939,-0.57361394,3.4215816020449756e-07,0.0,8.55395400511244e-09,0.0005882349796593189,0.0002941175,1.17647,False,3,0.4833768753924102,0.18307144828665978,0.16170886394163844,0.506213013033516,0.19538046050233107,0.11992892095346244,0.9997677709593451,0.004894668696540131,0.0014119445969172954,0.020938629646880903,0.28960493,-0.09530228,0.28934506,0.4001466493350275,4.603600245900452e-05,0.00014417299826163799,0.0005676409928128123,0.0003924149932572618,0.00018836799426935613,0.00017196500266436487,0.001903676995425485,0.017885413006297313,0.019789090001722798,50.53289463603137,0
202,4.060078614013037,0.12089280039072037,-0.8320198816112061,0.6270154158221644,-1.565235241116472,-1.6003182570086878,-0.8964617888080042,-0.23146995902061462,-1.4681975841522217,-1.4141342639923096,-0.7294403910636902,0.16865363717079163,-0.19615210592746735,-0.22288374602794647,-1.0945417881011963,-0.7371143698692322,-0.41302797198295593,0.1743701845407486,-0.1477573961019516,-0.05965308937143881,-0.36809306920088036,-0.02626591919338501,-0.034441171962451,-0.028603070387400856,-0.04035915228114509,0.11493361,-0.7970434,0.62902486,-1.5858661,-1.5706527,-0.905089,0.11493361,-0.7970434,0.62902486,-1.5858661,-1.5706527,-0.905089,0.12089280039072037,-0.8320198655128479,0.6270154118537903,-1.5652352571487427,-1.6003183126449585,-0.8964617848396301,-0.14897975,0.87441176,0.050236057,-0.5157723,0.7416394,-0.21568052,-0.5768228,2.8513180017041464e-07,0.0,7.128295004260366e-09,0.0005882349796593189,0.0002941175,1.17647,False,3,0.4841138330840728,0.183724249299253,0.15964975144024615,0.5062199491324041,0.1954128472101139,0.11993496329236539,0.9997736220004884,0.005069802319704954,0.0007079219386415555,0.020650762498783354,0.28960493,-0.09530228,0.28934506,0.40017137342894893,4.3773994548246264e-05,0.00014686299255117774,0.0006401490099960938,0.00026655000692699105,0.000168889993801713,0.00011637400893960148,0.0018214390001958236,0.017995120011619292,0.019816559011815116,50.46284773273582,0
203,4.080128009009059,0.12003350257873535,-0.827097014789917,0.6270073095904749,-1.5682429019692172,-1.5960281530963343,-0.8977440039264124,-0.20195673406124115,-1.4181005954742432,-1.2146368026733398,-0.6980152130126953,0.15836724638938904,-0.21124839782714844,-0.2220122069120407,-1.099173665046692,-0.6496776342391968,-0.4119613468647003,0.17521822452545166,-0.14729958772659302,-0.2215276085153877,-0.15225768364714798,0.053354875463052426,-0.022783420723579167,-0.018697342075492014,-0.03830178282640369,0.11406027,-0.79228985,0.6293444,-1.5887885,-1.5667787,-0.90615,0.11406027,-0.79228985,0.6293444,-1.5887885,-1.5667787,-0.90615,0.12003350257873535,-0.8270969986915588,0.6270073056221008,-1.5682429075241089,-1.596028208732605,-0.8977439999580383,-0.14933084,0.8701785,0.05842733,-0.5136388,0.73123795,-0.21014991,-0.5795446,2.3760983347534554e-07,0.0,5.940245836883639e-09,0.0005882349796593189,0.0002941175,1.17647,False,3,0.48483274611501753,0.18440026089413947,0.15753981181437918,0.5061665838005005,0.19543493347839613,0.11995919424065635,0.9997822069192543,0.004971957635615203,0.0011148533142754224,0.020237414989379178,0.28960493,-0.09530228,0.28934506,0.40014827784246443,3.894799738191068e-05,0.00012003100709989667,0.000590316005400382,0.00034975798917002976,0.0002493650099495426,0.00014161699800752103,0.001830080000218004,0.01807433200883679,0.019904412009054795,50.24011759528923,0
204,4.100129975005984,0.11912881582975388,-0.8221641343883057,0.6270840803729456,-1.5711842976012171,-1.5918429533587855,-0.8989947477923792,-0.25053924322128296,-1.4798120260238647,-1.0635125637054443,-0.7198101878166199,0.15981356799602509,-0.1788269281387329,-0.22422532737255096,-1.1105214357376099,-0.5813838839530945,-0.413112074136734,0.17423124611377716,-0.1471274197101593,-0.44373455049659194,-0.11540038134536547,-0.019574503259786435,-0.020409897713524507,-0.015770889364651385,-0.04127520212191681,0.11296426,-0.7876301,0.6302173,-1.5914646,-1.5631441,-0.90706426,0.11296426,-0.7876301,0.6302173,-1.5914646,-1.5631441,-0.90706426,0.11912881582975388,-0.8221641182899475,0.6270840764045715,-1.5711842775344849,-1.5918430089950562,-0.8989947438240051,-0.15411405,0.86335075,0.07833109,-0.50700766,0.71747404,-0.20173818,-0.5831703,1.9800819456278796e-07,0.0,4.950204864069699e-09,0.0005882349796593189,0.0002941175,1.17647,False,3,0.4855250733290743,0.18502382427999017,0.15538775295973906,0.5056580657293269,0.1952271697286191,0.11991261500922193,0.9998360651896941,0.004976803089895925,0.0017498601874877408,0.01731915705673282,0.28960493,-0.09530228,0.28934506,0.39974200127100357,3.8515005144290626e-05,0.0001224799925694242,0.0004767520003952086,0.0003434910031501204,0.000172741012647748,0.00013241500710137188,0.001613625994650647,0.018244851002236828,0.019858476996887475,50.35632894490022,0
205,4.120131824005512,0.11836257576942444,-0.8176887196353455,0.6272824446307581,-1.5737816296019496,-1.588066879902975,-0.9000428358661097,-0.24376314878463745,-1.6034841537475586,-0.9854742288589478,-0.798260509967804,0.14709290862083435,-0.20718072354793549,-0.22660519182682037,-1.1181851625442505,-0.5847316980361938,-0.4145028293132782,0.17347528040409088,-0.14686910808086395,0.04129659798111422,-0.2313526985855035,-0.1834942376608895,-0.03025462305963375,-0.03119883451552877,-0.04004585124283452,0.112050444,-0.78330266,0.629621,-1.5946839,-1.5600189,-0.9079804,0.112050444,-0.78330266,0.629621,-1.5946839,-1.5600189,-0.9079804,0.11836257576942444,-0.8176887035369873,0.627282440662384,-1.5737816095352173,-1.5880669355392456,-0.9000428318977356,-0.1578033,0.8596507,0.058465295,-0.52255666,0.7012003,-0.19843942,-0.5834354,1.6500682880232332e-07,0.0,4.125170720058083e-09,0.0005882349796593189,0.0002941175,1.17647,False,3,0.4860978560496523,0.18560465265527396,0.15338234714932678,0.5057194351648594,0.19519415978877466,0.11989183014952924,0.9998289638091035,0.005115353317054653,0.001412126739477928,0.017715286377447362,0.28960493,-0.09530228,0.28934506,0.3997599949040449,3.87860054615885e-05,0.00012344498827587813,0.00048251100815832615,0.00035678199492394924,0.00014974200166761875,0.00011061500117648393,0.0015886600012890995,0.018269091000547633,0.019857751001836732,50.35816996131664,0
206,4.140083355014212,0.11746253818273544,-0.8122162979892273,0.6275861899005335,-1.5769373379149378,-1.583545986806051,-0.9013574759112757,-0.2248821258544922,-1.5182712078094482,-0.9073752164840698,-0.8148976564407349,0.18019500374794006,-0.18311980366706848,-0.23314586281776428,-1.1236722469329834,-0.5838121175765991,-0.4141481816768646,0.17206594347953796,-0.14606912434101105,-0.16978978098749387,0.29427106530211367,-0.27681331130932263,-0.014865320664920377,-0.029125598871263078,-0.04310841532223291,0.11141122,-0.7780317,0.62992084,-1.5973473,-1.5556387,-0.9088903,0.11141122,-0.7780317,0.62992084,-1.5973473,-1.5556387,-0.9088903,0.11746253818273544,-0.8122162818908691,0.6275861859321594,-1.5769373178482056,-1.5835460424423218,-0.9013574719429016,-0.15128286,0.85461396,0.058365703,-0.5102475,0.69768566,-0.18832017,-0.58308905,1.3750569066860276e-07,0.0,3.4376422667150694e-09,0.0005882349796593189,0.0002941175,1.17647,False,3,0.4867680142507202,0.18630591031788624,0.15090696715785099,0.5057644740139752,0.19553455347306248,0.11964654162818558,0.9997994572054755,0.007084762408600502,0.0021744876245934188,0.018605678594391196,0.28960493,-0.09530228,0.28934506,0.4001357205400804,4.1552993934601545e-05,0.00011494099453557283,0.00045642699114978313,0.00036525100586004555,0.0001732399978209287,0.0001605809957254678,0.0016802719910629094,0.018123302012099884,0.019803574003162794,50.49593572555599,0
207,4.160082623013295,0.11661792546510696,-0.8073718708804627,0.6279295126544397,-1.5799137554564417,-1.579521958027975,-0.9025595823871058,-0.24516665935516357,-1.5686136484146118,-0.8734312653541565,-0.7601360082626343,0.19980965554714203,-0.16987356543540955,-0.23312027752399445,-1.1426118612289429,-0.5969460010528564,-0.41839224100112915,0.1693142056465149,-0.14549215137958527,-0.5153989995955365,-0.1998693780794377,-0.028925885135315313,-0.02209569958652826,-0.013894314021065467,-0.0396286063282553,0.11052836,-0.77346396,0.63066703,-1.6000421,-1.551974,-0.90967256,0.11052836,-0.77346396,0.63066703,-1.6000421,-1.551974,-0.90967256,0.11661792546510696,-0.8073718547821045,0.6279295086860657,-1.5799137353897095,-1.5795220136642456,-0.9025595784187317,-0.1522392,0.8476974,0.06843812,-0.50320894,0.688699,-0.17782487,-0.58367807,1.1458807555716898e-07,0.0,2.864701888929225e-09,0.0005882349796593189,0.0002941175,1.17647,False,3,0.48738563167296295,0.18690942161267676,0.14871360820197008,0.5057548591996307,0.19555586164255193,0.11944467806827826,0.9997943760955849,0.0076262323543513375,0.0037002839891258346,0.018421486009976226,0.28960493,-0.09530228,0.28934506,0.4002316651304296,3.971699334215373e-05,0.00013236400263849646,0.0006162719946587458,0.00032267399365082383,0.00017639200086705387,0.0001091900048777461,0.0017937520024133846,0.01802745700115338,0.019821209003566764,50.451009311291415,0
208,4.180086653999751,0.11578302085399628,-0.8026296657374878,0.6282733122455042,-1.5827404461302699,-1.5755780378924769,-0.9036758581744593,-0.255555123090744,-1.5577911138534546,-0.8252189755439758,-0.804537832736969,0.22094394266605377,-0.182931587100029,-0.22781246900558472,-1.132009744644165,-0.5931983590126038,-0.41647762060165405,0.17191144824028015,-0.1451951563358307,-0.2273439638897759,-0.21214210347431042,-0.11827006916047977,-0.0175632692137904,-0.018890668900651823,-0.03956600115748639,0.10952916,-0.7689861,0.6302057,-1.6031436,-1.548739,-0.91039443,0.10952916,-0.7689861,0.6302057,-1.6031436,-1.548739,-0.91039443,0.11578302085399628,-0.8026296496391296,0.6282733082771301,-1.5827404260635376,-1.5755780935287476,-0.9036758542060852,-0.15634646,0.8410886,0.04830932,-0.51007956,0.67097765,-0.1679648,-0.5813465,9.549006296430748e-08,0.0,2.3872515741076873e-09,0.0005882349796593189,0.0002941175,1.17647,False,3,0.4879622242461606,0.18749294899829747,0.14655253681603345,0.506058265153378,0.19529016653196987,0.12000022545680272,0.9998169840607145,0.003970035858573841,0.001338237419666499,0.018666982546286914,0.28960493,-0.09530228,0.28934506,0.3999671046624154,4.0457991417497396e-05,0.0001167699956567958,0.000586430003750138,0.0003775549994315952,0.00025380800070706755,0.00014519300020765513,0.0018626759992912412,0.017996079986914992,0.019858755986206234,50.35562150492174,0
209,4.200087658013217,0.11490903049707413,-0.7978584927371521,0.6286485830890101,-1.5856887302794398,-1.5716922918902796,-0.9047067801104944,-0.24425308406352997,-1.5127407312393188,-0.7969002723693848,-0.7129801511764526,0.2492634803056717,-0.1879739612340927,-0.22772294282913208,-1.134708046913147,-0.5896149277687073,-0.414816677570343,0.17263519763946533,-0.14463213086128235,1.1273139110676536,0.09055426184914184,2.3880843806299548,0.07284629968660385,0.1407530816907999,-0.067657182823542,0.10882881,-0.7646202,0.63089013,-1.6053847,-1.5451298,-0.910853,0.10882881,-0.7646202,0.63089013,-1.6053847,-1.5451298,-0.910853,0.11490903049707413,-0.797858476638794,0.628648579120636,-1.5856887102127075,-1.5716923475265503,-0.9047067761421204,-0.15200552,0.83095706,0.056038924,-0.49240047,0.66406393,-0.15365613,-0.57963145,7.957505247025624e-08,0.0,1.9893763117564063e-09,0.0005882349796593189,0.0002941175,1.17647,False,3,0.4885589112103051,0.18804399746831688,0.14438148508014448,0.5060781415569946,0.1952501089590497,0.12002086719230774,0.9998137702199897,0.0039862641268211905,0.001536042930131111,0.018819111890856142,0.28960493,-0.09530228,0.28934506,0.39994002033691106,4.030400305055082e-05,0.00012083300680387765,0.0004762270109495148,0.00039138400461524725,0.00016781000886112452,0.00012274799519218504,0.0016808869986562058,0.01817618501081597,0.019857072009472176,50.35989190767814,0
210,4.220081884006504,0.11391161382198334,-0.7939145129970093,0.6282241980182093,-1.5891639194884242,-1.568026367818014,-0.9056986013995569,-0.11187973618507385,-0.6785691380500793,-0.2930552363395691,-0.18123693764209747,0.4723059833049774,-0.22227385640144348,-0.23088012635707855,-1.1472723484039307,-0.5977537035942078,-0.4176073968410492,0.1706608682870865,-0.14400380849838257,2.444101845555276,4.10116374438281,17.263355308139253,0.5234289243586693,0.4178533423727817,-0.24443322475500284,0.10814095,-0.7610176,0.6312961,-1.6084652,-1.5419554,-0.9118262,0.10814095,-0.7610176,0.6312961,-1.6084652,-1.5419554,-0.9118262,0.11391161382198334,-0.7939144968986511,0.6282241940498352,-1.589163899421692,-1.5680264234542847,-0.9056985974311829,-0.14426659,0.82242256,0.07679767,-0.48253384,0.6517755,-0.1531898,-0.5785734,6.631254372521355e-08,0.0,1.6578135931303386e-09,0.0005882349796593189,0.0002941175,1.17647,False,3,0.48944289695264026,0.18851135522968615,0.14296560589257387,0.5061551085665602,0.19519194857181849,0.11975468363300575,0.9997905398241542,0.00445903064193911,0.006268194375137408,0.018964666945393303,0.28960493,-0.09530228,0.28934506,0.4000522065561319,4.737300332635641e-05,0.00011071799963247031,0.0004977560020051897,0.0004240280104568228,0.00017318200843874365,0.0001051170111168176,0.001715104008326307,0.018123432993888855,0.019838537002215162,50.406942804720956,0
211,4.240086638004868,0.11287601292133331,-0.7902431649020691,0.6276333967791956,-1.592133184472555,-1.5644634405719202,-0.906654183064596,0.03165045380592346,0.13438034057617188,0.2843339741230011,0.2927176356315613,0.7902814149856567,-0.25368455052375793,-0.2269260138273239,-1.1529021263122559,-0.5960535407066345,-0.41531726717948914,0.17055055499076843,-0.14342637360095978,5.5974851270442105,9.504423139773031,35.54158433522606,1.0597606815451157,0.8675834844521841,-0.41684238429667064,0.10714411,-0.7575932,0.6319769,-1.6103159,-1.5379002,-0.91217935,0.10714411,-0.7575932,0.6319769,-1.6103159,-1.5379002,-0.91217935,0.11287601292133331,-0.7902431488037109,0.6276333928108215,-1.5921331644058228,-1.564463496208191,-0.9066541790962219,-0.1432975,0.8162482,0.10858819,-0.4545699,0.66408086,-0.13812935,-0.5790085,5.526045310434462e-08,0.0,1.3815113276086155e-09,0.0005882349796593189,0.0002941175,1.17647,False,3,0.4902563015887867,0.18892484268423118,0.14168000448869028,0.5065346614967999,0.1955553538006152,0.11918349602157603,0.9997472157425155,0.003659298099849555,0.008587497576312915,0.020455309842450413,0.28960493,-0.09530228,0.28934506,0.40076380192990047,9.105000935960561e-05,0.0001328979997197166,0.0006594179867533967,0.0002936489909188822,0.0001773389958543703,0.00012509399675764143,0.0018646480020834133,0.017952972993953153,0.019817620996036567,50.460143535896435,0
212,4.2600807230046485,0.11196606606245041,-0.7871105235866089,0.6268165747271937,-1.5953074894347132,-1.5608895460711878,-0.9075472990619105,0.11157206445932388,1.5216028690338135,1.254041314125061,0.9301223754882812,1.0564885139465332,-0.28860825300216675,-0.22225399315357208,-1.1741639375686646,-0.600141704082489,-0.41781580448150635,0.1695828139781952,-0.14424990117549896,9.044553627351082,13.465623985690778,56.561467092890894,1.7095453439739923,1.2928222406290826,-0.6579709604367691,0.10618279,-0.7547319,0.6330243,-1.6122454,-1.5349075,-0.91264385,0.10618279,-0.7547319,0.6330243,-1.6122454,-1.5349075,-0.91264385,0.11196606606245041,-0.7871105074882507,0.6268165707588196,-1.595307469367981,-1.5608896017074585,-0.9075472950935364,-0.14458196,0.80946535,0.15519316,-0.42344937,0.64955395,-0.12741375,-0.57820815,4.605037758695385e-08,0.0,1.1512594396738464e-09,0.0005882349796593189,0.0002941175,1.17647,False,3,0.4911339832206157,0.1894108953634625,0.14077121788500052,0.5067651943917686,0.19586006890854976,0.11858601172864731,0.9997176693271046,0.002625264138493328,0.011610643517356155,0.020564536044532213,0.28960493,-0.09530228,0.28934506,0.4013636031646941,3.993899736087769e-05,0.0001086089905584231,0.0005319240008248016,0.0003132999991066754,0.00017451700114179403,0.00011664201156236231,0.0016791030066087842,0.01815569399332162,0.019834796999930404,50.41644741831786,0
